fit_kind,apply_s1_correction,theta_offset_deg,structure2_scale,structure1_scale,structure1_condition,solver_scaling,Br_L2_left,Bt_L2_left,Br_L2_middle,Bt_L2_middle,Br_L2_right,Bt_L2_right,Br_L2_edge,Bt_L2_edge,Br_L2_all,Bt_L2_all,Br_rms,Bt_rms
edge_Br_only_kS1,False,-90.0,1.0,-1.4622884924211408,5229.6786359462185,rowcol,0.29570432588156387,0.6207534616277012,0.17942446765168268,1.0792473664370161,0.29607201491427965,0.6167958334350839,0.2958883910748152,0.6187683700833815,0.1993313180203037,0.6231795411458523,0.4395122496125243,0.022058445563601217
edge_BrBt_kS1,False,-90.0,1.0,-1.4529421897063775,5229.6786359462185,rowcol,0.29570971377243793,0.6206311777626354,0.17830184463791887,1.0806254399616937,0.2960738024753032,0.616660437058112,0.2958919760854936,0.6186395203451397,0.1984599960900711,0.6230692359276739,0.44012738456586975,0.022091504837790852
all_BrBt_kS1,False,-90.0,1.0,-0.2954313368145826,5229.6786359462185,rowcol,0.3473774884435979,0.618968885670887,0.0423427315998837,1.2852131771130109,0.34722423478751924,0.6133249905853909,0.34730080189547574,0.6161399360050268,0.13407973668794454,0.6233312088242844,0.51633981231505,0.02619595521339899
edge_BrBt_cS2_kS1,False,-90.0,18.292369774066227,-132.15211997570148,5229.6786359462185,rowcol,0.026864352650886363,0.22085385029627314,1.565382056485066,24.308695807361822,0.027141973904212757,0.2217194065852536,0.027003643550578507,0.2212891165367296,1.4549097585303181,2.046680134410449,1.2122390993587193,0.07297951300596323
all_BrBt_cS2_kS1,False,-90.0,1.8465104688909133,-7.155046235332032,5229.6786359462185,rowcol,0.3023734540023636,0.5864382183820187,0.05801084559030057,1.8600798844953381,0.30242797354060647,0.581594436129163,0.3024007392526194,0.5840097934138386,0.12394459648554096,0.6024282129361755,0.518798365879963,0.02513014403767487
edge_Br_only_kS1,False,-88.0,1.0,-1.3859231938970944,5229.6786359462185,rowcol,0.2692280693915939,0.6052721983200141,0.16951413370010796,1.1013233851401816,0.3319537143229167,0.631760860874895,0.30225036907236336,0.6187214890141156,0.19303934471172898,0.6234038954570138,0.44533724976327654,0.022433197324567413
edge_BrBt_kS1,False,-88.0,1.0,-1.3775442494879557,5229.6786359462185,rowcol,0.2692405638563625,0.605290635823443,0.16851255141959362,1.1023807426014274,0.331948893043471,0.6315351243035134,0.3022532790498156,0.6186146791237853,0.19228099283311603,0.6233117271140678,0.4458829322306629,0.02246207974754537
all_BrBt_kS1,False,-88.0,1.0,-0.2890327448011465,5229.6786359462185,rowcol,0.33857587231964903,0.616808082180904,0.04148277798009491,1.2851333147476807,0.35827039586936593,0.6160958599321593,0.34857101707768656,0.6164503748038263,0.13429631456587854,0.623634765275261,0.5169044240388778,0.026237346133358392
edge_BrBt_cS2_kS1,False,-88.0,0.8595342332767678,-0.3687673001160108,5229.6786359462185,rowcol,0.29046034331831627,0.6214306628086864,0.1870006415046216,1.032366808026421,0.30685501557270956,0.6256427863378821,0.2987774456626085,0.6235503297808589,0.20582750024077776,0.6273421936852401,0.4364346574238307,0.022132618442699724
all_BrBt_cS2_kS1,False,-88.0,1.10945301886153,-1.1693617294212144,5229.6786359462185,rowcol,0.30547623041115984,0.605771175045172,0.03976198698917023,1.3147981585826296,0.38500298558188717,0.6203311437277207,0.3475571032141876,0.6131291142661712,0.13348633646729088,0.6208104161076029,0.5180780683505285,0.026160530659979593
edge_Br_only_kS1,False,-86.0,1.0,-1.1875644598109365,5229.6786359462185,rowcol,0.2520146478011841,0.5967951236799037,0.14394562272017009,1.1494352502161824,0.3720218777314854,0.6400023237426579,0.3177878910386368,0.6188789723760811,0.17791374016232492,0.6241671908013197,0.4602257300061807,0.023370043042651906
edge_BrBt_kS1,False,-86.0,1.0,-1.1813580129815373,5229.6786359462185,rowcol,0.2521511802671237,0.5968947252949587,0.14321463073129964,1.1499426521600742,0.37193234027930977,0.6397875507854129,0.31778954523064296,0.6188152047853793,0.177403836464386,0.6241109556174192,0.46061824236720833,0.023389951416316123
all_BrBt_kS1,False,-86.0,1.0,-0.2702795368892417,5229.6786359462185,rowcol,0.33340048575918907,0.6157102262884362,0.03902743123820027,1.285693041664303,0.3697712088028257,0.6187946268176742,0.35207199846926396,0.6172617113558165,0.13490309598613548,0.6244392244924463,0.5185258010295039,0.026353510141702053
edge_BrBt_cS2_kS1,False,-86.0,0.8184802493906791,-0.05530951224094094,5229.6786359462185,rowcol,0.29653629455598074,0.6257373090099095,0.19014693178265468,1.0245796645606011,0.30157394830490686,0.6240619477636615,0.29906796966230953,0.6248961930171936,0.20835933032917245,0.6285813106281104,0.4350034363241393,0.02211735717941517
all_BrBt_cS2_kS1,False,-86.0,0.9833803780484356,-0.13957959059945152,5229.6786359462185,rowcol,0.34176958906855115,0.6180307080568863,0.039913554147113194,1.2846552810188805,0.36046133271310027,0.6168757821371248,0.3512481332793118,0.6174507598799754,0.13483451590921866,0.6246098308506924,0.517969368722528,0.026331685653623777
edge_Br_only_kS1,False,-84.0,1.0,-0.9342623012699312,5229.6786359462185,rowcol,0.2484474407914043,0.5973474735359319,0.11177404372190335,1.1915555715019122,0.4042061347756513,0.641262333651615,0.3355586178075888,0.6197987218790606,0.16164258638350407,0.6256251626420156,0.4786893681959816,0.024485619409176564
edge_BrBt_kS1,False,-84.0,1.0,-0.9299748581710809,5229.6786359462185,rowcol,0.2487349439252092,0.5974537385337638,0.11128208678289551,1.1917764735524032,0.40403099300319434,0.6410983643905059,0.3355594613988565,0.6197644714163739,0.1613493572305827,0.6255944171971812,0.478948854685122,0.024497952433523006
all_BrBt_kS1,False,-84.0,1.0,-0.24079359049506507,5229.6786359462185,rowcol,0.3324770866663514,0.6158282249390981,0.035362280136338985,1.2874705118058556,0.37980312811456296,0.6208494743435938,0.3569463684301721,0.6183559252358809,0.13577207494934931,0.6255389261061993,0.5209799578304238,0.02652168813960535
edge_BrBt_cS2_kS1,False,-84.0,0.811317800752098,0.003923647737337325,5229.6786359462185,rowcol,0.29915979511475854,0.6271547625099514,0.19027608280475353,1.0259677841505686,0.29903251994394847,0.6228670078961913,0.29909610768221884,0.6250043330117552,0.20846664730578363,0.6287039246084359,0.4349454868436167,0.022117156866929284
all_BrBt_cS2_kS1,False,-84.0,0.9565479564244708,0.08831762883458882,5229.6786359462185,rowcol,0.3598598269188585,0.6225155867959107,0.03995672139893351,1.2935087215001086,0.34240427258020156,0.6127809579434754,0.35123273968108554,0.61764422717494,0.13484009783653547,0.6249277129998239,0.5179686723750566,0.026329993488528772
edge_Br_only_kS1,False,-82.0,1.0,-0.6841022540347077,5229.6786359462185,rowcol,0.26213977531075705,0.6034206567717255,0.08085613176795722,1.2192362208103509,0.4209021228668682,0.6382175627084018,0.35069383865341275,0.6211458326214649,0.1496612686333003,0.627323190834914,0.49618435708036795,0.02548284977897779
edge_BrBt_kS1,False,-82.0,1.0,-0.6807499180864115,5229.6786359462185,rowcol,0.26253904969179803,0.6035132337052151,0.08048714697352707,1.2194295954052763,0.42065457348820956,0.6380845693574927,0.3506944034274461,0.6211219454798605,0.14948954728364403,0.6273023382549522,0.4963761594073976,0.02549121399668336
all_BrBt_kS1,False,-82.0,1.0,-0.20308010695716122,5229.6786359462185,rowcol,0.3356336705081559,0.6169617668963346,0.03107353762503039,1.291236822682392,0.38678309902251456,0.6219069118543491,0.36213533466257675,0.61945107134702,0.13673388846064743,0.626668236765871,0.5239450866185774,0.026711407026810963
edge_BrBt_cS2_kS1,False,-82.0,0.8093529239566105,0.02560301653334969,5229.6786359462185,rowcol,0.3008458685508723,0.6278482471803426,0.18982497824136318,1.0291491331288498,0.2973017019102175,0.6219456848846443,0.29907745862820867,0.6248898537703316,0.2081074545084616,0.6286273536222747,0.43515056549377584,0.02211981358544456
all_BrBt_cS2_kS1,False,-82.0,0.9484106267794374,0.1675220013840083,5229.6786359462185,rowcol,0.370690876545421,0.6243942128168376,0.03989626240021272,1.3094757057504922,0.3290141486960461,0.6094682300724368,0.35045405666281715,0.6169407530215398,0.13454835872355211,0.6244705269103793,0.517992075236649,0.026288404784168516
edge_Br_only_kS1,False,-80.0,1.0,-0.4677563559222766,5229.6786359462185,rowcol,0.2877189021515282,0.6107027932347342,0.055410013245554175,1.2406581056293402,0.42248472481665317,0.6333105016899154,0.3614973455598734,0.6221632753406195,0.1430080760050746,0.6286173189862984,0.510497803358507,0.0262360281036344
edge_BrBt_kS1,False,-80.0,1.0,-0.4644425980141155,5229.6786359462185,rowcol,0.2882459336436064,0.6107882404376085,0.05507001405872949,1.2410031781018855,0.4221270110553766,0.633176911564221,0.36149795656225253,0.6221367051923248,0.14289479735269428,0.6285959785439202,0.5106748751314547,0.026242945731598372
all_BrBt_kS1,False,-80.0,1.0,-0.16026556320691998,5229.6786359462185,rowcol,0.3419908618106619,0.6186599081164847,0.026865029969040485,1.2977214902450471,0.389844922043336,0.6218970998786336,0.36672058203292857,0.6202883385460565,0.13762530809023515,0.6275838027327632,0.5270629162563596,0.026892605352357643
edge_BrBt_cS2_kS1,False,-80.0,0.808998473826043,0.03645393024090404,5229.6786359462185,rowcol,0.302048618481795,0.6281631225072452,0.18914987015659523,1.0331397548463457,0.296009871490398,0.6212374116589091,0.299041802132523,0.6246933424533722,0.207568799594146,0.6284792564663182,0.43545768185283307,0.022123593829644662
all_BrBt_cS2_kS1,False,-80.0,0.9463329198048955,0.1996518510887804,5229.6786359462185,rowcol,0.3772405700543079,0.6248105336133766,0.03988634530005127,1.327104365480883,0.31918612988051903,0.6070690640049015,0.3493953797954123,0.6159613515257218,0.13417027112732202,0.6237708349111745,0.5180224378270227,0.026234955433484208
edge_Br_only_kS1,False,-78.0,1.0,-0.2940720168485587,5229.6786359462185,rowcol,0.3162152209825558,0.6166683892371267,0.03688268418432096,1.2643922194216746,0.4136157569173844,0.6280013840896446,0.3681937697001065,0.6223877182837976,0.14014211159454912,0.6291690426275525,0.5211637238945759,0.026738515751843273
edge_BrBt_kS1,False,-78.0,1.0,-0.2902886008204951,5229.6786359462185,rowcol,0.3169063082907207,0.6167476038134321,0.03654589123795642,1.2650755106036302,0.41308900380013625,0.6278475008884675,0.368194649835201,0.6223487792114296,0.1400661909820171,0.6291404174119393,0.5213500242843294,0.026744845646885097
all_BrBt_kS1,False,-78.0,1.0,-0.11578672961667869,5229.6786359462185,rowcol,0.350208199589663,0.6204026515652102,0.023426337291102522,1.3072520970413317,0.3890249072107674,0.6210093802892974,0.37014300648705306,0.6207075374980794,0.13832870912783948,0.628133712446496,0.5299998523623795,0.027042536880259135
edge_BrBt_cS2_kS1,False,-78.0,0.8093236576696603,0.04292048597098099,5229.6786359462185,rowcol,0.3028909015433115,0.6282051787510716,0.188405047306308,1.037362447040962,0.29506540828637273,0.6207460224194704,0.2990002761886616,0.6244689427970349,0.20697467169645245,0.6283065234269903,0.4357973310943739,0.02212771085566212
all_BrBt_cS2_kS1,False,-78.0,0.946918566909576,0.21106304146403831,5229.6786359462185,rowcol,0.3806861045717706,0.6242508487205258,0.04000095538015081,1.3430626364637606,0.3126220506712114,0.6056755174333682,0.3482904487199034,0.6149890032624475,0.13380796420773533,0.6230570497076835,0.5180515161106543,0.02618355568074614
edge_Br_only_kS1,False,-76.0,1.0,-0.16094884464858822,5229.6786359462185,rowcol,0.3415303562109221,0.6205093496251645,0.02551061483342876,1.2927203582515596,0.3996193896556367,0.6231233166260611,0.37173710059059495,0.6218239426381003,0.13922649252008384,0.6290188285737301,0.5285525609863243,0.027036421974737893
edge_BrBt_kS1,False,-76.0,1.0,-0.15654195001774793,5229.6786359462185,rowcol,0.34238387807897225,0.6205728172359668,0.02523542306113149,1.2939044550291592,0.3988920865692024,0.6229449037350232,0.3717384051829841,0.6217656506301982,0.13918363953714244,0.628978666662906,0.5287494512110531,0.02704202329796649
all_BrBt_kS1,False,-76.0,1.0,-0.07306545315759232,5229.6786359462185,rowcol,0.35882692660616733,0.6217756506886133,0.021222570057326338,1.3193363776678915,0.38519371584793205,0.6196088979951464,0.3722555676075307,0.6206880507045623,0.13879285145121462,0.6282915971826876,0.5324953679950238,0.02714963096042715
edge_BrBt_cS2_kS1,False,-76.0,0.8099558147867949,0.046986442528657184,5229.6786359462185,rowcol,0.3034058451309575,0.6280331832856234,0.18771850371784216,1.041211559640289,0.2944570996486623,0.6204955878387276,0.2989609761277585,0.6242577799583761,0.2064273724790042,0.6281427445143389,0.4361117199139723,0.022131485171622802
all_BrBt_cS2_kS1,False,-76.0,0.948885874417461,0.21072194450993503,5229.6786359462185,rowcol,0.3817381910607244,0.6230810919097831,0.040247716683759385,1.3546147827327442,0.30920116759445854,0.6053221272039221,0.34733616206535006,0.6142234277009373,0.1335337420815409,0.6224821109092433,0.5180735343814118,0.026144278515069567
edge_Br_only_kS1,False,-74.0,1.0,-0.06277043619524611,5229.6786359462185,rowcol,0.36116042193520137,0.622377805093285,0.02074104760174856,1.3225285371566369,0.384821500555862,0.6192006377187995,0.3731890547517619,0.6207836743598704,0.1390711362112998,0.6284324160952718,0.5332920067173741,0.027188762179238
edge_BrBt_kS1,False,-74.0,1.0,-0.05782449986215807,5229.6786359462185,rowcol,0.3621325638654443,0.6224133356742534,0.0206312886468814,1.3242544268657193,0.38391187254794695,0.6190070748919116,0.37319081949707994,0.6207044156865605,0.1390576781362282,0.6283801387371245,0.5334888204262759,0.027193221150776884
all_BrBt_kS1,False,-74.0,1.0,-0.03519715153662086,5229.6786359462185,rowcol,0.36659998204228117,0.6225760041437619,0.02027648239915015,1.33243957602997,0.37976009644478187,0.6181238460924525,0.3732438990040278,0.6203432978721272,0.1390319995467615,0.6281472243362451,0.5343908596915024,0.027213757585296684
edge_BrBt_cS2_kS1,False,-74.0,0.8106807552383252,0.04919408535149301,5229.6786359462185,rowcol,0.3036013621410101,0.6277073979313241,0.1872178097451773,1.0440121302063659,0.2941960650412695,0.620505909386619,0.29893152191292544,0.6240998605603622,0.2060284022825414,0.6280194789819535,0.43634283027631904,0.022134227807522423
all_BrBt_cS2_kS1,False,-74.0,0.9515999836046886,0.20218228755540854,5229.6786359462185,rowcol,0.380970899139981,0.621655989326672,0.04057060337586898,1.3597441135171473,0.3087517652060643,0.605939835271624,0.346714697190865,0.6138107200620574,0.13339809742829106,0.6221561394396337,0.5180844844068286,0.026124357657339354
edge_Br_only_kS1,False,-72.0,1.0,0.006052518138939225,5229.6786359462185,rowcol,0.3747891034042028,0.6228300948191928,0.020283385115268292,1.3485203945508415,0.3721494031477585,0.6165390907819847,0.37347041122217517,0.6196775678987477,0.13911569402080898,0.627735030167836,0.5360087170948177,0.027249661124447235
edge_BrBt_kS1,False,-72.0,1.0,0.011308400859114961,5229.6786359462185,rowcol,0.37581298941909685,0.6228306922550406,0.02034943896136472,1.3506529806114824,0.3711214699441986,0.6163495157257551,0.3734725095647679,0.6195831166474165,0.13912479358407379,0.6276745732272055,0.536190761453709,0.02725272539365791
all_BrBt_kS1,False,-72.0,1.0,-0.004674859002489977,5229.6786359462185,rowcol,0.3727041929607505,0.6228289154057088,0.020188608134768738,1.3442546662305113,0.37425113364300383,0.6169263528900273,0.37347915236670143,0.619870578317666,0.13910698137853808,0.6278601400526994,0.5356376684077759,0.027243445954854388
edge_BrBt_cS2_kS1,False,-72.0,0.8113427683544374,0.04947893345493575,5229.6786359462185,rowcol,0.3034874188897061,0.6273057068533435,0.18701948450312855,1.045105343364618,0.2942875292472121,0.6207723946198892,0.29891877703744,0.6240320145120204,0.20587023391464465,0.6279652701048439,0.4364370085513584,0.022135303383473914
all_BrBt_cS2_kS1,False,-72.0,0.9546623173847907,0.18701197032725816,5229.6786359462185,rowcol,0.37888563813561743,0.6203164481054719,0.04086785627778543,1.3575010380698003,0.31098022165407363,0.6073375018860465,0.34656986843845256,0.6138303156804844,0.1334252115131071,0.6221410167334652,0.5180824368264414,0.02612747708793504
edge_Br_only_kS1,False,-70.0,1.0,0.04987423484769396,5229.6786359462185,rowcol,0.3830684447690627,0.6225269767053934,0.021217981007874292,1.3659863754408943,0.36324221848534655,0.6152061984067081,0.3732781660464081,0.618859947731008,0.13916582570110397,0.6271984553951414,0.5372491661982107,0.02726193851267613
edge_BrBt_kS1,False,-70.0,1.0,0.05512340494869469,5229.6786359462185,rowcol,0.38407140663589,0.6224951984088485,0.021382916343528968,1.3682373122926346,0.3621879191065788,0.6150431651711527,0.37328032696067737,0.6187626222480918,0.13918841957138597,0.6271374782377712,0.5374027134803767,0.027263667608887453
all_BrBt_kS1,False,-70.0,1.0,0.016832068057303848,5229.6786359462185,rowcol,0.3767883776234938,0.6227272472160011,0.020438353022434744,1.3525040588080686,0.36991365213113336,0.6162335090255926,0.37336378003654064,0.6194733951989824,0.13909629980129998,0.6275949573847409,0.5362867750435897,0.027251347969422142
edge_BrBt_cS2_kS1,False,-70.0,0.8118270797763898,0.04750191386049021,5229.6786359462185,rowcol,0.3030910823225356,0.6269230160584457,0.18719882767097115,1.0440341890238696,0.294712158151792,0.6212489131078146,0.29892725200642606,0.6240788766664196,0.20601265900924748,0.6279990291122428,0.43635863185567675,0.02213429544138877
all_BrBt_cS2_kS1,False,-70.0,0.9577736456891143,0.1660298904672048,5229.6786359462185,rowcol,0.37588729019599965,0.6193443073658011,0.04102949796861989,1.3482812347627127,0.3154619777657986,0.6092168618050268,0.34696566686191055,0.6142772950759756,0.1336080466800934,0.6224385478453001,0.5180679121759038,0.026152961012988425
edge_Br_only_kS1,False,-68.0,1.0,0.07178789328924723,5229.6786359462185,rowcol,0.38691182745872243,0.6220651622181111,0.02193263023178905,1.372542163050052,0.35870644467143836,0.6150106543587254,0.37306324216083897,0.6185311359002291,0.1391830317139586,0.6269766143110693,0.5374792152294998,0.027255465980953374
edge_BrBt_kS1,False,-68.0,1.0,0.07666169691697147,5229.6786359462185,rowcol,0.38782445989809045,0.6220133101019214,0.022121307106688144,1.3745539101806987,0.3577252293843815,0.614892167259248,0.3730651327788087,0.6184459996291921,0.13920951220157912,0.6269240964568898,0.5375945977067738,0.027256185940556947
all_BrBt_kS1,False,-68.0,1.0,0.02862609102410515,5229.6786359462185,rowcol,0.3788826382032052,0.6225245516198226,0.02064961401293923,1.3559181016244122,0.3674631386274769,0.6160605810790724,0.37321148771902035,0.6192855791680207,0.1390675824813707,0.6274625003606947,0.5364647676093275,0.027249574723421006
edge_BrBt_cS2_kS1,False,-68.0,0.8120724855880668,0.042871314797752545,5229.6786359462185,rowcol,0.30246214191523507,0.6266545773299359,0.1877511229602911,1.0407879694491462,0.2954164395724703,0.62184032751569,0.29895691353989046,0.6242406082820886,0.20645219452282687,0.6281208798378337,0.43610820169832076,0.022131221374932154
all_BrBt_cS2_kS1,False,-68.0,0.9606859062002835,0.139843968703142,5229.6786359462185,rowcol,0.37223931605680033,0.6189062772308682,0.04098435863657593,1.3338803522960048,0.32165833962519635,0.6112188277210479,0.3478469274377417,0.6150562232563852,0.1339078478347187,0.6229847243160349,0.518043942319002,0.02619555302856048
edge_Br_only_kS1,False,-66.0,1.0,0.07422915370646814,5229.6786359462185,rowcol,0.3871627935905088,0.6218566803125726,0.021938522700001854,1.3690099509724616,0.35837524109562646,0.6155386021958063,0.37303401162888444,0.618690633469615,0.13917316250327558,0.6270787639948229,0.5371081967826217,0.027247509137484954
edge_BrBt_kS1,False,-66.0,1.0,0.07833924839251694,5229.6786359462185,rowcol,0.3879215605086675,0.6218028290841737,0.0220962100894964,1.3704747015299588,0.35755804999318824,0.6154711600986483,0.37303535889749334,0.6186299899123772,0.13919520115619974,0.6270417701271597,0.537181888526085,0.02724765989554949
all_BrBt_kS1,False,-66.0,1.0,0.031039978492839508,5229.6786359462185,rowcol,0.3792424399783469,0.622422615608215,0.020663564639450807,1.3548537761036044,0.3670340623355887,0.6162476097692191,0.3731827471056718,0.6193280771698405,0.1390588670667064,0.6274880430524308,0.5363415501380925,0.027246403269867697
edge_BrBt_cS2_kS1,False,-66.0,0.8120891117970878,0.035353683946551216,5229.6786359462185,rowcol,0.3016670415263686,0.6265657962306821,0.1885636966058277,1.0359943459414367,0.2963168413569299,0.6224145167692336,0.29900152845051314,0.6244837024251393,0.2070996782636398,0.628305274302856,0.43573606471496623,0.02212669430832862
all_BrBt_cS2_kS1,False,-66.0,0.9631880093765925,0.109116667295515,5229.6786359462185,rowcol,0.36803829305760666,0.6190136324968908,0.040738689739692614,1.3172372516087731,0.32895220818790694,0.6129907334739523,0.3490254311658257,0.6159951754816487,0.13426030503663244,0.6236574512393962,0.5180156309945889,0.026246161789182904
edge_Br_only_kS1,False,-64.0,1.0,0.059931026845818455,5229.6786359462185,rowcol,0.38452225779137367,0.6220424495834268,0.02132977794265145,1.3594406172175737,0.3615202007479271,0.6162679975938196,0.37318826007750855,0.6191481795680186,0.13914774505255983,0.6273812544498987,0.5365061503907771,0.027244469240255052
edge_BrBt_kS1,False,-64.0,1.0,0.06291124282087758,5229.6786359462185,rowcol,0.38506995006075034,0.6220033235514785,0.02142345913537188,1.3602229855309473,0.3609392697160006,0.6162436900694218,0.3731889649350277,0.6191164639783736,0.1391604335331494,0.6273620563482865,0.5365420402717802,0.027244429658960526
all_BrBt_kS1,False,-64.0,1.0,0.025395342072171045,5229.6786359462185,rowcol,0.3782105890393058,0.6224959105748925,0.02050423465885187,1.3511926055564976,0.3682982280151475,0.6165499286371496,0.37328290282670223,0.6195158680161452,0.13907510798694966,0.6276167950871734,0.5360953523178872,0.027245231291068782
edge_BrBt_cS2_kS1,False,-64.0,0.8119594092152174,0.025062533000200577,5229.6786359462185,rowcol,0.3007718556129122,0.6266602481787094,0.18942344460100427,1.0309000992919397,0.2973192528346531,0.6228381285333165,0.2990490010610542,0.6247429929968937,0.20778559763973334,0.6285024954500216,0.43534000000203366,0.022121893643303213
all_BrBt_cS2_kS1,False,-64.0,0.9651058981849929,0.0746939283853679,5229.6786359462185,rowcol,0.3632341055213265,0.6195181945360477,0.040386853239502134,1.3018675488173723,0.33670734209877373,0.614257572231822,0.350210173170524,0.616880940979735,0.13458828990386174,0.6243003727916641,0.5179891804351251,0.026293631268874205
edge_Br_only_kS1,False,-62.0,1.0,0.03289626069520287,5229.6786359462185,rowcol,0.3796588657244908,0.6224781454123863,0.020563026855770054,1.349929525195189,0.3670211073068083,0.6167441317505004,0.3733878360288407,0.6196040921928933,0.1391209650716523,0.6276842289575912,0.5359936222783023,0.027245269682510048
edge_BrBt_kS1,False,-62.0,1.0,0.034456235052304614,5229.6786359462185,rowcol,0.3799471964761962,0.6224614939551453,0.02059103069585487,1.3501461957905387,0.3667235351734796,0.6167435086548728,0.3733880279994544,0.6195954562157624,0.13912461302237797,0.627679029122958,0.5360030553660292,0.027245240615278873
all_BrBt_kS1,False,-62.0,1.0,0.013861383815131407,5229.6786359462185,rowcol,0.37615208966965574,0.6226813744760333,0.020307342433436584,1.347540893472487,0.3706654725104081,0.6167518254645545,0.37341641742691756,0.6197095459914168,0.1390989704161419,0.6277516393575349,0.5358801040433298,0.027245716138178597
edge_BrBt_cS2_kS1,False,-62.0,0.8118081751665788,0.012564304380315609,5229.6786359462185,rowcol,0.2998228654272674,0.6268654053609436,0.19007321610872666,1.0270417765938744,0.2983457771047993,0.623025611029413,0.2990845760602064,0.6249392968389329,0.20830447150591816,0.628652011654259,0.435039578504766,0.022118258989708137
all_BrBt_cS2_kS1,False,-62.0,0.9663081773024716,0.037643921125346945,5229.6786359462185,rowcol,0.35770196283649996,0.6201515649204468,0.04008055953682065,1.2910971456751756,0.3443489436030609,0.614878803920099,0.35108300220287997,0.6175082332431816,0.1348187301096922,0.624759296339699,0.5179705376052026,0.026327223941056226
edge_Br_only_kS1,False,-60.0,1.0,-0.001131719792179154,5229.6786359462185,rowcol,0.37339976535759006,0.6228361636810809,0.020223353021040127,1.3460999865335226,0.3735462760910846,0.6167506252767571,0.3734730930825634,0.6197863454802087,0.13910912504722356,0.6278052658859306,0.5357992881860832,0.027246148299442868
edge_BrBt_kS1,False,-60.0,1.0,-0.0011523128110020925,5229.6786359462185,rowcol,0.3733959049003986,0.6228362863447433,0.020223360018764954,1.346100016011592,0.3735501282006862,0.6167504995767746,0.37347309311593135,0.6197863439792215,0.13910912593817573,0.6278052648573483,0.5357992883778434,0.027246148310453792
all_BrBt_kS1,False,-60.0,1.0,-0.0007737467164864063,5229.6786359462185,rowcol,0.3734668768495792,0.622834031418696,0.020223262322650155,1.3460995632833772,0.3734793183090829,0.6167528103752228,0.3734731031655985,0.6197863716037073,0.13910911734476497,0.6278052851365501,0.535799285405167,0.027246148139761887
edge_BrBt_cS2_kS1,False,-60.0,0.8117469557223963,-0.0011523128106971478,5229.6786359462185,rowcol,0.2988385436711936,0.6270516927227774,0.19030254328276186,1.0256874452731788,0.29935306369182185,0.6229769501319075,0.29909614319842676,0.6250079211341518,0.2084875166713752,0.628704261713483,0.4349334434934928,0.02211697807677718
all_BrBt_cS2_kS1,False,-60.0,0.9667127165325371,-0.0007737467165222722,5229.6786359462185,rowcol,0.35134797042405275,0.6205977953671155,0.03996093390275351,1.287289797434096,0.35144625580686506,0.6148760695269684,0.35139716027302265,0.617729907013119,0.13489951087978355,0.6249218330791476,0.5179639828755146,0.026339197892728344
edge_Br_only_kS1,False,-58.0,1.0,-0.03514050246454662,5229.6786359462185,rowcol,0.366850462634573,0.6228084657240536,0.02059123658488593,1.3502308808294752,0.379777715381902,0.616379650375963,0.3733757906563061,0.6195870591919412,0.13912016598098614,0.6276720746826314,0.5360071993035589,0.027245228224743852
edge_BrBt_kS1,False,-58.0,1.0,-0.036737154537421816,5229.6786359462185,rowcol,0.3665452273940108,0.6228075270690091,0.02062091043951629,1.3504568243941615,0.3800721950264894,0.616362487727267,0.37337599176665426,0.61957801209537,0.13912403600210768,0.6276666125203689,0.5360168833791543,0.02724520016559303
all_BrBt_kS1,False,-58.0,1.0,-0.01539582443575122,5229.6786359462185,rowcol,0.3706394443837483,0.6228201707905844,0.020316474071059524,1.347710950751964,0.37614842376170815,0.6165919387042157,0.37340654427204445,0.6196990208065383,0.13909651219163582,0.6277438797442331,0.5358891464054827,0.02724567386191747
edge_BrBt_cS2_kS1,False,-58.0,0.8118192952262806,-0.014846517436305853,5229.6786359462185,rowcol,0.29782150917900707,0.6270827158448031,0.1900318003542317,1.0273107536124257,0.30032945045051257,0.6227801919625982,0.29907922426276284,0.6249248923226067,0.20827078206765393,0.6286408719294728,0.4350590271524501,0.02211850149753071
all_BrBt_cS2_kS1,False,-58.0,0.9662915614399096,-0.03919009062681157,5229.6786359462185,rowcol,0.34421197417852883,0.6205780154434177,0.04008517603560295,1.2912815885065174,0.3577660093316413,0.6144239873165696,0.35106044036772344,0.6174939864099113,0.13481191329395498,0.6247479844001903,0.5179710605408132,0.026326746821063514
edge_Br_only_kS1,False,-56.0,1.0,-0.06212174961691587,5229.6786359462185,rowcol,0.36133460605136625,0.6223104393564542,0.021377846170706094,1.3599625334902987,0.38461556246685535,0.615942652655361,0.3731670396707791,0.6191195413630287,0.13914636546866327,0.6273611157637216,0.5365325258235251,0.027244439739515305
edge_BrBt_kS1,False,-56.0,1.0,-0.06512570301388515,5229.6786359462185,rowcol,0.36074775944712145,0.6222853804518664,0.021473899516559265,1.3607569424954564,0.3851664538823168,0.615903256628041,0.3731677558421086,0.6190873170281403,0.13915940232032098,0.6273416075019899,0.5365687536636458,0.02724440294149803
all_BrBt_kS1,False,-56.0,1.0,-0.026891225074163957,5229.6786359462185,rowcol,0.36826492107574915,0.6226045864267754,0.020520416528935756,1.3514957469221356,0.37819131887918594,0.6164047483691015,0.37326553414684766,0.6194976325360384,0.13907082007276775,0.6276034944445256,0.5361129507770012,0.02724518671140208
edge_BrBt_cS2_kS1,False,-56.0,0.8119782131368266,-0.02728077803595117,5229.6786359462185,rowcol,0.2967844895963165,0.6268739276049327,0.18934597856199703,1.031382384881913,0.30127260186088856,0.6225736437621336,0.2990389622855611,0.6247172268214188,0.2077226312041335,0.6284826070361114,0.4353762783956939,0.02212234619091037
all_BrBt_cS2_kS1,False,-56.0,0.9650727100334968,-0.07623669979740787,5229.6786359462185,rowcol,0.33653012638800694,0.6199236727750238,0.04039456327744621,1.3021796737860303,0.3632704015405457,0.613804162051168,0.3501675021053225,0.6168569068593092,0.13457516558448973,0.6242813518616128,0.5179901818571967,0.02629271869618579
edge_Br_only_kS1,False,-54.0,1.0,-0.07634248065938301,5229.6786359462185,rowcol,0.35818847336589155,0.6215658149060751,0.021995691362081474,1.3696363406085184,0.38723717878069747,0.6157648667522182,0.3730086325444121,0.6186583008974404,0.13917169197256238,0.6270566715897143,0.5371460716700461,0.027247585666224372
edge_BrBt_kS1,False,-54.0,1.0,-0.08045645226398962,5229.6786359462185,rowcol,0.35736871917116747,0.6214977726550215,0.02215546487660709,1.3711063174749194,0.3879950813407939,0.6157113839826065,0.37300998244772376,0.6185975396987636,0.13919407453773716,0.6270196546019989,0.537219898519549,0.02724774064133795
all_BrBt_kS1,False,-54.0,1.0,-0.03247354994029697,5229.6786359462185,rowcol,0.3670035829800733,0.6222917046277257,0.02068345714583695,1.3552336448595332,0.3792099240892568,0.6163352413309654,0.37316209623456653,0.6193064239770145,0.13905387339466127,0.6274725689719162,0.5363667710068563,0.027246425960480564
edge_BrBt_cS2_kS1,False,-54.0,0.8121096477478663,-0.03747558551993609,5229.6786359462185,rowcol,0.29577244564000443,0.6264293001887797,0.18845960919187107,1.0365972928183032,0.30216366270379413,0.6224866518129738,0.29898797518152914,0.6244516818030447,0.2070151554278228,0.6282806395935472,0.4357846084639973,0.022127300410869
all_BrBt_cS2_kS1,False,-54.0,0.9631382959346225,-0.1106556788693042,5229.6786359462185,rowcol,0.32873651369688883,0.6186210534899074,0.040747056971926966,1.317579704216508,0.36805430303135167,0.6133311909284797,0.34896707533774496,0.6159691809520622,0.13424183620887825,0.6236370246907487,0.5180170284173905,0.026244891133527053
edge_Br_only_kS1,False,-52.0,1.0,-0.07381268922002933,5229.6786359462185,rowcol,0.3585351682591819,0.6210317924678974,0.021989210491461086,1.3731822181420033,0.3869767679359584,0.6159843548502341,0.3730397768204487,0.6185011810321275,0.13918217679852005,0.6269570901113702,0.5375271298169182,0.027255763736308603
edge_BrBt_kS1,False,-52.0,1.0,-0.07866547885515877,5229.6786359462185,rowcol,0.35755608558775037,0.6209137232673017,0.022179275389767557,1.375184016764602,0.3878835902201127,0.61593355888645,0.3730416512882525,0.6184167732906631,0.13920890877016096,0.626905149775949,0.5376420841105997,0.027256485160152662
all_BrBt_kS1,False,-52.0,1.0,-0.029976346476862627,5229.6786359462185,rowcol,0.36744842300755093,0.6220989840252187,0.020669477067744163,1.3563261507677191,0.3788399093467752,0.6164434098739787,0.37319270086127626,0.6192641609993991,0.1390632643706975,0.6274476887655204,0.5364963021878064,0.02724974582377558
edge_BrBt_cS2_kS1,False,-52.0,0.8120877214784485,-0.04487783623088944,5229.6786359462185,rowcol,0.29486493379216266,0.6258376077854488,0.18763178316617665,1.0414102929685112,0.30295566324663753,0.6225896151265891,0.2989412703882537,0.6242079754220646,0.20635536891692588,0.6280959033597242,0.4361635795847752,0.022131913943825025
all_BrBt_cS2_kS1,False,-52.0,0.9606196349801487,-0.14138170258277943,5229.6786359462185,rowcol,0.32140926655472896,0.6168186829780509,0.040990880609098,1.3341410179759916,0.37224242907674643,0.6132682426749918,0.3477784590856932,0.6150375546456908,0.13388534777461955,0.6229703333970172,0.5180456265011975,0.026194026698217066
edge_Br_only_kS1,False,-50.0,1.0,-0.05181049661641063,5229.6786359462185,rowcol,0.363103951272891,0.6212252405732509,0.021263862052242878,1.366622026618728,0.3831348913779513,0.6164540463924333,0.37326272465965105,0.6188328592506309,0.13916623356480753,0.6271816168094817,0.5373057841992295,0.027262574836253037
edge_BrBt_kS1,False,-50.0,1.0,-0.057010498084447074,5229.6786359462185,rowcol,0.3620573783448758,0.621064487663154,0.021429852129810883,1.368843695155265,0.38412640303906626,0.6164236420882375,0.37326484536907384,0.6187373444698737,0.13918899988250338,0.6271219845293952,0.5374579582775632,0.027264292348655655
all_BrBt_kS1,False,-50.0,1.0,-0.01808151127497592,5229.6786359462185,rowcol,0.3699284867446491,0.6222690564603192,0.02045438396515932,1.352924661834981,0.37673827825525175,0.6166515046248158,0.3733519380662986,0.6194532468367429,0.1390940059121834,0.6275815611968452,0.5363230359842353,0.02725173921186894
edge_BrBt_cS2_kS1,False,-50.0,0.811830263056191,-0.04938913592701282,5229.6786359462185,rowcol,0.29415726834824835,0.6252339357014103,0.18707534038137583,1.0445918199484674,0.30358191567580173,0.6228757958580173,0.29891093158648996,0.6240503539276833,0.20591251475523906,0.6279773804611509,0.436415630518584,0.02213501011191205
all_BrBt_cS2_kS1,False,-50.0,0.9576905722203433,-0.16757285607982988,5229.6786359462185,rowcol,0.3151875730854162,0.6147978901805199,0.041032303920216,1.3483600406672178,0.37588403180098934,0.613755543632111,0.34689287233816096,0.6142744513237559,0.13358304338194463,0.6224369571304371,0.5180697606984022,0.026151293327375872
edge_Br_only_kS1,False,-48.0,1.0,-0.00790748738699646,5229.6786359462185,rowcol,0.37206024353147843,0.6225467762741755,0.020303289633529672,1.3492320521579997,0.3748688656028424,0.6167599601628331,0.3734684441978408,0.6196463181253579,0.13911748283221356,0.6277151126256025,0.5360729476992748,0.027250741165840767
edge_BrBt_kS1,False,-48.0,1.0,-0.013084208075581312,5229.6786359462185,rowcol,0.3710458510905487,0.6223618731494454,0.02037143636261746,1.3513173436225052,0.3758751997370999,0.6167615645463316,0.37347047981852266,0.6195546862097286,0.1391268321991496,0.6276567253745479,0.5362523058104988,0.027253763564132824
all_BrBt_kS1,False,-48.0,1.0,0.0035397638586625617,5229.6786359462185,rowcol,0.3743074513991404,0.622956029013994,0.020196951356346214,1.344717475263891,0.3726489787781899,0.6167564567561847,0.37347839791313137,0.619849203593646,0.13910775162886888,0.6278461292464258,0.5356768978623242,0.027244101118008436
edge_BrBt_cS2_kS1,False,-48.0,0.8113282379864272,-0.05125768056324903,5229.6786359462185,rowcol,0.2937334486564045,0.6247505643336447,0.18690106359732853,1.045546490121163,0.30397566395518855,0.6232766272345209,0.2989029856314776,0.6240105146705759,0.20577419299025965,0.6279492000156359,0.4364913920698956,0.022135987745202663
all_BrBt_cS2_kS1,False,-48.0,0.9545617879426146,-0.1885721019732292,5229.6786359462185,rowcol,0.31069081989987696,0.6129147231150177,0.04086608843832329,1.357331384424059,0.37888130917199003,0.6147729302468842,0.3464979558257094,0.6138489628199049,0.1333993020567859,0.6221566924117613,0.5180843271650506,0.0261257813436424
edge_Br_only_kS1,False,-46.0,1.0,0.060986956011772814,5229.6786359462185,rowcol,0.3847937027977588,0.6251678307656524,0.020712915734221522,1.3235002776699987,0.36126629109335695,0.6163106858508802,0.37320497743277803,0.6207339257785405,0.13907333432765442,0.6283979521694822,0.5333629620138621,0.027190368823504032
edge_BrBt_kS1,False,-46.0,1.0,0.056150838695561006,5229.6786359462185,rowcol,0.3839027329298843,0.6249813806924716,0.020608508534046985,1.3251673195911398,0.36221473918527,0.616346068842027,0.3732066646079122,0.6206581418696523,0.13906055232378942,0.6283482354694354,0.53355544941696,0.027194732460375428
all_BrBt_kS1,False,-46.0,1.0,0.03418586790078035,5229.6786359462185,rowcol,0.37986520809179714,0.6241367570213194,0.020273697613623257,1.3330123007561716,0.3665413147406046,0.6165068839452235,0.3732567908456264,0.6203153490787476,0.13903636270361347,0.6281283304463586,0.5344312367935437,0.02721468066088948
edge_BrBt_cS2_kS1,False,-46.0,0.8106440314766659,-0.05088850576542823,5229.6786359462185,rowcol,0.29364674012436087,0.6244816578503221,0.187111035945814,1.0443200819773837,0.3040871405497489,0.6236944530145038,0.2989171700944772,0.6240863015579702,0.20594176180503812,0.6280096865250683,0.43639164715253537,0.022134845115964627
all_BrBt_cS2_kS1,False,-46.0,0.9514806403893123,-0.20377889383463874,5229.6786359462185,rowcol,0.3084591712119181,0.6115281219543562,0.04056449228442599,1.3593065395722903,0.38096966766293905,0.6161457463940863,0.34664782116115034,0.6138522920392261,0.13337281733539666,0.6221901673191633,0.5180863042043055,0.026122735798103095
edge_Br_only_kS1,False,-44.0,1.0,0.15922944318255056,5229.6786359462185,rowcol,0.39965888936965027,0.6289969663700693,0.025425551675414087,1.2942208550577838,0.34167667063982815,0.6144600210829667,0.37177407981851773,0.6217363006347288,0.1392265004886065,0.628954417761736,0.5286293696213378,0.027038606444027204
edge_BrBt_kS1,False,-44.0,1.0,0.1549624280796853,5229.6786359462185,rowcol,0.39895361678458163,0.6288277045718135,0.025160597757821913,1.2953444633737152,0.34250109854865435,0.614521535602472,0.371775302785452,0.6216816428544211,0.13918536144834381,0.6289169739089117,0.5288200419786014,0.02704403287637284
all_BrBt_kS1,False,-44.0,1.0,0.0721835941566113,5229.6786359462185,rowcol,0.3853483225379699,0.6255873013446159,0.021207264529231475,1.3200971790880713,0.3587659936532157,0.6157154885349979,0.37228266797676757,0.6206474713838044,0.13880073085333994,0.6282629873491311,0.5325351052442493,0.027150782952056113
edge_BrBt_cS2_kS1,False,-44.0,0.8098930400259506,-0.04863319328623112,5229.6786359462185,rowcol,0.293915753638845,0.6244718608106405,0.18762738777390392,1.041398883226717,0.3038895471459369,0.624033004790296,0.2989486843245649,0.6242514244099809,0.20635337962291883,0.6281386483424587,0.43615322748653823,0.022132013469701603
all_BrBt_cS2_kS1,False,-44.0,0.9487451923093181,-0.21238487545386445,5229.6786359462185,rowcol,0.30891776308641267,0.6109328402087245,0.040238421746381696,1.3539433159627685,0.3817435382686084,0.6175865895166469,0.3472773117005333,0.6142845971390926,0.133510472481818,0.6225318113311104,0.518075187536827,0.026142815012094887
edge_Br_only_kS1,False,-42.0,1.0,0.2924173089622662,5229.6786359462185,rowcol,0.4137194718757322,0.6337043419988817,0.03675915930212993,1.2667181441734092,0.31641837863534866,0.6106766237780303,0.3682534358370237,0.6222420788416833,0.14013543016073401,0.6290587698972325,0.5212451973148565,0.026741283526150853
edge_BrBt_kS1,False,-42.0,1.0,0.28880135995032885,5229.6786359462185,rowcol,0.41321542927593274,0.6335610143377224,0.036437723063852054,1.267349096554294,0.3170770296575453,0.6107517681982432,0.36825423965073223,0.6222065024035163,0.14006318546843366,0.629032730294029,0.5214232726135707,0.026747335356893963
all_BrBt_kS1,False,-42.0,1.0,0.11503656923970368,5229.6786359462185,rowcol,0.3892225275109558,0.6269328386061578,0.023400816045900264,1.3082491907105835,0.35014563809790333,0.6143643334414064,0.37018268393899767,0.6206504169966749,0.13833943890085898,0.6280922089806761,0.5300372741824637,0.027043840591006327
edge_BrBt_cS2_kS1,False,-42.0,0.8092304960176867,-0.04457052789297087,5229.6786359462185,rowcol,0.29453436751959244,0.6247242715861145,0.18833160365285095,1.0374617652048,0.3033733239399121,0.6242139771480669,0.2989904423066543,0.6244679591089262,0.20691499093688953,0.6283067015824927,0.43583069789014667,0.02212813944346856
all_BrBt_cS2_kS1,False,-42.0,0.9467520638233977,-0.21283844725069145,5229.6786359462185,rowcol,0.31235990816673936,0.6113139062279543,0.039990254487347526,1.3422454175226906,0.38070147510716384,0.6187520675803568,0.34824162946983506,0.6150619756027773,0.13378789325224688,0.623116234872107,0.51805292418211,0.026182316226046984
edge_Br_only_kS1,False,-40.0,1.0,0.46618219614368744,5229.6786359462185,rowcol,0.42263701110313256,0.6387476861891616,0.05526867603756396,1.2440270680836176,0.2879965786427179,0.6048434423693289,0.36157913923061863,0.6219457469903181,0.14298899599059975,0.6284501982176709,0.5105819150613438,0.026239313797140944
edge_BrBt_kS1,False,-40.0,1.0,0.4630578061678602,5229.6786359462185,rowcol,0.4222994807870871,0.6386255301897423,0.054948224953657136,1.2443326872764855,0.28849176538817256,0.6049228418812105,0.36157968227285053,0.621922118621481,0.14288246202492572,0.6284312177411919,0.5107488815867695,0.02624583759651659
all_BrBt_kS1,False,-40.0,1.0,0.15964676152221902,5229.6786359462185,rowcol,0.39007287268043667,0.6277485812076443,0.02683442636851981,1.298935650624168,0.3419262616056156,0.6126624669785029,0.36676904117692055,0.6202154039446569,0.13763773883618174,0.6275298222126527,0.5270965173908203,0.026893955854973693
edge_BrBt_cS2_kS1,False,-40.0,0.8088683342766674,-0.038180009667040285,5229.6786359462185,rowcol,0.2954906570546309,0.6252178569142072,0.18909491032138923,1.0331953039164274,0.30253104305913125,0.6241773441984835,0.29903470220413864,0.6246953348963171,0.20752414650302606,0.6284818628552257,0.4354826084670314,0.022123918751942886
all_BrBt_cS2_kS1,False,-40.0,0.9461326651256511,-0.2016136575746471,5229.6786359462185,rowcol,0.31895631113382267,0.6127326609884165,0.03987627897107737,1.3262805370626038,0.3772701253481724,0.6192880072332293,0.349357980135097,0.6160346922947737,0.1341544209194955,0.6238304745935784,0.5180235366348896,0.026233990363095518
edge_Br_only_kS1,False,-38.0,1.0,0.6826490776862955,5229.6786359462185,rowcol,0.4210697746424624,0.6432930056582848,0.08071166557352889,1.223636756898834,0.2625052958475595,0.5978083445685397,0.3507936376186674,0.6208588259439999,0.14962576233441843,0.6271010604745955,0.49626749684918486,0.02548647515728675
edge_BrBt_kS1,False,-38.0,1.0,0.6794969627395496,5229.6786359462185,rowcol,0.4208370306290313,0.6431721943102976,0.08036475676753449,1.2237997474937485,0.2628789276125399,0.5978934174626561,0.3507941368021582,0.6208376972348912,0.14946453948602056,0.6270825172263017,0.4964478529994484,0.025494340918939595
all_BrBt_kS1,False,-38.0,1.0,0.20259055797374867,5229.6786359462185,rowcol,0.387024724414699,0.6276789177991833,0.031043247918684583,1.292564321318671,0.33556470774225927,0.6110262462760568,0.362186918669159,0.6193688224735772,0.13674655419693105,0.6266066819299269,0.5239735719933608,0.02671268515306656
edge_BrBt_cS2_kS1,False,-38.0,0.8091736611688122,-0.02752014569819385,5229.6786359462185,rowcol,0.29679534526107815,0.6259276250511366,0.18978899165671537,1.0292118928187477,0.30133018219911517,0.6238649373493551,0.29907337631659936,0.6248922114234959,0.20807830187533677,0.6286304007551268,0.43516688058997416,0.022120032817336727
all_BrBt_cS2_kS1,False,-38.0,0.9481620580902679,-0.1697971909854943,5229.6786359462185,rowcol,0.3288265699899005,0.6151458436211844,0.03988886261264755,1.3088319032915017,0.37074041217758885,0.6188315485334493,0.3504293460496591,0.6170002409148188,0.13453769694266465,0.6245194299802257,0.5179928058247254,0.02628775744174155
edge_Br_only_kS1,False,-36.0,1.0,0.933004721355489,5229.6786359462185,rowcol,0.40433309535400325,0.6459122012178968,0.11164075283236165,1.1965860097101608,0.24889536115255229,0.592122432420521,0.33566636555070023,0.619473086291919,0.16159348169529547,0.6253721239477557,0.47876547721568863,0.02448923653869019
edge_BrBt_kS1,False,-36.0,1.0,0.9289094459445438,5229.6786359462185,rowcol,0.4041662263435642,0.6457613785869054,0.11117086300517313,1.1967756446415614,0.24916782816446223,0.5922202597665324,0.33566713496841877,0.6194418209541303,0.16131362911943145,0.625343913184519,0.4790133401796383,0.024501017672798567
all_BrBt_kS1,False,-36.0,1.0,0.24043029835599994,5229.6786359462185,rowcol,0.38004076162397554,0.6265482400305823,0.03533646892302974,1.2887364682136082,0.33239875340887776,0.6099714286345542,0.35699419756875544,0.6182758450157312,0.13578339756619567,0.625478587316136,0.5210022681221337,0.026522774895616757
edge_BrBt_cS2_kS1,False,-36.0,0.8110637164570718,-0.006246671675707992,5229.6786359462185,rowcol,0.29854020680803145,0.6268489683972096,0.1902603837077236,1.0260973688128963,0.29964887501129056,0.6231717217384805,0.29909554778227926,0.6250042768166841,0.2084541605167157,0.6287053508817599,0.43495263044044075,0.022117264160988092
all_BrBt_cS2_kS1,False,-36.0,0.9562219830352441,-0.09114988424385137,5229.6786359462185,rowcol,0.3422689861330114,0.6184504986033361,0.03995394644060908,1.2932839571335382,0.35993832542973914,0.6169015698899106,0.35122264713658347,0.6176728245696498,0.1348358068541266,0.6249525198365399,0.5179689617226054,0.02632971645646975
edge_Br_only_kS1,False,-34.0,1.0,1.1866130762000486,5229.6786359462185,rowcol,0.372031191367929,0.6442424870975595,0.14384057469562941,1.1541702575137842,0.2525089951381825,0.5920678350234451,0.3178848758133192,0.6185810116124874,0.17786394318342644,0.6239350733939392,0.4602858961162789,0.023373094511834683
edge_BrBt_kS1,False,-34.0,1.0,1.1805631405399901,5229.6786359462185,rowcol,0.37194518797051995,0.6440418309121454,0.14312802578801526,1.154640021855949,0.25263938650883005,0.5921579957064729,0.3178864471486938,0.6185203905573788,0.17736710555941881,0.6238814840821185,0.460668514396479,0.023392501430868223
all_BrBt_kS1,False,-34.0,1.0,0.2700394330347593,5229.6786359462185,rowcol,0.36998930013010844,0.6244409798034414,0.03900887078359442,1.286692362157414,0.3333051944335684,0.6099382611641222,0.3521089897599027,0.6171976201933532,0.13491160854747777,0.624390737326941,0.5185411289186779,0.02635430069437361
edge_BrBt_cS2_kS1,False,-34.0,0.8180849642065481,0.05206250835134449,5229.6786359462185,rowcol,0.3010987878379202,0.6280411103732749,0.19015627392383078,1.024863987361339,0.29703552472472283,0.6217532771467139,0.2990722494044412,0.6248901018513494,0.20836753138620556,0.6285785452192135,0.4349992755827691,0.022117327613135788
all_BrBt_cS2_kS1,False,-34.0,0.982909660625386,0.1356376731844612,5229.6786359462185,rowcol,0.3603939940395353,0.6224933369420377,0.0399173990586113,1.2851807839556177,0.34189330606883894,0.612363843027796,0.3512572449356645,0.617425197576471,0.13483873204151525,0.6245923132461265,0.5179690801397802,0.026331878437352203
edge_Br_only_kS1,False,-32.0,1.0,1.3854033012509985,5229.6786359462185,rowcol,0.3317757277741943,0.6357297817940522,0.16945538419724487,1.1043397001241548,0.2697051240111786,0.601027442658279,0.302310082440111,0.6185392333130999,0.19300752252236017,0.6232616734408639,0.44537110747924735,0.022434989314463086
edge_BrBt_kS1,False,-32.0,1.0,1.3771137888599667,5229.6786359462185,rowcol,0.33177359427794234,0.6355183262373224,0.16846449657642776,1.1053657051972918,0.2697141218083966,0.6010347474325811,0.3023129300679447,0.6184346606917099,0.19225739093295433,0.6231713659913203,0.4459109666546301,0.02246356364149911
all_BrBt_kS1,False,-32.0,1.0,0.2889133713268325,5229.6786359462185,rowcol,0.3584582110470345,0.6217221999808531,0.04147311599474363,1.2856855732387735,0.3384550181815463,0.611112105107395,0.34859122609590387,0.6164146689318301,0.1343008813646023,0.623607693988516,0.516912225081448,0.026237762307864027
edge_BrBt_cS2_kS1,False,-32.0,0.8587299256951362,0.36256057835787436,5229.6786359462185,rowcol,0.30641166981492585,0.6296082227010185,0.18705674128995833,1.0330181158283716,0.29098699622686924,0.6174480493380344,0.2987920223620328,0.6235287699348017,0.2058744098463658,0.6273284265695618,0.43640918775390286,0.022132320136252374
all_BrBt_cS2_kS1,False,-32.0,1.1086531828597412,1.1628092870135642,5229.6786359462185,rowcol,0.3850476045866415,0.6257565495475033,0.03977092255134762,1.3165599780197594,0.30568244996966476,0.6001059976670822,0.34760224815282403,0.613004257344417,0.133504645567183,0.6207141342671993,0.5180768492262868,0.026161430604625478
edge_Br_only_kS1,False,-30.0,1.0,1.4622884924209927,5229.6786359462185,rowcol,0.29570432588139506,0.6207534616275436,0.1794244676515725,1.0792473664398563,0.29607201491411156,0.616795833434925,0.29588839107464676,0.618768370083223,0.19933131802018403,0.6231795411457307,0.4395122496125603,0.02205844556360865
edge_BrBt_kS1,False,-30.0,1.0,1.4529421897063435,5229.6786359462185,rowcol,0.295709713772269,0.6206311777624806,0.17830184463782303,1.0806254399644952,0.2960738024751351,0.6166604370579558,0.29589197608532514,0.6186395203449842,0.1984599960899625,0.6230692359275546,0.44012738456589806,0.022091504837797836
all_BrBt_kS1,False,-30.0,1.0,0.29543133681530603,5229.6786359462185,rowcol,0.3473774884434841,0.6189688856708553,0.04234273159994726,1.2852131771133384,0.3472242347874059,0.6133249905853598,0.34730080189536217,0.6161399360049955,0.1340797366879218,0.6233312088242582,0.5163398123150075,0.026195955213397758
edge_BrBt_cS2_kS1,False,-30.0,18.292369773233418,132.15211996927056,5229.6786359462185,rowcol,0.02686435264826379,0.22085385029524168,1.5653820564278789,24.308695806514216,0.02714197390168982,0.22171940658305067,0.027003643548006082,0.22128911653510844,1.4549097584771626,2.0466801343397383,1.2122390993323344,0.07297951300407594
all_BrBt_cS2_kS1,False,-30.0,1.8465104688916583,7.155046235339994,5229.6786359462185,rowcol,0.30237345400102006,0.5864382183813388,0.05801084559062215,1.8600798845147166,0.30242797353926776,0.581594436128479,0.30240073925127825,0.5840097934131568,0.1239445964852253,0.6024282129359384,0.518798365879982,0.025130144037706387
edge_Br_only_kS1,False,-28.0,1.0,1.3859231938972918,5229.6786359462185,rowcol,0.26922806939146837,0.6052721983198723,0.16951413370004553,1.1013233851426232,0.33195371432270493,0.6317608608747614,0.30225036907219116,0.618721489013978,0.1930393447116449,0.6234038954569083,0.44533724976328765,0.022433197324573113
edge_BrBt_kS1,False,-28.0,1.0,1.3775442494882486,5229.6786359462185,rowcol,0.26924056385623624,0.6052906358233021,0.16851255141954322,1.1023807426038397,0.3319488930432599,0.6315351243033833,0.3022532790496432,0.6186146791236499,0.19228099283304095,0.6233117271139643,0.4458829322306676,0.022462079747550698
all_BrBt_kS1,False,-28.0,1.0,0.2890327448018598,5229.6786359462185,rowcol,0.3385758723195224,0.6168080821808688,0.04148277798015725,1.2851333147479849,0.35827039586927384,0.6160958599321353,0.34857101707757776,0.6164503748037967,0.13429631456585672,0.6236347652752364,0.5169044240388361,0.026237346133357188
edge_BrBt_cS2_kS1,False,-28.0,0.8595342332795443,0.36876730013706005,5229.6786359462185,rowcol,0.29046034331780907,0.6214306628083217,0.187000641504362,1.0323668080276494,0.3068550155731143,0.6256427863379904,0.29877744566257025,0.6235503297807328,0.2058275002405665,0.6273421936851298,0.43643465742394955,0.02213261844270371
all_BrBt_cS2_kS1,False,-28.0,1.109453018865436,1.1693617294535212,5229.6786359462185,rowcol,0.30547623040974836,0.6057711750446783,0.039761986989177496,1.314798158586169,0.3850029855825682,0.6203311437277796,0.34755710321394534,0.6131291142659585,0.13348633646720684,0.6208104161074468,0.5180780683505344,0.026160530659979458
edge_Br_only_kS1,False,-26.0,1.0,1.1875644598118371,5229.6786359462185,rowcol,0.2520146478010652,0.5967951236797872,0.14394562272020645,1.1494352502178249,0.3720218777312784,0.6400023237425847,0.3177878910384685,0.6188789723759874,0.1779137401623093,0.6241671908012485,0.46022573000614214,0.023370043042654092
edge_BrBt_kS1,False,-26.0,1.0,1.1813580129824983,5229.6786359462185,rowcol,0.25215118026700234,0.5968947252948419,0.14321463073134352,1.1499426521617024,0.3719323402791043,0.6397875507853423,0.3177895452304746,0.6188152047852867,0.1774038364643755,0.6241109556173492,0.4606182423671659,0.023389951416318087
all_BrBt_kS1,False,-26.0,1.0,0.2702795368899234,5229.6786359462185,rowcol,0.33340048575905906,0.6157102262884019,0.039027431238258685,1.2856930416645445,0.3697712088027616,0.6187946268176593,0.3520719984691689,0.6172617113557922,0.13490309598611627,0.6244392244924257,0.5185258010294646,0.02635351014170093
edge_BrBt_cS2_kS1,False,-26.0,0.8184802493913063,0.055309512246038285,5229.6786359462185,rowcol,0.29653629455575736,0.625737309009783,0.19014693178263045,1.0245796645605996,0.30157394830511536,0.6240619477637549,0.2990679696623041,0.6248961930171772,0.2083593303291523,0.6285813106280943,0.4350034363241503,0.02211735717941563
all_BrBt_cS2_kS1,False,-26.0,0.9833803780496345,0.13957959060952854,5229.6786359462185,rowcol,0.3417695890678338,0.6180307080566929,0.039913554147108725,1.284655281018947,0.3604613327137326,0.616875782137258,0.3512481332792879,0.6174507598799458,0.13483451590920903,0.6246098308506645,0.5179693687225286,0.026331685653623742
edge_Br_only_kS1,False,-24.0,1.0,0.9342623012713361,5229.6786359462185,rowcol,0.2484474407912371,0.5973474735358384,0.11177404372201452,1.1915555715028612,0.4042061347755201,0.6412623336515992,0.3355586178074478,0.6197987218790075,0.16164258638353066,0.6256251626419761,0.4786893681959089,0.024485619409176033
edge_BrBt_kS1,False,-24.0,1.0,0.9299748581725161,5229.6786359462185,rowcol,0.24873494392503892,0.5974537385336699,0.11128208678301038,1.1917764735533454,0.404030993003065,0.6410983643904916,0.33555946139871556,0.6197644714163213,0.16134935723061122,0.6255944171971419,0.47894885468504733,0.024497952433522367
all_BrBt_kS1,False,-24.0,1.0,0.24079359049568996,5229.6786359462185,rowcol,0.3324770866662279,0.6158282249390684,0.03536228013639026,1.287470511806012,0.37980312811452965,0.620849474343588,0.35694636843009686,0.6183559252358632,0.1357720749493339,0.6255389261061842,0.5209799578303889,0.02652168813960436
edge_BrBt_cS2_kS1,False,-24.0,0.8113178007523284,-0.003923647735232633,5229.6786359462185,rowcol,0.29915979511463087,0.6271547625098904,0.1902760828047678,1.025967784150412,0.2990325199440766,0.6228670078962565,0.2990961076822191,0.6250043330117575,0.2084666473057949,0.6287039246084365,0.4349454868436103,0.022117156866929177
all_BrBt_cS2_kS1,False,-24.0,0.9565479564249387,-0.08831762883054663,5229.6786359462185,rowcol,0.35985982691848334,0.6225155867958272,0.039956721398934095,1.293508721499688,0.342404272580626,0.6127809579435781,0.3512327396811006,0.6176442271749494,0.13484009783654097,0.624927712999827,0.5179686723750563,0.026329993488528925
edge_Br_only_kS1,False,-22.0,1.0,0.6841022540361859,5229.6786359462185,rowcol,0.2621397753105426,0.6034206567716583,0.0808561317680877,1.2192362208108085,0.420902122866839,0.6382175627084177,0.3506938386533152,0.6211458326214406,0.14966126863333004,0.6273231908348963,0.49618435708029046,0.025482849778976215
edge_BrBt_kS1,False,-22.0,1.0,0.6807499180879029,5229.6786359462185,rowcol,0.2625390496915815,0.6035132337051476,0.08048714697365916,1.2194295954057297,0.42065457348818186,0.638084569357509,0.35069440342734864,0.6211219454798365,0.1494895472836743,0.6273023382549348,0.4963761594073194,0.025491213996681736
all_BrBt_kS1,False,-22.0,1.0,0.20308010695769987,5229.6786359462185,rowcol,0.33563367050804876,0.6169617668963127,0.031073537625070972,1.2912368226824613,0.38678309902250924,0.6219069118543502,0.3621353346625243,0.6194510713470098,0.13673388846063647,0.6266682367658619,0.5239450866185483,0.026711407026810175
edge_BrBt_cS2_kS1,False,-22.0,0.8093529239567053,-0.02560301653231128,5229.6786359462185,rowcol,0.3008458685507954,0.6278482471803124,0.18982497824138592,1.0291491331286762,0.29730170191029864,0.6219456848846883,0.29907745862821045,0.6248898537703383,0.20810745450847984,0.6286273536222795,0.4351505654937655,0.0221198135854443
all_BrBt_cS2_kS1,False,-22.0,0.948410626779633,-0.16752200138225265,5229.6786359462185,rowcol,0.3706908765452291,0.6243942128168044,0.039896262400213794,1.3094757057500486,0.3290141486963084,0.609468230072505,0.3504540566628389,0.6169407530215569,0.1345483587235601,0.6244705269103895,0.5179920752366485,0.026288404784168613
edge_Br_only_kS1,False,-20.0,1.0,0.46775635592348924,5229.6786359462185,rowcol,0.2877189021513276,0.6107027932346953,0.05541001324566007,1.240658105629467,0.42248472481669597,0.63331050168994,0.3614973455598186,0.6221632753406131,0.14300807600509116,0.6286173189862939,0.5104978033584457,0.026236028103632944
edge_BrBt_kS1,False,-20.0,1.0,0.46444259801533283,5229.6786359462185,rowcol,0.2882459336434047,0.6107882404375695,0.0550700140588359,1.2410031781020088,0.4221270110554205,0.6331769115642457,0.36149795656219774,0.6221367051923185,0.14289479735271085,0.6285959785439157,0.5106748751313932,0.026242945731596898
all_BrBt_kS1,False,-20.0,1.0,0.16026556320734311,5229.6786359462185,rowcol,0.34199086181057964,0.6186599081164715,0.026865029969067637,1.297721490245047,0.38984492204334986,0.6218970998786386,0.36672058203289765,0.6202883385460526,0.13762530809022852,0.6275838027327593,0.5270629162563379,0.026892605352357084
edge_BrBt_cS2_kS1,False,-20.0,0.80899847382608,-0.036453930240379295,5229.6786359462185,rowcol,0.3020486184817511,0.6281631225072319,0.1891498701566155,1.0331397548462025,0.2960098714904462,0.6212374116589358,0.2990418021325248,0.6246933424533789,0.20756879959416227,0.6284792564663232,0.43545768185282385,0.022123593829644413
all_BrBt_cS2_kS1,False,-20.0,0.9463329198049677,-0.1996518510880989,5229.6786359462185,rowcol,0.37724057005422257,0.6248105336133674,0.03988634530005135,1.3271043654805588,0.31918612988065853,0.6070690640049395,0.34939537979543017,0.6159613515257363,0.13417027112732835,0.6237708349111836,0.5180224378270218,0.026234955433484173
edge_Br_only_kS1,False,-18.0,1.0,0.29407201684934736,5229.6786359462185,rowcol,0.31621522098242083,0.6166683892371112,0.03688268418438205,1.2643922194216222,0.4136157569174464,0.6280013840896643,0.36819376970008333,0.6223877182838,0.14014211159455472,0.6291690426275541,0.5211637238945385,0.02673851575184237
edge_BrBt_kS1,False,-18.0,1.0,0.2902886008212831,5229.6786359462185,rowcol,0.3169063082905854,0.6167476038134166,0.03654589123801733,1.2650755106035758,0.4130890038001987,0.6278475008884874,0.3681946498351779,0.6223487792114321,0.14006619098202255,0.6291404174119408,0.5213500242842918,0.026744845646884185
all_BrBt_kS1,False,-18.0,1.0,0.11578672961696153,5229.6786359462185,rowcol,0.35020819958961136,0.6204026515652047,0.02342633729111596,1.3072520970412942,0.3890249072107873,0.6210093802893026,0.37014300648703913,0.6207075374980793,0.13832870912783637,0.6281337124464953,0.529999852362366,0.02704253688025881
edge_BrBt_cS2_kS1,False,-18.0,0.8093236576696712,-0.042920485970757156,5229.6786359462185,rowcol,0.3028909015432916,0.6282051787510682,0.18840504730632046,1.0373624470408747,0.29506540828639555,0.6207460224194828,0.29900027618866276,0.6244689427970394,0.20697467169646253,0.6283065234269937,0.4357973310943683,0.022127710855661956
all_BrBt_cS2_kS1,False,-18.0,0.9469185669095885,-0.21106304146393004,5229.6786359462185,rowcol,0.38068610457174995,0.6242508487205266,0.040000955380148806,1.3430626364636107,0.31262205067125903,0.605675517433382,0.34829044871991355,0.6149890032624548,0.1338079642077384,0.6230570497076883,0.5180515161106541,0.02618355568074599
edge_Br_only_kS1,False,-16.0,1.0,0.16094884464892856,5229.6786359462185,rowcol,0.34153035621086875,0.620509349625163,0.025510614833446684,1.2927203582514786,0.39961938965567234,0.62312331662607,0.3717371005905896,0.621823942638104,0.13922649252008473,0.6290188285737326,0.5285525609863093,0.027036421974737535
edge_BrBt_kS1,False,-16.0,1.0,0.15654195001808313,5229.6786359462185,rowcol,0.3423838780789195,0.6205728172359651,0.025235423061148857,1.2939044550290784,0.39889208656923764,0.6229449037350321,0.3717384051829788,0.6217656506302018,0.13918363953714327,0.6289786666629085,0.5287494512110382,0.02704202329796614
all_BrBt_kS1,False,-16.0,1.0,0.07306545315771988,5229.6786359462185,rowcol,0.3588269266061478,0.621775650688613,0.021222570057329602,1.3193363776678568,0.38519371584794354,0.6196088979951491,0.37225556760752726,0.6206880507045636,0.1387928514512138,0.6282915971826883,0.5324953679950182,0.027149630960427013
edge_BrBt_cS2_kS1,False,-16.0,0.8099558147867949,-0.04698644252863705,5229.6786359462185,rowcol,0.30340584513095575,0.6280331832856246,0.1877185037178443,1.0412115596402722,0.2944570996486648,0.620495587838728,0.2989609761277588,0.6242577799583768,0.20642737247900597,0.6281427445143397,0.43611171991397135,0.022131485171622754
all_BrBt_cS2_kS1,False,-16.0,0.9488858744174429,-0.21072194451015397,5229.6786359462185,rowcol,0.3817381910607405,0.6230810919097849,0.04024771668375784,1.3546147827327732,0.30920116759443755,0.6053221272039178,0.3473361620653496,0.614223427700936,0.1335337420815403,0.6224821109092424,0.5180735343814117,0.026144278515069293
edge_Br_only_kS1,False,-14.0,1.0,0.06277043619518269,5229.6786359462185,rowcol,0.3611604219352215,0.6223778050932878,0.020741047601746318,1.3225285371566466,0.38482150055584496,0.6192006377187961,0.3731890547517629,0.62078367435987,0.13907113621129985,0.6284324160952717,0.5332920067173764,0.02718876217923803
edge_BrBt_kS1,False,-14.0,1.0,0.05782449986208544,5229.6786359462185,rowcol,0.36213256386546566,0.6224133356742559,0.020631288646879218,1.3242544268657335,0.3839118725479286,0.6190070748919078,0.3731908194970809,0.6207044156865599,0.13905767813622827,0.6283801387371242,0.5334888204262787,0.027193221150776922
all_BrBt_kS1,False,-14.0,1.0,0.03519715153659031,5229.6786359462185,rowcol,0.3665999820422915,0.6225760041437634,0.020276482399149552,1.3324395760299754,0.3797600964447733,0.6181238460924507,0.3732438990040285,0.620343297872127,0.13903199954676163,0.628147224336245,0.5343908596915036,0.027213757585296695
edge_BrBt_cS2_kS1,False,-14.0,0.8106807552383234,-0.049194085351627614,5229.6786359462185,rowcol,0.30360136214102235,0.6277073979313265,0.18721780974516736,1.0440121302064271,0.29419606504125545,0.6205059093866103,0.2989315219129247,0.6240998605603589,0.2060284022825335,0.6280194789819511,0.43634283027632353,0.022134227807522527
all_BrBt_cS2_kS1,False,-14.0,0.9515999836046573,-0.2021822875558212,5229.6786359462185,rowcol,0.38097089914001836,0.6216559893266698,0.04057060337586855,1.3597441135173378,0.3087517652059941,0.6059398352716074,0.34671469719085435,0.6138107200620481,0.13339809742828718,0.6221561394396273,0.5180844844068291,0.02612435765733902
edge_Br_only_kS1,False,-12.0,1.0,-0.006052518139338089,5229.6786359462185,rowcol,0.37478910340427946,0.6228300948191926,0.020283385115272858,1.3485203945510051,0.37214940314768075,0.6165390907819702,0.3734704112221748,0.6196775678987403,0.13911569402080942,0.6277350301678315,0.5360087170948316,0.027249661124447475
edge_BrBt_kS1,False,-12.0,1.0,-0.011308400859526795,5229.6786359462185,rowcol,0.3758129894191754,0.6228306922550402,0.020349438961370463,1.3506529806116558,0.37112146994411854,0.6163495157257404,0.3734725095647676,0.6195831166474087,0.1391247935840744,0.6276745732272008,0.5361907614537234,0.02725272539365817
all_BrBt_kS1,False,-12.0,1.0,0.004674859002310595,5229.6786359462185,rowcol,0.372704192960786,0.6228289154057091,0.020188608134769834,1.3442546662305794,0.3742511336429684,0.6169263528900207,0.3734791523667013,0.619870578317663,0.13910698137853822,0.6278601400526975,0.5356376684077822,0.02724344595485449
edge_BrBt_cS2_kS1,False,-12.0,0.8113427683544376,-0.049478933455196966,5229.6786359462185,rowcol,0.3034874188897289,0.6273057068533441,0.18701948450310793,1.0451053433647528,0.29428752924718493,0.6207723946198744,0.2989187770374383,0.6240320145120133,0.2058702339146281,0.6279652701048385,0.43643700855136797,0.02213530338347415
all_BrBt_cS2_kS1,False,-12.0,0.9546623173847554,-0.18701197032778588,5229.6786359462185,rowcol,0.3788856381356669,0.6203164481054639,0.04086785627778735,1.3575010380701111,0.3109802216539696,0.6073375018860232,0.3465698684384329,0.613830315680469,0.13342521151310066,0.6221410167334547,0.5180824368264422,0.026127477087934697
edge_Br_only_kS1,False,-10.0,1.0,-0.04987423484835955,5229.6786359462185,rowcol,0.3830684447691803,0.6225269767053863,0.021217981007894782,1.3659863754412152,0.36324221848521254,0.6152061984066866,0.3732781660464031,0.6188599477309938,0.13916582570110486,0.6271984553951324,0.5372491661982306,0.027261938512676456
edge_BrBt_kS1,False,-10.0,1.0,-0.05512340494937637,5229.6786359462185,rowcol,0.3840714066360098,0.6224951984088409,0.021382916343551325,1.3682373122929694,0.3621879191064417,0.6150431651711308,0.3732803269606724,0.618762622248077,0.13918841957138714,0.6271374782377619,0.5374027134803973,0.0272636676088878
all_BrBt_kS1,False,-10.0,1.0,-0.01683206805761331,5229.6786359462185,rowcol,0.37678837762354916,0.6227272472159984,0.02043835302244003,1.3525040588082018,0.3699136521310705,0.6162335090255827,0.37336378003653736,0.6194733951989759,0.13909629980129942,0.6275949573847367,0.5362867750435988,0.027251347969422274
edge_BrBt_cS2_kS1,False,-10.0,0.8118270797763935,-0.04750191386085904,5229.6786359462185,rowcol,0.3030910823225661,0.6269230160584427,0.18719882767094265,1.044034189024062,0.29471215815175533,0.6212489131077971,0.2989272520064234,0.6240788766664094,0.2060126590092246,0.6279990291122349,0.4363586318556899,0.0221342954413891
all_BrBt_cS2_kS1,False,-10.0,0.957773645689079,-0.1660298904677993,5229.6786359462185,rowcol,0.3758872901960565,0.6193443073657875,0.0410294979686257,1.34828123476309,0.3154619777656724,0.6092168618050019,0.34696566686188385,0.6142772950759563,0.13360804668008552,0.622438547845287,0.5180679121759041,0.026152961012988068
edge_Br_only_kS1,False,-8.0,1.0,-0.07178789329011889,5229.6786359462185,rowcol,0.38691182745887037,0.6220651622180967,0.0219326302318226,1.3725421630504808,0.3587064446712592,0.6150106543587018,0.3730632421608294,0.6185311359002104,0.13918303171395968,0.6269766143110573,0.5374792152295212,0.02725546598095372
edge_BrBt_kS1,False,-8.0,1.0,-0.0766616969178616,5229.6786359462185,rowcol,0.38782445989824105,0.6220133101019064,0.022121307106723886,1.374553910181145,0.3577252293841986,0.6148921672592239,0.37306513277879905,0.6184459996291725,0.1392095122015805,0.6269240964568775,0.5375945977067956,0.02725618594055731
all_BrBt_kS1,False,-8.0,1.0,-0.028626091024520357,5229.6786359462185,rowcol,0.378882638203276,0.6225245516198162,0.020649614012948334,1.3559181016245905,0.36746313862739066,0.6160605810790615,0.37321148771901375,0.619285579168012,0.1390675824813694,0.627462500360689,0.5364647676093376,0.027249574723421145
edge_BrBt_cS2_kS1,False,-8.0,0.8120724855880744,-0.0428713147982125,5229.6786359462185,rowcol,0.30246214191527104,0.626654577329929,0.18775112296025795,1.0407879694493705,0.29541643957242736,0.6218403275156733,0.2989569135398873,0.6242406082820767,0.20645219452280025,0.6281208798378246,0.4361082016983362,0.02213122137493256
all_BrBt_cS2_kS1,False,-8.0,0.9606859062002534,-0.13984396870377347,5229.6786359462185,rowcol,0.3722393160568657,0.618906277230851,0.04098435863658343,1.3338803522963951,0.3216583396250591,0.611218827721025,0.3478469274377131,0.6150562232563652,0.13390784783471055,0.6229847243160214,0.5180439423190026,0.026195553028560196
edge_Br_only_kS1,False,-6.0,1.0,-0.07422915370749407,5229.6786359462185,rowcol,0.3871627935906816,0.6218566803125534,0.021938522700041343,1.3690099509729146,0.35837524109541546,0.6155386021957858,0.3730340116288726,0.6186906334695952,0.1391731625032766,0.6270787639948103,0.5371081967826411,0.027247509137485262
edge_BrBt_kS1,False,-6.0,1.0,-0.07833924839356292,5229.6786359462185,rowcol,0.3879215605088432,0.621802829084154,0.022096210089538167,1.3704747015304288,0.3575580499929732,0.6154711600986276,0.3730353588974816,0.6186299899123567,0.13919520115620113,0.6270417701271469,0.5371818885261048,0.027247659895549815
all_BrBt_kS1,False,-6.0,1.0,-0.03103997849333452,5229.6786359462185,rowcol,0.37924243997843027,0.6224226156082061,0.02066356463946165,1.3548537761037915,0.36703406233548586,0.6162476097692097,0.37318274710566357,0.6193280771698312,0.13905886706670476,0.6274880430524244,0.5363415501381016,0.027246403269867818
edge_BrBt_cS2_kS1,False,-6.0,0.8120891117970965,-0.03535368394708502,5229.6786359462185,rowcol,0.30166704152640816,0.6265657962306719,0.1885636966057963,1.035994345941654,0.2963168413568837,0.6224145167692209,0.29900152845051015,0.6244837024251279,0.20709967826361447,0.6283052743028472,0.4357360647149809,0.022126694308329
all_BrBt_cS2_kS1,False,-6.0,0.9631880093765687,-0.10911666729616516,5229.6786359462185,rowcol,0.368038293057682,0.6190136324968727,0.04073868973970105,1.3172372516091209,0.32895220818776627,0.6129907334739346,0.34902543116579904,0.6159951754816309,0.1342603050366252,0.6236574512393839,0.5180156309945895,0.02624616178918269
edge_Br_only_kS1,False,-4.0,1.0,-0.059931026846952555,5229.6786359462185,rowcol,0.38452225779156873,0.6220424495834069,0.021329777942687467,1.359440617217952,0.3615202007476981,0.6162679975938068,0.3731882600774979,0.6191481795680023,0.1391477450525607,0.6273812544498885,0.5365061503907916,0.02724446924025528
edge_BrBt_kS1,False,-4.0,1.0,-0.06291124282203266,5229.6786359462185,rowcol,0.38506995006094874,0.6220033235514584,0.021423459135409897,1.3602229855313397,0.36093926971576734,0.6162436900694086,0.373188964935017,0.6191164639783567,0.1391604335331506,0.6273620563482759,0.536542040271795,0.027244429658960772
all_BrBt_kS1,False,-4.0,1.0,-0.025395342072720716,5229.6786359462185,rowcol,0.3782105890394002,0.6224959105748833,0.02050423465886153,1.3511926055566523,0.36829822801503564,0.6165499286371436,0.37328290282669474,0.6195158680161376,0.13907510798694814,0.6276167950871682,0.5360953523178941,0.027245231291068872
edge_BrBt_cS2_kS1,False,-4.0,0.8119594092152255,-0.025062533000789092,5229.6786359462185,rowcol,0.3007718556129542,0.6266602481786978,0.1894234446009794,1.030900099292112,0.2973192528346059,0.6228381285333099,0.2990490010610518,0.6247429929968847,0.20778559763971324,0.6285024954500146,0.43534000000204526,0.022121893643303518
all_BrBt_cS2_kS1,False,-4.0,0.9651058981849765,-0.07469392838602655,5229.6786359462185,rowcol,0.3632341055214141,0.619518194536032,0.04038685323950943,1.3018675488176314,0.3367073420986367,0.6142575722318112,0.3502101731705035,0.6168809409797218,0.13458828990385635,0.624300372791655,0.5179891804351255,0.02629363126887406
edge_Br_only_kS1,False,-2.0,1.0,-0.0328962606964018,5229.6786359462185,rowcol,0.3796588657247054,0.6224781454123709,0.02056302685579188,1.349929525195403,0.3670211073065741,0.6167441317504977,0.3733878360288345,0.619604092192884,0.13912096507165284,0.6276842289575855,0.5359936222783102,0.027245269682510172
edge_BrBt_kS1,False,-2.0,1.0,-0.03445623505352502,5229.6786359462185,rowcol,0.3799471964764145,0.6224614939551294,0.02059103069587792,1.3501461957907608,0.36672353517324113,0.6167435086548699,0.3733880279994482,0.6195954562157531,0.13912461302237863,0.6276790291229521,0.5360030553660372,0.027245240615279
all_BrBt_kS1,False,-2.0,1.0,-0.013861383815712638,5229.6786359462185,rowcol,0.37615208966975955,0.622681374476026,0.020307342433442257,1.3475408934725734,0.37066547251029414,0.6167518254645534,0.3734164174269132,0.6197095459914124,0.139098970416141,0.6277516393575319,0.5358801040433334,0.02724571613817864
edge_BrBt_cS2_kS1,False,-2.0,0.8118081751665835,-0.012564304380937818,5229.6786359462185,rowcol,0.29982286542731124,0.6268654053609336,0.19007321610871294,1.0270417765939686,0.29834577710475274,0.6230256110294132,0.2990845760602051,0.6249392968389281,0.20830447150590714,0.6286520116542551,0.43503957850477243,0.022118258989708303
all_BrBt_cS2_kS1,False,-2.0,0.9663081773024629,-0.03764392112600903,5229.6786359462185,rowcol,0.35770196283660133,0.6201515649204357,0.04008055953682524,1.291097145675312,0.34434894360293256,0.614878803920096,0.3510830022028687,0.6175082332431746,0.13481873010968937,0.6247592963396941,0.5179705376052026,0.026327223941056143
edge_Br_only_kS1,False,0.0,1.0,0.0011317197909584715,5229.6786359462185,rowcol,0.3733997653578191,0.6228361636810738,0.02022335302103969,1.3460999865335193,0.3735462760908565,0.6167506252767645,0.37347309308256343,0.6197863454802089,0.13910912504722353,0.6278052658859307,0.5357992881860831,0.027246148299442857
edge_BrBt_kS1,False,0.0,1.0,0.0011523128097599108,5229.6786359462185,rowcol,0.3733959049006317,0.6228362863447362,0.020223360018764507,1.3461000160115884,0.3735501282004541,0.6167504995767822,0.3734730931159316,0.6197863439792216,0.13910912593817576,0.6278052648573484,0.5357992883778434,0.027246148310453782
all_BrBt_kS1,False,0.0,1.0,0.0007737467158948935,5229.6786359462185,rowcol,0.3734668768496902,0.6228340314186925,0.020223262322650034,1.3460995632833752,0.37347931830897235,0.6167528103752264,0.3734731031655986,0.6197863716037073,0.13910911734476503,0.6278052851365502,0.535799285405167,0.027246148139761884
edge_BrBt_cS2_kS1,False,0.0,0.8117469557223961,0.00115231281006357,5229.6786359462185,rowcol,0.2988385436712393,0.6270516927227714,0.19030254328276214,1.0256874452731757,0.2993530636917767,0.6229769501319137,0.299096143198427,0.625007921134152,0.20848751667137547,0.6287042617134833,0.43493344349349267,0.02211697807677717
all_BrBt_cS2_kS1,False,0.0,0.9667127165325371,0.0007737467158593833,5229.6786359462185,rowcol,0.3513479704241688,0.6205977953671111,0.039960933902753466,1.2872897974340942,0.35144625580674965,0.6148760695269729,0.35139716027302287,0.6177299070131191,0.1348995108797836,0.6249218330791477,0.5179639828755146,0.02633919789272834
edge_Br_only_kS1,False,2.0,1.0,0.03514050246334757,5229.6786359462185,rowcol,0.3668504626348081,0.6228084657240566,0.020591236584863292,1.3502308808292545,0.37977771538168836,0.6163796503759787,0.3733757906563127,0.6195870591919506,0.13912016598098567,0.6276720746826372,0.536007199303551,0.02724522822474372
edge_BrBt_kS1,False,2.0,1.0,0.036737154536201494,5229.6786359462185,rowcol,0.3665452273942501,0.6228075270690123,0.020620910439492414,1.3504568243939326,0.38007219502627204,0.6163624877272831,0.37337599176666086,0.6195780120953798,0.13912403600210704,0.627666612520375,0.5360168833791463,0.027245200165592887
all_BrBt_kS1,False,2.0,1.0,0.015395824435170083,5229.6786359462185,rowcol,0.37063944438386276,0.6228201707905858,0.020316474071053643,1.3477109507518743,0.376148423761605,0.616591938704223,0.37340654427204917,0.6196990208065427,0.13909651219163682,0.6277438797442361,0.535889146405479,0.027245673861917417
edge_BrBt_cS2_kS1,False,2.0,0.8118192952262756,0.014846517435683618,5229.6786359462185,rowcol,0.297821509179054,0.6270827158448031,0.19003180035424574,1.027310753612326,0.3003294504504691,0.6227801919626088,0.2990792242627644,0.6249248923226122,0.2082707820676653,0.6286408719294769,0.4350590271524435,0.022118501497530522
all_BrBt_cS2_kS1,False,2.0,0.9662915614399178,0.03919009062614942,5229.6786359462185,rowcol,0.3442119741786574,0.6205780154434211,0.040085176035598816,1.2912815885063764,0.35776600933154,0.6144239873165807,0.35106044036773476,0.6174939864099184,0.13481191329395792,0.6247479844001954,0.5179710605408129,0.026326746821063576
edge_Br_only_kS1,False,4.0,1.0,0.06212174961578164,5229.6786359462185,rowcol,0.36133460605159606,0.6223104393564675,0.021377846170669443,1.3599625334899152,0.3846155624666611,0.6159426526553808,0.37316703967079007,0.6191195413630451,0.1391463654686624,0.627361115763732,0.5365325258235103,0.027244439739515063
edge_BrBt_kS1,False,4.0,1.0,0.06512570301273019,5229.6786359462185,rowcol,0.3607477594473556,0.6222853804518798,0.02147389951652058,1.3607569424950592,0.38516645388211934,0.6159032566280613,0.3731677558421197,0.6190873170281573,0.13915940232031987,0.6273416075020003,0.5365687536636308,0.027244402941497776
all_BrBt_kS1,False,4.0,1.0,0.026891225073614498,5229.6786359462185,rowcol,0.36826492107586145,0.6226045864267816,0.02052041652892591,1.3514957469219786,0.37819131887909224,0.616404748369111,0.3732655341468554,0.6194976325360463,0.13907082007276933,0.6276034944445309,0.5361129507769942,0.027245186711401987
edge_BrBt_cS2_kS1,False,4.0,0.8119782131368182,0.02728077803536264,5229.6786359462185,rowcol,0.29678448959636405,0.6268739276049395,0.1893459785620224,1.0313823848817356,0.3012726018608469,0.6225736437621455,0.29903896228556365,0.6247172268214282,0.20772263120415396,0.6284826070361185,0.43537627839568205,0.022122346190910042
all_BrBt_cS2_kS1,False,4.0,0.965072710033513,0.07623669979674917,5229.6786359462185,rowcol,0.3365301263881444,0.6199236727750348,0.04039456327743909,1.3021796737857678,0.3632704015404585,0.6138041620511835,0.35016750210534314,0.6168569068593225,0.13457516558449523,0.6242813518616221,0.5179901818571961,0.02629271869618592
edge_Br_only_kS1,False,6.0,1.0,0.07634248065835697,5229.6786359462185,rowcol,0.35818847336610327,0.6215658149060956,0.021995691362041457,1.3696363406080618,0.3872371787805255,0.6157648667522375,0.3730086325444243,0.6186583008974603,0.13917169197256132,0.6270566715897268,0.5371460716700267,0.027247585666224056
edge_BrBt_kS1,False,6.0,1.0,0.08045645226294391,5229.6786359462185,rowcol,0.35736871917138313,0.6214977726550424,0.022155464876564824,1.3711063174744453,0.387995081340619,0.6157113839826263,0.3730099824477359,0.6185975396987841,0.1391940745377358,0.6270196546020116,0.5372198985195291,0.02724774064133762
all_BrBt_kS1,False,6.0,1.0,0.0324735499398023,5229.6786359462185,rowcol,0.36700358298017643,0.6222917046277354,0.020683457145825954,1.3552336448593443,0.37920992408917403,0.6163352413309744,0.37316209623457497,0.6193064239770237,0.13905387339466296,0.6274725689719224,0.536366771006847,0.027246425960480436
edge_BrBt_cS2_kS1,False,6.0,0.8121096477478573,0.03747558551940244,5229.6786359462185,rowcol,0.295772445640051,0.6264293001887926,0.18845960919190272,1.0365972928180829,0.302163662703755,0.6224866518129841,0.29898797518153225,0.6244516818030562,0.20701515542784835,0.6282806395935561,0.4357846084639825,0.022127300410868606
all_BrBt_cS2_kS1,False,6.0,0.9631382959346465,0.11065567886865425,5229.6786359462185,rowcol,0.32873651369703,0.6186210534899251,0.04074705697191844,1.3175797042161588,0.36805430303127706,0.6133311909284973,0.34896707533777194,0.61596918095208,0.13424183620888558,0.6236370246907608,0.5180170284173901,0.026244891133527265
edge_Br_only_kS1,False,8.0,1.0,0.07381268921915739,5229.6786359462185,rowcol,0.35853516825936177,0.6210317924679208,0.021989210491427106,1.373182218141573,0.3869767679358112,0.6159843548502485,0.3730397768204586,0.6185011810321465,0.139182176798519,0.6269570901113822,0.5375271298168968,0.02725576373630825
edge_BrBt_kS1,False,8.0,1.0,0.07866547885426897,5229.6786359462185,rowcol,0.35755608558793367,0.6209137232673256,0.022179275389731423,1.3751840167641545,0.387883590219963,0.6159335588864647,0.37304165128826244,0.6184167732906827,0.1392089087701596,0.6269051497759612,0.5376420841105777,0.02725648516015229
all_BrBt_kS1,False,8.0,1.0,0.029976346476447858,5229.6786359462185,rowcol,0.36744842300763736,0.6220989840252296,0.020669477067734924,1.35632615076754,0.3788399093467049,0.6164434098739852,0.3731927008612831,0.6192641609994078,0.1390632643706988,0.6274476887655263,0.5364963021877964,0.02724974582377544
edge_BrBt_cS2_kS1,False,8.0,0.8120877214784405,0.044877836230429825,5229.6786359462185,rowcol,0.29486493379220596,0.6258376077854656,0.18763178316621015,1.0414102929682854,0.30295566324660195,0.622589615126596,0.29894127038825696,0.6242079754220766,0.20635536891695283,0.6280959033597334,0.4361635795847596,0.02213191394382461
all_BrBt_cS2_kS1,False,8.0,0.9606196349801787,0.1413817025821483,5229.6786359462185,rowcol,0.3214092665548666,0.6168186829780737,0.04099088060909059,1.3341410179756004,0.37224242907668154,0.6132682426750085,0.347778459085722,0.6150375546457104,0.13388534777462777,0.6229703333970307,0.5180456265011967,0.02619402669821734
edge_Br_only_kS1,False,10.0,1.0,0.05181049661574493,5229.6786359462185,rowcol,0.3631039512730254,0.6212252405732723,0.021263862052222034,1.3666220266184073,0.38313489137783435,0.6164540463924404,0.3732627246596563,0.618832859250645,0.13916623356480673,0.6271816168094907,0.5373057841992096,0.027262574836252704
edge_BrBt_kS1,False,10.0,1.0,0.057010498083765966,5229.6786359462185,rowcol,0.362057378345013,0.6210644876631757,0.02142985212978821,1.3688436951549303,0.38412640303894713,0.616423642088245,0.37326484536907906,0.6187373444698883,0.13918899988250225,0.6271219845294043,0.5374579582775427,0.027264292348655298
all_BrBt_kS1,False,10.0,1.0,0.0180815112746671,5229.6786359462185,rowcol,0.36992848674471196,0.6222690564603289,0.020454383965153942,1.3529246618348476,0.3767382782551968,0.6166515046248188,0.37335193806630196,0.6194532468367492,0.13909400591218393,0.6275815611968493,0.5363230359842261,0.0272517392118688
edge_BrBt_cS2_kS1,False,10.0,0.811830263056187,0.04938913592664443,5229.6786359462185,rowcol,0.2941572683482853,0.6252339357014276,0.18707534038140466,1.044591819948274,0.3035819156757714,0.6228757958580203,0.29891093158649273,0.6240503539276934,0.2059125147552622,0.6279773804611587,0.4364156305185707,0.022135010111911706
all_BrBt_cS2_kS1,False,10.0,0.9576905722203788,0.1675728560792358,5229.6786359462185,rowcol,0.3151875730855428,0.6147978901805448,0.04103230392021003,1.3483600406668421,0.3758840318009331,0.6137555436321239,0.34689287233818805,0.6142744513237747,0.13358304338195257,0.6224369571304499,0.518069760698402,0.026151293327376233
edge_Br_only_kS1,False,12.0,1.0,0.007907487386597526,5229.6786359462185,rowcol,0.3720602435315563,0.6225467762741898,0.020303289633524846,1.3492320521578363,0.37486886560276617,0.6167599601628333,0.3734684441978412,0.6196463181253651,0.1391174828322131,0.6277151126256072,0.536072947699261,0.027250741165840524
edge_BrBt_kS1,False,12.0,1.0,0.013084208075170214,5229.6786359462185,rowcol,0.37104585109062865,0.6223618731494601,0.020371436362611482,1.3513173436223325,0.375875199737022,0.616761564546332,0.37347047981852305,0.6195546862097363,0.139126832199149,0.6276567253745527,0.5362523058104844,0.027253763564132567
all_BrBt_kS1,False,12.0,1.0,-0.0035397638588411918,5229.6786359462185,rowcol,0.3743074513991756,0.6229560290140006,0.02019695135634507,1.3447174752638231,0.37264897877815484,0.6167564567561845,0.37347839791313153,0.6198492035936493,0.1391077516288688,0.6278461292464278,0.535676897862318,0.027244101118008335
edge_BrBt_cS2_kS1,False,12.0,0.811328237986427,0.05125768056298859,5229.6786359462185,rowcol,0.29373344865643175,0.6247505643336594,0.1869010635973491,1.045546490121029,0.303975663955166,0.6232766272345202,0.29890298563147943,0.6240105146705829,0.2057741929902762,0.6279492000156413,0.43649139206988613,0.022135987745202427
all_BrBt_cS2_kS1,False,12.0,0.9545617879426501,0.18857210197270158,5229.6786359462185,rowcol,0.3106908198999812,0.6129147231150406,0.04086608843832122,1.3573313844237502,0.37888130917194107,0.6147729302468914,0.3464979558257294,0.6138489628199199,0.13339930205679243,0.6221566924117713,0.5180843271650498,0.02612578134364275
edge_Br_only_kS1,False,14.0,1.0,-0.060986956011836034,5229.6786359462185,rowcol,0.38479370279777575,0.625167830765656,0.0207129157342237,1.3235002776699887,0.36126629109333724,0.6163106858508778,0.3732049774327771,0.6207339257785411,0.13907333432765437,0.6283979521694828,0.5333629620138598,0.027190368823504008
edge_BrBt_kS1,False,14.0,1.0,-0.05615083869563255,5229.6786359462185,rowcol,0.38390273292990235,0.6249813806924754,0.02060850853404909,1.3251673195911253,0.36221473918524905,0.6163460688420246,0.37320666460791124,0.620658141869653,0.13906055232378933,0.6283482354694359,0.5335554494169573,0.02719473246037539
all_BrBt_kS1,False,14.0,1.0,-0.03418586790080998,5229.6786359462185,rowcol,0.3798652080918055,0.6241367570213213,0.020273697613623826,1.3330123007561667,0.36654131474059454,0.6165068839452221,0.3732567908456257,0.6203153490787479,0.1390363627036133,0.6281283304463587,0.5344312367935425,0.027214680660889466
edge_BrBt_cS2_kS1,False,14.0,0.8106440314766676,0.050888505765294745,5229.6786359462185,rowcol,0.2936467401243749,0.6244816578503306,0.18711103594582384,1.0443200819773237,0.30408714054973685,0.6236944530145013,0.29891717009447794,0.6240863015579732,0.205941761805046,0.6280096865250706,0.43639164715253087,0.022134845115964523
all_BrBt_cS2_kS1,False,14.0,0.9514806403893434,0.20377889383422676,5229.6786359462185,rowcol,0.30845917121198807,0.6115281219543722,0.04056449228442662,1.3593065395721033,0.3809696676629019,0.6161457463940875,0.34664782116116094,0.6138522920392346,0.13337281733540057,0.6221901673191689,0.518086304204305,0.026122735798103425
edge_Br_only_kS1,False,16.0,1.0,-0.15922944318220977,5229.6786359462185,rowcol,0.3996588893696144,0.628996966370061,0.02542555167539624,1.2942208550578627,0.34167667063988155,0.6144600210829687,0.371774079818523,0.6217363006347256,0.13922650048860563,0.6289544177617339,0.5286293696213528,0.027038606444027564
edge_BrBt_kS1,False,16.0,1.0,-0.1549624280793485,5229.6786359462185,rowcol,0.39895361678454583,0.6288277045718051,0.025160597757804555,1.2953444633737938,0.34250109854870736,0.614521535602474,0.37177530278545723,0.6216816428544178,0.139185361448343,0.6289169739089095,0.5288200419786162,0.0270440328763732
all_BrBt_kS1,False,16.0,1.0,-0.0721835941564826,5229.6786359462185,rowcol,0.3853483225379581,0.6255873013446134,0.021207264529228217,1.3200971790881058,0.35876599365323536,0.6157154885349984,0.37228266797677095,0.6206474713838035,0.13880073085334077,0.6282629873491307,0.532535105244255,0.027150782952056245
edge_BrBt_cS2_kS1,False,16.0,0.8098930400259505,0.048633193286252575,5229.6786359462185,rowcol,0.2939157536388423,0.6244718608106399,0.1876273877739017,1.0413988832267347,0.30388954714593874,0.6240330047902946,0.2989486843245646,0.6242514244099798,0.20635337962291703,0.6281386483424579,0.43615322748653923,0.02213201346970165
all_BrBt_cS2_kS1,False,16.0,0.9487451923093361,0.21238487545364654,5229.6786359462185,rowcol,0.3089177630864334,0.6109328402087283,0.0402384217463833,1.3539433159627423,0.3817435382685927,0.6175865895166446,0.3472773117005338,0.6142845971390931,0.13351047248181855,0.6225318113311105,0.518075187536827,0.026142815012095165
edge_Br_only_kS1,False,18.0,1.0,-0.29241730896147644,5229.6786359462185,rowcol,0.41371947187566976,0.6337043419988633,0.03675915930206882,1.266718144173456,0.31641837863548367,0.6106766237780465,0.3682534358370468,0.6222420788416819,0.14013543016072844,0.6290587698972319,0.5212451973148942,0.026741283526151762
edge_BrBt_kS1,False,18.0,1.0,-0.28880135994953887,5229.6786359462185,rowcol,0.4132154292758698,0.6335610143377037,0.03643772306379103,1.2673490965543435,0.3170770296576807,0.6107517681982594,0.3682542396507552,0.6222065024035148,0.1400631854684282,0.6290327302940283,0.5214232726136083,0.02674733535689488
all_BrBt_kS1,False,18.0,1.0,-0.11503656923941968,5229.6786359462185,rowcol,0.38922252751093556,0.6269328386061528,0.02340081604588683,1.308249190710619,0.3501456380979552,0.6143643334414123,0.3701826839390116,0.6206504169966753,0.13833943890086214,0.6280922089806771,0.5300372741824774,0.027043840591006663
edge_BrBt_cS2_kS1,False,18.0,0.8092304960176757,0.04457052789319663,5229.6786359462185,rowcol,0.2945343675195692,0.624724271586102,0.18833160365283833,1.037461765204887,0.3033733239399321,0.6242139771480704,0.29899044230665295,0.6244679591089216,0.2069149909368794,0.6283067015824892,0.4358306978901524,0.022128139443468725
all_BrBt_cS2_kS1,False,18.0,0.946752063823385,0.21283844725080112,5229.6786359462185,rowcol,0.31235990816669107,0.6113139062279399,0.039990254487349594,1.3422454175228424,0.3807014751071847,0.6187520675803557,0.34824162946982473,0.6150619756027695,0.13378789325224377,0.6231162348721018,0.51805292418211,0.02618231622604713
edge_Br_only_kS1,False,20.0,1.0,-0.4661821961424731,5229.6786359462185,rowcol,0.42263701110308943,0.6387476861891394,0.0552686760374579,1.2440270680834828,0.2879965786429181,0.6048434423693686,0.3615791392306733,0.621945746990326,0.14298899599058315,0.6284501982176767,0.510581915061405,0.026239313797142404
edge_BrBt_kS1,False,20.0,1.0,-0.4630578061666401,5229.6786359462185,rowcol,0.4222994807870428,0.6386255301897197,0.05494822495355045,1.2443326872763543,0.2884917653883741,0.6049228418812503,0.3615796822729052,0.6219221186214889,0.1428824620249091,0.6284312177411978,0.5107488815868312,0.02624583759651808
all_BrBt_kS1,False,20.0,1.0,-0.15964676152179472,5229.6786359462185,rowcol,0.3900728726804225,0.6277485812076401,0.026834426368492616,1.298935650624166,0.34192626160569783,0.6126624669785165,0.36676904117695136,0.6202154039446615,0.13763773883618838,0.6275298222126572,0.5270965173908421,0.026893955854974255
edge_BrBt_cS2_kS1,False,20.0,0.8088683342766307,0.03818000966756746,5229.6786359462185,rowcol,0.2954906570545821,0.6252178569141804,0.18909491032136824,1.0331953039165698,0.30253104305917505,0.6241773441984965,0.2990347022041367,0.6246953348963102,0.20752414650300918,0.6284818628552207,0.435482608467041,0.022123918751943156
all_BrBt_cS2_kS1,False,20.0,0.9461326651255784,0.20161365757533004,5229.6786359462185,rowcol,0.3189563111336819,0.6127326609883779,0.03987627897107757,1.3262805370629263,0.3772701253482574,0.6192880072332384,0.3493579801350788,0.6160346922947593,0.1341544209194891,0.6238304745935688,0.5180235366348902,0.026233990363095545
edge_Br_only_kS1,False,22.0,1.0,-0.6826490776848146,5229.6786359462185,rowcol,0.42106977464249157,0.6432930056582716,0.0807116655733981,1.2236367568983681,0.26250529584777327,0.5978083445686077,0.35079363761876486,0.6208588259440261,0.14962576233438868,0.6271010604746148,0.4962674968492625,0.02548647515728834
edge_BrBt_kS1,False,22.0,1.0,-0.6794969627380547,5229.6786359462185,rowcol,0.4208370306290589,0.6431721943102839,0.08036475676740201,1.2237997474932871,0.2628789276127559,0.5978934174627245,0.35079413680225585,0.6208376972349172,0.14946453948599023,0.627082517226321,0.4964478529995269,0.025494340918941226
all_BrBt_kS1,False,22.0,1.0,-0.20259055797320877,5229.6786359462185,rowcol,0.3870247244147042,0.6276789177991832,0.031043247918643914,1.292564321318599,0.3355647077423663,0.611026246276079,0.3621869186692114,0.619368822473588,0.13674655419694198,0.6266066819299365,0.5239735719933899,0.026712685153067354
edge_BrBt_cS2_kS1,False,22.0,0.8091736611687171,0.027520145699235117,5229.6786359462185,rowcol,0.29679534526099643,0.6259276250510928,0.18978899165669244,1.0292118928189165,0.3013301821991918,0.6238649373493854,0.2990733763165976,0.6248922114234894,0.2080783018753183,0.6286304007551222,0.4351668805899846,0.022120032817336995
all_BrBt_cS2_kS1,False,22.0,0.948162058090072,0.16979719098725238,5229.6786359462185,rowcol,0.3288265699896369,0.6151458436211164,0.0398888626126464,1.3088319032919395,0.37074041217778053,0.618831548533483,0.35042934604963694,0.6170002409148019,0.13453769694265652,0.6245194299802157,0.517992805824726,0.026287757441741458
edge_Br_only_kS1,False,24.0,1.0,-0.9330047213540812,5229.6786359462185,rowcol,0.4043330953541349,0.645912201217915,0.11164075283225013,1.1965860097092076,0.24889536115271887,0.5921224324206155,0.3356663655508412,0.6194730862919741,0.16159348169526877,0.625372123947797,0.4787654772157616,0.024489236538690735
edge_BrBt_kS1,False,24.0,1.0,-0.9289094459431049,5229.6786359462185,rowcol,0.4041662263436938,0.6457613785869224,0.11117086300505782,1.1967756446406146,0.24916782816463182,0.5922202597666275,0.3356671349685597,0.6194418209541847,0.16131362911940278,0.6253439131845597,0.4790133401797132,0.02450101767279922
all_BrBt_kS1,False,24.0,1.0,-0.2404302983553744,5229.6786359462185,rowcol,0.380040761624009,0.6265482400305891,0.035336468922978426,1.2887364682134494,0.33239875340900094,0.6099714286345839,0.35699419756883066,0.6182758450157495,0.13578339756621108,0.6254785873161517,0.5210022681221688,0.026522774895617742
edge_BrBt_cS2_kS1,False,24.0,0.8110637164568414,0.006246671677816853,5229.6786359462185,rowcol,0.29854020680790244,0.6268489683971445,0.1902603837077087,1.026097368813044,0.29964887501141785,0.6231717217385417,0.29909554778227876,0.6250042768166824,0.20845416051670387,0.6287053508817598,0.4349526304404475,0.02211726416098822
all_BrBt_cS2_kS1,False,24.0,0.9562219830347756,0.09114988424789716,5229.6786359462185,rowcol,0.34226898613258505,0.6184504986032342,0.03995394644060844,1.2932839571339447,0.35993832543011356,0.6169015698899953,0.3512226471365679,0.6176728245696415,0.13483580685412094,0.6249525198365375,0.5179689617226055,0.026329716456469608
edge_Br_only_kS1,False,26.0,1.0,-1.1866130761991442,5229.6786359462185,rowcol,0.3720311913681367,0.6442424870976339,0.14384057469559258,1.1541702575121444,0.25250899513830066,0.5920678350235629,0.3178848758134877,0.6185810116125826,0.17786394318344168,0.6239350733940118,0.46028589611631776,0.023373094511832514
edge_BrBt_kS1,False,26.0,1.0,-1.1805631405390258,5229.6786359462185,rowcol,0.371945187970726,0.6440418309122173,0.143128025787971,1.1546400218543231,0.2526393865089506,0.592157995706591,0.3178864471488623,0.618520390557473,0.17736710555942908,0.6238814840821901,0.4606685143965217,0.023392501430866273
all_BrBt_kS1,False,26.0,1.0,-0.2700394330340768,5229.6786359462185,rowcol,0.36998930013017284,0.6244409798034574,0.03900887078353593,1.2866923621571702,0.33330519443369816,0.6099382611641564,0.3521089897599978,0.6171976201933782,0.134911608547497,0.6243907373269619,0.5185411289187172,0.02635430069437474
edge_BrBt_cS2_kS1,False,26.0,0.8180849642059205,-0.05206250834624024,5229.6786359462185,rowcol,0.3010987878377104,0.6280411103731821,0.19015627392385437,1.024863987361325,0.2970355247249452,0.6217532771468411,0.2990722494044462,0.6248901018513666,0.20836753138622513,0.6285785452192303,0.43499927558275836,0.022117327613135358
all_BrBt_cS2_kS1,False,26.0,0.9829096606241857,-0.13563767317437436,5229.6786359462185,rowcol,0.36039399403890016,0.6224933369419068,0.039917399058615605,1.2851807839555247,0.3418933060695549,0.6123638430279918,0.35125724493568766,0.6174251975765029,0.13483873204152458,0.6245923132461565,0.5179690801397795,0.026331878437352255
edge_Br_only_kS1,False,28.0,1.0,-1.385403301250799,5229.6786359462185,rowcol,0.33177572777440684,0.6357297817941858,0.16945538419730696,1.1043397001217194,0.26970512401130337,0.6010274426584226,0.3023100824402832,0.6185392333132382,0.19300752252244402,0.62326167344097,0.4453711074792364,0.022434989314457393
edge_BrBt_kS1,False,28.0,1.0,-1.3771137888596714,5229.6786359462185,rowcol,0.3317735942781544,0.6355183262374526,0.16846449657647786,1.1053657051948846,0.2697141218085221,0.6010347474327237,0.3023129300681169,0.618434660691846,0.19225739093302915,0.6231713659914246,0.44591096665462554,0.02246356364149379
all_BrBt_kS1,False,28.0,1.0,-0.2889133713261186,5229.6786359462185,rowcol,0.3584582110471269,0.621722199980878,0.04147311599468126,1.2856855732384682,0.33845501818167245,0.6111121051074297,0.3485912260960127,0.6164146689318599,0.13430088136462418,0.6236076939885407,0.5169122250814896,0.026237762307865235
edge_BrBt_cS2_kS1,False,28.0,0.8587299256923588,-0.3625605783368129,5229.6786359462185,rowcol,0.30641166981451845,0.629608222700911,0.18705674129021696,1.0330181158271137,0.2909869962273743,0.617448049338401,0.29879202236207025,0.6235287699349301,0.2058744098465761,0.627328426569674,0.43640918775378457,0.02213232013624844
all_BrBt_cS2_kS1,False,28.0,1.1086531828558304,-1.1628092869812188,5229.6786359462185,rowcol,0.385047604585957,0.6257565495474504,0.039770922551340265,1.3165599780161863,0.30568244997107297,0.6001059976675787,0.347602248153065,0.6130042573446344,0.13350464556726657,0.6207141342673593,0.5180768492262809,0.02616143060462565
edge_Br_only_kS1,False,30.0,1.0,-1.4622884924211403,5229.6786359462185,rowcol,0.2957043258815639,0.6207534616277013,0.17942446765168263,1.079247366437016,0.2960720149142796,0.6167958334350839,0.2958883910748152,0.6187683700833815,0.19933131802030365,0.6231795411458523,0.43951224961252433,0.022058445563601217
edge_BrBt_kS1,False,30.0,1.0,-1.4529421897063777,5229.6786359462185,rowcol,0.29570971377243793,0.6206311777626354,0.1783018446379189,1.0806254399616935,0.2960738024753032,0.616660437058112,0.2958919760854936,0.6186395203451397,0.1984599960900711,0.6230692359276739,0.44012738456586975,0.022091504837790852
all_BrBt_kS1,False,30.0,1.0,-0.29543133681458267,5229.6786359462185,rowcol,0.34737748844359795,0.6189688856708869,0.04234273159988371,1.2852131771130109,0.34722423478751924,0.6133249905853909,0.34730080189547574,0.6161399360050268,0.13407973668794454,0.6233312088242844,0.51633981231505,0.02619595521339899
edge_BrBt_cS2_kS1,False,30.0,18.292369774066202,-132.15211997570134,5229.6786359462185,rowcol,0.026864352650888604,0.22085385029627191,1.565382056485059,24.30869580736179,0.027141973904210658,0.22171940658525233,0.027003643550578563,0.2212891165367283,1.4549097585303112,2.046680134410446,1.2122390993587153,0.07297951300596309
all_BrBt_cS2_kS1,False,30.0,1.846510468890914,-7.155046235332038,5229.6786359462185,rowcol,0.30237345400236376,0.5864382183820186,0.05801084559030062,1.8600798844953381,0.3024279735406061,0.5815944361291628,0.30240073925261923,0.5840097934138385,0.1239445964855409,0.6024282129361755,0.5187983658799629,0.02513014403767487
edge_Br_only_kS1,False,32.0,1.0,-1.3859231938970944,5229.6786359462185,rowcol,0.26922806939159394,0.6052721983200141,0.16951413370010793,1.1013233851401816,0.3319537143229166,0.6317608608748949,0.30225036907236325,0.6187214890141156,0.19303934471172898,0.6234038954570138,0.44533724976327654,0.022433197324567413
edge_BrBt_kS1,False,32.0,1.0,-1.3775442494879557,5229.6786359462185,rowcol,0.2692405638563625,0.605290635823443,0.16851255141959362,1.102380742601427,0.331948893043471,0.6315351243035134,0.3022532790498156,0.6186146791237852,0.19228099283311598,0.6233117271140678,0.4458829322306629,0.022462079747545365
all_BrBt_kS1,False,32.0,1.0,-0.28903274480114655,5229.6786359462185,rowcol,0.33857587231964903,0.616808082180904,0.04148277798009491,1.2851333147476807,0.3582703958693659,0.6160958599321593,0.34857101707768656,0.6164503748038261,0.13429631456587854,0.623634765275261,0.5169044240388778,0.02623734613335839
edge_BrBt_cS2_kS1,False,32.0,0.8595342332767679,-0.3687673001160115,5229.6786359462185,rowcol,0.29046034331831627,0.6214306628086864,0.1870006415046216,1.032366808026421,0.30685501557270956,0.6256427863378821,0.2987774456626085,0.6235503297808589,0.20582750024077776,0.6273421936852401,0.4364346574238307,0.022132618442699724
all_BrBt_cS2_kS1,False,32.0,1.1094530188615304,-1.169361729421218,5229.6786359462185,rowcol,0.3054762304111597,0.605771175045172,0.039761986989170224,1.3147981585826296,0.38500298558188734,0.6203311437277207,0.34755710321418753,0.6131291142661712,0.13348633646729086,0.6208104161076029,0.5180780683505285,0.026160530659979593
edge_Br_only_kS1,False,34.0,1.0,-1.187564459810937,5229.6786359462185,rowcol,0.2520146478011841,0.5967951236799037,0.14394562272017014,1.1494352502161824,0.3720218777314853,0.6400023237426579,0.3177878910386368,0.6188789723760811,0.17791374016232492,0.6241671908013197,0.46022573000618067,0.023370043042651906
edge_BrBt_kS1,False,34.0,1.0,-1.1813580129815375,5229.6786359462185,rowcol,0.2521511802671237,0.5968947252949588,0.1432146307312997,1.149942652160074,0.37193234027930966,0.6397875507854128,0.3177895452306429,0.6188152047853793,0.177403836464386,0.6241109556174192,0.46061824236720833,0.023389951416316123
all_BrBt_kS1,False,34.0,1.0,-0.2702795368892418,5229.6786359462185,rowcol,0.33340048575918907,0.6157102262884362,0.03902743123820028,1.2856930416643029,0.3697712088028257,0.6187946268176742,0.35207199846926396,0.6172617113558165,0.13490309598613548,0.6244392244924463,0.5185258010295039,0.026353510141702053
edge_BrBt_cS2_kS1,False,34.0,0.8184802493906791,-0.05530951224094099,5229.6786359462185,rowcol,0.29653629455598074,0.6257373090099095,0.19014693178265468,1.0245796645606011,0.30157394830490686,0.6240619477636615,0.29906796966230953,0.6248961930171936,0.20835933032917248,0.6285813106281104,0.4350034363241393,0.02211735717941517
all_BrBt_cS2_kS1,False,34.0,0.9833803780484356,-0.1395795905994519,5229.6786359462185,rowcol,0.3417695890685511,0.6180307080568863,0.03991355414711323,1.2846552810188805,0.36046133271310027,0.6168757821371248,0.35124813327931176,0.6174507598799754,0.13483451590921866,0.6246098308506924,0.517969368722528,0.026331685653623777
edge_Br_only_kS1,False,36.0,1.0,-0.9342623012699316,5229.6786359462185,rowcol,0.2484474407914043,0.5973474735359319,0.11177404372190339,1.1915555715019122,0.4042061347756513,0.641262333651615,0.3355586178075888,0.6197987218790605,0.16164258638350407,0.6256251626420155,0.4786893681959816,0.024485619409176564
edge_BrBt_kS1,False,36.0,1.0,-0.9299748581710813,5229.6786359462185,rowcol,0.24873494392520915,0.5974537385337638,0.11128208678289556,1.191776473552403,0.40403099300319434,0.6410983643905059,0.3355594613988565,0.6197644714163739,0.1613493572305827,0.6255944171971812,0.478948854685122,0.024497952433523006
all_BrBt_kS1,False,36.0,1.0,-0.24079359049506516,5229.6786359462185,rowcol,0.3324770866663514,0.6158282249390981,0.035362280136339,1.2874705118058556,0.37980312811456296,0.6208494743435938,0.356946368430172,0.6183559252358809,0.13577207494934931,0.6255389261061993,0.5209799578304238,0.02652168813960535
edge_BrBt_cS2_kS1,False,36.0,0.8113178007520981,0.003923647737337033,5229.6786359462185,rowcol,0.29915979511475854,0.6271547625099514,0.19027608280475347,1.0259677841505683,0.2990325199439485,0.6228670078961912,0.29909610768221884,0.6250043330117552,0.20846664730578357,0.6287039246084359,0.4349454868436168,0.022117156866929288
all_BrBt_cS2_kS1,False,36.0,0.9565479564244711,0.08831762883458823,5229.6786359462185,rowcol,0.3598598269188586,0.6225155867959107,0.03995672139893329,1.293508721500109,0.3424042725802018,0.6127809579434755,0.35123273968108576,0.61764422717494,0.13484009783653547,0.6249277129998239,0.5179686723750566,0.02632999348852878
edge_Br_only_kS1,False,38.0,1.0,-0.6841022540347079,5229.6786359462185,rowcol,0.26213977531075705,0.6034206567717255,0.08085613176795725,1.2192362208103509,0.4209021228668681,0.6382175627084018,0.3506938386534127,0.6211458326214649,0.1496612686333003,0.627323190834914,0.49618435708036795,0.02548284977897779
edge_BrBt_kS1,False,38.0,1.0,-0.6807499180864119,5229.6786359462185,rowcol,0.262539049691798,0.6035132337052151,0.08048714697352713,1.2194295954052763,0.42065457348820956,0.6380845693574927,0.3506944034274462,0.6211219454798605,0.14948954728364405,0.6273023382549522,0.4963761594073976,0.025491213996683356
all_BrBt_kS1,False,38.0,1.0,-0.20308010695716125,5229.6786359462185,rowcol,0.33563367050815585,0.6169617668963346,0.03107353762503039,1.291236822682392,0.38678309902251456,0.6219069118543491,0.36213533466257675,0.61945107134702,0.13673388846064743,0.626668236765871,0.5239450866185774,0.026711407026810963
edge_BrBt_cS2_kS1,False,38.0,0.8093529239566105,0.02560301653334966,5229.6786359462185,rowcol,0.3008458685508723,0.6278482471803426,0.18982497824136318,1.0291491331288498,0.29730170191021754,0.6219456848846443,0.29907745862820867,0.6248898537703316,0.2081074545084616,0.6286273536222747,0.43515056549377584,0.02211981358544456
all_BrBt_cS2_kS1,False,38.0,0.9484106267794374,0.16752200138400816,5229.6786359462185,rowcol,0.370690876545421,0.6243942128168376,0.03989626240021274,1.3094757057504922,0.32901414869604617,0.6094682300724368,0.35045405666281715,0.6169407530215398,0.13454835872355211,0.6244705269103793,0.517992075236649,0.026288404784168513
edge_Br_only_kS1,False,40.0,1.0,-0.46775635592227693,5229.6786359462185,rowcol,0.2877189021515281,0.6107027932347342,0.0554100132455542,1.2406581056293402,0.42248472481665317,0.6333105016899154,0.36149734555987334,0.6221632753406195,0.1430080760050746,0.6286173189862985,0.510497803358507,0.0262360281036344
edge_BrBt_kS1,False,40.0,1.0,-0.4644425980141159,5229.6786359462185,rowcol,0.28824593364360634,0.6107882404376085,0.05507001405872953,1.2410031781018853,0.4221270110553766,0.633176911564221,0.36149795656225253,0.6221367051923248,0.1428947973526943,0.6285959785439202,0.5106748751314547,0.026242945731598372
all_BrBt_kS1,False,40.0,1.0,-0.16026556320692004,5229.6786359462185,rowcol,0.3419908618106619,0.6186599081164847,0.026865029969040485,1.2977214902450471,0.389844922043336,0.6218970998786336,0.36672058203292857,0.6202883385460565,0.13762530809023515,0.6275838027327632,0.5270629162563596,0.026892605352357643
edge_BrBt_cS2_kS1,False,40.0,0.8089984738260425,0.0364539302409037,5229.6786359462185,rowcol,0.30204861848179493,0.6281631225072453,0.18914987015659573,1.0331397548463448,0.296009871490398,0.6212374116589091,0.299041802132523,0.6246933424533723,0.2075687995941464,0.6284792564663183,0.4354576818528328,0.022123593829644645
all_BrBt_cS2_kS1,False,40.0,0.9463329198048958,0.19965185108877997,5229.6786359462185,rowcol,0.37724057005430794,0.6248105336133766,0.03988634530005113,1.3271043654808832,0.3191861298805192,0.6070690640049015,0.3493953797954124,0.615961351525722,0.134170271127322,0.6237708349111745,0.5180224378270228,0.026234955433484215
edge_Br_only_kS1,False,42.0,1.0,-0.29407201684855894,5229.6786359462185,rowcol,0.3162152209825557,0.6166683892371267,0.03688268418432098,1.2643922194216743,0.41361575691738445,0.6280013840896446,0.3681937697001065,0.6223877182837976,0.14014211159454912,0.6291690426275525,0.5211637238945759,0.026738515751843273
edge_BrBt_kS1,False,42.0,1.0,-0.29028860082049535,5229.6786359462185,rowcol,0.31690630829072064,0.6167476038134321,0.03654589123795644,1.2650755106036302,0.41308900380013625,0.6278475008884675,0.368194649835201,0.6223487792114296,0.14006619098201714,0.6291404174119393,0.5213500242843294,0.026744845646885094
all_BrBt_kS1,False,42.0,1.0,-0.11578672961667874,5229.6786359462185,rowcol,0.350208199589663,0.6204026515652102,0.023426337291102526,1.3072520970413317,0.3890249072107674,0.6210093802892974,0.37014300648705306,0.6207075374980794,0.13832870912783948,0.628133712446496,0.5299998523623795,0.027042536880259135
edge_BrBt_cS2_kS1,False,42.0,0.8093236576696603,0.042920485970980984,5229.6786359462185,rowcol,0.3028909015433115,0.6282051787510716,0.188405047306308,1.037362447040962,0.29506540828637273,0.6207460224194704,0.2990002761886616,0.6244689427970349,0.20697467169645245,0.6283065234269903,0.4357973310943739,0.02212771085566212
all_BrBt_cS2_kS1,False,42.0,0.946918566909576,0.21106304146403831,5229.6786359462185,rowcol,0.3806861045717706,0.6242508487205258,0.04000095538015081,1.3430626364637606,0.31262205067121146,0.6056755174333682,0.3482904487199034,0.6149890032624475,0.13380796420773533,0.6230570497076835,0.5180515161106543,0.02618355568074614
edge_Br_only_kS1,False,44.0,1.0,-0.16094884464858833,5229.6786359462185,rowcol,0.3415303562109221,0.6205093496251645,0.02551061483342877,1.2927203582515596,0.3996193896556367,0.6231233166260611,0.37173710059059495,0.6218239426381003,0.13922649252008384,0.6290188285737301,0.5285525609863243,0.02703642197473789
edge_BrBt_kS1,False,44.0,1.0,-0.15654195001774804,5229.6786359462185,rowcol,0.34238387807897214,0.6205728172359668,0.025235423061131503,1.293904455029159,0.3988920865692024,0.6229449037350232,0.3717384051829841,0.6217656506301982,0.13918363953714244,0.628978666662906,0.5287494512110531,0.02704202329796649
all_BrBt_kS1,False,44.0,1.0,-0.07306545315759232,5229.6786359462185,rowcol,0.35882692660616733,0.6217756506886133,0.021222570057326338,1.3193363776678915,0.38519371584793205,0.6196088979951464,0.3722555676075307,0.6206880507045623,0.13879285145121462,0.6282915971826876,0.5324953679950238,0.02714963096042715
edge_BrBt_cS2_kS1,False,44.0,0.8099558147867949,0.046986442528657135,5229.6786359462185,rowcol,0.3034058451309575,0.6280331832856234,0.18771850371784216,1.041211559640289,0.2944570996486623,0.6204955878387276,0.29896097612775846,0.6242577799583761,0.2064273724790042,0.6281427445143389,0.4361117199139723,0.022131485171622802
all_BrBt_cS2_kS1,False,44.0,0.948885874417461,0.21072194450993512,5229.6786359462185,rowcol,0.3817381910607244,0.6230810919097831,0.040247716683759385,1.3546147827327442,0.30920116759445854,0.6053221272039221,0.3473361620653501,0.6142234277009373,0.1335337420815409,0.6224821109092433,0.5180735343814118,0.026144278515069567
edge_Br_only_kS1,False,46.0,1.0,-0.06277043619524628,5229.6786359462185,rowcol,0.36116042193520137,0.622377805093285,0.020741047601748566,1.3225285371566369,0.384821500555862,0.6192006377187995,0.3731890547517619,0.6207836743598704,0.1390711362112998,0.6284324160952718,0.5332920067173741,0.027188762179238
edge_BrBt_kS1,False,46.0,1.0,-0.057824499862158214,5229.6786359462185,rowcol,0.3621325638654443,0.6224133356742534,0.020631288646881404,1.3242544268657193,0.38391187254794695,0.6190070748919116,0.37319081949707994,0.6207044156865605,0.1390576781362282,0.6283801387371245,0.5334888204262759,0.027193221150776884
all_BrBt_kS1,False,46.0,1.0,-0.03519715153662093,5229.6786359462185,rowcol,0.3665999820422811,0.6225760041437619,0.020276482399150152,1.33243957602997,0.37976009644478187,0.6181238460924525,0.3732438990040278,0.6203432978721272,0.1390319995467615,0.6281472243362451,0.5343908596915024,0.027213757585296684
edge_BrBt_cS2_kS1,False,46.0,0.8106807552383252,0.04919408535149303,5229.6786359462185,rowcol,0.3036013621410101,0.6277073979313241,0.1872178097451773,1.0440121302063659,0.2941960650412695,0.620505909386619,0.29893152191292544,0.6240998605603622,0.2060284022825414,0.6280194789819535,0.43634283027631904,0.022134227807522423
all_BrBt_cS2_kS1,False,46.0,0.9515999836046886,0.20218228755540854,5229.6786359462185,rowcol,0.380970899139981,0.621655989326672,0.04057060337586898,1.3597441135171473,0.3087517652060643,0.605939835271624,0.346714697190865,0.6138107200620574,0.1333980974282911,0.6221561394396337,0.5180844844068286,0.026124357657339354
edge_Br_only_kS1,False,48.0,1.0,0.006052518138939165,5229.6786359462185,rowcol,0.3747891034042028,0.6228300948191928,0.02028338511526829,1.3485203945508415,0.3721494031477585,0.6165390907819847,0.37347041122217517,0.6196775678987477,0.13911569402080898,0.627735030167836,0.5360087170948177,0.027249661124447235
edge_BrBt_kS1,False,48.0,1.0,0.011308400859114906,5229.6786359462185,rowcol,0.37581298941909685,0.6228306922550406,0.02034943896136472,1.3506529806114824,0.3711214699441986,0.6163495157257551,0.3734725095647679,0.6195831166474165,0.13912479358407379,0.6276745732272055,0.536190761453709,0.02725272539365791
all_BrBt_kS1,False,48.0,1.0,-0.004674859002490004,5229.6786359462185,rowcol,0.3727041929607505,0.6228289154057088,0.020188608134768738,1.3442546662305113,0.37425113364300383,0.6169263528900273,0.37347915236670143,0.619870578317666,0.13910698137853808,0.6278601400526994,0.5356376684077759,0.027243445954854388
edge_BrBt_cS2_kS1,False,48.0,0.8113427683544374,0.04947893345493578,5229.6786359462185,rowcol,0.3034874188897061,0.6273057068533435,0.18701948450312855,1.045105343364618,0.2942875292472121,0.6207723946198892,0.29891877703744,0.6240320145120204,0.20587023391464465,0.6279652701048439,0.4364370085513584,0.022135303383473914
all_BrBt_cS2_kS1,False,48.0,0.9546623173847907,0.18701197032725808,5229.6786359462185,rowcol,0.37888563813561743,0.6203164481054719,0.04086785627778543,1.3575010380698,0.31098022165407363,0.6073375018860465,0.3465698684384525,0.6138303156804844,0.13342521151310713,0.6221410167334652,0.5180824368264414,0.02612747708793504
edge_Br_only_kS1,False,50.0,1.0,0.04987423484769386,5229.6786359462185,rowcol,0.3830684447690627,0.6225269767053934,0.021217981007874285,1.3659863754408943,0.36324221848534655,0.6152061984067081,0.3732781660464081,0.618859947731008,0.13916582570110397,0.6271984553951414,0.5372491661982107,0.02726193851267613
edge_BrBt_kS1,False,50.0,1.0,0.05512340494869459,5229.6786359462185,rowcol,0.38407140663588996,0.6224951984088485,0.02138291634352897,1.3682373122926346,0.3621879191065788,0.6150431651711527,0.37328032696067737,0.6187626222480918,0.13918841957138597,0.6271374782377712,0.5374027134803767,0.027263667608887453
all_BrBt_kS1,False,50.0,1.0,0.016832068057303796,5229.6786359462185,rowcol,0.3767883776234938,0.6227272472160013,0.020438353022434744,1.3525040588080683,0.36991365213113336,0.6162335090255926,0.37336378003654064,0.6194733951989824,0.13909629980129998,0.6275949573847409,0.5362867750435896,0.027251347969422142
edge_BrBt_cS2_kS1,False,50.0,0.8118270797763898,0.04750191386049018,5229.6786359462185,rowcol,0.3030910823225356,0.6269230160584457,0.18719882767097115,1.0440341890238696,0.294712158151792,0.6212489131078146,0.29892725200642606,0.6240788766664196,0.20601265900924748,0.6279990291122428,0.43635863185567675,0.02213429544138877
all_BrBt_cS2_kS1,False,50.0,0.9577736456891143,0.16602989046720482,5229.6786359462185,rowcol,0.3758872901959997,0.6193443073658011,0.041029497968619884,1.3482812347627127,0.3154619777657986,0.6092168618050268,0.34696566686191055,0.6142772950759756,0.1336080466800934,0.6224385478453001,0.5180679121759038,0.026152961012988425
edge_Br_only_kS1,False,52.0,1.0,0.07178789328924723,5229.6786359462185,rowcol,0.38691182745872243,0.6220651622181111,0.02193263023178905,1.372542163050052,0.3587064446714384,0.6150106543587254,0.37306324216083897,0.6185311359002291,0.1391830317139586,0.6269766143110693,0.5374792152294998,0.027255465980953374
edge_BrBt_kS1,False,52.0,1.0,0.07666169691697146,5229.6786359462185,rowcol,0.38782445989809045,0.6220133101019214,0.022121307106688148,1.3745539101806987,0.3577252293843815,0.614892167259248,0.3730651327788087,0.6184459996291921,0.13920951220157912,0.6269240964568898,0.5375945977067738,0.027256185940556947
all_BrBt_kS1,False,52.0,1.0,0.02862609102410513,5229.6786359462185,rowcol,0.3788826382032052,0.6225245516198226,0.02064961401293923,1.3559181016244122,0.3674631386274769,0.6160605810790724,0.37321148771902035,0.6192855791680207,0.1390675824813707,0.6274625003606947,0.5364647676093275,0.027249574723421006
edge_BrBt_cS2_kS1,False,52.0,0.8120724855880668,0.04287131479775257,5229.6786359462185,rowcol,0.30246214191523507,0.6266545773299359,0.1877511229602911,1.0407879694491462,0.2954164395724704,0.62184032751569,0.29895691353989046,0.6242406082820886,0.20645219452282687,0.6281208798378337,0.43610820169832076,0.022131221374932154
all_BrBt_cS2_kS1,False,52.0,0.9606859062002835,0.13984396870314203,5229.6786359462185,rowcol,0.37223931605680033,0.6189062772308682,0.04098435863657592,1.3338803522960045,0.32165833962519635,0.6112188277210479,0.3478469274377417,0.6150562232563852,0.1339078478347187,0.6229847243160349,0.518043942319002,0.02619555302856048
edge_Br_only_kS1,False,54.0,1.0,0.07422915370646817,5229.6786359462185,rowcol,0.38716279359050887,0.6218566803125726,0.021938522700001854,1.3690099509724616,0.3583752410956264,0.6155386021958063,0.37303401162888444,0.6186906334696151,0.13917316250327558,0.6270787639948229,0.5371081967826217,0.027247509137484954
edge_BrBt_kS1,False,54.0,1.0,0.07833924839251696,5229.6786359462185,rowcol,0.3879215605086675,0.6218028290841737,0.022096210089496405,1.3704747015299588,0.3575580499931882,0.6154711600986483,0.37303535889749334,0.618629989912377,0.13919520115619974,0.6270417701271597,0.537181888526085,0.02724765989554949
all_BrBt_kS1,False,54.0,1.0,0.03103997849283951,5229.6786359462185,rowcol,0.3792424399783469,0.622422615608215,0.020663564639450807,1.3548537761036041,0.3670340623355887,0.6162476097692191,0.3731827471056718,0.6193280771698405,0.1390588670667064,0.6274880430524308,0.5363415501380925,0.027246403269867697
edge_BrBt_cS2_kS1,False,54.0,0.8120891117970878,0.03535368394655125,5229.6786359462185,rowcol,0.30166704152636864,0.6265657962306821,0.18856369660582767,1.0359943459414367,0.2963168413569299,0.6224145167692336,0.29900152845051314,0.6244837024251393,0.20709967826363979,0.628305274302856,0.43573606471496623,0.02212669430832862
all_BrBt_cS2_kS1,False,54.0,0.9631880093765925,0.10911666729551504,5229.6786359462185,rowcol,0.36803829305760666,0.6190136324968908,0.040738689739692614,1.3172372516087731,0.32895220818790694,0.6129907334739523,0.3490254311658257,0.6159951754816487,0.13426030503663244,0.6236574512393962,0.5180156309945889,0.026246161789182904
edge_Br_only_kS1,False,56.0,1.0,0.05993102684581844,5229.6786359462185,rowcol,0.38452225779137367,0.6220424495834268,0.02132977794265145,1.3594406172175737,0.3615202007479271,0.6162679975938196,0.37318826007750855,0.6191481795680186,0.13914774505255983,0.6273812544498987,0.5365061503907771,0.027244469240255052
edge_BrBt_kS1,False,56.0,1.0,0.06291124282087758,5229.6786359462185,rowcol,0.38506995006075034,0.6220033235514785,0.02142345913537188,1.3602229855309473,0.3609392697160006,0.6162436900694218,0.3731889649350277,0.6191164639783736,0.1391604335331494,0.6273620563482865,0.5365420402717802,0.027244429658960526
all_BrBt_kS1,False,56.0,1.0,0.025395342072171055,5229.6786359462185,rowcol,0.3782105890393059,0.6224959105748925,0.02050423465885187,1.3511926055564976,0.3682982280151475,0.6165499286371496,0.37328290282670223,0.6195158680161452,0.13907510798694966,0.6276167950871734,0.5360953523178872,0.027245231291068782
edge_BrBt_cS2_kS1,False,56.0,0.8119594092152174,0.02506253300020055,5229.6786359462185,rowcol,0.3007718556129122,0.6266602481787094,0.18942344460100427,1.0309000992919397,0.2973192528346531,0.6228381285333165,0.2990490010610542,0.6247429929968937,0.20778559763973334,0.6285024954500216,0.43534000000203366,0.022121893643303213
all_BrBt_cS2_kS1,False,56.0,0.9651058981849929,0.07469392838536791,5229.6786359462185,rowcol,0.3632341055213265,0.6195181945360477,0.040386853239502134,1.3018675488173723,0.33670734209877373,0.614257572231822,0.350210173170524,0.616880940979735,0.13458828990386174,0.6243003727916641,0.5179891804351251,0.026293631268874205
edge_Br_only_kS1,False,58.0,1.0,0.03289626069520292,5229.6786359462185,rowcol,0.3796588657244908,0.6224781454123863,0.02056302685577005,1.349929525195189,0.3670211073068083,0.6167441317505004,0.3733878360288407,0.6196040921928933,0.1391209650716523,0.6276842289575912,0.5359936222783023,0.027245269682510048
edge_BrBt_kS1,False,58.0,1.0,0.03445623505230467,5229.6786359462185,rowcol,0.3799471964761962,0.6224614939551453,0.02059103069585487,1.3501461957905387,0.3667235351734796,0.6167435086548728,0.3733880279994544,0.6195954562157624,0.13912461302237797,0.627679029122958,0.5360030553660292,0.027245240615278873
all_BrBt_kS1,False,58.0,1.0,0.01386138381513143,5229.6786359462185,rowcol,0.37615208966965574,0.6226813744760333,0.020307342433436588,1.347540893472487,0.3706654725104081,0.6167518254645545,0.37341641742691756,0.6197095459914168,0.1390989704161419,0.6277516393575349,0.5358801040433298,0.027245716138178597
edge_BrBt_cS2_kS1,False,58.0,0.8118081751665788,0.01256430438031562,5229.6786359462185,rowcol,0.2998228654272674,0.6268654053609436,0.19007321610872666,1.0270417765938744,0.2983457771047993,0.623025611029413,0.2990845760602064,0.6249392968389329,0.20830447150591816,0.628652011654259,0.435039578504766,0.022118258989708137
all_BrBt_cS2_kS1,False,58.0,0.9663081773024716,0.037643921125346924,5229.6786359462185,rowcol,0.35770196283649996,0.6201515649204468,0.04008055953682065,1.2910971456751756,0.3443489436030609,0.614878803920099,0.35108300220287997,0.6175082332431816,0.13481873010969223,0.624759296339699,0.5179705376052026,0.026327223941056226
edge_Br_only_kS1,False,60.0,1.0,-0.0011317197921790736,5229.6786359462185,rowcol,0.3733997653575901,0.6228361636810809,0.020223353021040124,1.3460999865335226,0.37354627609108454,0.6167506252767571,0.3734730930825634,0.6197863454802087,0.1391091250472236,0.6278052658859306,0.5357992881860832,0.027246148299442868
edge_BrBt_kS1,False,60.0,1.0,-0.0011523128110020044,5229.6786359462185,rowcol,0.37339590490039865,0.6228362863447433,0.020223360018764958,1.346100016011592,0.37355012820068617,0.6167504995767746,0.37347309311593135,0.6197863439792215,0.13910912593817573,0.6278052648573483,0.5357992883778434,0.027246148310453792
all_BrBt_kS1,False,60.0,1.0,-0.0007737467164863734,5229.6786359462185,rowcol,0.3734668768495792,0.622834031418696,0.020223262322650155,1.3460995632833772,0.3734793183090829,0.6167528103752228,0.3734731031655985,0.6197863716037073,0.13910911734476497,0.6278052851365501,0.535799285405167,0.027246148139761887
edge_BrBt_cS2_kS1,False,60.0,0.8117469557223963,-0.001152312810697118,5229.6786359462185,rowcol,0.2988385436711936,0.6270516927227774,0.19030254328276186,1.0256874452731788,0.29935306369182185,0.6229769501319075,0.29909614319842676,0.6250079211341518,0.20848751667137516,0.628704261713483,0.4349334434934928,0.02211697807677718
all_BrBt_cS2_kS1,False,60.0,0.9667127165325371,-0.000773746716522233,5229.6786359462185,rowcol,0.3513479704240528,0.6205977953671155,0.03996093390275351,1.287289797434096,0.351446255806865,0.6148760695269684,0.35139716027302265,0.617729907013119,0.13489951087978355,0.6249218330791476,0.5179639828755146,0.026339197892728344
edge_Br_only_kS1,False,62.0,1.0,-0.035140502464546586,5229.6786359462185,rowcol,0.366850462634573,0.6228084657240536,0.02059123658488593,1.3502308808294752,0.379777715381902,0.616379650375963,0.3733757906563061,0.6195870591919412,0.13912016598098614,0.6276720746826314,0.5360071993035589,0.027245228224743852
edge_BrBt_kS1,False,62.0,1.0,-0.03673715453742178,5229.6786359462185,rowcol,0.3665452273940108,0.6228075270690091,0.02062091043951629,1.3504568243941615,0.3800721950264894,0.616362487727267,0.37337599176665426,0.61957801209537,0.13912403600210768,0.6276666125203689,0.5360168833791543,0.02724520016559303
all_BrBt_kS1,False,62.0,1.0,-0.015395824435751196,5229.6786359462185,rowcol,0.3706394443837483,0.6228201707905844,0.020316474071059524,1.347710950751964,0.37614842376170815,0.6165919387042157,0.3734065442720444,0.6196990208065383,0.13909651219163582,0.6277438797442331,0.5358891464054827,0.02724567386191747
edge_BrBt_cS2_kS1,False,62.0,0.8118192952262806,-0.01484651743630585,5229.6786359462185,rowcol,0.29782150917900707,0.6270827158448031,0.1900318003542317,1.0273107536124257,0.30032945045051257,0.6227801919625982,0.29907922426276284,0.6249248923226067,0.20827078206765393,0.6286408719294728,0.4350590271524501,0.02211850149753071
all_BrBt_cS2_kS1,False,62.0,0.9662915614399096,-0.03919009062681154,5229.6786359462185,rowcol,0.3442119741785289,0.6205780154434177,0.04008517603560295,1.2912815885065174,0.3577660093316413,0.6144239873165696,0.35106044036772344,0.6174939864099113,0.13481191329395498,0.6247479844001903,0.5179710605408132,0.026326746821063514
edge_Br_only_kS1,False,64.0,1.0,-0.06212174961691585,5229.6786359462185,rowcol,0.36133460605136625,0.6223104393564542,0.021377846170706094,1.3599625334902987,0.38461556246685535,0.615942652655361,0.3731670396707791,0.6191195413630287,0.13914636546866327,0.6273611157637216,0.5365325258235251,0.027244439739515305
edge_BrBt_kS1,False,64.0,1.0,-0.06512570301388512,5229.6786359462185,rowcol,0.3607477594471215,0.6222853804518664,0.021473899516559262,1.3607569424954564,0.3851664538823168,0.615903256628041,0.3731677558421086,0.6190873170281403,0.13915940232032098,0.6273416075019899,0.5365687536636458,0.02724440294149803
all_BrBt_kS1,False,64.0,1.0,-0.02689122507416393,5229.6786359462185,rowcol,0.36826492107574915,0.6226045864267754,0.020520416528935752,1.3514957469221356,0.37819131887918594,0.6164047483691015,0.37326553414684766,0.6194976325360384,0.13907082007276775,0.6276034944445256,0.5361129507770012,0.02724518671140208
edge_BrBt_cS2_kS1,False,64.0,0.8119782131368266,-0.027280778035951248,5229.6786359462185,rowcol,0.2967844895963165,0.6268739276049327,0.18934597856199703,1.031382384881913,0.30127260186088856,0.6225736437621336,0.2990389622855611,0.6247172268214188,0.2077226312041335,0.6284826070361114,0.4353762783956939,0.02212234619091037
all_BrBt_cS2_kS1,False,64.0,0.9650727100334968,-0.07623669979740783,5229.6786359462185,rowcol,0.33653012638800694,0.6199236727750238,0.04039456327744621,1.30217967378603,0.36327040154054563,0.613804162051168,0.3501675021053225,0.6168569068593092,0.13457516558448973,0.6242813518616128,0.5179901818571967,0.02629271869618579
edge_Br_only_kS1,False,66.0,1.0,-0.07634248065938302,5229.6786359462185,rowcol,0.35818847336589155,0.6215658149060751,0.02199569136208147,1.3696363406085184,0.38723717878069747,0.6157648667522182,0.3730086325444121,0.6186583008974404,0.13917169197256238,0.6270566715897143,0.5371460716700461,0.027247585666224372
edge_BrBt_kS1,False,66.0,1.0,-0.08045645226398963,5229.6786359462185,rowcol,0.35736871917116747,0.6214977726550215,0.02215546487660709,1.3711063174749194,0.3879950813407939,0.6157113839826065,0.37300998244772376,0.6185975396987636,0.13919407453773716,0.6270196546019989,0.537219898519549,0.02724774064133795
all_BrBt_kS1,False,66.0,1.0,-0.03247354994029697,5229.6786359462185,rowcol,0.3670035829800733,0.6222917046277257,0.02068345714583695,1.3552336448595332,0.3792099240892568,0.6163352413309654,0.37316209623456653,0.6193064239770145,0.13905387339466127,0.6274725689719162,0.5363667710068563,0.027246425960480564
edge_BrBt_cS2_kS1,False,66.0,0.8121096477478663,-0.03747558551993612,5229.6786359462185,rowcol,0.29577244564000443,0.6264293001887797,0.18845960919187107,1.0365972928183032,0.30216366270379413,0.6224866518129738,0.29898797518152914,0.6244516818030447,0.2070151554278228,0.6282806395935472,0.4357846084639973,0.022127300410869
all_BrBt_cS2_kS1,False,66.0,0.9631382959346225,-0.11065567886930418,5229.6786359462185,rowcol,0.32873651369688883,0.6186210534899074,0.040747056971926966,1.317579704216508,0.36805430303135167,0.6133311909284797,0.34896707533774496,0.6159691809520622,0.13424183620887825,0.6236370246907487,0.5180170284173905,0.026244891133527053
edge_Br_only_kS1,False,68.0,1.0,-0.07381268922002931,5229.6786359462185,rowcol,0.3585351682591819,0.6210317924678974,0.021989210491461086,1.3731822181420033,0.3869767679359584,0.6159843548502341,0.3730397768204487,0.6185011810321275,0.13918217679852005,0.6269570901113702,0.5375271298169182,0.0272557637363086
edge_BrBt_kS1,False,68.0,1.0,-0.07866547885515877,5229.6786359462185,rowcol,0.35755608558775037,0.6209137232673017,0.022179275389767557,1.375184016764602,0.3878835902201127,0.61593355888645,0.37304165128825256,0.6184167732906631,0.13920890877016096,0.626905149775949,0.5376420841105997,0.027256485160152662
all_BrBt_kS1,False,68.0,1.0,-0.02997634647686263,5229.6786359462185,rowcol,0.36744842300755093,0.6220989840252187,0.020669477067744163,1.3563261507677191,0.3788399093467752,0.6164434098739787,0.37319270086127626,0.6192641609993991,0.1390632643706975,0.6274476887655204,0.5364963021878064,0.02724974582377558
edge_BrBt_cS2_kS1,False,68.0,0.8120877214784485,-0.04487783623088939,5229.6786359462185,rowcol,0.29486493379216266,0.6258376077854488,0.18763178316617665,1.0414102929685112,0.30295566324663753,0.6225896151265891,0.2989412703882537,0.6242079754220646,0.20635536891692588,0.6280959033597242,0.4361635795847752,0.022131913943825025
all_BrBt_cS2_kS1,False,68.0,0.9606196349801487,-0.14138170258277943,5229.6786359462185,rowcol,0.32140926655472896,0.6168186829780509,0.040990880609098,1.3341410179759916,0.37224242907674643,0.6132682426749918,0.3477784590856932,0.6150375546456908,0.13388534777461955,0.6229703333970174,0.5180456265011975,0.02619402669821707
edge_Br_only_kS1,False,70.0,1.0,-0.05181049661641059,5229.6786359462185,rowcol,0.3631039512728911,0.6212252405732509,0.021263862052242878,1.366622026618728,0.3831348913779513,0.6164540463924333,0.37326272465965105,0.6188328592506309,0.13916623356480753,0.6271816168094817,0.5373057841992295,0.027262574836253037
edge_BrBt_kS1,False,70.0,1.0,-0.05701049808444703,5229.6786359462185,rowcol,0.3620573783448758,0.621064487663154,0.02142985212981088,1.368843695155265,0.38412640303906626,0.6164236420882375,0.3732648453690739,0.6187373444698737,0.13918899988250338,0.6271219845293952,0.5374579582775632,0.027264292348655655
all_BrBt_kS1,False,70.0,1.0,-0.01808151127497592,5229.6786359462185,rowcol,0.3699284867446491,0.6222690564603192,0.02045438396515932,1.352924661834981,0.37673827825525175,0.6166515046248158,0.3733519380662986,0.6194532468367429,0.1390940059121834,0.6275815611968452,0.5363230359842353,0.02725173921186894
edge_BrBt_cS2_kS1,False,70.0,0.811830263056191,-0.04938913592701274,5229.6786359462185,rowcol,0.29415726834824835,0.6252339357014103,0.18707534038137583,1.0445918199484674,0.30358191567580173,0.6228757958580173,0.29891093158648996,0.6240503539276833,0.20591251475523906,0.6279773804611509,0.436415630518584,0.02213501011191205
all_BrBt_cS2_kS1,False,70.0,0.9576905722203433,-0.16757285607982994,5229.6786359462185,rowcol,0.3151875730854162,0.6147978901805199,0.041032303920216,1.3483600406672178,0.3758840318009894,0.613755543632111,0.34689287233816096,0.6142744513237558,0.13358304338194463,0.6224369571304371,0.5180697606984022,0.026151293327375872
edge_Br_only_kS1,False,72.0,1.0,-0.007907487386996535,5229.6786359462185,rowcol,0.37206024353147843,0.6225467762741755,0.020303289633529672,1.3492320521579997,0.37486886560284244,0.6167599601628331,0.3734684441978408,0.6196463181253579,0.13911748283221356,0.6277151126256025,0.5360729476992748,0.027250741165840767
edge_BrBt_kS1,False,72.0,1.0,-0.013084208075581394,5229.6786359462185,rowcol,0.3710458510905487,0.6223618731494454,0.020371436362617464,1.3513173436225052,0.3758751997370999,0.6167615645463316,0.37347047981852266,0.6195546862097286,0.1391268321991496,0.6276567253745479,0.5362523058104988,0.027253763564132824
all_BrBt_kS1,False,72.0,1.0,0.003539763858662514,5229.6786359462185,rowcol,0.37430745139914035,0.622956029013994,0.020196951356346218,1.344717475263891,0.37264897877819,0.6167564567561847,0.37347839791313137,0.619849203593646,0.13910775162886888,0.6278461292464258,0.5356768978623242,0.027244101118008436
edge_BrBt_cS2_kS1,False,72.0,0.8113282379864272,-0.051257680563249065,5229.6786359462185,rowcol,0.2937334486564045,0.6247505643336447,0.18690106359732853,1.045546490121163,0.30397566395518855,0.6232766272345209,0.2989029856314776,0.6240105146705759,0.20577419299025965,0.6279492000156359,0.4364913920698956,0.022135987745202663
all_BrBt_cS2_kS1,False,72.0,0.9545617879426146,-0.1885721019732291,5229.6786359462185,rowcol,0.31069081989987696,0.6129147231150177,0.04086608843832329,1.3573313844240589,0.37888130917199003,0.6147729302468842,0.3464979558257094,0.6138489628199049,0.1333993020567859,0.6221566924117613,0.5180843271650506,0.0261257813436424
edge_Br_only_kS1,False,74.0,1.0,0.06098695601177273,5229.6786359462185,rowcol,0.38479370279775876,0.6251678307656524,0.020712915734221522,1.3235002776699987,0.361266291093357,0.6163106858508802,0.373204977432778,0.6207339257785405,0.13907333432765442,0.6283979521694822,0.5333629620138621,0.027190368823504032
edge_BrBt_kS1,False,74.0,1.0,0.0561508386955609,5229.6786359462185,rowcol,0.3839027329298843,0.6249813806924716,0.020608508534046978,1.3251673195911398,0.36221473918527,0.616346068842027,0.3732066646079122,0.6206581418696523,0.13906055232378942,0.6283482354694354,0.53355544941696,0.027194732460375428
all_BrBt_kS1,False,74.0,1.0,0.034185867900780306,5229.6786359462185,rowcol,0.37986520809179714,0.6241367570213194,0.020273697613623253,1.3330123007561716,0.3665413147406046,0.6165068839452235,0.3732567908456264,0.6203153490787476,0.13903636270361344,0.6281283304463586,0.5344312367935437,0.02721468066088948
edge_BrBt_cS2_kS1,False,74.0,0.8106440314766659,-0.05088850576542817,5229.6786359462185,rowcol,0.29364674012436087,0.6244816578503221,0.187111035945814,1.0443200819773837,0.3040871405497489,0.6236944530145038,0.2989171700944772,0.6240863015579702,0.20594176180503812,0.6280096865250683,0.43639164715253537,0.022134845115964627
all_BrBt_cS2_kS1,False,74.0,0.9514806403893123,-0.2037788938346388,5229.6786359462185,rowcol,0.3084591712119181,0.6115281219543562,0.04056449228442599,1.3593065395722905,0.3809696676629391,0.6161457463940863,0.34664782116115034,0.6138522920392261,0.13337281733539666,0.6221901673191633,0.5180863042043055,0.026122735798103095
edge_Br_only_kS1,False,76.0,1.0,0.15922944318255045,5229.6786359462185,rowcol,0.39965888936965027,0.6289969663700693,0.02542555167541408,1.2942208550577838,0.34167667063982815,0.6144600210829667,0.37177407981851773,0.6217363006347288,0.1392265004886065,0.628954417761736,0.5286293696213378,0.027038606444027204
edge_BrBt_kS1,False,76.0,1.0,0.1549624280796852,5229.6786359462185,rowcol,0.39895361678458163,0.6288277045718135,0.025160597757821913,1.2953444633737152,0.34250109854865435,0.614521535602472,0.371775302785452,0.6216816428544212,0.13918536144834381,0.6289169739089117,0.5288200419786014,0.02704403287637284
all_BrBt_kS1,False,76.0,1.0,0.07218359415661126,5229.6786359462185,rowcol,0.38534832253796997,0.6255873013446159,0.021207264529231475,1.3200971790880713,0.35876599365321576,0.6157154885349979,0.37228266797676757,0.6206474713838044,0.13880073085333994,0.6282629873491311,0.5325351052442493,0.027150782952056113
edge_BrBt_cS2_kS1,False,76.0,0.8098930400259506,-0.04863319328623106,5229.6786359462185,rowcol,0.293915753638845,0.6244718608106405,0.1876273877739039,1.041398883226717,0.30388954714593697,0.624033004790296,0.29894868432456495,0.6242514244099809,0.20635337962291883,0.6281386483424587,0.43615322748653823,0.022132013469701603
all_BrBt_cS2_kS1,False,76.0,0.9487451923093181,-0.2123848754538645,5229.6786359462185,rowcol,0.30891776308641267,0.6109328402087245,0.040238421746381696,1.3539433159627685,0.38174353826860846,0.6175865895166469,0.3472773117005333,0.6142845971390926,0.13351047248181802,0.6225318113311104,0.518075187536827,0.026142815012094887
edge_Br_only_kS1,False,78.0,1.0,0.292417308962266,5229.6786359462185,rowcol,0.41371947187573216,0.6337043419988816,0.036759159302129904,1.2667181441734092,0.31641837863534866,0.6106766237780303,0.3682534358370237,0.6222420788416833,0.14013543016073401,0.6290587698972325,0.5212451973148565,0.026741283526150857
edge_BrBt_kS1,False,78.0,1.0,0.2888013599503288,5229.6786359462185,rowcol,0.4132154292759328,0.6335610143377223,0.03643772306385205,1.2673490965542942,0.3170770296575453,0.6107517681982432,0.36825423965073223,0.6222065024035163,0.14006318546843366,0.629032730294029,0.5214232726135707,0.026747335356893963
all_BrBt_kS1,False,78.0,1.0,0.11503656923970364,5229.6786359462185,rowcol,0.38922252751095576,0.6269328386061578,0.02340081604590026,1.3082491907105835,0.35014563809790333,0.6143643334414064,0.37018268393899767,0.6206504169966749,0.13833943890085898,0.6280922089806761,0.5300372741824637,0.027043840591006327
edge_BrBt_cS2_kS1,False,78.0,0.8092304960176867,-0.04457052789297096,5229.6786359462185,rowcol,0.29453436751959244,0.6247242715861145,0.18833160365285095,1.0374617652048,0.3033733239399121,0.6242139771480669,0.2989904423066543,0.624467959108926,0.20691499093688953,0.6283067015824926,0.43583069789014667,0.02212813944346856
all_BrBt_cS2_kS1,False,78.0,0.9467520638233977,-0.21283844725069131,5229.6786359462185,rowcol,0.31235990816673936,0.6113139062279543,0.03999025448734754,1.3422454175226903,0.38070147510716384,0.6187520675803568,0.34824162946983506,0.6150619756027773,0.13378789325224688,0.623116234872107,0.51805292418211,0.026182316226046984
edge_Br_only_kS1,False,80.0,1.0,0.46618219614368706,5229.6786359462185,rowcol,0.4226370111031325,0.6387476861891616,0.05526867603756393,1.2440270680836178,0.28799657864271794,0.6048434423693289,0.36157913923061863,0.6219457469903181,0.14298899599059975,0.6284501982176708,0.5105819150613438,0.026239313797140944
edge_BrBt_kS1,False,80.0,1.0,0.46305780616785996,5229.6786359462185,rowcol,0.4222994807870871,0.6386255301897423,0.054948224953657115,1.2443326872764855,0.28849176538817256,0.6049228418812105,0.36157968227285053,0.621922118621481,0.14288246202492572,0.6284312177411919,0.5107488815867695,0.02624583759651659
all_BrBt_kS1,False,80.0,1.0,0.1596467615222189,5229.6786359462185,rowcol,0.39007287268043667,0.6277485812076443,0.0268344263685198,1.298935650624168,0.3419262616056156,0.6126624669785029,0.36676904117692055,0.6202154039446569,0.13763773883618174,0.6275298222126527,0.5270965173908203,0.026893955854973693
edge_BrBt_cS2_kS1,False,80.0,0.8088683342766674,-0.03818000966704036,5229.6786359462185,rowcol,0.2954906570546309,0.6252178569142072,0.18909491032138923,1.0331953039164274,0.3025310430591312,0.6241773441984835,0.29903470220413864,0.6246953348963171,0.20752414650302606,0.6284818628552257,0.4354826084670314,0.022123918751942886
all_BrBt_cS2_kS1,False,80.0,0.9461326651256511,-0.20161365757464736,5229.6786359462185,rowcol,0.3189563111338226,0.6127326609884165,0.03987627897107735,1.3262805370626038,0.3772701253481725,0.6192880072332293,0.349357980135097,0.6160346922947737,0.1341544209194955,0.6238304745935784,0.5180235366348896,0.026233990363095518
edge_Br_only_kS1,False,82.0,1.0,0.682649077686295,5229.6786359462185,rowcol,0.4210697746424624,0.6432930056582848,0.08071166557352884,1.223636756898834,0.26250529584755955,0.5978083445685397,0.3507936376186674,0.6208588259439999,0.1496257623344184,0.6271010604745955,0.4962674968491849,0.02548647515728675
edge_BrBt_kS1,False,82.0,1.0,0.6794969627395494,5229.6786359462185,rowcol,0.4208370306290314,0.6431721943102976,0.08036475676753446,1.2237997474937488,0.2628789276125399,0.5978934174626561,0.3507941368021583,0.6208376972348912,0.14946453948602056,0.6270825172263017,0.4964478529994484,0.025494340918939595
all_BrBt_kS1,False,82.0,1.0,0.20259055797374861,5229.6786359462185,rowcol,0.387024724414699,0.6276789177991833,0.03104324791868457,1.292564321318671,0.33556470774225927,0.6110262462760568,0.3621869186691589,0.619368822473577,0.13674655419693105,0.6266066819299269,0.5239735719933608,0.02671268515306656
edge_BrBt_cS2_kS1,False,82.0,0.8091736611688122,-0.027520145698193717,5229.6786359462185,rowcol,0.29679534526107815,0.6259276250511366,0.1897889916567154,1.0292118928187477,0.3013301821991151,0.6238649373493551,0.2990733763165994,0.6248922114234959,0.20807830187533674,0.6286304007551268,0.43516688058997416,0.022120032817336727
all_BrBt_cS2_kS1,False,82.0,0.9481620580902679,-0.16979719098549442,5229.6786359462185,rowcol,0.3288265699899005,0.6151458436211844,0.039888862612647534,1.308831903291502,0.37074041217758885,0.6188315485334493,0.35042934604965914,0.6170002409148188,0.13453769694266465,0.6245194299802257,0.5179928058247254,0.02628775744174155
edge_Br_only_kS1,False,84.0,1.0,0.9330047213554892,5229.6786359462185,rowcol,0.4043330953540033,0.6459122012178968,0.11164075283236166,1.1965860097101606,0.24889536115255226,0.592122432420521,0.33566636555070023,0.619473086291919,0.16159348169529547,0.6253721239477557,0.47876547721568863,0.02448923653869019
edge_BrBt_kS1,False,84.0,1.0,0.9289094459445439,5229.6786359462185,rowcol,0.4041662263435642,0.6457613785869054,0.11117086300517316,1.1967756446415612,0.2491678281644622,0.5922202597665324,0.33566713496841877,0.6194418209541303,0.16131362911943148,0.625343913184519,0.47901334017963826,0.02450101767279857
all_BrBt_kS1,False,84.0,1.0,0.24043029835599994,5229.6786359462185,rowcol,0.38004076162397554,0.6265482400305823,0.03533646892302974,1.2887364682136084,0.33239875340887776,0.6099714286345542,0.35699419756875544,0.6182758450157312,0.13578339756619567,0.6254785873161359,0.5210022681221337,0.026522774895616757
edge_BrBt_cS2_kS1,False,84.0,0.8110637164570718,-0.006246671675707743,5229.6786359462185,rowcol,0.2985402068080315,0.6268489683972097,0.19026038370772363,1.026097368812896,0.29964887501129056,0.6231717217384805,0.29909554778227926,0.6250042768166841,0.20845416051671573,0.6287053508817599,0.43495263044044075,0.022117264160988092
all_BrBt_cS2_kS1,False,84.0,0.9562219830352441,-0.09114988424385113,5229.6786359462185,rowcol,0.3422689861330114,0.6184504986033361,0.039953946440609116,1.293283957133538,0.3599383254297391,0.6169015698899106,0.35122264713658335,0.6176728245696498,0.1348358068541266,0.6249525198365398,0.5179689617226054,0.02632971645646975
edge_Br_only_kS1,False,86.0,1.0,1.1866130762000484,5229.6786359462185,rowcol,0.37203119136792906,0.6442424870975595,0.1438405746956294,1.154170257513784,0.2525089951381825,0.5920678350234451,0.31788487581331926,0.6185810116124874,0.17786394318342644,0.6239350733939392,0.46028589611627896,0.023373094511834683
edge_BrBt_kS1,False,86.0,1.0,1.1805631405399901,5229.6786359462185,rowcol,0.37194518797052,0.6440418309121454,0.14312802578801526,1.1546400218559487,0.25263938650883,0.5921579957064729,0.3178864471486939,0.6185203905573788,0.1773671055594188,0.6238814840821186,0.460668514396479,0.023392501430868223
all_BrBt_kS1,False,86.0,1.0,0.2700394330347592,5229.6786359462185,rowcol,0.36998930013010844,0.6244409798034414,0.039008870783594406,1.286692362157414,0.3333051944335684,0.6099382611641222,0.3521089897599027,0.6171976201933532,0.1349116085474778,0.624390737326941,0.518541128918678,0.02635430069437361
edge_BrBt_cS2_kS1,False,86.0,0.8180849642065481,0.052062508351344315,5229.6786359462185,rowcol,0.3010987878379202,0.6280411103732749,0.19015627392383075,1.024863987361339,0.29703552472472283,0.6217532771467139,0.2990722494044412,0.6248901018513493,0.20836753138620553,0.6285785452192135,0.4349992755827691,0.02211732761313579
all_BrBt_cS2_kS1,False,86.0,0.982909660625386,0.13563767318446054,5229.6786359462185,rowcol,0.36039399403953537,0.6224933369420376,0.03991739905861123,1.2851807839556177,0.34189330606883905,0.612363843027796,0.35125724493566457,0.617425197576471,0.13483873204151525,0.6245923132461265,0.5179690801397802,0.026331878437352203
edge_Br_only_kS1,False,88.0,1.0,1.3854033012509976,5229.6786359462185,rowcol,0.33177572777419423,0.635729781794052,0.16945538419724476,1.1043397001241548,0.2697051240111786,0.601027442658279,0.30231008244011104,0.6185392333130998,0.1930075225223601,0.6232616734408638,0.4453711074792474,0.02243498931446309
edge_BrBt_kS1,False,88.0,1.0,1.3771137888599667,5229.6786359462185,rowcol,0.33177359427794234,0.6355183262373224,0.16846449657642776,1.1053657051972916,0.2697141218083966,0.6010347474325811,0.30231293006794463,0.6184346606917099,0.19225739093295433,0.6231713659913203,0.4459109666546301,0.022463563641499113
all_BrBt_kS1,False,88.0,1.0,0.2889133713268325,5229.6786359462185,rowcol,0.3584582110470345,0.6217221999808531,0.04147311599474363,1.2856855732387735,0.3384550181815463,0.611112105107395,0.34859122609590387,0.6164146689318301,0.1343008813646023,0.623607693988516,0.516912225081448,0.026237762307864027
edge_BrBt_cS2_kS1,False,88.0,0.8587299256951363,0.3625605783578751,5229.6786359462185,rowcol,0.3064116698149259,0.6296082227010185,0.18705674128995833,1.0330181158283716,0.29098699622686924,0.6174480493380344,0.29879202236203284,0.6235287699348017,0.20587440984636574,0.6273284265695618,0.43640918775390286,0.022132320136252378
all_BrBt_cS2_kS1,False,88.0,1.1086531828597415,1.1628092870135651,5229.6786359462185,rowcol,0.38504760458664167,0.6257565495475033,0.03977092255134753,1.3165599780197597,0.3056824499696647,0.6001059976670822,0.34760224815282414,0.613004257344417,0.13350464556718303,0.6207141342671992,0.5180768492262869,0.026161430604625478
edge_Br_only_kS1,False,90.0,1.0,1.4622884924209927,5229.6786359462185,rowcol,0.29570432588139506,0.6207534616275435,0.17942446765157252,1.0792473664398563,0.2960720149141116,0.616795833434925,0.2958883910746468,0.618768370083223,0.19933131802018403,0.6231795411457307,0.4395122496125603,0.02205844556360865
edge_BrBt_kS1,False,90.0,1.0,1.452942189706343,5229.6786359462185,rowcol,0.29570971377226907,0.6206311777624806,0.17830184463782298,1.0806254399644952,0.2960738024751351,0.6166604370579558,0.29589197608532514,0.6186395203449842,0.19845999608996245,0.6230692359275546,0.44012738456589806,0.022091504837797836
all_BrBt_kS1,False,90.0,1.0,0.29543133681530603,5229.6786359462185,rowcol,0.3473774884434841,0.6189688856708553,0.04234273159994726,1.2852131771133384,0.3472242347874059,0.6133249905853598,0.34730080189536217,0.6161399360049955,0.1340797366879218,0.6233312088242583,0.5163398123150075,0.026195955213397758
edge_BrBt_cS2_kS1,False,90.0,18.292369773233524,132.15211996927144,5229.6786359462185,rowcol,0.02686435264826355,0.22085385029523957,1.565382056427881,24.30869580651439,0.027141973901685296,0.22171940658304998,0.027003643548003692,0.22128911653510702,1.4549097584771646,2.0466801343397525,1.2122390993323346,0.0729795130040763
all_BrBt_cS2_kS1,False,90.0,1.8465104688916583,7.155046235339994,5229.6786359462185,rowcol,0.30237345400102034,0.5864382183813389,0.05801084559062213,1.8600798845147173,0.30242797353926765,0.5815944361284789,0.3024007392512783,0.5840097934131568,0.12394459648522532,0.6024282129359385,0.518798365879982,0.025130144037706387
edge_Br_only_kS1,True,-90.0,1.0,-1.299058212682703,5229.6786359462185,rowcol,0.31233650532044643,0.6359670956378448,0.1598328019383692,1.104039830266294,0.3126203122813079,0.6317055679290687,0.3124785672703315,0.6338297467446137,0.18805944659163432,0.6383303744155112,0.45016243306580556,0.023133258501643036
edge_BrBt_kS1,True,-90.0,1.0,-1.284183718119657,5229.6786359462185,rowcol,0.31234813865318395,0.6356519971850719,0.15804923200288945,1.1063737365138349,0.31262624099165065,0.6313706687681666,0.31248734447107884,0.6335047359139125,0.18675481468988037,0.6380382446703077,0.45114240794906246,0.02317970889454426
all_BrBt_kS1,True,-90.0,1.0,-0.26410942394740583,5229.6786359462185,rowcol,0.35250184724000544,0.6231008825223103,0.03905503292222276,1.2915307889974155,0.3523359577474916,0.617404815303493,0.3524188384603182,0.6202457987785568,0.1350332843732763,0.6274525613733912,0.5183813034894555,0.026401885054412547
edge_BrBt_cS2_kS1,True,-90.0,-0.9415785183163055,13.188257426292472,5229.6786359462185,rowcol,0.21694537178143333,0.7087283923079517,0.3574563152953234,2.515400257983184,0.2173695601166103,0.7045716929679187,0.21715775821926253,0.7066431825434781,0.3417521953036587,0.7349681354089151,0.37083310609207926,0.022483469786502897
all_BrBt_cS2_kS1,True,-90.0,0.8608808374838084,0.8598369756709278,5229.6786359462185,rowcol,0.35016951320767215,0.613371603072357,0.04128285707240032,1.2901625516593298,0.349968931115951,0.6075811491077976,0.35006914730099925,0.610469427490702,0.13477301665486938,0.6178384421280985,0.5179871302998236,0.026228633386589376
edge_Br_only_kS1,True,-88.0,1.0,-1.3096192375835367,5229.6786359462185,rowcol,0.31550232440657316,0.6225951478428424,0.1603964291488234,1.111176232068082,0.308082934663524,0.6462708630004556,0.31181139742073605,0.634599906354793,0.18832294535970734,0.6391764076923941,0.4498272546474677,0.02318533895838137
edge_BrBt_kS1,True,-88.0,1.0,-1.294338331066928,5229.6786359462185,rowcol,0.3154389491804565,0.6224690428628612,0.15857144185182942,1.11320926586821,0.30816635992106717,0.6457257168781364,0.31182062243146935,0.6342594639250394,0.18698526473136132,0.6388655717178641,0.4508297295224272,0.023231859574510825
all_BrBt_kS1,True,-88.0,1.0,-0.26707417345582657,5229.6786359462185,rowcol,0.3525322452966219,0.6209659800884796,0.03919373263879044,1.2896117659550297,0.3517545408098905,0.6198382361566602,0.3521432617929896,0.620399673967374,0.13497006033134676,0.627575954187065,0.518258639457039,0.026407345786460295
edge_BrBt_cS2_kS1,True,-88.0,-0.47923439522978106,9.75339566119148,5229.6786359462185,rowcol,0.19441940357404744,0.7803976543063582,0.3122164444956599,2.487247139966867,0.28895310016073394,0.5447357008675109,0.2463061636505686,0.6724089110655143,0.3040807510530283,0.7016489833194798,0.38700264629432346,0.021806725256990192
all_BrBt_cS2_kS1,True,-88.0,0.9117226280817115,0.4486354113559136,5229.6786359462185,rowcol,0.35047395936016035,0.6203582547518811,0.04064263070866574,1.2919813161732199,0.35128817959574393,0.6068696591522804,0.3508816678502032,0.6136188415860614,0.13489267059217222,0.6209552278590937,0.5179732600317468,0.026260459460078118
edge_Br_only_kS1,True,-86.0,1.0,-1.3395740951810686,5229.6786359462185,rowcol,0.3174469492092643,0.6110252707077863,0.16187001489941652,1.1389523682817844,0.30218098274125227,0.6610668373417492,0.3099011908762234,0.6366572756195991,0.18898143066738238,0.6415461872277519,0.44897568216882555,0.023347485333838597
edge_BrBt_kS1,True,-86.0,1.0,-1.3232430769631751,5229.6786359462185,rowcol,0.3173037612278724,0.6110758962533833,0.15994260986411984,1.139897880135307,0.30235240292356885,0.6602902108505013,0.3099116082224006,0.6362764534183507,0.18756086969015373,0.6411826903185932,0.4500331620130444,0.023393481286369134
all_BrBt_kS1,True,-86.0,1.0,-0.27586396260346335,5229.6786359462185,rowcol,0.3520418286592033,0.6191495679192882,0.039597500547992014,1.2845293525435384,0.3506147460503243,0.6224853602993611,0.3513283771258538,0.6208276625380484,0.134782486091041,0.6279231014370689,0.5179074955920671,0.026424852626467484
edge_BrBt_cS2_kS1,True,-86.0,0.2121068876408235,4.589404420478942,5229.6786359462185,rowcol,0.23989164516657793,0.7308902439566728,0.24639892604839517,1.9456091791061108,0.3176090314289742,0.5109749428892094,0.28148005780098867,0.6300765338455342,0.2514651920485797,0.6486428185326553,0.412242115127631,0.02098678550480361
all_BrBt_cS2_kS1,True,-86.0,1.0114516051308153,-0.36963252949379327,5229.6786359462185,rowcol,0.35234097142612203,0.6187263410293895,0.039382368288547485,1.2855280716710353,0.35048906386098583,0.6251079217890305,0.35141541375206586,0.6219405404449035,0.1347589424274271,0.6290300186722133,0.5179628550200415,0.026459551716887783
edge_Br_only_kS1,True,-84.0,1.0,-1.3842765135667163,5229.6786359462185,rowcol,0.3183433105063829,0.6020562603801233,0.1636894850683647,1.1957553300277566,0.29518006769630295,0.674971417673199,0.3069699433939824,0.6397274546529598,0.18968226587279188,0.6452921688641697,0.4480220281542982,0.02363140830378489
edge_BrBt_kS1,True,-84.0,1.0,-1.3664989605743012,5229.6786359462185,rowcol,0.31811491542028186,0.6022644196833894,0.16163137163261412,1.1945630580383726,0.2954509964016948,0.6739607118536427,0.3069820996132479,0.639289468200974,0.1881542625516889,0.644845522614956,0.44914734629780645,0.023675169515350637
all_BrBt_kS1,True,-84.0,1.0,-0.2902761993969881,5229.6786359462185,rowcol,0.35106400609563326,0.617726697946458,0.04023615388288336,1.2768859410099898,0.3489172216796126,0.625267864570253,0.34999130491365643,0.6215267090500252,0.13447170422747745,0.6285002987115494,0.5173705666277292,0.026457042907016195
edge_BrBt_cS2_kS1,True,-84.0,0.6208878109118685,1.4914763456811544,5229.6786359462185,rowcol,0.2787563254518207,0.6670538845312047,0.20835945103550635,1.308838498736257,0.3127526459736009,0.5683660805178281,0.2962576557962214,0.6194429620356678,0.22238478925730906,0.6269160736952214,0.4275433782660451,0.02124394018571312
all_BrBt_cS2_kS1,True,-84.0,1.0693530345145,-0.8663410062440221,5229.6786359462185,rowcol,0.35268513823055786,0.6136495444619658,0.038658524151980844,1.308717342170238,0.3469541693514937,0.6464640116843122,0.34982884035455497,0.6303486235638909,0.13401358010587017,0.637617320349679,0.5179865193526629,0.026822108454987042
edge_Br_only_kS1,True,-82.0,1.0,-1.4359117350672783,5229.6786359462185,rowcol,0.3183440232119502,0.596575507924252,0.1650088936854711,1.2884923876481853,0.2877548728098258,0.6864857316958997,0.30342156253762925,0.6433177341176576,0.1898920067700243,0.6500695237306698,0.4476185100366542,0.024044327487011588
edge_BrBt_kS1,True,-82.0,1.0,-1.4166907995762263,5229.6786359462185,rowcol,0.3180352331310271,0.5968980515099416,0.1628402316243807,1.2840723859350989,0.2881249775672909,0.6852827882394624,0.3034355631328636,0.6428220948481382,0.18827102261739043,0.6495211472746273,0.44879472833615625,0.02408307723393608
all_BrBt_kS1,True,-82.0,1.0,-0.30980818827770523,5229.6786359462185,rowcol,0.34965452220984516,0.6168068775866538,0.04105488935725027,1.2678821547769281,0.346698658003949,0.6280438454205588,0.34817841196160865,0.6224775250861768,0.13404378076480697,0.6293064584686159,0.5167273795485567,0.026507536492068592
edge_BrBt_cS2_kS1,True,-82.0,0.8071268261553779,0.03710945971326054,5229.6786359462185,rowcol,0.2984282660043454,0.6280899748127631,0.19075257955117253,1.0289414703810773,0.29978829853662,0.6213438723474919,0.2991096602654929,0.6247099358386906,0.20884510310269372,0.6284473765061654,0.43474390133336144,0.022081151829543573
all_BrBt_cS2_kS1,True,-82.0,1.0745233773449685,-0.9383717056712916,5229.6786359462185,rowcol,0.35078938247371383,0.6120948741912651,0.03909296280381203,1.3317055961520283,0.34334884659787895,0.6554594732293954,0.34708574324761393,0.6342513379966521,0.13314816854361924,0.641780281507889,0.5180274599441778,0.02710826711022416
edge_Br_only_kS1,True,-80.0,1.0,-1.4843479964129516,5229.6786359462185,rowcol,0.3175791208824089,0.5952866207235304,0.16491849697119493,1.4146879210754972,0.2809997450639479,0.6939806916217679,0.29983151487849646,0.6467543871626392,0.18904558556597825,0.6552732253277623,0.4485315434882615,0.0245747981841346
edge_BrBt_kS1,True,-80.0,1.0,-1.4641567321350388,5229.6786359462185,rowcol,0.3172142723194301,0.5956516848529544,0.16270930262347422,1.4064491513983628,0.28144338949763525,0.692682645692396,0.2998468142131256,0.6462223411018904,0.18738802886295813,0.6546274092506524,0.4497103559555509,0.024605599832452533
all_BrBt_kS1,True,-80.0,1.0,-0.3334380746182525,5229.6786359462185,rowcol,0.3479091069610092,0.6165219960988157,0.04197159346617719,1.2594620608285245,0.34406013787386586,0.6305833013311787,0.3459882625424594,0.6236258255535072,0.13351555694516568,0.6303161038530468,0.5161022486395997,0.026579615075052816
edge_BrBt_cS2_kS1,True,-80.0,0.8823026537258962,-0.585408148205604,5229.6786359462185,rowcol,0.30623805519571123,0.61094392963535,0.18309244766095017,1.0522126738019264,0.2883565475780564,0.6512109341209146,0.29742375971086693,0.6314945202033033,0.20249850203071398,0.63541210995651,0.4381981049360579,0.022900644334285243
all_BrBt_cS2_kS1,True,-80.0,1.0590462253071642,-0.8372063593736592,5229.6786359462185,rowcol,0.3482627933401382,0.6134159811571607,0.040178871471391875,1.329351491214736,0.3406052974728647,0.6548464721812551,0.34445191886874704,0.6345682682950322,0.13249419242413024,0.6420571217068906,0.518065807232037,0.027244372112433787
edge_Br_only_kS1,True,-78.0,1.0,-1.5194884834892681,5229.6786359462185,rowcol,0.3162170388294809,0.5982667608074321,0.16279073717706308,1.559506755171768,0.27614652940826145,0.6962504793310609,0.2968408695127292,0.6493431470357831,0.18679633967290493,0.6601004799797136,0.45140942964912556,0.02518393154201914
edge_BrBt_kS1,True,-78.0,1.0,-1.4991720892369844,5229.6786359462185,rowcol,0.315838847431918,0.5985926644455066,0.1606411309242081,1.547772535675761,0.27661140377391663,0.6949884254254654,0.2968563371422837,0.6488131660729248,0.1851852270839004,0.6593891080764068,0.45252332956199076,0.025204995271510527
all_BrBt_kS1,True,-78.0,1.0,-0.3594123908229423,5229.6786359462185,rowcol,0.34597945850093076,0.6169861207793288,0.042881166107408004,1.2541993169141716,0.34119267530718606,0.6325712165366536,0.3435922735770826,0.6248644395295413,0.13292114577907108,0.6314596305807023,0.5156646917505229,0.02667428434669972
edge_BrBt_cS2_kS1,True,-78.0,0.9080553016656833,-0.8278558303249618,5229.6786359462185,rowcol,0.30842256575719407,0.6063459134916556,0.17962580038886428,1.153216425575648,0.28011795832849523,0.6632856696749991,0.2945978012398821,0.635589558978341,0.19922755566906125,0.640672859812794,0.440335103529413,0.02351300458487706
all_BrBt_cS2_kS1,True,-78.0,1.0410468644567399,-0.7101273881194753,5229.6786359462185,rowcol,0.3460273274826983,0.6158603069601011,0.04135973838699201,1.3148564138549739,0.3385610961158974,0.6502294018218719,0.3423112470762049,0.6333600130694645,0.13205167175058147,0.6406618082319474,0.5180966153029002,0.027278764754458125
edge_Br_only_kS1,True,-76.0,1.0,-1.5345641868769806,5229.6786359462185,rowcol,0.3145465142110053,0.6046982385099865,0.15860059157161996,1.7014531134066921,0.27401247313585314,0.693063674948702,0.29495857355439675,0.6505937195600651,0.18324272299097438,0.6637696373850794,0.4565265975197875,0.025810705010472168
edge_BrBt_kS1,True,-76.0,1.0,-1.5150761459572715,5229.6786359462185,rowcol,0.3142011936919471,0.6049252112366391,0.15660645519947597,1.6873674063999702,0.27443848456743936,0.6919568145493807,0.29497292092388117,0.650106636865625,0.18175834477811836,0.6630434152663226,0.4575115424576528,0.02582216694290236
all_BrBt_kS1,True,-76.0,1.0,-0.3852024620004243,5229.6786359462185,rowcol,0.34407431304348884,0.6182300201486823,0.043672661657928255,1.2547046490771587,0.3383773482550346,0.6336587909163992,0.34123518555257215,0.6260287449841643,0.13231532872205828,0.6326107534873778,0.5156108652975878,0.026788175841380567
edge_BrBt_cS2_kS1,True,-76.0,0.9130153281758637,-0.9023207024229373,5229.6786359462185,rowcol,0.30840256903500696,0.6079338119086289,0.17749617510295543,1.237986740008984,0.2745380626013472,0.6645118876759787,0.29194668111747024,0.6369862894034731,0.19703520889258297,0.643153915392891,0.4422376096149093,0.02392100909290118
all_BrBt_cS2_kS1,True,-76.0,1.0256956634419538,-0.6013561514422457,5229.6786359462185,rowcol,0.3442293706093153,0.6184750521603449,0.042438275822768934,1.3004436348991235,0.3369425132033538,0.6445114829563401,0.3406021878785302,0.6316895358086951,0.13174499546657736,0.6388153243015855,0.518121390746694,0.027257018050649316
edge_Br_only_kS1,True,-74.0,1.0,-1.528455155862321,5229.6786359462185,rowcol,0.3129788859571275,0.6130709354969082,0.1529843386307345,1.8223988462779612,0.27456085939645264,0.6852739019684541,0.294380167981985,0.6503474356703413,0.17894098523452528,0.6657763450326482,0.4636736893057438,0.02639046667019218
edge_BrBt_kS1,True,-74.0,1.0,-1.510572330602914,5229.6786359462185,rowcol,0.3126975354524728,0.6131797121593767,0.15120883152175807,1.8074329395221198,0.27490695822142946,0.6843915544389674,0.29439244911872986,0.6499315494929925,0.17763537790540324,0.6650868659505883,0.46448893525027324,0.026394113431923914
all_BrBt_kS1,True,-74.0,1.0,-0.4078289767211548,5229.6786359462185,rowcol,0.34243140173669134,0.6201353425685153,0.044258759309908316,1.262662789710482,0.33593627301691625,0.6335659509994651,0.33919649498269533,0.6269186535013187,0.13176844055589176,0.6335960292318187,0.5161188417629453,0.026912418720039286
edge_BrBt_cS2_kS1,True,-74.0,0.9099160844819789,-0.9049012733235744,5229.6786359462185,rowcol,0.3078088769515791,0.6122036356405349,0.17534334638808935,1.2942403059276375,0.2708356202735704,0.6597605232002256,0.2898958466338882,0.6365398094163077,0.19494667007796904,0.6434907948523576,0.4443447453854301,0.024172252871960627
all_BrBt_cS2_kS1,True,-74.0,1.0135757538129266,-0.5175748232430888,5229.6786359462185,rowcol,0.3427668437015638,0.620842526714971,0.04339533202950416,1.2911072633548017,0.3355424264340424,0.6388294065598972,0.33917065711769434,0.6299430765930563,0.13151106419414926,0.6369674544482086,0.5181426816628715,0.027204480375358848
edge_Br_only_kS1,True,-72.0,1.0,-1.5054070978768794,5229.6786359462185,rowcol,0.31192562468714147,0.6217255095372227,0.1469568022188557,1.914481637077706,0.27697792246217,0.6743870534443691,0.29495427994471174,0.6487164915642598,0.17465479827796976,0.6660069554998015,0.47228271460488724,0.02687455994579936
edge_BrBt_kS1,True,-72.0,1.0,-1.4895958482666805,5229.6786359462185,rowcol,0.31171608954784874,0.6217317264421504,0.1454241774412821,1.8999461468918002,0.2772341629396657,0.673742539312893,0.2949640942852579,0.6483829239472984,0.17354541585032432,0.6653924777047449,0.4729163745215436,0.02687290137221573
all_BrBt_kS1,True,-72.0,1.0,-0.42461159390852543,5229.6786359462185,rowcol,0.34125889377383484,0.6224133987089762,0.04460479525463471,1.278139300598256,0.33413730685844484,0.6321981931283128,0.3377137050433256,0.6273482155876239,0.13134981246921112,0.6342353321102204,0.5172883536257329,0.0270338234023538
edge_BrBt_cS2_kS1,True,-72.0,0.9043184920510725,-0.8789429903918676,5229.6786359462185,rowcol,0.3073393134349834,0.6172787621145671,0.1725560532503992,1.329373818285516,0.26841850591298844,0.6520463474382729,0.2885186398594123,0.6349834930671369,0.19250476280547735,0.6424649556865342,0.4468115625088711,0.024311809596049987
all_BrBt_cS2_kS1,True,-72.0,1.0041416280825268,-0.455820394112923,5229.6786359462185,rowcol,0.34150322377496084,0.6227936852765025,0.044262133328834344,1.2880603960540264,0.3342111390472403,0.6335719642893693,0.337873610638506,0.6282316525722492,0.1313056879974498,0.6352434921240885,0.5181627324354557,0.02713415400569835
edge_Br_only_kS1,True,-70.0,1.0,-1.4725256289194024,5229.6786359462185,rowcol,0.311641986998432,0.6293176449266521,0.14147804847963688,1.980504177582218,0.28016656750120766,0.6619514807584063,0.296308505748136,0.6459185392919159,0.1710214401411075,0.6646578868431832,0.481687011428553,0.027239544042411166
edge_BrBt_kS1,True,-70.0,1.0,-1.4589949456450235,5229.6786359462185,rowcol,0.31149415618537285,0.6292545012728945,0.14018735669289548,1.967332498173521,0.2803461794979836,0.6615207430626937,0.2963158692788704,0.6456661822467402,0.17010261692904438,0.6641401286023305,0.4821488149757782,0.027234988363956606
all_BrBt_kS1,True,-70.0,1.0,-0.4340648980246388,5229.6786359462185,rowcol,0.34066868312103227,0.6246609201528518,0.04473813817241242,1.2998228691354825,0.3330998494168935,0.6297088478713445,0.3369021551509091,0.627202004903673,0.13110489734982253,0.6344004858956335,0.5190975943731756,0.02713861606366698
edge_BrBt_cS2_kS1,True,-70.0,0.8985831672954203,-0.8439823352922649,5229.6786359462185,rowcol,0.30723448159731254,0.6221015513036428,0.16888837862933123,1.3527650881754256,0.26689858886220813,0.6431903890793922,0.2877562163138514,0.6327841384056213,0.18951649735257584,0.6406497231579508,0.44966816200738635,0.02437368564891932
all_BrBt_cS2_kS1,True,-70.0,0.9967229916224668,-0.41184727527577586,5229.6786359462185,rowcol,0.34031589424638337,0.624265216109491,0.04507750261360869,1.2911584235990359,0.33283039539346065,0.628843394939706,0.33659062451458094,0.6265694087977792,0.13109632063274504,0.6336553552314641,0.5181834284450002,0.027052827619432927
edge_Br_only_kS1,True,-68.0,1.0,-1.436980663169807,5229.6786359462185,rowcol,0.3121588681666383,0.6349681963027849,0.13714917802668347,2.0298671430723845,0.2832117148803351,0.6491851866962685,0.29802407740005427,0.6421499534438333,0.16836077363757135,0.6620702148587728,0.49133607319446104,0.027484901613738007
edge_BrBt_kS1,True,-68.0,1.0,-1.425822441071634,5229.6786359462185,rowcol,0.3120555745409987,0.6348723867528706,0.1360933486588029,2.0186473460245415,0.28333609444323754,0.6489282589155105,0.29802920248990256,0.6419723242927672,0.167620295002387,0.661658678490586,0.49164707907559774,0.027479371536357808
all_BrBt_kS1,True,-68.0,1.0,-0.43640240883358095,5229.6786359462185,rowcol,0.34064108624146455,0.6264727462821016,0.044729545316111334,1.3260061511949301,0.33276571955387807,0.6264599132536537,0.3367229242882356,0.6264662991856855,0.13103963328554533,0.6340582226534569,0.521410351928471,0.02721697128669646
edge_BrBt_cS2_kS1,True,-68.0,0.8936419894965287,-0.8088064226947994,5229.6786359462185,rowcol,0.30751384769209117,0.6260295394215063,0.1642719562272229,1.3721786998390577,0.2660287419004714,0.6343137015872761,0.2875020777809721,0.6302049955195632,0.18592489057778663,0.6384106175230225,0.4528888563717601,0.02438276642860749
all_BrBt_cS2_kS1,True,-68.0,0.9907514551075787,-0.38216595460343455,5229.6786359462185,rowcol,0.33909849159058747,0.6252329058030938,0.04587705380053141,1.2999617385852988,0.33129511066810663,0.6246450342491018,0.3352160371574944,0.6249376366971157,0.13085596711665182,0.6321796158334367,0.5182064701341559,0.026964084371845276
edge_Br_only_kS1,True,-66.0,1.0,-1.404332681945014,5229.6786359462185,rowcol,0.31331623766207056,0.6381808918622789,0.134151360333424,2.0737041968443934,0.2855680448625966,0.6369286965757155,0.29975105367874294,0.6375521143429848,0.1666836117948723,0.6586005868142842,0.5008796568828662,0.02762552286096048
edge_BrBt_kS1,True,-66.0,1.0,-1.3956403199520329,5229.6786359462185,rowcol,0.31324236813835754,0.6380853086775927,0.1333303264002175,2.0648084508490565,0.2856555778265003,0.6368017155007542,0.29975422543842856,0.6374407729751891,0.16611437604435655,0.6582976682374312,0.5010658476838378,0.027620395594496853
all_BrBt_kS1,True,-66.0,1.0,-0.4333299615318711,5229.6786359462185,rowcol,0.3410399722443456,0.6275465310192423,0.0446619015544441,1.3553860929770438,0.3329469905730765,0.6229062234266695,0.33701417505986764,0.625219611990852,0.13112165802255993,0.6332710907441417,0.5240318998882803,0.02726573729254241
edge_BrBt_cS2_kS1,True,-66.0,0.8898015237710615,-0.7774679650077894,5229.6786359462185,rowcol,0.3080892251232393,0.6286540275315088,0.15872108849116326,1.3933719954336088,0.26564296973290574,0.6261322663473141,0.2876312672653106,0.6273883978986704,0.18174017986612945,0.6359728480909027,0.45642903242256555,0.02435853159301651
all_BrBt_cS2_kS1,True,-66.0,0.9857792485006881,-0.36435187718132256,5229.6786359462185,rowcol,0.3377524538174887,0.6256787841411204,0.046691479207697055,1.3141517380140098,0.3294997477706015,0.6209472798590335,0.33364794671595593,0.6233062338174189,0.13055860526419574,0.6307843132933192,0.5182335797047103,0.026869738974215504
edge_Br_only_kS1,True,-64.0,1.0,-1.3782045156136065,5229.6786359462185,rowcol,0.31483491651780093,0.6387058802618631,0.13236893699668428,2.121430573674938,0.2870286943379138,0.6257734064138945,0.30124044112824133,0.6322418577905169,0.16581615211197914,0.6545700057780554,0.5101484913193719,0.02768477234276909
edge_BrBt_kS1,True,-64.0,1.0,-1.372122322856726,5229.6786359462185,rowcol,0.314782404431338,0.6386353206483747,0.13179343743913147,2.115133083414826,0.2870894839225839,0.6257320364082944,0.30124201656969496,0.6321858164313154,0.16542009176167988,0.6543734371685577,0.510239011328901,0.027680931659111205
all_BrBt_kS1,True,-64.0,1.0,-0.4273045917672034,5229.6786359462185,rowcol,0.34166615871746886,0.6277273218414059,0.04460670033245372,1.387162486514251,0.3334091359148826,0.619475066849784,0.3375592220242844,0.623595157858059,0.13129627357063262,0.6321617332374596,0.5267778801489041,0.02728821560171219
edge_BrBt_cS2_kS1,True,-64.0,0.8871203447386764,-0.7521777564747212,5229.6786359462185,rowcol,0.3088228662243302,0.6297240937006993,0.15227819103361762,1.4203114740543996,0.2656106859012319,0.6191116722853114,0.2880091275104591,0.6244151112119524,0.17699802279027363,0.6334798051776256,0.4602541845773642,0.024318224333600372
all_BrBt_cS2_kS1,True,-64.0,0.9814493150007908,-0.3569315092344867,5229.6786359462185,rowcol,0.33617871003459127,0.6255724820102168,0.04754569760759725,1.333678123923257,0.32732913441073785,0.6177204026468825,0.3317794925275381,0.6216401075729902,0.1301757987316513,0.6294373703387143,0.5182666795956241,0.026770554161684397
edge_Br_only_kS1,True,-62.0,1.0,-1.3607383357272722,5229.6786359462185,rowcol,0.3163734628820501,0.6364524121585873,0.13157295575478553,2.1790163220165515,0.2876149504954568,0.6162010409137528,0.30232356357930734,0.6263602629130433,0.1655371873627558,0.6502663383342839,0.5190975826558906,0.02769021796270605
edge_BrBt_kS1,True,-62.0,1.0,-1.3574449174761076,5229.6786359462185,rowcol,0.3163424023951234,0.6364188807384198,0.13126056166239572,2.175563590996454,0.28765003059867683,0.6162013816438202,0.30232402941306596,0.6263434769738023,0.1653229401504711,0.650169274184577,0.5191251228880203,0.027688122365766003
all_BrBt_kS1,True,-62.0,1.0,-0.42073445962911576,5229.6786359462185,rowcol,0.34231562012926764,0.6269913576565947,0.044615736487062574,1.4207048603823116,0.33393901361009565,0.6164965081452435,0.3381495296516413,0.6217410396433278,0.13150565198374634,0.6308688703565242,0.5295190196147312,0.027291988273510964
edge_BrBt_cS2_kS1,True,-62.0,0.8855995943599347,-0.7347914916957968,5229.6786359462185,rowcol,0.3095616907892135,0.6291109452417475,0.14496819280855633,1.4555865835968482,0.265803250731048,0.613536412605922,0.2884938551872498,0.6213353237690277,0.1717249129941227,0.6310290794190556,0.4643729037278565,0.024279156064515448
all_BrBt_cS2_kS1,True,-62.0,0.9774607026338062,-0.3592198146566884,5229.6786359462185,rowcol,0.33427082332956415,0.6248588226193197,0.04845638995264585,1.358794394932785,0.3246520505160192,0.614951786229256,0.3294922597077283,0.6199014609416281,0.12967363723462283,0.6281096593795548,0.5183080598723632,0.026666712920697867
edge_Br_only_kS1,True,-60.0,1.0,-1.35325385385348,5229.6786359462185,rowcol,0.3175610200469999,0.6314672362829422,0.13157778512842136,2.2485438633740107,0.28746990885933943,0.6086568397759592,0.30287600795430775,0.6201125100228346,0.16567799064309924,0.6459644782608877,0.5277564683253342,0.027671526050172653
edge_BrBt_kS1,True,-60.0,1.0,-1.352900267442616,5229.6786359462185,rowcol,0.3175573020487379,0.6314648852011215,0.13154420806001857,2.2481669093598318,0.28747402001611966,0.6086588578562854,0.3028760133357178,0.6201123137973803,0.16565495920459491,0.6459550982846645,0.5277571575560841,0.027671305495946576
all_BrBt_kS1,True,-60.0,1.0,-0.41544731757190684,5229.6786359462185,rowcol,0.3428191315043592,0.6254038089388654,0.0447214901270205,1.4552202278910307,0.33438037137017657,0.6141911192664563,0.3386222861879551,0.619796070549015,0.13170222380501753,0.6295182263445793,0.5321907369432779,0.027286522189526916
edge_BrBt_cS2_kS1,True,-60.0,0.8852850347638195,-0.7276049403322543,5229.6786359462185,rowcol,0.3101579683391163,0.6267739683880559,0.13675081342694315,1.5010377023708292,0.26607377964468343,0.6095389748028057,0.28893824708075655,0.6181754214366313,0.16590574592812846,0.6286890851004876,0.4688747141004475,0.024260194692982455
all_BrBt_cS2_kS1,True,-60.0,0.9735385382741956,-0.37118419072663705,5229.6786359462185,rowcol,0.3319105881246157,0.6234491510052379,0.04942636872453359,1.3900222622213572,0.3213186301904464,0.6126600230690057,0.32665283171941134,0.6180523906809563,0.12900971088636407,0.6267776010483495,0.5183605317986841,0.02655828427452422
edge_Br_only_kS1,True,-58.0,1.0,-1.3567430187030034,5229.6786359462185,rowcol,0.31801813661473155,0.6239571245834912,0.13233514783238381,2.328558211077403,0.286782543088549,0.603549342250753,0.3027894937196732,0.6137893684979043,0.16617675303628304,0.6419413383505282,0.5361997281896536,0.027659375470526503
edge_BrBt_kS1,True,-58.0,1.0,-1.3593672918475652,5229.6786359462185,rowcol,0.3180481823843154,0.6239601048290827,0.13258411746043908,2.3314144159360772,0.2867499036614003,0.6035242739725643,0.30278978903539877,0.6137784924075318,0.16634816155188692,0.6420036453563701,0.5362109564071394,0.027660991020212397
all_BrBt_kS1,True,-58.0,1.0,-0.4124615084393283,5229.6786359462185,rowcol,0.34306008684539707,0.6230849040656433,0.04493822643175678,1.4895497809035925,0.33464542406711706,0.6126905537915658,0.3388751314931268,0.6178847889214343,0.13185444078475508,0.6282137599281,0.5347778763972151,0.027281564554840772
edge_BrBt_cS2_kS1,True,-58.0,0.8863104773259866,-0.7336823528582962,5229.6786359462185,rowcol,0.3104727553027892,0.6227103407772051,0.12748419197634878,1.5584584057803956,0.2662562853250474,0.6071290238913002,0.2891911596121216,0.6149318621735653,0.1594665207637383,0.6265055761871199,0.4739621369062953,0.024282518915713754
all_BrBt_cS2_kS1,True,-58.0,0.9694102482059215,-0.3933250189885596,5229.6786359462185,rowcol,0.328967847939163,0.6212177387474243,0.05043428575659869,1.4280261071181837,0.3171650268863948,0.610909523093101,0.3231150835127993,0.616060599301341,0.12813021773460026,0.6254275891028945,0.5184275414681941,0.026445850647826584
edge_Br_only_kS1,True,-56.0,1.0,-1.372035233350105,5229.6786359462185,rowcol,0.3173764238025926,0.6143341998572625,0.1339613631227902,2.41475689834114,0.2857472135898,0.6012023939337329,0.30196216040480933,0.6077724357609408,0.16709469597793028,0.6384785714772002,0.5445312863661194,0.027684570286402945
edge_BrBt_kS1,True,-56.0,1.0,-1.3774710338960436,5229.6786359462185,rowcol,0.3174406116653306,0.6143020321871545,0.1344758928238065,2.4207986376750377,0.2856786829842697,0.6011412520136136,0.3019634157695283,0.6077258712591469,0.16745162654607845,0.6385948496237924,0.5445870504297974,0.02768801597530751
all_BrBt_kS1,True,-56.0,1.0,-0.41193928365188376,5229.6786359462185,rowcol,0.3429798077634182,0.6202009164138341,0.045260593858430884,1.5220269311057457,0.33471598276549525,0.6120620921701234,0.3388694107789971,0.6161255266995384,0.1319476494392352,0.6270423322078449,0.537288838479653,0.027286351573034797
edge_BrBt_cS2_kS1,True,-56.0,0.8888733070803446,-0.756655220697967,5229.6786359462185,rowcol,0.3103524499395137,0.6169021239378245,0.11695268247088617,1.6298414902924425,0.2661921321263694,0.6062521800057984,0.28909707952838476,0.6115749271145823,0.15231054138868247,0.6245121396823703,0.47995094415569295,0.024369511102249986
all_BrBt_cS2_kS1,True,-56.0,0.9647898337718432,-0.426524444306254,5229.6786359462185,rowcol,0.3253081829142215,0.6180088644467153,0.05141828541740492,1.4733334567556995,0.3120325472166077,0.6098246923788773,0.3187335852382098,0.6139108918333145,0.12696803940475063,0.6240634189491628,0.5185131671089772,0.02633143283417793
edge_Br_only_kS1,True,-54.0,1.0,-1.399577793663169,5229.6786359462185,rowcol,0.3153029872863156,0.6032784421466497,0.13670342377133843,2.5005626718112386,0.284557320750477,0.6017896322904643,0.30031020139153547,0.6025309452788202,0.16860075628394788,0.6358542704994448,0.5528682356813172,0.027776881117272924
edge_BrBt_kS1,True,-54.0,1.0,-1.4073704165005203,5229.6786359462185,rowcol,0.3153905527094696,0.6031717556482771,0.13743987977778682,2.509362059821637,0.28446580417370626,0.60170686401079,0.30031274577796896,0.6024362603641105,0.16911776593031144,0.636008050440122,0.5529924640039351,0.027782320110294873
all_BrBt_kS1,True,-54.0,1.0,-0.41322782501321703,5229.6786359462185,rowcol,0.3425798759928463,0.6169781166511902,0.04566070195200359,1.5503866969416809,0.33464003170756385,0.612317396877177,0.3386296933435706,0.6146410555379117,0.1319828963712341,0.6260817466836812,0.5397285568456266,0.027309098278724055
edge_BrBt_cS2_kS1,True,-54.0,0.8931142026913399,-0.7997430990763418,5229.6786359462185,rowcol,0.30957730518137916,0.6093229524499927,0.10505406171444677,1.7163102772530758,0.2657855381110008,0.6068766210446931,0.2884940585457627,0.6080951808230591,0.14446203940729643,0.6227585993143268,0.4871968383435918,0.024545058512684008
all_BrBt_cS2_kS1,True,-54.0,0.9593758094963052,-0.47178636477282226,5229.6786359462185,rowcol,0.32081350449466234,0.6136658915718406,0.05225382181112851,1.525806471944662,0.3058119160270599,0.6095964963775806,0.3133958114921148,0.6116248701970511,0.12544373618697066,0.6227164935120264,0.5186218545609232,0.02621977993495806
edge_Br_only_kS1,True,-52.0,1.0,-1.4388608905279843,5229.6786359462185,rowcol,0.3115407119209401,0.5918177723325836,0.14085003732562337,2.5772956039221704,0.2834230586917482,0.6052679246552174,0.2978014119646301,0.5986127123347299,0.17092683813984996,0.6343242881162038,0.5613105696685519,0.02796307504696654
edge_BrBt_kS1,True,-52.0,1.0,-1.4482025467390283,5229.6786359462185,rowcol,0.3116293751187245,0.5916218260190953,0.14173461013087835,2.5878943828078294,0.28333329249843603,0.6051947776444055,0.2978050068492328,0.5984791601809443,0.17155814111227527,0.6345014746494291,0.5615094503997377,0.027970747685579948
all_BrBt_kS1,True,-52.0,1.0,-0.4149912603510916,5229.6786359462185,rowcol,0.34192518787364073,0.6137218733602761,0.04608643738334103,1.5718657109755265,0.3345216745339774,0.6133988698133416,0.33824039472171114,0.6135596222698193,0.13197474887308347,0.6254033290110794,0.5420764964269198,0.027356179228027872
edge_BrBt_cS2_kS1,True,-52.0,0.8988852641396662,-0.8637519989061135,5229.6786359462185,rowcol,0.3078133601147039,0.6001025805387362,0.09222583990530187,1.8150619283436091,0.2650694699743752,0.6090524098304388,0.287218647344828,0.604615406149964,0.13632028021277068,0.6213543879840359,0.495904946396694,0.02482845223901264
all_BrBt_cS2_kS1,True,-52.0,0.9528738998580096,-0.5297634500009188,5229.6786359462185,rowcol,0.3154205328568988,0.6080993028156607,0.05273057005215163,1.5837852953748988,0.29852375043426643,0.6104643032213218,0.30708086301581905,0.6092885925364288,0.12347339192949709,0.6214552619229935,0.5187576466822331,0.02611985301534226
edge_Br_only_kS1,True,-50.0,1.0,-1.4876027339493314,5229.6786359462185,rowcol,0.30598523850457127,0.5813937661097379,0.14659158396721025,2.6340908095808406,0.28258657708148804,0.6113111250273866,0.29450796868554674,0.5966113704919255,0.17428671368412224,0.6340866099299691,0.5698895349564448,0.028263233075296865
edge_BrBt_kS1,True,-50.0,1.0,-1.497308873756891,5229.6786359462185,rowcol,0.3060481172468826,0.5811386829573588,0.14751824783392242,2.6449740883774107,0.2825265388360708,0.6112783041293361,0.29451178100588626,0.5964707911166334,0.17496166471421862,0.6342726809375338,0.570144534553406,0.028273023253205905
all_BrBt_kS1,True,-50.0,1.0,-0.4155129538833141,5229.6786359462185,rowcol,0.34114169607562345,0.6108105406814734,0.04646516495984532,1.5836943292748744,0.33449721972961316,0.6151535620654367,0.3378328379513807,0.6129962584434587,0.1319472715846538,0.6250637527913542,0.5442764802932294,0.027430778049406208
edge_BrBt_cS2_kS1,True,-50.0,0.9054737808276024,-0.9443596975971705,5229.6786359462185,rowcol,0.3046492754507845,0.5898811150753613,0.07994045723233355,1.915109700814733,0.26422725156083177,0.6128448182680428,0.2851374784026172,0.6015273392219419,0.12881745672758524,0.6204817032694011,0.5058338134044513,0.02522402076482516
all_BrBt_cS2_kS1,True,-50.0,0.9450596839550128,-0.5999931812473768,5229.6786359462185,rowcol,0.30917419861299383,0.6014084303888525,0.052543604105737135,1.6429863209417694,0.29043026824266915,0.6126451461436142,0.29994034968106437,0.6070795932404497,0.12098887086255615,0.6203845305176341,0.5189226485197915,0.02604580129098043
edge_Br_only_kS1,True,-48.0,1.0,-1.540997409954446,5229.6786359462185,rowcol,0.29881755865883564,0.5737994892784912,0.15384562374017208,2.6583077430638133,0.28229548438640145,0.61925296610663,0.2906665889614122,0.5970673451455263,0.1787518670576169,0.6352198869797145,0.5785009179978439,0.028684629891280077
edge_BrBt_kS1,True,-48.0,1.0,-1.5495676321098786,5229.6786359462185,rowcol,0.29883735229925784,0.5735584558523911,0.15467717328948877,2.667603970851344,0.28228058868648787,0.6192698372690669,0.2906695149829655,0.5969608832188397,0.1793713192410286,0.6353935620254713,0.5787654304045229,0.02869537951698169
all_BrBt_kS1,True,-48.0,1.0,-0.41320357621302134,5229.6786359462185,rowcol,0.3403965153613982,0.6086369888575618,0.04671662034693552,1.5840007296004832,0.3346948247054361,0.617321315730909,0.337555172402758,0.6130152482557125,0.13192717485349315,0.6250876851430263,0.5462453583416109,0.027531488868168908
edge_BrBt_cS2_kS1,True,-48.0,0.9115060148395681,-1.0303945602761204,5229.6786359462185,rowcol,0.29980595657000103,0.5801127989902815,0.07043987956190322,1.9955448965020894,0.2635002917524317,0.6180886668994315,0.2822213850104957,0.599492104403272,0.12302229901713015,0.6203017507499414,0.5160575022055178,0.025707918384418656
all_BrBt_cS2_kS1,True,-48.0,0.9358886098923184,-0.6799246965488215,5229.6786359462185,rowcol,0.30227433479570553,0.5940431516072378,0.05132736738834317,1.6956503948551784,0.2821266142067696,0.6161871597592576,0.29236511806039767,0.605269257975336,0.11797480090376081,0.6196204685188704,0.5191147233150444,0.026015966076762938
edge_Br_only_kS1,True,-46.0,1.0,-1.5916121172725732,5229.6786359462185,rowcol,0.29066695856369695,0.5708111773982425,0.16210663694843708,2.637557152694739,0.28271025889018636,0.62808547716154,0.2867126718442929,0.6002684366676537,0.1841083069773118,0.6376050994279232,0.5868524108104182,0.029214255468940964
edge_BrBt_kS1,True,-46.0,1.0,-1.5974309254441479,5229.6786359462185,rowcol,0.290651659899136,0.5706624556820283,0.16268499440046816,2.643507760016762,0.2827286646919674,0.6281286108403037,0.2867140069144559,0.6002207443318037,0.18454872864162547,0.6377331693199807,0.587056332280684,0.029223235701823586
all_BrBt_kS1,True,-46.0,1.0,-0.4071739064884636,5229.6786359462185,rowcol,0.339853424593357,0.607504964084245,0.04677485810602175,1.5727413364235645,0.33518886260943714,0.619565055478976,0.33752712662922474,0.6135934108436997,0.13193522584442274,0.6254516686034033,0.5479004240120284,0.027651938829439178
edge_BrBt_cS2_kS1,True,-46.0,0.9153217585793535,-1.1059507862150066,5229.6786359462185,rowcol,0.2934560495033153,0.57279559471189,0.06476578286936478,2.0314643969736874,0.2630053252163322,0.6241065809928925,0.2786334319150604,0.5991230436568097,0.1191541906625416,0.6207644382124319,0.5250979249809847,0.026223643203641022
all_BrBt_cS2_kS1,True,-46.0,0.9256264943538256,-0.7641856117847193,5229.6786359462185,rowcol,0.29507345088798637,0.586920075220078,0.048763254260373534,1.730999574825664,0.27449352313783537,0.6207749277115392,0.2849601789255506,0.604165443462368,0.1145167434540631,0.6192354870162698,0.5193251907717711,0.02604823747733057
edge_Br_only_kS1,True,-44.0,1.0,-1.630677860913492,5229.6786359462185,rowcol,0.2826789751728677,0.5734733313443725,0.1704364624431585,2.5639674011344384,0.28378365577093784,0.6365873098343868,0.2832323454462862,0.6060030761261778,0.18978522351684826,0.6408801431982839,0.5944781890438667,0.029814475754158673
edge_BrBt_kS1,True,-44.0,1.0,-1.6323639416034827,5229.6786359462185,rowcol,0.2826661052066989,0.5734417430641101,0.17060920231130988,2.565544807172676,0.2837966753169566,0.6366080805594299,0.2832324572924978,0.6059991632430141,0.18991926649180346,0.640920698068043,0.594543602845651,0.029817603610806532
all_BrBt_kS1,True,-44.0,1.0,-0.39756997850868575,5229.6786359462185,rowcol,0.3396183870388744,0.607535712992696,0.0466110724856832,1.5520171404714538,0.33597274240880953,0.621543412652478,0.3377988611624669,0.6146128869587411,0.13197987194283486,0.6260825912937864,0.549192083335514,0.027782185213260896
edge_BrBt_cS2_kS1,True,-44.0,0.915775830268285,-1.1570695046207282,5229.6786359462185,rowcol,0.2863443818539122,0.5694854101889356,0.06109579527315241,2.007051525439037,0.2626482020046845,0.6297159499612582,0.2747413412305203,0.6004999722756642,0.11621260750131691,0.6215286952344341,0.5315593002228726,0.02669929928596726
all_BrBt_cS2_kS1,True,-44.0,0.9149150173150847,-0.844925683931304,5229.6786359462185,rowcol,0.2879972255170166,0.5813298304058263,0.04475536794485152,1.7381055561598546,0.2684048624069516,0.6256159387777753,0.2783647548267644,0.603984562914577,0.110834446637334,0.6191997339654257,0.5195383597565305,0.026151939595466182
edge_Br_only_kS1,True,-42.0,1.0,-1.6509136949124024,5229.6786359462185,rowcol,0.2762861927347791,0.5814302030187215,0.17769679345427575,2.4393280982046837,0.2852193970895175,0.6436000629840333,0.2807922964105371,0.6134515071826434,0.1949725055817231,0.6444977809899272,0.6008616991109527,0.030427992109759418
edge_BrBt_kS1,True,-42.0,1.0,-1.647701376384134,5229.6786359462185,rowcol,0.2763239809124514,0.5814592685542631,0.17735645047665224,2.4366726838222292,0.28518365699831083,0.643547453736946,0.28079270521648764,0.6134374878955355,0.1947047206319934,0.6444141450666929,0.6007264653794129,0.030421026512604053
all_BrBt_kS1,True,-42.0,1.0,-0.38546840947426514,5229.6786359462185,rowcol,0.3397050028234962,0.6086466346942302,0.04624531519697308,1.525474957624928,0.33696480445499344,0.6229888098811058,0.33833645881820534,0.6158936859609723,0.13205626954711547,0.6268748516214656,0.5501221152953812,0.027911390672025537
edge_BrBt_cS2_kS1,True,-42.0,0.9128624160860647,-1.1784542682932657,5229.6786359462185,rowcol,0.2794728052295033,0.5704621656046159,0.05666136316692402,1.9255561086715682,0.2622584266691042,0.6336553373335706,0.27099468117497016,0.6030378205195589,0.1130301410672705,0.6221618606687666,0.5348446164596323,0.027079670991172852
all_BrBt_cS2_kS1,True,-42.0,0.9046647180811888,-0.9138354171061989,5229.6786359462185,rowcol,0.281427884257752,0.5785299695645949,0.039588195044566725,1.710808743076257,0.2643004765820568,0.6295832680247618,0.2729909157801544,0.604717413959125,0.10725790301137121,0.6193773269180781,0.5197347935896764,0.026320453241242405
edge_Br_only_kS1,True,-40.0,1.0,-1.6497382316330789,5229.6786359462185,rowcol,0.27263505364616347,0.5929565589700259,0.18297980168201913,2.277685382909618,0.2865851794586789,0.6483307680607522,0.2797033054223207,0.6213928796359562,0.19893986071741226,0.6478987042514551,0.605638210989812,0.030993687296623943
edge_BrBt_kS1,True,-40.0,1.0,-1.6416730462516311,5229.6786359462185,rowcol,0.2727491718762875,0.5929449651034208,0.18209603420658546,2.272023511504201,0.286481871188008,0.6481727602145345,0.27970592217667034,0.6213045561461783,0.19823867096102943,0.6476752675595783,0.6052758284390565,0.030973807235058
all_BrBt_kS1,True,-40.0,1.0,-0.3724197339076544,5229.6786359462185,rowcol,0.3400426935792999,0.6106099543640201,0.04573936807871372,1.497170074763584,0.33804322203129683,0.6237486314233246,0.3390435423198552,0.6172455960097897,0.13215103025412278,0.6277165288465534,0.5507381867662164,0.028030300036642676
edge_BrBt_cS2_kS1,True,-40.0,0.907607059550295,-1.1745526465463392,5229.6786359462185,rowcol,0.2736054161671339,0.5748980529086034,0.050396729300082085,1.8069757497187342,0.26177166527663254,0.6350964700108126,0.26774866191270147,0.6058889490120926,0.10935397719152558,0.6224201888159683,0.535339955442399,0.027346385662300646
all_BrBt_cS2_kS1,True,-40.0,0.8957646546308385,-0.9651630969874989,5229.6786359462185,rowcol,0.27564058532501123,0.5792015250638453,0.03393040130573971,1.6518590174982808,0.2619933070518975,0.6316221506040315,0.2688974687701549,0.6061038655814122,0.10412892046492292,0.6196017707599633,0.5198977421351829,0.026530661552434828
edge_Br_only_kS1,True,-38.0,1.0,-1.630679150874505,5229.6786359462185,rowcol,0.2720212454262643,0.6058053644839567,0.18597981312077333,2.1024725021597814,0.2874966001110048,0.6504883948372012,0.279872789446664,0.6286505897121507,0.20136063794307713,0.6506952827508523,0.6087547331428772,0.031465326569180094
edge_BrBt_kS1,True,-38.0,1.0,-1.6184924995681274,5229.6786359462185,rowcol,0.27219636451688156,0.6056725678061405,0.18460250962732624,2.0955164401108535,0.2873429771416765,0.6502187527009623,0.2798788912369502,0.6284467425270568,0.20026404234920997,0.6503424393582212,0.6081785919152392,0.03143205472038094
all_BrBt_kS1,True,-38.0,1.0,-0.3599541748579107,5229.6786359462185,rowcol,0.3405147554134367,0.6131424161711118,0.045177026242436025,1.470589011708972,0.33908515285316027,0.623778919748721,0.33980007001474166,0.6185089072915252,0.13224856115680697,0.6285105591418941,0.5511126698889653,0.028132425043729058
edge_BrBt_cS2_kS1,True,-38.0,0.9014332991483995,-1.1551866773280504,5229.6786359462185,rowcol,0.2690397140042198,0.5816230026311365,0.04305252719789399,1.6771429118942929,0.2612585070500201,0.6338331808813483,0.26517419187832514,0.6084129356616047,0.1057288467168415,0.6223189325241043,0.5340208035027152,0.027512855085990193
all_BrBt_cS2_kS1,True,-38.0,0.8887745295305609,-0.997768796003674,5229.6786359462185,rowcol,0.2708104166661485,0.5831804931776329,0.028628828176649683,1.5729466711065407,0.2609136870137179,0.631148515126077,0.26590369690512144,0.6077523584755943,0.10167728648537559,0.6197663715897613,0.5200188997747462,0.026750612870552092
edge_Br_only_kS1,True,-36.0,1.0,-1.6019033705797663,5229.6786359462185,rowcol,0.27382613689252805,0.6181689312833115,0.1870533730284269,1.939440898750175,0.2877148351393265,0.6501874640301109,0.2808625271243897,0.6344565912762996,0.20240460607161112,0.6527400096042516,0.6104756304725871,0.03182146066225672
edge_BrBt_kS1,True,-36.0,1.0,-1.5866666719346385,5229.6786359462185,rowcol,0.2740179723332463,0.6178902045833885,0.1852861479481696,1.9326583760470706,0.28755151248966176,0.6498198888053864,0.28087228689085164,0.6341322114131598,0.20099748017166208,0.6522858942531721,0.6097272714352566,0.031776478238259145
all_BrBt_kS1,True,-36.0,1.0,-0.3492791776013998,5229.6786359462185,rowcol,0.34099924803325515,0.6159747302657436,0.04464315722910609,1.448214530341211,0.3399924614441778,0.623111112426369,0.3404957789911232,0.6195702209269718,0.1323356522962736,0.6291841783412045,0.5513203473283697,0.028213929082543162
edge_BrBt_cS2_kS1,True,-36.0,0.8955957176172159,-1.1304736401472437,5229.6786359462185,rowcol,0.2657116479969247,0.5896547441408788,0.03604140804999849,1.5582827045299887,0.26084285668124796,0.6301289465166823,0.2632863411801584,0.6103239975770552,0.10277984967882026,0.6220121741561024,0.5319388439305253,0.027606405416410212
all_BrBt_cS2_kS1,True,-36.0,0.8838061959671362,-1.0148058405155331,5229.6786359462185,rowcol,0.2670215520562054,0.5896595744415625,0.024395538239940413,1.4904563648460276,0.26051797728515813,0.6281512343010286,0.2637869152877024,0.6093012570902188,0.09995828571044282,0.6198481033307602,0.5200996104701812,0.026949740420157096
edge_Br_only_kS1,True,-34.0,1.0,-1.5730167601220653,5229.6786359462185,rowcol,0.276969833768735,0.6290757923575875,0.18696324241693113,1.8099547373950982,0.2871210921190473,0.6477313570288906,0.2820956441290729,0.6385162149213442,0.2025661813461635,0.6540637937572746,0.6112427795933304,0.03206231334245098
edge_BrBt_kS1,True,-34.0,1.0,-1.5558084910683043,5229.6786359462185,rowcol,0.27713075740793036,0.6286736942668004,0.18492822859388805,1.804110710454405,0.28699100623478,0.6472908761806346,0.2821083507281895,0.6380945986305215,0.20094852577184985,0.6535418837971331,0.61037485387774,0.03200861568861564
all_BrBt_kS1,True,-34.0,1.0,-0.3412029626398451,5229.6786359462185,rowcol,0.3413941624787659,0.6188830377585834,0.044209487581592495,1.4315650431686489,0.3407000938418143,0.6218171969552053,0.3410469959740224,0.6203588519223233,0.13240320784850196,0.6296886391074168,0.5514239447224489,0.028272868927069702
edge_BrBt_cS2_kS1,True,-34.0,0.8909564391460527,-1.108128904791455,5229.6786359462185,rowcol,0.26340294923764307,0.5983063441755716,0.03055308962129554,1.4655062511952481,0.26063640243015135,0.6244627199752881,0.26202209649077995,0.6115867768696716,0.10078457948657356,0.6216636855714348,0.5299253548216677,0.027653733786686324
all_BrBt_cS2_kS1,True,-34.0,0.8806360210069165,-1.0215919906250914,5229.6786359462185,rowcol,0.26425179731200055,0.5976196196284567,0.021562255367003794,1.4201562237363339,0.26050323742140574,0.6230069881994259,0.26238254421878227,0.6105058444544491,0.09888648231299142,0.6198685986816365,0.5201475074895222,0.027105233261243034
edge_Br_only_kS1,True,-32.0,1.0,-1.5521823168673983,5229.6786359462185,rowcol,0.2804331307716177,0.6382253673270405,0.1865172955624046,1.728003582670312,0.2856609712143396,0.643419977503465,0.2830614458674462,0.6408403282101363,0.2023945030762502,0.6547675145519369,0.6114957625505264,0.03219903004707845
edge_BrBt_kS1,True,-32.0,1.0,-1.533919312810105,5229.6786359462185,rowcol,0.2805291550899169,0.6377444460303918,0.18433154944338614,1.7230925207856895,0.2855955893808285,0.6429377022183339,0.2830759609539326,0.6403587279020572,0.20066010415138155,0.6542087161112634,0.6105601196814846,0.03214011930994222
all_BrBt_kS1,True,-32.0,1.0,-0.3361951717628902,5229.6786359462185,rowcol,0.34162540405787856,0.621691596286828,0.043928130160961976,1.421449357297121,0.3411733064428459,0.6199864530862986,0.34139922897540204,0.620835542210248,0.1324459500958342,0.6299945165341595,0.5514682245051614,0.02830839856219424
edge_BrBt_cS2_kS1,True,-32.0,0.8880127046168852,-1.0930151494039055,5229.6786359462185,rowcol,0.2618834049899521,0.6070977032405717,0.027202388697479513,1.4074844625847445,0.26072620587596407,0.6173459789119381,0.26130493125238174,0.6122677319566862,0.09969578457582164,0.6213898296071518,0.5285220687963577,0.027674434439823394
all_BrBt_cS2_kS1,True,-32.0,0.8789213973053407,-1.0232901282796687,5229.6786359462185,rowcol,0.2623758392398189,0.6061516602034155,0.02004997414917055,1.3738198035240439,0.2607946433426744,0.6162317708060089,0.26158573263697094,0.6112365422698915,0.09832249184648038,0.6198519646644964,0.5201716417606329,0.027203111501398865
edge_Br_only_kS1,True,-30.0,1.0,-1.5445830910350455,5229.6786359462185,rowcol,0.2835192041650804,0.6456358176106262,0.1862925472402756,1.7007104991781157,0.28334178394724097,0.637441407435136,0.2834304290150919,0.6415321469956599,0.20228600807757713,0.6549395200787496,0.6115404251001678,0.032242864298843474
edge_BrBt_kS1,True,-30.0,1.0,-1.5260192530475998,5229.6786359462185,rowcol,0.2835342992428471,0.6451236402536517,0.1840618063423702,1.6961752563658676,0.28335683321409727,0.6369531627717282,0.28344550117345635,0.6410319269180987,0.2005172196478523,0.6543705102093617,0.6105844463610595,0.03218231769369051
all_BrBt_kS1,True,-30.0,1.0,-0.33448555220246634,5229.6786359462185,rowcol,0.34164481691235205,0.6242621596652258,0.043830051021832156,1.4182290351183664,0.3414014613164046,0.6177153055809382,0.3415230525357151,0.6209817417453133,0.1324613622340158,0.6300867392909839,0.5514792928980151,0.028320207815734993
edge_BrBt_cS2_kS1,True,-30.0,0.8870042100530899,-1.0876616847034677,5229.6786359462185,rowcol,0.26096767510068636,0.6156466913611942,0.02609725703951825,1.388358769888095,0.26119195544899765,0.6092420086459541,0.26107993912717686,0.612437442845796,0.09935975425370643,0.6212544174746395,0.5280191688891052,0.027679816156682854
all_BrBt_cS2_kS1,True,-30.0,0.8783870242466651,-1.0234137623541535,5229.6786359462185,rowcol,0.2612082055913659,0.6145561342602232,0.019597307162822396,1.3582554513653282,0.2614603679750459,0.6083376916019922,0.2613344293691504,0.6114399831247297,0.09815248865723987,0.6198108721107164,0.5201787254512102,0.02723639002774475
edge_Br_only_kS1,True,-28.0,1.0,-1.5519604299979757,5229.6786359462185,rowcol,0.2858638490414004,0.6513686348211013,0.1864941973618099,1.7300524225350558,0.2802965704976695,0.629842866935242,0.2830914193099776,0.640644811011362,0.2023818268249592,0.654615415983446,0.6114843893178753,0.03219831423274744
edge_BrBt_kS1,True,-28.0,1.0,-1.5337841679212967,5229.6786359462185,rowcol,0.2857987484744119,0.6508679567366228,0.18431883549741704,1.7251459845966568,0.2803918359689231,0.6293896198650698,0.28310579532346086,0.6401676306636499,0.20065574874828504,0.6540609039784928,0.6105531994852248,0.03213968342254843
all_BrBt_kS1,True,-28.0,1.0,-0.33613999019125335,5229.6786359462185,rowcol,0.34142556400087,0.6264807318389498,0.04392540972952215,1.421991987674475,0.34139337153245336,0.6151070733687112,0.34140945382560106,0.6207928164035423,0.13244876056903598,0.6299612874560258,0.5514656162215331,0.02830822366663867
edge_BrBt_cS2_kS1,True,-28.0,0.8879997031326271,-1.092828816489524,5229.6786359462185,rowcol,0.2605220552188022,0.62358940128501,0.02719512305397904,1.4092367789292137,0.2621298954414177,0.6005555181458796,0.26132792710895353,0.6121258598529352,0.09970228191084576,0.6212788529273114,0.528505759717433,0.027673481964779756
all_BrBt_cS2_kS1,True,-28.0,0.8789306232138213,-1.0231825916672128,5229.6786359462185,rowcol,0.26055977878480563,0.6222916425477231,0.02007091648342452,1.3755570192506188,0.262648637126083,0.5998209551599865,0.26160722203656867,0.6111059805158094,0.09833396943441378,0.6197511196667924,0.5201711743468601,0.027203017342781688
edge_Br_only_kS1,True,-26.0,1.0,-1.5725637430714583,5229.6786359462185,rowcol,0.2873356728022268,0.655386276194463,0.18691681552228112,1.8137249696325397,0.27689051495253025,0.6205759272657836,0.28215678519768705,0.638135458820793,0.2025407684732964,0.6537679128386077,0.6112199204276603,0.03206089947944318
edge_BrBt_kS1,True,-26.0,1.0,-1.5555247970741761,5229.6786359462185,rowcol,0.28720693334413044,0.6549338714656379,0.18490183071636293,1.8079086570576213,0.2770491599582471,0.6202025947906923,0.28216924027660006,0.6377218546855896,0.20093918681381806,0.6532540784437766,0.6103605522376592,0.032007730593022025
all_BrBt_kS1,True,-26.0,1.0,-0.3410875250610045,5229.6786359462185,rowcol,0.3409594615575455,0.6282467235725024,0.04420382772010273,1.4326112030830116,0.34117642827802147,0.6122783596839628,0.34106805868589046,0.6202758338773805,0.13240896522757922,0.6296240967449191,0.5514185818961058,0.028272519656578586
edge_BrBt_cS2_kS1,True,-26.0,0.8909277377866902,-1.107727377038191,5229.6786359462185,rowcol,0.26045051207354136,0.6305281754449207,0.030529649255401775,1.4687415640863137,0.2636741698648372,0.5916607305696294,0.26206873172476775,0.6113107016120041,0.10079495850997254,0.6214475091310925,0.5298901723756672,0.027651709278767835
all_BrBt_cS2_kS1,True,-26.0,0.8806547357420881,-1.0213698768062351,5229.6786359462185,rowcol,0.2602828809956719,0.6288761825255287,0.021601586861692904,1.4233660028835902,0.2645473366960914,0.5912347278163732,0.26242566823685215,0.6102559407626568,0.09890948085396153,0.6196757973528925,0.5201465522727862,0.0271050551563064
edge_Br_only_kS1,True,-24.0,1.0,-1.601203540602649,5229.6786359462185,rowcol,0.287929369009887,0.6575106475817243,0.18698348661033612,1.9443702600270545,0.27381950439094255,0.609640220420436,0.28095674999891856,0.6339132543529947,0.20236663509253705,0.6523184309752592,0.6104412439216717,0.031819394068744726
edge_BrBt_kS1,True,-24.0,1.0,-1.5862093486168671,5229.6786359462185,rowcol,0.2877689166776535,0.6571376959703179,0.1852443953557899,1.9376650996824152,0.27400718605489177,0.6093878953280759,0.2809661984012035,0.6335988511059814,0.2009821140055719,0.6518751712089964,0.6097048196369352,0.031775128480658596
all_BrBt_kS1,True,-24.0,1.0,-0.3490934454889977,5229.6786359462185,rowcol,0.3402578208746419,0.6294667638865087,0.044634144042424606,1.4496863457193687,0.3407991983123728,0.6093699238105708,0.34052885800598076,0.6194519034952344,0.1323446189125198,0.6290922378915783,0.5513119692896378,0.0282134094831705
edge_BrBt_cS2_kS1,True,-24.0,0.8955455329408308,-1.1297970355974494,5229.6786359462185,rowcol,0.2606730992519987,0.6360049018506323,0.035987544082453304,1.562516672309404,0.2660104169943129,0.5829545492249788,0.2633576537551432,0.6099302010453864,0.10278843082200474,0.6217029517615442,0.5318795010324162,0.02760307010731629
all_BrBt_cS2_kS1,True,-24.0,0.8838347147117013,-1.01445676075255,5229.6786359462185,rowcol,0.2603116940143696,0.6338150061965637,0.024447846062228076,1.4946811623401746,0.26733903554778266,0.5832871117383756,0.2638518873214571,0.6089547987603764,0.0999926752833954,0.6195812438008832,0.5200981353411361,0.026949501578588705
edge_Br_only_kS1,True,-22.0,1.0,-1.629715998768416,5229.6786359462185,rowcol,0.28770203878768225,0.6574567532464557,0.18588701750988743,2.107903325755819,0.2720979641796829,0.5973564984326521,0.28000178011382254,0.6279826206523622,0.20131104160478716,0.6501777073567802,0.6087091839026479,0.031462696160399053
edge_BrBt_kS1,True,-22.0,1.0,-1.6178289096433023,5229.6786359462185,rowcol,0.28755266329847695,0.6571873661958915,0.18454357670678573,2.1010946262065398,0.27226746371716254,0.5972438878048688,0.28000758294135697,0.6277884670685222,0.20024162604374002,0.6498370210664557,0.6081472314917301,0.03143024364462987
all_BrBt_kS1,True,-22.0,1.0,-0.35968357652457866,5229.6786359462185,rowcol,0.33935608291780767,0.6300552650494761,0.04516410656092446,1.472371428906347,0.3403359147969256,0.6065596951209904,0.33984678785199185,0.6183630289124625,0.13226109947051737,0.6283972532294367,0.5511009726228113,0.028131748088623038
edge_BrBt_cS2_kS1,True,-22.0,0.9013521743653149,-1.1541417660847035,5229.6786359462185,rowcol,0.2611019361812563,0.6395129414328048,0.042952773060123635,1.6817569786825382,0.2693684214355652,0.5749366973472375,0.26527105845094817,0.607928787649536,0.10572689676125195,0.6219362344004709,0.53392918518879,0.027507861587095405
all_BrBt_cS2_kS1,True,-22.0,0.8888128165638736,-0.9972786433763118,5229.6786359462185,rowcol,0.2607251164629542,0.6366134312442914,0.0286868942979482,1.5776449152124827,0.27114489712072837,0.5768892075378181,0.2659906691681346,0.6073434024315195,0.10172239775975686,0.6194518781683107,0.5200168780284422,0.02675035325253274
edge_Br_only_kS1,True,-20.0,1.0,-1.6485020109645563,5229.6786359462185,rowcol,0.2867763259987631,0.654944358347611,0.1828659384860653,2.282994803798738,0.2727960633204128,0.5847115356184164,0.2798672840616731,0.6206546069522849,0.19888082707308394,0.6473266928296355,0.6055826537095064,0.03099063923884683
edge_BrBt_kS1,True,-20.0,1.0,-1.6407699806476208,5229.6786359462185,rowcol,0.28667780371971013,0.654790324091949,0.1820186830313367,2.277553277673556,0.2729043387989907,0.5847107047941499,0.2798696876881242,0.6205733335450333,0.19820878832379213,0.6471149802738964,0.6052352634620519,0.030971582081923427
all_BrBt_kS1,True,-20.0,1.0,-0.3720463144494361,5229.6786359462185,rowcol,0.3383199887472967,0.6299449118592013,0.04572194533704725,1.4991156705271103,0.3398882607721646,0.6040727776096352,0.339105728994579,0.617082725901145,0.13216755396211918,0.6275900407270342,0.5507229429942219,0.028029493898877732
edge_BrBt_cS2_kS1,True,-20.0,0.9074815810872218,-1.1730151866959742,5229.6786359462185,rowcol,0.26162420094641853,0.6405796225086583,0.0502387221969499,1.8112961690234173,0.2739644723860616,0.568316421864642,0.2678708969095882,0.6053548523116292,0.1093319464122595,0.6219919877048224,0.5352055654511524,0.027339319584330748
all_BrBt_cS2_kS1,True,-20.0,0.8958118201621578,-0.9645214666306009,5229.6786359462185,rowcol,0.2618312176308562,0.6369191026497487,0.03398722085555391,1.656509886138243,0.27598268033283213,0.5730509415508341,0.26900631739328473,0.6056750805859589,0.10418320536882641,0.6192723237383501,0.5198951751181036,0.026530438480437533
edge_Br_only_kS1,True,-18.0,1.0,-1.6494084506451137,5229.6786359462185,rowcol,0.28539594334640944,0.6498895268472221,0.1775652602263073,2.4440159145814833,0.2765199259503084,0.5735118525872032,0.2809890358889204,0.6127097233479261,0.19490758771639505,0.6439212777759468,0.6007983268896508,0.030424727801217133
edge_BrBt_kS1,True,-18.0,1.0,-1.6465338392614577,5229.6786359462185,rowcol,0.2853642432431799,0.6498420350319931,0.17726069951856877,2.44163547775734,0.2765532458742705,0.5735412528693508,0.2809893630293076,0.6126984832138089,0.1946680400210891,0.6438473797213277,0.6006773212515154,0.0304184954883153
all_BrBt_kS1,True,-18.0,1.0,-0.38497316106393564,5229.6786359462185,rowcol,0.33724828199622936,0.6291100986034859,0.04622288339903662,1.5274146165973073,0.33957718681408366,0.6021777061551054,0.33841577377768434,0.6157269210811505,0.13207716531814348,0.6267452572653869,0.5501033437545612,0.027910503051220576
edge_BrBt_cS2_kS1,True,-18.0,0.9126761885587523,-1.1762838719597517,5229.6786359462185,rowcol,0.26211539497331465,0.638950913171378,0.056444727641260545,1.9289270442153874,0.279858384737249,0.5640931756936197,0.27113995570877214,0.6025071333458815,0.11298395729659702,0.6217243232552668,0.5346563449014801,0.02707014916685936
all_BrBt_cS2_kS1,True,-18.0,0.9047186333441338,-0.9130413596340545,5229.6786359462185,rowcol,0.26417791576918476,0.6347662962702012,0.03963819954820231,1.7149887426403447,0.2817648698237299,0.5725558649917485,0.2731208114415371,0.6043137046252354,0.10731887921837917,0.6190669824918116,0.5197317304720345,0.026320333103497545
edge_Br_only_kS1,True,-16.0,1.0,-1.628924323141168,5229.6786359462185,rowcol,0.2839501211932484,0.6426149886211326,0.17029180966988916,2.5676955120056326,0.28296416443075767,0.5659760055905712,0.28345713290397456,0.6053267385741151,0.18971875832496757,0.6403498075295075,0.59441016747811,0.029811223695513724
edge_BrBt_kS1,True,-16.0,1.0,-1.6309225812577788,5229.6786359462185,rowcol,0.28396528981467933,0.6426395811822979,0.17049653033614579,2.5695672998786305,0.28294928343143405,0.5659366328723312,0.2834572898763263,0.6053212364689794,0.18987754820067076,0.6403972484680379,0.5944876827583513,0.029814929681235763
all_BrBt_kS1,True,-16.0,1.0,-0.39693653545798224,5229.6786359462185,rowcol,0.33626422448530424,0.6276014659923421,0.04658336151837644,1.5537785647462448,0.33951767958862755,0.6011537131433896,0.33789631508494494,0.6144568050085447,0.13200539676916764,0.6259610610664029,0.5491702391912436,0.02778128184669421
edge_BrBt_cS2_kS1,True,-16.0,0.9155127782143413,-1.1541436870429178,5229.6786359462185,rowcol,0.2625061815234495,0.6348460608312544,0.06084933857143826,2.0089196861355405,0.2867466293837169,0.56343376732861,0.2749045017110506,0.6000328502243657,0.11615345162977563,0.6211228699554575,0.5313090677665985,0.02668712724188977
all_BrBt_cS2_kS1,True,-16.0,0.9149723202852168,-0.8439909560966443,5229.6786359462185,rowcol,0.26833543878035315,0.6307540155702667,0.04479474232673072,1.7415307396401964,0.2883153830594787,0.5755336701683024,0.27851352095155985,0.6036438562060751,0.11089907160382946,0.618937196636906,0.5195349025313635,0.026151977590220536
edge_Br_only_kS1,True,-14.0,1.0,-1.5896445444701108,5229.6786359462185,rowcol,0.282874299491726,0.6339371747921965,0.1619535627585571,2.6401490701142634,0.2909800017640844,0.5637735247958248,0.28695937785672443,0.5997149197202943,0.18404427908781834,0.6371628921421623,0.586783482653679,0.029211221610958665
edge_BrBt_kS1,True,-14.0,1.0,-1.5957246364407045,5229.6786359462185,rowcol,0.28289254952382886,0.6339814729636315,0.1625578836423819,2.6463722965947047,0.2909651607255826,0.5636138085120921,0.2869608342634716,0.5996627998790155,0.18450422396274707,0.6372950561331197,0.5869965231386521,0.029220601121361184
all_BrBt_kS1,True,-14.0,1.0,-0.4063930040861388,5229.6786359462185,rowcol,0.3354897467109423,0.6255780594080287,0.04674193875089199,1.5741741466666956,0.3397781269583264,0.6012205434769662,0.337642652850702,0.6134620916286043,0.1319654065403808,0.6253490025399037,0.5478765415679462,0.027651093098982022
edge_BrBt_cS2_kS1,True,-14.0,0.9149716577633644,-1.1022124805458902,5229.6786359462185,rowcol,0.2628644765539924,0.6291074855372947,0.06456321662263921,2.031482328132339,0.29385994333152177,0.5671270175280302,0.2788070583668713,0.5987718779992683,0.11911454330771437,0.6204283085307064,0.5247853954568734,0.026208967035876652
all_BrBt_cS2_kS1,True,-14.0,0.9256830843339036,-0.7631330631138094,5229.6786359462185,rowcol,0.27448613354769685,0.6259375598615947,0.048789983183599395,1.733535364707855,0.29536086433477576,0.5812704337563258,0.28512388605163486,0.6039105339581788,0.1145820596258824,0.6190382468754067,0.5193214781817471,0.026048451811522596
edge_Br_only_kS1,True,-12.0,1.0,-1.5388562311483158,5229.6786359462185,rowcol,0.28246522008566566,0.6250227486627788,0.15368788985376722,2.659722394151311,0.29913934692657357,0.5671943363845641,0.2909291815305196,0.5966715594185719,0.17869283722258636,0.6348920080732072,0.5784348754293664,0.02868194868156244
edge_BrBt_kS1,True,-12.0,1.0,-1.54762052974456,5229.6786359462185,rowcol,0.2824483437465585,0.6250383046959115,0.15453825921234657,2.6692346577738157,0.29916119445799705,0.5669440311059059,0.2909322388119966,0.5965601468204109,0.1793259001554425,0.635067727653438,0.5787053106039438,0.028692934755027134
all_BrBt_kS1,True,-12.0,1.0,-0.41227666549841646,5229.6786359462185,rowcol,0.3350062142208879,0.6233118270769579,0.04667892097227048,1.5850018854678152,0.34034287481823583,0.6024495717830503,0.3376874609089984,0.6129196962813401,0.13196175499285662,0.6250124189841234,0.546221056279969,0.02753076358244905
edge_BrBt_cS2_kS1,True,-12.0,0.9110696474157111,-1.0258873944728024,5229.6786359462185,rowcol,0.263364782610328,0.6230061688953784,0.07037432676547953,1.993655393989475,0.30019590908148464,0.5748231042056977,0.2823978215760805,0.5992841196741409,0.12304503712875518,0.6200595688968784,0.5156930569077776,0.0256912463421662
all_BrBt_cS2_kS1,True,-12.0,0.9359403985856971,-0.6787823305415529,5229.6786359462185,rowcol,0.28218218105349946,0.621429622127613,0.0513411327680794,1.6972945398963355,0.3025230054526332,0.5884892367327792,0.29253848758873596,0.6051050306816187,0.11803849435802623,0.6194927177836941,0.5191109009237937,0.02601632172449162
edge_Br_only_kS1,True,-10.0,1.0,-1.485327243310519,5229.6786359462185,rowcol,0.2827682905677269,0.6170852577876622,0.1464314485009853,2.634386796736749,0.3063039929321912,0.5751421395802594,0.2947815945468674,0.5963824713329366,0.17423343134651353,0.6338813713874011,0.5698298104789296,0.028260943536781602
edge_BrBt_kS1,True,-10.0,1.0,-1.4951543064233732,5229.6786359462185,rowcol,0.28270547139648294,0.6170499823908112,0.14736964308806502,2.6454092946578114,0.3063693768967425,0.5748820565212829,0.2947854988219839,0.5962383115918878,0.1749162685486563,0.6340683150246108,0.5700878956722853,0.028270846658234098
all_BrBt_kS1,True,-10.0,1.0,-0.4144530912440838,5229.6786359462185,rowcol,0.33481955957139703,0.6211447485963375,0.046423399205685535,1.5842245784957716,0.34110473419328907,0.6047078095975615,0.3379795532209607,0.6129421651803121,0.13198574263869506,0.6250204910516273,0.5442537819955371,0.027430206691647096
edge_BrBt_cS2_kS1,True,-10.0,0.904963941086749,-0.9392227253061021,5229.6786359462185,rowcol,0.26410249392421575,0.6177247983286676,0.08004926146012972,1.9115470177273315,0.3050149948621054,0.5848983055500854,0.28531122455865066,0.6014572278197776,0.128928171419421,0.620337223068879,0.5054370118405755,0.02520605609870012
all_BrBt_cS2_kS1,True,-10.0,0.9451032072818859,-0.5987871746866116,5229.6786359462185,rowcol,0.29054257767383046,0.6180001696624667,0.05254544192239174,1.643834602784304,0.3093807132701684,0.5958968833798358,0.30011786838560295,0.6069964111475591,0.12104950390814269,0.6203194493940463,0.5189188407907552,0.026046213855842378
edge_Br_only_kS1,True,-8.0,1.0,-1.4364850160550169,5229.6786359462185,rowcol,0.2836201309569461,0.6111131344015879,0.1406883983170643,2.5765992643322013,0.3118513345206794,0.5858159915432974,0.2980826981136724,0.5985378724975108,0.17087862497990522,0.6342343337189217,0.5612600531058596,0.027961129655895856
edge_BrBt_kS1,True,-8.0,1.0,-1.4458776182486905,5229.6786359462185,rowcol,0.2835278151953905,0.6110379559436595,0.14157777967578392,2.587256843809941,0.3119420518592124,0.5856190504630272,0.2980863288859535,0.5984028426319286,0.17151282323376726,0.634411775597571,0.5614599153705421,0.02796883462306385
all_BrBt_kS1,True,-8.0,1.0,-0.41382059087727646,5229.6786359462185,rowcol,0.33485455558319627,0.6194102628359918,0.04604149388488578,1.5719508131805708,0.3418998509257596,0.6076825950093453,0.33839867271812923,0.6135464720152082,0.13201645667404613,0.6253920169165662,0.5420575170999021,0.027355756762140443
edge_BrBt_cS2_kS1,True,-8.0,0.8983226479549673,-0.8581751078351579,5229.6786359462185,rowcol,0.2649584851669444,0.6139317446781472,0.09246862361966728,1.8102520461248535,0.3081528119315248,0.5953216505075729,0.28738752455102623,0.6046539010237396,0.1365106921526307,0.6212932673071255,0.49549906247365627,0.024809850079383567
all_BrBt_cS2_kS1,True,-8.0,0.9529065585679102,-0.5285132426142467,5229.6786359462185,rowcol,0.29868284601562384,0.6159424379169397,0.05272235776764042,1.5839919357096468,0.3155853745000746,0.6025855802996831,0.307257878965074,0.609268747064332,0.12353032976668339,0.6214396315028906,0.5187539423356505,0.026120208474337547
edge_Br_only_kS1,True,-6.0,1.0,-1.3971294007214796,5229.6786359462185,rowcol,0.28477027215416856,0.6077472978605347,0.13654043478758524,2.499046834139165,0.3156049811530988,0.5974221553431596,0.3005969744883942,0.6025822093210201,0.16855627105866305,0.6358607547446499,0.5528292682931268,0.027775177745252635
edge_BrBt_kS1,True,-6.0,1.0,-1.404912943437087,5229.6786359462185,rowcol,0.2846771052859671,0.6076638330611454,0.13727601747297527,2.5078347790000963,0.3156936965546916,0.5973166165164441,0.3005995105270653,0.6024877529903144,0.16907218954435974,0.6360142774716568,0.5529532538457413,0.027780601986815655
all_BrBt_kS1,True,-6.0,1.0,-0.4119729897659792,5229.6786359462185,rowcol,0.3349822114050768,0.6183617467837954,0.045613552016504695,1.5501051782646844,0.342561962169538,0.61097697896563,0.33879665652050467,0.6146628356752083,0.13202716746194332,0.6260980950921401,0.5397151872198687,0.02730878686692823
edge_BrBt_cS2_kS1,True,-6.0,0.8925211804324149,-0.793914396780994,5229.6786359462185,rowcol,0.2656875437522745,0.6117789315817266,0.10536309289925062,1.7107304347619505,0.3098954432955736,0.6046434273327974,0.2886587040714622,0.6082046208150278,0.14470104506541548,0.6227571517459379,0.48680307958918917,0.024526276782074155
all_BrBt_cS2_kS1,True,-6.0,0.9593957713376787,-0.47050275513605805,5229.6786359462185,rowcol,0.3060073449962691,0.6151920761470738,0.05223777753514363,1.5255492930458625,0.3209397138820044,0.608118082427714,0.3135690706609439,0.6116484298479195,0.12549692555539932,0.6227350567340358,0.5186183057789376,0.026219957469190525
edge_Br_only_kS1,True,-4.0,1.0,-1.3695375375689407,5229.6786359462185,rowcol,0.2859742641377368,0.6072874712061822,0.13379709932154762,2.4126306525721253,0.31767181916538206,0.608532224996296,0.30225294678019526,0.607913136227263,0.167052613980754,0.638555258639817,0.544505718190431,0.027682991442355857
edge_BrBt_kS1,True,-4.0,1.0,-1.3749186958541448,5229.6786359462185,rowcol,0.28590519804736236,0.6072268892953298,0.13430644447284076,2.4186095568084265,0.3177362059858996,0.6085013892133911,0.3022541758496537,0.6078675137776854,0.16740559904192026,0.6386705947858146,0.5445608464754512,0.027686396439064866
all_BrBt_kS1,True,-4.0,1.0,-0.41062708593321956,5229.6786359462185,rowcol,0.3350655499289364,0.6181441291346562,0.04521223041316112,1.5214923645886476,0.34296635063689934,0.6142131653675365,0.3390424799567912,0.6161724040744059,0.13199387427887482,0.6270789815355131,0.5372825358277912,0.027286097824183835
edge_BrBt_cS2_kS1,True,-4.0,0.8882690652246967,-0.7507272499513907,5229.6786359462185,rowcol,0.2661035395919666,0.6111881201722309,0.11727185453266405,1.623916313188481,0.31065775653606786,0.6122469103650213,0.28925957004238795,0.6117202702357206,0.15256433636598754,0.6245453418381719,0.47958513937886216,0.024350804060455564
all_BrBt_cS2_kS1,True,-4.0,0.964795760567385,-0.42520979152206734,5229.6786359462185,rowcol,0.3122552079787799,0.6155228992787436,0.051396603916952006,1.4727892144859025,0.3254000571378006,0.6124065039480259,0.31890121455520387,0.6139592442718802,0.12701777767707126,0.6241016511986468,0.5185097967359588,0.026331321394712306
edge_Br_only_kS1,True,-2.0,1.0,-1.3542165237577517,5229.6786359462185,rowcol,0.2870202160610182,0.6097521412203559,0.13217001121937522,2.3260640546219595,0.318309945965437,0.6181367820406495,0.30308305562976506,0.6139787770811262,0.1661361145159448,0.6420578326845311,0.536188956240208,0.027657823025488557
edge_BrBt_kS1,True,-2.0,1.0,-1.356757827341908,5229.6786359462185,rowcol,0.28698803351991736,0.6097280706781673,0.1324111026359868,2.3288284790952924,0.3183394367975301,0.6181401414497323,0.3030833322989292,0.6139685809926859,0.16630192840716035,0.6421183607942862,0.5361997914373275,0.02765938457834812
all_BrBt_kS1,True,-2.0,1.0,-0.4111165195075476,5229.6786359462185,rowcol,0.33499997514608976,0.6188073027756382,0.044889616120050053,1.4888956006935004,0.34304923490356304,0.6170893933307386,0.3390520731444271,0.617944846699052,0.1319020846350898,0.6282615517584841,0.5347795855519665,0.027281319918499827
edge_BrBt_cS2_kS1,True,-2.0,0.8857086972280123,-0.7277610198969539,5229.6786359462185,rowcol,0.26617244807841434,0.6120983279478945,0.1277787659969524,1.5525231011247607,0.31077398220159763,0.6180273810695256,0.289353705694821,0.6150841430818177,0.15971015007365763,0.6265507631500326,0.47363406078276554,0.024264007159275316
all_BrBt_cS2_kS1,True,-2.0,0.9694009841533344,-0.39197423460457015,5229.6786359462185,rowcol,0.3174077659621946,0.6166918163118129,0.050408936434505607,1.4273568642572576,0.329030004637693,0.6155487613920535,0.3232762890007347,0.6161178270046855,0.12817697651541465,0.6254728616890693,0.5184243523031694,0.026445357151788564
edge_Br_only_kS1,True,0.0,1.0,-1.350717861778053,5229.6786359462185,rowcol,0.2877134601487839,0.6149463100737453,0.13141254588293083,2.245956826780267,0.31785226934005134,0.6255753162345093,0.3031710225720637,0.6203089361197006,0.1656381946862509,0.6460886801741115,0.5277614281298049,0.027669945428251658
edge_BrBt_kS1,True,0.0,1.0,-1.350271705968324,5229.6786359462185,rowcol,0.28771874726867297,0.6149487889323841,0.13137017961741773,2.2454814979426456,0.31784750828838504,0.6255722861836142,0.3031710311316986,0.6203086237996885,0.1656091649106343,0.6460768061826527,0.5277623046733161,0.027669667647590223
all_BrBt_kS1,True,0.0,1.0,-0.4140917229981311,5229.6786359462185,rowcol,0.334737102735411,0.6203329036400006,0.04467352217212693,1.4545904774882008,0.3428097393979266,0.6193844508802403,0.33880105634357605,0.6198565959897151,0.1317507741049796,0.6295672028372279,0.5322008893385384,0.02728625933271969
edge_BrBt_cS2_kS1,True,0.0,0.8846934694048117,-0.7217518383291287,5229.6786359462185,rowcol,0.26599034480541645,0.6145323282689121,0.13700453459766895,1.495351072891571,0.31046208730469305,0.6220306679790909,0.28910238574365343,0.6183107530221064,0.16612536395292501,0.6287262849720452,0.46858888624265216,0.02424193772592083
all_BrBt_cS2_kS1,True,0.0,0.9735128186748281,-0.3697855739683346,5229.6786359462185,rowcol,0.3215761479012847,0.6185072986856558,0.04939902114808504,1.3893707063933023,0.331947422930902,0.6177068644277144,0.32680754323332,0.6181053015700052,0.12905402334131313,0.626819288703859,0.5183575146873034,0.02655733549590994
edge_Br_only_kS1,True,2.0,1.0,-1.3582118407820196,5229.6786359462185,rowcol,0.2878585559981776,0.6225288503949692,0.13140850539396096,2.1766395319366043,0.3166667059075719,0.6304547744602482,0.30261844366966867,0.6265232542173989,0.16549773514879967,0.6503664764293217,0.5191187039850955,0.027688609925888924
edge_BrBt_kS1,True,2.0,1.0,-1.354835452970449,5229.6786359462185,rowcol,0.28789526283897243,0.622528568318691,0.13108825209806096,2.17310227401437,0.31663432796138463,0.6304201607791527,0.30261893279304414,0.62650561644171,0.16527832672723436,0.6502667172811962,0.5191469893447085,0.027686465401954533
all_BrBt_kS1,True,2.0,1.0,-0.41938947069733473,5229.6786359462185,rowcol,0.33429471498190255,0.6226480436205694,0.04456916844893004,1.4202492449064001,0.3423067484333527,0.620937725109821,0.33832801347413366,0.6217893921978045,0.13155453000777179,0.6309090021381191,0.5295375410042105,0.027291710083675716
edge_BrBt_cS2_kS1,True,2.0,0.885020571899763,-0.7290305495672009,5229.6786359462185,rowcol,0.26571686616730666,0.6185367870732148,0.1451775058383744,1.4503621714149464,0.30987301674050594,0.6242882472215489,0.2886601387727746,0.6214328918090325,0.1719156096826296,0.6310401976270154,0.46412984657329864,0.024261195745333267
all_BrBt_cS2_kS1,True,2.0,0.9774168816999658,-0.3577552288650868,5229.6786359462185,rowcol,0.3249205469199229,0.620845715253118,0.04842841906871375,1.3582848778384482,0.3342862611285498,0.619039602999373,0.32964083410910694,0.619939008103097,0.12971603554225997,0.6281387351792626,0.5183051995881297,0.026665253789534913
edge_Br_only_kS1,True,4.0,1.0,-1.375706819832441,5229.6786359462185,rowcol,0.28726538613924096,0.6320784420277186,0.1322059365205466,2.119583527744581,0.31513210921209356,0.6325871345807846,0.30153323469603444,0.632334053016359,0.16577630366144996,0.6546165125546148,0.5101856385759971,0.027683193143221593
edge_BrBt_kS1,True,4.0,1.0,-1.3695699848148255,5229.6786359462185,rowcol,0.28732805738523126,0.6320356044355125,0.13162528690922534,2.1132335264674484,0.3150781342533881,0.6325160289795931,0.30153483701463796,0.632277008459249,0.16537710418309484,0.6544179240452099,0.5102770598313289,0.02767932486298724
all_BrBt_kS1,True,4.0,1.0,-0.4259923940485389,5229.6786359462185,rowcol,0.3337601392261547,0.6256166316470892,0.044562114926141275,1.3870308960257758,0.34165660077628124,0.6216351290302785,0.3377349614805405,0.6236195593129221,0.13134474288343068,0.6321836123975707,0.5268041650302397,0.027287956041343965
edge_BrBt_cS2_kS1,True,4.0,0.886551549471033,-0.7465015469544487,5229.6786359462185,rowcol,0.2655191813544072,0.6240954844144274,0.15244689700312905,1.415743518623015,0.30914299131058115,0.6248126762911349,0.2881771400494815,0.6244558942782181,0.17716063998134873,0.6334480795694652,0.4600516487170402,0.024300599739999894
all_BrBt_cS2_kS1,True,4.0,0.9813850772202195,-0.35537562182813337,5229.6786359462185,rowcol,0.3276059184713422,0.6236436092144044,0.04751823002207382,1.3334203788786931,0.33617613694449516,0.6196742736765486,0.3319225015292386,0.6216526400479973,0.13021678437644135,0.6294458348432636,0.5182639586838478,0.026768544333130893
edge_Br_only_kS1,True,6.0,1.0,-1.401884289003323,5229.6786359462185,rowcol,0.28578943471421314,0.6431418866579437,0.133990008623553,2.0727039493782837,0.3136188234359114,0.6319446779966075,0.300039337678922,0.6375411519085291,0.16664214756422202,0.6585679869668075,0.5009320613869581,0.027624075229041905
edge_BrBt_kS1,True,6.0,1.0,-1.393182846888597,5229.6786359462185,rowcol,0.28587895235868804,0.6430136972963967,0.1331681451967419,2.063803432485609,0.31354344279209395,0.631849840029801,0.30004251301470247,0.637429575863585,0.16607288581482427,0.6582648194792523,0.5011185588737628,0.0276189521734482
all_BrBt_kS1,True,6.0,1.0,-0.4320751262846325,5229.6786359462185,rowcol,0.33328917236687616,0.6290153561827199,0.04461969901360925,1.3557167454669803,0.341027886982944,0.6214182661659844,0.33718417428545294,0.6252102263314077,0.1311687665154183,0.6332668485066204,0.5240647576090303,0.027265554035083153
edge_BrBt_cS2_kS1,True,6.0,0.8892367098275847,-0.7718420963594732,5229.6786359462185,rowcol,0.265545183132674,0.6310706837749385,0.15885643765242397,1.3896458959586917,0.30841740464465506,0.6236528538145235,0.28779978472725337,0.62735503586017,0.18187861336661393,0.6358830389498048,0.4562630298076378,0.02434127747972583
all_BrBt_cS2_kS1,True,6.0,0.9856912453198309,-0.3626701804681075,5229.6786359462185,rowcol,0.32978289300193264,0.6268828715000176,0.046665456778039294,1.3142449401532046,0.3377347457070168,0.6197002791213624,0.333786037304255,0.6232847863650808,0.13059863850635,0.630764629192653,0.5182309808313792,0.026867148552846217
edge_Br_only_kS1,True,8.0,1.0,-1.4346047886968374,5229.6786359462185,rowcol,0.2834076444798382,0.6552349503911772,0.13698929187751424,2.0300062940423373,0.31246790551358955,0.6286380912231558,0.2983047861612771,0.6420108117269542,0.16831603905594508,0.6619391960505558,0.49140224562085283,0.027483719378917797
edge_BrBt_kS1,True,8.0,1.0,-1.4234975125812925,5229.6786359462185,rowcol,0.2835339184509826,0.6549789118937137,0.13593831680760113,2.018841288332819,0.3123632146927754,0.628544538320205,0.2983098597795438,0.6418347629690346,0.16757962298558876,0.6615302928991362,0.49171195353666586,0.027478226408445782
all_BrBt_kS1,True,8.0,1.0,-0.4352317393597648,5229.6786359462185,rowcol,0.33309468065378955,0.6325141767003918,0.04468999524657895,1.3269032610481921,0.340623820300797,0.6203181364754164,0.33688363432882623,0.6264167425895744,0.13108423047499032,0.6340227530848902,0.5214479799612963,0.027216930465150124
edge_BrBt_cS2_kS1,True,8.0,0.893071430117122,-0.8031715011455187,5229.6786359462185,rowcol,0.26592415199050945,0.6391741321911171,0.164382251902723,1.3694656839367654,0.3078475457213388,0.620946426478288,0.2876692256669413,0.6300827102626656,0.18604427238227506,0.6382499244026846,0.4527544675769426,0.024365907250443544
all_BrBt_cS2_kS1,True,8.0,0.9906347801591441,-0.3803110655497591,5229.6786359462185,rowcol,0.3315831711950056,0.6305757857961793,0.04585330377733918,1.3004972059500342,0.33906808218715306,0.6191732745584536,0.33534983954306097,0.6248733365047067,0.1308954658051994,0.6321242148820458,0.5182039775211686,0.02696088902053173
edge_Br_only_kS1,True,10.0,1.0,-1.4702501382805881,5229.6786359462185,rowcol,0.2803249967297197,0.6677704885410777,0.1413195314612539,1.9820295555184657,0.3119581818644536,0.6229381916248686,0.2965777131684091,0.6456366327770365,0.1709717814162624,0.6644177225762439,0.48176462322371666,0.02723877196657928
edge_BrBt_kS1,True,10.0,1.0,-1.456840378311502,5229.6786359462185,rowcol,0.2805061130430004,0.667345036735859,0.14004041068768522,1.9689766601386822,0.31180935977645985,0.6228783045333982,0.2965849391086844,0.6453886587846329,0.1700619284603176,0.663906370590561,0.4822224177021737,0.02723427077077101
all_BrBt_kS1,True,10.0,1.0,-0.4330050353854073,5229.6786359462185,rowcol,0.33341137904148677,0.635689722447562,0.04470148747363351,1.3013256693593802,0.3406428783653482,0.6184964295258877,0.337049740344623,0.6271109831664017,0.13114575925574418,0.6343327166733878,0.5191376678417053,0.02713877143826169
edge_BrBt_cS2_kS1,True,10.0,0.8979936884589479,-0.8382530466003796,5229.6786359462185,rowcol,0.26678688694591135,0.6479380238063912,0.1689817680833661,1.351206369897283,0.30756986081417004,0.6169555783672886,0.28791952189335934,0.6325625992375087,0.18962215921399395,0.6404093825131241,0.44956011863613654,0.024357233242463645
all_BrBt_cS2_kS1,True,10.0,0.9965703548840905,-0.4097525585622892,5229.6786359462185,rowcol,0.33312216540299633,0.6347507276832786,0.04505681410925752,1.2922195149840896,0.3402748433250788,0.6181243414165554,0.33672067898258357,0.6264530301729716,0.1311356608543306,0.633556242445536,0.518181028922254,0.027049002949860106
edge_Br_only_kS1,True,12.0,1.0,-1.5032659190707467,5229.6786359462185,rowcol,0.2770856063589438,0.6799207940975796,0.14680037786939093,1.9175728074267782,0.3122492119994835,0.6153619694429865,0.2952070803772272,0.6482914680803677,0.17459933337589584,0.6656582193428555,0.472368478591086,0.02687432840074158
edge_BrBt_kS1,True,12.0,1.0,-1.487648745901358,5229.6786359462185,rowcol,0.2773426032437834,0.6792882928251996,0.1452866013229486,1.903212405593495,0.31203945926882937,0.6153711654893554,0.2952166470673475,0.6479658275942537,0.17350436729470808,0.6650543375453907,0.4729944630833753,0.026872705322109357
all_BrBt_kS1,True,12.0,1.0,-0.42368468319391916,5229.6786359462185,rowcol,0.3344281226774953,0.63809518811233,0.0445713735477664,1.280194052595385,0.3412209278595347,0.6162599739766215,0.337844619670516,0.6272205127416012,0.13138586200402716,0.6341389428047857,0.5173282980110392,0.027034196084926392
edge_BrBt_cS2_kS1,True,12.0,0.9036929376248087,-0.8730035115857594,5229.6786359462185,rowcol,0.26829919062186247,0.6566456768750413,0.17264008721932142,1.3290596590850006,0.3076715324725259,0.612104695962688,0.288674906374613,0.6346597795486217,0.19260172883336382,0.6421426995699906,0.4467246183974292,0.024295769715922073
all_BrBt_cS2_kS1,True,12.0,1.00394198773009,-0.4533891146457922,5229.6786359462185,rowcol,0.3345054233994215,0.6394347691320605,0.044245348629802936,1.289717941958141,0.34145324610937633,0.6165729895814387,0.3380002780270012,0.6280533695065359,0.1313451981686192,0.6350919829652609,0.5181604166846479,0.027129669154571833
edge_Br_only_kS1,True,14.0,1.0,-1.5264875830598579,5229.6786359462185,rowcol,0.2746054806098994,0.6904902572203003,0.15283220061674005,1.8271392988398407,0.31330938389627794,0.6068052839258641,0.2946109165788094,0.6497966823870777,0.17888040232069352,0.665333237604066,0.4637633491813288,0.026390860367084202
edge_BrBt_kS1,True,14.0,1.0,-1.5088660415994668,5229.6786359462185,rowcol,0.2749513843066902,0.689628361404785,0.1510826686924632,1.812381494746776,0.31302882269387966,0.6069149018732368,0.29462283212853657,0.6493925216201069,0.17759467021815425,0.6646582447447571,0.46456676265466074,0.02639446943575077
all_BrBt_kS1,True,14.0,1.0,-0.4070480743188287,5229.6786359462185,rowcol,0.33620479690925004,0.6393791957634779,0.04422899342507919,1.2651170199461574,0.34237806787496566,0.6140144464168539,0.33930821811763096,0.626764631839707,0.13179898210615215,0.6334790082298402,0.516156253793001,0.026912986383896945
edge_BrBt_cS2_kS1,True,14.0,0.9092320280691307,-0.8985957929059202,5229.6786359462185,rowcol,0.2707076401189948,0.664177027001614,0.17542495551056955,1.2951838321113913,0.3081321357036218,0.6070588529607169,0.29004078370435876,0.6361230728260383,0.19503943103345603,0.6430947615258018,0.44427385743308856,0.024156646262246385
all_BrBt_cS2_kS1,True,14.0,1.0133119759922975,-0.5146615515729054,5229.6786359462185,rowcol,0.33583777589190955,0.644622751923206,0.04338346888960878,1.2934081463067375,0.3427092379372668,0.6145467153121085,0.33929395935917483,0.6296925697873982,0.13155099805990042,0.6367541655916965,0.5181404464915564,0.027199291349743956
edge_Br_only_kS1,True,16.0,1.0,-1.5328106491046554,5229.6786359462185,rowcol,0.2739863264895811,0.6979606261472358,0.15845653213740993,1.7077840483540783,0.31488241046240645,0.5986187547265458,0.295161705830906,0.6499534156100609,0.1831796078944728,0.6632604678800474,0.45661519619688073,0.025811728907201303
edge_BrBt_kS1,True,16.0,1.0,-1.5136347856115637,5229.6786359462185,rowcol,0.2744114172514307,0.696882948424971,0.15649436918608012,1.6939018213257195,0.3145387152774295,0.598842489767098,0.29517558767422575,0.6494813536893596,0.18171976273134305,0.6625514781596447,0.457584416244002,0.02582302190597559
all_BrBt_kS1,True,16.0,1.0,-0.38456901894971945,5229.6786359462185,rowcol,0.33862409827728723,0.6393986813045068,0.04364696804955558,1.257336875906301,0.34400347786060637,0.6121592578207316,0.34132677870353556,0.6258621929444622,0.13234018082820415,0.6324837157259307,0.5156439230861287,0.026788877572603002
edge_BrBt_cS2_kS1,True,16.0,0.9122428061564681,-0.8954373824456306,5229.6786359462185,rowcol,0.27439947778166157,0.6687146764924814,0.17758179861282647,1.240079523200124,0.30870991834032313,0.6029080836960969,0.2920742086256029,0.6365053844373224,0.19712757256880145,0.6427092327984201,0.4421779536360938,0.023905918424621468
all_BrBt_cS2_kS1,True,16.0,1.025340466077511,-0.5977347637145006,5229.6786359462185,rowcol,0.337236854404147,0.6502054171314043,0.0424326977927465,1.3033889143316804,0.3441647215592363,0.612115555316299,0.3407214781985166,0.631356922076885,0.131785450437729,0.6385308050486452,0.5181192440342085,0.02725106418546328
edge_Br_only_kS1,True,18.0,1.0,-1.5179832392219776,5229.6786359462185,rowcol,0.27605014841349734,0.7008580945442916,0.1626595348795152,1.5671591361991877,0.3165555361627183,0.592451138302756,0.2970121609889678,0.6486645771647711,0.18673468762205925,0.659564756809032,0.45149194272362847,0.025185485668440876
edge_BrBt_kS1,True,18.0,1.0,-1.4980045521143048,5229.6786359462185,rowcol,0.27651410155967615,0.6996322558708243,0.16054568490913534,1.5555805746594529,0.3161791330811001,0.5927685119590022,0.29702711006111987,0.6481515392200685,0.18515102360335944,0.6588715190262682,0.45258735692784297,0.025206211498999855
all_BrBt_kS1,True,18.0,1.0,-0.35891714241261163,5229.6786359462185,rowcol,0.3414199851657155,0.6382552405360213,0.04285979713260615,1.2567748331461017,0.3458904159332054,0.6109763146244354,0.3436644582385275,0.6246996136264937,0.1329406084125547,0.631333556456387,0.5156923713254904,0.026675038738606056
edge_BrBt_cS2_kS1,True,18.0,0.9071534389371856,-0.8201035186158686,5229.6786359462185,rowcol,0.2799655216420414,0.6672533113197097,0.17972145975408804,1.1561190557404095,0.3087056297596134,0.6015725339732235,0.29469892363481187,0.6351058446635471,0.19932242327206598,0.6402330298085664,0.44028194455333236,0.02349867212552935
all_BrBt_cS2_kS1,True,18.0,1.040555994909402,-0.7054380236847915,5229.6786359462185,rowcol,0.33885115866119253,0.6557888572934033,0.041362348628384206,1.3183643332062542,0.3459547450091014,0.6094620072296721,0.34242453273589346,0.6329388967404124,0.13209237675408506,0.640298953856923,0.5180945867116052,0.027271981383197065
edge_Br_only_kS1,True,20.0,1.0,-1.4831117757444272,5229.6786359462185,rowcol,0.280842509522076,0.6983555027172461,0.16480479038387405,1.4231111261681253,0.31791621644205376,0.5897840342587419,0.2999691526929559,0.6460953201682491,0.18898966274863963,0.6547552031722854,0.4486037090690467,0.024576679202690847
edge_BrBt_kS1,True,20.0,1.0,-1.4632536665310254,5229.6786359462185,rowcol,0.28128615052223804,0.6970972061840454,0.16263206720171974,1.4149475091645658,0.3175523795447349,0.5901355146505781,0.2999839445384593,0.6455801682926274,0.18736000504956465,0.6541263602538421,0.4497630853494059,0.02460698137384385
all_BrBt_kS1,True,20.0,1.0,-0.33306465516003286,5229.6786359462185,rowcol,0.3442713389567709,0.636231677771894,0.04195454794565319,1.2617851685205441,0.34780250612592767,0.6105767215175575,0.34604299755973694,0.623474964325671,0.13353024909822447,0.6302004508413759,0.5161242811387755,0.02658034173799232
edge_BrBt_cS2_kS1,True,20.0,0.8812158471859735,-0.5763907984805315,5229.6786359462185,rowcol,0.288184955604735,0.6549464154529341,0.18320352255770492,1.0550334041057203,0.3064871039324954,0.6066033676766136,0.2974849547403046,0.6311225971803867,0.20259749885958087,0.6350778615690192,0.43814657791313183,0.022887667228098988
all_BrBt_cS2_kS1,True,20.0,1.058348816779551,-0.8308828170091613,5229.6786359462185,rowcol,0.3408857420881394,0.6602361020191825,0.04019205873935577,1.333201576085961,0.3481782882551142,0.6070299644469226,0.34455455318561823,0.6340644200486487,0.13253398931624533,0.6416186192378976,0.5180639705125339,0.027236764416361383
edge_Br_only_kS1,True,22.0,1.0,-1.4349485829611863,5229.6786359462185,rowcol,0.2875513912353235,0.690699623237418,0.16491615323150682,1.2968438878533997,0.31867519618524814,0.5913969803822778,0.3035263331408801,0.642732019723838,0.18984521486346848,0.649610412167803,0.4476774465733918,0.02404626622869653
edge_BrBt_kS1,True,22.0,1.0,-1.4160272096513975,5229.6786359462185,rowcol,0.287923062118454,0.6895357537247857,0.1627813047806294,1.2924137725734215,0.3183658686971018,0.5917025604268887,0.3035398960592542,0.6422512770445089,0.18824991117577192,0.649076189045364,0.44883533889007615,0.0240844172830668
all_BrBt_kS1,True,22.0,1.0,-0.3095375899443721,5229.6786359462185,rowcol,0.3468971494199136,0.6336758232847886,0.041041933835780156,1.269820795311361,0.3495319850568781,0.6109240180634823,0.3482182314264178,0.622349619083448,0.13405444187802731,0.6292082195905052,0.5167440280580686,0.026508171263021463
edge_BrBt_cS2_kS1,True,22.0,0.8057849617838406,0.04788748251844202,5229.6786359462185,rowcol,0.2995884608356376,0.6249151115877133,0.19088315813508303,1.0296251217367458,0.29863389179779815,0.6243763005411822,0.29911113248186555,0.6246444787477015,0.20894842179238574,0.6283906106624736,0.4346889208909979,0.022070821316865722
all_BrBt_cS2_kS1,True,22.0,1.0735190726823876,-0.9296303523381626,5229.6786359462185,rowcol,0.34361125028996875,0.6606664175368361,0.039118078594043725,1.3354665072394358,0.35068341372163625,0.6058174568471306,0.34716848680576146,0.633704768428671,0.1331839173232174,0.6412987152487675,0.5180259706720902,0.027100171906891027
edge_Br_only_kS1,True,24.0,1.0,-1.3835766835895975,5229.6786359462185,rowcol,0.29494485066562415,0.6790997347259988,0.16361960403493925,1.2030388948576634,0.3186646581040859,0.5971786706227007,0.30704444164170236,0.6392573646296776,0.18964660567044792,0.6449243173380084,0.4480663262010533,0.023633129501187903
edge_BrBt_kS1,True,24.0,1.0,-1.3660416372565272,5229.6786359462185,rowcol,0.2952190574004548,0.6781239620283365,0.16158957576153152,1.2017799824567987,0.31843387760169783,0.5973686291030165,0.30705626560976673,0.6388309363681491,0.18813973554004812,0.6444881447299378,0.4491762956416057,0.02367629630930495
all_BrBt_kS1,True,24.0,1.0,-0.29009046728458515,5229.6786359462185,rowcol,0.3491057877567624,0.6308996409092616,0.04022692098046281,1.2783678030624614,0.3509276466273098,0.6119007764130164,0.35001871298334614,0.6214274930911681,0.13447903451018517,0.6284239805052422,0.5173823549035372,0.026457543113016926
edge_BrBt_cS2_kS1,True,24.0,0.6192304771980498,1.5044276456228698,5229.6786359462185,rowcol,0.31250784135403753,0.5720090451788228,0.20851139972261373,1.305508822362839,0.2789162506479551,0.6640419470417539,0.2961737248792581,0.6199551695795055,0.22249255573144675,0.6273700286185782,0.42748061148916255,0.02123851133241329
all_BrBt_cS2_kS1,True,24.0,1.0679699244480314,-0.8546667929300957,5229.6786359462185,rowcol,0.34718726165774144,0.6515687008177427,0.038690463450790656,1.3116576441413355,0.3525429185300922,0.6076190021697988,0.34987772017710644,0.6298724379156225,0.13403891984172964,0.6371922285913083,0.5179856320162207,0.02681478138585501
edge_Br_only_kS1,True,26.0,1.0,-1.3391210781304603,5229.6786359462185,rowcol,0.3019247800127381,0.665179893234682,0.16182357647214682,1.144281265688406,0.317756120692164,0.6064046774874456,0.3099485869649121,0.6363310177050223,0.1889576624188551,0.641291156687852,0.4490050159115414,0.023348760652130984
edge_BrBt_kS1,True,26.0,1.0,-1.322959382969045,5229.6786359462185,rowcol,0.3021008842902306,0.664432378553631,0.15991616136110573,1.1451498096972026,0.3176088881201298,0.6064372056906323,0.3099587878564241,0.6359578624026891,0.18755200783445364,0.6409343532139453,0.4500515322662005,0.02339428069288378
all_BrBt_kS1,True,26.0,1.0,-0.27574852502462216,5229.6786359462185,rowcol,0.35079522558252335,0.6281295806196495,0.03959160558740699,1.2855235360214412,0.3518938317282904,0.6133737742349493,0.351345446757096,0.6207603200409981,0.13478705059953122,0.6278712432034389,0.517914981445732,0.026425194541563987
edge_BrBt_cS2_kS1,True,26.0,0.21020572050159902,4.603955190744743,5229.6786359462185,rowcol,0.31729056735171457,0.5152145051575789,0.24656706066466966,1.9392917116524009,0.24003334100471757,0.7282799017943798,0.28129255384656293,0.6313088523753576,0.2515789451634886,0.6496992249479673,0.412173180000175,0.020988150568622126
all_BrBt_cS2_kS1,True,26.0,1.0098863420273683,-0.35670033161454545,5229.6786359462185,rowcol,0.3506862269842081,0.6303754877467698,0.03940685977521511,1.2866179455297773,0.35215549607403157,0.6129859386889422,0.3514222829815338,0.6217000298201163,0.13476756653146965,0.6288095045253679,0.517962738335933,0.026455094569900108
edge_Br_only_kS1,True,28.0,1.0,-1.309397350714114,5229.6786359462185,rowcol,0.30781179615055193,0.6504306512044166,0.1603733210776111,1.1139702314014135,0.3157986653368863,0.6181800555168533,0.3118343551500547,0.6344333704636954,0.18831112308989117,0.6390463063094733,0.4498418109807938,0.023186014291564704
edge_BrBt_kS1,True,28.0,1.0,-1.2942031861781185,5229.6786359462185,rowcol,0.3079007482572673,0.6499090988921844,0.1585586962585096,1.115954962893947,0.31573009220373704,0.6180357795265692,0.31184347505667365,0.6340966947261847,0.18698111933404005,0.6387386792893087,0.4508385955295793,0.023232271110829497
all_BrBt_kS1,True,28.0,1.0,-0.26701899188418926,5229.6786359462185,rowcol,0.35192776772702267,0.6255045449513853,0.03919086895614102,1.2901093439355418,0.35237455719348215,0.6152333889733745,0.3521514320676614,0.6203657204555673,0.13497224547550216,0.6275497899232924,0.5182622632461062,0.02640751860049865
edge_BrBt_cS2_kS1,True,28.0,-0.48079720059648345,9.765202693935711,5229.6786359462185,rowcol,0.2885389534914458,0.5495981781172667,0.3123563948978169,2.480576801935633,0.19465907810020927,0.7773853703536892,0.24607572634158115,0.673731544699036,0.3041794744843658,0.7027425519069492,0.38694889829665885,0.021811446428928297
all_BrBt_cS2_kS1,True,28.0,0.9106399730215273,0.45746822854108177,5229.6786359462185,rowcol,0.351469731378086,0.61251568646688,0.04065360597951855,1.291329042905613,0.35026348550667724,0.6146731168876116,0.3508665902256225,0.6136004967152789,0.1348901855701796,0.62092771988163,0.5179735419132541,0.026259042021885906
edge_Br_only_kS1,True,30.0,1.0,-1.2990582126827033,5229.6786359462185,rowcol,0.31233650532044643,0.6359670956378449,0.15983280193836924,1.1040398302662937,0.3126203122813079,0.6317055679290688,0.3124785672703315,0.6338297467446137,0.18805944659163432,0.6383303744155112,0.4501624330658055,0.023133258501643036
edge_BrBt_kS1,True,30.0,1.0,-1.284183718119657,5229.6786359462185,rowcol,0.31234813865318395,0.6356519971850719,0.15804923200288945,1.1063737365138346,0.31262624099165065,0.6313706687681666,0.31248734447107884,0.6335047359139124,0.18675481468988037,0.6380382446703077,0.45114240794906246,0.02317970889454426
all_BrBt_kS1,True,30.0,1.0,-0.26410942394740583,5229.6786359462185,rowcol,0.35250184724000544,0.6231008825223103,0.03905503292222276,1.2915307889974155,0.3523359577474916,0.617404815303493,0.3524188384603182,0.6202457987785568,0.1350332843732763,0.6274525613733912,0.5183813034894555,0.026401885054412547
edge_BrBt_cS2_kS1,True,30.0,-0.9415785183163045,13.188257426292466,5229.6786359462185,rowcol,0.21694537178143333,0.7087283923079514,0.35745631529532307,2.515400257983183,0.21736956011661043,0.7045716929679187,0.2171577582192626,0.7066431825434779,0.3417521953036584,0.7349681354089149,0.3708331060920794,0.022483469786502903
all_BrBt_cS2_kS1,True,30.0,0.8608808374838086,0.8598369756709273,5229.6786359462185,rowcol,0.3501695132076723,0.613371603072357,0.04128285707240016,1.29016255165933,0.3499689311159512,0.6075811491077975,0.3500691473009994,0.610469427490702,0.13477301665486938,0.6178384421280985,0.5179871302998237,0.026228633386589383
edge_Br_only_kS1,True,32.0,1.0,-1.309619237583537,5229.6786359462185,rowcol,0.3155023244065732,0.6225951478428424,0.1603964291488234,1.1111762320680818,0.308082934663524,0.6462708630004556,0.3118113974207361,0.634599906354793,0.18832294535970737,0.6391764076923941,0.4498272546474677,0.02318533895838137
edge_BrBt_kS1,True,32.0,1.0,-1.2943383310669279,5229.6786359462185,rowcol,0.3154389491804565,0.6224690428628612,0.1585714418518294,1.1132092658682098,0.3081663599210671,0.6457257168781364,0.31182062243146935,0.6342594639250394,0.18698526473136126,0.6388655717178641,0.4508297295224272,0.023231859574510825
all_BrBt_kS1,True,32.0,1.0,-0.26707417345582657,5229.6786359462185,rowcol,0.3525322452966219,0.6209659800884796,0.03919373263879043,1.2896117659550295,0.3517545408098905,0.6198382361566602,0.3521432617929896,0.620399673967374,0.13497006033134676,0.627575954187065,0.5182586394570391,0.026407345786460295
edge_BrBt_cS2_kS1,True,32.0,-0.4792343952297815,9.753395661191485,5229.6786359462185,rowcol,0.19441940357404724,0.7803976543063579,0.31221644449565966,2.4872471399668674,0.28895310016073394,0.5447357008675112,0.24630616365056857,0.6724089110655144,0.3040807510530282,0.7016489833194799,0.3870026462943235,0.0218067252569902
all_BrBt_cS2_kS1,True,32.0,0.9117226280817098,0.44863541135592805,5229.6786359462185,rowcol,0.35047395936016024,0.620358254751881,0.04064263070866567,1.2919813161732205,0.35128817959574393,0.6068696591522802,0.3508816678502032,0.6136188415860614,0.13489267059217222,0.6209552278590936,0.5179732600317468,0.026260459460078114
edge_Br_only_kS1,True,34.0,1.0,-1.3395740951810682,5229.6786359462185,rowcol,0.31744694920926425,0.6110252707077863,0.16187001489941646,1.1389523682817841,0.30218098274125227,0.6610668373417491,0.30990119087622336,0.6366572756195991,0.18898143066738232,0.6415461872277519,0.44897568216882555,0.0233474853338386
edge_BrBt_kS1,True,34.0,1.0,-1.3232430769631744,5229.6786359462185,rowcol,0.3173037612278724,0.6110758962533833,0.1599426098641198,1.139897880135307,0.30235240292356885,0.6602902108505011,0.3099116082224006,0.6362764534183506,0.18756086969015368,0.6411826903185932,0.4500331620130444,0.02339348128636914
all_BrBt_kS1,True,34.0,1.0,-0.2758639626034634,5229.6786359462185,rowcol,0.3520418286592032,0.6191495679192882,0.03959750054799202,1.2845293525435384,0.3506147460503242,0.6224853602993611,0.3513283771258538,0.6208276625380484,0.13478248609104096,0.6279231014370689,0.5179074955920671,0.026424852626467484
edge_BrBt_cS2_kS1,True,34.0,0.2121068876408244,4.5894044204789335,5229.6786359462185,rowcol,0.23989164516657813,0.7308902439566726,0.24639892604839533,1.945609179106108,0.3176090314289741,0.5109749428892096,0.2814800578009887,0.6300765338455341,0.25146519204857987,0.6486428185326552,0.4122421151276309,0.020986785504803603
all_BrBt_cS2_kS1,True,34.0,1.0114516051308167,-0.36963252949380404,5229.6786359462185,rowcol,0.35234097142612203,0.6187263410293894,0.03938236828854743,1.2855280716710356,0.35048906386098583,0.6251079217890307,0.35141541375206586,0.6219405404449037,0.13475894242742706,0.6290300186722135,0.5179628550200415,0.026459551716887787
edge_Br_only_kS1,True,36.0,1.0,-1.3842765135667165,5229.6786359462185,rowcol,0.3183433105063829,0.6020562603801233,0.16368948506836473,1.1957553300277564,0.29518006769630295,0.6749714176731989,0.3069699433939824,0.6397274546529598,0.1896822658727919,0.6452921688641698,0.44802202815429815,0.02363140830378489
edge_BrBt_kS1,True,36.0,1.0,-1.366498960574301,5229.6786359462185,rowcol,0.3181149154202819,0.6022644196833895,0.16163137163261407,1.1945630580383724,0.2954509964016948,0.6739607118536427,0.3069820996132479,0.639289468200974,0.1881542625516889,0.644845522614956,0.44914734629780645,0.023675169515350637
all_BrBt_kS1,True,36.0,1.0,-0.2902761993969881,5229.6786359462185,rowcol,0.35106400609563326,0.617726697946458,0.04023615388288336,1.2768859410099898,0.3489172216796126,0.625267864570253,0.34999130491365643,0.6215267090500252,0.13447170422747745,0.6285002987115494,0.5173705666277292,0.026457042907016195
edge_BrBt_cS2_kS1,True,36.0,0.620887810911868,1.4914763456811575,5229.6786359462185,rowcol,0.27875632545182066,0.6670538845312047,0.20835945103550654,1.3088384987362573,0.3127526459736009,0.568366080517828,0.2962576557962214,0.6194429620356678,0.22238478925730926,0.6269160736952215,0.427543378266045,0.021243940185713118
all_BrBt_cS2_kS1,True,36.0,1.0693530345144997,-0.86634100624402,5229.6786359462185,rowcol,0.35268513823055786,0.6136495444619658,0.03865852415198082,1.3087173421702378,0.34695416935149376,0.6464640116843122,0.3498288403545551,0.6303486235638909,0.13401358010587017,0.6376173203496791,0.5179865193526629,0.026822108454987042
edge_Br_only_kS1,True,38.0,1.0,-1.435911735067278,5229.6786359462185,rowcol,0.3183440232119502,0.596575507924252,0.1650088936854711,1.288492387648185,0.2877548728098258,0.6864857316958995,0.30342156253762925,0.6433177341176576,0.1898920067700243,0.6500695237306698,0.4476185100366542,0.024044327487011588
edge_BrBt_kS1,True,38.0,1.0,-1.4166907995762261,5229.6786359462185,rowcol,0.31803523313102716,0.5968980515099416,0.1628402316243807,1.2840723859350986,0.2881249775672909,0.6852827882394622,0.3034355631328636,0.6428220948481382,0.18827102261739043,0.6495211472746273,0.44879472833615625,0.02408307723393608
all_BrBt_kS1,True,38.0,1.0,-0.3098081882777051,5229.6786359462185,rowcol,0.34965452220984516,0.6168068775866538,0.04105488935725026,1.2678821547769281,0.346698658003949,0.6280438454205588,0.34817841196160865,0.6224775250861768,0.13404378076480697,0.629306458468616,0.5167273795485567,0.026507536492068592
edge_BrBt_cS2_kS1,True,38.0,0.8071268261553779,0.037109459713260316,5229.6786359462185,rowcol,0.2984282660043454,0.6280899748127631,0.19075257955117253,1.0289414703810773,0.2997882985366199,0.6213438723474919,0.2991096602654929,0.6247099358386906,0.20884510310269375,0.6284473765061654,0.43474390133336144,0.022081151829543573
all_BrBt_cS2_kS1,True,38.0,1.0745233773449685,-0.9383717056712916,5229.6786359462185,rowcol,0.35078938247371383,0.6120948741912651,0.03909296280381203,1.3317055961520283,0.34334884659787895,0.6554594732293954,0.34708574324761393,0.6342513379966521,0.13314816854361924,0.6417802815078891,0.5180274599441778,0.02710826711022416
edge_Br_only_kS1,True,40.0,1.0,-1.484347996412952,5229.6786359462185,rowcol,0.3175791208824089,0.5952866207235304,0.16491849697119496,1.4146879210754972,0.2809997450639479,0.6939806916217681,0.29983151487849646,0.6467543871626392,0.1890455855659783,0.6552732253277623,0.44853154348826146,0.024574798184134595
edge_BrBt_kS1,True,40.0,1.0,-1.4641567321350388,5229.6786359462185,rowcol,0.31721427231943017,0.5956516848529544,0.16270930262347422,1.4064491513983626,0.28144338949763525,0.692682645692396,0.2998468142131256,0.6462223411018904,0.1873880288629581,0.6546274092506524,0.4497103559555509,0.024605599832452533
all_BrBt_kS1,True,40.0,1.0,-0.33343807461825237,5229.6786359462185,rowcol,0.34790910696100913,0.6165219960988157,0.04197159346617718,1.2594620608285245,0.3440601378738659,0.6305833013311787,0.3459882625424594,0.6236258255535072,0.13351555694516568,0.6303161038530468,0.5161022486395997,0.02657961507505282
edge_BrBt_cS2_kS1,True,40.0,0.8823026537258966,-0.5854081482056042,5229.6786359462185,rowcol,0.3062380551957113,0.61094392963535,0.18309244766094987,1.0522126738019266,0.2883565475780564,0.6512109341209144,0.29742375971086693,0.6314945202033033,0.20249850203071373,0.6354121099565099,0.438198104936058,0.022900644334285254
all_BrBt_cS2_kS1,True,40.0,1.0590462253071642,-0.8372063593736586,5229.6786359462185,rowcol,0.34826279334013827,0.6134159811571608,0.04017887147139182,1.3293514912147357,0.3406052974728648,0.6548464721812551,0.3444519188687471,0.6345682682950322,0.13249419242413024,0.6420571217068906,0.5180658072320371,0.027244372112433787
edge_Br_only_kS1,True,42.0,1.0,-1.519488483489268,5229.6786359462185,rowcol,0.3162170388294809,0.5982667608074321,0.16279073717706305,1.5595067551717678,0.2761465294082614,0.6962504793310609,0.2968408695127292,0.6493431470357831,0.1867963396729049,0.6601004799797134,0.45140942964912556,0.02518393154201914
edge_BrBt_kS1,True,42.0,1.0,-1.4991720892369849,5229.6786359462185,rowcol,0.315838847431918,0.5985926644455066,0.16064113092420815,1.547772535675761,0.2766114037739166,0.6949884254254654,0.2968563371422837,0.6488131660729248,0.18518522708390042,0.6593891080764068,0.4525233295619907,0.025204995271510527
all_BrBt_kS1,True,42.0,1.0,-0.3594123908229424,5229.6786359462185,rowcol,0.34597945850093076,0.6169861207793288,0.04288116610740801,1.2541993169141716,0.34119267530718606,0.6325712165366536,0.3435922735770826,0.6248644395295413,0.13292114577907108,0.6314596305807023,0.5156646917505229,0.02667428434669972
edge_BrBt_cS2_kS1,True,42.0,0.9080553016656834,-0.8278558303249626,5229.6786359462185,rowcol,0.30842256575719407,0.6063459134916556,0.17962580038886425,1.1532164255756485,0.28011795832849523,0.6632856696749991,0.2945978012398821,0.635589558978341,0.19922755566906125,0.6406728598127939,0.440335103529413,0.023513004584877064
all_BrBt_cS2_kS1,True,42.0,1.0410468644567399,-0.710127388119476,5229.6786359462185,rowcol,0.34602732748269827,0.6158603069601011,0.04135973838699208,1.3148564138549739,0.33856109611589735,0.6502294018218722,0.34231124707620486,0.6333600130694645,0.13205167175058147,0.6406618082319474,0.5180966153029002,0.027278764754458125
edge_Br_only_kS1,True,44.0,1.0,-1.5345641868769806,5229.6786359462185,rowcol,0.3145465142110053,0.6046982385099865,0.15860059157161996,1.7014531134066915,0.27401247313585314,0.693063674948702,0.29495857355439675,0.6505937195600651,0.1832427229909744,0.6637696373850794,0.4565265975197875,0.02581070501047216
edge_BrBt_kS1,True,44.0,1.0,-1.5150761459572715,5229.6786359462185,rowcol,0.31420119369194704,0.6049252112366391,0.15660645519947597,1.68736740639997,0.27443848456743936,0.6919568145493806,0.29497292092388117,0.650106636865625,0.18175834477811836,0.6630434152663226,0.4575115424576528,0.02582216694290236
all_BrBt_kS1,True,44.0,1.0,-0.3852024620004243,5229.6786359462185,rowcol,0.34407431304348884,0.6182300201486823,0.043672661657928255,1.2547046490771587,0.3383773482550346,0.6336587909163992,0.34123518555257215,0.6260287449841643,0.13231532872205828,0.6326107534873778,0.5156108652975878,0.026788175841380567
edge_BrBt_cS2_kS1,True,44.0,0.9130153281758638,-0.9023207024229376,5229.6786359462185,rowcol,0.3084025690350069,0.6079338119086289,0.17749617510295537,1.237986740008984,0.2745380626013472,0.6645118876759787,0.29194668111747024,0.6369862894034731,0.19703520889258289,0.643153915392891,0.4422376096149094,0.023921009092901183
all_BrBt_cS2_kS1,True,44.0,1.0256956634419538,-0.6013561514422463,5229.6786359462185,rowcol,0.34422937060931524,0.6184750521603449,0.042438275822768996,1.3004436348991233,0.3369425132033537,0.6445114829563401,0.3406021878785301,0.6316895358086951,0.13174499546657736,0.6388153243015855,0.518121390746694,0.027257018050649312
edge_Br_only_kS1,True,46.0,1.0,-1.528455155862321,5229.6786359462185,rowcol,0.3129788859571275,0.6130709354969082,0.15298433863073452,1.822398846277961,0.27456085939645264,0.6852739019684541,0.294380167981985,0.6503474356703413,0.17894098523452528,0.6657763450326482,0.4636736893057438,0.02639046667019218
edge_BrBt_kS1,True,46.0,1.0,-1.510572330602914,5229.6786359462185,rowcol,0.3126975354524728,0.6131797121593767,0.1512088315217581,1.8074329395221196,0.27490695822142946,0.6843915544389672,0.29439244911872986,0.6499315494929924,0.17763537790540324,0.6650868659505883,0.46448893525027324,0.02639411343192391
all_BrBt_kS1,True,46.0,1.0,-0.40782897672115487,5229.6786359462185,rowcol,0.34243140173669134,0.6201353425685153,0.04425875930990832,1.2626627897104818,0.33593627301691625,0.6335659509994651,0.33919649498269533,0.6269186535013187,0.13176844055589176,0.6335960292318187,0.5161188417629453,0.026912418720039286
edge_BrBt_cS2_kS1,True,46.0,0.9099160844819789,-0.9049012733235744,5229.6786359462185,rowcol,0.3078088769515791,0.6122036356405349,0.17534334638808935,1.2942403059276375,0.2708356202735704,0.6597605232002256,0.2898958466338882,0.6365398094163077,0.19494667007796904,0.6434907948523576,0.4443447453854301,0.024172252871960627
all_BrBt_cS2_kS1,True,46.0,1.0135757538129269,-0.5175748232430892,5229.6786359462185,rowcol,0.3427668437015639,0.620842526714971,0.04339533202950403,1.2911072633548024,0.3355424264340426,0.6388294065598972,0.3391706571176944,0.6299430765930563,0.13151106419414926,0.6369674544482086,0.5181426816628716,0.02720448037535885
edge_Br_only_kS1,True,48.0,1.0,-1.5054070978768799,5229.6786359462185,rowcol,0.31192562468714147,0.6217255095372227,0.14695680221885576,1.9144816370777065,0.27697792246217,0.6743870534443692,0.29495427994471174,0.6487164915642598,0.17465479827796979,0.6660069554998015,0.4722827146048872,0.02687455994579936
edge_BrBt_kS1,True,48.0,1.0,-1.489595848266681,5229.6786359462185,rowcol,0.31171608954784874,0.6217317264421504,0.14542417744128214,1.8999461468918009,0.2772341629396657,0.673742539312893,0.2949640942852579,0.6483829239472985,0.17354541585032437,0.6653924777047449,0.4729163745215436,0.02687290137221573
all_BrBt_kS1,True,48.0,1.0,-0.4246115939085252,5229.6786359462185,rowcol,0.3412588937738349,0.622413398708976,0.04460479525463468,1.278139300598256,0.3341373068584449,0.6321981931283128,0.3377137050433256,0.6273482155876239,0.13134981246921112,0.6342353321102204,0.5172883536257329,0.0270338234023538
edge_BrBt_cS2_kS1,True,48.0,0.9043184920510724,-0.8789429903918673,5229.6786359462185,rowcol,0.30733931343498344,0.6172787621145671,0.17255605325039927,1.3293738182855155,0.26841850591298844,0.6520463474382729,0.2885186398594123,0.6349834930671369,0.1925047628054774,0.6424649556865342,0.4468115625088711,0.024311809596049987
all_BrBt_cS2_kS1,True,48.0,1.0041416280825268,-0.4558203941129226,5229.6786359462185,rowcol,0.34150322377496084,0.6227936852765025,0.04426213332883431,1.2880603960540264,0.3342111390472403,0.6335719642893693,0.337873610638506,0.6282316525722492,0.1313056879974498,0.6352434921240885,0.5181627324354557,0.02713415400569835
edge_Br_only_kS1,True,50.0,1.0,-1.4725256289194022,5229.6786359462185,rowcol,0.31164198699843204,0.6293176449266521,0.14147804847963685,1.9805041775822176,0.28016656750120766,0.6619514807584064,0.296308505748136,0.6459185392919159,0.1710214401411075,0.6646578868431832,0.481687011428553,0.027239544042411166
edge_BrBt_kS1,True,50.0,1.0,-1.458994945645023,5229.6786359462185,rowcol,0.3114941561853728,0.6292545012728945,0.14018735669289545,1.96733249817352,0.2803461794979836,0.6615207430626937,0.2963158692788704,0.6456661822467403,0.17010261692904438,0.6641401286023305,0.48214881497577816,0.027234988363956603
all_BrBt_kS1,True,50.0,1.0,-0.4340648980246388,5229.6786359462185,rowcol,0.3406686831210322,0.6246609201528518,0.04473813817241242,1.2998228691354823,0.3330998494168935,0.6297088478713445,0.3369021551509091,0.627202004903673,0.13110489734982253,0.6344004858956335,0.5190975943731756,0.02713861606366698
edge_BrBt_cS2_kS1,True,50.0,0.8985831672954203,-0.8439823352922649,5229.6786359462185,rowcol,0.30723448159731254,0.6221015513036428,0.16888837862933123,1.3527650881754256,0.26689858886220813,0.6431903890793922,0.2877562163138514,0.6327841384056213,0.18951649735257584,0.6406497231579509,0.44966816200738635,0.02437368564891932
all_BrBt_cS2_kS1,True,50.0,0.9967229916224668,-0.4118472752757759,5229.6786359462185,rowcol,0.3403158942463833,0.624265216109491,0.04507750261360868,1.2911584235990359,0.33283039539346065,0.628843394939706,0.33659062451458094,0.6265694087977792,0.13109632063274504,0.6336553552314641,0.5181834284450002,0.027052827619432927
edge_Br_only_kS1,True,52.0,1.0,-1.4369806631698065,5229.6786359462185,rowcol,0.3121588681666383,0.6349681963027849,0.13714917802668342,2.029867143072384,0.2832117148803351,0.6491851866962685,0.29802407740005427,0.6421499534438333,0.16836077363757132,0.6620702148587727,0.49133607319446104,0.027484901613738004
edge_BrBt_kS1,True,52.0,1.0,-1.4258224410716338,5229.6786359462185,rowcol,0.3120555745409987,0.6348723867528706,0.1360933486588029,2.0186473460245415,0.28333609444323754,0.6489282589155105,0.2980292024899025,0.6419723242927672,0.16762029500238698,0.661658678490586,0.49164707907559774,0.027479371536357808
all_BrBt_kS1,True,52.0,1.0,-0.436402408833581,5229.6786359462185,rowcol,0.34064108624146444,0.6264727462821016,0.04472954531611134,1.3260061511949301,0.33276571955387807,0.6264599132536537,0.3367229242882355,0.6264662991856854,0.1310396332855453,0.6340582226534569,0.521410351928471,0.02721697128669646
edge_BrBt_cS2_kS1,True,52.0,0.8936419894965287,-0.8088064226947995,5229.6786359462185,rowcol,0.30751384769209117,0.6260295394215062,0.16427195622722293,1.372178699839058,0.2660287419004714,0.6343137015872761,0.2875020777809721,0.6302049955195632,0.18592489057778663,0.6384106175230225,0.4528888563717601,0.02438276642860749
all_BrBt_cS2_kS1,True,52.0,0.9907514551075792,-0.38216595460343483,5229.6786359462185,rowcol,0.3390984915905877,0.6252329058030939,0.045877053800531066,1.2999617385852997,0.3312951106681069,0.624645034249102,0.33521603715749465,0.6249376366971157,0.13085596711665182,0.6321796158334367,0.5182064701341562,0.026964084371845293
edge_Br_only_kS1,True,54.0,1.0,-1.404332681945014,5229.6786359462185,rowcol,0.31331623766207056,0.6381808918622789,0.134151360333424,2.0737041968443934,0.2855680448625966,0.6369286965757155,0.29975105367874294,0.6375521143429848,0.16668361179487226,0.6586005868142842,0.5008796568828662,0.027625522860960476
edge_BrBt_kS1,True,54.0,1.0,-1.395640319952033,5229.6786359462185,rowcol,0.31324236813835754,0.6380853086775927,0.1333303264002175,2.0648084508490565,0.2856555778265003,0.6368017155007542,0.29975422543842856,0.6374407729751891,0.16611437604435658,0.6582976682374312,0.5010658476838378,0.027620395594496853
all_BrBt_kS1,True,54.0,1.0,-0.4333299615318711,5229.6786359462185,rowcol,0.3410399722443456,0.6275465310192423,0.04466190155444411,1.3553860929770438,0.3329469905730765,0.6229062234266695,0.33701417505986764,0.625219611990852,0.13112165802255993,0.6332710907441417,0.5240318998882803,0.02726573729254241
edge_BrBt_cS2_kS1,True,54.0,0.8898015237710615,-0.7774679650077895,5229.6786359462185,rowcol,0.30808922512323933,0.6286540275315088,0.1587210884911633,1.393371995433609,0.26564296973290574,0.6261322663473141,0.2876312672653106,0.6273883978986705,0.18174017986612945,0.6359728480909028,0.45642903242256555,0.02435853159301651
all_BrBt_cS2_kS1,True,54.0,0.9857792485006881,-0.36435187718132256,5229.6786359462185,rowcol,0.3377524538174887,0.6256787841411204,0.04669147920769706,1.3141517380140098,0.3294997477706015,0.6209472798590335,0.33364794671595593,0.6233062338174189,0.13055860526419574,0.6307843132933192,0.5182335797047103,0.026869738974215504
edge_Br_only_kS1,True,56.0,1.0,-1.378204515613607,5229.6786359462185,rowcol,0.31483491651780093,0.6387058802618631,0.13236893699668428,2.1214305736749384,0.2870286943379138,0.6257734064138945,0.30124044112824133,0.6322418577905169,0.16581615211197914,0.6545700057780554,0.5101484913193719,0.02768477234276909
edge_BrBt_kS1,True,56.0,1.0,-1.3721223228567263,5229.6786359462185,rowcol,0.314782404431338,0.6386353206483748,0.1317934374391315,2.115133083414826,0.2870894839225839,0.6257320364082946,0.30124201656969496,0.6321858164313154,0.16542009176167988,0.6543734371685577,0.5102390113289009,0.027680931659111205
all_BrBt_kS1,True,56.0,1.0,-0.4273045917672035,5229.6786359462185,rowcol,0.3416661587174689,0.6277273218414059,0.04460670033245373,1.387162486514251,0.3334091359148826,0.619475066849784,0.3375592220242844,0.623595157858059,0.13129627357063262,0.6321617332374596,0.5267778801489041,0.02728821560171219
edge_BrBt_cS2_kS1,True,56.0,0.8871203447386763,-0.7521777564747213,5229.6786359462185,rowcol,0.3088228662243302,0.6297240937006993,0.15227819103361773,1.4203114740543996,0.2656106859012318,0.6191116722853114,0.2880091275104591,0.6244151112119523,0.1769980227902737,0.6334798051776256,0.46025418457736417,0.024318224333600372
all_BrBt_cS2_kS1,True,56.0,0.9814493150007908,-0.3569315092344867,5229.6786359462185,rowcol,0.33617871003459127,0.6255724820102168,0.04754569760759725,1.333678123923257,0.3273291344107379,0.6177204026468825,0.3317794925275381,0.6216401075729903,0.1301757987316513,0.6294373703387143,0.5182666795956241,0.026770554161684397
edge_Br_only_kS1,True,58.0,1.0,-1.3607383357272715,5229.6786359462185,rowcol,0.3163734628820501,0.6364524121585873,0.13157295575478545,2.17901632201655,0.2876149504954568,0.6162010409137528,0.3023235635793073,0.6263602629130433,0.16553718736275577,0.6502663383342839,0.5190975826558906,0.02769021796270605
edge_BrBt_kS1,True,58.0,1.0,-1.357444917476107,5229.6786359462185,rowcol,0.31634240239512335,0.6364188807384198,0.13126056166239564,2.175563590996453,0.28765003059867683,0.6162013816438202,0.30232402941306596,0.6263434769738023,0.16532294015047105,0.650169274184577,0.5191251228880204,0.027688122365766003
all_BrBt_kS1,True,58.0,1.0,-0.4207344596291158,5229.6786359462185,rowcol,0.3423156201292676,0.6269913576565947,0.04461573648706258,1.4207048603823116,0.3339390136100956,0.6164965081452435,0.3381495296516413,0.6217410396433278,0.13150565198374634,0.6308688703565242,0.5295190196147312,0.027291988273510964
edge_BrBt_cS2_kS1,True,58.0,0.8855995943599348,-0.7347914916957969,5229.6786359462185,rowcol,0.3095616907892135,0.6291109452417475,0.14496819280855627,1.4555865835968482,0.265803250731048,0.613536412605922,0.2884938551872498,0.6213353237690276,0.17172491299412265,0.6310290794190556,0.46437290372785656,0.024279156064515448
all_BrBt_cS2_kS1,True,58.0,0.9774607026338062,-0.35921981465668856,5229.6786359462185,rowcol,0.33427082332956415,0.6248588226193197,0.04845638995264587,1.358794394932785,0.32465205051601914,0.614951786229256,0.3294922597077283,0.6199014609416281,0.12967363723462283,0.6281096593795548,0.5183080598723631,0.026666712920697867
edge_Br_only_kS1,True,60.0,1.0,-1.3532538538534802,5229.6786359462185,rowcol,0.3175610200469999,0.6314672362829422,0.13157778512842136,2.2485438633740116,0.28746990885933943,0.6086568397759592,0.30287600795430775,0.6201125100228346,0.16567799064309924,0.6459644782608877,0.5277564683253342,0.027671526050172653
edge_BrBt_kS1,True,60.0,1.0,-1.352900267442616,5229.6786359462185,rowcol,0.3175573020487379,0.6314648852011215,0.13154420806001857,2.248166909359832,0.28747402001611966,0.6086588578562854,0.3028760133357178,0.6201123137973803,0.1656549592045949,0.6459550982846645,0.5277571575560841,0.027671305495946576
all_BrBt_kS1,True,60.0,1.0,-0.41544731757190684,5229.6786359462185,rowcol,0.3428191315043592,0.6254038089388654,0.0447214901270205,1.4552202278910307,0.33438037137017657,0.6141911192664563,0.3386222861879551,0.619796070549015,0.13170222380501753,0.6295182263445793,0.5321907369432779,0.027286522189526916
edge_BrBt_cS2_kS1,True,60.0,0.8852850347638194,-0.7276049403322541,5229.6786359462185,rowcol,0.31015796833911635,0.6267739683880559,0.1367508134269432,1.501037702370829,0.26607377964468343,0.6095389748028057,0.28893824708075655,0.6181754214366312,0.16590574592812854,0.6286890851004876,0.46887471410044745,0.024260194692982448
all_BrBt_cS2_kS1,True,60.0,0.9735385382741956,-0.37118419072663716,5229.6786359462185,rowcol,0.3319105881246157,0.6234491510052379,0.049426368724533605,1.3900222622213572,0.3213186301904464,0.6126600230690056,0.32665283171941134,0.6180523906809563,0.12900971088636407,0.6267776010483495,0.5183605317986841,0.02655828427452422
edge_Br_only_kS1,True,62.0,1.0,-1.3567430187030032,5229.6786359462185,rowcol,0.31801813661473155,0.6239571245834912,0.1323351478323838,2.328558211077403,0.286782543088549,0.603549342250753,0.3027894937196732,0.6137893684979043,0.16617675303628301,0.6419413383505281,0.5361997281896536,0.027659375470526503
edge_BrBt_kS1,True,62.0,1.0,-1.3593672918475654,5229.6786359462185,rowcol,0.31804818238431537,0.6239601048290827,0.1325841174604391,2.3314144159360772,0.2867499036614003,0.6035242739725643,0.30278978903539877,0.6137784924075318,0.16634816155188692,0.6420036453563701,0.5362109564071394,0.027660991020212397
all_BrBt_kS1,True,62.0,1.0,-0.41246150843932844,5229.6786359462185,rowcol,0.34306008684539707,0.6230849040656433,0.0449382264317568,1.4895497809035925,0.334645424067117,0.6126905537915658,0.33887513149312676,0.6178847889214343,0.13185444078475508,0.6282137599281,0.5347778763972151,0.027281564554840772
edge_BrBt_cS2_kS1,True,62.0,0.8863104773259866,-0.7336823528582962,5229.6786359462185,rowcol,0.3104727553027893,0.6227103407772051,0.1274841919763488,1.5584584057803952,0.2662562853250474,0.6071290238913002,0.28919115961212155,0.6149318621735653,0.1594665207637383,0.6265055761871199,0.47396213690629524,0.024282518915713754
all_BrBt_cS2_kS1,True,62.0,0.9694102482059215,-0.39332501898855976,5229.6786359462185,rowcol,0.328967847939163,0.6212177387474243,0.05043428575659871,1.428026107118184,0.3171650268863948,0.6109095230931011,0.3231150835127993,0.616060599301341,0.12813021773460026,0.6254275891028945,0.5184275414681941,0.026445850647826584
edge_Br_only_kS1,True,64.0,1.0,-1.372035233350105,5229.6786359462185,rowcol,0.3173764238025926,0.6143341998572625,0.1339613631227902,2.41475689834114,0.2857472135898,0.6012023939337329,0.30196216040480933,0.6077724357609408,0.16709469597793028,0.6384785714772002,0.5445312863661194,0.027684570286402945
edge_BrBt_kS1,True,64.0,1.0,-1.3774710338960439,5229.6786359462185,rowcol,0.3174406116653306,0.6143020321871545,0.13447589282380654,2.420798637675038,0.28567868298426974,0.6011412520136136,0.3019634157695283,0.6077258712591469,0.16745162654607845,0.6385948496237924,0.5445870504297974,0.02768801597530751
all_BrBt_kS1,True,64.0,1.0,-0.41193928365188365,5229.6786359462185,rowcol,0.3429798077634182,0.6202009164138341,0.04526059385843087,1.5220269311057455,0.33471598276549525,0.6120620921701234,0.3388694107789972,0.6161255266995384,0.1319476494392352,0.6270423322078449,0.537288838479653,0.027286351573034797
edge_BrBt_cS2_kS1,True,64.0,0.8888733070803446,-0.7566552206979675,5229.6786359462185,rowcol,0.3103524499395138,0.6169021239378245,0.11695268247088618,1.6298414902924432,0.26619213212636933,0.6062521800057984,0.28909707952838476,0.6115749271145823,0.1523105413886825,0.6245121396823703,0.47995094415569295,0.024369511102249983
all_BrBt_cS2_kS1,True,64.0,0.9647898337718432,-0.42652444430625386,5229.6786359462185,rowcol,0.32530818291422153,0.6180088644467153,0.0514182854174049,1.4733334567556995,0.3120325472166077,0.6098246923788774,0.3187335852382098,0.6139108918333145,0.12696803940475063,0.6240634189491628,0.5185131671089772,0.026331432834177926
edge_Br_only_kS1,True,66.0,1.0,-1.3995777936631695,5229.6786359462185,rowcol,0.3153029872863157,0.6032784421466497,0.13670342377133848,2.5005626718112395,0.28455732075047696,0.6017896322904643,0.30031020139153547,0.6025309452788202,0.1686007562839479,0.6358542704994449,0.5528682356813172,0.027776881117272924
edge_BrBt_kS1,True,66.0,1.0,-1.40737041650052,5229.6786359462185,rowcol,0.31539055270946953,0.6031717556482771,0.1374398797777868,2.5093620598216364,0.28446580417370626,0.6017068640107901,0.30031274577796896,0.6024362603641105,0.16911776593031144,0.636008050440122,0.552992464003935,0.027782320110294873
all_BrBt_kS1,True,66.0,1.0,-0.41322782501321703,5229.6786359462185,rowcol,0.3425798759928463,0.6169781166511902,0.04566070195200359,1.5503866969416809,0.33464003170756385,0.612317396877177,0.3386296933435706,0.6146410555379117,0.13198289637123412,0.6260817466836812,0.5397285568456266,0.027309098278724055
edge_BrBt_cS2_kS1,True,66.0,0.8931142026913396,-0.7997430990763419,5229.6786359462185,rowcol,0.3095773051813792,0.6093229524499928,0.105054061714447,1.7163102772530756,0.26578553811100075,0.6068766210446931,0.2884940585457627,0.6080951808230592,0.14446203940729663,0.6227585993143268,0.4871968383435916,0.024545058512683997
all_BrBt_cS2_kS1,True,66.0,0.9593758094963052,-0.47178636477282215,5229.6786359462185,rowcol,0.32081350449466234,0.6136658915718406,0.05225382181112851,1.525806471944662,0.30581191602706,0.6095964963775806,0.3133958114921148,0.6116248701970511,0.12544373618697066,0.6227164935120264,0.5186218545609234,0.02621977993495806
edge_Br_only_kS1,True,68.0,1.0,-1.4388608905279847,5229.6786359462185,rowcol,0.3115407119209401,0.5918177723325836,0.14085003732562343,2.5772956039221704,0.2834230586917482,0.6052679246552173,0.2978014119646301,0.5986127123347299,0.17092683813985002,0.6343242881162038,0.5613105696685519,0.02796307504696654
edge_BrBt_kS1,True,68.0,1.0,-1.4482025467390285,5229.6786359462185,rowcol,0.3116293751187245,0.5916218260190953,0.14173461013087835,2.5878943828078294,0.2833332924984361,0.6051947776444055,0.29780500684923283,0.5984791601809442,0.17155814111227527,0.634501474649429,0.5615094503997377,0.027970747685579948
all_BrBt_kS1,True,68.0,1.0,-0.4149912603510915,5229.6786359462185,rowcol,0.3419251878736408,0.6137218733602761,0.04608643738334102,1.571865710975526,0.3345216745339774,0.6133988698133416,0.33824039472171114,0.6135596222698193,0.13197474887308347,0.6254033290110794,0.5420764964269198,0.027356179228027872
edge_BrBt_cS2_kS1,True,68.0,0.8988852641396661,-0.8637519989061136,5229.6786359462185,rowcol,0.3078133601147039,0.6001025805387361,0.09222583990530192,1.8150619283436091,0.2650694699743752,0.6090524098304388,0.287218647344828,0.604615406149964,0.13632028021277073,0.6213543879840357,0.4959049463966939,0.024828452239012637
all_BrBt_cS2_kS1,True,68.0,0.9528738998580096,-0.5297634500009188,5229.6786359462185,rowcol,0.3154205328568988,0.6080993028156607,0.052730570052151635,1.5837852953748988,0.2985237504342665,0.6104643032213218,0.3070808630158191,0.6092885925364288,0.12347339192949712,0.6214552619229935,0.5187576466822331,0.02611985301534226
edge_Br_only_kS1,True,70.0,1.0,-1.4876027339493307,5229.6786359462185,rowcol,0.30598523850457127,0.5813937661097379,0.14659158396721017,2.6340908095808397,0.28258657708148804,0.6113111250273865,0.29450796868554674,0.5966113704919255,0.17428671368412219,0.6340866099299691,0.5698895349564448,0.028263233075296865
edge_BrBt_kS1,True,70.0,1.0,-1.4973088737568907,5229.6786359462185,rowcol,0.30604811724688263,0.5811386829573588,0.1475182478339224,2.6449740883774107,0.2825265388360708,0.6112783041293361,0.29451178100588626,0.5964707911166334,0.1749616647142186,0.6342726809375338,0.570144534553406,0.028273023253205905
all_BrBt_kS1,True,70.0,1.0,-0.41551295388331416,5229.6786359462185,rowcol,0.34114169607562345,0.6108105406814734,0.04646516495984532,1.5836943292748749,0.33449721972961316,0.6151535620654367,0.3378328379513807,0.6129962584434586,0.1319472715846538,0.6250637527913541,0.5442764802932294,0.027430778049406204
edge_BrBt_cS2_kS1,True,70.0,0.9054737808276024,-0.9443596975971708,5229.6786359462185,rowcol,0.3046492754507845,0.5898811150753613,0.07994045723233356,1.9151097008147338,0.2642272515608317,0.6128448182680428,0.2851374784026172,0.6015273392219419,0.12881745672758524,0.6204817032694011,0.5058338134044513,0.02522402076482516
all_BrBt_cS2_kS1,True,70.0,0.9450596839550128,-0.5999931812473764,5229.6786359462185,rowcol,0.30917419861299383,0.6014084303888525,0.05254360410573712,1.642986320941769,0.29043026824266915,0.6126451461436142,0.29994034968106437,0.6070795932404497,0.12098887086255615,0.6203845305176341,0.5189226485197915,0.02604580129098043
edge_Br_only_kS1,True,72.0,1.0,-1.540997409954446,5229.6786359462185,rowcol,0.29881755865883564,0.5737994892784912,0.15384562374017208,2.6583077430638133,0.28229548438640145,0.61925296610663,0.2906665889614122,0.5970673451455263,0.1787518670576169,0.6352198869797145,0.5785009179978439,0.028684629891280077
edge_BrBt_kS1,True,72.0,1.0,-1.5495676321098786,5229.6786359462185,rowcol,0.29883735229925784,0.5735584558523911,0.15467717328948877,2.667603970851344,0.28228058868648787,0.6192698372690669,0.2906695149829655,0.5969608832188397,0.1793713192410286,0.6353935620254714,0.5787654304045229,0.028695379516981687
all_BrBt_kS1,True,72.0,1.0,-0.4132035762130214,5229.6786359462185,rowcol,0.3403965153613982,0.6086369888575618,0.04671662034693553,1.5840007296004832,0.3346948247054361,0.617321315730909,0.337555172402758,0.6130152482557125,0.13192717485349315,0.6250876851430263,0.5462453583416109,0.027531488868168908
edge_BrBt_cS2_kS1,True,72.0,0.9115060148395681,-1.03039456027612,5229.6786359462185,rowcol,0.29980595657000103,0.5801127989902815,0.07043987956190319,1.9955448965020892,0.2635002917524317,0.6180886668994315,0.28222138501049576,0.5994921044032719,0.12302229901713015,0.6203017507499414,0.5160575022055178,0.025707918384418656
all_BrBt_cS2_kS1,True,72.0,0.9358886098923184,-0.6799246965488216,5229.6786359462185,rowcol,0.3022743347957056,0.5940431516072378,0.05132736738834318,1.6956503948551789,0.2821266142067696,0.6161871597592576,0.29236511806039767,0.605269257975336,0.11797480090376083,0.6196204685188704,0.5191147233150444,0.026015966076762938
edge_Br_only_kS1,True,74.0,1.0,-1.591612117272573,5229.6786359462185,rowcol,0.29066695856369695,0.5708111773982424,0.16210663694843705,2.6375571526947383,0.28271025889018636,0.62808547716154,0.2867126718442929,0.6002684366676537,0.1841083069773118,0.6376050994279232,0.5868524108104182,0.029214255468940964
edge_BrBt_kS1,True,74.0,1.0,-1.5974309254441483,5229.6786359462185,rowcol,0.29065165989913605,0.5706624556820283,0.1626849944004682,2.6435077600167625,0.2827286646919674,0.6281286108403037,0.2867140069144559,0.6002207443318037,0.1845487286416255,0.6377331693199807,0.587056332280684,0.02922323570182359
all_BrBt_kS1,True,74.0,1.0,-0.4071739064884636,5229.6786359462185,rowcol,0.339853424593357,0.607504964084245,0.04677485810602175,1.5727413364235643,0.3351888626094372,0.619565055478976,0.33752712662922474,0.6135934108436996,0.13193522584442274,0.6254516686034033,0.5479004240120284,0.027651938829439178
edge_BrBt_cS2_kS1,True,74.0,0.9153217585793535,-1.1059507862150069,5229.6786359462185,rowcol,0.2934560495033153,0.57279559471189,0.0647657828693648,2.0314643969736874,0.2630053252163322,0.6241065809928924,0.2786334319150604,0.5991230436568097,0.11915419066254163,0.6207644382124319,0.5250979249809847,0.026223643203641022
all_BrBt_cS2_kS1,True,74.0,0.9256264943538256,-0.7641856117847191,5229.6786359462185,rowcol,0.29507345088798637,0.586920075220078,0.04876325426037354,1.730999574825664,0.27449352313783537,0.6207749277115392,0.28496017892555064,0.604165443462368,0.11451674345406311,0.6192354870162698,0.5193251907717711,0.02604823747733057
edge_Br_only_kS1,True,76.0,1.0,-1.6306778609134913,5229.6786359462185,rowcol,0.2826789751728677,0.5734733313443724,0.17043646244315844,2.563967401134438,0.28378365577093784,0.6365873098343868,0.2832323454462862,0.6060030761261778,0.1897852235168482,0.6408801431982839,0.5944781890438666,0.029814475754158673
edge_BrBt_kS1,True,76.0,1.0,-1.6323639416034823,5229.6786359462185,rowcol,0.2826661052066989,0.5734417430641101,0.17060920231130983,2.5655448071726754,0.2837966753169566,0.6366080805594299,0.2832324572924978,0.6059991632430142,0.1899192664918034,0.640920698068043,0.594543602845651,0.029817603610806532
all_BrBt_kS1,True,76.0,1.0,-0.3975699785086858,5229.6786359462185,rowcol,0.3396183870388744,0.607535712992696,0.0466110724856832,1.5520171404714538,0.3359727424088094,0.621543412652478,0.3377988611624668,0.614612886958741,0.13197987194283486,0.6260825912937864,0.549192083335514,0.027782185213260896
edge_BrBt_cS2_kS1,True,76.0,0.915775830268285,-1.1570695046207276,5229.6786359462185,rowcol,0.2863443818539122,0.5694854101889356,0.061095795273152356,2.0070515254390364,0.2626482020046845,0.6297159499612582,0.2747413412305203,0.6004999722756642,0.1162126075013169,0.621528695234434,0.5315593002228726,0.02669929928596726
all_BrBt_cS2_kS1,True,76.0,0.9149150173150847,-0.8449256839313036,5229.6786359462185,rowcol,0.2879972255170166,0.5813298304058263,0.04475536794485152,1.7381055561598542,0.2684048624069516,0.6256159387777753,0.2783647548267644,0.603984562914577,0.11083444663733397,0.6191997339654257,0.5195383597565304,0.02615193959546618
edge_Br_only_kS1,True,78.0,1.0,-1.6509136949124026,5229.6786359462185,rowcol,0.2762861927347791,0.5814302030187215,0.17769679345427575,2.439328098204684,0.2852193970895175,0.6436000629840333,0.2807922964105371,0.6134515071826434,0.1949725055817231,0.644497780989927,0.6008616991109527,0.03042799210975942
edge_BrBt_kS1,True,78.0,1.0,-1.6477013763841337,5229.6786359462185,rowcol,0.2763239809124514,0.5814592685542631,0.17735645047665222,2.4366726838222292,0.2851836569983108,0.643547453736946,0.28079270521648764,0.6134374878955355,0.19470472063199337,0.6444141450666929,0.6007264653794129,0.03042102651260405
all_BrBt_kS1,True,78.0,1.0,-0.38546840947426514,5229.6786359462185,rowcol,0.3397050028234962,0.6086466346942302,0.04624531519697308,1.525474957624928,0.33696480445499344,0.6229888098811058,0.33833645881820534,0.6158936859609723,0.13205626954711547,0.6268748516214656,0.5501221152953812,0.027911390672025537
edge_BrBt_cS2_kS1,True,78.0,0.9128624160860647,-1.1784542682932655,5229.6786359462185,rowcol,0.2794728052295034,0.5704621656046159,0.05666136316692401,1.925556108671568,0.2622584266691042,0.6336553373335706,0.2709946811749702,0.6030378205195589,0.1130301410672705,0.6221618606687666,0.5348446164596323,0.027079670991172852
all_BrBt_cS2_kS1,True,78.0,0.9046647180811888,-0.9138354171061992,5229.6786359462185,rowcol,0.281427884257752,0.5785299695645949,0.03958819504456674,1.710808743076257,0.2643004765820568,0.6295832680247618,0.2729909157801544,0.604717413959125,0.10725790301137123,0.6193773269180781,0.5197347935896764,0.026320453241242405
edge_Br_only_kS1,True,80.0,1.0,-1.6497382316330789,5229.6786359462185,rowcol,0.27263505364616347,0.5929565589700259,0.18297980168201913,2.277685382909619,0.28658517945867895,0.6483307680607521,0.2797033054223207,0.6213928796359562,0.19893986071741226,0.6478987042514551,0.6056382109898121,0.030993687296623943
edge_BrBt_kS1,True,80.0,1.0,-1.641673046251631,5229.6786359462185,rowcol,0.2727491718762875,0.5929449651034208,0.18209603420658543,2.272023511504201,0.286481871188008,0.6481727602145345,0.27970592217667034,0.6213045561461783,0.19823867096102943,0.6476752675595783,0.6052758284390565,0.030973807235057996
all_BrBt_kS1,True,80.0,1.0,-0.37241973390765454,5229.6786359462185,rowcol,0.3400426935792999,0.6106099543640201,0.045739368078713726,1.497170074763584,0.33804322203129683,0.6237486314233246,0.3390435423198552,0.6172455960097897,0.13215103025412278,0.6277165288465534,0.5507381867662164,0.028030300036642676
edge_BrBt_cS2_kS1,True,80.0,0.9076070595502949,-1.174552646546339,5229.6786359462185,rowcol,0.2736054161671339,0.5748980529086034,0.05039672930008202,1.806975749718734,0.26177166527663254,0.6350964700108126,0.26774866191270147,0.6058889490120926,0.10935397719152556,0.6224201888159684,0.5353399554423989,0.02734638566230064
all_BrBt_cS2_kS1,True,80.0,0.8957646546308385,-0.9651630969874989,5229.6786359462185,rowcol,0.27564058532501123,0.5792015250638454,0.03393040130573972,1.6518590174982808,0.2619933070518975,0.6316221506040315,0.2688974687701549,0.6061038655814122,0.10412892046492293,0.6196017707599633,0.5198977421351829,0.026530661552434828
edge_Br_only_kS1,True,82.0,1.0,-1.630679150874505,5229.6786359462185,rowcol,0.2720212454262643,0.6058053644839567,0.18597981312077333,2.1024725021597814,0.2874966001110048,0.6504883948372012,0.279872789446664,0.6286505897121507,0.20136063794307713,0.6506952827508522,0.6087547331428772,0.031465326569180094
edge_BrBt_kS1,True,82.0,1.0,-1.6184924995681274,5229.6786359462185,rowcol,0.27219636451688156,0.6056725678061405,0.18460250962732624,2.0955164401108535,0.28734297714167645,0.6502187527009623,0.27987889123695014,0.6284467425270568,0.20026404234920997,0.6503424393582211,0.6081785919152392,0.03143205472038094
all_BrBt_kS1,True,82.0,1.0,-0.3599541748579108,5229.6786359462185,rowcol,0.3405147554134366,0.6131424161711118,0.04517702624243604,1.470589011708972,0.33908515285316027,0.623778919748721,0.33980007001474166,0.6185089072915252,0.13224856115680697,0.6285105591418941,0.5511126698889653,0.028132425043729058
edge_BrBt_cS2_kS1,True,82.0,0.9014332991483995,-1.1551866773280504,5229.6786359462185,rowcol,0.2690397140042198,0.5816230026311365,0.04305252719789399,1.6771429118942929,0.2612585070500201,0.6338331808813484,0.2651741918783251,0.6084129356616047,0.1057288467168415,0.6223189325241043,0.5340208035027152,0.027512855085990193
all_BrBt_cS2_kS1,True,82.0,0.888774529530561,-0.9977687960036737,5229.6786359462185,rowcol,0.27081041666614847,0.5831804931776329,0.02862882817664968,1.5729466711065407,0.2609136870137179,0.6311485151260771,0.26590369690512144,0.6077523584755943,0.1016772864853756,0.6197663715897613,0.5200188997747464,0.026750612870552092
edge_Br_only_kS1,True,84.0,1.0,-1.6019033705797663,5229.6786359462185,rowcol,0.27382613689252805,0.6181689312833115,0.18705337302842687,1.939440898750175,0.2877148351393265,0.6501874640301107,0.2808625271243897,0.6344565912762996,0.20240460607161112,0.6527400096042517,0.6104756304725871,0.03182146066225672
edge_BrBt_kS1,True,84.0,1.0,-1.5866666719346385,5229.6786359462185,rowcol,0.2740179723332463,0.6178902045833885,0.18528614794816964,1.9326583760470706,0.28755151248966176,0.6498198888053864,0.28087228689085164,0.6341322114131598,0.20099748017166208,0.6522858942531721,0.6097272714352566,0.031776478238259145
all_BrBt_kS1,True,84.0,1.0,-0.34927917760139987,5229.6786359462185,rowcol,0.34099924803325515,0.6159747302657436,0.04464315722910609,1.448214530341211,0.3399924614441778,0.623111112426369,0.3404957789911232,0.6195702209269718,0.13233565229627356,0.6291841783412044,0.5513203473283697,0.028213929082543162
edge_BrBt_cS2_kS1,True,84.0,0.8955957176172159,-1.1304736401472437,5229.6786359462185,rowcol,0.2657116479969247,0.5896547441408788,0.03604140804999848,1.5582827045299892,0.26084285668124796,0.6301289465166823,0.2632863411801585,0.6103239975770552,0.10277984967882026,0.6220121741561024,0.5319388439305253,0.027606405416410212
all_BrBt_cS2_kS1,True,84.0,0.8838061959671362,-1.0148058405155334,5229.6786359462185,rowcol,0.2670215520562054,0.5896595744415625,0.024395538239940402,1.4904563648460276,0.26051797728515813,0.6281512343010286,0.2637869152877024,0.6093012570902187,0.09995828571044282,0.6198481033307602,0.5200996104701812,0.026949740420157096
edge_Br_only_kS1,True,86.0,1.0,-1.5730167601220657,5229.6786359462185,rowcol,0.276969833768735,0.6290757923575875,0.18696324241693116,1.8099547373950986,0.2871210921190473,0.6477313570288906,0.2820956441290729,0.6385162149213442,0.20256618134616355,0.6540637937572746,0.6112427795933304,0.03206231334245098
edge_BrBt_kS1,True,86.0,1.0,-1.5558084910683048,5229.6786359462185,rowcol,0.27713075740793036,0.6286736942668004,0.1849282285938881,1.804110710454405,0.28699100623478,0.6472908761806346,0.2821083507281895,0.6380945986305215,0.20094852577184988,0.6535418837971331,0.61037485387774,0.03200861568861564
all_BrBt_kS1,True,86.0,1.0,-0.3412029626398451,5229.6786359462185,rowcol,0.3413941624787659,0.6188830377585834,0.04420948758159249,1.4315650431686489,0.3407000938418143,0.6218171969552053,0.3410469959740224,0.6203588519223233,0.13240320784850196,0.6296886391074168,0.5514239447224489,0.028272868927069702
edge_BrBt_cS2_kS1,True,86.0,0.8909564391460527,-1.1081289047914553,5229.6786359462185,rowcol,0.26340294923764307,0.5983063441755716,0.030553089621295562,1.4655062511952484,0.26063640243015135,0.6244627199752881,0.26202209649077995,0.6115867768696716,0.10078457948657356,0.6216636855714348,0.5299253548216677,0.027653733786686324
all_BrBt_cS2_kS1,True,86.0,0.8806360210069165,-1.0215919906250917,5229.6786359462185,rowcol,0.26425179731200055,0.5976196196284567,0.021562255367003798,1.4201562237363337,0.26050323742140574,0.6230069881994259,0.26238254421878227,0.6105058444544491,0.09888648231299144,0.6198685986816365,0.5201475074895222,0.027105233261243034
edge_Br_only_kS1,True,88.0,1.0,-1.5521823168673983,5229.6786359462185,rowcol,0.28043313077161763,0.6382253673270405,0.18651729556240462,1.728003582670312,0.28566097121433953,0.6434199775034651,0.2830614458674462,0.6408403282101363,0.20239450307625023,0.6547675145519369,0.6114957625505264,0.03219903004707845
edge_BrBt_kS1,True,88.0,1.0,-1.533919312810105,5229.6786359462185,rowcol,0.2805291550899168,0.6377444460303918,0.18433154944338617,1.7230925207856898,0.28559558938082846,0.6429377022183339,0.2830759609539326,0.6403587279020572,0.20066010415138155,0.6542087161112635,0.6105601196814846,0.03214011930994222
all_BrBt_kS1,True,88.0,1.0,-0.33619517176289027,5229.6786359462185,rowcol,0.34162540405787856,0.621691596286828,0.04392813016096199,1.421449357297121,0.3411733064428459,0.6199864530862986,0.34139922897540204,0.620835542210248,0.1324459500958342,0.6299945165341595,0.5514682245051614,0.02830839856219424
edge_BrBt_cS2_kS1,True,88.0,0.8880127046168852,-1.0930151494039055,5229.6786359462185,rowcol,0.2618834049899521,0.6070977032405717,0.027202388697479516,1.4074844625847445,0.26072620587596407,0.6173459789119381,0.26130493125238174,0.6122677319566862,0.09969578457582165,0.6213898296071518,0.5285220687963577,0.027674434439823394
all_BrBt_cS2_kS1,True,88.0,0.8789213973053407,-1.023290128279669,5229.6786359462185,rowcol,0.26237583923981883,0.6061516602034155,0.02004997414917055,1.3738198035240439,0.2607946433426744,0.6162317708060089,0.26158573263697094,0.6112365422698915,0.09832249184648038,0.6198519646644964,0.5201716417606329,0.027203111501398865
edge_Br_only_kS1,True,90.0,1.0,-1.5445830910350455,5229.6786359462185,rowcol,0.2835192041650805,0.6456358176106262,0.1862925472402756,1.7007104991781157,0.28334178394724097,0.637441407435136,0.28343042901509197,0.6415321469956599,0.20228600807757713,0.6549395200787496,0.6115404251001678,0.032242864298843474
edge_BrBt_kS1,True,90.0,1.0,-1.5260192530476,5229.6786359462185,rowcol,0.2835342992428472,0.6451236402536517,0.1840618063423702,1.6961752563658679,0.28335683321409727,0.6369531627717282,0.2834455011734564,0.6410319269180987,0.20051721964785235,0.6543705102093617,0.6105844463610595,0.03218231769369052
all_BrBt_kS1,True,90.0,1.0,-0.33448555220246623,5229.6786359462185,rowcol,0.34164481691235216,0.6242621596652258,0.04383005102183214,1.4182290351183664,0.3414014613164046,0.6177153055809382,0.3415230525357151,0.6209817417453133,0.13246136223401583,0.6300867392909839,0.551479292898015,0.02832020781573499
edge_BrBt_cS2_kS1,True,90.0,0.8870042100530898,-1.0876616847034675,5229.6786359462185,rowcol,0.26096767510068636,0.6156466913611942,0.026097257039518144,1.388358769888095,0.26119195544899765,0.6092420086459541,0.26107993912717686,0.612437442845796,0.09935975425370641,0.6212544174746395,0.528019168889105,0.027679816156682854
all_BrBt_cS2_kS1,True,90.0,0.8783870242466651,-1.023413762354153,5229.6786359462185,rowcol,0.261208205591366,0.6145561342602232,0.019597307162822396,1.3582554513653282,0.26146036797504585,0.6083376916019922,0.2613344293691504,0.6114399831247297,0.09815248865723987,0.6198108721107163,0.5201787254512102,0.027236390027744743
