fit_kind,apply_s1_correction,theta_offset_deg,structure2_scale,structure1_scale,structure1_condition,solver_scaling,Br_L2_left,Bt_L2_left,Br_L2_middle,Bt_L2_middle,Br_L2_right,Bt_L2_right,Br_L2_edge,Bt_L2_edge,Br_L2_all,Bt_L2_all,Br_rms,Bt_rms
edge_Br_only_kS1,False,-90.0,1.0,-1.4739679821495326,361161127.2823778,rowcol,0.2852601807464573,0.5980886646186597,0.17175496519075253,1.349628999653797,0.28566828922456616,0.5943674530945379,0.28546448945896663,0.5962220844654496,0.19126175323204342,0.6047747812111159,0.4420076317999988,0.02213537733655513
edge_BrBt_kS1,False,-90.0,1.0,-1.4740007801407897,361161127.2823778,rowcol,0.28526017421965244,0.598088636491329,0.17175869306207386,1.3496292648151724,0.2856682958308846,0.5943674775165415,0.2854644895092595,0.5962220826561668,0.19126464495098602,0.604774783585989,0.4420055468502186,0.02213526488385251
all_BrBt_kS1,False,-90.0,1.0,-0.3496669259274448,361161127.2823778,rowcol,0.33951897961790245,0.6128282816676358,0.0464813916799369,1.3454151297438897,0.3393951488213862,0.6073006156894557,0.3394570147812801,0.6100575222175894,0.13251873547778092,0.6182600069614733,0.5135348675651925,0.02602494891790471
edge_BrBt_cS2_kS1,False,-90.0,4.965506063676973,-30.015766964530297,361161127.2823778,rowcol,0.035989240229138623,0.27260924603148395,0.5412810792943903,8.819194770679523,0.03609242496222962,0.27191169843620944,0.03604091542346947,0.2722590315238464,0.5032457465116426,0.7864886180305867,0.7674109043634251,0.042029147702021596
all_BrBt_cS2_kS1,False,-90.0,2.0609626313203795,-9.204493386750785,361161127.2823778,rowcol,0.2127351911026169,0.44290507600035967,0.05423495369036044,3.3110802002630266,0.21325232977141056,0.4402344893228201,0.21299414742916645,0.4415654305109125,0.09338045006879746,0.5200276242292277,0.5206134324648882,0.025563132495999858
edge_Br_only_kS1,False,-88.0,1.0,-1.4036932638643524,361161127.2823778,rowcol,0.25533285165792313,0.5805909600588253,0.16335226674157646,1.3101917527950093,0.32738987160528626,0.6194852871737228,0.293612287021397,0.6004459132279073,0.18652457539743567,0.6083064031619055,0.44726691122099305,0.022489783602923735
edge_BrBt_kS1,False,-88.0,1.0,-1.4029652459551178,361161127.2823778,rowcol,0.25533631222860564,0.5806058430048405,0.16326973888459279,1.31020154678869,0.3273872211920073,0.6194697411185053,0.29361231142484434,0.6004450167307144,0.18646215489594392,0.6083056722513851,0.4473127028130082,0.022492212139974925
all_BrBt_kS1,False,-88.0,1.0,-0.33735798562254715,361161127.2823778,rowcol,0.3297582701310005,0.6103291620373715,0.04505107959319192,1.3344195812318544,0.35376407336737703,0.612398989653722,0.34198255411997147,0.6113698896403049,0.1329756935266692,0.6193792933162416,0.514483418597381,0.026091388696299355
edge_BrBt_cS2_kS1,False,-88.0,1.0055345232532276,-1.4411874724085612,361161127.2823778,rowcol,0.25423148301359555,0.5793317252215311,0.16213804884154118,1.319062547641571,0.3283026381924413,0.6193192026901847,0.2936449028902958,0.5997542061169325,0.1856142237248213,0.607762888227753,0.4478727532167712,0.022515136171380224
all_BrBt_cS2_kS1,False,-88.0,1.287606585239739,-2.719378005178966,361161127.2823778,rowcol,0.22183158398491296,0.5422138436151022,0.03751186486109333,1.7944632970253338,0.40669259669878816,0.6012257493996438,0.327651866666583,0.5726212553472401,0.12584830809987055,0.5900504561880734,0.5186470700677375,0.025948592519576274
edge_Br_only_kS1,False,-86.0,1.0,-1.2079791598417293,361161127.2823778,rowcol,0.2392702808600203,0.5795749647166473,0.14002429713371317,1.2230542672237539,0.3735246042573967,0.6391710208803654,0.31372288057965925,0.6102431008127193,0.17418891863442498,0.6166589689689534,0.46153958541710427,0.023417547216726932
edge_BrBt_kS1,False,-86.0,1.0,-1.2053623087459566,361161127.2823778,rowcol,0.23935093599526971,0.5796580705672739,0.13973033199335477,1.2232406098951876,0.3734735337247904,0.6390738355552263,0.3137231876823297,0.6102312447759524,0.17398496686859652,0.6166499082518654,0.461699390974156,0.023425633515517172
all_BrBt_kS1,False,-86.0,1.0,-0.302376839913149,361161127.2823778,rowcol,0.3268681149915528,0.6111301934818407,0.041055347050286746,1.3088068399184065,0.3689566703315693,0.6180174613785752,0.34856695525030096,0.614599905289783,0.13418137081620565,0.6221643820154176,0.5171284417381463,0.026271720265597126
edge_BrBt_cS2_kS1,False,-86.0,0.8410146783034079,-0.23745931692231997,361161127.2823778,rowcol,0.2864057137421218,0.6177555359630506,0.18806675429884254,1.0466328543952637,0.3102223541038855,0.6272924445741412,0.29856220785365656,0.6225650034727047,0.20662247938169445,0.6265355611408066,0.4359514038001902,0.02214893554238505
all_BrBt_cS2_kS1,False,-86.0,1.0243472653716035,-0.4994422587949619,361161127.2823778,rowcol,0.3127947021241653,0.6052508202454361,0.03949857856161885,1.3293459074222125,0.3823551651971883,0.6202651401992446,0.34934153665638973,0.6128397803146183,0.13405203195634044,0.620743796553517,0.5180309068795445,0.026304976699922173
edge_Br_only_kS1,False,-84.0,1.0,-0.9317067999839133,361161127.2823778,rowcol,0.2434641108735276,0.5919879179106139,0.10739416962104338,1.150548677406358,0.4089897927570239,0.6469196112707118,0.3366329658784627,0.6201932722676937,0.15936594805435125,0.6254756007905341,0.48079344387177386,0.024590884166047895
edge_BrBt_kS1,False,-84.0,1.0,-0.9266214583863508,361161127.2823778,rowcol,0.2438766408210681,0.5921505897619445,0.10683384984209413,1.1513336315578164,0.4087462814874548,0.646682134346982,0.33663412342893134,0.6201461241331748,0.15904063883020944,0.6254392993901833,0.4810906896225545,0.024604902240968732
all_BrBt_kS1,False,-84.0,1.0,-0.2503009662417754,361161127.2823778,rowcol,0.3307890100456029,0.6143463538184144,0.03536348950060983,1.2844348208134901,0.3810190940253265,0.6221255151289194,0.3568113850232194,0.6182667275137721,0.1357240124420614,0.6254076375481219,0.5209224427000012,0.02651688246625111
edge_BrBt_cS2_kS1,False,-84.0,0.8122316544016691,-0.004559121647148809,361161127.2823778,rowcol,0.2986068660567567,0.6268675102822876,0.1903285443843895,1.0253770914099896,0.2995828841889441,0.6231626810131579,0.29909570741626246,0.6250090022958439,0.20850793255630204,0.6287017819461543,0.4349215779781735,0.022116806605002957
all_BrBt_cS2_kS1,False,-84.0,0.9592391446526927,0.06722947186975929,361161127.2823778,rowcol,0.3580636501159731,0.6224331467074583,0.03995785413656826,1.2915242281725876,0.34441994406794435,0.6130135935662726,0.35130197002342844,0.6177188530444397,0.13486494988665498,0.6249721969745573,0.5179666843768869,0.026333248969167562
edge_Br_only_kS1,False,-82.0,1.0,-0.637588542191519,361161127.2823778,rowcol,0.2701664586030861,0.607252207594103,0.07343274831912709,1.1371325027640378,0.4230346465981611,0.6441080444703231,0.3549947221843377,0.6260393231050706,0.14772454896446954,0.631061941748509,0.5001299276459836,0.025672018964521762
edge_BrBt_kS1,False,-82.0,1.0,-0.6300125136769611,361161127.2823778,rowcol,0.27115338336601763,0.6074358527521457,0.07263083148528413,1.1390657247407356,0.4224083542561968,0.6437162730577948,0.35499739904115246,0.6259255288631033,0.147382577368003,0.6309742766856553,0.500549146583003,0.025690078794821217
all_BrBt_kS1,False,-82.0,1.0,-0.1891517175528333,361161127.2823778,rowcol,0.3395003880262472,0.6181828820987326,0.029293876055998234,1.275407179094705,0.3873869982110292,0.623647640398043,0.3642527748651864,0.6209343099387801,0.1371599401684975,0.6278975277025763,0.5251391696716716,0.02676816558452845
edge_BrBt_cS2_kS1,False,-82.0,0.8053671428284691,0.07426789474319616,361161127.2823778,rowcol,0.3048216691271444,0.6293414022023348,0.18858075160273696,1.0431757488103508,0.2929370501141765,0.618925303844257,0.29893314042722735,0.6241302330527132,0.20709964566181574,0.6280397128642939,0.4357184887723082,0.022133353139869937
all_BrBt_cS2_kS1,False,-82.0,0.9397341837938796,0.2558252223622647,361161127.2823778,rowcol,0.3798552905005501,0.6256716338096366,0.03973582536629136,1.3439786850723565,0.3160299374829622,0.6038426758456023,0.3493747614347046,0.6148019655915942,0.1341243711585577,0.6228875725129304,0.5180252502156124,0.026264641875282685
edge_Br_only_kS1,False,-80.0,1.0,-0.3813347232139833,361161127.2823778,rowcol,0.30680195960242873,0.6176963872409827,0.045462747526442505,1.181236679461244,0.4171524190876974,0.6358345900993012,0.3662066756334436,0.626874364065518,0.14160276168138214,0.6324511828151337,0.5158549886049054,0.026462242688722635
edge_BrBt_kS1,False,-80.0,1.0,-0.3718101333974238,361161127.2823778,rowcol,0.3083299951100244,0.6178243506409136,0.04454872168982311,1.1846893034403052,0.41603433582666793,0.6353182403053964,0.36621125379440084,0.6266740749974768,0.14135321690270827,0.6322993120548364,0.5163484552425343,0.026481235380195405
all_BrBt_kS1,False,-80.0,1.0,-0.12780618058517176,361161127.2823778,rowcol,0.3500882084004199,0.6211068373220898,0.02430495192316653,1.2852455882608071,0.38778830567576716,0.6227793235922146,0.3694362413308326,0.6219476325909823,0.13820225007381087,0.6290329373218476,0.5290730520159638,0.026978147726394005
edge_BrBt_cS2_kS1,False,-80.0,0.8050231063931093,0.10416951685243947,361161127.2823778,rowcol,0.3077398570672752,0.6291901114903281,0.18611486172139477,1.0655182176113174,0.2893044243858634,0.6162168200553015,0.2986562213418355,0.6227063014980482,0.20510878228191343,0.6268979297644752,0.4368459323555606,0.022156403997637183
all_BrBt_cS2_kS1,False,-80.0,0.9356289364017634,0.3156784119992514,361161127.2823778,rowcol,0.38887241268518236,0.6237979383667969,0.03965573713801003,1.4013808533342658,0.2989232880620984,0.5977774603611336,0.3467865654748152,0.6108641829042508,0.1331857404281979,0.619919753545675,0.5180994624143487,0.026176835667317468
edge_Br_only_kS1,False,-78.0,1.0,-0.1919579574166975,361161127.2823778,rowcol,0.33892474809744977,0.6221710909120683,0.0278684690348959,1.24979333579668,0.40125654270243716,0.6269414904879211,0.37142821981870844,0.6245722255530461,0.13950436552665918,0.6311112579991102,0.5265538419018448,0.026932513617910138
edge_BrBt_kS1,False,-78.0,1.0,-0.18154936555301404,361161127.2823778,rowcol,0.3407431465891281,0.6222067136721493,0.027133040685217533,1.2544984356692632,0.3997274730673628,0.6263743969694917,0.3714342488827906,0.6243039756544593,0.13938126767222123,0.6309130799128779,0.5270519647320718,0.026949158080885847
all_BrBt_kS1,False,-78.0,1.0,-0.07428188279290307,361161127.2823778,rowcol,0.3599156273227265,0.6225743255589852,0.02136277048065752,1.306537394837114,0.3840670967391969,0.6206289216250985,0.37219805185382543,0.6215977435940049,0.13879042085417942,0.6289968449615727,0.5322069410266526,0.02712311810149195
edge_BrBt_cS2_kS1,False,-78.0,0.8068290215550744,0.11029897530720059,361161127.2823778,rowcol,0.3083838018019943,0.6281257588685166,0.18432204140041464,1.078773293615746,0.28826719790404287,0.6155187654555501,0.2984860701384681,0.6218241360479495,0.20367155846283314,0.6261868499689103,0.43767040205135743,0.02217000587769287
all_BrBt_cS2_kS1,False,-78.0,0.9379573086712438,0.318047489255568,361161127.2823778,rowcol,0.39053507524865144,0.6208440404803959,0.03994462507281398,1.4328864174073788,0.29222301618250995,0.5961486567472601,0.3448566498341865,0.6085627111070083,0.13257638420727239,0.618174199893432,0.5181478137530149,0.026106702890750268
edge_Br_only_kS1,False,-76.0,1.0,-0.07172369998941269,361161127.2823778,rowcol,0.3605377694831112,0.623074995928947,0.021044092062508377,1.3088391065058542,0.3853440367122072,0.6204150127227979,0.37315812412394483,0.6217400810409881,0.13909915415172983,0.6291700429938308,0.5326735319475865,0.027158201898146047
edge_BrBt_kS1,False,-76.0,1.0,-0.061751877581115375,361161127.2823778,rowcol,0.36233727202933563,0.6230408388921364,0.020781833850060084,1.3137916944493089,0.3836673166609708,0.6199036124235973,0.37316421682895456,0.6214667209362613,0.13906731780706064,0.628974155318326,0.5331068358643395,0.027170299012799617
all_BrBt_kS1,False,-76.0,1.0,-0.03423067255588536,361161127.2823778,rowcol,0.36733475699651297,0.6229465936774353,0.020300250337334087,1.3278469922285698,0.37905135655360306,0.6184970410365042,0.37324424640658904,0.6207151892631394,0.13903512249244482,0.6284438217960525,0.5343048485353616,0.027203904191532877
edge_BrBt_cS2_kS1,False,-76.0,0.8089356307832714,0.10116522931221297,361161127.2823778,rowcol,0.3074583982595791,0.6271675436958745,0.18388402160749026,1.0777985934530339,0.28928834670418074,0.6166366266054757,0.2985035740733278,0.6218992526428989,0.2033327635040669,0.6262491619630716,0.4378764776326327,0.022168597889065205
all_BrBt_cS2_kS1,False,-76.0,0.9430247768601795,0.29057994018980443,361161127.2823778,rowcol,0.38815089973755773,0.6188692323164969,0.04044314027712206,1.4308865788742628,0.2938001870418711,0.5984327815202487,0.34418194793133605,0.6086880250717286,0.13246808317003778,0.6182642508825339,0.518156972724931,0.026073027836347233
edge_Br_only_kS1,False,-74.0,1.0,-0.008048322707369786,361161127.2823778,rowcol,0.3721420993293158,0.622878472614948,0.020176298270612566,1.342235053753381,0.3747886461338502,0.6171089712272291,0.3734688943355383,0.6199866690843127,0.1391016873834958,0.6279436818688541,0.5354884814800104,0.02723926761538218
edge_BrBt_kS1,False,-74.0,1.0,0.0002807137607583256,361161127.2823778,rowcol,0.3736632960135684,0.6228277120093596,0.02022545487293932,1.3462351015956122,0.3732839431821723,0.6167452814928209,0.37347349901208005,0.6197794476228617,0.13910953744176613,0.6278005338095386,0.5358101289640989,0.027246388503254792
all_BrBt_kS1,False,-74.0,1.0,-0.009957622296860574,361161127.2823778,rowcol,0.3717939390846316,0.6228901087779329,0.02016964498905617,1.3413273382243276,0.3751338946486616,0.6171923877621089,0.37346913630485384,0.6200342002205087,0.13910094240791301,0.6279766929125782,0.5354147965592192,0.027237639662791423
edge_BrBt_cS2_kS1,False,-74.0,0.810516301669308,0.08142471763758496,361161127.2823778,rowcol,0.3055953560417935,0.6267591625088722,0.18484128371464434,1.0647983045714093,0.2916019901527538,0.6187923904431905,0.2986744108684915,0.6227695097808732,0.20411516220707893,0.6269517059236537,0.4374397995179543,0.02215503671877582
all_BrBt_cS2_kS1,False,-74.0,0.9489007953715188,0.24736990352847738,361161127.2823778,rowcol,0.3837167911502389,0.6184482421937724,0.04084960444633343,1.4025062932785461,0.3009683617047812,0.6029827524499771,0.34479713186587624,0.6107275571873685,0.13279331739637257,0.6198039039767703,0.518132008350185,0.02608019085082194
edge_Br_only_kS1,False,-72.0,1.0,0.01578972571506616,361161127.2823778,rowcol,0.3765038363912416,0.6227517914712122,0.020409500849099125,1.3522847096349908,0.3703879200951629,0.6162477732365136,0.3734556775410429,0.6194928016017845,0.1391262391114981,0.6276106667303728,0.5363259785034896,0.027254659105820315
edge_BrBt_kS1,False,-72.0,1.0,0.021664704460395486,361161127.2823778,rowcol,0.3775833249060585,0.6227229072108545,0.02050661666337973,1.3546578329254262,0.3692942585860168,0.6160582346130473,0.3734581025596543,0.6193836353545464,0.13913946059177743,0.6275395307777227,0.5365223038728217,0.027257855528478057
all_BrBt_kS1,False,-72.0,1.0,-0.0002168912548581028,361161127.2823778,rowcol,0.373572336674461,0.622830489158866,0.02022147715641559,1.3460162263288282,0.37337516946045657,0.6167645393211972,0.3734736783708306,0.6197904639173837,0.13910910351862166,0.627808044943662,0.5357920578395283,0.027246031898044733
edge_BrBt_cS2_kS1,False,-72.0,0.8113769937249586,0.05540486797329321,361161127.2823778,rowcol,0.30333852661308247,0.6268161642366981,0.18668593077195014,1.0472491204177201,0.2943820491824098,0.6209690683507264,0.29888985406985563,0.6238855170002758,0.20560283395530563,0.6278457396884044,0.4365914223803843,0.022137439201036387
all_BrBt_cS2_kS1,False,-72.0,0.9544549647439041,0.197500663426454,361161127.2823778,rowcol,0.3783186830927662,0.6191139646596768,0.04096463131578479,1.3628117922085954,0.31104704368563446,0.6078841851527541,0.34629036274212266,0.6134979790412176,0.13335198031844867,0.6218968079962205,0.5180882400206748,0.026120438044723873
edge_Br_only_kS1,False,-70.0,1.0,0.015492404622228966,361161127.2823778,rowcol,0.37646512300578555,0.6228082016439908,0.02040059717289791,1.3503650760961223,0.37042736356890243,0.6164600326301105,0.37345575939916065,0.619627102265264,0.13912514103579815,0.6277133476620479,0.5362313964657502,0.027250664622350585
edge_BrBt_kS1,False,-70.0,1.0,0.0186372913604128,361161127.2823778,rowcol,0.3770459046274751,0.6228038946020314,0.02044904494928913,1.351268037605401,0.36983868996445546,0.6163996647868745,0.37345647783936187,0.6195947757335581,0.1391315473677446,0.6276952764699396,0.5363192951252211,0.02725159535060973
all_BrBt_kS1,False,-70.0,1.0,-0.0008826509761035449,361161127.2823778,rowcol,0.3734498095881216,0.6228306320045224,0.02021626798903551,1.3458653495342487,0.3735006174636575,0.616774488917883,0.3734752369912615,0.6197955094985134,0.13910901946385584,0.6278107248510543,0.5357747089299172,0.02724589409555346
edge_BrBt_cS2_kS1,False,-70.0,0.8116939088382067,0.027913038166469353,361161127.2823778,rowcol,0.301108836752093,0.6269949583065827,0.18865621743627278,1.033156667944305,0.29696647731725356,0.6224128219096215,0.2990429869505298,0.6246971599057378,0.2071805996333834,0.6284832191407229,0.4356851966040732,0.022123794915154937
all_BrBt_cS2_kS1,False,-70.0,0.9590552422201614,0.14765589670184542,361161127.2823778,rowcol,0.3725579289230059,0.6200391715514908,0.04079655187834168,1.3268346541447535,0.32172504949204134,0.6117319721580083,0.34804814244811005,0.6158797599631087,0.13392952106217157,0.6236868088810238,0.5180424272341858,0.02617844077272992
edge_Br_only_kS1,False,-68.0,1.0,0.004294801920572084,361161127.2823778,rowcol,0.3744078377411171,0.6228400635295733,0.020258585340191256,1.3467810202853345,0.3725351515098677,0.6167268450051145,0.3734718353483108,0.6197764074545181,0.1391130932775487,0.627805757410296,0.5358951075671426,0.027246653155869424
edge_BrBt_kS1,False,-68.0,1.0,0.004998933612012395,361161127.2823778,rowcol,0.37453841761387663,0.6228418081191659,0.020265125256574132,1.3468951551313049,0.37240417582027296,0.6167218141339681,0.3734718718645486,0.6197747648865848,0.1391139294279435,0.6278058628061011,0.5359108298209035,0.027246736814070145
all_BrBt_kS1,False,-68.0,1.0,-0.0063510216389251984,361161127.2823778,rowcol,0.372436914762346,0.6228136883833814,0.020185493112160505,1.345136294617304,0.3745186969008822,0.6168029246948177,0.3734801823776365,0.619801253331804,0.13910696756194288,0.6278054079679293,0.5356578079001927,0.027245417086652297
edge_BrBt_cS2_kS1,False,-68.0,0.811747797962207,0.003980533246958442,361161127.2823778,rowcol,0.2992318927143316,0.6270478162664208,0.19010561091916636,1.0262733303731668,0.2989590683030069,0.62296034768652,0.29909539025302967,0.6249976721521961,0.20833212014832667,0.6287008434635807,0.435022708958989,0.022117469410454955
all_BrBt_cS2_kS1,False,-68.0,0.9624480214539357,0.10271728829214839,361161127.2823778,rowcol,0.36690164301741957,0.6206417093782484,0.04049851617817634,1.3029695823121334,0.331327834591186,0.6140002515928963,0.3495517494887801,0.6173140678144492,0.13438398247107322,0.6247414554736442,0.5180059871270402,0.026237586406918208
edge_Br_only_kS1,False,-66.0,1.0,-0.007424197808599801,361161127.2823778,rowcol,0.37223102748963516,0.6227943931334581,0.020190676885682535,1.3456039120012462,0.3747009556766244,0.6167455365840742,0.3734691321607134,0.6197629138786211,0.1391035764949602,0.6277748441709975,0.5356753476331686,0.02724604022492235
edge_BrBt_kS1,False,-66.0,1.0,-0.008379652690355089,361161127.2823778,rowcol,0.37205352827427685,0.6227898850267904,0.020188202633850842,1.345545627162106,0.3748770220399047,0.6167439929703911,0.3734691994322754,0.6197598878951927,0.13910329089551152,0.6277710024163206,0.535659426383123,0.027246028262992206
all_BrBt_kS1,False,-66.0,1.0,-0.011280523903164898,361161127.2823778,rowcol,0.37151492926219576,0.6227761979279863,0.020183097630783648,1.3453762994944418,0.3754118939883211,0.6167393068487999,0.3734702280282169,0.6197507009320506,0.13910302713843412,0.6277594534489594,0.5356111275641594,0.027245994611250775
edge_BrBt_cS2_kS1,False,-66.0,0.8117380897661063,-0.011949253543090115,361161127.2823778,rowcol,0.2979849886464162,0.626989000621151,0.1907568848318492,1.025029654281312,0.3001796429177426,0.6229620552879789,0.2990853050731705,0.6249691644444348,0.20884374900274014,0.6286584857334492,0.4347295235909357,0.022116583445740766
all_BrBt_cS2_kS1,False,-66.0,0.9646692996130946,0.06564854238506888,361161127.2823778,rowcol,0.36179735937463675,0.6208043682592983,0.040228991121993615,1.2914161175730143,0.33897475370485713,0.614923178376111,0.35056168062724197,0.6178567404227098,0.1346720672155207,0.6251059646331125,0.5179826572566618,0.026285656310908602
edge_Br_only_kS1,False,-64.0,1.0,-0.012879607423177869,361161127.2823778,rowcol,0.37121818101054194,0.6227741499106362,0.02020419674607807,1.345938279330806,0.37568656186619775,0.6166818769796905,0.3734610421094871,0.6197209657101391,0.13910231377956392,0.6277387441117033,0.5356564309985508,0.027246506838196172
edge_BrBt_kS1,False,-64.0,1.0,-0.014421975244826857,361161127.2823778,rowcol,0.37093212973960227,0.6227675308928065,0.02020672568643509,1.3459342141861421,0.3759688397907937,0.6166728170297159,0.3734612163770312,0.6197131264979535,0.13910269481550022,0.6277309981810559,0.5356394067055325,0.027246555111052312
all_BrBt_kS1,False,-64.0,1.0,-0.012137636949226559,361161127.2823778,rowcol,0.3713558354663816,0.6227773340555427,0.02020334687573785,1.345941393820543,0.37555081687832437,0.6166862353634056,0.37346108243815934,0.6197247368446489,0.13910222190126495,0.6277424877828454,0.5356646269906551,0.02724648401999603
edge_BrBt_cS2_kS1,False,-64.0,0.8117369128474619,-0.01724108864313205,361161127.2823778,rowcol,0.297563650710177,0.6269649559951647,0.19074427793120172,1.0256343009202502,0.30057445356284596,0.6228816055640088,0.29907418023138554,0.6249168744812732,0.20883163234848698,0.6286137770970989,0.43473736468649504,0.022117218767199284
all_BrBt_cS2_kS1,False,-64.0,0.9659402009379768,0.03725872814396677,361161127.2823778,rowcol,0.35756138257306963,0.620717703225778,0.04005962772811186,1.2877004916085646,0.3445421299147421,0.6150756256226989,0.35110631520183655,0.6178896441878866,0.13482162538942705,0.6250845531640228,0.5179704280785952,0.026317568479176146
edge_Br_only_kS1,False,-62.0,1.0,-0.00989606825107889,361161127.2823778,rowcol,0.3717820202941963,0.6228158643796077,0.020221995566223963,1.3461522654500493,0.3751395765936516,0.6167004563033932,0.3734660651978148,0.619751114013132,0.13910638466815078,0.627771513605587,0.5357445725708235,0.027246403381161743
edge_BrBt_kS1,False,-62.0,1.0,-0.010985858593934519,361161127.2823778,rowcol,0.3715808287939278,0.6228143714309349,0.020224460588486915,1.3461662922448228,0.37533867821511563,0.6166941708384355,0.3734661516493573,0.619747225247551,0.1391067258340774,0.6277679121691172,0.5357385931613491,0.027246434357802822
all_BrBt_kS1,False,-62.0,1.0,-0.008054768614663683,361161127.2823778,rowcol,0.3721221002203261,0.6228183869199759,0.02021900457544608,1.3461322557965412,0.3748033259900674,0.6167110762058722,0.37346631199242913,0.6197576845104419,0.13910609936169752,0.6277776540822911,0.5357546958356756,0.027246352329468676
edge_BrBt_cS2_kS1,False,-62.0,0.8117435843809475,-0.012318731801150756,361161127.2823778,rowcol,0.29795233921456055,0.6270176137462936,0.19046096358755063,1.0258187493184903,0.30021146369537655,0.6229196440905819,0.2990850394335408,0.6249622114238407,0.20861026979917055,0.6286606402650843,0.43486377352964617,0.022117219238526154
all_BrBt_cS2_kS1,False,-62.0,0.9665450447849852,0.01618548646000014,361161127.2823778,rowcol,0.3542038878060839,0.6206084154817088,0.03998138119707761,1.2872016919473634,0.348456214204448,0.6149684711138966,0.35133924790586973,0.6177814244090639,0.13488419801894072,0.6249711293617068,0.5179652614904886,0.02633431441408865
edge_Br_only_kS1,False,-60.0,1.0,-0.0011040735066127675,361161127.2823778,rowcol,0.37340918086900127,0.6228323887669216,0.020223351828394475,1.3461004561670347,0.373536905297021,0.6167546000120424,0.3734731053600271,0.6197864448668042,0.1391091293870093,0.6278053703709296,0.5357992876297331,0.027246148290173144
edge_BrBt_kS1,False,-60.0,1.0,-0.0010994635994699504,361161127.2823778,rowcol,0.37341002742191287,0.6228323763827857,0.02022335036538776,1.3461004475587364,0.3735360605392123,0.6167546122606231,0.37347310536157,0.6197864447974044,0.13910912920385418,0.6278053701735735,0.5357992875908506,0.027246148287752018
all_BrBt_kS1,False,-60.0,1.0,-0.0007280996534294625,361161127.2823778,rowcol,0.37347822769859723,0.6228313787464069,0.020223262966215603,1.3460998495812972,0.37346801256551854,0.6167555989815271,0.3734731156228824,0.6197864392097903,0.13910912198089145,0.6278053557125352,0.5357992849930697,0.027246148125986906
edge_BrBt_cS2_kS1,False,-60.0,0.811746955709302,-0.0010995217498158058,361161127.2823778,rowcol,0.29883562606169917,0.6270428660538901,0.1903025422771332,1.0256880117762242,0.2993560015848652,0.6229859496843694,0.2990961584775175,0.6250080211119743,0.2084875188639988,0.6287043668826727,0.43493344251782384,0.02211697804847894
all_BrBt_cS2_kS1,False,-60.0,0.9667127165338579,-0.0007280954301619333,361161127.2823778,rowcol,0.3513577286976402,0.6205945410437171,0.03996093422991927,1.2872900968101326,0.35143654378841915,0.6148794585653715,0.3513971735128251,0.6177299748441738,0.13489951566092775,0.6249219039806655,0.5179639824499352,0.02633919787851229
edge_Br_only_kS1,False,-58.0,1.0,0.007686318442585259,361161127.2823778,rowcol,0.3750173526795,0.6227848537351418,0.020221091630617635,1.346125519636432,0.3719167571768205,0.6167469329324381,0.37346889337219047,0.6197588418320852,0.1391073053556727,0.6277786874095947,0.5357567246437347,0.027246342307457493
edge_BrBt_kS1,False,-58.0,1.0,0.008782398244388952,361161127.2823778,rowcol,0.3752180302736982,0.6227784981959514,0.020222876141088357,1.3461358512268384,0.3717148329259445,0.6167454213880668,0.37346898082381697,0.6197549080998149,0.13910756141476344,0.6277749863639073,0.5357506923450599,0.027246372310060288
all_BrBt_kS1,False,-58.0,1.0,0.0065932284423552865,361161127.2823778,rowcol,0.37481728867957237,0.6227911919555301,0.020219832589205088,1.3461168523575844,0.3721181966900676,0.6167484403838831,0.3734689803473802,0.6197627648672487,0.13910717907472248,0.6277824029769112,0.5357627495813408,0.027246312956958296
edge_BrBt_cS2_kS1,False,-58.0,0.8117441876803855,0.010115154876192455,361161127.2823778,rowcol,0.29969823400972645,0.6269836001943273,0.1904324679675,1.0257693971958939,0.29847978061353686,0.62296950113161,0.2990890857741685,0.6249701971340138,0.2085885875974154,0.6286679591504312,0.4348761307069227,0.02211716949308188
all_BrBt_cS2_kS1,False,-58.0,0.9665297897747038,-0.017658070906365852,361161127.2823778,rowcol,0.348358769883068,0.6206863273486459,0.039983137648257394,1.2872202050304011,0.35427099465549505,0.6149006753432094,0.35132994893230524,0.6177864716409263,0.1348813486946562,0.6249763507331022,0.5179654802411594,0.026333876535177575
edge_Br_only_kS1,False,-56.0,1.0,0.010667758836657125,361161127.2823778,rowcol,0.3755648520249804,0.6227666142560544,0.020205832282123557,1.3459539933811946,0.37135675277809266,0.6167119552330772,0.37346485747570407,0.6197322344524014,0.1391039141912914,0.6277500270474234,0.5356808757317215,0.027246439591508353
edge_BrBt_kS1,False,-56.0,1.0,0.012209398752939884,361161127.2823778,rowcol,0.3758476001123435,0.6227575376614456,0.02020738471394783,1.3459458742850978,0.3710714418540187,0.6167053685770658,0.37346503157701777,0.6197244027803326,0.13910417265136787,0.6277422276052581,0.5356638341374853,0.027246486216214085
all_BrBt_kS1,False,-56.0,1.0,0.010664729296200477,361161127.2823778,rowcol,0.3755642965157158,0.6227666320928746,0.020205830243892137,1.3459540125360518,0.37135731358396495,0.6167119681768001,0.3734648574763763,0.6197322498427673,0.13910391393579533,0.6277500424225213,0.5356809092382471,0.02724643950099941
edge_BrBt_cS2_kS1,False,-56.0,0.8117382020499505,0.015028391729822848,361161127.2823778,rowcol,0.30006439894755416,0.6269468975597617,0.19068739402816923,1.0256189256673807,0.29809421919005097,0.6229230389101764,0.29908005496856527,0.6249286073285241,0.20878790012276596,0.6286251834592402,0.4347623763148657,0.02211717807519532
all_BrBt_cS2_kS1,False,-56.0,0.965908715542751,-0.0387772879842,361161127.2823778,rowcol,0.3444158635497487,0.6207867981229149,0.040063259874004095,1.2877433292712208,0.3576196873602575,0.6150194060059118,0.35108572656152054,0.6178960720436463,0.13481525478456277,0.6250914808310088,0.5179709169747516,0.02631670147430461
edge_Br_only_kS1,False,-54.0,1.0,0.005216300880602793,361161127.2823778,rowcol,0.37457434807586,0.6228210403647333,0.020199565135054793,1.3457516694339382,0.3723667311956861,0.6167331230701456,0.3734711887756839,0.6197700330808021,0.13910544320001683,0.6277840424215735,0.5357121639247787,0.027246069532648673
edge_BrBt_kS1,False,-54.0,1.0,0.006164483324833149,361161127.2823778,rowcol,0.37474944807976346,0.6228195169120495,0.02019651174306575,1.3456924784210544,0.3721909564208232,0.6167286859195052,0.37347125502670436,0.619767053020919,0.13910508446174566,0.6277802320027763,0.535696348893668,0.02724605666248194
all_BrBt_kS1,False,-54.0,1.0,0.009802716162975044,361161127.2823778,rowcol,0.3754217848347136,0.6228136720308276,0.020188383869295175,1.3454767409103918,0.3715169601914611,0.6167116603579176,0.37347273885756777,0.6197556187597012,0.13910460793380927,0.6277657827977742,0.5356357252253702,0.027246011255647684
edge_BrBt_cS2_kS1,False,-54.0,0.8117397336071543,0.009733968210550708,361161127.2823778,rowcol,0.2996660139974698,0.6270190622511332,0.19067256879140265,1.0251524439173867,0.29851251780623456,0.6229469312971374,0.2990893088659372,0.6249765986223857,0.20877801008805813,0.6286672273464302,0.434767232576893,0.022116650211650386
all_BrBt_cS2_kS1,False,-54.0,0.9646199569281263,-0.06723377538788165,361161127.2823778,rowcol,0.3388081787652962,0.6206122996507795,0.04023429337450076,1.291479672931294,0.3618461886816143,0.6151181671141218,0.35052675161549574,0.6178582331038804,0.13466105153112032,0.6251083496497735,0.5179835014553748,0.026284389807356014
edge_Br_only_kS1,False,-52.0,1.0,-0.006485636874954325,361161127.2823778,rowcol,0.37240172424049345,0.6227829968220493,0.020277626966959957,1.3471191700099268,0.3745335286825731,0.6167733636856588,0.37347009584445734,0.6197711273569976,0.1391148536013165,0.6278056646315391,0.5359440367139164,0.02724691422279308
edge_BrBt_kS1,False,-52.0,1.0,-0.007197533024802742,361161127.2823778,rowcol,0.3722690227652644,0.6227779016199193,0.020284683334245882,1.3472345519819866,0.37466526800231986,0.6167751013407092,0.373470133170639,0.6197694483497556,0.13911575585735592,0.6278057535023986,0.5359599428380496,0.02724699954709281
all_BrBt_kS1,False,-52.0,1.0,0.0048911557605830665,361161127.2823778,rowcol,0.37452618515722447,0.622864443105754,0.020194157772835987,1.3453673072290544,0.3724319993738048,0.6167455959259884,0.37347962851185224,0.6197979728982603,0.13910785130899697,0.6278056603844538,0.5356903037871246,0.027245583398501354
edge_BrBt_cS2_kS1,False,-52.0,0.8117482630933408,-0.006179200839847392,361161127.2823778,rowcol,0.2984345187604381,0.6269969121060475,0.1899968609637949,1.026585530790132,0.29975019233170885,0.6229993809699729,0.29909366424502515,0.624991805875725,0.20824607004489007,0.6286986239073711,0.4350720750780121,0.02211774499222536
all_BrBt_cS2_kS1,False,-52.0,0.962379099482038,-0.10437731730736166,361161127.2823778,rowcol,0.3311113153846696,0.6196486070975594,0.040504327499345134,1.3030229992316233,0.36693823424585786,0.614974412651689,0.3495000864856738,0.6173047829102759,0.13436719215569495,0.6247331258482038,0.5180072687756119,0.026235987228006737
edge_Br_only_kS1,False,-50.0,1.0,-0.017647810117323415,361161127.2823778,rowcol,0.370292406213101,0.6224910618502021,0.020428279170532075,1.3509076375507507,0.3765767059672286,0.6167331823180177,0.37345057058063663,0.6196050740792987,0.13912675257990462,0.6276999354331667,0.53629163278153,0.02725130199999619
edge_BrBt_kS1,False,-50.0,1.0,-0.020790007740351783,361161127.2823778,rowcol,0.3697030085050839,0.6224308429958464,0.020478632558798084,1.351805051996541,0.3771557531500569,0.6167288474064527,0.37345128780273973,0.6195728016589678,0.1391334089824805,0.6276818397845966,0.5363794981754694,0.027252235134544067
all_BrBt_kS1,False,-50.0,1.0,-0.0005213980369298287,361161127.2823778,rowcol,0.3735136654111519,0.6228194224278786,0.0202274071826898,1.3462356221540583,0.37343015792240897,0.6167568140059676,0.3734718768533117,0.6197810678047375,0.13910918946273979,0.6278021299055602,0.5358138015663434,0.02724629815845655
edge_BrBt_cS2_kS1,False,-50.0,0.8116898169944088,-0.03006600095291942,361161127.2823778,rowcol,0.2964255253568779,0.6264188744213348,0.18852917475448144,1.0336194604227293,0.3016133392659388,0.6229397141172098,0.2990329904473118,0.6246734163539881,0.20707871601411829,0.6284651158183858,0.43574342708113195,0.022124339583104252
all_BrBt_cS2_kS1,False,-50.0,0.9589655563857454,-0.1493852812231495,361161127.2823778,rowcol,0.3214545563627683,0.6173250318777923,0.04080051304956316,1.326813891781275,0.3725795108299898,0.6144045546107565,0.347979950383404,0.6158595571400972,0.1339064265152352,0.6236666892518151,0.518044175358846,0.026176621956062424
edge_Br_only_kS1,False,-48.0,1.0,-0.01788774652232595,361161127.2823778,rowcol,0.37026630032408114,0.6222544798692375,0.020437812049070008,1.3530327755675977,0.3766026115113244,0.616670153220794,0.3734507132606458,0.6194552869794839,0.13912801410429118,0.6275851938793207,0.536396066417728,0.027255798728954825
edge_BrBt_kS1,False,-48.0,1.0,-0.023735399389683418,361161127.2823778,rowcol,0.3691755459786791,0.6220666712111615,0.020538227748509646,1.3553776701507636,0.37767476522454946,0.616641588404909,0.3734531158053984,0.6193471274088466,0.13914166496576505,0.6275146407469229,0.5365915464413897,0.027258985956006152
all_BrBt_kS1,False,-48.0,1.0,-0.001084659457156423,361161127.2823778,rowcol,0.3734087071105933,0.62279454095304,0.02023224291837101,1.3465093107318027,0.37353227328693134,0.6167522350142851,0.37347055027632264,0.6197663366156999,0.13910931181922112,0.6277918014014504,0.5358354192971059,0.02724672894460896
edge_BrBt_cS2_kS1,False,-48.0,0.8113631498468099,-0.0574780601778821,361161127.2823778,rowcol,0.2938233120071041,0.6249428078145736,0.18655020418808863,1.0477482068174797,0.30382688079579606,0.6227622632210101,0.29887140315338073,0.6238482862018123,0.20549273680905933,0.6278148374881962,0.43665386897005926,0.022138238959615895
all_BrBt_cS2_kS1,False,-48.0,0.9543443972975604,-0.19928216930627063,361161127.2823778,rowcol,0.31072745986870703,0.6134220417408541,0.040963855558750914,1.3626317149662959,0.378324260290196,0.6135315883353882,0.34620964709910945,0.613477078822536,0.13332322579201855,0.621873569680065,0.5180903859793448,0.026118551736145766
edge_Br_only_kS1,False,-46.0,1.0,0.00603350657456926,361161127.2823778,rowcol,0.3747041943651176,0.6230908649255147,0.020186565636424444,1.3432333117097184,0.3722354774669557,0.6167939031304902,0.37347077757511893,0.6199353567149531,0.13910366278935501,0.6279083318444761,0.5355662578576205,0.027240987318496564
edge_BrBt_kS1,False,-46.0,1.0,-0.0022281946151667805,361161127.2823778,rowcol,0.373208900176357,0.6227329157545558,0.020241149620052516,1.3471663066562218,0.3737410529740943,0.6167441022651947,0.3734753080789552,0.6197314558627283,0.139112170802729,0.6277674840174324,0.535885384776629,0.02724805799672574
all_BrBt_kS1,False,-46.0,1.0,0.008804749315668126,361161127.2823778,rowcol,0.3752062620968837,0.6232110064735494,0.020175466524545882,1.3419285366451157,0.37173132101136935,0.6168106081228869,0.3734712873272038,0.6200037971280999,0.13910245826867598,0.627955884435002,0.5354592868581487,0.027238622461422324
edge_BrBt_cS2_kS1,False,-46.0,0.8104866757646113,-0.08338487473456782,361161127.2823778,rowcol,0.29102969934456996,0.6227435856534187,0.18470894479207797,1.0651965272015842,0.30606727830986646,0.6227202159465491,0.2986498393567044,0.6227318451577808,0.20400675396368909,0.626919294623211,0.4375006203773585,0.0221559979970026
all_BrBt_cS2_kS1,False,-46.0,0.9487705631701363,-0.24917856030203014,361161127.2823778,rowcol,0.3006153945656703,0.6084877286208102,0.0408421285215214,1.4020862723036693,0.3837077462024071,0.6129356514421319,0.3447113567581888,0.610726350398371,0.1327609962336032,0.6197960648608902,0.5181343717085728,0.026078403948343022
edge_Br_only_kS1,False,-44.0,1.0,0.06982419348741495,361161127.2823778,rowcol,0.38532369045035775,0.6263485664769595,0.021003204449869126,1.310234493296865,0.36063915095191745,0.6169919907460609,0.3731745980597685,0.621665560006585,0.13909983563441672,0.6291172694553033,0.5327560390494885,0.02716050302520661
edge_BrBt_kS1,False,-44.0,1.0,0.059973696637472096,361161127.2823778,rowcol,0.38366472305930777,0.6258492812214854,0.020750732663449616,1.3150745122616787,0.3624126409896648,0.6169589002289599,0.3731805431488969,0.6213987806589855,0.13906927325918056,0.6289262816399949,0.5331841462813035,0.02717246062954126
all_BrBt_kS1,False,-44.0,1.0,0.03326244382201546,361161127.2823778,rowcol,0.3791771157073269,0.6245000351930522,0.02029618628218202,1.3285667157118655,0.36725121153055085,0.6168691934611867,0.3732564920150664,0.6206781367319915,0.13903908754089478,0.6284181397934759,0.5343470530484412,0.027205092303743364
edge_BrBt_cS2_kS1,False,-44.0,0.8088850187469602,-0.1029865096346223,361161127.2823778,rowcol,0.28871255395312345,0.6205836507407791,0.18376724094530034,1.0779963693735215,0.3079153406127556,0.6231547994720857,0.29847695789429607,0.621876687727598,0.2032362217505188,0.6262292959919546,0.43792992738615,0.02216957548397333
all_BrBt_cS2_kS1,False,-44.0,0.9428773269182263,-0.29238871174285913,361161127.2823778,rowcol,0.2934405907834132,0.6039474177726222,0.040429346958827266,1.4301815964798033,0.3881302120259856,0.6134288522533187,0.3441001741510338,0.6087292143068985,0.1324355067527111,0.6182930897103662,0.5181592918022873,0.026071488213173552
edge_Br_only_kS1,False,-42.0,1.0,0.19021522794271842,361161127.2823778,rowcol,0.40131809145638586,0.6327515989272164,0.027763487964011926,1.2518669309589323,0.33905414606974926,0.6161045082048809,0.3714652820784285,0.6244438152091077,0.13949972519205212,0.6310138693194892,0.5266372175075053,0.026935297548706078
edge_BrBt_kS1,False,-42.0,1.0,0.17999062389494547,361161127.2823778,rowcol,0.3998141740998732,0.6322035771779176,0.02704411430810518,1.2564249234393765,0.34083580317451473,0.61613953811804,0.3714710993031574,0.6241849135800612,0.13937971510265568,0.6308229552606593,0.5271265932944846,0.02695165432803074
all_BrBt_kS1,False,-42.0,1.0,0.07351665436204423,361161127.2823778,rowcol,0.38424917512565226,0.6265952338710846,0.02134696130067311,1.307408185124883,0.35981613338966323,0.6165048088904876,0.37222231545386225,0.6215464255613838,0.13879718241570865,0.6289591644946884,0.5322438549837419,0.027124374907057998
edge_BrBt_cS2_kS1,False,-42.0,0.8067545080624561,-0.111970174373512,361161127.2823778,rowcol,0.28770223283814667,0.6194800607142253,0.1842301602813007,1.0787504455312318,0.3088287716314695,0.6241404947440918,0.29846188808809204,0.6218257618903325,0.20359490871766187,0.6261881773831811,0.4377122438153713,0.022170852277382105
all_BrBt_cS2_kS1,False,-42.0,0.9377957755796734,-0.319834114866575,361161127.2823778,rowcol,0.2918929229117806,0.6017204503582625,0.03992768959092698,1.4319217079426256,0.3905060791519597,0.615451217987989,0.34478714158893087,0.6086573105003209,0.1325473505335163,0.6182510159893577,0.5181498121732686,0.02610550945406012
edge_Br_only_kS1,False,-40.0,1.0,0.37980010690222565,361161127.2823778,rowcol,0.4172889860599955,0.6413814294882431,0.045332206842113774,1.1843252814378649,0.306988567190602,0.6116979317405217,0.36626561632173843,0.6266446464838626,0.14158737338790153,0.6322655714649407,0.515934479551997,0.02646530072000965
edge_BrBt_kS1,False,-40.0,1.0,0.3705196338267403,361161127.2823778,rowcol,0.4161987304433217,0.6408889934449642,0.044442205330546256,1.1876260659251372,0.30847275535051466,0.6118213209616344,0.3662699621150769,0.6264544244917091,0.14134497223882095,0.6321217545455018,0.5164153345382891,0.02648381109570413
all_BrBt_kS1,False,-40.0,1.0,0.12724156446819423,361161127.2823778,rowcol,0.3880142358940334,0.6286722021012835,0.024282016233453253,1.2862844281986239,0.3499803622360656,0.6150601950978588,0.36947011310702355,0.6218709692550975,0.138211100363445,0.6289725482770829,0.529102676363397,0.026979320223661455
edge_BrBt_cS2_kS1,False,-40.0,0.8049242432529874,-0.10570117536934936,361161127.2823778,rowcol,0.28876591878020785,0.6202014737773944,0.18605232003116728,1.0653491111433906,0.3081775437828324,0.625221121701376,0.2986381285409034,0.6227283304996816,0.2050561751529623,0.626917644528503,0.4368742959230263,0.022157014813353013
all_BrBt_cS2_kS1,False,-40.0,0.9354560889109986,-0.31743379789195203,361161127.2823778,rowcol,0.2986633184302831,0.6034335514108865,0.039640517038535675,1.400294698184459,0.3888388462105688,0.618398488362787,0.34673518900924105,0.6109975379243964,0.13316360571372104,0.620033046847199,0.5181009224366687,0.026176024103081858
edge_Br_only_kS1,False,-38.0,1.0,0.6363169298328076,361161127.2823778,rowcol,0.42320338690429765,0.6492184476516667,0.0733094146859691,1.1412975783691108,0.27044952119126237,0.6014449283539388,0.35507026158470373,0.6256738434461954,0.1476963604571879,0.6307546235943874,0.500200282934398,0.02567504891809946
edge_BrBt_kS1,False,-38.0,1.0,0.6290248704464231,361161127.2823778,rowcol,0.422600615284832,0.648851264849714,0.07253765016195159,1.1431104023200078,0.271395250800785,0.6016189694945369,0.35507274100478553,0.6255683590320908,0.14736765664062385,0.6306737264558616,0.5006038055234467,0.025692434178826773
all_BrBt_kS1,False,-38.0,1.0,0.1887664077831423,361161127.2823778,rowcol,0.38763204608871316,0.6294292257443115,0.02927158500315629,1.2765621911754734,0.3393927723013588,0.6121889473794874,0.3642903065821463,0.6208278038334617,0.1371694055277643,0.6278093890438977,0.5251608206069017,0.0267691301691866
edge_BrBt_cS2_kS1,False,-38.0,0.8052440630917284,-0.07570068770011315,361161127.2823778,rowcol,0.29243895825333455,0.62292742788336,0.18854705183184345,1.0430247948355873,0.30525912921984755,0.6253685601503324,0.29892348312919587,0.624155011104949,0.20707124075936634,0.6280624075563391,0.4357337470983362,0.022133685097763825
all_BrBt_cS2_kS1,False,-38.0,0.9395506342383524,-0.2575657315301762,361161127.2823778,rowcol,0.31587599659425475,0.6095632084301245,0.03972659164824702,1.3430787488023437,0.3798243769402069,0.620193083058057,0.34934494661088367,0.6149264738125798,0.13411143018664506,0.6229960058813737,0.518026057924582,0.026264190581920033
edge_Br_only_kS1,False,-36.0,1.0,0.9307424487675143,361161127.2823778,rowcol,0.40911322203477785,0.6514705113485423,0.10729435203510464,1.1551394422897263,0.24387317827069266,0.5865741459712424,0.33671334951056847,0.6197175600548547,0.15933099736999648,0.6250665427906066,0.4808498067200889,0.024593541515670492
edge_BrBt_kS1,False,-36.0,1.0,0.9259406655740767,361161127.2823778,rowcol,0.40888379335088443,0.6512534610500035,0.10676529066154798,1.155855460357504,0.2442598081704792,0.5867243947494782,0.3367143813239558,0.6196754911865658,0.1590240104761852,0.6250344008554021,0.48113048363612315,0.024606778825867627
all_BrBt_kS1,False,-36.0,1.0,0.2500609204085859,361161127.2823778,rowcol,0.38125472713988695,0.6277784878325554,0.03534663934927644,1.2855618897875973,0.33068773901382714,0.6084463176076746,0.356845567798676,0.6181418617791206,0.1357324612417489,0.625301291167338,0.5209366770557061,0.02651757652520227
edge_BrBt_cS2_kS1,False,-36.0,0.8120802475699996,0.003134975158459081,361161127.2823778,rowcol,0.29913672867053887,0.6271591794771408,0.19032043119303788,1.0254903018843882,0.29905549710663915,0.6228681656175428,0.2990960795112433,0.6250071181561418,0.20850160818232763,0.6287012157641731,0.4349252795230529,0.022116859594645946
all_BrBt_cS2_kS1,False,-36.0,0.9590400468962434,-0.0690204782996626,361161127.2823778,rowcol,0.34439327518665713,0.6187066762530027,0.03995653294142468,1.291348075112303,0.3580542888715746,0.6168082497131548,0.35129627045678696,0.6177536632547066,0.1348625896062994,0.6250038118762319,0.5179668215602904,0.026333101005415468
edge_Br_only_kS1,False,-34.0,1.0,1.2073420324007273,361161127.2823778,rowcol,0.3735111552875149,0.6431834380518012,0.13995587534689635,1.2268839113294923,0.2397771756963268,0.5747641956302006,0.3137918958288892,0.6097709483553713,0.17415834924198462,0.616248347517327,0.46157848938428203,0.023419514992348008
edge_BrBt_kS1,False,-34.0,1.0,1.2049558303739678,361161127.2823778,rowcol,0.37346509260441274,0.6430985938360031,0.13968782244058814,1.2270459073524353,0.2398494542429406,0.5748373932709641,0.31379215112513514,0.609761082578008,0.17397241996328244,0.6162409137573523,0.4617242106718451,0.023426888757531378
all_BrBt_kS1,False,-34.0,1.0,0.30224422262100614,361161127.2823778,rowcol,0.36916018227897923,0.6235620143079628,0.041044916980987646,1.3097086882514868,0.3267721652065053,0.6053603829475634,0.34859219963143384,0.6144851718462291,0.13418754675260333,0.6220651374135547,0.5171366187718868,0.02627214531863438
edge_BrBt_cS2_kS1,False,-34.0,0.8408139652964047,0.2358308987699388,361161127.2823778,rowcol,0.3098422786210256,0.631232524898875,0.1880825390424818,1.0473447177557265,0.2868877986019893,0.6137103337158037,0.29857550142237804,0.6224912821356138,0.20663750604867648,0.6264711561240176,0.43594430195427614,0.022148693183194908
all_BrBt_cS2_kS1,False,-34.0,1.024115330896803,0.4974323654043464,361161127.2823778,rowcol,0.38245719700008113,0.6257100185957734,0.03950490188739546,1.3305943100252178,0.3128603127023455,0.5994645535633781,0.3493651595816584,0.6126652251408649,0.13406202636535935,0.6205914180202997,0.5180303788964349,0.026305063769061356
edge_Br_only_kS1,False,-32.0,1.0,1.4033797922929925,361161127.2823778,rowcol,0.3271747885812385,0.6231687408000863,0.16331793814780043,1.312307606458749,0.2558468680703593,0.5764356516992307,0.29365282579280777,0.6001457555101509,0.18650730046815642,0.6080441731195931,0.44728662337593517,0.022490828030416205
edge_BrBt_kS1,False,-32.0,1.0,1.4027812170367828,361161127.2823778,rowcol,0.3271728012787325,0.6231569342980101,0.16325008402546126,1.312314748791804,0.2558494427077383,0.5764470373588435,0.29365284228751065,0.6001451491659151,0.18645598303704775,0.6080436868509232,0.4473242732015332,0.02249282478409491
all_BrBt_kS1,False,-32.0,1.0,0.33730074217376843,361161127.2823778,rowcol,0.3539254780532754,0.6178945977072503,0.04504627105966623,1.3349200248406448,0.32965694312733235,0.6046978890791475,0.3419957490811548,0.6113003721562957,0.13297890845706672,0.6193187122365124,0.5144870325703135,0.026091583810498507
edge_BrBt_cS2_kS1,False,-32.0,1.0051874082118448,1.438606220809466,361161127.2823778,rowcol,0.32803523207834634,0.6230104584643315,0.1621893995446253,1.3206596647246238,0.25481674777711977,0.5752448793980607,0.29368411674126793,0.5994896229773184,0.18566142050789378,0.6075279344435911,0.4478491883384908,0.022514308066663637
all_BrBt_cS2_kS1,False,-32.0,1.287308998152702,2.716855990815376,361161127.2823778,rowcol,0.4068739425753366,0.6057550662706379,0.037522045198332674,1.796950840832462,0.22216879082062765,0.5365809314876054,0.3277209232764652,0.572049503319755,0.12587541773586927,0.5895525879288495,0.5186458319069952,0.0259487655639045
edge_Br_only_kS1,False,-30.0,1.0,1.473967943056217,361161127.2823778,rowcol,0.2852602206684638,0.5980886953253765,0.17175497863257794,1.3496286441713188,0.28566832897177763,0.5943674839957107,0.28546452929342514,0.5962221152694049,0.19126177175675388,0.6047748058083319,0.4420076288769654,0.02213537608299597
edge_BrBt_kS1,False,-30.0,1.0,1.474000725747684,361161127.2823778,rowcol,0.2852602141446812,0.5980886672120099,0.17175870476531802,1.3496289092010842,0.28566833557498966,0.5943675084071673,0.2854645293436711,0.5962221134618104,0.1912646621270117,0.6047748081827985,0.4420055448996572,0.022135263682718065
all_BrBt_kS1,False,-30.0,1.0,0.3496667668065583,361161127.2823778,rowcol,0.33951900692319836,0.6128282912234938,0.046481378653611856,1.3454150459292527,0.33939517602829783,0.6073006250747979,0.3394570420373486,0.6100575316880718,0.13251874104066064,0.6182600149628942,0.5135348764572426,0.026024949156943582
edge_BrBt_cS2_kS1,False,-30.0,4.965515704904718,30.015841291947222,361161127.2823778,rowcol,0.03598957341353243,0.27260957726682544,0.5412818365738142,8.819205291928672,0.03609275478676438,0.27191206667023465,0.03604124692369476,0.2722593813228114,0.5032464533195127,0.7864895648991019,0.7674112564243085,0.042029164037267815
all_BrBt_cS2_kS1,False,-30.0,2.0609638664292476,9.20450326407136,361161127.2823778,rowcol,0.21273535087307147,0.44290508381932125,0.05423495382420709,3.3110801543386432,0.21325248886978246,0.44023450275025394,0.21299430686275525,0.4415654411389615,0.09338049966755446,0.5200276311417114,0.5206134304051522,0.0255631247784208
edge_Br_only_kS1,False,-28.0,1.0,1.403693157300323,361161127.2823778,rowcol,0.25533288201539817,0.5805909851992918,0.1633522711503682,1.3101914432645416,0.3273899197732354,0.6194853151556139,0.29361232708799884,0.6004459398279397,0.18652458732298247,0.6083064245631219,0.4472669130510716,0.022489782706608015
edge_BrBt_kS1,False,-28.0,1.0,1.4029651264245537,361161127.2823778,rowcol,0.25533634265924665,0.5806058683950188,0.16326974181457576,1.310201237590262,0.32738726930460893,0.6194697688075579,0.2936123514923051,0.6004450432991079,0.18646216570547708,0.608305693626553,0.4473127054612929,0.022492211287605226
all_BrBt_kS1,False,-28.0,1.0,0.3373578303085393,361161127.2823778,rowcol,0.32975829866686057,0.6103291713565933,0.04505106685406626,1.3344195102174745,0.3537640960395339,0.6123989971380029,0.34198257960269585,0.6113698980361137,0.13297569872484055,0.6193793004734336,0.514483427257531,0.026091388936843887
edge_BrBt_cS2_kS1,False,-28.0,1.0055338846688713,1.4411829475490272,361161127.2823778,rowcol,0.25423164110148033,0.5793318979203674,0.16213818330272134,1.3190612061925093,0.32830258189953854,0.6193192486556609,0.29364493976752765,0.5997543129737739,0.1856143331279601,0.6077629725385814,0.44787269078916103,0.022515132617127016
all_BrBt_cS2_kS1,False,-28.0,1.2876060726511978,2.7193735141842623,361161127.2823778,rowcol,0.22183182319376912,0.542213996046501,0.037511868387300175,1.7944618211259704,0.40669263414299134,0.6012258146429604,0.32765197083006153,0.5726213615860385,0.1258483459456229,0.5900505271172953,0.5186470675623496,0.025948590804140203
edge_Br_only_kS1,False,-26.0,1.0,1.2079789116266166,361161127.2823778,rowcol,0.23927030900753754,0.579574983176702,0.14002428213252577,1.2230540851893732,0.37352464897351867,0.6391710353381489,0.31372291794751744,0.6102431171447559,0.17418891738471654,0.6166589824881803,0.4615395970095107,0.023417547075702073
edge_BrBt_kS1,False,-26.0,1.0,1.2053620530993865,361161127.2823778,rowcol,0.2393509644703648,0.5796580892334917,0.13973031612883371,1.2232404287833865,0.3734735782342403,0.6390738497031749,0.31372322505184635,0.6102312610428366,0.17398496504081348,0.6166499217193941,0.46169940302836304,0.02342563339959935
all_BrBt_kS1,False,-26.0,1.0,0.3023766965398344,361161127.2823778,rowcol,0.32686814150881366,0.6111302005739793,0.04105533532893909,1.308806801343241,0.3689566859004886,0.6180174657266811,0.34856697591964814,0.6145999109955819,0.13418137503158542,0.6221643870437815,0.5171284496670824,0.02627172050440158
edge_BrBt_cS2_kS1,False,-26.0,0.8410145344032207,0.23745818666157323,361161127.2823778,rowcol,0.28640577624204766,0.6177555834284844,0.18806677206465275,1.0466326995715993,0.3102223066998951,0.6272924291735124,0.2985622131549846,0.6225650191139143,0.2066224943929318,0.6265355747618562,0.43595139569581554,0.022148935075766533
all_BrBt_cS2_kS1,False,-26.0,1.0243470379532595,0.4994402633102265,361161127.2823778,rowcol,0.31279486336990175,0.6052508830208084,0.039498581804402424,1.3293456355485633,0.38235506439329675,0.6202651265047401,0.349341553566457,0.6128398042024364,0.13405203878392355,0.6207438158925076,0.51803090638362,0.026304976497206527
edge_Br_only_kS1,False,-24.0,1.0,0.9317064595721508,361161127.2823778,rowcol,0.2434641477626554,0.5919879291001068,0.1073941405762515,1.150548648732268,0.40898981734443596,0.6469196109081421,0.33663299415575226,0.620193277392521,0.15936593928303736,0.625475605466912,0.4807934616572348,0.0245908845991741
edge_BrBt_kS1,False,-24.0,1.0,0.9266211161880965,361161127.2823778,rowcol,0.24387667810001007,0.5921506010012497,0.10683382055708679,1.1513336035540278,0.4087463058215271,0.6466821338727629,0.33663415170694033,0.6201461292250993,0.15904062999019664,0.6254393040424466,0.48109070752513894,0.024604902682222336
all_BrBt_kS1,False,-24.0,1.0,0.2503008439560084,361161127.2823778,rowcol,0.33078903186634434,0.6143463576586027,0.03536347983479795,1.284434818891216,0.38101910165552205,0.6221255163615819,0.3568113992064503,0.6182667300357246,0.13572401534526538,0.6254076399961492,0.5209224493425618,0.02651688268645335
edge_BrBt_cS2_kS1,False,-24.0,0.812231611556409,0.004558719365494231,361161127.2823778,rowcol,0.2986068938394857,0.6268675255848549,0.19032854220705386,1.0253771179232862,0.299582856726941,0.6231626657067462,0.2990957075069824,0.6250090022662589,0.20850793085723449,0.6287017822199252,0.43492157897077655,0.02211680661539917
all_BrBt_cS2_kS1,False,-24.0,0.9592390634948832,-0.06723019910365716,361161127.2823778,rowcol,0.35806372082546895,0.6224331667221091,0.03995785395213177,1.291524284417884,0.3444198666617304,0.6130135722765057,0.3513019680479448,0.6177188524658241,0.1348649491385695,0.6249721972210569,0.5179666844315196,0.026333248935936953
edge_Br_only_kS1,False,-22.0,1.0,0.6375882271476644,361161127.2823778,rowcol,0.27016649907101425,0.6072522108741745,0.0734327195725493,1.1371325731416444,0.4230346475950203,0.6441080368719757,0.3549947381640564,0.6260393207608241,0.1477245418514177,0.6310619403277596,0.5001299440953928,0.02567201953070464
edge_BrBt_kS1,False,-22.0,1.0,0.6300122006024322,361161127.2823778,rowcol,0.27115342386514146,0.6074358560337368,0.07263080291339838,1.1390657948595742,0.4224083551384788,0.6437162655351444,0.35499741501974824,0.6259255265611425,0.147382570447589,0.6309742753050195,0.5005491629379389,0.025690079359195508
all_BrBt_kS1,False,-22.0,1.0,0.18915162509103725,361161127.2823778,rowcol,0.3395004034456045,0.6181828830032642,0.029293869493824187,1.275407201177642,0.3873869994313292,0.623647639604992,0.36425278269404837,0.6209343099867352,0.13715994178969254,0.6278975280639517,0.525139174541003,0.02676816576155109
edge_BrBt_cS2_kS1,False,-22.0,0.8053671321071095,-0.07426803155336947,361161127.2823778,rowcol,0.30482167973864843,0.6293414062663294,0.18858074690548926,1.0431757891282576,0.2929370375919005,0.6189252953775973,0.2989331396916725,0.6241302308738444,0.20709964182256185,0.628039711183377,0.43571849091744486,0.02213335322092037
all_BrBt_cS2_kS1,False,-22.0,0.9397341604471459,-0.2558254355649835,361161127.2823778,rowcol,0.37985531469034,0.6256716395448632,0.03973582499688302,1.3439787576211988,0.316029898624261,0.6038426628440337,0.3493747569824756,0.6148019620806152,0.1341243694844044,0.6228875701685861,0.5180252503372164,0.026264641869600723
edge_Br_only_kS1,False,-20.0,1.0,0.3813345192100188,361161127.2823778,rowcol,0.3068019877966942,0.6176963855098117,0.045462729888259217,1.1812367644382247,0.4171524091707739,0.6358345830050149,0.3662066817799884,0.6268743596016643,0.14160275895489904,0.632451179533673,0.515854998857826,0.02646224308640219
edge_BrBt_kS1,False,-20.0,1.0,0.37180993327780754,361161127.2823778,rowcol,0.3083300229450258,0.617824348969025,0.044548704455796784,1.1846893870408488,0.4160343260408101,0.6353182333785296,0.3662112599381985,0.6266740706493097,0.14135321437901288,0.6322993088730274,0.5163484653053346,0.026481235770984102
all_BrBt_kS1,False,-20.0,1.0,0.12780612374680206,361161127.2823778,rowcol,0.35008821691079484,0.6211068365844429,0.024304948804241215,1.2852456137823058,0.38778830392125146,0.6227793222982979,0.36943624443792533,0.6219476315735004,0.13820225073128847,0.6290329366882383,0.5290730548751851,0.026978147841289154
edge_BrBt_cS2_kS1,False,-20.0,0.8050231066625546,-0.10416952961421579,361161127.2823778,rowcol,0.3077398583210217,0.6291901121484755,0.18611485968296976,1.0655182275606252,0.28930442242904075,0.6162168184534179,0.2986562210385828,0.6227063010325853,0.2051087806240438,0.6268979294238489,0.4368459332917127,0.0221564040352043
all_BrBt_cS2_kS1,False,-20.0,0.9356289364798253,-0.3156784050551614,361161127.2823778,rowcol,0.38887241544481177,0.6237979413452018,0.039655737418198334,1.4013808652811117,0.2989232795227717,0.5977774571293838,0.3467865633370657,0.610864182828926,0.13318573974211553,0.619919753661196,0.5180994624626591,0.026176835662560686
edge_Br_only_kS1,False,-18.0,1.0,0.19195787961571845,361161127.2823778,rowcol,0.3389247578127966,0.6221710884957081,0.027868463993893474,1.2497933805714778,0.40125653660611715,0.6269414874769178,0.37142822095146755,0.6245722228368301,0.13950436506757738,0.6311112559511289,0.5265538455980437,0.026932513785352382
edge_BrBt_kS1,False,-18.0,1.0,0.18154929236737097,361161127.2823778,rowcol,0.3407431557490726,0.6222067113856421,0.027133036079752777,1.2544984779993305,0.3997274673691726,0.6263743941634511,0.37143425001174124,0.624303973106093,0.13938126730757072,0.630913077998608,0.5270519682102855,0.026949158238886457
all_BrBt_kS1,False,-18.0,1.0,0.07428186252028371,361161127.2823778,rowcol,0.35991562946492517,0.6225743245910532,0.02136276981843294,1.3065374077888339,0.38406709585274423,0.6206289210724103,0.37219805243088994,0.6215977428343614,0.13879042097691266,0.628996844404623,0.5322069419890788,0.02712311815138548
edge_BrBt_cS2_kS1,False,-18.0,0.8068290245938343,-0.11029892420116127,361161127.2823778,rowcol,0.3083837980552433,0.6281257592983688,0.18432204322596465,1.0787732680712177,0.2882672027148492,0.6155187688383001,0.29848607052981324,0.6218241379462304,0.20367155996804087,0.6261868515324179,0.43767040121649853,0.022170005848185487
all_BrBt_cS2_kS1,False,-18.0,0.937957317448524,-0.31804739058194403,361161127.2823778,rowcol,0.3905350691728798,0.6208440442449848,0.039944625676926304,1.4328863710176691,0.2922230269088565,0.5961486605726255,0.34485665094563844,0.6085627149007329,0.13257638475827746,0.6181742028485987,0.5181478137113064,0.026106702883407416
edge_Br_only_kS1,False,-16.0,1.0,0.0717237196898445,361161127.2823778,rowcol,0.360537764144826,0.6230749950341601,0.02104409264738095,1.308839101123875,0.3853440412184656,0.620415013828774,0.37315812387614583,0.6217400811492158,0.1390991541376185,0.6291700430215861,0.5326735311283265,0.027158201904661866
edge_BrBt_kS1,False,-16.0,1.0,0.061751901814258985,361161127.2823778,rowcol,0.3623372661042029,0.6230408381466781,0.020781834435661003,1.3137916859618524,0.3836673217571918,0.6199036137491254,0.3731642165770636,0.6214667212286226,0.13906731779059034,0.6289741554809577,0.533106834841745,0.02717029900949123
all_BrBt_kS1,False,-16.0,1.0,0.034230684874926226,361161127.2823778,rowcol,0.36733475388697456,0.622946593260418,0.02030025044695361,1.3278469876985899,0.379051359181048,0.6184970417145625,0.3732442462131465,0.6207151893943091,0.13903512243553887,0.6284438218576383,0.5343048480149161,0.02720390419089439
edge_BrBt_cS2_kS1,False,-16.0,0.8089356334067296,-0.10116514627451484,361161127.2823778,rowcol,0.3074583920770351,0.6271675446660763,0.1838840266134576,1.0777985445256668,0.28928835507921585,0.6166366324649539,0.2985035749540069,0.6218992560485825,0.20333276759069385,0.6262491647314083,0.43787647532702306,0.02216859781062016
all_BrBt_cS2_kS1,False,-16.0,0.9430247877312097,-0.2905798100282912,361161127.2823778,rowcol,0.3881508902834278,0.6188692366488071,0.040443140660913986,1.4308865003319107,0.29380020812553,0.5984327888670313,0.34418195161184556,0.6086880308923409,0.13246808457374548,0.6182642552992181,0.51815697262171,0.02607302783306688
edge_Br_only_kS1,False,-14.0,1.0,0.008048403481281382,361161127.2823778,rowcol,0.3721420843825177,0.6228784730246578,0.020176297945249784,1.342235015804345,0.37478866077526557,0.6171089747198131,0.3734688942484285,0.619986671035621,0.1391016873108756,0.6279436832135895,0.5354884783709243,0.027239267550873518
edge_BrBt_kS1,False,-14.0,1.0,-0.0002806290703112835,361161127.2823778,rowcol,0.3736632805336005,0.6228277125283737,0.02022545420737572,1.3462350605727706,0.37328395846924417,0.6167452851904269,0.373473498921506,0.6197794497309308,0.13910953732505796,0.6278005352597377,0.5358101256915402,0.027246388430536974
all_BrBt_kS1,False,-14.0,1.0,0.009957660019288318,361161127.2823778,rowcol,0.37179393194416444,0.622890108905682,0.020169644865984424,1.3413273209767533,0.37513390151806403,0.6171923893657316,0.3734691362068777,0.6200342010863159,0.13910094235666914,0.6279766935033233,0.5354147951142008,0.02723763963608471
edge_BrBt_cS2_kS1,False,-14.0,0.8105163030518815,-0.08142462167929432,361161127.2823778,rowcol,0.3055953488731042,0.626759163647484,0.18484129041058703,1.0647982499285842,0.29160199967499395,0.618792396454467,0.298674411856868,0.6227695133517854,0.20411516764183577,0.626951708795655,0.4374397964236774,0.02215503662556697
all_BrBt_cS2_kS1,False,-14.0,0.9489008054902677,-0.24736976995422333,361161127.2823778,rowcol,0.38371678016866684,0.618448245782965,0.04084960431628503,1.4025062095827603,0.3009683871389298,0.602982760410485,0.3447971368711676,0.6107275629445104,0.1327933191319563,0.6198039082828919,0.5181320082228419,0.026080190862368024
edge_Br_only_kS1,False,-12.0,1.0,-0.01578961065162145,361161127.2823778,rowcol,0.37650381567006236,0.6227517921201642,0.02040949910588301,1.3522846624327427,0.3703879416308741,0.6162477771077172,0.37345567779408734,0.6194928038610609,0.13912623898311946,0.6276106682322005,0.5363259746365544,0.027254659034241856
edge_BrBt_kS1,False,-12.0,1.0,-0.021664586302096698,361161127.2823778,rowcol,0.377583303729524,0.6227229079059874,0.020506614581610585,1.3546577833060713,0.3692942807061837,0.6160582386414184,0.37345810281045394,0.6193836377152497,0.13913946041843944,0.6275395323409285,0.5365222998899009,0.02725785545149995
all_BrBt_kS1,False,-12.0,1.0,0.00021694631399543258,361161127.2823778,rowcol,0.3735723266096974,0.6228304894284279,0.020221476704834453,1.346016205281439,0.37337517975326084,0.6167645410974811,0.37347367849122015,0.6197904649402024,0.13910910350594236,0.6278080456301687,0.5357920560057485,0.02724603186869996
edge_BrBt_cS2_kS1,False,-12.0,0.811376994097779,-0.05540477068198102,361161127.2823778,rowcol,0.3033385192601004,0.6268161650059291,0.18668593761016414,1.0472490749059487,0.294382058292589,0.620969072923018,0.2988898548323455,0.62388551967117,0.20560283946963226,0.6278457417919602,0.43659141922066813,0.02213743912400249
all_BrBt_cS2_kS1,False,-12.0,0.9544549730809836,-0.19750053822328728,361161127.2823778,rowcol,0.3783186710815097,0.6191139666499065,0.04096463069884785,1.362811721639193,0.3110470696990692,0.6078841919011613,0.3462903678802402,0.6134979833999303,0.13335198197208234,0.6218968111824138,0.5180882398987637,0.026120438078952382
edge_Br_only_kS1,False,-10.0,1.0,-0.01549227052989676,361161127.2823778,rowcol,0.376465098611037,0.6228082018233951,0.020400595192161218,1.3503650366852966,0.37042738892269433,0.616460035424936,0.3734557596997225,0.6196271037519001,0.13912514089480302,0.6277133485252172,0.5362313926913507,0.027250664574705884
edge_BrBt_kS1,False,-10.0,1.0,-0.01863715493982169,361161127.2823778,rowcol,0.37704587985255944,0.6228038947837491,0.020449042754951956,1.3512679967549053,0.36983871578168726,0.6163996676708158,0.3734564781389108,0.6195947772658311,0.1391315471986719,0.627695277355678,0.5363192912774859,0.02725159530043877
all_BrBt_kS1,False,-10.0,1.0,0.0008827162546062161,361161127.2823778,rowcol,0.3734497975769641,0.622830632094195,0.02021626748456391,1.3458653323417895,0.3735006297280462,0.6167744901592964,0.37347523712950176,0.6197955101639826,0.13910901945107942,0.6278107252451886,0.5357747071142609,0.02724589407724835
edge_BrBt_cS2_kS1,False,-10.0,0.8116939087519869,-0.02791294659602787,361161127.2823778,rowcol,0.3011088297163713,0.6269949585212067,0.18865622323454312,1.0331566389930948,0.29696648520883495,0.6224128244070304,0.2990429873333962,0.6246971612630049,0.20718060426935378,0.6284832201469002,0.435685193938753,0.022123794870435576
all_BrBt_cS2_kS1,False,-10.0,0.9590552485983035,-0.1476557834274901,361161127.2823778,rowcol,0.37255791615483647,0.6200391719761663,0.040796550998223935,1.3268346041703545,0.3217250738557705,0.6117319768770291,0.348048146891095,0.6158797625306625,0.13392952240323042,0.6236868106537636,0.5180424271344332,0.026178440828919017
edge_Br_only_kS1,False,-8.0,1.0,-0.004294656562644841,361161127.2823778,rowcol,0.3744078108754768,0.6228400631482821,0.02025858400398145,1.3467809964284871,0.37253517864669744,0.6167268461133962,0.3734718354402328,0.6197764078178896,0.139113093143077,0.627805757407923,0.5358951043134417,0.027246653136946044
edge_BrBt_kS1,False,-8.0,1.0,-0.004998786539231269,361161127.2823778,rowcol,0.3745383904390202,0.6228418077301562,0.02026512385949594,1.346895130799254,0.3724042032861309,0.6167218152659018,0.37347187195629367,0.6197747652579161,0.13911392928569444,0.6278058628043564,0.5359108265268425,0.027246736794618937
all_BrBt_kS1,False,-8.0,1.0,0.0063510918333267675,361161127.2823778,rowcol,0.37243690165796,0.6228136882407532,0.020185492803909758,1.3451362848128792,0.3745187098579829,0.616802925093458,0.37348018235190433,0.6198012534597876,0.13910696751389573,0.627805407946209,0.535657806350509,0.027245417081161166
edge_BrBt_cS2_kS1,False,-8.0,0.8117477978906982,-0.00398045183780195,361161127.2823778,rowcol,0.29923188637261694,0.6270478161089137,0.19010561502396825,1.0262733176864502,0.29895907473008015,0.6229603483472494,0.2990953902984774,0.6249976724044204,0.20833212339271762,0.6287008435674604,0.43502270709498986,0.022117469397269447
all_BrBt_cS2_kS1,False,-8.0,0.9624480260532716,-0.10271718663297812,361161127.2823778,rowcol,0.3669016298430052,0.620641708853348,0.04049851529769254,1.3029695519583493,0.3313278562313624,0.6140002542293669,0.34955175284587714,0.617314068869258,0.134383983431243,0.6247414560650497,0.5180059870547828,0.026237586475090363
edge_Br_only_kS1,False,-6.0,1.0,0.007424349987963758,361161127.2823778,rowcol,0.37223099907501234,0.622794392470597,0.020190676486230165,1.3456039033345248,0.37470098352215897,0.6167455362229864,0.37346913199421733,0.6197629133666365,0.13910357638399223,0.6277748435389295,0.5356753451117288,0.0272460402246433
edge_BrBt_kS1,False,-6.0,1.0,0.008379806090870091,361161127.2823778,rowcol,0.37205349962294276,0.6227898843652676,0.020188202297569756,1.3455456187121884,0.37487705009378375,0.616743992592514,0.37346919926595096,0.6197598873754838,0.1391032907925316,0.6277710017799406,0.5356594238442994,0.02724602826298118
all_BrBt_kS1,False,-6.0,1.0,0.0112805956197844,361161127.2823778,rowcol,0.37151491574072226,0.6227761976734255,0.020183097589789617,1.3453762965378355,0.3754119069237548,0.6167393065578834,0.37347022781598604,0.6197507006593168,0.13910302705568608,0.6277594531371952,0.5356111263935253,0.02724599461299184
edge_BrBt_cS2_kS1,False,-6.0,0.8117380899258679,0.011949322141396846,361161127.2823778,rowcol,0.29798498325897543,0.6269890003807578,0.19075688715116604,1.0250296526573515,0.30017964799130503,0.6229620548959269,0.2990853049400763,0.6249691641280963,0.20884375080668954,0.6286584854026182,0.43472952256083,0.02211658345213078
all_BrBt_cS2_kS1,False,-6.0,0.9646693027225164,-0.06564845041821889,361161127.2823778,rowcol,0.36179734612526715,0.6208043674869024,0.04022899042579375,1.2914161017107273,0.33897477244735114,0.6149231793731137,0.35056168286588196,0.6178567405350226,0.13467206782958954,0.6251059645137386,0.5179826572098403,0.026285656376456377
edge_Br_only_kS1,False,-4.0,1.0,0.012879763140645227,361161127.2823778,rowcol,0.37121815188328655,0.6227741493337582,0.020204197010404375,1.3459382801597495,0.3756865900125596,0.6166818759078356,0.37346104181584383,0.6197209648858183,0.13910231370534765,0.6277387433160659,0.5356564293046215,0.027246506843805675
edge_BrBt_kS1,False,-4.0,1.0,0.014422131759399912,361161127.2823778,rowcol,0.3709321004491402,0.6227675303234516,0.020206726063943845,1.3459342155102831,0.37596886805498736,0.6166728159343619,0.3734612160835654,0.6197131256656474,0.13910269475555517,0.6277309973850305,0.5356394050076799,0.027246555116896495
all_BrBt_kS1,False,-4.0,1.0,0.012137708438331753,361161127.2823778,rowcol,0.3713558219747971,0.6227773338348631,0.020203347003431786,1.3459413948069217,0.37555082963018194,0.6166862347953675,0.37346108215367213,0.6197247364503197,0.13910222181325374,0.6277424874110984,0.535664626225023,0.027246484022929347
edge_BrBt_cS2_kS1,False,-4.0,0.8117369131755829,0.017241144035618168,361161127.2823778,rowcol,0.2975636463372889,0.62696495583465,0.19074427886573087,1.0256343039555273,0.3005744575806413,0.622881604953383,0.29907418007869124,0.6249168740953666,0.20883163305602734,0.6286137767508482,0.4347373642884919,0.022117218779134917
all_BrBt_cS2_kS1,False,-4.0,0.9659402028347045,-0.03725864335138193,361161127.2823778,rowcol,0.3575613693987383,0.6207177026784823,0.040059627283598416,1.2877004846264983,0.3445421461968268,0.6150756256441462,0.35110631649548196,0.6178896439250237,0.13482162573420348,0.625084552805228,0.5179704280519634,0.026317568529102105
edge_Br_only_kS1,False,-2.0,1.0,0.009896225192801289,361161127.2823778,rowcol,0.37178199111540683,0.6228158642038433,0.020221995937628683,1.3461522685282383,0.37513960501025106,0.6167004553289726,0.3734660649717944,0.6197511134381113,0.1391063846321384,0.6277715130881384,0.5357445717285501,0.02724640338503508
edge_BrBt_kS1,False,-2.0,1.0,0.010986016009776606,361161127.2823778,rowcol,0.37158079951508644,0.6228143712588459,0.020224461041472762,1.3461662956926959,0.3753387067000499,0.6166941698536578,0.37346615142341116,0.6197472246691924,0.13910672580834332,0.6277679116539516,0.5357385923199222,0.027246434361711053
all_BrBt_kS1,False,-2.0,1.0,0.008054839403274333,361161127.2823778,rowcol,0.3721220869792569,0.6228183868549335,0.020219004705569695,1.346132257433186,0.37480333870899335,0.6167110757412299,0.37346631178950107,0.6197576842456339,0.13910609930382892,0.6277776538472868,0.5357546954618437,0.027246352330955164
edge_BrBt_cS2_kS1,False,-2.0,0.8117435846527066,0.012318776910712084,361161127.2823778,rowcol,0.29795233564554335,0.6270176136881687,0.19046096378885033,1.0258187521418054,0.30021146705419915,0.6229196437233975,0.29908503934460834,0.6249622112109564,0.2086102699405581,0.6286606400872142,0.43486377345362276,0.02211721924663377
all_BrBt_cS2_kS1,False,-2.0,0.9665450456769408,-0.016185406072480417,361161127.2823778,rowcol,0.35420387459493274,0.6206084153383119,0.039981380991264505,1.2872016896453489,0.34845622875078275,0.614968470794587,0.35133924847226344,0.617781424177695,0.13488419816718825,0.6249711291013821,0.5179652614789076,0.026334314440528684
edge_Br_only_kS1,False,0.0,1.0,0.001104230624627321,361161127.2823778,rowcol,0.37340915199100305,0.622832389187702,0.020223351884624832,1.3461004565958532,0.37353693406349386,0.6167545995933391,0.37347310533483663,0.6197864448678981,0.139109129384859,0.6278053703784443,0.5357992876332187,0.027246148290147917
edge_BrBt_kS1,False,0.0,1.0,0.001099621067936918,361161127.2823778,rowcol,0.37340999847962364,0.6228323768045132,0.020223350421387117,1.3461004479866547,0.3735360893699701,0.6167546118409937,0.3734731053363792,0.619786444798509,0.13910912920167473,0.6278053701810851,0.5357992875943246,0.027246148287727083
all_BrBt_kS1,False,0.0,1.0,0.000728170111332557,361161127.2823778,rowcol,0.37347821474178405,0.6228313789348255,0.02022326298118194,1.346099849765825,0.3734680254587686,0.6167555987935018,0.3734731156024235,0.6197864392100113,0.13910912197528957,0.6278053557155241,0.5357992849948852,0.027246148125940197
edge_BrBt_cS2_kS1,False,0.0,0.8117469557354913,0.0010995629175899134,361161127.2823778,rowcol,0.2988356228499445,0.6270428661396026,0.19030254224262144,1.025688012046269,0.29935600476925694,0.6229859495934511,0.2990961584694633,0.6250080211092366,0.20848751883521416,0.628704366883057,0.4349334425344314,0.022116978049111606
all_BrBt_cS2_kS1,False,0.0,0.966712716531216,0.0007281743346004454,361161127.2823778,rowcol,0.3513577150762972,0.6205945412484793,0.03996093423454766,1.2872900970058625,0.3514365573394095,0.6148794583614863,0.3513971734912601,0.6177299748445826,0.13489951565446084,0.6249219039838917,0.5179639824503974,0.026339197878397468
edge_Br_only_kS1,False,2.0,1.0,-0.00768616154808285,361161127.2823778,rowcol,0.37501732415468275,0.6227848546991337,0.020221091371056092,1.3461255173690174,0.37191678624047786,0.6167469331181181,0.3734688935476998,0.6197588424069531,0.13910730538726046,0.6277786879390768,0.5357567254927348,0.02724634230362862
edge_BrBt_kS1,False,2.0,1.0,-0.00878224087009446,361161127.2823778,rowcol,0.3752180016794905,0.6227784991704587,0.020222875799801594,1.3461358485901946,0.3717148620905307,0.6167454215700282,0.37346898099925074,0.6197549086780805,0.13910756143605804,0.6277749868911718,0.5357506931932337,0.027246372306196764
all_BrBt_kS1,False,2.0,1.0,-0.006593157645189335,361161127.2823778,rowcol,0.37481727589182395,0.6227911924125791,0.020219832488934678,1.3461168510718438,0.3721182098721759,0.6167484404551953,0.37346898050918986,0.619762765131446,0.13910717912130274,0.6277824032165894,0.5357627499588833,0.027246312955440125
edge_BrBt_cS2_kS1,False,2.0,0.8117441874594369,-0.010115109807459314,361161127.2823778,rowcol,0.29969823061836853,0.6269836005413282,0.19043246769968036,1.0257693949173703,0.29847978415532955,0.6229695011965464,0.2990890858454086,0.6249701973397613,0.20858858740012373,0.6286679593274866,0.43487613081521787,0.02211716948629643
all_BrBt_cS2_kS1,False,2.0,0.9665297888771904,0.01765815131055086,361161127.2823778,rowcol,0.34835875525540283,0.6206863276495767,0.03998313786301715,1.2872202076864545,0.35427100780474513,0.6149006755034189,0.35132994832233827,0.6177864718714876,0.1348813485332453,0.6249763509977437,0.517965480253681,0.02633387650856289
edge_Br_only_kS1,False,4.0,1.0,-0.010667603199561358,361161127.2823778,rowcol,0.37556482377350864,0.6227666153028302,0.020205832127069168,1.345953993218985,0.37135678178745457,0.6167119558225483,0.3734648577188161,0.6197322352705412,0.1391039142607375,0.6277500278470176,0.5356808774317448,0.027246439586201616
edge_BrBt_kS1,False,4.0,1.0,-0.012209242311285017,361161127.2823778,rowcol,0.37584757174143085,0.6227575387318063,0.02020738444639073,1.345945873632608,0.3710714710275777,0.6167053691590637,0.37346503181995083,0.6197244036065295,0.13910417270662995,0.6277422284053852,0.535663835841532,0.027246486210673437
all_BrBt_kS1,False,4.0,1.0,-0.010664657792334517,361161127.2823778,rowcol,0.3755642836912059,0.622766632644269,0.020205830145600588,1.3459540118426674,0.3713573270191764,0.6167119684068325,0.37346485771945165,0.6197322502334942,0.1391039140123502,0.6277500427951386,0.5356809100077704,0.027246439498206532
edge_BrBt_cS2_kS1,False,4.0,0.8117382017680402,-0.015028336408870583,361161127.2823778,rowcol,0.3000643948884106,0.6269468981355572,0.1906873930340528,1.0256189231555979,0.29809422353109055,0.6229230390826196,0.2990800550994153,0.6249286077023283,0.20878789936402692,0.6286251837995295,0.43476237674239543,0.022117178064729345
all_BrBt_cS2_kS1,False,4.0,0.9659087136396728,0.038777372810511794,361161127.2823778,rowcol,0.3444158471742362,0.6207867980622912,0.040063260326337,1.2877433364947877,0.35761970047788477,0.6150194065820506,0.35108572522328196,0.6178960723014342,0.13481525442599726,0.62509148118831,0.5179709170023659,0.026316701424362657
edge_Br_only_kS1,False,6.0,1.0,-0.005216148791047013,361161127.2823778,rowcol,0.37457432012959,0.6228210406898205,0.020199565637771626,1.3457516785341184,0.37236675949197007,0.6167331237434217,0.3734711888925966,0.6197700335799535,0.1391054433058266,0.6277840430475818,0.5357121664515603,0.027246069533580577
edge_BrBt_kS1,False,6.0,1.0,-0.0061643300111831004,361161127.2823778,rowcol,0.37474941992404104,0.6228195172537642,0.020196512184064003,1.3456924873106169,0.3721909849537698,0.6167286865915197,0.3734712551434462,0.619767053527754,0.13910508455974335,0.6277802326331494,0.5356963514379263,0.02724605666314934
all_BrBt_kS1,False,6.0,1.0,-0.009802644430468176,361161127.2823778,rowcol,0.375421771827031,0.6228136722977491,0.02018838393836721,1.345476744060192,0.3715169736564619,0.6167116606213429,0.3734727390288041,0.6197556190248716,0.13910460800508712,0.6277657831050275,0.5356357264000019,0.027246011254287904
edge_BrBt_cS2_kS1,False,6.0,0.8117397334863847,-0.009733899697629143,361161127.2823778,rowcol,0.2996660088728685,0.6270190625970152,0.19067256642240218,1.0251524459534291,0.2985125231538328,0.62294693154581,0.2990893089719969,0.6249765989195879,0.2087780082398804,0.6286672276630801,0.4347672336322722,0.022116650206906632
all_BrBt_cS2_kS1,False,6.0,0.964619953811152,0.06723386740589066,361161127.2823778,rowcol,0.33880815991839897,0.6206122985962133,0.0402342940761476,1.291479688854068,0.36184620187604677,0.6151181679240006,0.3505267493315063,0.6178582329818412,0.13466105090243144,0.6251083497604873,0.5179835015032305,0.026284389742032083
edge_Br_only_kS1,False,8.0,1.0,0.006485782159065343,361161127.2823778,rowcol,0.37240169701086306,0.6227829956778338,0.020277628396839775,1.3471191940238398,0.37453355543267425,0.6167733640717105,0.3734700957057373,0.6197711269778612,0.13911485373062651,0.6278056646209125,0.5359440399723944,0.02724691424271515
edge_BrBt_kS1,False,8.0,1.0,0.00719768001503293,361161127.2823778,rowcol,0.3722689952074215,0.6227779004520679,0.020284684826281575,1.3472345764702076,0.37466529505927604,0.6167751017343781,0.373470133032097,0.619769447962613,0.13911575599462142,0.6278057534910872,0.5359599461367389,0.027246999567546993
all_BrBt_kS1,False,8.0,1.0,-0.004891085557601607,361161127.2823778,rowcol,0.3745261721354971,0.622864442681772,0.020194158106564497,1.3453673170988019,0.3724320124191452,0.6167455960736244,0.37347962849871363,0.6197979727600419,0.13910785134604073,0.6278056603971475,0.5356903053405568,0.027245583404612608
edge_BrBt_cS2_kS1,False,8.0,0.8117482631948174,0.006179282166777383,361161127.2823778,rowcol,0.2984345122748377,0.6269969113951182,0.1899968568205493,1.0265855436668923,0.299750198624101,0.6229993811264924,0.29909366416815764,0.624991805599204,0.20824606676456625,0.6286986237817275,0.43507207696201156,0.02211774500718141
all_BrBt_cS2_kS1,False,8.0,0.9623790948737704,0.10437741903428746,361161127.2823778,rowcol,0.3311112936331607,0.6196486043938249,0.04050432838145108,1.3030230294233558,0.3669382473641696,0.6149744132221504,0.34950008308385766,0.6173047818452602,0.13436719118019325,0.624733125244441,0.518007268848937,0.026235987160334845
edge_Br_only_kS1,False,10.0,1.0,0.017647944169672372,361161127.2823778,rowcol,0.37029238078076004,0.6224910590339232,0.02042828123431235,1.350907676877141,0.37657673025280713,0.6167331821368108,0.3734505702385512,0.6196050725807365,0.13912675271659153,0.6276999345573063,0.5362916365604601,0.02725130204888711
edge_BrBt_kS1,False,10.0,1.0,0.02079014409286458,361161127.2823778,rowcol,0.3697029826136429,0.6224308400918795,0.020478634836042457,1.3518050927440404,0.37715577780988024,0.616728847222751,0.3734512874616537,0.6195728001153806,0.13913340914731087,0.6276818388864938,0.536379502026965,0.02725223518595355
all_BrBt_kS1,False,10.0,1.0,0.0005214633045410013,361161127.2823778,rowcol,0.3735136530990183,0.6228194211687617,0.02022740770877964,1.346235639288711,0.37343016987077104,0.6167568139160046,0.373471876680862,0.6197810671301357,0.13910918946575737,0.6278021295016857,0.5358138033848016,0.027246298177532536
edge_BrBt_cS2_kS1,False,10.0,0.8116898171008355,0.030066092453312647,361161127.2823778,rowcol,0.29642551740394774,0.6264188718811904,0.18852916892931057,1.0336194892794532,0.30161334624352537,0.6229397138944549,0.2990329900310559,0.6246734149748456,0.20707871135121986,0.6284651147897,0.43574342976062624,0.022124339629587226
all_BrBt_cS2_kS1,False,10.0,0.9589655499975535,0.14938539457752303,361161127.2823778,rowcol,0.32145453188802614,0.6173250270975986,0.04080051392647978,1.3268139413780071,0.37257952353931234,0.6144045542450682,0.3479799458988477,0.6158595545724616,0.13390642515871898,0.623666687473379,0.5180441754596427,0.02617662190062319
edge_Br_only_kS1,False,12.0,1.0,0.017887861581416777,361161127.2823778,rowcol,0.37026627873351214,0.6222544759998978,0.020437813865454853,1.3530328225524655,0.3766026321335464,0.6166701525642603,0.3734507129743228,0.6194552847169942,0.13912801423009358,0.627585192371527,0.5363960702889917,0.02725579880185653
edge_BrBt_kS1,False,12.0,1.0,0.02373551748743887,361161127.2823778,rowcol,0.36917552381309016,0.6220666671892023,0.020538229901540774,1.3553777195070722,0.37767478629138784,0.6166415877026515,0.37345311552126537,0.619347125047411,0.1391416651364104,0.6275146391794918,0.5365915504267217,0.027258986034262227
all_BrBt_kS1,False,12.0,1.0,0.0010847144708101334,361161127.2823778,rowcol,0.3734086967958378,0.6227945391733702,0.020232243386600245,1.3465093316409775,0.3735322832860793,0.6167522347398141,0.37347055012923563,0.619766335588564,0.13910931182426,0.6277918007087715,0.5358354211317367,0.02724672897471582
edge_BrBt_cS2_kS1,False,12.0,0.8113631494847762,0.057478157405184936,361161127.2823778,rowcol,0.2938233028392192,0.6249428032203694,0.18655019733486441,1.0477482519727852,0.303826888084788,0.6227622624469275,0.29887140235909315,0.6238482835234483,0.20549273127761947,0.6278148353734092,0.4366538721377366,0.022138239038219272
all_BrBt_cS2_kS1,False,12.0,0.9543443889503482,0.19928229459037008,361161127.2823778,rowcol,0.31072743375511536,0.6134220349587596,0.04096385616782641,1.3626317850001899,0.37832427224031745,0.6135315864296587,0.34620964192601916,0.613477074490475,0.1333232241239928,0.621873566511641,0.5180903861021752,0.026118551702825024
edge_Br_only_kS1,False,14.0,1.0,-0.0060334257903273845,361161127.2823778,rowcol,0.3747041797041655,0.6230908614483808,0.02018656601842712,1.343233349462458,0.3722354923295368,0.6167939027049796,0.3734707776402773,0.619935354763187,0.13910366286106773,0.6279083304968551,0.5355662609700522,0.027240987384188346
edge_BrBt_kS1,False,14.0,1.0,0.002228279221890122,361161127.2823778,rowcol,0.37320888488532344,0.6227329120815226,0.02024115034077681,1.3471663474046578,0.37374106835298804,0.6167441017324998,0.37347530814745394,0.6197314537597939,0.1391121709183606,0.627767482568651,0.5358853880488156,0.02724805807050971
all_BrBt_kS1,False,14.0,1.0,-0.008804711688572114,361161127.2823778,rowcol,0.3752062552360882,0.6232110048779594,0.020175466658030237,1.341928553740964,0.3717313280864806,0.6168106079857523,0.37347128740814345,0.6200037962614645,0.13910245831499846,0.6279558838413108,0.5354592883009356,0.027238622488697423
edge_BrBt_cS2_kS1,False,14.0,0.8104866743849274,0.08338497060956669,361161127.2823778,rowcol,0.29102968977661103,0.622743579651878,0.18470893809423738,1.065196581321818,0.3060672854136416,0.622720214819873,0.2986498383422801,0.6227318416052563,0.20400674852313452,0.6269192917634333,0.4375006234728579,0.02215599809138329
all_BrBt_cS2_kS1,False,14.0,0.9487705530434858,0.2491786939351735,361161127.2823778,rowcol,0.3006153690566419,0.6084877206770329,0.04084212864079382,1.4020863553943885,0.3837077571229008,0.612935647976062,0.34471135172850575,0.6107263447123199,0.1327609944865413,0.6197960606142974,0.5181343718365712,0.02607840393772743
edge_Br_only_kS1,False,16.0,1.0,-0.06982417380975427,361161127.2823778,rowcol,0.3853236859683453,0.6263485653563593,0.021003203879062654,1.310234498689586,0.36063915622659015,0.6169919916046569,0.37317459829887484,0.6216655598728612,0.13909983564733874,0.6291172694027813,0.5327560398689662,0.02716050301948557
edge_BrBt_kS1,False,16.0,1.0,-0.059973672567291775,361161127.2823778,rowcol,0.38366471800836033,0.6258492798953037,0.020750732096867393,1.315074520652227,0.3624126468272847,0.6169589009423305,0.37318054339189366,0.6213987803501585,0.13906927327496826,0.6289262814599289,0.5331841472979516,0.02717246063342418
all_BrBt_kS1,False,16.0,1.0,-0.0332624316584972,361161127.2823778,rowcol,0.37917711311543484,0.6245000345173197,0.020296186176057746,1.3285667201437141,0.36725121457960896,0.6168691938607938,0.37325649220107093,0.6206781365931917,0.13903908759552522,0.6284181397229949,0.5343470535626447,0.027205092304605976
edge_BrBt_cS2_kS1,False,16.0,0.8088850161218886,0.102986592525718,361161127.2823778,rowcol,0.2887125455553037,0.6205836449254507,0.18376723595234082,1.0779964177497674,0.30791534673547044,0.6231547985372053,0.2984769569973361,0.6218766843691883,0.20323621767135402,0.6262292932637293,0.437929929685696,0.022169575563023982
all_BrBt_cS2_kS1,False,16.0,0.9428773160458329,0.29238884190121606,361161127.2823778,rowcol,0.2934405696702598,0.6039474105094937,0.04042934656479947,1.4301816744492781,0.38813022142201187,0.6134288480824617,0.34410017046051294,0.6087292086094968,0.13243550534276013,0.618293085404046,0.5181592919057472,0.026071488217262413
edge_Br_only_kS1,False,18.0,1.0,-0.19021530587117544,361161127.2823778,rowcol,0.40131809761453274,0.6327516018091983,0.02776349299168652,1.2518668866136198,0.3390541363202225,0.6161045105441085,0.3714652809486038,0.6244438178218029,0.1394997256466045,0.6310138712704516,0.5266372138047186,0.026935297381403843
edge_BrBt_kS1,False,18.0,1.0,-0.17999069739442755,361161127.2823778,rowcol,0.39981417988246365,0.6322035798722297,0.027044118914417384,1.2564248814181405,0.3408357939505401,0.616139540332168,0.37147109817688806,0.6241849160360221,0.13937971546584693,0.6308229570873369,0.5271265898008124,0.02695165416983732
all_BrBt_kS1,False,18.0,1.0,-0.07351667484984925,361161127.2823778,rowcol,0.3842491760606816,0.6265952343920616,0.021346961962890973,1.3074081721717135,0.3598161311974837,0.6165048098268108,0.37222231487555363,0.6215464262893151,0.13879718229244714,0.6289591650203444,0.532243854010759,0.027124374856976868
edge_BrBt_cS2_kS1,False,18.0,0.8067545050241441,0.11197022521121071,361161127.2823778,rowcol,0.2877022280412538,0.6194800573993688,0.18423015848429491,1.0787504706658033,0.30882877532964237,0.6241404943624665,0.2984618876931829,0.6218257600545979,0.203594907234205,0.6261881758763926,0.4377122446369738,0.02217085230684482
all_BrBt_cS2_kS1,False,18.0,0.937795766814837,0.3198342134115088,361161127.2823778,rowcol,0.2918929122289637,0.6017204466790801,0.039927688981845864,1.431921753928399,0.39050608517444335,0.6154512143906617,0.3447871404845459,0.6086573068629545,0.13254734998374756,0.618251013179773,0.5181498122146796,0.026105509461962308
edge_Br_only_kS1,False,20.0,1.0,-0.37980031121285096,361161127.2823778,rowcol,0.4172889960437885,0.6413814362455028,0.045332224496820984,1.1843251974035622,0.30698853900702494,0.6116979333415153,0.3662656101823241,0.6266446507105798,0.14158737610736946,0.6322655745218361,0.5159344692813966,0.026465300321580187
edge_BrBt_kS1,False,20.0,1.0,-0.3705198344675861,361161127.2823778,rowcol,0.4161987403134847,0.6408890000523035,0.044442222601795756,1.187625983164721,0.3084727274965621,0.611821322506164,0.3662699559781623,0.6264544286131993,0.14134497476363847,0.6321217575119716,0.5164153244469679,0.02648381070376007
all_BrBt_kS1,False,20.0,1.0,-0.12724162156598756,361161127.2823778,rowcol,0.3880142376891328,0.6286722033017849,0.024282019356941856,1.2862844027712435,0.34998035369288855,0.615060195787785,0.369470109998924,0.6218709702018308,0.13821109970578463,0.6289725488422235,0.5291026734899774,0.026979320108203787
edge_BrBt_cS2_kS1,False,20.0,0.8049242429971457,0.10570116214780116,361161127.2823778,rowcol,0.288765920802843,0.6202014754438862,0.18605232211106099,1.0653491011512344,0.30817754249826806,0.625221121072447,0.2986381288545311,0.622728331008357,0.2050561768452754,0.6269176449112666,0.4368742949679086,0.022157014775116345
all_BrBt_cS2_kS1,False,20.0,0.9354560888708414,0.31743380448529496,361161127.2823778,rowcol,0.29866332711765214,0.6034335548044273,0.03964051676277332,1.4002946862565384,0.38883884340379327,0.6183984854808136,0.3467351911721824,0.6109975381267658,0.13316360640990518,0.6200330468564772,0.5181009223874962,0.026176024108045766
edge_Br_only_kS1,False,22.0,1.0,-0.6363172453919489,361161127.2823778,rowcol,0.42320338592339973,0.6492184546920969,0.07330944348372057,1.1412975089881667,0.27044948079943215,0.6014449249032534,0.3550702456041774,0.6256738454150081,0.1476963675714297,0.6307546246540593,0.5002002664540455,0.02567504835020386
edge_BrBt_kS1,False,22.0,1.0,-0.6290251842393851,361161127.2823778,rowcol,0.4226006144256059,0.6488512718276314,0.07253767880509539,1.1431103331477295,0.27139521036060743,0.6016189660416846,0.35507272502521126,0.6255683609653848,0.14736766357500145,0.6306737274816109,0.5006037891268585,0.02569243361236319
all_BrBt_kS1,False,22.0,1.0,-0.18876650051902344,361161127.2823778,rowcol,0.3876320448806876,0.629429226370344,0.029271591577778824,1.2765621692316154,0.339392756873995,0.6121889464214154,0.3642902987471219,0.6208278036746767,0.13716940390553412,0.6278093885753468,0.5251608157214694,0.026769129991357592
edge_BrBt_cS2_kS1,False,22.0,0.80524407385683,0.07570055014921011,361161127.2823778,rowcol,0.292438970907942,0.6229274363684256,0.18854705657694887,1.0430247551667708,0.3052591186047223,0.6253685560451337,0.2989234838888572,0.6241550132525324,0.2070712446408629,0.6280624092140282,0.43573374493157485,0.022133685015531816
all_BrBt_cS2_kS1,False,22.0,0.9395506576672669,0.2575655176038495,361161127.2823778,rowcol,0.31587603572577566,0.6095632214939104,0.039726592031850895,1.3430786772113168,0.3798243527168262,0.6201930772328762,0.34934495110629143,0.6149264773050578,0.13411143187975505,0.6229960082230755,0.5180260578016633,0.02626419058736107
edge_Br_only_kS1,False,24.0,1.0,-0.9307427898321453,361161127.2823778,rowcol,0.4091131973640766,0.65147051108204,0.10729438115201803,1.1551394709788092,0.24387314151782033,0.5865741345864692,0.33671332121477276,0.6197175545017877,0.15933100616220375,0.6250665376951104,0.48084978889406277,0.02459354108013779
edge_BrBt_kS1,False,24.0,1.0,-0.9259410085722929,361161127.2823778,rowcol,0.40888376893146866,0.651253460897935,0.10676532003243137,1.1558554883935002,0.2442597710304558,0.586724383313248,0.3367143530274128,0.6196754856671506,0.15902401934873486,0.6250343957849128,0.48113046568507506,0.0246067783819797
all_BrBt_kS1,False,24.0,1.0,-0.2500610429454429,361161127.2823778,rowcol,0.3812547194821241,0.6277784863723295,0.035346649031263506,1.2855618918243892,0.3306877172166545,0.6084463137325388,0.35684555360285536,0.6181418591248864,0.13573245833633368,0.6253012885912176,0.5209366703976528,0.026517576304139964
edge_BrBt_cS2_kS1,False,24.0,0.8120802905158929,-0.0031353786130756942,361161127.2823778,rowcol,0.2991367563465179,0.6271591946956953,0.1903204334153679,1.0254902771787429,0.2990554693668758,0.6228681501297696,0.29909607945846395,0.6250071180009823,0.2085016099242634,0.6287012153286551,0.43492527851024515,0.02211685958268013
all_BrBt_cS2_kS1,False,24.0,0.9590401282144007,0.06901974969873888,361161127.2823778,rowcol,0.3443933529776809,0.6187066972888647,0.03995653314458251,1.2913480216211142,0.35805421817496974,0.616808229291057,0.3512962724937181,0.6177536634945354,0.13486259038097723,0.6250038113372474,0.5179668215041625,0.026333101037821462
edge_Br_only_kS1,False,26.0,1.0,-1.207342281230238,361161127.2823778,rowcol,0.37351111039425167,0.6431834231446437,0.13995589041809686,1.226884092195458,0.239777147699337,0.5747641769280146,0.31379185842794266,0.6097709316745793,0.17415835052528678,0.6162483336504738,0.46157847775241645,0.02341951513095311
edge_BrBt_kS1,False,26.0,1.0,-1.204956086708786,361161127.2823778,rowcol,0.3734650479124837,0.6430985792266839,0.13968783838089394,1.2270460873548847,0.23984942592875344,0.574837374366693,0.3137921137226537,0.6097610659574523,0.17397242183029696,0.6162408999380683,0.4617241985743677,0.02342688887098938
all_BrBt_kS1,False,26.0,1.0,-0.30224436618553563,361161127.2823778,rowcol,0.36916016664393503,0.6235620097074505,0.041044928716503476,1.3097087268822987,0.32677213874658395,0.6053603758704699,0.34859217894715155,0.6144851660204983,0.1341875425345611,0.622065132269006,0.5171366108307515,0.026272145079116994
edge_BrBt_cS2_kS1,False,26.0,0.8408141094094601,-0.2358320310130447,361161127.2823778,rowcol,0.30984232634702147,0.631232540007411,0.18808252130809375,1.0473448760862545,0.2868877362416535,0.6137102857812662,0.29857549617754386,0.6224912660174877,0.20663749107313564,0.6264711420751402,0.4359443100444248,0.022148693647833784
all_BrBt_cS2_kS1,False,26.0,1.0241155586338837,-0.4974343635516434,361161127.2823778,rowcol,0.3824572982206558,0.6257100313361741,0.039504898656948215,1.3305945866705202,0.3128601516351527,0.5994644899700804,0.3493651427536334,0.6126652003556677,0.13406201957000807,0.620591397879038,0.5180303793911619,0.026305063970073067
edge_Br_only_kS1,False,28.0,1.0,-1.4033798992292295,361161127.2823778,rowcol,0.32717474020821036,0.6231687127140841,0.16331793378188375,1.3123079148451193,0.2558468378631744,0.5764356262683173,0.29365278569844777,0.6001457287266251,0.18650728856749804,0.6080441515325925,0.44728662152131626,0.022490828925192632
edge_BrBt_kS1,False,28.0,1.0,-1.4027813369616826,361161127.2823778,rowcol,0.3271727529555811,0.623156906481333,0.16325008113927053,1.312315056894353,0.25584941243518394,0.5764470116936518,0.29365280219244183,0.6001451224085029,0.18645597225343524,0.6080436652852593,0.4473242705277819,0.02249282563497425
all_BrBt_kS1,False,28.0,1.0,-0.3373008975908729,361161127.2823778,rowcol,0.35392545528921154,0.6178945899916646,0.045046283806858885,1.3349200958685494,0.32965691467661146,0.6046978798499607,0.3419957235882411,0.6113003636889609,0.1329789032570716,0.619318705010057,0.5144870239034554,0.02609158356955198
edge_BrBt_cS2_kS1,False,28.0,1.0051880473532055,-1.4386107502123662,361161127.2823778,rowcol,0.3280352888717823,0.6230104117586012,0.1621892650763506,1.3206610101679022,0.25481659009768143,0.5752447053117291,0.2936840799646403,0.5994895149025564,0.18566131111572365,0.6075278490385547,0.44784925076728177,0.022514311617814625
all_BrBt_cS2_kS1,False,28.0,1.2873095115010678,-2.7168604881129266,361161127.2823778,rowcol,0.4068739052065694,0.6057549990764688,0.03752204165127469,1.796952318815343,0.22216855235968339,0.5365807779763622,0.3277208191992747,0.572049395572767,0.1258753799154683,0.5895525156770427,0.5186458344128436,0.025948767276237572
edge_Br_only_kS1,False,30.0,1.0,-1.4739679821495324,361161127.2823778,rowcol,0.2852601807464573,0.5980886646186597,0.1717549651907525,1.3496289996537967,0.2856682892245661,0.5943674530945378,0.28546448945896663,0.5962220844654496,0.19126175323204342,0.6047747812111159,0.4420076317999988,0.02213537733655513
edge_BrBt_kS1,False,30.0,1.0,-1.4740007801407895,361161127.2823778,rowcol,0.28526017421965244,0.598088636491329,0.1717586930620738,1.3496292648151724,0.2856682958308845,0.5943674775165415,0.28546448950925946,0.5962220826561668,0.191264644950986,0.604774783585989,0.4420055468502186,0.022135264883852514
all_BrBt_kS1,False,30.0,1.0,-0.34966692592744475,361161127.2823778,rowcol,0.33951897961790245,0.6128282816676358,0.046481391679936895,1.3454151297438897,0.33939514882138627,0.6073006156894557,0.3394570147812801,0.6100575222175894,0.13251873547778092,0.6182600069614733,0.5135348675651925,0.02602494891790471
edge_BrBt_cS2_kS1,False,30.0,4.965506063676969,-30.015766964530272,361161127.2823778,rowcol,0.03598924022913972,0.2726092460314837,0.5412810792943895,8.819194770679514,0.036092424962228774,0.271911698436209,0.036040915423469586,0.27225903152384606,0.5032457465116419,0.7864886180305859,0.7674109043634246,0.04202914770202156
all_BrBt_cS2_kS1,False,30.0,2.0609626313203804,-9.204493386750787,361161127.2823778,rowcol,0.21273519110261696,0.44290507600035967,0.05423495369036055,3.311080200263028,0.21325232977141018,0.44023448932281967,0.21299414742916628,0.44156543051091235,0.09338045006879744,0.5200276242292277,0.5206134324648886,0.025563132495999875
edge_Br_only_kS1,False,32.0,1.0,-1.4036932638643524,361161127.2823778,rowcol,0.2553328516579232,0.5805909600588253,0.16335226674157646,1.3101917527950093,0.32738987160528626,0.6194852871737226,0.293612287021397,0.6004459132279073,0.18652457539743567,0.6083064031619055,0.44726691122099305,0.022489783602923735
edge_BrBt_kS1,False,32.0,1.0,-1.4029652459551178,361161127.2823778,rowcol,0.25533631222860564,0.5806058430048405,0.1632697388845928,1.31020154678869,0.3273872211920073,0.6194697411185053,0.29361231142484434,0.6004450167307144,0.18646215489594392,0.6083056722513851,0.4473127028130083,0.022492212139974925
all_BrBt_kS1,False,32.0,1.0,-0.3373579856225472,361161127.2823778,rowcol,0.3297582701310005,0.6103291620373715,0.04505107959319193,1.3344195812318542,0.353764073367377,0.6123989896537219,0.3419825541199714,0.6113698896403049,0.1329756935266692,0.6193792933162416,0.514483418597381,0.026091388696299355
edge_BrBt_cS2_kS1,False,32.0,1.0055345232532282,-1.4411874724085645,361161127.2823778,rowcol,0.2542314830135953,0.5793317252215309,0.1621380488415409,1.319062547641572,0.3283026381924413,0.6193192026901845,0.2936449028902958,0.5997542061169325,0.18561422372482111,0.6077628882277529,0.44787275321677134,0.02251513617138023
all_BrBt_cS2_kS1,False,32.0,1.2876065852397394,-2.7193780051789695,361161127.2823778,rowcol,0.22183158398491293,0.5422138436151022,0.037511864861093314,1.7944632970253347,0.4066925966987881,0.6012257493996438,0.3276518666665829,0.57262125534724,0.12584830809987052,0.5900504561880733,0.5186470700677376,0.02594859251957627
edge_Br_only_kS1,False,34.0,1.0,-1.2079791598417302,361161127.2823778,rowcol,0.2392702808600203,0.5795749647166474,0.14002429713371328,1.2230542672237537,0.37352460425739664,0.6391710208803654,0.3137228805796592,0.6102431008127193,0.17418891863442504,0.6166589689689534,0.4615395854171042,0.02341754721672693
edge_BrBt_kS1,False,34.0,1.0,-1.2053623087459575,361161127.2823778,rowcol,0.2393509359952697,0.5796580705672739,0.13973033199335488,1.2232406098951876,0.37347353372479036,0.6390738355552263,0.3137231876823296,0.6102312447759524,0.1739849668685966,0.6166499082518655,0.46169939097415597,0.02342563351551717
all_BrBt_kS1,False,34.0,1.0,-0.3023768399131491,361161127.2823778,rowcol,0.3268681149915528,0.6111301934818407,0.04105534705028676,1.3088068399184065,0.3689566703315693,0.6180174613785752,0.34856695525030096,0.614599905289783,0.13418137081620565,0.6221643820154176,0.5171284417381463,0.026271720265597126
edge_BrBt_cS2_kS1,False,34.0,0.841014678303408,-0.2374593169223209,361161127.2823778,rowcol,0.28640571374212176,0.6177555359630506,0.1880667542988425,1.0466328543952639,0.3102223541038855,0.6272924445741412,0.29856220785365656,0.6225650034727047,0.20662247938169445,0.6265355611408066,0.43595140380019026,0.02214893554238505
all_BrBt_cS2_kS1,False,34.0,1.0243472653716035,-0.49944225879496296,361161127.2823778,rowcol,0.31279470212416516,0.605250820245436,0.039498578561618945,1.3293459074222125,0.38235516519718826,0.6202651401992446,0.3493415366563896,0.6128397803146183,0.13405203195634044,0.6207437965535169,0.5180309068795445,0.02630497669992217
edge_Br_only_kS1,False,36.0,1.0,-0.9317067999839136,361161127.2823778,rowcol,0.24346411087352757,0.5919879179106139,0.10739416962104342,1.1505486774063578,0.40898979275702385,0.6469196112707118,0.33663296587846264,0.6201932722676936,0.15936594805435128,0.625475600790534,0.4807934438717738,0.024590884166047895
edge_BrBt_kS1,False,36.0,1.0,-0.9266214583863512,361161127.2823778,rowcol,0.24387664082106802,0.5921505897619445,0.10683384984209418,1.1513336315578162,0.40874628148745473,0.646682134346982,0.3366341234289313,0.6201461241331748,0.15904063883020947,0.6254392993901833,0.4810906896225545,0.024604902240968732
all_BrBt_kS1,False,36.0,1.0,-0.2503009662417755,361161127.2823778,rowcol,0.3307890100456029,0.6143463538184144,0.035363489500609836,1.2844348208134901,0.3810190940253265,0.6221255151289194,0.3568113850232195,0.6182667275137721,0.1357240124420614,0.6254076375481219,0.5209224427000012,0.02651688246625111
edge_BrBt_cS2_kS1,False,36.0,0.8122316544016692,-0.004559121647149275,361161127.2823778,rowcol,0.2986068660567566,0.6268675102822875,0.19032854438438948,1.0253770914099898,0.2995828841889441,0.6231626810131579,0.29909570741626246,0.625009002295844,0.208507932556302,0.6287017819461543,0.4349215779781735,0.022116806605002957
all_BrBt_cS2_kS1,False,36.0,0.9592391446526927,0.06722947186975892,361161127.2823778,rowcol,0.358063650115973,0.6224331467074583,0.039957854136568285,1.2915242281725876,0.34441994406794435,0.6130135935662726,0.35130197002342844,0.6177188530444397,0.13486494988665498,0.6249721969745573,0.5179666843768869,0.026333248969167562
edge_Br_only_kS1,False,38.0,1.0,-0.6375885421915192,361161127.2823778,rowcol,0.270166458603086,0.6072522075941031,0.07343274831912712,1.1371325027640378,0.4230346465981611,0.6441080444703231,0.3549947221843377,0.6260393231050706,0.14772454896446957,0.631061941748509,0.5001299276459836,0.025672018964521762
edge_BrBt_kS1,False,38.0,1.0,-0.6300125136769614,361161127.2823778,rowcol,0.2711533833660176,0.6074358527521457,0.07263083148528417,1.1390657247407356,0.4224083542561968,0.6437162730577948,0.3549973990411524,0.6259255288631033,0.147382577368003,0.6309742766856553,0.5005491465830029,0.025690078794821217
all_BrBt_kS1,False,38.0,1.0,-0.18915171755283344,361161127.2823778,rowcol,0.3395003880262472,0.6181828820987326,0.029293876055998244,1.275407179094705,0.3873869982110291,0.623647640398043,0.36425277486518637,0.6209343099387802,0.13715994016849747,0.6278975277025763,0.5251391696716716,0.026768165584528453
edge_BrBt_cS2_kS1,False,38.0,0.8053671428284691,0.07426789474319599,361161127.2823778,rowcol,0.3048216691271444,0.6293414022023348,0.188580751602737,1.0431757488103506,0.2929370501141765,0.618925303844257,0.29893314042722735,0.6241302330527132,0.20709964566181574,0.6280397128642939,0.4357184887723082,0.022133353139869937
all_BrBt_cS2_kS1,False,38.0,0.9397341837938799,0.25582522236226407,361161127.2823778,rowcol,0.3798552905005502,0.6256716338096368,0.03973582536629122,1.3439786850723565,0.31602993748296243,0.6038426758456021,0.34937476143470475,0.6148019655915942,0.1341243711585577,0.6228875725129304,0.5180252502156125,0.02626464187528269
edge_Br_only_kS1,False,40.0,1.0,-0.3813347232139837,361161127.2823778,rowcol,0.3068019596024286,0.6176963872409827,0.04546274752644254,1.181236679461244,0.4171524190876974,0.6358345900993011,0.3662066756334436,0.626874364065518,0.1416027616813821,0.6324511828151336,0.5158549886049054,0.026462242688722635
edge_BrBt_kS1,False,40.0,1.0,-0.3718101333974242,361161127.2823778,rowcol,0.30832999511002435,0.6178243506409136,0.044548721689823156,1.184689303440305,0.416034335826668,0.6353182403053964,0.3662112537944008,0.6266740749974768,0.1413532169027083,0.6322993120548364,0.5163484552425343,0.026481235380195402
all_BrBt_kS1,False,40.0,1.0,-0.12780618058517185,361161127.2823778,rowcol,0.3500882084004198,0.6211068373220898,0.024304951923166545,1.2852455882608071,0.38778830567576705,0.6227793235922146,0.3694362413308326,0.6219476325909823,0.13820225007381085,0.6290329373218476,0.5290730520159638,0.026978147726394
edge_BrBt_cS2_kS1,False,40.0,0.8050231063931093,0.1041695168524393,361161127.2823778,rowcol,0.3077398570672752,0.6291901114903281,0.18611486172139477,1.0655182176113174,0.2893044243858634,0.6162168200553015,0.2986562213418355,0.6227063014980482,0.20510878228191345,0.6268979297644752,0.4368459323555606,0.022156403997637183
all_BrBt_cS2_kS1,False,40.0,0.9356289364017634,0.3156784119992512,361161127.2823778,rowcol,0.3888724126851823,0.6237979383667969,0.03965573713801005,1.4013808533342658,0.29892328806209845,0.5977774603611336,0.3467865654748152,0.6108641829042508,0.1331857404281979,0.619919753545675,0.5180994624143487,0.026176835667317468
edge_Br_only_kS1,False,42.0,1.0,-0.19195795741669772,361161127.2823778,rowcol,0.3389247480974497,0.6221710909120683,0.027868469034895905,1.2497933357966797,0.4012565427024372,0.6269414904879212,0.37142821981870844,0.6245722255530463,0.13950436552665918,0.6311112579991102,0.5265538419018447,0.026932513617910138
edge_BrBt_kS1,False,42.0,1.0,-0.18154936555301435,361161127.2823778,rowcol,0.340743146589128,0.6222067136721493,0.027133040685217553,1.254498435669263,0.3997274730673628,0.6263743969694917,0.3714342488827906,0.6243039756544593,0.13938126767222123,0.6309130799128778,0.5270519647320718,0.026949158080885847
all_BrBt_kS1,False,42.0,1.0,-0.07428188279290317,361161127.2823778,rowcol,0.3599156273227264,0.6225743255589852,0.02136277048065752,1.306537394837114,0.384067096739197,0.6206289216250985,0.37219805185382543,0.6215977435940049,0.13879042085417942,0.6289968449615727,0.5322069410266526,0.02712311810149195
edge_BrBt_cS2_kS1,False,42.0,0.8068290215550744,0.11029897530720044,361161127.2823778,rowcol,0.30838380180199426,0.6281257588685166,0.18432204140041467,1.0787732936157457,0.28826719790404287,0.6155187654555501,0.2984860701384681,0.6218241360479495,0.20367155846283314,0.6261868499689103,0.43767040205135743,0.02217000587769287
all_BrBt_cS2_kS1,False,42.0,0.9379573086712438,0.31804748925556814,361161127.2823778,rowcol,0.39053507524865144,0.6208440404803959,0.03994462507281397,1.4328864174073788,0.29222301618250995,0.5961486567472601,0.3448566498341865,0.6085627111070083,0.13257638420727239,0.618174199893432,0.5181478137530149,0.026106702890750268
edge_Br_only_kS1,False,44.0,1.0,-0.07172369998941269,361161127.2823778,rowcol,0.3605377694831112,0.623074995928947,0.021044092062508377,1.3088391065058542,0.3853440367122072,0.6204150127227979,0.37315812412394483,0.6217400810409881,0.13909915415172983,0.6291700429938308,0.5326735319475865,0.027158201898146047
edge_BrBt_kS1,False,44.0,1.0,-0.06175187758111539,361161127.2823778,rowcol,0.36233727202933563,0.6230408388921364,0.020781833850060084,1.3137916944493089,0.3836673166609708,0.6199036124235973,0.37316421682895456,0.6214667209362613,0.13906731780706064,0.628974155318326,0.5331068358643395,0.027170299012799617
all_BrBt_kS1,False,44.0,1.0,-0.03423067255588537,361161127.2823778,rowcol,0.36733475699651297,0.6229465936774353,0.020300250337334087,1.3278469922285698,0.37905135655360306,0.6184970410365042,0.37324424640658904,0.6207151892631394,0.13903512249244482,0.6284438217960525,0.5343048485353616,0.027203904191532877
edge_BrBt_cS2_kS1,False,44.0,0.8089356307832714,0.10116522931221295,361161127.2823778,rowcol,0.3074583982595791,0.6271675436958745,0.18388402160749026,1.0777985934530339,0.28928834670418074,0.6166366266054757,0.2985035740733278,0.6218992526428989,0.2033327635040669,0.6262491619630716,0.4378764776326327,0.022168597889065205
all_BrBt_cS2_kS1,False,44.0,0.9430247768601795,0.29057994018980454,361161127.2823778,rowcol,0.38815089973755773,0.6188692323164969,0.04044314027712205,1.4308865788742628,0.2938001870418711,0.5984327815202487,0.34418194793133605,0.6086880250717286,0.13246808317003778,0.6182642508825339,0.518156972724931,0.026073027836347237
edge_Br_only_kS1,False,46.0,1.0,-0.008048322707369942,361161127.2823778,rowcol,0.37214209932931575,0.622878472614948,0.02017629827061256,1.342235053753381,0.3747886461338502,0.6171089712272291,0.3734688943355383,0.6199866690843127,0.1391016873834958,0.6279436818688541,0.5354884814800104,0.02723926761538218
edge_BrBt_kS1,False,46.0,1.0,0.00028071376075817437,361161127.2823778,rowcol,0.3736632960135684,0.6228277120093596,0.020225454872939322,1.3462351015956122,0.3732839431821723,0.6167452814928209,0.37347349901208005,0.6197794476228617,0.13910953744176613,0.6278005338095386,0.5358101289640989,0.027246388503254792
all_BrBt_kS1,False,46.0,1.0,-0.009957622296860636,361161127.2823778,rowcol,0.3717939390846316,0.6228901087779329,0.02016964498905617,1.3413273382243276,0.3751338946486616,0.6171923877621089,0.37346913630485384,0.6200342002205087,0.13910094240791301,0.6279766929125782,0.5354147965592192,0.027237639662791423
edge_BrBt_cS2_kS1,False,46.0,0.810516301669308,0.0814247176375849,361161127.2823778,rowcol,0.3055953560417935,0.6267591625088722,0.18484128371464434,1.0647983045714093,0.2916019901527538,0.6187923904431905,0.29867441086849156,0.6227695097808732,0.20411516220707893,0.6269517059236537,0.43743979951795425,0.02215503671877582
all_BrBt_cS2_kS1,False,46.0,0.9489007953715188,0.24736990352847738,361161127.2823778,rowcol,0.3837167911502389,0.6184482421937723,0.04084960444633343,1.4025062932785461,0.3009683617047812,0.6029827524499771,0.34479713186587624,0.6107275571873685,0.13279331739637257,0.6198039039767703,0.518132008350185,0.026080190850821944
edge_Br_only_kS1,False,48.0,1.0,0.01578972571506618,361161127.2823778,rowcol,0.37650383639124163,0.6227517914712122,0.02040950084909913,1.352284709634991,0.37038792009516286,0.6162477732365136,0.3734556775410429,0.6194928016017845,0.1391262391114981,0.6276106667303728,0.5363259785034896,0.027254659105820315
edge_BrBt_kS1,False,48.0,1.0,0.021664704460395513,361161127.2823778,rowcol,0.3775833249060585,0.6227229072108545,0.02050661666337973,1.3546578329254262,0.3692942585860168,0.6160582346130473,0.37345810255965434,0.6193836353545464,0.13913946059177743,0.6275395307777227,0.5365223038728217,0.027257855528478057
all_BrBt_kS1,False,48.0,1.0,-0.0002168912548581021,361161127.2823778,rowcol,0.373572336674461,0.622830489158866,0.02022147715641559,1.3460162263288282,0.37337516946045657,0.6167645393211972,0.3734736783708306,0.6197904639173837,0.13910910351862166,0.627808044943662,0.5357920578395283,0.027246031898044733
edge_BrBt_cS2_kS1,False,48.0,0.8113769937249586,0.05540486797329327,361161127.2823778,rowcol,0.30333852661308247,0.6268161642366981,0.18668593077195014,1.0472491204177201,0.2943820491824098,0.6209690683507264,0.29888985406985563,0.6238855170002758,0.20560283395530563,0.6278457396884044,0.4365914223803843,0.022137439201036387
all_BrBt_cS2_kS1,False,48.0,0.9544549647439041,0.19750066342645403,361161127.2823778,rowcol,0.3783186830927662,0.6191139646596768,0.04096463131578478,1.3628117922085954,0.31104704368563446,0.6078841851527541,0.34629036274212266,0.6134979790412176,0.13335198031844867,0.6218968079962205,0.5180882400206748,0.026120438044723873
edge_Br_only_kS1,False,50.0,1.0,0.015492404622228877,361161127.2823778,rowcol,0.37646512300578555,0.6228082016439908,0.020400597172897907,1.3503650760961223,0.37042736356890243,0.6164600326301105,0.37345575939916065,0.619627102265264,0.13912514103579815,0.6277133476620479,0.5362313964657502,0.027250664622350585
edge_BrBt_kS1,False,50.0,1.0,0.01863729136041273,361161127.2823778,rowcol,0.37704590462747506,0.6228038946020314,0.02044904494928913,1.351268037605401,0.36983868996445546,0.6163996647868745,0.37345647783936187,0.6195947757335581,0.1391315473677446,0.6276952764699396,0.5363192951252211,0.02725159535060973
all_BrBt_kS1,False,50.0,1.0,-0.0008826509761035663,361161127.2823778,rowcol,0.3734498095881215,0.6228306320045224,0.02021626798903551,1.3458653495342487,0.3735006174636575,0.616774488917883,0.3734752369912615,0.6197955094985134,0.13910901946385584,0.6278107248510543,0.5357747089299172,0.02724589409555346
edge_BrBt_cS2_kS1,False,50.0,0.8116939088382067,0.027913038166469322,361161127.2823778,rowcol,0.301108836752093,0.6269949583065827,0.18865621743627278,1.033156667944305,0.29696647731725356,0.6224128219096215,0.2990429869505298,0.6246971599057378,0.2071805996333834,0.6284832191407229,0.4356851966040732,0.022123794915154937
all_BrBt_cS2_kS1,False,50.0,0.9590552422201614,0.14765589670184545,361161127.2823778,rowcol,0.3725579289230059,0.6200391715514908,0.04079655187834168,1.3268346541447535,0.32172504949204134,0.6117319721580083,0.34804814244810994,0.6158797599631087,0.13392952106217157,0.6236868088810237,0.5180424272341858,0.02617844077272992
edge_Br_only_kS1,False,52.0,1.0,0.004294801920572113,361161127.2823778,rowcol,0.37440783774111713,0.6228400635295733,0.02025858534019126,1.3467810202853348,0.3725351515098677,0.6167268450051145,0.3734718353483108,0.6197764074545181,0.1391130932775487,0.627805757410296,0.5358951075671426,0.027246653155869424
edge_BrBt_kS1,False,52.0,1.0,0.004998933612012413,361161127.2823778,rowcol,0.37453841761387663,0.6228418081191659,0.020265125256574132,1.3468951551313049,0.37240417582027296,0.6167218141339681,0.3734718718645486,0.6197747648865848,0.1391139294279435,0.6278058628061011,0.5359108298209035,0.027246736814070145
all_BrBt_kS1,False,52.0,1.0,-0.006351021638925208,361161127.2823778,rowcol,0.372436914762346,0.6228136883833814,0.020185493112160505,1.345136294617304,0.3745186969008822,0.6168029246948177,0.3734801823776365,0.619801253331804,0.13910696756194288,0.6278054079679293,0.5356578079001927,0.027245417086652297
edge_BrBt_cS2_kS1,False,52.0,0.811747797962207,0.003980533246958542,361161127.2823778,rowcol,0.2992318927143316,0.6270478162664208,0.19010561091916636,1.0262733303731668,0.29895906830300684,0.62296034768652,0.29909539025302967,0.6249976721521961,0.20833212014832667,0.6287008434635807,0.435022708958989,0.022117469410454955
all_BrBt_cS2_kS1,False,52.0,0.9624480214539357,0.10271728829214852,361161127.2823778,rowcol,0.3669016430174196,0.6206417093782484,0.04049851617817633,1.3029695823121334,0.331327834591186,0.6140002515928963,0.3495517494887801,0.6173140678144492,0.13438398247107322,0.6247414554736442,0.5180059871270402,0.026237586406918208
edge_Br_only_kS1,False,54.0,1.0,-0.007424197808599811,361161127.2823778,rowcol,0.37223102748963516,0.6227943931334581,0.020190676885682535,1.3456039120012462,0.3747009556766244,0.6167455365840742,0.3734691321607134,0.6197629138786211,0.1391035764949602,0.6277748441709975,0.5356753476331686,0.02724604022492235
edge_BrBt_kS1,False,54.0,1.0,-0.00837965269035508,361161127.2823778,rowcol,0.37205352827427685,0.6227898850267904,0.020188202633850842,1.345545627162106,0.3748770220399047,0.6167439929703911,0.3734691994322754,0.6197598878951927,0.13910329089551152,0.6277710024163206,0.535659426383123,0.027246028262992206
all_BrBt_kS1,False,54.0,1.0,-0.011280523903164898,361161127.2823778,rowcol,0.37151492926219576,0.6227761979279863,0.020183097630783648,1.3453762994944418,0.3754118939883211,0.6167393068487999,0.3734702280282169,0.6197507009320506,0.13910302713843412,0.6277594534489594,0.5356111275641594,0.027245994611250775
edge_BrBt_cS2_kS1,False,54.0,0.8117380897661063,-0.01194925354309014,361161127.2823778,rowcol,0.2979849886464162,0.626989000621151,0.1907568848318492,1.025029654281312,0.3001796429177426,0.6229620552879789,0.2990853050731705,0.6249691644444348,0.20884374900274014,0.6286584857334492,0.4347295235909357,0.022116583445740766
all_BrBt_cS2_kS1,False,54.0,0.9646692996130946,0.06564854238506893,361161127.2823778,rowcol,0.36179735937463675,0.6208043682592983,0.04022899112199361,1.2914161175730143,0.33897475370485713,0.614923178376111,0.35056168062724197,0.6178567404227098,0.1346720672155207,0.6251059646331125,0.5179826572566618,0.026285656310908602
edge_Br_only_kS1,False,56.0,1.0,-0.012879607423177957,361161127.2823778,rowcol,0.3712181810105419,0.6227741499106362,0.02020419674607807,1.345938279330806,0.37568656186619775,0.6166818769796905,0.3734610421094871,0.6197209657101391,0.13910231377956392,0.6277387441117033,0.5356564309985508,0.027246506838196172
edge_BrBt_kS1,False,56.0,1.0,-0.014421975244826947,361161127.2823778,rowcol,0.37093212973960227,0.6227675308928065,0.02020672568643509,1.3459342141861421,0.37596883979079376,0.6166728170297159,0.3734612163770312,0.6197131264979535,0.13910269481550025,0.6277309981810559,0.5356394067055325,0.027246555111052312
all_BrBt_kS1,False,56.0,1.0,-0.0121376369492266,361161127.2823778,rowcol,0.37135583546638157,0.6227773340555427,0.020203346875737854,1.345941393820543,0.37555081687832437,0.6166862353634056,0.37346108243815934,0.6197247368446489,0.13910222190126495,0.6277424877828454,0.5356646269906551,0.02724648401999603
edge_BrBt_cS2_kS1,False,56.0,0.8117369128474619,-0.017241088643132074,361161127.2823778,rowcol,0.297563650710177,0.6269649559951647,0.19074427793120172,1.0256343009202502,0.30057445356284596,0.6228816055640088,0.29907418023138554,0.6249168744812732,0.20883163234848698,0.6286137770970989,0.43473736468649504,0.022117218767199284
all_BrBt_cS2_kS1,False,56.0,0.9659402009379768,0.03725872814396679,361161127.2823778,rowcol,0.3575613825730697,0.620717703225778,0.04005962772811186,1.2877004916085646,0.3445421299147421,0.6150756256226989,0.35110631520183655,0.6178896441878866,0.13482162538942705,0.6250845531640228,0.5179704280785952,0.026317568479176146
edge_Br_only_kS1,False,58.0,1.0,-0.009896068251078879,361161127.2823778,rowcol,0.3717820202941963,0.6228158643796077,0.020221995566223963,1.3461522654500493,0.3751395765936516,0.6167004563033932,0.3734660651978148,0.619751114013132,0.13910638466815078,0.627771513605587,0.5357445725708235,0.027246403381161743
edge_BrBt_kS1,False,58.0,1.0,-0.010985858593934531,361161127.2823778,rowcol,0.3715808287939278,0.6228143714309349,0.02022446058848691,1.3461662922448228,0.37533867821511563,0.6166941708384355,0.3734661516493573,0.619747225247551,0.13910672583407743,0.6277679121691172,0.5357385931613491,0.027246434357802822
all_BrBt_kS1,False,58.0,1.0,-0.00805476861466369,361161127.2823778,rowcol,0.3721221002203261,0.6228183869199759,0.020219004575446082,1.3461322557965412,0.3748033259900674,0.6167110762058722,0.37346631199242913,0.6197576845104419,0.13910609936169752,0.6277776540822911,0.5357546958356756,0.027246352329468676
edge_BrBt_cS2_kS1,False,58.0,0.8117435843809475,-0.01231873180115077,361161127.2823778,rowcol,0.29795233921456055,0.6270176137462936,0.19046096358755063,1.0258187493184903,0.30021146369537655,0.6229196440905819,0.2990850394335408,0.6249622114238407,0.20861026979917055,0.6286606402650843,0.43486377352964617,0.022117219238526154
all_BrBt_cS2_kS1,False,58.0,0.9665450447849852,0.016185486460000183,361161127.2823778,rowcol,0.354203887806084,0.6206084154817088,0.03998138119707761,1.2872016919473634,0.348456214204448,0.6149684711138966,0.35133924790586973,0.6177814244090639,0.13488419801894072,0.6249711293617068,0.5179652614904886,0.02633431441408865
edge_Br_only_kS1,False,60.0,1.0,-0.001104073506612766,361161127.2823778,rowcol,0.37340918086900127,0.6228323887669216,0.020223351828394475,1.3461004561670347,0.373536905297021,0.6167546000120424,0.3734731053600271,0.6197864448668042,0.1391091293870093,0.6278053703709296,0.5357992876297331,0.027246148290173144
edge_BrBt_kS1,False,60.0,1.0,-0.0010994635994699415,361161127.2823778,rowcol,0.37341002742191287,0.6228323763827857,0.02022335036538776,1.3461004475587364,0.3735360605392123,0.6167546122606231,0.37347310536157,0.6197864447974044,0.13910912920385418,0.6278053701735735,0.5357992875908506,0.027246148287752018
all_BrBt_kS1,False,60.0,1.0,-0.0007280996534294601,361161127.2823778,rowcol,0.37347822769859723,0.6228313787464069,0.020223262966215603,1.3460998495812972,0.37346801256551854,0.6167555989815271,0.3734731156228824,0.6197864392097903,0.13910912198089145,0.6278053557125352,0.5357992849930697,0.027246148125986906
edge_BrBt_cS2_kS1,False,60.0,0.811746955709302,-0.0010995217498157833,361161127.2823778,rowcol,0.29883562606169917,0.6270428660538901,0.1903025422771332,1.0256880117762242,0.2993560015848652,0.6229859496843694,0.2990961584775175,0.6250080211119743,0.2084875188639988,0.6287043668826727,0.43493344251782384,0.02211697804847894
all_BrBt_cS2_kS1,False,60.0,0.9667127165338579,-0.0007280954301618725,361161127.2823778,rowcol,0.3513577286976402,0.6205945410437171,0.03996093422991927,1.2872900968101326,0.3514365437884191,0.6148794585653715,0.3513971735128251,0.6177299748441738,0.13489951566092775,0.6249219039806655,0.5179639824499352,0.02633919787851229
edge_Br_only_kS1,False,62.0,1.0,0.007686318442585266,361161127.2823778,rowcol,0.3750173526795,0.6227848537351418,0.020221091630617635,1.346125519636432,0.3719167571768205,0.6167469329324381,0.37346889337219047,0.6197588418320852,0.1391073053556727,0.6277786874095947,0.5357567246437347,0.027246342307457493
edge_BrBt_kS1,False,62.0,1.0,0.008782398244388964,361161127.2823778,rowcol,0.3752180302736982,0.6227784981959514,0.020222876141088357,1.3461358512268384,0.3717148329259445,0.6167454213880668,0.37346898082381697,0.6197549080998149,0.13910756141476344,0.6277749863639073,0.5357506923450599,0.027246372310060288
all_BrBt_kS1,False,62.0,1.0,0.006593228442355284,361161127.2823778,rowcol,0.37481728867957237,0.6227911919555301,0.020219832589205088,1.3461168523575844,0.3721181966900676,0.6167484403838831,0.3734689803473802,0.6197627648672487,0.13910717907472248,0.6277824029769112,0.5357627495813408,0.027246312956958296
edge_BrBt_cS2_kS1,False,62.0,0.8117441876803855,0.010115154876192462,361161127.2823778,rowcol,0.29969823400972645,0.6269836001943273,0.1904324679675,1.0257693971958939,0.29847978061353686,0.62296950113161,0.2990890857741685,0.6249701971340138,0.20858858759741541,0.6286679591504312,0.4348761307069227,0.02211716949308188
all_BrBt_cS2_kS1,False,62.0,0.9665297897747038,-0.017658070906365838,361161127.2823778,rowcol,0.348358769883068,0.6206863273486459,0.039983137648257394,1.2872202050304011,0.35427099465549505,0.6149006753432094,0.35132994893230524,0.6177864716409263,0.1348813486946562,0.6249763507331022,0.5179654802411594,0.026333876535177575
edge_Br_only_kS1,False,64.0,1.0,0.010667758836657047,361161127.2823778,rowcol,0.37556485202498036,0.6227666142560544,0.020205832282123557,1.3459539933811946,0.37135675277809266,0.6167119552330772,0.37346485747570407,0.6197322344524014,0.1391039141912914,0.6277500270474234,0.5356808757317215,0.027246439591508353
edge_BrBt_kS1,False,64.0,1.0,0.012209398752939804,361161127.2823778,rowcol,0.3758476001123435,0.6227575376614456,0.02020738471394783,1.3459458742850978,0.3710714418540187,0.6167053685770658,0.37346503157701777,0.6197244027803326,0.13910417265136787,0.6277422276052581,0.5356638341374853,0.027246486216214085
all_BrBt_kS1,False,64.0,1.0,0.010664729296200446,361161127.2823778,rowcol,0.3755642965157158,0.6227666320928746,0.020205830243892137,1.3459540125360518,0.37135731358396495,0.6167119681768001,0.3734648574763763,0.6197322498427673,0.13910391393579533,0.6277500424225213,0.5356809092382471,0.02724643950099941
edge_BrBt_cS2_kS1,False,64.0,0.8117382020499505,0.015028391729822803,361161127.2823778,rowcol,0.30006439894755416,0.6269468975597617,0.19068739402816923,1.0256189256673807,0.29809421919005097,0.6229230389101764,0.29908005496856527,0.6249286073285241,0.20878790012276596,0.6286251834592402,0.4347623763148657,0.02211717807519532
all_BrBt_cS2_kS1,False,64.0,0.965908715542751,-0.038777287984200076,361161127.2823778,rowcol,0.3444158635497487,0.6207867981229149,0.04006325987400409,1.2877433292712208,0.35761968736025757,0.6150194060059118,0.35108572656152054,0.6178960720436463,0.13481525478456277,0.6250914808310088,0.5179709169747517,0.02631670147430461
edge_Br_only_kS1,False,66.0,1.0,0.005216300880602757,361161127.2823778,rowcol,0.37457434807586,0.6228210403647333,0.020199565135054793,1.3457516694339382,0.3723667311956861,0.6167331230701456,0.3734711887756839,0.6197700330808021,0.13910544320001683,0.6277840424215735,0.5357121639247787,0.027246069532648673
edge_BrBt_kS1,False,66.0,1.0,0.006164483324833134,361161127.2823778,rowcol,0.3747494480797634,0.6228195169120495,0.02019651174306575,1.3456924784210544,0.3721909564208232,0.6167286859195052,0.37347125502670436,0.619767053020919,0.13910508446174563,0.6277802320027763,0.535696348893668,0.02724605666248194
all_BrBt_kS1,False,66.0,1.0,0.009802716162975036,361161127.2823778,rowcol,0.3754217848347136,0.6228136720308276,0.020188383869295175,1.3454767409103918,0.3715169601914611,0.6167116603579176,0.37347273885756777,0.6197556187597012,0.13910460793380927,0.6277657827977742,0.5356357252253702,0.027246011255647684
edge_BrBt_cS2_kS1,False,66.0,0.8117397336071543,0.00973396821055075,361161127.2823778,rowcol,0.2996660139974698,0.6270190622511332,0.19067256879140262,1.0251524439173867,0.2985125178062345,0.6229469312971374,0.2990893088659372,0.6249765986223857,0.20877801008805813,0.6286672273464302,0.434767232576893,0.022116650211650386
all_BrBt_cS2_kS1,False,66.0,0.9646199569281263,-0.06723377538788165,361161127.2823778,rowcol,0.3388081787652962,0.6206122996507795,0.04023429337450076,1.291479672931294,0.3618461886816143,0.6151181671141218,0.35052675161549574,0.6178582331038804,0.13466105153112032,0.6251083496497735,0.5179835014553748,0.026284389807356014
edge_Br_only_kS1,False,68.0,1.0,-0.006485636874954262,361161127.2823778,rowcol,0.37240172424049345,0.6227829968220493,0.020277626966959957,1.3471191700099268,0.37453352868257306,0.6167733636856588,0.37347009584445734,0.6197711273569976,0.1391148536013165,0.6278056646315391,0.5359440367139164,0.02724691422279308
edge_BrBt_kS1,False,68.0,1.0,-0.007197533024802682,361161127.2823778,rowcol,0.3722690227652644,0.6227779016199193,0.020284683334245882,1.3472345519819866,0.37466526800231986,0.6167751013407092,0.3734701331706391,0.6197694483497556,0.13911575585735592,0.6278057535023986,0.5359599428380496,0.02724699954709281
all_BrBt_kS1,False,68.0,1.0,0.004891155760583097,361161127.2823778,rowcol,0.37452618515722447,0.622864443105754,0.020194157772835987,1.3453673072290544,0.3724319993738048,0.6167455959259884,0.37347962851185224,0.6197979728982603,0.13910785130899697,0.6278056603844538,0.5356903037871246,0.027245583398501354
edge_BrBt_cS2_kS1,False,68.0,0.8117482630933408,-0.006179200839847375,361161127.2823778,rowcol,0.2984345187604381,0.6269969121060475,0.1899968609637949,1.026585530790132,0.29975019233170885,0.6229993809699729,0.29909366424502515,0.624991805875725,0.20824607004489007,0.6286986239073711,0.4350720750780121,0.02211774499222536
all_BrBt_cS2_kS1,False,68.0,0.962379099482038,-0.10437731730736154,361161127.2823778,rowcol,0.3311113153846696,0.6196486070975594,0.04050432749934514,1.3030229992316233,0.36693823424585786,0.614974412651689,0.3495000864856738,0.6173047829102759,0.13436719215569495,0.6247331258482038,0.5180072687756119,0.026235987228006737
edge_Br_only_kS1,False,70.0,1.0,-0.017647810117323248,361161127.2823778,rowcol,0.370292406213101,0.6224910618502021,0.020428279170532068,1.3509076375507505,0.3765767059672286,0.6167331823180177,0.37345057058063663,0.6196050740792987,0.1391267525799046,0.6276999354331667,0.53629163278153,0.02725130199999619
edge_BrBt_kS1,False,70.0,1.0,-0.0207900077403516,361161127.2823778,rowcol,0.3697030085050839,0.6224308429958464,0.020478632558798084,1.351805051996541,0.3771557531500569,0.6167288474064527,0.3734512878027397,0.6195728016589678,0.1391334089824805,0.6276818397845966,0.5363794981754694,0.027252235134544067
all_BrBt_kS1,False,70.0,1.0,-0.0005213980369297409,361161127.2823778,rowcol,0.3735136654111519,0.6228194224278786,0.0202274071826898,1.3462356221540583,0.37343015792240897,0.6167568140059676,0.3734718768533117,0.6197810678047375,0.13910918946273979,0.6278021299055602,0.5358138015663434,0.02724629815845655
edge_BrBt_cS2_kS1,False,70.0,0.8116898169944088,-0.030066000952919246,361161127.2823778,rowcol,0.29642552535687794,0.6264188744213348,0.18852917475448144,1.0336194604227293,0.3016133392659388,0.6229397141172098,0.2990329904473118,0.6246734163539881,0.2070787160141183,0.6284651158183858,0.43574342708113195,0.022124339583104252
all_BrBt_cS2_kS1,False,70.0,0.9589655563857454,-0.14938528122314942,361161127.2823778,rowcol,0.3214545563627683,0.6173250318777923,0.04080051304956316,1.326813891781275,0.37257951082998975,0.6144045546107565,0.347979950383404,0.6158595571400972,0.13390642651523524,0.6236666892518151,0.518044175358846,0.026176621956062424
edge_Br_only_kS1,False,72.0,1.0,-0.01788774652232599,361161127.2823778,rowcol,0.3702663003240811,0.6222544798692375,0.020437812049070005,1.3530327755675977,0.3766026115113244,0.616670153220794,0.3734507132606458,0.6194552869794839,0.13912801410429115,0.6275851938793207,0.536396066417728,0.027255798728954825
edge_BrBt_kS1,False,72.0,1.0,-0.023735399389683456,361161127.2823778,rowcol,0.3691755459786791,0.6220666712111615,0.020538227748509646,1.3553776701507636,0.37767476522454946,0.616641588404909,0.3734531158053984,0.6193471274088466,0.13914166496576505,0.6275146407469229,0.5365915464413897,0.027258985956006152
all_BrBt_kS1,False,72.0,1.0,-0.0010846594571564479,361161127.2823778,rowcol,0.3734087071105933,0.62279454095304,0.02023224291837101,1.346509310731803,0.37353227328693134,0.6167522350142851,0.37347055027632264,0.6197663366156999,0.13910931181922112,0.6277918014014504,0.5358354192971059,0.02724672894460896
edge_BrBt_cS2_kS1,False,72.0,0.8113631498468099,-0.05747806017788208,361161127.2823778,rowcol,0.2938233120071041,0.6249428078145736,0.18655020418808863,1.0477482068174797,0.30382688079579606,0.6227622632210101,0.29887140315338073,0.6238482862018123,0.20549273680905933,0.6278148374881962,0.43665386897005926,0.022138238959615895
all_BrBt_cS2_kS1,False,72.0,0.9543443972975604,-0.19928216930627063,361161127.2823778,rowcol,0.31072745986870703,0.6134220417408541,0.04096385555875092,1.3626317149662959,0.378324260290196,0.6135315883353882,0.34620964709910945,0.613477078822536,0.13332322579201855,0.621873569680065,0.5180903859793448,0.026118551736145766
edge_Br_only_kS1,False,74.0,1.0,0.006033506574569132,361161127.2823778,rowcol,0.3747041943651176,0.6230908649255147,0.020186565636424444,1.3432333117097186,0.3722354774669557,0.6167939031304902,0.37347077757511893,0.619935356714953,0.13910366278935501,0.6279083318444761,0.5355662578576206,0.027240987318496564
edge_BrBt_kS1,False,74.0,1.0,-0.002228194615166913,361161127.2823778,rowcol,0.373208900176357,0.6227329157545558,0.02024114962005252,1.347166306656222,0.3737410529740943,0.6167441022651947,0.3734753080789552,0.6197314558627283,0.13911217080272897,0.6277674840174324,0.5358853847766291,0.02724805799672574
all_BrBt_kS1,False,74.0,1.0,0.008804749315668065,361161127.2823778,rowcol,0.3752062620968837,0.6232110064735494,0.02017546652454589,1.341928536645116,0.37173132101136935,0.6168106081228869,0.3734712873272038,0.6200037971280999,0.13910245826867598,0.627955884435002,0.5354592868581487,0.027238622461422324
edge_BrBt_cS2_kS1,False,74.0,0.8104866757646113,-0.08338487473456774,361161127.2823778,rowcol,0.29102969934456996,0.6227435856534187,0.18470894479207797,1.0651965272015842,0.3060672783098665,0.6227202159465491,0.2986498393567044,0.6227318451577808,0.20400675396368909,0.626919294623211,0.4375006203773585,0.022155997997002595
all_BrBt_cS2_kS1,False,74.0,0.9487705631701363,-0.24917856030203034,361161127.2823778,rowcol,0.30061539456567027,0.6084877286208102,0.04084212852152139,1.4020862723036693,0.38370774620240716,0.6129356514421319,0.34471135675818887,0.610726350398371,0.1327609962336032,0.6197960648608902,0.5181343717085728,0.026078403948343022
edge_Br_only_kS1,False,76.0,1.0,0.06982419348741488,361161127.2823778,rowcol,0.38532369045035775,0.6263485664769595,0.021003204449869126,1.310234493296865,0.36063915095191745,0.6169919907460609,0.3731745980597685,0.621665560006585,0.13909983563441672,0.6291172694553033,0.5327560390494885,0.02716050302520661
edge_BrBt_kS1,False,76.0,1.0,0.05997369663747202,361161127.2823778,rowcol,0.38366472305930777,0.6258492812214854,0.02075073266344961,1.3150745122616787,0.3624126409896648,0.6169589002289599,0.3731805431488969,0.6213987806589855,0.13906927325918056,0.6289262816399949,0.5331841462813035,0.02717246062954126
all_BrBt_kS1,False,76.0,1.0,0.03326244382201545,361161127.2823778,rowcol,0.3791771157073269,0.6245000351930522,0.02029618628218202,1.3285667157118655,0.36725121153055085,0.6168691934611867,0.37325649201506644,0.6206781367319915,0.13903908754089478,0.6284181397934759,0.5343470530484412,0.027205092303743364
edge_BrBt_cS2_kS1,False,76.0,0.8088850187469602,-0.10298650963462233,361161127.2823778,rowcol,0.28871255395312345,0.6205836507407791,0.18376724094530034,1.0779963693735215,0.3079153406127556,0.6231547994720857,0.29847695789429607,0.621876687727598,0.2032362217505188,0.6262292959919546,0.43792992738615,0.02216957548397333
all_BrBt_cS2_kS1,False,76.0,0.9428773269182263,-0.2923887117428591,361161127.2823778,rowcol,0.2934405907834132,0.6039474177726222,0.04042934695882727,1.4301815964798033,0.3881302120259855,0.6134288522533187,0.3441001741510338,0.6087292143068985,0.1324355067527111,0.6182930897103662,0.5181592918022873,0.026071488213173552
edge_Br_only_kS1,False,78.0,1.0,0.1902152279427183,361161127.2823778,rowcol,0.40131809145638586,0.6327515989272164,0.02776348796401192,1.2518669309589323,0.3390541460697493,0.6161045082048809,0.3714652820784285,0.6244438152091077,0.13949972519205212,0.6310138693194892,0.5266372175075053,0.026935297548706078
edge_BrBt_kS1,False,78.0,1.0,0.17999062389494533,361161127.2823778,rowcol,0.39981417409987313,0.6322035771779176,0.02704411430810518,1.2564249234393765,0.34083580317451473,0.61613953811804,0.3714710993031574,0.6241849135800612,0.13937971510265568,0.6308229552606593,0.5271265932944846,0.02695165432803074
all_BrBt_kS1,False,78.0,1.0,0.07351665436204419,361161127.2823778,rowcol,0.38424917512565226,0.6265952338710846,0.02134696130067311,1.307408185124883,0.35981613338966323,0.6165048088904876,0.37222231545386225,0.6215464255613838,0.13879718241570865,0.6289591644946884,0.5322438549837419,0.027124374907057998
edge_BrBt_cS2_kS1,False,78.0,0.8067545080624561,-0.111970174373512,361161127.2823778,rowcol,0.28770223283814667,0.6194800607142253,0.1842301602813007,1.0787504455312318,0.3088287716314695,0.6241404947440918,0.29846188808809204,0.6218257618903325,0.20359490871766187,0.6261881773831811,0.4377122438153713,0.022170852277382108
all_BrBt_cS2_kS1,False,78.0,0.9377957755796734,-0.31983411486657465,361161127.2823778,rowcol,0.29189292291178065,0.6017204503582625,0.039927689590927004,1.4319217079426252,0.3905060791519596,0.615451217987989,0.34478714158893076,0.6086573105003208,0.1325473505335163,0.6182510159893577,0.5181498121732686,0.02610550945406012
edge_Br_only_kS1,False,80.0,1.0,0.3798001069022254,361161127.2823778,rowcol,0.4172889860599955,0.641381429488243,0.04533220684211375,1.1843252814378649,0.3069885671906021,0.6116979317405217,0.3662656163217385,0.6266446464838626,0.14158737338790153,0.6322655714649407,0.515934479551997,0.02646530072000965
edge_BrBt_kS1,False,80.0,1.0,0.37051963382674,361161127.2823778,rowcol,0.4161987304433217,0.6408889934449642,0.044442205330546235,1.1876260659251374,0.30847275535051466,0.6118213209616344,0.36626996211507684,0.6264544244917091,0.14134497223882092,0.6321217545455019,0.5164153345382893,0.026483811095704135
all_BrBt_kS1,False,80.0,1.0,0.12724156446819415,361161127.2823778,rowcol,0.3880142358940334,0.6286722021012834,0.024282016233453243,1.2862844281986239,0.3499803622360656,0.6150601950978588,0.3694701131070236,0.6218709692550975,0.138211100363445,0.6289725482770829,0.529102676363397,0.02697932022366146
edge_BrBt_cS2_kS1,False,80.0,0.8049242432529874,-0.1057011753693493,361161127.2823778,rowcol,0.28876591878020785,0.6202014737773944,0.1860523200311673,1.0653491111433906,0.3081775437828324,0.625221121701376,0.2986381285409034,0.6227283304996816,0.2050561751529623,0.626917644528503,0.4368742959230263,0.022157014813353013
all_BrBt_cS2_kS1,False,80.0,0.9354560889109986,-0.3174337978919523,361161127.2823778,rowcol,0.2986633184302831,0.6034335514108865,0.03964051703853565,1.4002946981844593,0.38883884621056886,0.618398488362787,0.34673518900924105,0.6109975379243964,0.13316360571372104,0.620033046847199,0.5181009224366687,0.026176024103081858
edge_Br_only_kS1,False,82.0,1.0,0.6363169298328073,361161127.2823778,rowcol,0.42320338690429765,0.6492184476516667,0.07330941468596908,1.1412975783691108,0.27044952119126237,0.6014449283539388,0.3550702615847038,0.6256738434461954,0.1476963604571879,0.6307546235943875,0.500200282934398,0.025675048918099463
edge_BrBt_kS1,False,82.0,1.0,0.6290248704464226,361161127.2823778,rowcol,0.42260061528483206,0.648851264849714,0.07253765016195154,1.143110402320008,0.2713952508007851,0.6016189694945369,0.3550727410047856,0.6255683590320908,0.14736765664062385,0.6306737264558616,0.5006038055234469,0.025692434178826773
all_BrBt_kS1,False,82.0,1.0,0.18876640778314224,361161127.2823778,rowcol,0.38763204608871316,0.6294292257443115,0.029271585003156284,1.2765621911754736,0.3393927723013588,0.6121889473794874,0.3642903065821463,0.6208278038334617,0.1371694055277643,0.6278093890438976,0.5251608206069017,0.0267691301691866
edge_BrBt_cS2_kS1,False,82.0,0.8052440630917284,-0.07570068770011314,361161127.2823778,rowcol,0.29243895825333455,0.62292742788336,0.18854705183184345,1.0430247948355873,0.30525912921984755,0.6253685601503324,0.29892348312919587,0.624155011104949,0.20707124075936634,0.6280624075563391,0.4357337470983362,0.022133685097763825
all_BrBt_cS2_kS1,False,82.0,0.9395506342383524,-0.25756573153017615,361161127.2823778,rowcol,0.31587599659425475,0.6095632084301245,0.03972659164824703,1.3430787488023437,0.37982437694020693,0.620193083058057,0.34934494661088367,0.6149264738125798,0.13411143018664506,0.6229960058813737,0.5180260579245819,0.026264190581920033
edge_Br_only_kS1,False,84.0,1.0,0.9307424487675146,361161127.2823778,rowcol,0.40911322203477785,0.6514705113485424,0.10729435203510466,1.1551394422897263,0.24387317827069266,0.5865741459712424,0.33671334951056847,0.6197175600548548,0.15933099736999648,0.6250665427906066,0.4808498067200889,0.02459354151567049
edge_BrBt_kS1,False,84.0,1.0,0.9259406655740765,361161127.2823778,rowcol,0.40888379335088443,0.6512534610500035,0.10676529066154794,1.155855460357504,0.24425980817047915,0.5867243947494784,0.3367143813239558,0.6196754911865658,0.1590240104761852,0.6250344008554021,0.4811304836361232,0.024606778825867627
all_BrBt_kS1,False,84.0,1.0,0.25006092040858585,361161127.2823778,rowcol,0.38125472713988695,0.6277784878325554,0.03534663934927643,1.2855618897875973,0.3306877390138271,0.6084463176076746,0.35684556779867593,0.6181418617791206,0.1357324612417489,0.625301291167338,0.5209366770557061,0.02651757652520227
edge_BrBt_cS2_kS1,False,84.0,0.8120802475699996,0.003134975158459131,361161127.2823778,rowcol,0.29913672867053887,0.6271591794771408,0.19032043119303788,1.0254903018843882,0.29905549710663915,0.6228681656175428,0.2990960795112433,0.6250071181561418,0.20850160818232763,0.6287012157641731,0.4349252795230529,0.022116859594645946
all_BrBt_cS2_kS1,False,84.0,0.9590400468962434,-0.06902047829966283,361161127.2823778,rowcol,0.34439327518665713,0.6187066762530027,0.039956532941424656,1.2913480751123032,0.35805428887157464,0.616808249713155,0.351296270456787,0.6177536632547066,0.1348625896062994,0.6250038118762319,0.5179668215602904,0.026333101005415468
edge_Br_only_kS1,False,86.0,1.0,1.207342032400727,361161127.2823778,rowcol,0.37351115528751494,0.6431834380518012,0.1399558753468963,1.226883911329492,0.23977717569632687,0.5747641956302005,0.3137918958288892,0.6097709483553713,0.17415834924198456,0.616248347517327,0.46157848938428203,0.02341951499234801
edge_BrBt_kS1,False,86.0,1.0,1.2049558303739678,361161127.2823778,rowcol,0.3734650926044127,0.6430985938360031,0.13968782244058814,1.227045907352435,0.2398494542429406,0.5748373932709641,0.31379215112513514,0.609761082578008,0.17397241996328244,0.6162409137573523,0.4617242106718451,0.023426888757531374
all_BrBt_kS1,False,86.0,1.0,0.30224422262100614,361161127.2823778,rowcol,0.36916018227897923,0.6235620143079628,0.04104491698098765,1.3097086882514866,0.3267721652065053,0.6053603829475634,0.34859219963143384,0.6144851718462291,0.13418754675260333,0.6220651374135547,0.5171366187718868,0.02627214531863438
edge_BrBt_cS2_kS1,False,86.0,0.8408139652964051,0.23583089876993849,361161127.2823778,rowcol,0.3098422786210256,0.631232524898875,0.18808253904248143,1.047344717755727,0.2868877986019893,0.6137103337158036,0.29857550142237804,0.6224912821356138,0.20663750604867617,0.6264711561240176,0.4359443019542763,0.022148693183194918
all_BrBt_cS2_kS1,False,86.0,1.024115330896803,0.49743236540434554,361161127.2823778,rowcol,0.3824571970000812,0.6257100185957734,0.03950490188739537,1.3305943100252178,0.31286031270234554,0.5994645535633781,0.3493651595816586,0.6126652251408649,0.13406202636535938,0.6205914180202997,0.5180303788964349,0.02630506376906136
edge_Br_only_kS1,False,88.0,1.0,1.4033797922929925,361161127.2823778,rowcol,0.32717478858123855,0.6231687408000864,0.16331793814780043,1.3123076064587487,0.2558468680703593,0.5764356516992308,0.29365282579280777,0.600145755510151,0.18650730046815642,0.6080441731195931,0.4472866233759352,0.0224908280304162
edge_BrBt_kS1,False,88.0,1.0,1.4027812170367828,361161127.2823778,rowcol,0.3271728012787325,0.6231569342980102,0.16325008402546126,1.312314748791804,0.2558494427077383,0.5764470373588434,0.29365284228751065,0.6001451491659151,0.18645598303704775,0.6080436868509232,0.4473242732015332,0.022492824784094905
all_BrBt_kS1,False,88.0,1.0,0.33730074217376843,361161127.2823778,rowcol,0.3539254780532754,0.6178945977072504,0.04504627105966623,1.3349200248406445,0.3296569431273323,0.6046978890791475,0.34199574908115477,0.6113003721562957,0.13297890845706672,0.6193187122365124,0.5144870325703135,0.02609158381049851
edge_BrBt_cS2_kS1,False,88.0,1.0051874082118444,1.4386062208094634,361161127.2823778,rowcol,0.3280352320783463,0.6230104584643316,0.16218939954462547,1.320659664724623,0.2548167477771198,0.5752448793980608,0.29368411674126793,0.5994896229773186,0.18566142050789386,0.6075279344435912,0.44784918833849074,0.022514308066663637
all_BrBt_cS2_kS1,False,88.0,1.2873089981527017,2.7168559908153744,361161127.2823778,rowcol,0.4068739425753366,0.605755066270638,0.037522045198332674,1.7969508408324613,0.22216879082062765,0.5365809314876056,0.3277209232764653,0.5720495033197551,0.12587541773586927,0.5895525879288495,0.5186458319069952,0.0259487655639045
edge_Br_only_kS1,False,90.0,1.0,1.4739679430562171,361161127.2823778,rowcol,0.2852602206684638,0.5980886953253766,0.17175497863257796,1.3496286441713188,0.2856683289717777,0.5943674839957106,0.28546452929342514,0.5962221152694048,0.1912617717567539,0.6047748058083319,0.4420076288769653,0.02213537608299597
edge_BrBt_kS1,False,90.0,1.0,1.474000725747684,361161127.2823778,rowcol,0.28526021414468133,0.5980886672120099,0.17175870476531804,1.3496289092010842,0.28566833557498966,0.5943675084071673,0.28546452934367117,0.5962221134618103,0.19126466212701174,0.6047748081827984,0.4420055448996572,0.022135263682718065
all_BrBt_kS1,False,90.0,1.0,0.34966676680655817,361161127.2823778,rowcol,0.33951900692319836,0.6128282912234937,0.04648137865361184,1.3454150459292527,0.33939517602829783,0.6073006250747978,0.3394570420373486,0.6100575316880718,0.13251874104066064,0.6182600149628942,0.5135348764572426,0.026024949156943582
edge_BrBt_cS2_kS1,False,90.0,4.965515704904726,30.01584129194728,361161127.2823778,rowcol,0.03598957341353252,0.2726095772668255,0.5412818365738156,8.81920529192869,0.03609275478676267,0.27191206667023476,0.03604124692369394,0.27225938132281147,0.5032464533195139,0.7864895648991034,0.7674112564243091,0.042029164037267884
all_BrBt_cS2_kS1,False,90.0,2.060963866429248,9.20450326407136,361161127.2823778,rowcol,0.2127353508730716,0.4429050838193212,0.05423495382420714,3.311080154338644,0.21325248886978238,0.4402345027502533,0.21299430686275533,0.44156544113896123,0.09338049966755453,0.5200276311417111,0.5206134304051524,0.025563124778420817
edge_Br_only_kS1,True,-90.0,1.0,-1.3588516303789997,361161127.2823778,rowcol,0.31596202735987605,0.6191484974557826,0.15867817961710853,1.3487492308247684,0.316233854664107,0.615147407252107,0.3160980911512523,0.6171416496211969,0.18803874876574386,0.62525282586965,0.4512127999664078,0.023120032934450627
edge_BrBt_kS1,True,-90.0,1.0,-1.3508021530757657,361161127.2823778,rowcol,0.31596567405455384,0.6190699486038008,0.15776440155263122,1.348691523635796,0.3162346038699132,0.6150568442566634,0.3161002871927757,0.6170570849846386,0.18737392147824278,0.6251690709785938,0.45171367912813437,0.023143956720008272
all_BrBt_kS1,True,-90.0,1.0,-0.26712333651713877,361161127.2823778,rowcol,0.3542836064286456,0.6194214151761169,0.03818666578329223,1.345491230069532,0.35411203951370485,0.6137562201115011,0.35419775703931095,0.6165818089091554,0.13545205854740647,0.6246549002670269,0.5191668494478127,0.02642286377085561
edge_BrBt_cS2_kS1,True,-90.0,-1.1848501156927134,16.141544608882242,361161127.2823778,rowcol,0.14338071429781366,0.9586510448875627,0.3391051907371036,2.975729781361069,0.1438555733352866,0.9515034079411366,0.14361855131154863,0.9550668610966568,0.31959234786606294,0.9837706208401381,0.37488446998122826,0.028238149004394288
all_BrBt_cS2_kS1,True,-90.0,0.4191435403839699,4.7119423735338755,361161127.2823778,rowcol,0.3341734004248342,0.6702059579349794,0.04279992460062409,0.5574363373960144,0.3338472186552443,0.6633190328720066,0.3340102042583866,0.6667549573992521,0.12952863110568316,0.6660514282317745,0.5182648808895651,0.026773463035084495
edge_Br_only_kS1,True,-88.0,1.0,-1.375439420716255,361161127.2823778,rowcol,0.31720051105737285,0.6018388147903714,0.16014990309660432,1.3105787119151098,0.31317809159938026,0.6385474912945374,0.3151939286835208,0.6205522171812561,0.1889077631313697,0.6280298842647029,0.4503865303613105,0.023157833507634416
edge_BrBt_kS1,True,-88.0,1.0,-1.3652385748307903,361161127.2823778,rowcol,0.31717873138806046,0.6019127571440666,0.15899396259724377,1.3107218801610196,0.31320715231941254,0.638219688117449,0.3151974305743557,0.6204184744104505,0.1880632330963168,0.6279007541278513,0.45101976179945774,0.02318733958579956
all_BrBt_kS1,True,-88.0,1.0,-0.2696246599363797,361161127.2823778,rowcol,0.3542081026553094,0.6170099055230055,0.038287207848958955,1.3366135482842478,0.353716792138755,0.6173610004088009,0.3539623140866169,0.617186315518777,0.13539273330343696,0.6251139952915082,0.519051786407186,0.02642942737185724
edge_BrBt_cS2_kS1,True,-88.0,-0.9092064615945477,13.987798710931184,361161127.2823778,rowcol,0.1423594414705557,1.0874782275810295,0.3119082170643025,2.541621868371025,0.21019292293235714,0.7306874816599692,0.17953906538435488,0.9255857423596144,0.29736561757854485,0.9465557213344967,0.3848725976144933,0.02767114839038549
all_BrBt_cS2_kS1,True,-88.0,0.46044649443544744,4.36727224268261,361161127.2823778,rowcol,0.3353733855051451,0.7066825853466194,0.04259049350265627,0.8263519106287834,0.3380656251787075,0.6083330618945622,0.3367233936597535,0.6591101251364377,0.130422724182187,0.6604292616421802,0.5182165772925886,0.026661685128285564
edge_Br_only_kS1,True,-86.0,1.0,-1.4223767185872795,361161127.2823778,rowcol,0.3173233309820837,0.5920522976336846,0.16414673441646813,1.2090870976416672,0.3078124415550289,0.6653751447463289,0.312599828760127,0.629956312199721,0.19126929350960983,0.6358516210716698,0.44815975977427197,0.023284127669739932
edge_BrBt_kS1,True,-86.0,1.0,-1.406308256246645,361161127.2823778,rowcol,0.31724185794690957,0.5923331778011035,0.162336589354465,1.2100438994444822,0.30791355522540986,0.6645275045282494,0.3126083537204798,0.629638124694408,0.18993204241067874,0.6355513532148219,0.44914943844267685,0.023326897514013907
all_BrBt_kS1,True,-86.0,1.0,-0.2771569538200181,361161127.2823778,rowcol,0.35370912141082983,0.6159305357873867,0.03858741914847043,1.3117643628899682,0.35281005358785184,0.6217661081257787,0.35325947358092263,0.6188691216953458,0.13521621640564016,0.6263959386535969,0.5187177124915848,0.02644950321721433
edge_BrBt_cS2_kS1,True,-86.0,-0.20641633639008078,8.405929808837273,361161127.2823778,rowcol,0.2006604092129786,0.9799178740459127,0.2530684331682613,1.9526954657060418,0.2878211591099345,0.51505119426008,0.24813655399108633,0.7817291444243611,0.25240235899509356,0.7959490813946967,0.4085854646271411,0.02442350450309723
all_BrBt_cS2_kS1,True,-86.0,0.6647750133353456,2.6253075188999278,361161127.2823778,rowcol,0.3417579175001647,0.6828894505870083,0.04238656001684017,1.242906930268265,0.3479771824526457,0.5662486033013867,0.34488433575193245,0.6270088926764978,0.1332394930122775,0.6334109768622757,0.5180795673355918,0.026171373127166445
edge_Br_only_kS1,True,-84.0,1.0,-1.4907837507555097,361161127.2823778,rowcol,0.31708107791105206,0.5906164114229536,0.16941243510684864,1.0874461104675548,0.3000847541531494,0.6920623399587075,0.3086923527555752,0.6435832814100766,0.19434626824342222,0.6477521661772371,0.44530609244321884,0.023530734042781606
edge_BrBt_kS1,True,-84.0,1.0,-1.4664989842134033,361161127.2823778,rowcol,0.31687285337698523,0.5911019495147056,0.16670752074211087,1.0891781184052276,0.30034324075392127,0.6903815443946945,0.3087113462862032,0.6428978222604849,0.19231933640373966,0.6470963077099505,0.4467791126031904,0.023586689079290794
all_BrBt_kS1,True,-84.0,1.0,-0.28974135321206756,361161127.2823778,rowcol,0.3528346925016544,0.616201234126365,0.039077345440502995,1.2752621211195505,0.3513636700965651,0.626521469764232,0.35209929514575994,0.621407396851542,0.13492527896089748,0.6283600325349906,0.518202141602307,0.02648430559516229
edge_BrBt_cS2_kS1,True,-84.0,0.4361254609526039,3.1784971031290916,361161127.2823778,rowcol,0.26225919695356276,0.7577885221255943,0.21020295987735266,1.5735509260464595,0.3136346272758114,0.4934677452007836,0.2891132032579149,0.6388175938985202,0.22260254291477616,0.6500594868019101,0.4270123120936608,0.021583946009534116
all_BrBt_cS2_kS1,True,-84.0,0.9407856929802457,0.2287880153841966,361161127.2823778,rowcol,0.35068776703615584,0.6245615908779683,0.04038657162762498,1.3023475485888516,0.3515839506732724,0.6059337765721569,0.35113654342212436,0.615273742959972,0.134916570470722,0.6227304974964468,0.5179701477668985,0.026246052395902254
edge_Br_only_kS1,True,-82.0,1.0,-1.5645850781410295,361161127.2823778,rowcol,0.31707242750631276,0.5969321456192966,0.173887457245244,1.0368680311565104,0.2908330020098831,0.7137489322105173,0.30422406871836843,0.6582157909130113,0.19678536206523856,0.6616231391389877,0.4431458814875309,0.023929683857360332
edge_BrBt_kS1,True,-82.0,1.0,-1.5321282035264578,361161127.2823778,rowcol,0.3166718575425881,0.5974557478371193,0.17033691430996908,1.0353684587459429,0.2913376026972367,0.7111935744650999,0.30425725952400334,0.6570615815131954,0.19409150609929898,0.6604664539142729,0.4450639339724863,0.023990062746209524
all_BrBt_kS1,True,-82.0,1.0,-0.3071874538919841,361161127.2823778,rowcol,0.35164546173030053,0.6176424061924194,0.039728955528422684,1.2346784924947347,0.3493894363188105,0.6310607460115696,0.35051826050204743,0.6244196315572588,0.13452837385613622,0.630752766924942,0.5175810790431491,0.02653592731205842
edge_BrBt_cS2_kS1,True,-82.0,0.751089494836629,0.5298150106791452,361161127.2823778,rowcol,0.29294495672328097,0.6435880286669177,0.19312170189675992,1.1477528793233105,0.3048975634911285,0.5926692933510459,0.2989863118506441,0.6185313636352175,0.21069362477002404,0.6238032403961055,0.43388324777957604,0.021756692135914937
all_BrBt_cS2_kS1,True,-82.0,1.0378327790665152,-0.6427018033133154,361161127.2823778,rowcol,0.35283324273847655,0.6157490473604246,0.038484749898503035,1.1992286949080746,0.34861569445611645,0.6490823682637546,0.35072893206672295,0.6327147748527292,0.13429052783634965,0.638435243245363,0.5179660488832223,0.026819254497754335
edge_Br_only_kS1,True,-80.0,1.0,-1.62288225677371,361161127.2823778,rowcol,0.3174796943217125,0.6082542797970877,0.1752557965254128,1.1455458124622055,0.2820710843808617,0.7254164167246249,0.3002820055374152,0.6696819349073226,0.19700908356161492,0.6741855695666695,0.44326784154250765,0.024483063175108507
edge_BrBt_kS1,True,-80.0,1.0,-1.585187470634472,361161127.2823778,rowcol,0.31689310313778907,0.6085896766552323,0.17123429298511456,1.1340698415160126,0.2828227600556463,0.7223904942879382,0.30032630088736134,0.6681886380467958,0.1939396299982816,0.6725764229218264,0.44540562495318053,0.024535122760769166
all_BrBt_kS1,True,-80.0,1.0,-0.3287982433916899,361161127.2823778,rowcol,0.35022931353487424,0.6198545192829107,0.04048616407459315,1.200752116770853,0.34697368958025915,0.6347143201551587,0.3486038538919257,0.627363866805626,0.13404496843590805,0.6331902198218708,0.5169820402265719,0.026606866062118432
edge_BrBt_cS2_kS1,True,-80.0,0.8608897833728621,-0.4451141540428733,361161127.2823778,rowcol,0.30394572855725244,0.6181326475852974,0.18815537181650555,0.9372759329429472,0.29181271425172217,0.6511793518414264,0.2979355930325768,0.6349498632075761,0.20656896703960242,0.6375670378355569,0.4358021915201213,0.022604976419853765
all_BrBt_cS2_kS1,True,-80.0,1.0417063475529327,-0.7021193996354173,361161127.2823778,rowcol,0.3513407800160896,0.6210487104881094,0.03874497431192457,1.1554950898274792,0.34552350982243085,0.6575786488508837,0.3484416973571669,0.6396616443480346,0.13354209874994843,0.6447132079001662,0.5179986216153629,0.027059717910519733
edge_Br_only_kS1,True,-78.0,1.0,-1.6484081363521905,361161127.2823778,rowcol,0.3180356259211263,0.6201284172698723,0.17212910408567492,1.3847637852103365,0.2763173217087524,0.7242630906591088,0.2978891250602766,0.6744569105556047,0.19411181675738878,0.6820120899997104,0.4468103601791439,0.02514214373938336
edge_BrBt_kS1,True,-78.0,1.0,-1.6104266638545373,361161127.2823778,rowcol,0.31737674768062796,0.6201887470888857,0.1681998309457046,1.3629939158531394,0.2771696411023738,0.7214303845898168,0.29793434018392817,0.672957634360674,0.19112289244208314,0.6802318554006935,0.44883733975696294,0.02517686153415157
all_BrBt_kS1,True,-78.0,1.0,-0.35307347186871385,361161127.2823778,rowcol,0.3487116273286772,0.6222366969656602,0.041264624589471735,1.1855467619278535,0.3443074565845357,0.6367779130021919,0.34651457994933077,0.6295839770942647,0.13351111104567792,0.6351744916404861,0.516586427501367,0.026698609895631796
edge_BrBt_cS2_kS1,True,-78.0,0.8910592355652057,-0.7463764032650341,361161127.2823778,rowcol,0.30762398068223384,0.6186673508620468,0.18640185150160665,0.9663881622959815,0.2822615030335584,0.6691026250327529,0.29520396264150045,0.6444988380631851,0.20465267937024922,0.6473112486454201,0.43692370768745387,0.02319391800329292
all_BrBt_cS2_kS1,True,-78.0,1.028482906459331,-0.607770094100709,361161127.2823778,rowcol,0.34951993377443075,0.6248149478492265,0.03977446540743736,1.165656355903602,0.34314347702981673,0.6528200804310098,0.3463435436451438,0.6390377511731177,0.13305924648794415,0.6442268189003126,0.5180306347731172,0.02710864572583551
edge_Br_only_kS1,True,-76.0,1.0,-1.6375258549800782,361161127.2823778,rowcol,0.3183792477497212,0.6283822181701426,0.16506761788307525,1.6544480392955627,0.27489832469166975,0.7114085542144127,0.2974151004053265,0.6713780944885126,0.18863766725163417,0.683204747074737,0.45375707272038346,0.02582155444214837
edge_BrBt_kS1,True,-76.0,1.0,-1.6041796095079255,361161127.2823778,rowcol,0.3178015186720584,0.6282678700033657,0.16173124853226253,1.6284764096827617,0.27564153856662105,0.7092891394265268,0.29745067125363983,0.6701972348548797,0.18613230877000417,0.6816144169011774,0.4553926110567632,0.02583790832512513
all_BrBt_kS1,True,-76.0,1.0,-0.37761976368360817,361161127.2823778,rowcol,0.3472476771499081,0.6240985287545255,0.041971081773197,1.1977435801649197,0.341681558082705,0.6366850293110867,0.3444733841655782,0.630453215966723,0.13298083262877408,0.6361901485019298,0.5166044966763086,0.026809338480337664
edge_BrBt_cS2_kS1,True,-76.0,0.8954919499761886,-0.8181989431023825,361161127.2823778,rowcol,0.3089792494199192,0.6224460940572303,0.1846347935932904,1.082988180329747,0.27601913542151507,0.6670909758648387,0.2929484470191653,0.6452612645801947,0.20281935437946302,0.6493555130173946,0.4384492488266808,0.023549595819982873
all_BrBt_cS2_kS1,True,-76.0,1.0157432574992127,-0.5156428609973331,361161127.2823778,rowcol,0.3478943257861186,0.6261013748502786,0.04092048714351255,1.2014654599327046,0.3411923649295142,0.6448622351322982,0.34455665938342855,0.6355957844032479,0.1327271377889378,0.6412999269839186,0.5180583748848355,0.02709326809845996
edge_Br_only_kS1,True,-74.0,1.0,-1.6017734172777016,361161127.2823778,rowcol,0.3183784766052902,0.6311048713453682,0.15629911476072225,1.888796269259157,0.2769936161219299,0.69102124003076,0.29838598874640704,0.661884310165587,0.18228785857330676,0.6782460012822903,0.46300797150070094,0.026440203854955317
edge_BrBt_kS1,True,-74.0,1.0,-1.5762367171038356,361161127.2823778,rowcol,0.31797388675922506,0.6309725799903204,0.1538237845235318,1.8652833666058732,0.2775033144044694,0.6897589273429333,0.29840747434858683,0.661159671412323,0.18046470958089977,0.677087262639985,0.46412842267094917,0.026443366250579504
all_BrBt_kS1,True,-74.0,1.0,-0.39952287112402773,361161127.2823778,rowcol,0.34598978233839095,0.6248892180318745,0.04253938028645905,1.2371481378247664,0.3394179014555827,0.6342648662207632,0.3427166714795423,0.6296168605811335,0.1325177810016058,0.6358959618239078,0.5172146472046295,0.0269318488781639
edge_BrBt_cS2_kS1,True,-74.0,0.8930496000488751,-0.8220808495871307,361161127.2823778,rowcol,0.3095794963328943,0.624261273452985,0.18199774552873282,1.2078555154094184,0.2719397506177952,0.6569198782346729,0.29135135059395395,0.640876549078474,0.2004331444906334,0.6465809986938555,0.44061270981074724,0.023785065641138324
all_BrBt_cS2_kS1,True,-74.0,1.0058173153360703,-0.44819178688704764,361161127.2823778,rowcol,0.34638014527309563,0.6256657010709061,0.04204575304445996,1.2457053916750858,0.3394170036812605,0.6367472528790046,0.3429131514941651,0.6312572302493875,0.13245091240353218,0.6376255536934301,0.5180841600633124,0.027056807361680472
edge_Br_only_kS1,True,-72.0,1.0,-1.559148509089483,361161127.2823778,rowcol,0.3180798521701383,0.6289573107409844,0.14833406859785836,2.0702315342068305,0.2806001026233463,0.6679008893423045,0.2999093587834719,0.648814252073967,0.17679670403269634,0.669357628031918,0.473176481993788,0.026950503277630444
edge_BrBt_kS1,True,-72.0,1.0,-1.5424488686227626,361161127.2823778,rowcol,0.31785174674817296,0.6288915251704557,0.1467561003738005,2.0533199019356134,0.2808782204680452,0.6673294159494806,0.2999188328978364,0.6484870178278047,0.17565770192397928,0.6686774086685169,0.473812055930389,0.02694748366272544
all_BrBt_kS1,True,-72.0,1.0,-0.4162016121578638,361161127.2823778,rowcol,0.34504443030151066,0.6244623964990225,0.042957350272922114,1.2937701989110726,0.3377564806802705,0.629946523934679,0.3414166603144831,0.6272235370977015,0.13217674741879765,0.634334933166217,0.5184895490301052,0.02705365734146846
edge_BrBt_cS2_kS1,True,-72.0,0.8898791603424346,-0.8134406460984582,361161127.2823778,rowcol,0.309858914558732,0.6236443839555236,0.17834541482924948,1.3212562027893349,0.26922151163995145,0.6442092746908146,0.29023424420522836,0.6340592678862191,0.1973527792908493,0.6414404078792663,0.44344442477300905,0.02396576096355831
all_BrBt_cS2_kS1,True,-72.0,0.9982594819367987,-0.4027631343764747,361161127.2823778,rowcol,0.3448597286147689,0.6242624097949636,0.04313978453366592,1.2891842352371976,0.33766616039885405,0.6294088426958598,0.34127869853695453,0.6268531852041299,0.13217954355505573,0.6339058421594239,0.5181100668719433,0.027011239982782417
edge_Br_only_kS1,True,-70.0,1.0,-1.524120489130689,361161127.2823778,rowcol,0.3175541955100789,0.6241468424014207,0.1427844797655415,2.2052083800202746,0.28399641923812163,0.6458939758113182,0.30122804776338624,0.6351653685059861,0.17311703369810114,0.6593033650050582,0.48329161937702186,0.027338214414672928
edge_BrBt_kS1,True,-70.0,1.0,-1.515612832907134,361161127.2823778,rowcol,0.3174563786045265,0.6241393297470716,0.1419937046683887,2.1961170816429654,0.2841109033265248,0.645726403517548,0.30123056877139465,0.6350760919032996,0.17255489365559884,0.6590052802658393,0.48356237400163404,0.02733463898471774
all_BrBt_kS1,True,-70.0,1.0,-0.4263192372792417,361161127.2823778,rowcol,0.34444703398467874,0.6231921519784983,0.04325800567731257,1.3532104307038628,0.33677182091129565,0.6247224125744895,0.34062763165084575,0.62396140204377,0.1319840309079677,0.63200495660201,0.520358992189909,0.02716028894027486
edge_BrBt_cS2_kS1,True,-70.0,0.8877599311846007,-0.8095501748843854,361161127.2823778,rowcol,0.3099306989418513,0.6214138644639053,0.1736983760817636,1.4193282518106618,0.26740758161006634,0.631798989354799,0.2894322122728068,0.6266527152866537,0.19357598102661597,0.6356546873371344,0.4469470668436755,0.024118825893367078
all_BrBt_cS2_kS1,True,-70.0,0.9923587476651489,-0.373856407991368,361161127.2823778,rowcol,0.3432597341905309,0.6225310421009099,0.04420833390918274,1.3269034601462217,0.3358549506891436,0.6232273729118549,0.3395742327435854,0.6228809660076026,0.1318862804299042,0.6305541747174961,0.5181373628961492,0.02695824407303848
edge_Br_only_kS1,True,-68.0,1.0,-1.5033233167695632,361161127.2823778,rowcol,0.31689328283816076,0.6192899325079119,0.14006242866506421,2.304463566396492,0.2863167871226966,0.6276984196177846,0.30197867970325304,0.6235284094716788,0.17136546322229895,0.6505938734435327,0.4929593732590447,0.02760743250868902
edge_BrBt_kS1,True,-68.0,1.0,-1.5012645798396318,361161127.2823778,rowcol,0.3168730516693731,0.619294741298092,0.13987244849923902,2.302197613960154,0.28633945344309025,0.6276830004441284,0.3019788296571193,0.623522988032682,0.17123141030242112,0.6505325024667126,0.493011656639763,0.02760621401587636
all_BrBt_kS1,True,-68.0,1.0,-0.43010975316434424,361161127.2823778,rowcol,0.3441735561010332,0.6218110431567596,0.043480689527863006,1.4033927091390708,0.3363839122360853,0.6198218320071802,0.3402975585195609,0.6208124887427837,0.13193125588320437,0.6296882415343766,0.522643893327209,0.027240189724042498
edge_BrBt_cS2_kS1,True,-68.0,0.8869334742092291,-0.8132694573804662,361161127.2823778,rowcol,0.3098508627719673,0.6188058021145925,0.16811893843801168,1.5000329100891718,0.26625364942550345,0.6214218044198556,0.2888565537558209,0.6201214235517855,0.18915319685825344,0.6305725034205445,0.45108888997098734,0.02424847122615369
all_BrBt_cS2_kS1,True,-68.0,0.9875566815383491,-0.35704949627157406,361161127.2823778,rowcol,0.3415477960081129,0.621010744587622,0.04524985550765372,1.3561403714546822,0.33393352673624166,0.6184486658870467,0.3377587314544665,0.6197249170224597,0.13155600633385753,0.627896443060668,0.5181667723094585,0.026896333668496957
edge_Br_only_kS1,True,-66.0,1.0,-1.4961765571480705,361161127.2823778,rowcol,0.3162658518541284,0.6166268923163921,0.1396584792370915,2.3749666732666963,0.28741147312370946,0.6151144149551802,0.3021704376919223,0.6158675096930853,0.17112655655462194,0.6451012296500701,0.5021736433364531,0.02776859971112678
edge_BrBt_kS1,True,-66.0,1.0,-1.498155372343826,361161127.2823778,rowcol,0.31628336400739726,0.6166187052158546,0.139841032354498,2.3771796821963074,0.28739252889708816,0.6151123663191754,0.3021705771317116,0.6158624027117767,0.1712553173530134,0.6451534973059007,0.5021361031920324,0.027769977314209587
all_BrBt_kS1,True,-66.0,1.0,-0.4289765511732235,361161127.2823778,rowcol,0.3441689028302554,0.6210485714808678,0.04364299725507868,1.4379079140275335,0.33643297539562234,0.6162672335362595,0.34031947958182424,0.6186511150060714,0.13198523868139495,0.6281195976314586,0.5251356409181245,0.027288253952482768
edge_BrBt_cS2_kS1,True,-66.0,0.8870460020802451,-0.8213795499264602,361161127.2823778,rowcol,0.3096997652868126,0.6171099544410054,0.16170412427084704,1.5602989107458307,0.26562431287544547,0.6142774792598575,0.2884854069048134,0.6156885883850798,0.18417971472373815,0.6272751974052099,0.45574948309246416,0.024345897936512356
all_BrBt_cS2_kS1,True,-66.0,0.9834618524774438,-0.34936573790637526,361161127.2823778,rowcol,0.3397153722428381,0.6201105630232284,0.046256630954753374,1.3757951767965704,0.3318596063988673,0.615240039057255,0.3358069674528941,0.6176684823230751,0.13117736639540276,0.6261815840458376,0.5181988595483794,0.02682371200767135
edge_Br_only_kS1,True,-64.0,1.0,-1.4975388993500447,361161127.2823778,rowcol,0.31590447307145075,0.6174092249750466,0.14057677110504102,2.419482978191987,0.28755007846158437,0.6089948222069143,0.30204756312426506,0.6131963826670039,0.17174537367590054,0.6437321140695255,0.5110699702491162,0.027835472357555853
edge_BrBt_kS1,True,-64.0,1.0,-1.5008902851367452,361161127.2823778,rowcol,0.3159331781828994,0.6173971187311152,0.14088692437650724,2.42326263161967,0.2875194354568658,0.6089774997739891,0.3020479631424966,0.6131816741311982,0.17196485968549602,0.6438178084555325,0.5110273897196395,0.027837950324513475
all_BrBt_kS1,True,-64.0,1.0,-0.42478052012531164,361161127.2823778,rowcol,0.3443677400101777,0.6212898303405274,0.04374470940095244,1.4559328032515952,0.3367488209423927,0.6145511364452506,0.34057619696956837,0.6179135932738559,0.13210446317907623,0.6276894905722865,0.5276662731874833,0.027306472671234802
edge_BrBt_cS2_kS1,True,-64.0,0.8874921298338359,-0.828100898782014,361161127.2823778,rowcol,0.3095870986904134,0.6172515334984462,0.15459054452364157,1.5966264756590938,0.26542689802534847,0.6109717777505729,0.2883340237117112,0.6141047012224913,0.17879246201512555,0.6263732953510158,0.4606769196753859,0.024397795883191555
all_BrBt_cS2_kS1,True,-64.0,0.9797965454777275,-0.3490661599325665,361161127.2823778,rowcol,0.33775679015245963,0.6200389970952676,0.04722285189068413,1.3863588412121914,0.3295731464241939,0.6136268721133392,0.3336864167337428,0.6168259694557491,0.13073695931992538,0.6255198056248665,0.5182344321296566,0.026739573846817147
edge_Br_only_kS1,True,-62.0,1.0,-1.50083321210746,361161127.2823778,rowcol,0.3160044522465963,0.6213992627019054,0.1417511847440925,2.4398340303784085,0.2871780492095678,0.6088938373279174,0.30192265267841545,0.6151484946363768,0.1725474033246251,0.6461153118878219,0.5197624540989455,0.02782836481931214
edge_BrBt_kS1,True,-62.0,1.0,-1.5031892826426299,361161127.2823778,rowcol,0.3160252612185706,0.6213970623350752,0.14196995277820407,2.4425007799503917,0.28715560487805813,0.6088815308635767,0.30192284990124496,0.6151412688693834,0.1727027436071247,0.6461790727851024,0.5197466907255116,0.027830095505510567
all_BrBt_kS1,True,-62.0,1.0,-0.41929783907497453,361161127.2823778,rowcol,0.3446991651979703,0.6224241478226947,0.04378917703511875,1.460833444486154,0.3371820032406214,0.6145557419922635,0.34095795742656904,0.6184836863472629,0.13225123617126705,0.6283264848675412,0.5301387703697943,0.027302419752153563
edge_BrBt_cS2_kS1,True,-62.0,0.8876434876566943,-0.8278392198677279,361161127.2823778,rowcol,0.30960870599024265,0.6193159698600254,0.14694143369306184,1.607782388551654,0.26557223838576005,0.6112134482833621,0.28841257771921297,0.6152587172304494,0.17314910461297153,0.6276963770008583,0.46551583601722635,0.02439642177413758
all_BrBt_cS2_kS1,True,-62.0,0.9763422447337814,-0.3554605485703921,361161127.2823778,rowcol,0.33564627726814916,0.6207362115403409,0.04815224591452596,1.3901220227311335,0.32697366222444685,0.6134213708217149,0.3313344885112282,0.6170721792800923,0.13021399945612344,0.6258193860824474,0.5182749482685001,0.026644606386675585
edge_Br_only_kS1,True,-60.0,1.0,-1.5010446848975865,361161127.2823778,rowcol,0.31659035067224595,0.6267829377835425,0.14240336878645862,2.4417002595033264,0.28672866741718306,0.6129225532464853,0.3020155213492475,0.6198584206387913,0.1730327287367074,0.6506188300248662,0.5282898136272567,0.02777792770123698
edge_BrBt_kS1,True,-60.0,1.0,-1.5009819066995365,361161127.2823778,rowcol,0.31658975928208555,0.6267827708972208,0.14239753171124686,2.4416291899925415,0.2867293195303364,0.6129227120521612,0.3020155214890252,0.6198584155550564,0.17302857928076537,0.6506169564744881,0.5282898730071325,0.027777883646650695
all_BrBt_kS1,True,-60.0,1.0,-0.4139794240708353,361161127.2823778,rowcol,0.3450829054850006,0.6239123981633949,0.0437988688830173,1.4587415132350474,0.3376101241481356,0.6156923339316859,0.34136363952459836,0.6197963830806247,0.1323964684560791,0.6295756314321093,0.5325228941265929,0.027286960638683952
edge_BrBt_cS2_kS1,True,-60.0,0.8871261491347523,-0.8183369189517369,361161127.2823778,rowcol,0.3097872710329224,0.6223544682837794,0.1389150078420577,1.598850423433614,0.26594491865019565,0.613735100741199,0.2886800964989733,0.6180392476485005,0.1673909868060701,0.6302438084360006,0.4699530533651868,0.02435000989314894
all_BrBt_cS2_kS1,True,-60.0,0.9728936285229383,-0.3687943724769642,361161127.2823778,rowcol,0.3333173815560083,0.6218526365023905,0.049059518545916794,1.3913959072006317,0.3239047145174388,0.6142077843453136,0.3286405613913032,0.6180237930582517,0.129575110784033,0.6267709548923731,0.5183228807252832,0.02654089985277871
edge_Br_only_kS1,True,-58.0,1.0,-1.4969358117014586,361161127.2823778,rowcol,0.3174257285176848,0.6307651192552531,0.14229359095240554,2.4381058507978626,0.28648460709289997,0.6182545628941658,0.3023374761441072,0.6245113226979715,0.17303129922828983,0.6549284919015202,0.5366465416582471,0.027724407465875546
edge_BrBt_kS1,True,-58.0,1.0,-1.494456612541112,361161127.2823778,rowcol,0.3174008223461898,0.6307519383874695,0.1420633797748311,2.4353019847532305,0.28651261156688096,0.6182520372272781,0.30233769421972023,0.624503441903385,0.17286787598466943,0.6548479325210217,0.5366352092113932,0.02772275447725059
all_BrBt_kS1,True,-58.0,1.0,-0.40987191487488894,361161127.2823778,rowcol,0.3454279130292639,0.6249976739635703,0.04381574556809282,1.4571407945322474,0.33794158108551864,0.6171618518545956,0.34170191964935237,0.6210734269187669,0.13252009091352546,0.6307981568343992,0.5348345217368172,0.027272059417064246
edge_BrBt_cS2_kS1,True,-58.0,0.8860885738085141,-0.8033015358580108,361161127.2823778,rowcol,0.31004687315312524,0.6247595813070912,0.1305818121511075,1.5837855293532679,0.2663711642014037,0.6167494505598032,0.28901579762781804,0.6207483267762287,0.161574350604272,0.6326166137702376,0.4739468777534073,0.024287951393347915
all_BrBt_cS2_kS1,True,-58.0,0.9692211719898166,-0.39016123232709804,361161127.2823778,rowcol,0.33065078354262745,0.6227877773371846,0.0499613260849656,1.3965564337125416,0.32015117900393303,0.6154033963916211,0.3254386568503786,0.619088980143699,0.12876952963767016,0.6278942261159377,0.5183819768399802,0.026431529033144014
edge_Br_only_kS1,True,-56.0,1.0,-1.4917678251450806,361161127.2823778,rowcol,0.3180165454810451,0.6306247114282534,0.1417991544438004,2.4478535537236237,0.2865138970168805,0.6221503649452808,0.30266135617105366,0.6263816524695633,0.1727575919289818,0.6569537432023153,0.5448527497183778,0.02771133514077122
edge_BrBt_kS1,True,-56.0,1.0,-1.4883104296735001,361161127.2823778,rowcol,0.3179806207797161,0.630606595573251,0.1414791485457797,2.443936998106347,0.2865545924830248,0.6221378427292714,0.3026617810325413,0.6263663282157462,0.17253091575113388,0.6568370566880015,0.54481840793369,0.027709060441911654
all_BrBt_kS1,True,-56.0,1.0,-0.4075322220843717,361161127.2823778,rowcol,0.34564000294529035,0.6249547428528092,0.043889323610218675,1.4630837686226827,0.33812635370794036,0.6182287547865344,0.3419004766772919,0.621584800353259,0.1326108452491572,0.6313944270330462,0.5371102137598488,0.02726902129171849
edge_BrBt_cS2_kS1,True,-56.0,0.8852544874589663,-0.7924750797971135,361161127.2823778,rowcol,0.3102392857914554,0.6249650021276575,0.12174544531281864,1.5828769136040346,0.2666076405927251,0.6187253042749205,0.28922798646229514,0.621838093727457,0.1555538980215441,0.633662577363469,0.4778910810755532,0.024255972220231136
all_BrBt_cS2_kS1,True,-56.0,0.96504286132811,-0.4213826607269347,361161127.2823778,rowcol,0.3274754241842068,0.6227663158580685,0.05085469498002814,1.4136656251766833,0.31545501279796195,0.6163726567118563,0.32151605157373664,0.6195624806795886,0.12772524453073017,0.6286258286506121,0.5184573610921919,0.026320271043551516
edge_Br_only_kS1,True,-54.0,1.0,-1.4922962054624693,361161127.2823778,rowcol,0.31770197488042956,0.6246403798190039,0.14180063229777254,2.4880151831208233,0.2866970617258049,0.6229114964360314,0.30258311091858264,0.6237724125960068,0.17273997020360737,0.6555440907976079,0.5530137093133969,0.02777759459797436
edge_BrBt_kS1,True,-54.0,1.0,-1.4901928557996418,361161127.2823778,rowcol,0.3176806985126664,0.6246376970750909,0.1416065346775859,2.4856152382734122,0.2867209271306378,0.6229028057093332,0.3025832682467352,0.6237667157034548,0.17260241607039506,0.655474914952934,0.5529817361193016,0.027776120043123728
all_BrBt_kS1,True,-54.0,1.0,-0.40688600512696727,361161127.2823778,rowcol,0.345639331656834,0.62330480273028,0.04405882084060417,1.4810096458661306,0.33817011555481286,0.6184330619372527,0.34192179704050935,0.6208620884066139,0.1326668708468702,0.63098102814064,0.5393803390417272,0.027287192914508252
edge_BrBt_cS2_kS1,True,-54.0,0.8856471587966793,-0.7984755813452811,361161127.2823778,rowcol,0.3101622170125411,0.6218470842763301,0.11179995559199175,1.6158023872829568,0.2664013370456738,0.618890905307087,0.2890915303024453,0.6203637032212153,0.14892920513101016,0.6328092307494901,0.48256387953056223,0.024304578537407355
all_BrBt_cS2_kS1,True,-54.0,0.9600094407807359,-0.4647962052089885,361161127.2823778,rowcol,0.3235857529193198,0.6209221412050173,0.05168284443953636,1.451265484053037,0.3095583406368843,0.6165621461053524,0.31664349367120403,0.6187355825827383,0.12634700390212233,0.6284173897509585,0.5185554013379474,0.02621198110077001
edge_Br_only_kS1,True,-52.0,1.0,-1.5064933893887829,361161127.2823778,rowcol,0.3157805397481941,0.6125089107906619,0.1434267175182232,2.564967338671846,0.28683212088907706,0.6203051586939438,0.3016409245015419,0.6164379588073422,0.17367264955575082,0.6507149488698162,0.5613326824533289,0.027953136766173458
edge_BrBt_kS1,True,-52.0,1.0,-1.508096832421634,361161127.2823778,rowcol,0.31579479719294984,0.6124982920328904,0.1435747586492096,2.5668170440318114,0.2868166430125428,0.6203089642202393,0.30164101556603246,0.6164346323185486,0.1737783003074251,0.6507629220471908,0.5613653760626099,0.02795444142466085
all_BrBt_kS1,True,-52.0,1.0,-0.407116726908613,361161127.2823778,rowcol,0.34538521457403576,0.6199734853512576,0.044334352684225954,1.5107734353450004,0.33814159578432584,0.6177107475395107,0.34177937346677506,0.6188377525265002,0.13269617011506818,0.62949899566055,0.5416421707007202,0.027332880167714565
edge_BrBt_cS2_kS1,True,-52.0,0.8881435360925318,-0.8324258158579283,361161127.2823778,rowcol,0.309495925791293,0.6146235104775344,0.09996492157892033,1.6951278164283465,0.26562644141394026,0.6172120591343523,0.2883770860720772,0.6159253199962711,0.1412757276699087,0.6299516310452027,0.48887409600498133,0.024479652060096745
all_BrBt_cS2_kS1,True,-52.0,0.9537156502507828,-0.5228362956585076,361161127.2823778,rowcol,0.3187788811323541,0.6164000528528977,0.05229062499174971,1.5158117405993488,0.3022924534146458,0.615651415252687,0.3106377253263682,0.6160240617914897,0.12451918732892492,0.6268378203677398,0.5186831074154685,0.0261139013428473
edge_Br_only_kS1,True,-50.0,1.0,-1.5407075248556297,361161127.2823778,rowcol,0.31163506665883484,0.5954125577270125,0.14772950946435545,2.6696066204026963,0.28677522428802893,0.6154677339034741,0.29945217382061257,0.6055710170490936,0.17625306512474098,0.6434914790984512,0.5700550444388964,0.028259258272786112
edge_BrBt_kS1,True,-50.0,1.0,-1.5474891542318487,361161127.2823778,rowcol,0.3116788726087229,0.5952967359655477,0.14836033202503107,2.677479997268254,0.28673106098211687,0.6154621868387607,0.2994537851748565,0.6055115195907906,0.17671053816969742,0.6436650576103488,0.570227620628456,0.028266047870374476
all_BrBt_kS1,True,-50.0,1.0,-0.4067663035006087,361161127.2823778,rowcol,0.34490179345086414,0.6153845449716069,0.04468183478894501,1.5469375131006198,0.33816065748371077,0.6164112982117824,0.34154485851725974,0.6159005850152085,0.13271460123600062,0.6272499857029095,0.543839784822477,0.027408205098422844
edge_BrBt_cS2_kS1,True,-50.0,0.893086813746897,-0.900471718042627,361161127.2823778,rowcol,0.30768920373936676,0.6027688745027914,0.08613110528440769,1.8216722851131664,0.2644232931708735,0.614202769647973,0.28685388427238173,0.6085399532938316,0.1327242200850516,0.6252818890665934,0.4975180163362627,0.024817241206595425
all_BrBt_cS2_kS1,True,-50.0,0.9457641156214109,-0.5971833596353489,361161127.2823778,rowcol,0.3129167379079141,0.6085485549931353,0.0523802079194026,1.6075488582753372,0.2937366165921816,0.613739837233344,0.30346971245237003,0.6111620924895005,0.12212111097538317,0.6237054570255548,0.5188465581658469,0.026037619725194916
edge_Br_only_kS1,True,-48.0,1.0,-1.5966555398735762,361161127.2823778,rowcol,0.3049038824654778,0.5761704315033517,0.15531248081753318,2.777384697930869,0.28654941824110997,0.6105613774971694,0.2958608528002474,0.5936970151875035,0.18099422760266293,0.6356526336474893,0.5793310438846285,0.028708338389383404
edge_BrBt_kS1,True,-48.0,1.0,-1.6084464802856775,361161127.2823778,rowcol,0.3049360610965852,0.5758500986710879,0.15642771588975676,2.790929123203945,0.2865251143447998,0.6105157377033688,0.29586564050224357,0.5935187557376403,0.18182300903324558,0.6359029439868904,0.5796879080515681,0.028723145238975106
all_BrBt_kS1,True,-48.0,1.0,-0.4042021715108842,361161127.2823778,rowcol,0.3442899068825907,0.6104367434682093,0.045019820027968685,1.5801856236825884,0.33835892932947403,0.6151859809231094,0.34133466196935275,0.6128272927585049,0.13273960666482573,0.6248369733832717,0.5458652434948436,0.0275101443560851
edge_BrBt_cS2_kS1,True,-48.0,0.8999689615821665,-1.0005428575779352,361161127.2823778,rowcol,0.30396435925307036,0.5866350934173191,0.07228940452266967,1.9783491623751301,0.2632194413916686,0.6109585130647776,0.2843046303183727,0.5989783064338896,0.12459238371113465,0.6194223254998119,0.5085539355437962,0.025332539815056197
all_BrBt_cS2_kS1,True,-48.0,0.9359207180290041,-0.6872256834813514,361161127.2823778,rowcol,0.3060092969302812,0.5973168669536951,0.05150151272097872,1.7158074255533353,0.2844340347438975,0.6115490777468843,0.29540910304169127,0.6045088102341488,0.11906811181726269,0.6192719951546695,0.5190476857930161,0.02600038764146366
edge_Br_only_kS1,True,-46.0,1.0,-1.668477899553865,361161127.2823778,rowcol,0.295813849888449,0.5595342828685413,0.1658959216282394,2.8508659049563088,0.2863372808745626,0.6082973557263281,0.29110991396811486,0.5845408444397607,0.18792431329800963,0.6294755159278949,0.5890044671643393,0.029296081145677322
edge_BrBt_kS1,True,-46.0,1.0,-1.6829804502911294,361161127.2823778,rowcol,0.2957840921313823,0.5590592558651182,0.1673032986839607,2.866859472129875,0.2863823937503284,0.6082240566831502,0.291117016914092,0.5842762940048662,0.18900046695995737,0.6297405097126222,0.5895077519168416,0.029318675360576432
all_BrBt_kS1,True,-46.0,1.0,-0.3983732548300087,361161127.2823778,rowcol,0.34370290091613087,0.6062822408650582,0.045239920461280704,1.6006705790548754,0.3388207031435868,0.6147326715634743,0.34126836095006596,0.6105422359406256,0.1327810200531459,0.6229782559286794,0.5475925762536142,0.027630749877933153
edge_BrBt_cS2_kS1,True,-46.0,0.907152260100232,-1.118112494145325,361161127.2823778,rowcol,0.29769542303385804,0.5688338378285822,0.06325811802634247,2.123538303934813,0.2624928383394344,0.6092688053537065,0.2806309948272423,0.5894945716476784,0.11909305852947089,0.6137300628697735,0.5208701681623618,0.025992743996251417
all_BrBt_cS2_kS1,True,-46.0,0.9243728597524864,-0.7880103117949554,361161127.2823778,rowcol,0.29828358838745783,0.583879798274083,0.04914877699998975,1.8165566227627088,0.2755124269984161,0.6104655692002039,0.2871137161207401,0.597384018385706,0.11538843881500345,0.614400591110632,0.5192794779679908,0.026023069830205837
edge_Br_only_kS1,True,-44.0,1.0,-1.7412097306278567,361161127.2823778,rowcol,0.28566392220309134,0.5516299621531217,0.177941564379952,2.8466167749010416,0.28631217439811635,0.6111111337549172,0.2859885203438052,0.5822724538886981,0.19619023759687113,0.6272491986700804,0.5984129602981894,0.029985619866393032
edge_BrBt_kS1,True,-44.0,1.0,-1.7541466072099094,361161127.2823778,rowcol,0.2855720810704006,0.5512417942768112,0.1792375602116823,2.8597460908260066,0.28641472515140487,0.6110697478380566,0.2859940882952253,0.5820676687038513,0.19720774941165276,0.6274788644426403,0.5989125661994638,0.030009947967553317
all_BrBt_kS1,True,-44.0,1.0,-0.3894261967520053,361161127.2823778,rowcol,0.34328088844299975,0.6039312922861322,0.045251567702121596,1.6016828079582621,0.3395350043888127,0.6154816698828356,0.3414114174986133,0.6097613852405986,0.1328345273871467,0.622236627599423,0.5489331349631672,0.027759355166495657
edge_BrBt_cS2_kS1,True,-44.0,0.9120390143048628,-1.224985773884303,361161127.2823778,rowcol,0.2892029962302544,0.5548361586879589,0.06183141766559516,2.1968737281248,0.2623090661497999,0.6111368438667166,0.27607175080577256,0.583799887222974,0.11697560831563164,0.6101227916697753,0.5319617627146765,0.026689406925325995
all_BrBt_cS2_kS1,True,-44.0,0.91197242145694,-0.8891207277781042,361161127.2823778,rowcol,0.29017853727811405,0.5711250478526894,0.04502827617190313,1.87660300040928,0.2683786827480519,0.6120754979373414,0.27948154473061976,0.5920521163093825,0.11131170098219356,0.610527926245671,0.5195222907469267,0.026121897166518755
edge_Br_only_kS1,True,-42.0,1.0,-1.7940039187696075,361161127.2823778,rowcol,0.27695167660219455,0.5570553384189775,0.1887820543212702,2.73140549321137,0.2864421985420882,0.6198970056830165,0.2817411234724089,0.5894640956847039,0.20395136266393432,0.6303224901818405,0.606425912521535,0.030697811319276826
edge_BrBt_kS1,True,-42.0,1.0,-1.8004056847172243,361161127.2823778,rowcol,0.2768806982710466,0.5569388259610624,0.1894452334088069,2.737068846057154,0.2865133550962942,0.6199085605946576,0.28174248171110455,0.5894154135611385,0.20448210324096755,0.6304494002620422,0.606694167557273,0.030711865768967617
all_BrBt_kS1,True,-42.0,1.0,-0.37870008194532995,361161127.2823778,rowcol,0.34308124894197106,0.6038976108836202,0.04502674777852539,1.5816166955888498,0.34039352367613435,0.6174038189252187,0.34173883302934804,0.6107202727960633,0.13288320103498935,0.6228105414152275,0.5498759649021348,0.027885927532567183
edge_BrBt_cS2_kS1,True,-42.0,0.9123436245512845,-1.2903345077887352,361161127.2823778,rowcol,0.28016140281595264,0.5502071834937494,0.062336477407739066,2.150795242298571,0.26220444315648955,0.617320145250782,0.27132353088951744,0.5848871543953653,0.11568685150134374,0.6100065063356145,0.5389230781265103,0.02726465959179417
all_BrBt_cS2_kS1,True,-42.0,0.9001638299746717,-0.9770123181010156,361161127.2823778,rowcol,0.2822623757969887,0.5631043318464257,0.039401086330327684,1.8669435323166013,0.26388990889559033,0.6170966916827354,0.2732224419864727,0.5908463636238337,0.10727868373527666,0.6091590076889138,0.5197469770053409,0.026296276664049264
edge_Br_only_kS1,True,-40.0,1.0,-1.8101715620913583,361161127.2823778,rowcol,0.2722790524633897,0.5750471174080841,0.19572301823058225,2.5037263952220057,0.2865625833607227,0.6330879956634212,0.27951842356633644,0.6049025401662235,0.2091209477207068,0.6381732226908006,0.6119361668359369,0.03133138727015613
edge_BrBt_kS1,True,-40.0,1.0,-1.8065084131647648,361161127.2823778,rowcol,0.27232572763170526,0.575051240268972,0.1953316317339503,2.5010886623400186,0.28651918242013286,0.633054625151412,0.2795188729893767,0.6048869447456129,0.20880468872663602,0.6380860685117328,0.6117731551156137,0.031322300456599096
all_BrBt_kS1,True,-40.0,1.0,-0.36806086686686423,361161127.2823778,rowcol,0.3430646528204495,0.6061091718125087,0.044610198599675535,1.543588800086491,0.3412429307663015,0.6200515102478418,0.34215419383758,0.6131532317998967,0.1329074228991348,0.624513446838485,0.5504840258898858,0.028003349635187056
edge_BrBt_cS2_kS1,True,-40.0,0.9078118603964171,-1.3013441879803445,361161127.2823778,rowcol,0.2725662579017523,0.5561580856466241,0.05796415452694408,1.9875878699496203,0.2618035200670208,0.6261450180683829,0.2672342897764783,0.5923530214129287,0.11237942506973987,0.6132724776180575,0.540460363934797,0.02760881425287081
all_BrBt_cS2_kS1,True,-40.0,0.890399273553618,-1.0412399721720522,361161127.2823778,rowcol,0.27514871096659715,0.5629982302150521,0.03315423368333658,1.7790215516837886,0.26175340043360906,0.6245046082872338,0.2685286364911782,0.5946938301587651,0.10378273814045058,0.611030304297432,0.5199272399188919,0.026523082981364802
edge_Br_only_kS1,True,-38.0,1.0,-1.7879039389250782,361161127.2823778,rowcol,0.272431703453523,0.5996706168991921,0.19761275541090226,2.2014895762635738,0.28665716313512474,0.6472463308142155,0.279641232754655,0.6240255237582297,0.21067269477159292,0.6485654919616742,0.614558879045255,0.031810956724986586
edge_BrBt_kS1,True,-38.0,1.0,-1.7735014521111094,361161127.2823778,rowcol,0.27260199754626513,0.5994438371895175,0.19603463566691404,2.1937782984098075,0.2865093795395983,0.6469947079126775,0.27964834308789904,0.6237859635919147,0.2093965531286831,0.6481534472093646,0.6138903481192443,0.03177173281226071
all_BrBt_kS1,True,-38.0,1.0,-0.3590888846885768,361161127.2823778,rowcol,0.34313965283775105,0.6100712492858466,0.044093114305411664,1.493879677250315,0.341952134456105,0.6227553949877382,0.3425458799936965,0.6164762045448922,0.1328957921291756,0.6269102961399367,0.5508552115428432,0.028107338646049806
edge_BrBt_cS2_kS1,True,-38.0,0.9003656006727718,-1.2707606997899903,361161127.2823778,rowcol,0.267278995769199,0.5694701777946987,0.04821306721310386,1.7569962294849952,0.2612294614257122,0.6343718357404723,0.26426884850847127,0.602949706314784,0.10733188158126346,0.618571471821124,0.5377381450408816,0.027728606146905695
all_BrBt_cS2_kS1,True,-38.0,0.8834186035445194,-1.0797992023004201,361161127.2823778,rowcol,0.26938567642381506,0.5711279697192917,0.027359198881604072,1.6302772596471025,0.26096215755881974,0.631899079866771,0.2652036159136595,0.6024252777608453,0.10112480046006857,0.6156261179811708,0.5200525340634834,0.02676524216649712
edge_Br_only_kS1,True,-36.0,1.0,-1.741215695261816,361161127.2823778,rowcol,0.2758722512170729,0.6243514579874075,0.19545618779714136,1.8848194659558157,0.2868494870275033,0.6588555096609866,0.28141928049519244,0.6419176655079611,0.20925257127491043,0.6588340757382719,0.6148770679874831,0.032120352741699554
edge_BrBt_kS1,True,-36.0,1.0,-1.7178424964178916,361161127.2823778,rowcol,0.2760894211990549,0.6236761507677621,0.19284802524704664,1.8766646414672794,0.2866787019869303,0.6582548111438455,0.2814385799340245,0.6412810758884894,0.20715525576121271,0.6580549144682883,0.6137616013329118,0.03205215080914914
all_BrBt_kS1,True,-36.0,1.0,-0.3525918206341935,361161127.2823778,rowcol,0.3432228415130744,0.6150888230614814,0.043575712367868634,1.4405917191393198,0.3424564998474959,0.6248251253754856,0.3428395439040189,0.6199993134738538,0.13285151116985214,0.6294812173906568,0.5510798577219702,0.02819474479393941
edge_BrBt_cS2_kS1,True,-36.0,0.892526697504717,-1.2230309755042643,361161127.2823778,rowcol,0.26399010946777585,0.5860750772895964,0.036633532890998494,1.5192701208145563,0.26075171750797016,0.6392017291536428,0.2623744692506494,0.6133406203798318,0.10264298012362326,0.6242782900351966,0.5331332938492833,0.0277092300861495
all_BrBt_cS2_kS1,True,-36.0,0.8790537977131966,-1.0984285636831101,361161127.2823778,rowcol,0.26525529340347825,0.5850857212876741,0.02268092302180541,1.454887497878625,0.26067277169525765,0.636770570593425,0.26297197605861733,0.6115976515508341,0.09931498225322481,0.6214995301944535,0.5201293968708788,0.02698675786846459
edge_Br_only_kS1,True,-34.0,1.0,-1.6906164884070596,361161127.2823778,rowcol,0.28025612968469626,0.6451564394160187,0.19155325587746908,1.61156600569892,0.2870813699485035,0.6656644518085773,0.2836923124002589,0.6555395705544212,0.20653536382393597,0.6670219398732552,0.6140153561584569,0.03229170588268894
edge_BrBt_kS1,True,-34.0,1.0,-1.6610614710561673,361161127.2823778,rowcol,0.28044398924407005,0.6440527337463074,0.18821709326532693,1.606192803847558,0.28696096984472974,0.6646951431041521,0.28372409057693077,0.654504567173861,0.2038747271585788,0.6659209615502334,0.6125810465840702,0.032201245602375576
all_BrBt_kS1,True,-34.0,1.0,-0.3485768392628219,361161127.2823778,rowcol,0.343271046407237,0.6204117847815931,0.04314326709226197,1.392807454428134,0.34276259605306486,0.6256849387247582,0.34301668925987805,0.6230665200130434,0.13279186325321507,0.6317309514722995,0.5512175385990424,0.028261986037364035
edge_BrBt_cS2_kS1,True,-34.0,0.8861104271684296,-1.1784989893214455,361161127.2823778,rowcol,0.2620522327926075,0.60306522075767,0.026842616592007502,1.3197323099964804,0.2604805385260715,0.6392568802692097,0.26126686835697677,0.6215108787350149,0.09959791530430265,0.6291046071793179,0.528705572439623,0.02764011929015322
all_BrBt_cS2_kS1,True,-34.0,0.8766299489591504,-1.1054319420378849,361161127.2823778,rowcol,0.262654924233958,0.601470938695166,0.01925974609190234,1.2910824557487346,0.2605363332877326,0.6374165034528179,0.2615968310594791,0.6197901122529842,0.09818997215434215,0.6269988003135583,0.5201720678295199,0.02716123270142936
edge_Br_only_kS1,True,-32.0,1.0,-1.6534393968899632,361161127.2823778,rowcol,0.2839200131975842,0.6606622387318951,0.18819816925087302,1.4267506224221318,0.2869760280386755,0.6667993714147439,0.2854534697270264,0.6637525390501153,0.20418819861223264,0.6721184933500792,0.6130420355076915,0.03237129930283801
edge_BrBt_kS1,True,-32.0,1.0,-1.6204472621534818,361161127.2823778,rowcol,0.28404132522583797,0.6592949522152479,0.1844515020356861,1.424748758575754,0.2869365880188833,0.6655473421943093,0.28549391476695873,0.6624434396121511,0.20122111980541718,0.6708049755628824,0.6114269487903,0.032267427161770224
all_BrBt_kS1,True,-32.0,1.0,-0.3465501426303003,361161127.2823778,rowcol,0.34327792638289706,0.6253103808983556,0.04285826665308744,1.3595219586029839,0.34292295308319815,0.6249626207826241,0.3431003277338042,0.6251356953898869,0.13274156505866214,0.6332509433547967,0.551295749414901,0.02830483342947345
edge_BrBt_cS2_kS1,True,-32.0,0.8820339917616885,-1.1486304431150056,361161127.2823778,rowcol,0.26096142148240475,0.6186133097678687,0.020842897082151476,1.1877925096059039,0.26042948740437577,0.6343477880591052,0.2606953534903821,0.6265674775079974,0.09814266169602907,0.6322352000258874,0.5256819843849775,0.027579920349079766
all_BrBt_cS2_kS1,True,-32.0,0.8754645601159496,-1.1073353347579864,361161127.2823778,rowcol,0.2612173641623678,0.6172825890377266,0.017094742111431308,1.1743006096819353,0.2605329600489121,0.6331104639467806,0.26087508209640436,0.6252843685885595,0.09758033391951017,0.6307955666353717,0.5201930162926746,0.027272042312943057
edge_Br_only_kS1,True,-30.0,1.0,-1.6399241973913123,361161127.2823778,rowcol,0.2862122017712939,0.6705752269191073,0.18690493097347183,1.3618499876291654,0.28600420427685663,0.6621834749459581,0.28610812939992747,0.666372540880127,0.20328492285837682,0.6737475182204505,0.6126400876185185,0.032393628889739075
edge_BrBt_kS1,True,-30.0,1.0,-1.6058953767700175,361161127.2823778,rowcol,0.2862553205517019,0.6691522957539954,0.1830334528865287,1.361315771387114,0.28604779926632473,0.6608043919319312,0.286151486407401,0.6649715282524391,0.20022738047445443,0.6723640118622699,0.6109698224741147,0.032285485443536384
all_BrBt_kS1,True,-30.0,1.0,-0.34595309604444724,361161127.2823778,rowcol,0.3432491766100699,0.6291461515100514,0.04275912096658931,1.3477069178518042,0.3429992668416214,0.6225554428280773,0.3431241333082414,0.6258437497155955,0.13272232559705152,0.6337682542420964,0.5513216404851481,0.028319607057347457
edge_BrBt_cS2_kS1,True,-30.0,0.8806485911535753,-1.1382795601699431,361161127.2823778,rowcol,0.26040919346595964,0.6314549207461286,0.01893379980406069,1.1421428251224464,0.26063516611811155,0.6249531370605313,0.26052230481431893,0.6281969294317384,0.09774508887810546,0.6332506423037491,0.5246242264474127,0.02755723162789341
all_BrBt_cS2_kS1,True,-30.0,0.8751234104727235,-1.1076302371835889,361161127.2823778,rowcol,0.2605346259137579,0.6303413253482084,0.016335106515215844,1.1323081156034314,0.26077918192222427,0.6239436983508915,0.2606570413874791,0.6271354073022946,0.09738838432128674,0.6320810253540726,0.5201992909797684,0.027309979335001847
edge_Br_only_kS1,True,-28.0,1.0,-1.6533022227370797,361161127.2823778,rowcol,0.2871945177129317,0.6748055832874785,0.18818380629936635,1.4290270948874613,0.2837387481818471,0.6519629973863936,0.2854703249664787,0.6634281131130636,0.20417997333926627,0.6718342537761587,0.6130353149071366,0.03237086731113055
edge_BrBt_kS1,True,-28.0,1.0,-1.6204714200680248,361161127.2823778,rowcol,0.28715467826773317,0.6735242852504685,0.18445546178817296,1.4269928360945696,0.2838594917306553,0.6506496085831317,0.285510373083035,0.6621311627439532,0.20122743572407623,0.6705321902541854,0.6114281304490787,0.03226750320015066
all_BrBt_kS1,True,-28.0,1.0,-0.34654312835477813,361161127.2823778,rowcol,0.34317504053987824,0.6314653975087259,0.04285867923991876,1.3600245713302972,0.3430327390404883,0.61865930268348,0.3431038338661678,0.6250645952356839,0.1327429144624143,0.6331888089457798,0.5512954316364673,0.02830481190626151
edge_BrBt_cS2_kS1,True,-28.0,0.8820359490732679,-1.1486624294924845,361161127.2823778,rowcol,0.26021513496391113,0.6405915097405547,0.020853715004168705,1.1897043011663253,0.2611993151942793,0.6118834627231146,0.26070812729532944,0.6263334963369304,0.09814926815892755,0.6320301367498465,0.5256845672856307,0.027580073708125635
all_BrBt_cS2_kS1,True,-28.0,0.8754657240325929,-1.1073212101326075,361161127.2823778,rowcol,0.26029596556565887,0.6392332678282329,0.017103726685422684,1.1761612004022028,0.26147651811429257,0.6106920468686737,0.2608874347683065,0.6250574909224231,0.09758619182695408,0.6305965440084342,0.5201929589808559,0.02727202977621164
edge_Br_only_kS1,True,-26.0,1.0,-1.6903032610137037,361161127.2823778,rowcol,0.2872992448454138,0.6732322387995588,0.19152110633788094,1.6155315083987372,0.2801234441419429,0.6362580882269194,0.28373083858224263,0.6549179296821155,0.20651681724854803,0.666482562190397,0.6140001443230253,0.032290746820348146
edge_BrBt_kS1,True,-26.0,1.0,-1.6610555466427372,361161127.2823778,rowcol,0.2871797149272717,0.6722487666003217,0.18821963533924654,1.6101578257948896,0.2803087133663686,0.635210155066852,0.28376195516803293,0.6539033906416258,0.20388393186660883,0.6654013888500603,0.6125807592795262,0.03220122747606506
all_BrBt_kS1,True,-26.0,1.0,-0.3485460933584433,361161127.2823778,rowcol,0.3430164279498317,0.6320836819615693,0.043143121129931565,1.3937637035491417,0.34303504014372427,0.613736182819098,0.34302574245246237,0.6229337133609483,0.13279500749263495,0.6316156643629954,0.5512161606148039,0.028261895796942875
edge_BrBt_cS2_kS1,True,-26.0,0.8861099169143501,-1.1784909029060988,361161127.2823778,rowcol,0.26028046222656687,0.6452286739616045,0.026857590907555122,1.3231545084179055,0.2623058956144095,0.5961593677046616,0.2612960424358287,0.6210617500669071,0.09961182563373919,0.6287144127687531,0.5287049148317244,0.027640080909212834
all_BrBt_cS2_kS1,True,-26.0,0.8766349593279176,-1.1053704583398816,361161127.2823778,rowcol,0.26030312218514773,0.6432197195499761,0.019280552638232213,1.2943642579029828,0.26293631338145357,0.5947996924837311,0.2616242019633646,0.6193675270472054,0.09820343113960246,0.6266314428398547,0.5201718206385572,0.02716118273071088
edge_Br_only_kS1,True,-24.0,1.0,-1.7406550337334379,361161127.2823778,rowcol,0.2870599798678846,0.6659614072210713,0.19540023123197364,1.8896991294088636,0.2758141697235473,0.6154028567866718,0.2814882383049966,0.6410601255597269,0.20922006010293148,0.6581024943475972,0.6148502959536349,0.032118716010323546
edge_BrBt_kS1,True,-24.0,1.0,-1.7177021250263447,361161127.2823778,rowcol,0.28689228334403766,0.6653584480088405,0.19283897301211375,1.8816456779113595,0.2760262082882619,0.6147745523390947,0.28150684537388065,0.6404454129229263,0.2071606103662968,0.6573460647329719,0.6137549060822065,0.03205174140485073
all_BrBt_kS1,True,-24.0,1.0,-0.35250606812587026,361161127.2823778,rowcol,0.34271361594397903,0.6311168128922038,0.04357319172704292,1.4419134531337408,0.34300189212957166,0.6084288247628546,0.34285791257151377,0.6198225085829763,0.132857253508899,0.6293295057094944,0.5510760910824335,0.02819451139522312
edge_BrBt_cS2_kS1,True,-24.0,0.8925133748295686,-1.2228292659664068,361161127.2823778,rowcol,0.2605698937802804,0.6449033923635317,0.03663001211756506,1.523602744124851,0.26426698332887644,0.5790791731849286,0.26242659386023126,0.6127188027285373,0.10266004302163699,0.6237457108130355,0.5331167412716676,0.027708289259106254
all_BrBt_cS2_kS1,True,-24.0,0.8790672722758867,-1.0982597178344358,361161127.2823778,rowcol,0.26044479989558716,0.6422527880078022,0.022716100359919167,1.4590035360316964,0.2655636406917551,0.5784664433414665,0.2630189504213767,0.611040322819778,0.09933886693308266,0.6210225952244021,0.5201287284564066,0.026986640854762947
edge_Br_only_kS1,True,-22.0,1.0,-1.7870095095737133,361161127.2823778,rowcol,0.28685743464629393,0.6539098900658935,0.19752653605432807,2.206588339317285,0.27247203456305924,0.5908670633245299,0.27975081671519403,0.6230359569831387,0.2106226610378441,0.6477416701153759,0.6145173476533601,0.03180851983697856
edge_BrBt_kS1,True,-22.0,1.0,-1.7730880792329715,361161127.2823778,rowcol,0.2867149079630623,0.653662117184732,0.19600113209412948,2.1991103286903635,0.2726353573581828,0.5906681485874177,0.2797574574006802,0.6228117798234138,0.20938931360394694,0.6473492873512411,0.613871167387815,0.031770607528780054
all_BrBt_kS1,True,-22.0,1.0,-0.35890642521936117,361161127.2823778,rowcol,0.3422155832439721,0.6289498690433605,0.04408586431504096,1.4954520133871065,0.34294026162222957,0.6034669667711119,0.3425784364188876,0.6162793492899149,0.1329051444001542,0.6267443480839219,0.5508474531250377,0.028106893059868906
edge_BrBt_cS2_kS1,True,-22.0,0.9003211223178397,-1.270122895573163,361161127.2823778,rowcol,0.2610678685973564,0.6398250370552516,0.04815280580560084,1.7615570135937073,0.26758903277227253,0.562519754852988,0.2643514607576144,0.6022296375345356,0.10733622282604052,0.617965509681534,0.5376854032342371,0.027725706795158768
all_BrBt_cS2_kS1,True,-22.0,0.8834455083978868,-1.0794504160757767,361161127.2823778,rowcol,0.26074785449767124,0.6371079303349729,0.02740747591107575,1.6346955233966538,0.2697190777298394,0.5646954543565176,0.26527538375117893,0.6018190121905824,0.10116172497205128,0.6151191869460878,0.5200511833024138,0.02676505538910074
edge_Br_only_kS1,True,-20.0,1.0,-1.8088734805697917,361161127.2823778,rowcol,0.28675403158750534,0.6393856295598781,0.19560313249006153,2.5084919458366155,0.27242663311146886,0.5666151014147471,0.27967572051823003,0.6039238038680337,0.20905268896799528,0.6373833920588103,0.6118783980278405,0.03132816691860548
edge_BrBt_kS1,True,-20.0,1.0,-1.8056855845089845,361161127.2823778,rowcol,0.28671642962403004,0.639356177475048,0.19526252578238562,2.506191759884491,0.2724668345542998,0.5666229209194937,0.27967606069938117,0.6039119735025097,0.2087775234455082,0.6373088581539207,0.6117365432310198,0.03132025974121818
all_BrBt_kS1,True,-20.0,1.0,-0.3677358518632123,361161127.2823778,rowcol,0.3415165253222743,0.626169468809991,0.0445958542102984,1.5452812808017085,0.3428927933083037,0.5995957764897013,0.3422059634109069,0.612963246491842,0.1329214178762871,0.624357559934552,0.5504708599287733,0.028002662592869307
edge_BrBt_cS2_kS1,True,-20.0,0.907709858535735,-1.299962418758669,361161127.2823778,rowcol,0.26165823739782734,0.6313963623936709,0.05780572385842408,1.9916119460752064,0.2729175098738487,0.5494439018272536,0.2673521603803471,0.5916452639671714,0.11234711558695568,0.6126852479796957,0.5403457943387541,0.02760275100263942
all_BrBt_cS2_kS1,True,-20.0,0.8904425964726506,-1.0406488632763324,361161127.2823778,rowcol,0.2615693524284265,0.6295366933476862,0.03320926268603407,1.7833070040900498,0.27549667076497975,0.5568555301835544,0.268629481295074,0.5941351316000347,0.10383346945829622,0.6105779665057731,0.5199250156164202,0.02652287624153552
edge_Br_only_kS1,True,-18.0,1.0,-1.7922829232421298,361161127.2823778,rowcol,0.2866306858474027,0.6259564978650454,0.188631155239561,2.735449839180273,0.2771898790269319,0.5491948962200442,0.28194560061033813,0.588645126475131,0.20386923036724888,0.6296850649188449,0.6063538144718069,0.030694034896144723
edge_BrBt_kS1,True,-18.0,1.0,-1.7990891168599568,361161127.2823778,rowcol,0.28670574343297456,0.6259687472335413,0.18933622509761214,2.7414792284074667,0.2771155011053007,0.5490634929289,0.2819471347676665,0.588590022271813,0.2044333064294851,0.6298176242090793,0.6066389907455367,0.03070897448584235
all_BrBt_kS1,True,-18.0,1.0,-0.3781914795807224,361161127.2823778,rowcol,0.34068086059376707,0.623472857294323,0.04500362018686225,1.583295401226608,0.34294086432788967,0.5974991176718364,0.341813735641021,0.610562153462258,0.13290267182281787,0.6226864706920904,0.5498567313649664,0.027885033437135897
edge_BrBt_cS2_kS1,True,-18.0,0.9121557534687146,-1.2879247208278175,361161127.2823778,rowcol,0.26206607648620034,0.6224367990338211,0.06206932608307447,2.153505315737357,0.2805511130310149,0.543935470490954,0.27147419695572844,0.5843186190160096,0.11561089118591143,0.6095322730781734,0.5387243816599058,0.027254565615709478
all_BrBt_cS2_kS1,True,-18.0,0.9002223695406365,-0.9761528915951458,361161127.2823778,rowcol,0.2637588182789893,0.6220802060947649,0.0394535681388595,1.8707653600980245,0.28260768366068517,0.5572800357982849,0.2733541469926003,0.5904151869742224,0.10734102509521434,0.6088259365369435,0.5197438572359359,0.02629614863162529
edge_Br_only_kS1,True,-16.0,1.0,-1.7391100125892127,361161127.2823778,rowcol,0.28650609379481023,0.6170743804659747,0.1777680927089999,2.8497334655643742,0.28595720584411366,0.5444225543300848,0.2862315372229504,0.5817104451393776,0.19610264861654392,0.6268304118286857,0.5983319144985014,0.029981676272725428
edge_BrBt_kS1,True,-16.0,1.0,-1.7523382634800388,361161127.2823778,rowcol,0.28660933703403707,0.6170311772927018,0.17909326465307376,2.863171655788214,0.2858655492464455,0.544015159572714,0.28623735386510935,0.5814961227567872,0.1971425717917784,0.6270619691946342,0.5988427030648373,0.030006544165800435
all_BrBt_kS1,True,-16.0,1.0,-0.38870899141893966,361161127.2823778,rowcol,0.3398383592738835,0.6215302617283349,0.04521925929373482,1.6032253050790908,0.3431724281983285,0.597653880578287,0.34151094557397516,0.6096520058040751,0.1328598683519671,0.6221580297135884,0.5489084457971588,0.02775835350418375
edge_BrBt_cS2_kS1,True,-16.0,0.9117472672262354,-1.2214223210452435,361161127.2823778,rowcol,0.26217109435875263,0.6161840051018701,0.061537089089015236,2.19771573483508,0.2896115863013024,0.5491221611918906,0.27624447908696276,0.5834573725941751,0.116897056160775,0.6098186170652514,0.5316727347029087,0.026675326718126842
all_BrBt_cS2_kS1,True,-16.0,0.9120403003234893,-0.8880182034467404,361161127.2823778,rowcol,0.26832092807935765,0.6171310363239509,0.04506975801194707,1.8797561154790121,0.2905024441384551,0.5655560902185529,0.2796415728843023,0.5917826343636367,0.1113809233842621,0.6103364231172856,0.5195184588241119,0.02612194945056141
edge_Br_only_kS1,True,-14.0,1.0,-1.6660872703298515,361161127.2823778,rowcol,0.2865432848699243,0.6142714300989792,0.16571026637170058,2.852998359916273,0.2961273905402866,0.5528948172577132,0.29137900906035613,0.584243215299578,0.18783960649921716,0.6292687986044687,0.5889215658889819,0.029292363946875236
edge_BrBt_kS1,True,-14.0,1.0,-1.6807603661837074,361161127.2823778,rowcol,0.28658668772886375,0.6141962919350666,0.1671341750011533,2.869191502749638,0.2960997456470206,0.5524075132467047,0.29138627332825895,0.5839722667593389,0.1889277157123739,0.6295348626108119,0.5894306666456453,0.029315211676573402
all_BrBt_kS1,True,-14.0,1.0,-0.39744852602702274,361161127.2823778,rowcol,0.33914012496130125,0.620783215615942,0.045199536217009915,1.6019793075122681,0.3436227292474234,0.6001107679889676,0.3413907785294698,0.6104851811008334,0.13281199849190914,0.6229463037073649,0.5475644920272617,0.027629776967563257
edge_BrBt_cS2_kS1,True,-14.0,0.9067583345163319,-1.113495841853352,361161127.2823778,rowcol,0.26235878587884803,0.6142828601201545,0.06312187404420873,2.1224035509258865,0.29809511414049517,0.5636162296078557,0.28081190200816514,0.5893733685298544,0.11908869574716073,0.6135869542072072,0.5205064169047721,0.025975706938615784
all_BrBt_cS2_kS1,True,-14.0,0.9244415644537575,-0.7867316108925978,361161127.2823778,rowcol,0.2755352030058773,0.6156658596839607,0.049174535195789834,1.818964828132569,0.29857096893234664,0.5784470716007304,0.28729430692496566,0.5972576549911293,0.11545911979271029,0.6143285181575002,0.5192752554983896,0.026023343210301086
edge_Br_only_kS1,True,-12.0,1.0,-1.594070880808992,361161127.2823778,rowcol,0.286769181224973,0.6165944070748819,0.155122756684777,2.7785422843862824,0.30521650289361335,0.5699077999840262,0.29614472199929975,0.5935988812326332,0.1809169003407043,0.6355970701079966,0.5792528805395981,0.02870510000200685
edge_BrBt_kS1,True,-12.0,1.0,-1.605932886949424,361161127.2823778,rowcol,0.2867426480274565,0.6165481267172156,0.15624469514540243,2.792174833994516,0.3052507708707302,0.5695832516712354,0.29614956294245065,0.5934184363525806,0.18175001934919932,0.635848288438103,0.5796117916799896,0.028719984084152855
all_BrBt_kS1,True,-12.0,1.0,-0.40310018047365753,361161127.2823778,rowcol,0.33869200332597327,0.6212498326906197,0.044973598776021514,1.5811908872357159,0.3442312410846788,0.6043388448383659,0.3414753182909598,0.612812330424948,0.13277534182699946,0.6248402198782175,0.5458368698264943,0.02750932325083723
edge_BrBt_cS2_kS1,True,-12.0,0.8994914592160823,-0.9951274107491522,361161127.2823778,rowcol,0.26309774971123906,0.6159432502038401,0.07240722598309286,1.975529528127482,0.30433601306487446,0.5817299087390813,0.2844834382280012,0.5989992754137897,0.12470702018126256,0.619379406300757,0.5081448784863254,0.025313952492419224
all_BrBt_cS2_kS1,True,-12.0,0.9359822764461058,-0.6858518030149121,361161127.2823778,rowcol,0.2845285314751939,0.616907936551003,0.05151117786534804,1.7174843896398448,0.3062512331868454,0.5919051779311532,0.2955991547800628,0.6044761930694591,0.11913594770352923,0.6192729503353673,0.5190434075811489,0.026000831938363878
edge_Br_only_kS1,True,-10.0,1.0,-1.5380103211101,361161127.2823778,rowcol,0.28700568663818704,0.6215582426481475,0.14753988917941274,2.669784851853204,0.31193934054350303,0.5893328226160209,0.2997429755017959,0.6055830422173457,0.17618318034643832,0.643507897190551,0.5699864567584427,0.02825656332062483
edge_BrBt_kS1,True,-10.0,1.0,-1.5447993162278764,361161127.2823778,rowcol,0.28696018089756653,0.6215527617207791,0.1481713847856963,2.677668618490623,0.311984225662405,0.5892165853440269,0.29974458879153965,0.6055234166224915,0.1766407379222464,0.6436816685788178,0.5701591493267556,0.028263352538844544
all_BrBt_kS1,True,-10.0,1.0,-0.40553875395236244,361161127.2823778,rowcol,0.3385031784704772,0.6224885463810634,0.044632410527735256,1.5475880592438171,0.34485681571688837,0.6093222124774544,0.34169759145587386,0.6159091516404676,0.13275377866461915,0.6272695817885999,0.5438143885104734,0.02740759955728818
edge_BrBt_cS2_kS1,True,-10.0,0.8925508488831672,-0.8945383267953995,361161127.2823778,rowcol,0.2643177749469728,0.6191487101103226,0.08642135818074947,1.8175975461209566,0.30802951260807115,0.5979930433231762,0.28702641435142523,0.6086123343381032,0.13293782991067707,0.6252687592237055,0.49709390344394866,0.024798213752415817
all_BrBt_cS2_kS1,True,-10.0,0.945813225125494,-0.5957833912669276,361161127.2823778,rowcol,0.2938851639500483,0.619232006229496,0.05237647886143166,1.6085454735933251,0.3131104592905727,0.6030831889206991,0.3036585513213443,0.6111724102343336,0.1221836488806191,0.6237334992035393,0.518842474793391,0.0260381174638955
edge_Br_only_kS1,True,-8.0,1.0,-1.5037419419355014,361161127.2823778,rowcol,0.28706806557068637,0.626425422079245,0.14323829283348896,2.564127745871169,0.3160772274793763,0.6064743289121939,0.3019341438986417,0.6164829917772887,0.17360770982468138,0.6507341277232921,0.5612766074297716,0.027950900663380386
edge_BrBt_kS1,True,-8.0,1.0,-1.505325608718165,361161127.2823778,rowcol,0.2870524628632506,0.6264292381486529,0.1433845049423718,2.565954583977807,0.3160915416883081,0.6064638594805841,0.3019342326444082,0.6164797470749978,0.17371195675895212,0.6507815277354299,0.5613088788519092,0.027952187302446255
all_BrBt_kS1,True,-8.0,1.0,-0.4058210092084708,361161127.2823778,rowcol,0.33848888889181644,0.6237944580512694,0.04428406982362616,1.5110281334942284,0.34534713221528607,0.6139158376793211,0.34193825623630475,0.6188512921950101,0.13273741184660034,0.6295164959017957,0.5416222918584016,0.027332479644759426
edge_BrBt_cS2_kS1,True,-8.0,0.8875728081904526,-0.8262070998209069,361161127.2823778,rowcol,0.2655339547580534,0.6221156915370301,0.10031753317423653,1.6901329214065097,0.30981285186530094,0.6098597651430652,0.28854371380692395,0.6159889711201134,0.14153772498013337,0.6299193967948832,0.4884586071722826,0.02446076586993458
all_BrBt_cS2_kS1,True,-8.0,0.9537499947627806,-0.521454710226857,361161127.2823778,rowcol,0.3024773048393471,0.6212396908793132,0.05227738133492867,1.516190532489173,0.3189262415778662,0.6108499019198892,0.31081792203095626,0.6160419134252657,0.1245756176515755,0.6268616596702383,0.5186793537453165,0.0261143159571273
edge_Br_only_kS1,True,-6.0,1.0,-1.4895275006657298,361161127.2823778,rowcol,0.2869338473266326,0.6290282771710394,0.14161312676284216,2.486140570159903,0.317994765372538,0.6185791536881108,0.3028765592731696,0.6238006662350839,0.17267713616568703,0.6555209553213149,0.5529716263684932,0.027775654009725103
edge_BrBt_kS1,True,-6.0,1.0,-1.487405643782203,361161127.2823778,rowcol,0.28695835415149834,0.6290194301743895,0.14141732582003222,2.4837202052620766,0.3179729943638458,0.6185764276755394,0.30287671922701487,0.6237948689105088,0.17253850886698574,0.6554511878132125,0.5529393998005867,0.02777416913191641
all_BrBt_kS1,True,-6.0,1.0,-0.4055693348147238,361161127.2823778,rowcol,0.3385183879588847,0.6245149177126484,0.04400933906440105,1.4808482118139896,0.3456035020545575,0.6172352266222161,0.34208244033497215,0.6208683745677369,0.1327090826668002,0.6309845154544287,0.5393673766383454,0.02728693313451459
edge_BrBt_cS2_kS1,True,-6.0,0.8850610940137611,-0.7921432791488144,361161127.2823778,rowcol,0.26631530724056646,0.6237608622108368,0.11214154297554407,1.610063019718864,0.3104674447526311,0.6170442208487262,0.28925467488636875,0.6203956074844745,0.14919395473941297,0.6327377876817314,0.48217302551672125,0.024286005215242493
all_BrBt_cS2_kS1,True,-6.0,0.9600288347894748,-0.4634514504951156,361161127.2823778,rowcol,0.3097663207959886,0.6222148207509333,0.0516636917473043,1.4511081013181695,0.32369139698336663,0.6152864033073042,0.3168115700239661,0.6187437808059192,0.12639761524740728,0.6284228586733722,0.5185520125019484,0.026212193887834502
edge_Br_only_kS1,True,-4.0,1.0,-1.4890014645189698,361161127.2823778,rowcol,0.2867492298090411,0.6282393668402501,0.141612135413735,2.4450427409267292,0.31830881209061385,0.6245190809702653,0.3029542947629433,0.6263731106039061,0.17269500659778872,0.6568723112546975,0.5448252670234849,0.027709514656448143
edge_BrBt_kS1,True,-4.0,1.0,-1.4855422204497535,361161127.2823778,rowcol,0.28679065229020717,0.628226775015174,0.1412919662013692,2.44112604336041,0.3182723662125149,0.6245010008261507,0.302954719667627,0.62635776974918,0.1724684324431417,0.6567557084977728,0.5447909554979969,0.027707243077763042
all_BrBt_kS1,True,-4.0,1.0,-0.4062223220568549,361161127.2823778,rowcol,0.3384735353509809,0.6243033176223837,0.04384147567624306,1.4625352982900142,0.34560411725535367,0.6188708097924018,0.3420605792418755,0.621580038468528,0.13265340250363386,0.6313808686537001,0.5371045857133824,0.027268821118591743
edge_BrBt_cS2_kS1,True,-4.0,0.8846675930410969,-0.7861478478843312,361161127.2823778,rowcol,0.26652203705314687,0.623577759413848,0.12203879721409332,1.5764996564825717,0.310542840632192,0.6201175606392416,0.28939026635604265,0.6218418119267961,0.1557933839898531,0.6335547997128745,0.47753451258982393,0.02423767529266667
all_BrBt_cS2_kS1,True,-4.0,0.9650480603629796,-0.4200707007792928,361161127.2823778,rowcol,0.31567828540916176,0.6220698043149827,0.05083224242840343,1.4130885914520361,0.3275452767337982,0.6170596144222562,0.3216717886545681,0.6195578212385806,0.1277709249851311,0.6286121782470012,0.5184543049738528,0.02632019383997203
edge_Br_only_kS1,True,-2.0,1.0,-1.4941774622157133,361161127.2823778,rowcol,0.28671897577461586,0.6243095289241775,0.14210685703036866,2.4346328041288077,0.3177191681306099,0.6246335345035585,0.3026300641259595,0.6244723256893828,0.17296839521728882,0.6548010309564379,0.5366339352609425,0.027722568529895134
edge_BrBt_kS1,True,-2.0,1.0,-1.491714139794379,361161127.2823778,rowcol,0.28674729890714457,0.6243070427937052,0.14187812593672963,2.4318486377593813,0.31769406107604614,0.6246205122609284,0.30263027920926655,0.6244645450232459,0.17280617637498855,0.6547211680793593,0.5366227114419496,0.027720929192075253
all_BrBt_kS1,True,-2.0,1.0,-0.4085760449195251,361161127.2823778,rowcol,0.3382874277161627,0.6232285881793823,0.04376957182724671,1.4563068706216789,0.3453916221736562,0.6189065909576363,0.34186113963513987,0.6210610383691658,0.13256283505706487,0.6307725510126819,0.5348361508588085,0.02727185148135711
edge_BrBt_cS2_kS1,True,-2.0,0.8855097567416446,-0.7970471032700837,361161127.2823778,rowcol,0.26628268321843906,0.6216005290858765,0.13081736823253268,1.576947351307086,0.3103545904662826,0.6198892467473206,0.28917905274790673,0.620741395106732,0.16177859884137047,0.6324901556853854,0.4736292593707008,0.024269829764575028
all_BrBt_cS2_kS1,True,-2.0,0.9692128060351001,-0.3888600048357822,361161127.2823778,rowcol,0.32038616797426434,0.6211366223889382,0.04993706526489249,1.3957120579813078,0.33069100056943035,0.617029159348276,0.3255839396881345,0.6190764983876041,0.12881141558542292,0.6278688504983067,0.5183791852075056,0.026431097159697287
edge_Br_only_kS1,True,0.0,1.0,-1.4982902185420501,361161127.2823778,rowcol,0.2869643694554727,0.6189574663030376,0.14221687479786038,2.4379866192048136,0.3168849968592572,0.6206601175294688,0.30230838965701745,0.6198134384808108,0.17296988583363673,0.6504786857567031,0.5282924391970671,0.02777599642261469
edge_BrBt_kS1,True,0.0,1.0,-1.4982506921637453,361161127.2823778,rowcol,0.286964787922925,0.6189575674576061,0.14221319976011731,2.4379419021433266,0.3168846186826835,0.6206600136041619,0.30230838971237456,0.6198134364653668,0.17296727578294857,0.6504775095643339,0.5282924771748051,0.0277759687337564
all_BrBt_kS1,True,0.0,1.0,-0.41269001494711344,361161127.2823778,rowcol,0.3379556452713021,0.6217554616816934,0.04375382233731274,1.4577935827229889,0.34504714755305566,0.6178250821471597,0.3415229577826647,0.619784010938554,0.13243955836955273,0.6295481522476778,0.5325316909745662,0.02728670698755653
edge_BrBt_cS2_kS1,True,0.0,0.8865581416427687,-0.8121704759335867,361161127.2823778,rowcol,0.26585321871365347,0.6185964646974189,0.13910079754467294,1.5918609736334954,0.3101005517117157,0.6174942876643921,0.28884507876524046,0.6180429924658147,0.1675629356007256,0.6301234789318556,0.4696753247546589,0.024331964849206144
all_BrBt_cS2_kS1,True,0.0,0.9728713972186739,-0.3674679048103447,361161127.2823778,rowcol,0.3241505310091214,0.6199771213399711,0.04903407683491203,1.3904561962198108,0.3333336564521748,0.6160586367749237,0.32877824209669493,0.6180116365104652,0.12961435864813534,0.6267444400293792,0.5183202738219005,0.026540055953127317
edge_Br_only_kS1,True,2.0,1.0,-1.4980748629131377,361161127.2823778,rowcol,0.28741720947428323,0.6149347816701478,0.14156491827909864,2.4363593437588227,0.31629945625667155,0.6153157142172957,0.30221640542069955,0.6151261862006943,0.1724853436010276,0.6460023443848094,0.5197809473616661,0.02782634178833657
edge_BrBt_kS1,True,2.0,1.0,-1.5004468101723374,361161127.2823778,rowcol,0.2873941462218629,0.6149223201549487,0.1417851541701623,2.4390423943258774,0.3163207559901167,0.6153134762541043,0.30221660511622167,0.6151188624556381,0.17264157778186473,0.6460663547387535,0.5197650422215833,0.02782808121907022
all_BrBt_kS1,True,2.0,1.0,-0.4180019691301082,361161127.2823778,rowcol,0.3375284430062756,0.6206217969405233,0.04374447805921619,1.4599863820685197,0.34466529595752365,0.6163495405421954,0.3411187093052372,0.6184791655034777,0.13229491245599936,0.6283082711286931,0.5301548881282865,0.027302117202106742
edge_BrBt_cS2_kS1,True,2.0,0.8870834213976574,-0.8217303133981044,361161127.2823778,rowcol,0.26547888201195624,0.6160908420582754,0.1470917093262244,1.6010330476540189,0.3099257419003118,0.6144935872108652,0.2885790669760923,0.6152889224375387,0.17329704065978452,0.6276048964976405,0.4652766990480622,0.024378384517639677
all_BrBt_cS2_kS1,True,2.0,0.9763043706694954,-0.3540624805252743,361161127.2823778,rowcol,0.32723061592665587,0.6192308663470737,0.04812581953781021,1.389257354221703,0.3356433791164972,0.6149167258840262,0.3314674307806295,0.6170672742476172,0.1302516390518122,0.6258011300915614,0.5182724529855517,0.026643285874820954
edge_Br_only_kS1,True,4.0,1.0,-1.494772539036613,361161127.2823778,rowcol,0.28779253143565064,0.6150621298336838,0.14039066856953697,2.416693313886855,0.3161990597995739,0.6113745966386516,0.3023422324796703,0.6132123378919452,0.1716844894179185,0.6436737817808336,0.5111051625983026,0.027833430731387953
edge_BrBt_kS1,True,4.0,1.0,-1.4981220762079095,361161127.2823778,rowcol,0.28776124724290847,0.6150447749604163,0.1407006411172009,2.4204689235647967,0.3162282426975264,0.6113625581238147,0.30234263166728986,0.6131976459605258,0.17190363524868954,0.6437592779876303,0.5110625565117872,0.02783590318956444
all_BrBt_kS1,True,4.0,1.0,-0.4234706200919198,361161127.2823778,rowcol,0.3370964979263372,0.6206244303212627,0.04369974610646188,1.4554104891565343,0.3443365707604313,0.6152304079438246,0.3407389853139838,0.617920436568755,0.13214877741028444,0.6276876930838123,0.5276900394857087,0.027306154969847722
edge_BrBt_cS2_kS1,True,4.0,0.8869332107121131,-0.8219903916444367,361161127.2823778,rowcol,0.26533398963560134,0.6158620608861173,0.15471725367988215,1.5904970635022624,0.30990458949469013,0.6124738408295188,0.2885011186408758,0.6141622042418888,0.17892380134024666,0.6263200176636358,0.46047426681431325,0.02437974899471062
all_BrBt_cS2_kS1,True,4.0,0.9797394234528828,-0.34754218969849304,361161127.2823778,rowcol,0.3298415663813325,0.6194794842245466,0.04719566442878118,1.3857227955031743,0.3377382864583584,0.6141950262207412,0.33381679044937557,0.6168303073502208,0.13077380598418142,0.6255141784307087,0.5182319944757774,0.0267376991354217
edge_Br_only_kS1,True,6.0,1.0,-1.4934078526880274,361161127.2823778,rowcol,0.28765326292222687,0.6212034804426552,0.13947227850742325,2.3732208826642736,0.31656006574758616,0.6106234857856107,0.30246505082321695,0.6159109605309784,0.1710662611263495,0.6450974061421233,0.5022262011186582,0.027766675165154128
edge_BrBt_kS1,True,6.0,1.0,-1.4953681606579299,361161127.2823778,rowcol,0.2876341073495913,0.6212014693306463,0.13965311826760196,2.3754123665048636,0.3165777011218443,0.6106154504215079,0.30246518753364116,0.6159059489848412,0.1711936878184872,0.6451491669737657,0.5021889850372219,0.027768037432288662
all_BrBt_kS1,True,6.0,1.0,-0.427659880854528,361161127.2823778,rowcol,0.3367803094839063,0.6223446949885921,0.04359763067169897,1.4379123476265943,0.3441398313633227,0.6149984189789144,0.3404832292445729,0.6186649353032327,0.13202980236660317,0.6281331853410667,0.5251671726468278,0.02728799083986982
edge_BrBt_cS2_kS1,True,6.0,0.8864791070357184,-0.8151957266371711,361161127.2823778,rowcol,0.26553345458458477,0.6191635101511664,0.1618138053780166,1.555097214734227,0.3100143953059309,0.6123572150735844,0.28865179492097215,0.6157535293259647,0.1842983928252771,0.6272479892509039,0.45558118293687283,0.024327890630141458
all_BrBt_cS2_kS1,True,6.0,0.9833797911927871,-0.34765404356214535,361161127.2823778,rowcol,0.332139078559024,0.6211327085782623,0.04622929594620197,1.3755205881020816,0.33968354938146034,0.6142336476640097,0.3359358499858726,0.6176763515437381,0.131213984400435,0.6261850652631282,0.5181964514087369,0.026821196635674352
edge_Br_only_kS1,True,8.0,1.0,-1.5005718696856294,361161127.2823778,rowcol,0.286549366853974,0.6337696436045109,0.13987556375221372,2.3040269150107027,0.31718837212422146,0.6132797082375331,0.3022709548493803,0.6235599593745256,0.17130379732888834,0.6506130636911992,0.49302925286487204,0.02760580446170999
edge_BrBt_kS1,True,8.0,1.0,-1.4984933565304708,361161127.2823778,rowcol,0.28657267277550624,0.6337540495619893,0.1396837651419274,2.301739716084836,0.31716764413096915,0.6132844865398699,0.30227110755020237,0.6235544335577268,0.17116859412085994,0.6505510788671841,0.4930820641317075,0.027604576891386692
all_BrBt_kS1,True,8.0,1.0,-0.42881403547945657,361161127.2823778,rowcol,0.33672693386774066,0.6258900070040816,0.04343539174726736,1.4040768945454978,0.3441440213358645,0.6157579542980414,0.34045897577292206,0.6208204789655443,0.13197508230860922,0.629706750301754,0.522682507391615,0.027240075230254027
edge_BrBt_cS2_kS1,True,8.0,0.8863478175585551,-0.8069345894268681,361161127.2823778,rowcol,0.2661652371179978,0.6262697200320049,0.16821370266117025,1.4959895154412335,0.3101602371760018,0.614039337342246,0.28902064321305354,0.6201555015328423,0.1892600814097709,0.6305384791678081,0.4509528378850518,0.024230615502058142
all_BrBt_cS2_kS1,True,8.0,0.987441590413924,-0.35507802740805355,361161127.2823778,rowcol,0.3342225729106551,0.6243687914877124,0.0452235676758916,1.3563460125216669,0.34150378070197757,0.6150842562840878,0.33788602945053625,0.6197217614860959,0.13159271668549163,0.6278964626036141,0.5181643925483425,0.02689309197032022
edge_Br_only_kS1,True,10.0,1.0,-1.521423285803909,361161127.2823778,rowcol,0.2842061310874462,0.6518752292774731,0.14259646713008717,2.2062842264470413,0.3178525836769894,0.618088728009979,0.30151402311792264,0.6351260762401005,0.17305096837974845,0.6592909964632089,0.4833774273967316,0.027337077215944087
edge_BrBt_kS1,True,10.0,1.0,-1.5129229953936505,361161127.2823778,rowcol,0.28432231603960373,0.6517079832790832,0.14180640227659283,2.1972016384514323,0.3177536114396092,0.6180811323869322,0.30151653737560163,0.6350369486559403,0.1724898609067014,0.6589931535023636,0.48364803519906935,0.027333515609556054
all_BrBt_kS1,True,10.0,1.0,-0.4250916877915026,361161127.2823778,rowcol,0.33710439441864204,0.6307590539519153,0.04321387713359916,1.3546480693088998,0.3444125043863473,0.6171237344037065,0.34078129134054735,0.623946112602934,0.13202556403628973,0.6320115466452779,0.520402673530459,0.02716041182046146
edge_BrBt_cS2_kS1,True,10.0,0.8871429267226014,-0.8029789800708834,361161127.2823778,rowcol,0.26732029602732565,0.636560707597891,0.17377838192563874,1.416633652008595,0.31023365387869256,0.6165925497556372,0.28959205029976937,0.6266085357314333,0.1936705445347668,0.6355693181983076,0.44684088771592356,0.024101277805219506
all_BrBt_cS2_kS1,True,10.0,0.9921995699422208,-0.37153598611328637,361161127.2823778,rowcol,0.33615106251452564,0.6291514649541882,0.04418488057062334,1.3277070738688026,0.34320375708709194,0.6165331724164699,0.3396988507611914,0.6228441704923792,0.1319231968462361,0.6305299345090066,0.5181350340359089,0.026954200248070163
edge_Br_only_kS1,True,12.0,1.0,-1.5565638505165689,361161127.2823778,rowcol,0.28076786159681427,0.6736989262784878,0.14814577526695918,2.0730091323213027,0.31838468162309275,0.6228279000352875,0.30018281879490616,0.6486409418088668,0.17672352503737887,0.6692510596769886,0.47327479566450054,0.02695002715775385
edge_BrBt_kS1,True,12.0,1.0,-1.5399352759091876,361161127.2823778,rowcol,0.2810485594374641,0.6731315746776382,0.14657456674558858,2.056169023112847,0.31815506334081106,0.6227628987167035,0.30019220389015816,0.6483164007093919,0.1755903652785714,0.6685744582726522,0.47390779541298317,0.026947040759926644
all_BrBt_kS1,True,12.0,1.0,-0.4150996212424248,361161127.2823778,rowcol,0.33807140259230606,0.6359268236677298,0.04291607395585047,1.2959177651653215,0.34499906203686165,0.6183735208201808,0.34155587836719153,0.6271697084009874,0.13221414974823498,0.6343127977831493,0.518534861367272,0.027054059071197
edge_BrBt_cS2_kS1,True,12.0,0.8892161191090316,-0.8065376706619902,361161127.2823778,rowcol,0.2691319486663897,0.6488281745676812,0.17841110129618887,1.3201153865825992,0.3101552070276455,0.618742510437837,0.29038715606775295,0.6338920798584854,0.19743468412779183,0.6412598403340208,0.4433651789750274,0.023948708118100022
all_BrBt_cS2_kS1,True,12.0,0.9980411021343837,-0.39997504080878543,361161127.2823778,rowcol,0.33796600391687487,0.6353029965711591,0.04312143325763107,1.2907152822807633,0.34479141015176706,0.6181702325290813,0.34139880075477713,0.6267542852584547,0.1322166097036681,0.6338305604038688,0.5181078300465625,0.02700633261980904
edge_Br_only_kS1,True,14.0,1.0,-1.5993827886406558,361161127.2823778,rowcol,0.27709608147868703,0.6965389112274681,0.15611455875711594,1.8934872769081976,0.3186927314770579,0.62491687938269,0.29863802859768757,0.6615270140225707,0.18220744768980887,0.6779914580934927,0.4631127994574555,0.026440486335165443
edge_BrBt_kS1,True,14.0,1.0,-1.5740166337769188,361161127.2823778,rowcol,0.2776086849667958,0.6952907219494384,0.15365581573189624,1.870127172664091,0.3182868204112099,0.6247871042343865,0.29865921029729603,0.6608116404893151,0.1803978129149417,0.6768434620741411,0.46422590188984414,0.026443656288717237
all_BrBt_kS1,True,14.0,1.0,-0.39859814250523257,361161127.2823778,rowcol,0.3397088050701736,0.6401694216557685,0.04250301862542729,1.2398132255753107,0.34592772089249496,0.6187865487599351,0.34283513081759337,0.629517766929793,0.13254943355078905,0.6358349069360553,0.5172573689899479,0.02693249174490253
edge_BrBt_cS2_kS1,True,14.0,0.8923240618269729,-0.8147446665784442,361161127.2823778,rowcol,0.2718420823620234,0.6613365307345702,0.18205118709016646,1.208531203681405,0.3098690181923774,0.6192859386289457,0.29149323021143586,0.6405560639929688,0.20050315234301355,0.6462744193415083,0.4405566937667611,0.0237687466591908
all_BrBt_cS2_kS1,True,14.0,1.005518547550216,-0.4447675024830795,361161127.2823778,rowcol,0.33971657278102696,0.6425681372481202,0.042035097199327576,1.2481085335415254,0.3462986645660071,0.6194598923097103,0.3430263343955408,0.631064665008052,0.13248790404770736,0.6374691842570359,0.5180820717685416,0.027050989702100337
edge_Br_only_kS1,True,16.0,1.0,-1.6354261371649523,361161127.2823778,rowcol,0.2749134737832996,0.7165670946622049,0.1648948775052782,1.6612770816894498,0.3187043859408141,0.6221961562339643,0.2976348694134503,0.670818027312111,0.18855436068192938,0.6827744319140052,0.4538600070810426,0.025822568007769935
edge_BrBt_kS1,True,16.0,1.0,-1.6023712663128655,361161127.2823778,rowcol,0.27565940776592507,0.7144787389660422,0.16158771639957772,1.6355171176202061,0.31812587316021435,0.6220849578656645,0.2976697955832433,0.6696567612507459,0.18607233074372462,0.68120492388401,0.4554813542012838,0.025838810863600827
all_BrBt_kS1,True,16.0,1.0,-0.3769025585470721,361161127.2823778,rowcol,0.3419449773086809,0.6425054515524372,0.04194156573042031,1.200602043513596,0.3471646502430952,0.6179994401574093,0.34456701960543246,0.6303130882370488,0.1330058274494519,0.6360900162117976,0.5166408156069522,0.026810109382084363
edge_BrBt_cS2_kS1,True,16.0,0.8946880120858406,-0.810344370562689,361161127.2823778,rowcol,0.27590447477914815,0.67124920477368,0.18468006882827975,1.0857647209603634,0.3092610906082458,0.6174608333564685,0.2930725739144718,0.6447878105171186,0.2028793767594027,0.648920853249004,0.43841185203171557,0.02353438316101658
all_BrBt_cS2_kS1,True,16.0,1.0153333426807332,-0.5113318816444891,361161127.2823778,rowcol,0.34148686740389156,0.6505573197682644,0.04092028691230216,1.2048785616063526,0.34779833611057515,0.6197728439531138,0.34465985672614496,0.6352781344385188,0.13276357378693332,0.6410321969092367,0.5180565091413615,0.027086510173463786
edge_Br_only_kS1,True,18.0,1.0,-1.6466871411962716,361161127.2823778,rowcol,0.27623556887232764,0.7290251312147011,0.1719786267529947,1.3938266737945595,0.3183697337948897,0.6140505606296749,0.2980668266010991,0.6737206217924411,0.19403374463008433,0.6814185482871763,0.446902176894075,0.02514370180572499
edge_BrBt_kS1,True,18.0,1.0,-1.6091100967312606,361161127.2823778,rowcol,0.27709049184808243,0.7262435627776599,0.16809123795362774,1.3722392896142988,0.3177101972954183,0.6141104516618006,0.29811105763652795,0.6722515316543943,0.1910778946094108,0.6796685666822441,0.4489076254124593,0.02517807742926153
all_BrBt_kS1,True,18.0,1.0,-0.352564869737861,361161127.2823778,rowcol,0.3445439086309498,0.6425178253869115,0.041243069054428136,1.1882436107677563,0.34860614659645106,0.6161638055876971,0.3465827863065095,0.6294158884466095,0.13352947011261287,0.6350443672432993,0.5166140520156575,0.026699363176723143
edge_BrBt_cS2_kS1,True,18.0,0.8901691979765552,-0.7380006125866654,361161127.2823778,rowcol,0.28211644209547015,0.6729635503721865,0.18644422118396392,0.9711513715124376,0.30789598313237293,0.6138361534446731,0.29529913273406433,0.6439377839629483,0.20470471248835015,0.6468065382500642,0.43689935428375265,0.02318051463277324
all_BrBt_cS2_kS1,True,18.0,1.0279159831146834,-0.6021920142059756,361161127.2823778,rowcol,0.34342671898568905,0.6583279393107864,0.03978733363900206,1.1701199166357952,0.34940705181150045,0.6183793812544195,0.34643245044944165,0.6385708208772326,0.13309408931585961,0.6438236323269841,0.5180290938062455,0.027100960408851127
edge_Br_only_kS1,True,20.0,1.0,-1.6215841757260674,361161127.2823778,rowcol,0.28190417378593274,0.7297992218770467,0.17513611925435077,1.1562667244681966,0.3178162240892285,0.6024142954090628,0.300413279252293,0.668842350970967,0.19694440104016342,0.6734858258985384,0.4433414486422759,0.024484845370688617
edge_BrBt_kS1,True,20.0,1.0,-1.584364642821615,361161127.2823778,rowcol,0.28265887416777463,0.7268397235820163,0.17116534894586252,1.1448073579613325,0.31722809266975455,0.6027403286642392,0.30045644590948495,0.6673846807893851,0.1939145137110295,0.6719109102543819,0.44545229726676316,0.024536266222746867
all_BrBt_kS1,True,20.0,1.0,-0.32847322863300954,361161127.2823778,rowcol,0.34718712134999935,0.6403867810619653,0.04047243026746005,1.2030342392250999,0.350102878570817,0.6138296235472073,0.3486493450795808,0.6271854239184175,0.1340575002837151,0.6330450172142684,0.5170006258344381,0.02660747978573766
edge_BrBt_cS2_kS1,True,20.0,0.859935329702397,-0.4364691318002798,361161127.2823778,rowcol,0.29161686624811933,0.6547720800978709,0.18819844987990073,0.9418140695673473,0.3042059335058446,0.6137912654978691,0.2979834894930791,0.6345148345627152,0.20661226999467053,0.6371837197129822,0.4357847086306076,0.022594774283479866
all_BrBt_cS2_kS1,True,20.0,1.0409159494652056,-0.6947193868173045,361161127.2823778,rowcol,0.3457864541296166,0.6628401764256799,0.03877203763131218,1.1606667076124402,0.35120618198827147,0.6145892348952599,0.3485092645127229,0.6390551377999729,0.13357289494463553,0.6441808217925119,0.5179975560589201,0.0270513035367034
edge_Br_only_kS1,True,22.0,1.0,-1.563690649286611,361161127.2823778,rowcol,0.2906087699242156,0.7178211438430074,0.17380132430157874,1.0471446644400784,0.3174017972864159,0.5914449363468834,0.3043122174364867,0.6573754061439365,0.1967381927018317,0.6609064829245366,0.4431987353763647,0.023931342344176203
edge_BrBt_kS1,True,22.0,1.0,-1.5317148314775026,361161127.2823778,rowcol,0.29111708161571115,0.715335074417357,0.1703034218647476,1.045478881976279,0.3169982605929008,0.5919487461429813,0.3043444223852116,0.656253751646917,0.1940847317374278,0.6597801459318771,0.4450883636861585,0.02399083432759859
all_BrBt_kS1,True,22.0,1.0,-0.30700499465480413,361161127.2823778,rowcol,0.34958554959803756,0.6366847900982101,0.039721728766757176,1.2364484316488702,0.35150178117178793,0.6116825840448733,0.35054582716934185,0.6242492228067665,0.13453631364930219,0.6306095501474503,0.5175918967266852,0.0265363414829724
edge_BrBt_cS2_kS1,True,22.0,0.7501722479409725,0.5378267402623009,361161127.2823778,rowcol,0.30462278802192266,0.5962974530317959,0.19316190764932623,1.1467269627507868,0.2931979608205677,0.6402124756568376,0.2989598724721805,0.6187494460743798,0.21072034946501145,0.6240047502036988,0.43386766299660867,0.02175195783185079
all_BrBt_cS2_kS1,True,22.0,1.0367499731149243,-0.6329166412517178,361161127.2823778,rowcol,0.34884455785000895,0.6541265840873172,0.0385198191634087,1.2036148880073236,0.3526664306508424,0.6095404419359775,0.35076239975117285,0.6321203659712188,0.13431111737107013,0.6379081775354186,0.5179656619930976,0.026811141482344477
edge_Br_only_kS1,True,24.0,1.0,-1.4902230896657822,361161127.2823778,rowcol,0.2998316191460957,0.6959289961132828,0.16935650984807454,1.0949995740207887,0.31739527216079877,0.58554723827643,0.30874617684921885,0.6428482827423486,0.19431580794680728,0.6471162737443464,0.4453400994821058,0.023532023908138012
edge_BrBt_kS1,True,24.0,1.0,-1.4663586135262032,361161127.2823778,rowcol,0.30009413398529206,0.6943061796977921,0.16669841566316104,1.0965715487011338,0.3171831928097467,0.5860078355170364,0.3087645154582577,0.6421855989393006,0.1923241446652914,0.6464812491570482,0.4467876270749066,0.023587013015781016
all_BrBt_kS1,True,24.0,1.0,-0.2896556009013975,361161127.2823778,rowcol,0.351548208745635,0.6321195703372996,0.03907461143963443,1.276531108289566,0.35267844370381524,0.6103171865885391,0.35211428248442833,0.6212620116919519,0.1349299220966797,0.6282353215828628,0.5182073491077953,0.026484528562472114
edge_BrBt_cS2_kS1,True,24.0,0.43549971949958133,3.18379210733794,361161127.2823778,rowcol,0.3132567379156308,0.49845705255208694,0.21022577653679414,1.5637258261425067,0.2625286452606652,0.7552162991131127,0.288985369191865,0.6404478639654593,0.22259854608907736,0.6514846897359909,0.4269995810187834,0.021585200977901984
all_BrBt_cS2_kS1,True,24.0,0.9395149353250073,0.24000157105478986,361161127.2823778,rowcol,0.35176728390343515,0.6113121597928907,0.04040383529022688,1.3021810090417774,0.35046835551749345,0.6191935698477974,0.35111784255345596,0.615284286406641,0.13491440626217577,0.6227384015610279,0.5179705100583234,0.026241754678359885
edge_Br_only_kS1,True,26.0,1.0,-1.4220634915143142,361161127.2823778,rowcol,0.3075487190193824,0.6691601362710802,0.16411459831683034,1.213613341228576,0.31761969941046575,0.587403346752386,0.31262924487543486,0.6294155275798284,0.19125202082375561,0.6353800745525294,0.44817905176149764,0.02328496088782746
edge_BrBt_kS1,True,26.0,1.0,-1.4063023323367587,361161127.2823778,rowcol,0.30765356436929364,0.6683508615654956,0.16233907375718146,1.214498674038428,0.3175344608522635,0.5876625560744315,0.31263744611313105,0.6291091339039017,0.18994039864082962,0.6350905438187597,0.4491498033063202,0.02332691329159582
all_BrBt_kS1,True,26.0,1.0,-0.2771262080601425,361161127.2823778,rowcol,0.3529877012579097,0.6273625876248173,0.03858705675792087,1.3125789443080969,0.35354479039238557,0.6101259054196024,0.3532666034544258,0.6187631470361059,0.1352186641786923,0.6263039290259392,0.5187196072893537,0.026449591010776003
edge_BrBt_cS2_kS1,True,26.0,-0.20646465625453658,8.406328736388616,361161127.2823778,rowcol,0.28734923142489016,0.5229628482634803,0.2530593743261033,1.9361788132962627,0.200979794865524,0.9764568682444353,0.24791625094844918,0.7842839179786646,0.25236502473680833,0.7981589292768273,0.4085842690650485,0.024423860311983916
all_BrBt_cS2_kS1,True,26.0,0.6639351187455264,2.632610288836862,361161127.2823778,rowcol,0.348159601300227,0.5732449656922022,0.04237259191930337,1.2350583104370467,0.3414627544470638,0.6780290870830238,0.34482445667787076,0.6280759567562997,0.1332145439169393,0.6343524807691278,0.5180801215146765,0.026172210731030123
edge_Br_only_kS1,True,28.0,1.0,-1.3753022467309663,361161127.2823778,rowcol,0.3129107819742278,0.6423791077393748,0.16013554729701404,1.3126497452179757,0.31748183293600885,0.5975580405599945,0.3152066269798547,0.6202666216966928,0.1889001365694226,0.6277799865239696,0.45039504559711685,0.023158230190344156
edge_BrBt_kS1,True,28.0,1.0,-1.365262733006014,361161127.2823778,rowcol,0.31294300892747584,0.6420716981984685,0.15899788915354188,1.3127753462298093,0.3174568529914875,0.597617533211943,0.31521001884179156,0.6201370166858592,0.18806897423749094,0.6276546708246408,0.45101826214300206,0.023187269691102717
all_BrBt_kS1,True,28.0,1.0,-0.26961764573734587,361161127.2823778,rowcol,0.3538906832042788,0.6229804760814608,0.03828750173816342,1.3370117690529972,0.3540391604158785,0.6112807732356046,0.35396499564387923,0.6171304390232214,0.13539375995139055,0.6250651813250383,0.5190522220647982,0.02642944853371268
edge_BrBt_cS2_kS1,True,28.0,-0.9089267082952098,13.985524894103559,361161127.2823778,rowcol,0.20967227552893625,0.7391554204086095,0.3118817125477631,2.5302352447446044,0.14272982452435415,1.082112643287753,0.1793227227537698,0.9274423802730237,0.29732382121066747,0.9481452375245569,0.38488015858032476,0.02766895821177989
all_BrBt_cS2_kS1,True,28.0,0.46023055484373465,4.369135031357465,361161127.2823778,rowcol,0.33832868715368253,0.6159336545250801,0.04257863583416301,0.815835362590339,0.3350306019995248,0.7008986160844232,0.3366822159165079,0.6599874887907395,0.1304048993566039,0.6612072477650744,0.5182167816282917,0.02666217514502474
edge_Br_only_kS1,True,30.0,1.0,-1.3588516303789995,361161127.2823778,rowcol,0.315962027359876,0.6191484974557826,0.1586781796171085,1.3487492308247682,0.316233854664107,0.6151474072521069,0.31609809115125226,0.6171416496211969,0.18803874876574384,0.62525282586965,0.4512127999664078,0.02312003293445063
edge_BrBt_kS1,True,30.0,1.0,-1.3508021530757652,361161127.2823778,rowcol,0.3159656740545537,0.6190699486038009,0.1577644015526312,1.348691523635796,0.31623460386991314,0.6150568442566635,0.3161002871927757,0.6170570849846386,0.18737392147824275,0.6251690709785938,0.4517136791281344,0.023143956720008275
all_BrBt_kS1,True,30.0,1.0,-0.2671233365171388,361161127.2823778,rowcol,0.35428360642864554,0.6194214151761169,0.038186665783292245,1.345491230069532,0.35411203951370485,0.6137562201115011,0.3541977570393109,0.6165818089091554,0.13545205854740647,0.6246549002670267,0.5191668494478127,0.02642286377085561
edge_BrBt_cS2_kS1,True,30.0,-1.1848501156927125,16.141544608882235,361161127.2823778,rowcol,0.14338071429781418,0.9586510448875624,0.33910519073710355,2.975729781361067,0.14385557333528687,0.9515034079411366,0.14361855131154902,0.9550668610966568,0.31959234786606294,0.983770620840138,0.37488446998122826,0.02823814900439428
all_BrBt_cS2_kS1,True,30.0,0.41914354038397295,4.711942373533849,361161127.2823778,rowcol,0.33417340042483434,0.670205957934979,0.042799924600624074,0.5574363373960158,0.33384721865524447,0.6633190328720061,0.3340102042583868,0.6667549573992516,0.12952863110568325,0.6660514282317741,0.5182648808895651,0.026773463035084485
edge_Br_only_kS1,True,32.0,1.0,-1.3754394207162552,361161127.2823778,rowcol,0.3172005110573728,0.6018388147903714,0.16014990309660432,1.3105787119151096,0.31317809159938026,0.6385474912945374,0.3151939286835208,0.620552217181256,0.18890776313136975,0.6280298842647029,0.4503865303613105,0.023157833507634416
edge_BrBt_kS1,True,32.0,1.0,-1.36523857483079,361161127.2823778,rowcol,0.31717873138806046,0.6019127571440666,0.15899396259724374,1.3107218801610196,0.31320715231941254,0.6382196881174489,0.3151974305743557,0.6204184744104505,0.18806323309631678,0.6279007541278513,0.4510197617994578,0.02318733958579956
all_BrBt_kS1,True,32.0,1.0,-0.26962465993637974,361161127.2823778,rowcol,0.3542081026553094,0.6170099055230055,0.038287207848958955,1.3366135482842478,0.353716792138755,0.6173610004088009,0.3539623140866169,0.617186315518777,0.13539273330343696,0.6251139952915082,0.519051786407186,0.02642942737185724
edge_BrBt_cS2_kS1,True,32.0,-0.909206461594547,13.987798710931179,361161127.2823778,rowcol,0.14235944147055585,1.0874782275810293,0.31190821706430244,2.541621868371024,0.2101929229323574,0.7306874816599692,0.1795390653843551,0.9255857423596142,0.29736561757854485,0.9465557213344965,0.38487259761449333,0.02767114839038548
all_BrBt_cS2_kS1,True,32.0,0.46044649443544916,4.367272242682596,361161127.2823778,rowcol,0.3353733855051452,0.7066825853466192,0.04259049350265618,0.8263519106287837,0.3380656251787076,0.6083330618945623,0.3367233936597537,0.6591101251364376,0.13042272418218703,0.66042926164218,0.5182165772925886,0.02666168512828556
edge_Br_only_kS1,True,34.0,1.0,-1.4223767185872798,361161127.2823778,rowcol,0.3173233309820837,0.5920522976336846,0.16414673441646818,1.2090870976416674,0.3078124415550289,0.6653751447463289,0.31259982876012704,0.629956312199721,0.19126929350960983,0.6358516210716698,0.44815975977427197,0.023284127669739932
edge_BrBt_kS1,True,34.0,1.0,-1.406308256246645,361161127.2823778,rowcol,0.31724185794690957,0.5923331778011036,0.162336589354465,1.2100438994444824,0.30791355522540986,0.6645275045282494,0.3126083537204798,0.629638124694408,0.18993204241067874,0.6355513532148219,0.44914943844267685,0.023326897514013907
all_BrBt_kS1,True,34.0,1.0,-0.277156953820018,361161127.2823778,rowcol,0.35370912141082983,0.6159305357873867,0.038587419148470414,1.3117643628899682,0.35281005358785184,0.6217661081257787,0.35325947358092263,0.6188691216953458,0.13521621640564016,0.6263959386535969,0.5187177124915848,0.026449503217214333
edge_BrBt_cS2_kS1,True,34.0,-0.20641633639008145,8.405929808837282,361161127.2823778,rowcol,0.20066040921297845,0.9799178740459127,0.2530684331682609,1.9526954657060434,0.2878211591099344,0.5150511942600803,0.24813655399108625,0.7817291444243614,0.2524023589950933,0.7959490813946969,0.4085854646271413,0.024423504503097243
all_BrBt_cS2_kS1,True,34.0,0.6647750133353432,2.625307518899948,361161127.2823778,rowcol,0.34175791750016454,0.682889450587009,0.04238656001684028,1.2429069302682654,0.3479771824526456,0.5662486033013866,0.3448843357519323,0.6270088926764981,0.13323949301227744,0.6334109768622759,0.5180795673355918,0.02617137312716645
edge_Br_only_kS1,True,36.0,1.0,-1.4907837507555095,361161127.2823778,rowcol,0.31708107791105206,0.5906164114229536,0.1694124351068486,1.0874461104675548,0.3000847541531494,0.6920623399587075,0.3086923527555752,0.6435832814100766,0.1943462682434222,0.6477521661772371,0.44530609244321884,0.023530734042781606
edge_BrBt_kS1,True,36.0,1.0,-1.4664989842134029,361161127.2823778,rowcol,0.31687285337698523,0.5911019495147056,0.16670752074211082,1.0891781184052278,0.30034324075392127,0.6903815443946943,0.3087113462862032,0.6428978222604848,0.19231933640373963,0.6470963077099505,0.4467791126031904,0.023586689079290794
all_BrBt_kS1,True,36.0,1.0,-0.2897413532120677,361161127.2823778,rowcol,0.35283469250165433,0.616201234126365,0.039077345440503,1.2752621211195505,0.351363670096565,0.626521469764232,0.3520992951457599,0.621407396851542,0.13492527896089748,0.6283600325349906,0.518202141602307,0.02648430559516229
edge_BrBt_cS2_kS1,True,36.0,0.43612546095260424,3.1784971031290876,361161127.2823778,rowcol,0.2622591969535628,0.7577885221255942,0.2102029598773528,1.5735509260464584,0.31363462727581143,0.4934677452007838,0.28911320325791495,0.6388175938985202,0.22260254291477627,0.6500594868019101,0.4270123120936607,0.021583946009534113
all_BrBt_cS2_kS1,True,36.0,0.9407856929802471,0.2287880153841853,361161127.2823778,rowcol,0.3506877670361559,0.624561590877968,0.04038657162762491,1.302347548588851,0.35158395067327247,0.6059337765721572,0.35113654342212436,0.6152737429599721,0.134916570470722,0.6227304974964468,0.5179701477668986,0.02624605239590226
edge_Br_only_kS1,True,38.0,1.0,-1.564585078141029,361161127.2823778,rowcol,0.31707242750631276,0.5969321456192966,0.17388745724524396,1.0368680311565104,0.2908330020098831,0.7137489322105172,0.30422406871836843,0.6582157909130113,0.19678536206523853,0.6616231391389877,0.4431458814875309,0.023929683857360332
edge_BrBt_kS1,True,38.0,1.0,-1.5321282035264578,361161127.2823778,rowcol,0.3166718575425881,0.5974557478371193,0.1703369143099691,1.035368458745943,0.29133760269723663,0.7111935744650997,0.30425725952400334,0.6570615815131954,0.19409150609929898,0.6604664539142729,0.4450639339724863,0.023990062746209524
all_BrBt_kS1,True,38.0,1.0,-0.30718745389198415,361161127.2823778,rowcol,0.35164546173030053,0.6176424061924194,0.03972895552842269,1.234678492494735,0.3493894363188105,0.6310607460115696,0.35051826050204743,0.6244196315572588,0.13452837385613622,0.630752766924942,0.5175810790431491,0.026535927312058418
edge_BrBt_cS2_kS1,True,38.0,0.7510894948366295,0.5298150106791408,361161127.2823778,rowcol,0.292944956723281,0.6435880286669176,0.19312170189675998,1.147752879323309,0.30489756349112845,0.5926692933510461,0.298986311850644,0.6185313636352175,0.2106936247700241,0.6238032403961055,0.433883247779576,0.021756692135914937
all_BrBt_cS2_kS1,True,38.0,1.0378327790665156,-0.642701803313321,361161127.2823778,rowcol,0.35283324273847644,0.6157490473604246,0.03848474989850319,1.199228694908074,0.3486156944561163,0.649082368263755,0.35072893206672284,0.6327147748527293,0.13429052783634965,0.6384352432453632,0.5179660488832222,0.026819254497754335
edge_Br_only_kS1,True,40.0,1.0,-1.6228822567737105,361161127.2823778,rowcol,0.3174796943217125,0.6082542797970877,0.1752557965254129,1.1455458124622053,0.2820710843808617,0.7254164167246249,0.3002820055374152,0.6696819349073226,0.19700908356161498,0.6741855695666695,0.4432678415425076,0.024483063175108507
edge_BrBt_kS1,True,40.0,1.0,-1.585187470634472,361161127.2823778,rowcol,0.31689310313778907,0.6085896766552322,0.17123429298511456,1.1340698415160122,0.2828227600556463,0.7223904942879382,0.30032630088736134,0.6681886380467958,0.1939396299982816,0.6725764229218263,0.4454056249531806,0.024535122760769166
all_BrBt_kS1,True,40.0,1.0,-0.32879824339169006,361161127.2823778,rowcol,0.35022931353487424,0.6198545192829107,0.04048616407459317,1.200752116770853,0.34697368958025915,0.6347143201551587,0.3486038538919257,0.627363866805626,0.13404496843590805,0.6331902198218708,0.5169820402265719,0.026606866062118432
edge_BrBt_cS2_kS1,True,40.0,0.8608897833728623,-0.4451141540428738,361161127.2823778,rowcol,0.3039457285572524,0.6181326475852973,0.1881553718165055,0.9372759329429472,0.29181271425172217,0.6511793518414264,0.2979355930325768,0.6349498632075761,0.2065689670396024,0.6375670378355569,0.43580219152012134,0.02260497641985377
all_BrBt_cS2_kS1,True,40.0,1.0417063475529325,-0.7021193996354164,361161127.2823778,rowcol,0.35134078001608954,0.6210487104881094,0.03874497431192468,1.155495089827479,0.3455235098224308,0.6575786488508835,0.3484416973571669,0.6396616443480346,0.13354209874994843,0.6447132079001662,0.5179986216153629,0.027059717910519733
edge_Br_only_kS1,True,42.0,1.0,-1.64840813635219,361161127.2823778,rowcol,0.3180356259211263,0.6201284172698723,0.1721291040856749,1.3847637852103358,0.2763173217087524,0.7242630906591088,0.29788912506027654,0.6744569105556047,0.19411181675738876,0.6820120899997104,0.44681036017914394,0.02514214373938336
edge_BrBt_kS1,True,42.0,1.0,-1.610426663854537,361161127.2823778,rowcol,0.31737674768062796,0.6201887470888857,0.16819983094570456,1.3629939158531392,0.2771696411023738,0.7214303845898168,0.29793434018392817,0.672957634360674,0.1911228924420831,0.6802318554006936,0.44883733975696294,0.02517686153415157
all_BrBt_kS1,True,42.0,1.0,-0.353073471868714,361161127.2823778,rowcol,0.3487116273286772,0.6222366969656602,0.041264624589471756,1.1855467619278535,0.3443074565845357,0.6367779130021919,0.3465145799493307,0.6295839770942647,0.13351111104567792,0.6351744916404861,0.516586427501367,0.026698609895631796
edge_BrBt_cS2_kS1,True,42.0,0.8910592355652059,-0.7463764032650351,361161127.2823778,rowcol,0.30762398068223384,0.6186673508620468,0.1864018515016065,0.9663881622959817,0.2822615030335584,0.6691026250327529,0.29520396264150045,0.6444988380631851,0.20465267937024914,0.6473112486454201,0.436923707687454,0.023193918003292922
all_BrBt_cS2_kS1,True,42.0,1.0284829064593313,-0.6077700941007104,361161127.2823778,rowcol,0.3495199337744308,0.6248149478492265,0.03977446540743728,1.1656563559036022,0.34314347702981673,0.6528200804310098,0.34634354364514386,0.6390377511731177,0.13305924648794415,0.6442268189003127,0.5180306347731172,0.027108645725835514
edge_Br_only_kS1,True,44.0,1.0,-1.6375258549800789,361161127.2823778,rowcol,0.31837924774972126,0.6283822181701426,0.1650676178830753,1.6544480392955627,0.27489832469166975,0.7114085542144127,0.29741510040532654,0.6713780944885126,0.18863766725163425,0.683204747074737,0.4537570727203834,0.025821554442148367
edge_BrBt_kS1,True,44.0,1.0,-1.6041796095079255,361161127.2823778,rowcol,0.3178015186720584,0.6282678700033657,0.16173124853226253,1.6284764096827613,0.27564153856662105,0.7092891394265268,0.29745067125363983,0.6701972348548797,0.18613230877000417,0.6816144169011774,0.4553926110567632,0.02583790832512513
all_BrBt_kS1,True,44.0,1.0,-0.37761976368360806,361161127.2823778,rowcol,0.3472476771499081,0.6240985287545255,0.04197108177319699,1.1977435801649197,0.34168155808270506,0.6366850293110867,0.34447338416557827,0.630453215966723,0.13298083262877408,0.6361901485019298,0.5166044966763087,0.026809338480337664
edge_BrBt_cS2_kS1,True,44.0,0.8954919499761885,-0.8181989431023821,361161127.2823778,rowcol,0.3089792494199192,0.6224460940572303,0.18463479359329046,1.0829881803297463,0.27601913542151507,0.6670909758648387,0.29294844701916534,0.6452612645801947,0.20281935437946308,0.6493555130173945,0.4384492488266808,0.02354959581998287
all_BrBt_cS2_kS1,True,44.0,1.0157432574992127,-0.5156428609973321,361161127.2823778,rowcol,0.34789432578611873,0.6261013748502786,0.04092048714351247,1.2014654599327046,0.3411923649295143,0.6448622351322982,0.34455665938342867,0.6355957844032479,0.1327271377889378,0.6412999269839186,0.5180583748848355,0.02709326809845996
edge_Br_only_kS1,True,46.0,1.0,-1.601773417277702,361161127.2823778,rowcol,0.3183784766052902,0.6311048713453683,0.1562991147607223,1.888796269259157,0.2769936161219299,0.6910212400307602,0.298385988746407,0.6618843101655871,0.1822878585733068,0.6782460012822904,0.4630079715007009,0.026440203854955314
edge_BrBt_kS1,True,46.0,1.0,-1.5762367171038356,361161127.2823778,rowcol,0.3179738867592251,0.6309725799903204,0.1538237845235318,1.8652833666058728,0.2775033144044694,0.6897589273429333,0.29840747434858683,0.661159671412323,0.18046470958089977,0.677087262639985,0.46412842267094917,0.026443366250579504
all_BrBt_kS1,True,46.0,1.0,-0.39952287112402785,361161127.2823778,rowcol,0.3459897823383909,0.6248892180318745,0.04253938028645905,1.2371481378247664,0.33941790145558265,0.6342648662207632,0.3427166714795423,0.6296168605811335,0.1325177810016058,0.6358959618239078,0.5172146472046294,0.0269318488781639
edge_BrBt_cS2_kS1,True,46.0,0.893049600048875,-0.8220808495871305,361161127.2823778,rowcol,0.3095794963328943,0.624261273452985,0.1819977455287329,1.207855515409418,0.2719397506177952,0.656919878234673,0.29135135059395395,0.640876549078474,0.20043314449063346,0.6465809986938557,0.4406127098107472,0.02378506564113832
all_BrBt_cS2_kS1,True,46.0,1.0058173153360703,-0.4481917868870477,361161127.2823778,rowcol,0.34638014527309563,0.6256657010709061,0.04204575304445996,1.2457053916750858,0.3394170036812605,0.6367472528790046,0.3429131514941651,0.6312572302493875,0.1324509124035322,0.6376255536934301,0.5180841600633124,0.027056807361680472
edge_Br_only_kS1,True,48.0,1.0,-1.5591485090894834,361161127.2823778,rowcol,0.31807985217013834,0.6289573107409843,0.1483340685978584,2.0702315342068305,0.2806001026233463,0.6679008893423046,0.29990935878347197,0.6488142520739671,0.17679670403269637,0.669357628031918,0.4731764819937879,0.026950503277630444
edge_BrBt_kS1,True,48.0,1.0,-1.5424488686227626,361161127.2823778,rowcol,0.317851746748173,0.6288915251704557,0.1467561003738005,2.053319901935613,0.2808782204680453,0.6673294159494806,0.2999188328978364,0.6484870178278047,0.1756577019239793,0.6686774086685169,0.473812055930389,0.02694748366272544
all_BrBt_kS1,True,48.0,1.0,-0.41620161215786367,361161127.2823778,rowcol,0.34504443030151066,0.6244623964990226,0.0429573502729221,1.2937701989110724,0.33775648068027053,0.6299465239346791,0.3414166603144832,0.6272235370977015,0.13217674741879765,0.6343349331662171,0.5184895490301052,0.02705365734146846
edge_BrBt_cS2_kS1,True,48.0,0.8898791603424345,-0.8134406460984581,361161127.2823778,rowcol,0.309858914558732,0.6236443839555236,0.17834541482924954,1.3212562027893344,0.2692215116399514,0.6442092746908146,0.29023424420522836,0.6340592678862191,0.19735277929084938,0.6414404078792663,0.443444424773009,0.02396576096355831
all_BrBt_cS2_kS1,True,48.0,0.9982594819367987,-0.40276313437647415,361161127.2823778,rowcol,0.344859728614769,0.6242624097949636,0.043139784533665855,1.2891842352371974,0.3376661603988541,0.6294088426958598,0.34127869853695453,0.6268531852041299,0.13217954355505573,0.6339058421594238,0.5181100668719433,0.027011239982782417
edge_Br_only_kS1,True,50.0,1.0,-1.5241204891306888,361161127.2823778,rowcol,0.3175541955100789,0.6241468424014207,0.1427844797655415,2.205208380020274,0.28399641923812163,0.6458939758113182,0.30122804776338624,0.6351653685059861,0.1731170336981011,0.6593033650050582,0.48329161937702186,0.027338214414672928
edge_BrBt_kS1,True,50.0,1.0,-1.515612832907134,361161127.2823778,rowcol,0.31745637860452647,0.6241393297470715,0.14199370466838873,2.1961170816429654,0.2841109033265248,0.645726403517548,0.3012305687713946,0.6350760919032996,0.17255489365559884,0.6590052802658393,0.483562374001634,0.02733463898471774
all_BrBt_kS1,True,50.0,1.0,-0.42631923727924187,361161127.2823778,rowcol,0.34444703398467874,0.6231921519784983,0.043258005677312576,1.353210430703863,0.33677182091129565,0.6247224125744895,0.34062763165084575,0.62396140204377,0.1319840309079677,0.63200495660201,0.520358992189909,0.02716028894027486
edge_BrBt_cS2_kS1,True,50.0,0.8877599311846007,-0.8095501748843854,361161127.2823778,rowcol,0.3099306989418513,0.6214138644639053,0.1736983760817636,1.4193282518106618,0.26740758161006634,0.631798989354799,0.2894322122728068,0.6266527152866537,0.19357598102661597,0.6356546873371344,0.4469470668436755,0.024118825893367078
all_BrBt_cS2_kS1,True,50.0,0.9923587476651489,-0.3738564079913681,361161127.2823778,rowcol,0.34325973419053085,0.6225310421009099,0.04420833390918276,1.3269034601462217,0.3358549506891436,0.6232273729118549,0.3395742327435853,0.6228809660076026,0.1318862804299042,0.6305541747174961,0.5181373628961492,0.02695824407303848
edge_Br_only_kS1,True,52.0,1.0,-1.5033233167695628,361161127.2823778,rowcol,0.31689328283816076,0.6192899325079119,0.1400624286650642,2.304463566396491,0.2863167871226966,0.6276984196177846,0.30197867970325304,0.6235284094716788,0.17136546322229892,0.6505938734435328,0.4929593732590447,0.027607432508689023
edge_BrBt_kS1,True,52.0,1.0,-1.5012645798396311,361161127.2823778,rowcol,0.316873051669373,0.6192947412980921,0.139872448499239,2.302197613960153,0.28633945344309025,0.6276830004441284,0.30197882965711925,0.623522988032682,0.17123141030242106,0.6505325024667125,0.493011656639763,0.02760621401587636
all_BrBt_kS1,True,52.0,1.0,-0.43010975316434436,361161127.2823778,rowcol,0.3441735561010331,0.6218110431567596,0.04348068952786302,1.4033927091390708,0.3363839122360853,0.6198218320071801,0.3402975585195609,0.6208124887427837,0.13193125588320437,0.6296882415343766,0.522643893327209,0.027240189724042494
edge_BrBt_cS2_kS1,True,52.0,0.8869334742092293,-0.8132694573804664,361161127.2823778,rowcol,0.3098508627719672,0.6188058021145925,0.16811893843801146,1.5000329100891725,0.2662536494255035,0.6214218044198556,0.2888565537558209,0.6201214235517853,0.1891531968582533,0.6305725034205445,0.45108888997098745,0.024248471226153697
all_BrBt_cS2_kS1,True,52.0,0.9875566815383491,-0.35704949627157434,361161127.2823778,rowcol,0.3415477960081129,0.621010744587622,0.04524985550765375,1.3561403714546822,0.33393352673624166,0.6184486658870468,0.3377587314544664,0.6197249170224597,0.13155600633385753,0.627896443060668,0.5181667723094584,0.026896333668496957
edge_Br_only_kS1,True,54.0,1.0,-1.4961765571480703,361161127.2823778,rowcol,0.31626585185412837,0.6166268923163921,0.1396584792370915,2.3749666732666954,0.28741147312370946,0.6151144149551802,0.3021704376919223,0.6158675096930853,0.17112655655462194,0.6451012296500701,0.5021736433364531,0.02776859971112678
edge_BrBt_kS1,True,54.0,1.0,-1.4981553723438261,361161127.2823778,rowcol,0.31628336400739726,0.6166187052158546,0.13984103235449802,2.3771796821963074,0.2873925288970881,0.6151123663191754,0.3021705771317116,0.6158624027117767,0.1712553173530134,0.6451534973059007,0.5021361031920324,0.027769977314209587
all_BrBt_kS1,True,54.0,1.0,-0.4289765511732235,361161127.2823778,rowcol,0.3441689028302554,0.6210485714808678,0.04364299725507867,1.4379079140275335,0.33643297539562234,0.6162672335362595,0.34031947958182424,0.6186511150060714,0.13198523868139495,0.6281195976314586,0.5251356409181245,0.027288253952482768
edge_BrBt_cS2_kS1,True,54.0,0.8870460020802451,-0.8213795499264601,361161127.2823778,rowcol,0.30969976528681253,0.6171099544410052,0.16170412427084704,1.5602989107458303,0.2656243128754455,0.6142774792598575,0.2884854069048134,0.6156885883850798,0.18417971472373815,0.6272751974052099,0.45574948309246416,0.024345897936512356
all_BrBt_cS2_kS1,True,54.0,0.9834618524774438,-0.3493657379063752,361161127.2823778,rowcol,0.3397153722428381,0.6201105630232284,0.046256630954753374,1.3757951767965704,0.3318596063988673,0.615240039057255,0.3358069674528941,0.617668482323075,0.13117736639540276,0.6261815840458376,0.5181988595483794,0.02682371200767135
edge_Br_only_kS1,True,56.0,1.0,-1.4975388993500454,361161127.2823778,rowcol,0.31590447307145075,0.6174092249750466,0.14057677110504108,2.419482978191988,0.2875500784615844,0.6089948222069143,0.3020475631242652,0.6131963826670039,0.1717453736759006,0.6437321140695256,0.5110699702491162,0.027835472357555856
edge_BrBt_kS1,True,56.0,1.0,-1.5008902851367452,361161127.2823778,rowcol,0.31593317818289945,0.6173971187311152,0.1408869243765072,2.4232626316196706,0.2875194354568658,0.6089774997739891,0.3020479631424966,0.6131816741311982,0.171964859685496,0.6438178084555325,0.5110273897196395,0.027837950324513475
all_BrBt_kS1,True,56.0,1.0,-0.42478052012531153,361161127.2823778,rowcol,0.3443677400101777,0.6212898303405274,0.043744709400952424,1.4559328032515952,0.3367488209423928,0.6145511364452505,0.34057619696956837,0.6179135932738559,0.13210446317907623,0.6276894905722865,0.5276662731874833,0.027306472671234802
edge_BrBt_cS2_kS1,True,56.0,0.8874921298338357,-0.8281008987820135,361161127.2823778,rowcol,0.30958709869041334,0.6172515334984462,0.15459054452364165,1.596626475659093,0.26542689802534847,0.6109717777505728,0.2883340237117112,0.6141047012224913,0.1787924620151256,0.6263732953510158,0.4606769196753858,0.02439779588319155
all_BrBt_cS2_kS1,True,56.0,0.9797965454777275,-0.34906615993256634,361161127.2823778,rowcol,0.3377567901524597,0.6200389970952676,0.04722285189068412,1.3863588412121914,0.3295731464241939,0.6136268721133392,0.3336864167337428,0.6168259694557491,0.13073695931992538,0.6255198056248665,0.5182344321296566,0.026739573846817147
edge_Br_only_kS1,True,58.0,1.0,-1.5008332121074592,361161127.2823778,rowcol,0.3160044522465963,0.6213992627019054,0.14175118474409246,2.4398340303784076,0.2871780492095678,0.6088938373279174,0.30192265267841545,0.6151484946363768,0.17254740332462506,0.6461153118878218,0.5197624540989455,0.027828364819312137
edge_BrBt_kS1,True,58.0,1.0,-1.5031892826426296,361161127.2823778,rowcol,0.31602526121857066,0.6213970623350752,0.14196995277820404,2.4425007799503917,0.2871556048780581,0.6088815308635768,0.30192284990124496,0.6151412688693834,0.17270274360712468,0.6461790727851024,0.5197466907255115,0.02783009550551057
all_BrBt_kS1,True,58.0,1.0,-0.41929783907497453,361161127.2823778,rowcol,0.3446991651979702,0.6224241478226947,0.043789177035118754,1.460833444486154,0.3371820032406214,0.6145557419922635,0.3409579574265689,0.6184836863472629,0.13225123617126705,0.6283264848675412,0.5301387703697943,0.027302419752153563
edge_BrBt_cS2_kS1,True,58.0,0.8876434876566944,-0.8278392198677278,361161127.2823778,rowcol,0.30960870599024265,0.6193159698600254,0.14694143369306173,1.607782388551654,0.26557223838576005,0.6112134482833621,0.28841257771921297,0.6152587172304494,0.17314910461297148,0.6276963770008583,0.46551583601722635,0.02439642177413758
all_BrBt_cS2_kS1,True,58.0,0.9763422447337814,-0.3554605485703921,361161127.2823778,rowcol,0.33564627726814916,0.6207362115403409,0.048152245914525965,1.3901220227311335,0.32697366222444685,0.6134213708217149,0.3313344885112282,0.6170721792800923,0.13021399945612344,0.6258193860824474,0.5182749482685001,0.026644606386675585
edge_Br_only_kS1,True,60.0,1.0,-1.501044684897586,361161127.2823778,rowcol,0.31659035067224595,0.6267829377835425,0.14240336878645857,2.4417002595033264,0.28672866741718306,0.6129225532464851,0.3020155213492475,0.6198584206387913,0.17303272873670733,0.6506188300248662,0.5282898136272567,0.02777792770123698
edge_BrBt_kS1,True,60.0,1.0,-1.5009819066995362,361161127.2823778,rowcol,0.3165897592820855,0.6267827708972208,0.14239753171124683,2.4416291899925415,0.2867293195303364,0.6129227120521611,0.3020155214890252,0.6198584155550565,0.17302857928076534,0.6506169564744881,0.5282898730071325,0.027777883646650695
all_BrBt_kS1,True,60.0,1.0,-0.41397942407083554,361161127.2823778,rowcol,0.3450829054850005,0.6239123981633949,0.04379886888301733,1.4587415132350476,0.33761012414813557,0.6156923339316859,0.3413636395245983,0.6197963830806247,0.1323964684560791,0.6295756314321093,0.5325228941265929,0.027286960638683952
edge_BrBt_cS2_kS1,True,60.0,0.8871261491347524,-0.8183369189517371,361161127.2823778,rowcol,0.3097872710329224,0.6223544682837794,0.13891500784205765,1.5988504234336147,0.26594491865019565,0.6137351007411989,0.2886800964989733,0.6180392476485005,0.16739098680607,0.6302438084360005,0.46995305336518683,0.024350009893148943
all_BrBt_cS2_kS1,True,60.0,0.9728936285229383,-0.3687943724769643,361161127.2823778,rowcol,0.33331738155600826,0.6218526365023906,0.0490595185459168,1.3913959072006317,0.32390471451743874,0.6142077843453136,0.3286405613913032,0.6180237930582517,0.129575110784033,0.6267709548923731,0.5183228807252832,0.02654089985277871
edge_Br_only_kS1,True,62.0,1.0,-1.4969358117014584,361161127.2823778,rowcol,0.31742572851768486,0.6307651192552531,0.14229359095240549,2.438105850797862,0.28648460709289997,0.6182545628941658,0.3023374761441072,0.6245113226979715,0.1730312992282898,0.6549284919015204,0.5366465416582471,0.02772440746587555
edge_BrBt_kS1,True,62.0,1.0,-1.4944566125411116,361161127.2823778,rowcol,0.3174008223461898,0.6307519383874695,0.14206337977483105,2.43530198475323,0.28651261156688096,0.6182520372272781,0.3023376942197203,0.624503441903385,0.17286787598466938,0.6548479325210216,0.5366352092113932,0.027722754477250585
all_BrBt_kS1,True,62.0,1.0,-0.409871914874889,361161127.2823778,rowcol,0.3454279130292639,0.6249976739635703,0.04381574556809283,1.4571407945322474,0.33794158108551864,0.6171618518545956,0.34170191964935237,0.6210734269187669,0.13252009091352546,0.6307981568343992,0.5348345217368172,0.027272059417064246
edge_BrBt_cS2_kS1,True,62.0,0.8860885738085141,-0.8033015358580109,361161127.2823778,rowcol,0.3100468731531253,0.6247595813070912,0.13058181215110753,1.5837855293532679,0.26637116420140367,0.6167494505598032,0.289015797627818,0.6207483267762287,0.161574350604272,0.6326166137702376,0.4739468777534073,0.024287951393347915
all_BrBt_cS2_kS1,True,62.0,0.9692211719898166,-0.390161232327098,361161127.2823778,rowcol,0.33065078354262745,0.6227877773371846,0.0499613260849656,1.3965564337125413,0.32015117900393303,0.6154033963916211,0.3254386568503786,0.619088980143699,0.12876952963767016,0.6278942261159377,0.5183819768399802,0.026431529033144014
edge_Br_only_kS1,True,64.0,1.0,-1.4917678251450808,361161127.2823778,rowcol,0.3180165454810451,0.6306247114282534,0.14179915444380042,2.4478535537236246,0.2865138970168805,0.6221503649452808,0.30266135617105366,0.6263816524695635,0.1727575919289818,0.6569537432023153,0.5448527497183778,0.02771133514077122
edge_BrBt_kS1,True,64.0,1.0,-1.4883104296735001,361161127.2823778,rowcol,0.31798062077971617,0.630606595573251,0.1414791485457797,2.443936998106347,0.28655459248302484,0.6221378427292714,0.3026617810325413,0.6263663282157461,0.17253091575113388,0.6568370566880015,0.54481840793369,0.027709060441911654
all_BrBt_kS1,True,64.0,1.0,-0.4075322220843716,361161127.2823778,rowcol,0.3456400029452904,0.6249547428528092,0.043889323610218675,1.4630837686226827,0.33812635370794036,0.6182287547865344,0.34190047667729195,0.621584800353259,0.1326108452491572,0.6313944270330462,0.5371102137598488,0.02726902129171849
edge_BrBt_cS2_kS1,True,64.0,0.8852544874589663,-0.7924750797971135,361161127.2823778,rowcol,0.3102392857914553,0.6249650021276575,0.12174544531281867,1.5828769136040346,0.2666076405927252,0.6187253042749205,0.28922798646229514,0.621838093727457,0.1555538980215441,0.633662577363469,0.4778910810755532,0.024255972220231136
all_BrBt_cS2_kS1,True,64.0,0.96504286132811,-0.4213826607269346,361161127.2823778,rowcol,0.3274754241842068,0.6227663158580685,0.05085469498002814,1.4136656251766833,0.31545501279796195,0.6163726567118563,0.32151605157373664,0.6195624806795887,0.1277252445307302,0.6286258286506122,0.5184573610921919,0.026320271043551516
edge_Br_only_kS1,True,66.0,1.0,-1.4922962054624695,361161127.2823778,rowcol,0.31770197488042956,0.6246403798190039,0.14180063229777257,2.4880151831208237,0.2866970617258049,0.6229114964360314,0.30258311091858264,0.6237724125960068,0.17273997020360737,0.6555440907976079,0.5530137093133969,0.02777759459797436
edge_BrBt_kS1,True,66.0,1.0,-1.490192855799642,361161127.2823778,rowcol,0.31768069851266645,0.6246376970750909,0.14160653467758594,2.4856152382734122,0.2867209271306378,0.6229028057093333,0.3025832682467352,0.6237667157034549,0.1726024160703951,0.6554749149529341,0.5529817361193016,0.02777612004312373
all_BrBt_kS1,True,66.0,1.0,-0.40688600512696727,361161127.2823778,rowcol,0.345639331656834,0.62330480273028,0.04405882084060417,1.4810096458661306,0.3381701155548129,0.6184330619372527,0.34192179704050935,0.6208620884066139,0.1326668708468702,0.63098102814064,0.5393803390417272,0.027287192914508252
edge_BrBt_cS2_kS1,True,66.0,0.8856471587966792,-0.798475581345281,361161127.2823778,rowcol,0.3101622170125411,0.6218470842763301,0.11179995559199185,1.6158023872829563,0.26640133704567376,0.6188909053070871,0.2890915303024453,0.6203637032212153,0.14892920513101018,0.6328092307494901,0.4825638795305622,0.02430457853740735
all_BrBt_cS2_kS1,True,66.0,0.9600094407807359,-0.46479620520898834,361161127.2823778,rowcol,0.3235857529193198,0.6209221412050173,0.051682844439536364,1.4512654840530368,0.3095583406368843,0.6165621461053524,0.31664349367120403,0.6187355825827383,0.12634700390212233,0.6284173897509585,0.5185554013379474,0.02621198110077001
edge_Br_only_kS1,True,68.0,1.0,-1.5064933893887824,361161127.2823778,rowcol,0.3157805397481941,0.612508910790662,0.14342671751822314,2.564967338671845,0.28683212088907706,0.6203051586939436,0.30164092450154184,0.6164379588073422,0.17367264955575076,0.6507149488698162,0.5613326824533289,0.027953136766173458
edge_BrBt_kS1,True,68.0,1.0,-1.508096832421634,361161127.2823778,rowcol,0.31579479719294984,0.6124982920328904,0.1435747586492096,2.566817044031812,0.2868166430125428,0.6203089642202392,0.30164101556603246,0.6164346323185486,0.1737783003074251,0.6507629220471908,0.5613653760626099,0.02795444142466085
all_BrBt_kS1,True,68.0,1.0,-0.40711672690861317,361161127.2823778,rowcol,0.3453852145740357,0.6199734853512576,0.04433435268422597,1.5107734353450004,0.33814159578432584,0.6177107475395107,0.341779373466775,0.6188377525265002,0.13269617011506818,0.62949899566055,0.5416421707007202,0.027332880167714565
edge_BrBt_cS2_kS1,True,68.0,0.8881435360925318,-0.832425815857928,361161127.2823778,rowcol,0.309495925791293,0.6146235104775344,0.09996492157892034,1.695127816428346,0.26562644141394026,0.6172120591343523,0.2883770860720772,0.6159253199962711,0.1412757276699087,0.6299516310452026,0.48887409600498133,0.024479652060096745
all_BrBt_cS2_kS1,True,68.0,0.9537156502507828,-0.5228362956585076,361161127.2823778,rowcol,0.31877888113235403,0.6164000528528977,0.05229062499174972,1.5158117405993488,0.3022924534146457,0.615651415252687,0.3106377253263682,0.6160240617914897,0.12451918732892489,0.6268378203677398,0.5186831074154685,0.026113901342847304
edge_Br_only_kS1,True,70.0,1.0,-1.5407075248556292,361161127.2823778,rowcol,0.31163506665883484,0.5954125577270126,0.1477295094643554,2.6696066204026963,0.28677522428802893,0.6154677339034742,0.29945217382061257,0.6055710170490936,0.17625306512474095,0.6434914790984512,0.5700550444388964,0.028259258272786112
edge_BrBt_kS1,True,70.0,1.0,-1.5474891542318485,361161127.2823778,rowcol,0.3116788726087229,0.5952967359655477,0.14836033202503107,2.677479997268254,0.28673106098211687,0.6154621868387607,0.2994537851748565,0.6055115195907906,0.17671053816969742,0.6436650576103488,0.570227620628456,0.028266047870374473
all_BrBt_kS1,True,70.0,1.0,-0.4067663035006087,361161127.2823778,rowcol,0.34490179345086414,0.6153845449716069,0.044681834788945,1.54693751310062,0.33816065748371077,0.6164112982117824,0.34154485851725974,0.6159005850152085,0.13271460123600062,0.6272499857029095,0.543839784822477,0.027408205098422844
edge_BrBt_cS2_kS1,True,70.0,0.893086813746897,-0.9004717180426267,361161127.2823778,rowcol,0.30768920373936676,0.6027688745027914,0.08613110528440769,1.821672285113166,0.2644232931708735,0.614202769647973,0.28685388427238173,0.6085399532938316,0.1327242200850516,0.6252818890665933,0.4975180163362627,0.024817241206595425
all_BrBt_cS2_kS1,True,70.0,0.9457641156214109,-0.5971833596353489,361161127.2823778,rowcol,0.3129167379079141,0.6085485549931353,0.052380207919402594,1.6075488582753372,0.2937366165921816,0.613739837233344,0.30346971245237003,0.6111620924895005,0.12212111097538317,0.6237054570255549,0.5188465581658469,0.026037619725194916
edge_Br_only_kS1,True,72.0,1.0,-1.5966555398735756,361161127.2823778,rowcol,0.3049038824654778,0.5761704315033518,0.15531248081753313,2.777384697930869,0.2865494182411099,0.6105613774971695,0.2958608528002473,0.5936970151875035,0.18099422760266287,0.6356526336474894,0.5793310438846285,0.028708338389383404
edge_BrBt_kS1,True,72.0,1.0,-1.6084464802856768,361161127.2823778,rowcol,0.3049360610965852,0.575850098671088,0.1564277158897567,2.7909291232039446,0.28652511434479977,0.6105157377033688,0.2958656405022435,0.5935187557376405,0.18182300903324553,0.6359029439868904,0.5796879080515681,0.028723145238975102
all_BrBt_kS1,True,72.0,1.0,-0.4042021715108843,361161127.2823778,rowcol,0.3442899068825907,0.6104367434682093,0.04501982002796869,1.5801856236825884,0.33835892932947403,0.6151859809231094,0.34133466196935275,0.6128272927585049,0.13273960666482573,0.6248369733832718,0.5458652434948436,0.0275101443560851
edge_BrBt_cS2_kS1,True,72.0,0.8999689615821665,-1.0005428575779354,361161127.2823778,rowcol,0.3039643592530703,0.5866350934173191,0.07228940452266969,1.9783491623751304,0.2632194413916686,0.6109585130647776,0.28430463031837266,0.5989783064338896,0.12459238371113465,0.619422325499812,0.5085539355437962,0.025332539815056197
all_BrBt_cS2_kS1,True,72.0,0.9359207180290041,-0.6872256834813512,361161127.2823778,rowcol,0.30600929693028117,0.5973168669536951,0.051501512720978714,1.7158074255533353,0.2844340347438975,0.6115490777468843,0.29540910304169127,0.6045088102341488,0.11906811181726272,0.6192719951546695,0.5190476857930161,0.02600038764146366
edge_Br_only_kS1,True,74.0,1.0,-1.6684778995538656,361161127.2823778,rowcol,0.29581384988844905,0.5595342828685413,0.16589592162823946,2.85086590495631,0.28633728087456267,0.6082973557263283,0.2911099139681149,0.5845408444397606,0.18792431329800968,0.6294755159278947,0.5890044671643393,0.029296081145677326
edge_BrBt_kS1,True,74.0,1.0,-1.6829804502911299,361161127.2823778,rowcol,0.29578409213138235,0.5590592558651182,0.16730329868396077,2.8668594721298755,0.2863823937503285,0.6082240566831502,0.29111701691409203,0.5842762940048662,0.18900046695995742,0.6297405097126221,0.5895077519168416,0.029318675360576432
all_BrBt_kS1,True,74.0,1.0,-0.3983732548300085,361161127.2823778,rowcol,0.34370290091613087,0.6062822408650582,0.04523992046128069,1.600670579054875,0.3388207031435868,0.6147326715634743,0.341268360950066,0.6105422359406256,0.1327810200531459,0.6229782559286794,0.5475925762536142,0.027630749877933153
edge_BrBt_cS2_kS1,True,74.0,0.907152260100232,-1.1181124941453255,361161127.2823778,rowcol,0.2976954230338581,0.5688338378285821,0.06325811802634251,2.1235383039348132,0.2624928383394344,0.6092688053537065,0.2806309948272423,0.5894945716476784,0.11909305852947091,0.6137300628697734,0.5208701681623618,0.025992743996251417
all_BrBt_cS2_kS1,True,74.0,0.9243728597524864,-0.7880103117949553,361161127.2823778,rowcol,0.2982835883874579,0.583879798274083,0.04914877699998975,1.8165566227627084,0.27551242699841616,0.6104655692002039,0.28711371612074016,0.597384018385706,0.11538843881500345,0.614400591110632,0.5192794779679908,0.026023069830205834
edge_Br_only_kS1,True,76.0,1.0,-1.7412097306278567,361161127.2823778,rowcol,0.2856639222030913,0.5516299621531218,0.17794156437995198,2.8466167749010416,0.28631217439811635,0.6111111337549173,0.2859885203438052,0.5822724538886981,0.19619023759687113,0.6272491986700804,0.5984129602981894,0.029985619866393032
edge_BrBt_kS1,True,76.0,1.0,-1.7541466072099094,361161127.2823778,rowcol,0.2855720810704006,0.5512417942768111,0.17923756021168227,2.8597460908260066,0.2864147251514049,0.6110697478380567,0.2859940882952253,0.5820676687038514,0.19720774941165276,0.6274788644426403,0.5989125661994638,0.030009947967553314
all_BrBt_kS1,True,76.0,1.0,-0.3894261967520052,361161127.2823778,rowcol,0.34328088844299975,0.6039312922861322,0.045251567702121576,1.6016828079582621,0.33953500438881273,0.6154816698828356,0.3414114174986134,0.6097613852405986,0.1328345273871467,0.622236627599423,0.5489331349631672,0.027759355166495654
edge_BrBt_cS2_kS1,True,76.0,0.9120390143048628,-1.2249857738843035,361161127.2823778,rowcol,0.2892029962302544,0.5548361586879588,0.061831417665595204,2.196873728124801,0.2623090661497999,0.6111368438667166,0.2760717508057726,0.583799887222974,0.11697560831563164,0.6101227916697755,0.5319617627146767,0.026689406925326
all_BrBt_cS2_kS1,True,76.0,0.91197242145694,-0.8891207277781042,361161127.2823778,rowcol,0.2901785372781141,0.5711250478526894,0.04502827617190313,1.87660300040928,0.2683786827480519,0.6120754979373414,0.2794815447306198,0.5920521163093825,0.11131170098219359,0.610527926245671,0.5195222907469267,0.026121897166518755
edge_Br_only_kS1,True,78.0,1.0,-1.7940039187696066,361161127.2823778,rowcol,0.27695167660219455,0.5570553384189776,0.1887820543212701,2.731405493211369,0.2864421985420882,0.6198970056830164,0.2817411234724089,0.5894640956847039,0.20395136266393424,0.6303224901818404,0.6064259125215349,0.030697811319276822
edge_BrBt_kS1,True,78.0,1.0,-1.8004056847172236,361161127.2823778,rowcol,0.2768806982710466,0.5569388259610624,0.1894452334088068,2.737068846057153,0.28651335509629416,0.6199085605946575,0.28174248171110455,0.5894154135611385,0.20448210324096752,0.6304494002620422,0.6066941675572729,0.030711865768967613
all_BrBt_kS1,True,78.0,1.0,-0.37870008194533006,361161127.2823778,rowcol,0.34308124894197106,0.6038976108836202,0.04502674777852539,1.5816166955888498,0.3403935236761343,0.6174038189252187,0.34173883302934804,0.6107202727960633,0.13288320103498935,0.6228105414152275,0.5498759649021348,0.027885927532567183
edge_BrBt_cS2_kS1,True,78.0,0.9123436245512845,-1.2903345077887347,361161127.2823778,rowcol,0.28016140281595264,0.5502071834937493,0.06233647740773904,2.150795242298571,0.26220444315648955,0.6173201452507819,0.27132353088951744,0.5848871543953653,0.11568685150134374,0.6100065063356145,0.5389230781265103,0.027264659591794166
all_BrBt_cS2_kS1,True,78.0,0.9001638299746717,-0.9770123181010154,361161127.2823778,rowcol,0.2822623757969887,0.5631043318464257,0.039401086330327684,1.8669435323166013,0.26388990889559033,0.6170966916827353,0.2732224419864727,0.5908463636238337,0.10727868373527666,0.6091590076889138,0.5197469770053409,0.026296276664049264
edge_Br_only_kS1,True,80.0,1.0,-1.8101715620913583,361161127.2823778,rowcol,0.27227905246338974,0.5750471174080841,0.19572301823058225,2.503726395222006,0.2865625833607227,0.6330879956634213,0.27951842356633644,0.6049025401662235,0.20912094772070683,0.6381732226908006,0.6119361668359369,0.03133138727015613
edge_BrBt_kS1,True,80.0,1.0,-1.8065084131647646,361161127.2823778,rowcol,0.27232572763170526,0.575051240268972,0.1953316317339503,2.5010886623400186,0.28651918242013286,0.633054625151412,0.2795188729893767,0.6048869447456129,0.20880468872663602,0.6380860685117328,0.6117731551156137,0.031322300456599096
all_BrBt_kS1,True,80.0,1.0,-0.3680608668668642,361161127.2823778,rowcol,0.3430646528204495,0.6061091718125087,0.044610198599675535,1.543588800086491,0.3412429307663015,0.6200515102478418,0.34215419383758,0.6131532317998967,0.1329074228991348,0.624513446838485,0.5504840258898858,0.028003349635187053
edge_BrBt_cS2_kS1,True,80.0,0.9078118603964171,-1.3013441879803445,361161127.2823778,rowcol,0.2725662579017524,0.5561580856466241,0.05796415452694408,1.9875878699496206,0.2618035200670208,0.6261450180683829,0.2672342897764783,0.5923530214129287,0.11237942506973987,0.6132724776180575,0.5404603639347971,0.027608814252870807
all_BrBt_cS2_kS1,True,80.0,0.890399273553618,-1.0412399721720516,361161127.2823778,rowcol,0.27514871096659715,0.5629982302150521,0.033154233683336566,1.7790215516837886,0.26175340043360906,0.6245046082872338,0.2685286364911782,0.5946938301587651,0.1037827381404506,0.611030304297432,0.5199272399188919,0.026523082981364802
edge_Br_only_kS1,True,82.0,1.0,-1.7879039389250786,361161127.2823778,rowcol,0.272431703453523,0.599670616899192,0.19761275541090234,2.201489576263574,0.28665716313512474,0.6472463308142155,0.279641232754655,0.6240255237582297,0.21067269477159298,0.6485654919616742,0.6145588790452551,0.031810956724986586
edge_BrBt_kS1,True,82.0,1.0,-1.77350145211111,361161127.2823778,rowcol,0.27260199754626513,0.5994438371895175,0.19603463566691418,2.193778298409808,0.2865093795395983,0.6469947079126775,0.27964834308789904,0.6237859635919147,0.20939655312868316,0.6481534472093646,0.6138903481192444,0.03177173281226071
all_BrBt_kS1,True,82.0,1.0,-0.3590888846885767,361161127.2823778,rowcol,0.3431396528377511,0.6100712492858466,0.04409311430541165,1.493879677250315,0.34195213445610506,0.6227553949877382,0.3425458799936965,0.6164762045448922,0.1328957921291756,0.6269102961399365,0.5508552115428432,0.028107338646049803
edge_BrBt_cS2_kS1,True,82.0,0.9003656006727718,-1.2707606997899905,361161127.2823778,rowcol,0.26727899576919906,0.5694701777946986,0.048213067213103894,1.7569962294849955,0.2612294614257122,0.6343718357404723,0.26426884850847127,0.602949706314784,0.10733188158126347,0.618571471821124,0.5377381450408816,0.027728606146905695
all_BrBt_cS2_kS1,True,82.0,0.8834186035445194,-1.0797992023004204,361161127.2823778,rowcol,0.269385676423815,0.5711279697192916,0.027359198881604076,1.6302772596471025,0.26096215755881974,0.6318990798667711,0.2652036159136595,0.6024252777608453,0.10112480046006857,0.6156261179811708,0.5200525340634834,0.02676524216649712
edge_Br_only_kS1,True,84.0,1.0,-1.741215695261816,361161127.2823778,rowcol,0.2758722512170728,0.6243514579874074,0.19545618779714133,1.8848194659558157,0.2868494870275033,0.6588555096609866,0.28141928049519244,0.6419176655079611,0.2092525712749104,0.6588340757382718,0.6148770679874831,0.032120352741699554
edge_BrBt_kS1,True,84.0,1.0,-1.717842496417892,361161127.2823778,rowcol,0.2760894211990549,0.6236761507677618,0.1928480252470467,1.8766646414672796,0.2866787019869303,0.6582548111438455,0.2814385799340245,0.6412810758884894,0.20715525576121277,0.6580549144682883,0.6137616013329118,0.03205215080914914
all_BrBt_kS1,True,84.0,1.0,-0.3525918206341935,361161127.2823778,rowcol,0.3432228415130744,0.6150888230614814,0.043575712367868634,1.4405917191393198,0.3424564998474959,0.6248251253754856,0.3428395439040189,0.6199993134738537,0.13285151116985214,0.6294812173906568,0.5510798577219702,0.028194744793939408
edge_BrBt_cS2_kS1,True,84.0,0.892526697504717,-1.2230309755042639,361161127.2823778,rowcol,0.26399010946777585,0.5860750772895963,0.03663353289099846,1.519270120814556,0.26075171750797016,0.6392017291536427,0.2623744692506494,0.6133406203798317,0.10264298012362325,0.6242782900351965,0.5331332938492833,0.0277092300861495
all_BrBt_cS2_kS1,True,84.0,0.8790537977131966,-1.0984285636831101,361161127.2823778,rowcol,0.26525529340347825,0.5850857212876741,0.02268092302180541,1.4548874978786253,0.26067277169525765,0.636770570593425,0.26297197605861733,0.6115976515508341,0.09931498225322481,0.6214995301944535,0.5201293968708788,0.02698675786846459
edge_Br_only_kS1,True,86.0,1.0,-1.6906164884070596,361161127.2823778,rowcol,0.2802561296846962,0.6451564394160187,0.19155325587746908,1.6115660056989205,0.2870813699485034,0.6656644518085773,0.2836923124002589,0.6555395705544212,0.20653536382393597,0.6670219398732552,0.6140153561584569,0.03229170588268894
edge_BrBt_kS1,True,86.0,1.0,-1.6610614710561666,361161127.2823778,rowcol,0.28044398924407,0.6440527337463074,0.18821709326532687,1.6061928038475584,0.2869609698447297,0.6646951431041521,0.28372409057693077,0.654504567173861,0.20387472715857874,0.6659209615502334,0.6125810465840701,0.032201245602375576
all_BrBt_kS1,True,86.0,1.0,-0.348576839262822,361161127.2823778,rowcol,0.343271046407237,0.620411784781593,0.043143267092261975,1.3928074544281344,0.34276259605306486,0.6256849387247582,0.34301668925987805,0.6230665200130434,0.13279186325321507,0.6317309514722996,0.5512175385990424,0.028261986037364035
edge_BrBt_cS2_kS1,True,86.0,0.8861104271684297,-1.1784989893214457,361161127.2823778,rowcol,0.2620522327926074,0.60306522075767,0.026842616592007602,1.3197323099964813,0.26048053852607156,0.6392568802692098,0.26126686835697677,0.6215108787350149,0.09959791530430268,0.6291046071793179,0.5287055724396231,0.027640119290153222
all_BrBt_cS2_kS1,True,86.0,0.8766299489591504,-1.1054319420378849,361161127.2823778,rowcol,0.262654924233958,0.601470938695166,0.01925974609190233,1.2910824557487348,0.2605363332877327,0.6374165034528179,0.2615968310594791,0.6197901122529842,0.09818997215434215,0.6269988003135583,0.5201720678295197,0.02716123270142936
edge_Br_only_kS1,True,88.0,1.0,-1.6534393968899632,361161127.2823778,rowcol,0.28392001319758414,0.6606622387318951,0.18819816925087302,1.4267506224221322,0.2869760280386755,0.6667993714147439,0.28545346972702634,0.6637525390501153,0.20418819861223264,0.6721184933500792,0.6130420355076915,0.03237129930283801
edge_BrBt_kS1,True,88.0,1.0,-1.620447262153482,361161127.2823778,rowcol,0.2840413252258379,0.6592949522152478,0.18445150203568617,1.4247487585757543,0.2869365880188833,0.6655473421943093,0.2854939147669587,0.6624434396121511,0.2012211198054172,0.6708049755628823,0.6114269487903,0.03226742716177023
all_BrBt_kS1,True,88.0,1.0,-0.3465501426303004,361161127.2823778,rowcol,0.343277926382897,0.6253103808983556,0.042858266653087444,1.3595219586029839,0.34292295308319815,0.6249626207826241,0.3431003277338042,0.6251356953898869,0.13274156505866214,0.6332509433547966,0.551295749414901,0.02830483342947345
edge_BrBt_cS2_kS1,True,88.0,0.8820339917616886,-1.1486304431150054,361161127.2823778,rowcol,0.26096142148240475,0.6186133097678687,0.020842897082151545,1.1877925096059043,0.2604294874043758,0.6343477880591053,0.2606953534903821,0.6265674775079972,0.09814266169602909,0.6322352000258874,0.5256819843849775,0.02757992034907977
all_BrBt_cS2_kS1,True,88.0,0.8754645601159496,-1.1073353347579864,361161127.2823778,rowcol,0.2612173641623678,0.6172825890377266,0.017094742111431315,1.1743006096819353,0.2605329600489121,0.6331104639467807,0.26087508209640436,0.6252843685885595,0.09758033391951018,0.6307955666353716,0.5201930162926746,0.027272042312943057
edge_Br_only_kS1,True,90.0,1.0,-1.6399241973913123,361161127.2823778,rowcol,0.2862122017712939,0.6705752269191073,0.18690493097347186,1.3618499876291652,0.28600420427685663,0.6621834749459583,0.28610812939992747,0.6663725408801271,0.20328492285837682,0.6737475182204506,0.6126400876185185,0.032393628889739075
edge_BrBt_kS1,True,90.0,1.0,-1.605895376770017,361161127.2823778,rowcol,0.2862553205517019,0.6691522957539954,0.18303345288652867,1.361315771387114,0.28604779926632473,0.6608043919319313,0.286151486407401,0.6649715282524392,0.20022738047445438,0.6723640118622699,0.6109698224741147,0.03228548544353638
all_BrBt_kS1,True,90.0,1.0,-0.34595309604444724,361161127.2823778,rowcol,0.3432491766100698,0.6291461515100514,0.04275912096658932,1.347706917851804,0.3429992668416214,0.6225554428280773,0.3431241333082414,0.6258437497155955,0.13272232559705152,0.6337682542420964,0.5513216404851481,0.028319607057347457
edge_BrBt_cS2_kS1,True,90.0,0.8806485911535753,-1.1382795601699431,361161127.2823778,rowcol,0.26040919346595964,0.6314549207461286,0.018933799804060694,1.1421428251224464,0.26063516611811155,0.6249531370605313,0.26052230481431893,0.6281969294317384,0.09774508887810547,0.6332506423037492,0.5246242264474127,0.027557231627893405
all_BrBt_cS2_kS1,True,90.0,0.8751234104727237,-1.1076302371835887,361161127.2823778,rowcol,0.2605346259137579,0.6303413253482083,0.016335106515215865,1.1323081156034318,0.26077918192222427,0.6239436983508915,0.260657041387479,0.6271354073022946,0.09738838432128673,0.6320810253540727,0.5201992909797685,0.02730997933500185
