Br_relative_l2,Bt_relative_l2,Br_rms,Bt_rms,slotted_FEMM_Br_rms,slotted_FEMM_Bt_rms,lambda_drop,lambda_b_gain,width_scale,notch_kind,normalize_mean,slot_opening_deg,slot_centers_deg,model_csv
0.10029037769118403,0.37134906829294156,0.4865868483583025,0.04189141311865177,0.5106783515674461,0.04904435641138518,0.32,0.14000000000000004,1.0,gaussian,True,2.8647889756541165,5;15;25;35;45;55,results/paper5_structure2_alpha52_offset30_h7/structure2_br_bt.csv
0.1007688497837743,0.3718508204267702,0.4875776462948618,0.04192528533918061,0.5106783515674461,0.04904435641138518,0.36,0.14000000000000004,1.0,gaussian,True,2.8647889756541165,5;15;25;35;45;55,results/paper5_structure2_alpha52_offset30_h7/structure2_br_bt.csv
0.1021693979457485,0.37101993352697754,0.48574417533145503,0.041861738806520214,0.5106783515674461,0.04904435641138518,0.28,0.14000000000000004,1.0,gaussian,True,2.8647889756541165,5;15;25;35;45;55,results/paper5_structure2_alpha52_offset30_h7/structure2_br_bt.csv
0.10612965017507939,0.3708525490095221,0.48504100524586385,0.04183601174976389,0.5106783515674461,0.04904435641138518,0.24000000000000002,0.14000000000000004,1.0,gaussian,True,2.8647889756541165,5;15;25;35;45;55,results/paper5_structure2_alpha52_offset30_h7/structure2_br_bt.csv
0.11181645495181139,0.37083655489642575,0.4844691518807007,0.041813996286032905,0.5106783515674461,0.04904435641138518,0.2,0.14000000000000004,1.0,gaussian,True,2.8647889756541165,5;15;25;35;45;55,results/paper5_structure2_alpha52_offset30_h7/structure2_br_bt.csv
0.11886477430418592,0.3709620889407209,0.4840208465533758,0.04179547079518336,0.5106783515674461,0.04904435641138518,0.16,0.14000000000000004,1.0,gaussian,True,2.8647889756541165,5;15;25;35;45;55,results/paper5_structure2_alpha52_offset30_h7/structure2_br_bt.csv
0.12694522108187845,0.37121977543959583,0.4836887203375489,0.04178022681419422,0.5106783515674461,0.04904435641138518,0.12,0.14000000000000004,1.0,gaussian,True,2.8647889756541165,5;15;25;35;45;55,results/paper5_structure2_alpha52_offset30_h7/structure2_br_bt.csv
0.13578378308435532,0.3716007129534128,0.48346578671732116,0.04176806821103633,0.5106783515674461,0.04904435641138518,0.08,0.14000000000000004,1.0,gaussian,True,2.8647889756541165,5;15;25;35;45;55,results/paper5_structure2_alpha52_offset30_h7/structure2_br_bt.csv
0.1451634087950027,0.3720964609575115,0.48334542468840563,0.04175881041338586,0.5106783515674461,0.04904435641138518,0.04,0.14000000000000004,1.0,gaussian,True,2.8647889756541165,5;15;25;35;45;55,results/paper5_structure2_alpha52_offset30_h7/structure2_br_bt.csv
0.100179396891908,0.4171219906650843,0.48658735338433823,0.0342969061869418,0.5106783515674461,0.04904435641138518,0.32,0.10000000000000003,1.0,gaussian,True,2.8647889756541165,5;15;25;35;45;55,results/paper5_structure2_alpha52_offset30_h7/structure2_br_bt.csv
0.10065816906217083,0.41757469041825945,0.48757813804819683,0.03433844454674768,0.5106783515674461,0.04904435641138518,0.36,0.10000000000000003,1.0,gaussian,True,2.8647889756541165,5;15;25;35;45;55,results/paper5_structure2_alpha52_offset30_h7/structure2_br_bt.csv
0.10074424325233497,0.41754528245033806,0.4869976650436014,0.03895876137067376,0.5106783515674461,0.04904435641138518,0.36,0.14000000000000004,0.8,gaussian,True,2.8647889756541165,5;15;25;35;45;55,results/paper5_structure2_alpha52_offset30_h7/structure2_br_bt.csv
0.10145390908779185,0.4171822804310259,0.486157791986763,0.03892823659681449,0.5106783515674461,0.04904435641138518,0.32,0.14000000000000004,0.8,gaussian,True,2.8647889756541165,5;15;25;35;45;55,results/paper5_structure2_alpha52_offset30_h7/structure2_br_bt.csv
0.10206067961492228,0.4168231814149551,0.4857446932446032,0.03426048435551498,0.5106783515674461,0.04904435641138518,0.28,0.10000000000000003,1.0,gaussian,True,2.8647889756541165,5;15;25;35;45;55,results/paper5_structure2_alpha52_offset30_h7/structure2_br_bt.csv
0.10406724875738592,0.41694493085865075,0.48543809298674495,0.03890131740759951,0.5106783515674461,0.04904435641138518,0.28,0.14000000000000004,0.8,gaussian,True,2.8647889756541165,5;15;25;35;45;55,results/paper5_structure2_alpha52_offset30_h7/structure2_br_bt.csv
0.10602519899617048,0.4166685078273278,0.4850415356657347,0.03422887797310725,0.5106783515674461,0.04904435641138518,0.24000000000000002,0.10000000000000003,1.0,gaussian,True,2.8647889756541165,5;15;25;35;45;55,results/paper5_structure2_alpha52_offset30_h7/structure2_br_bt.csv
0.10834945216659608,0.4168268947196246,0.48483300489088205,0.03887783201986883,0.5106783515674461,0.04904435641138518,0.24000000000000002,0.14000000000000004,0.8,gaussian,True,2.8647889756541165,5;15;25;35;45;55,results/paper5_structure2_alpha52_offset30_h7/structure2_br_bt.csv
0.10263969487209247,0.4225523196283712,0.48687842700659556,0.04465339043524417,0.5106783515674461,0.04904435641138518,0.32,0.14000000000000004,1.2,gaussian,True,2.8647889756541165,5;15;25;35;45;55,results/paper5_structure2_alpha52_offset30_h7/structure2_br_bt.csv
0.10353176198703413,0.422233604533709,0.4859442597691892,0.04462208121143717,0.5106783515674461,0.04904435641138518,0.28,0.14000000000000004,1.2,gaussian,True,2.8647889756541165,5;15;25;35;45;55,results/paper5_structure2_alpha52_offset30_h7/structure2_br_bt.csv
0.10040967998324019,0.42631176226611356,0.4865867977428689,0.05025702012369624,0.5106783515674461,0.04904435641138518,0.32,0.18000000000000005,1.0,gaussian,True,2.8647889756541165,5;15;25;35;45;55,results/paper5_structure2_alpha52_offset30_h7/structure2_br_bt.csv
0.10440011229580426,0.42304661379164443,0.4879855552565895,0.044689371229191734,0.5106783515674461,0.04904435641138518,0.36,0.14000000000000004,1.2,gaussian,True,2.8647889756541165,5;15;25;35;45;55,results/paper5_structure2_alpha52_offset30_h7/structure2_br_bt.csv
0.10088781321658047,0.4267430795279395,0.48757760802874384,0.05028513883055068,0.5106783515674461,0.04904435641138518,0.36,0.18000000000000005,1.0,gaussian,True,2.8647889756541165,5;15;25;35;45;55,results/paper5_structure2_alpha52_offset30_h7/structure2_br_bt.csv
0.10228628994550575,0.4260307856042932,0.4857441126172093,0.05023240411418261,0.5106783515674461,0.04904435641138518,0.28,0.18000000000000005,1.0,gaussian,True,2.8647889756541165,5;15;25;35;45;55,results/paper5_structure2_alpha52_offset30_h7/structure2_br_bt.csv
0.11171751216047655,0.41664871028472306,0.48446969443277915,0.034201803239755385,0.5106783515674461,0.04904435641138518,0.2,0.10000000000000003,1.0,gaussian,True,2.8647889756541165,5;15;25;35;45;55,results/paper5_structure2_alpha52_offset30_h7/structure2_br_bt.csv
0.10680135267880678,0.42207696470783723,0.4851708913587332,0.04459510830210033,0.5106783515674461,0.04904435641138518,0.24000000000000002,0.14000000000000004,1.2,gaussian,True,2.8647889756541165,5;15;25;35;45;55,results/paper5_structure2_alpha52_offset30_h7/structure2_br_bt.csv
0.10248609180441677,0.42778026126633684,0.4868792718203581,0.036045692253522,0.5106783515674461,0.04904435641138518,0.32,0.10000000000000003,1.2,gaussian,True,2.8647889756541165,5;15;25;35;45;55,results/paper5_structure2_alpha52_offset30_h7/structure2_br_bt.csv
0.10337969635968684,0.4274598856518082,0.4859451179679629,0.0360067403960235,0.5106783515674461,0.04904435641138518,0.28,0.10000000000000003,1.2,gaussian,True,2.8647889756541165,5;15;25;35;45;55,results/paper5_structure2_alpha52_offset30_h7/structure2_br_bt.csv
0.11402525664902714,0.4168220634639555,0.4843371686741152,0.03885761652903488,0.5106783515674461,0.04904435641138518,0.2,0.14000000000000004,0.8,gaussian,True,2.8647889756541165,5;15;25;35;45;55,results/paper5_structure2_alpha52_offset30_h7/structure2_br_bt.csv
0.10624197923360784,0.425890588646237,0.4850409306847879,0.05021107975844867,0.5106783515674461,0.04904435641138518,0.24000000000000002,0.18000000000000005,1.0,gaussian,True,2.8647889756541165,5;15;25;35;45;55,results/paper5_structure2_alpha52_offset30_h7/structure2_br_bt.csv
0.10424888684281876,0.42827422898597106,0.4879863861052244,0.036090418568976955,0.5106783515674461,0.04904435641138518,0.36,0.10000000000000003,1.2,gaussian,True,2.8647889756541165,5;15;25;35;45;55,results/paper5_structure2_alpha52_offset30_h7/structure2_br_bt.csv
0.10665414869951405,0.42729975436159634,0.4851717623805675,0.03597315375966591,0.5106783515674461,0.04904435641138518,0.24000000000000002,0.10000000000000003,1.2,gaussian,True,2.8647889756541165,5;15;25;35;45;55,results/paper5_structure2_alpha52_offset30_h7/structure2_br_bt.csv
0.112058055348591,0.42206978956068153,0.48454694661318976,0.04457216116315893,0.5106783515674461,0.04904435641138518,0.2,0.14000000000000004,1.2,gaussian,True,2.8647889756541165,5;15;25;35;45;55,results/paper5_structure2_alpha52_offset30_h7/structure2_br_bt.csv
0.11877187923969379,0.41675500773397356,0.4840214008696111,0.0341789926224323,0.5106783515674461,0.04904435641138518,0.16,0.10000000000000003,1.0,gaussian,True,2.8647889756541165,5;15;25;35;45;55,results/paper5_structure2_alpha52_offset30_h7/structure2_br_bt.csv
0.12082027802073204,0.4169245564319297,0.4839454248930759,0.03884051454342202,0.5106783515674461,0.04904435641138518,0.16,0.14000000000000004,0.8,gaussian,True,2.8647889756541165,5;15;25;35;45;55,results/paper5_structure2_alpha52_offset30_h7/structure2_br_bt.csv
0.1119228857461116,0.425882103183201,0.48446906572548437,0.050192848948034434,0.5106783515674461,0.04904435641138518,0.2,0.18000000000000005,1.0,gaussian,True,2.8647889756541165,5;15;25;35;45;55,results/paper5_structure2_alpha52_offset30_h7/structure2_br_bt.csv
0.11191795089353697,0.4272874064554159,0.4845478299146671,0.035944552361734536,0.5106783515674461,0.04904435641138518,0.2,0.10000000000000003,1.2,gaussian,True,2.8647889756541165,5;15;25;35;45;55,results/paper5_structure2_alpha52_offset30_h7/structure2_br_bt.csv
0.10082062914352115,0.4387357022011894,0.4869978436923382,0.046196610377004094,0.5106783515674461,0.04904435641138518,0.36,0.18000000000000005,0.8,gaussian,True,2.8647889756541165,5;15;25;35;45;55,results/paper5_structure2_alpha52_offset30_h7/structure2_br_bt.csv
0.10152956716751058,0.4383951156451853,0.48615796038375725,0.04617098217866133,0.5106783515674461,0.04904435641138518,0.32,0.18000000000000005,0.8,gaussian,True,2.8647889756541165,5;15;25;35;45;55,results/paper5_structure2_alpha52_offset30_h7/structure2_br_bt.csv
0.1188803439856039,0.4222003121045257,0.4840617899174431,0.04455295199274804,0.5106783515674461,0.04904435641138518,0.16,0.14000000000000004,1.2,gaussian,True,2.8647889756541165,5;15;25;35;45;55,results/paper5_structure2_alpha52_offset30_h7/structure2_br_bt.csv
0.10414082264870082,0.43817404018437317,0.4854382512481889,0.04614839725937914,0.5106783515674461,0.04904435641138518,0.28,0.18000000000000005,0.8,gaussian,True,2.8647889756541165,5;15;25;35;45;55,results/paper5_structure2_alpha52_offset30_h7/structure2_br_bt.csv
0.12685840441124724,0.41697908068368467,0.48368928605686184,0.034160193902434216,0.5106783515674461,0.04904435641138518,0.12,0.10000000000000003,1.0,gaussian,True,2.8647889756541165,5;15;25;35;45;55,results/paper5_structure2_alpha52_offset30_h7/structure2_br_bt.csv
0.11896472386268192,0.4259967360085667,0.4840207490567067,0.05017752565494002,0.5106783515674461,0.04904435641138518,0.16,0.18000000000000005,1.0,gaussian,True,2.8647889756541165,5;15;25;35;45;55,results/paper5_structure2_alpha52_offset30_h7/structure2_br_bt.csv
0.1284874220340158,0.4171287177810511,0.4836528090377009,0.038826376835499575,0.5106783515674461,0.04904435641138518,0.12,0.14000000000000004,0.8,gaussian,True,2.8647889756541165,5;15;25;35;45;55,results/paper5_structure2_alpha52_offset30_h7/structure2_br_bt.csv
0.11874845894049005,0.4274112177714918,0.4840626849738939,0.03592058326072046,0.5106783515674461,0.04904435641138518,0.16,0.10000000000000003,1.2,gaussian,True,2.8647889756541165,5;15;25;35;45;55,results/paper5_structure2_alpha52_offset30_h7/structure2_br_bt.csv
0.10841994508448739,0.43806642320243133,0.48483315313759884,0.04612870904974049,0.5106783515674461,0.04904435641138518,0.24000000000000002,0.18000000000000005,0.8,gaussian,True,2.8647889756541165,5;15;25;35;45;55,results/paper5_structure2_alpha52_offset30_h7/structure2_br_bt.csv
0.12687940318518873,0.42245756087865055,0.48370548018604215,0.044537213931575344,0.5106783515674461,0.04904435641138518,0.12,0.14000000000000004,1.2,gaussian,True,2.8647889756541165,5;15;25;35;45;55,results/paper5_structure2_alpha52_offset30_h7/structure2_br_bt.csv
0.11409207931947994,0.4380664418302588,0.48433730703107336,0.04611177794575319,0.5106783515674461,0.04904435641138518,0.2,0.18000000000000005,0.8,gaussian,True,2.8647889756541165,5;15;25;35;45;55,results/paper5_structure2_alpha52_offset30_h7/structure2_br_bt.csv
0.13570276844376641,0.4173130539589239,0.48346636348603317,0.03414516927910068,0.5106783515674461,0.04904435641138518,0.08,0.10000000000000003,1.0,gaussian,True,2.8647889756541165,5;15;25;35;45;55,results/paper5_structure2_alpha52_offset30_h7/structure2_br_bt.csv
0.12703865247383916,0.42622635104578815,0.4836886117514631,0.05016493513793792,0.5106783515674461,0.04904435641138518,0.12,0.18000000000000005,1.0,gaussian,True,2.8647889756541165,5;15;25;35;45;55,results/paper5_structure2_alpha52_offset30_h7/structure2_br_bt.csv
0.1368181280521276,0.41742911294869356,0.4834545467902312,0.038815061009251126,0.5106783515674461,0.04904435641138518,0.08,0.14000000000000004,0.8,gaussian,True,2.8647889756541165,5;15;25;35;45;55,results/paper5_structure2_alpha52_offset30_h7/structure2_br_bt.csv
0.12675599611175664,0.4276603525445139,0.4837063864916253,0.035900918520137444,0.5106783515674461,0.04904435641138518,0.12,0.10000000000000003,1.2,gaussian,True,2.8647889756541165,5;15;25;35;45;55,results/paper5_structure2_alpha52_offset30_h7/structure2_br_bt.csv
0.1357297011985782,0.42283131350732533,0.48346872820912007,0.04452469941733462,0.5106783515674461,0.04904435641138518,0.08,0.14000000000000004,1.2,gaussian,True,2.8647889756541165,5;15;25;35;45;55,results/paper5_structure2_alpha52_offset30_h7/structure2_br_bt.csv
0.12088319299234271,0.4381684989549248,0.48394555348891904,0.046097470962041115,0.5106783515674461,0.04904435641138518,0.16,0.18000000000000005,0.8,gaussian,True,2.8647889756541165,5;15;25;35;45;55,results/paper5_structure2_alpha52_offset30_h7/structure2_br_bt.csv
0.13587098960108623,0.4265632513815694,0.483465667292612,0.05015491320518381,0.5106783515674461,0.04904435641138518,0.08,0.18000000000000005,1.0,gaussian,True,2.8647889756541165,5;15;25;35;45;55,results/paper5_structure2_alpha52_offset30_h7/structure2_br_bt.csv
0.14508776657704614,0.41774947931413053,0.48334601216059603,0.03413369452656478,0.5106783515674461,0.04904435641138518,0.04,0.10000000000000003,1.0,gaussian,True,2.8647889756541165,5;15;25;35;45;55,results/paper5_structure2_alpha52_offset30_h7/structure2_br_bt.csv
0.14564331456071553,0.4178205246898498,0.4833460492032913,0.03880643118295636,0.5106783515674461,0.04904435641138518,0.04,0.14000000000000004,0.8,gaussian,True,2.8647889756541165,5;15;25;35;45;55,results/paper5_structure2_alpha52_offset30_h7/structure2_br_bt.csv
0.13561448905679976,0.42802471678579734,0.483469645276786,0.03588525333427951,0.5106783515674461,0.04904435641138518,0.08,0.10000000000000003,1.2,gaussian,True,2.8647889756541165,5;15;25;35;45;55,results/paper5_structure2_alpha52_offset30_h7/structure2_br_bt.csv
0.12854644446077612,0.4383672188792866,0.48365292800429444,0.046085661403072194,0.5106783515674461,0.04904435641138518,0.12,0.18000000000000005,0.8,gaussian,True,2.8647889756541165,5;15;25;35;45;55,results/paper5_structure2_alpha52_offset30_h7/structure2_br_bt.csv
0.1451741936598214,0.42331205197811306,0.4833428562714565,0.04451517867901871,0.5106783515674461,0.04904435641138518,0.04,0.14000000000000004,1.2,gaussian,True,2.8647889756541165,5;15;25;35;45;55,results/paper5_structure2_alpha52_offset30_h7/structure2_br_bt.csv
0.1006745004950305,0.4691805655976579,0.48699784765391063,0.032484156623257134,0.5106783515674461,0.04904435641138518,0.36,0.10000000000000003,0.8,gaussian,True,2.8647889756541165,5;15;25;35;45;55,results/paper5_structure2_alpha52_offset30_h7/structure2_br_bt.csv
0.10138484868565847,0.4688529903041577,0.4861579854729155,0.0324473832613308,0.5106783515674461,0.04904435641138518,0.32,0.10000000000000003,0.8,gaussian,True,2.8647889756541165,5;15;25;35;45;55,results/paper5_structure2_alpha52_offset30_h7/structure2_br_bt.csv
0.1452448490540616,0.4270001612947621,0.4833452946740897,0.05014730552884934,0.5106783515674461,0.04904435641138518,0.04,0.18000000000000005,1.0,gaussian,True,2.8647889756541165,5;15;25;35;45;55,results/paper5_structure2_alpha52_offset30_h7/structure2_br_bt.csv
0.10400010961418826,0.46863733843281963,0.485438297144966,0.03241492695131297,0.5106783515674461,0.04904435641138518,0.28,0.10000000000000003,0.8,gaussian,True,2.8647889756541165,5;15;25;35;45;55,results/paper5_structure2_alpha52_offset30_h7/structure2_br_bt.csv
0.1450666110107593,0.4284949134941888,0.4833437836328072,0.035873304302440574,0.5106783515674461,0.04904435641138518,0.04,0.10000000000000003,1.2,gaussian,True,2.8647889756541165,5;15;25;35;45;55,results/paper5_structure2_alpha52_offset30_h7/structure2_br_bt.csv
0.13687342891649953,0.43865744266531614,0.48345465626222756,0.04607622855145513,0.5106783515674461,0.04904435641138518,0.08,0.18000000000000005,0.8,gaussian,True,2.8647889756541165,5;15;25;35;45;55,results/paper5_structure2_alpha52_offset30_h7/structure2_br_bt.csv
0.1082851434469557,0.46852793183894814,0.48483321951614095,0.03238658539132342,0.5106783515674461,0.04904435641138518,0.24000000000000002,0.10000000000000003,0.8,gaussian,True,2.8647889756541165,5;15;25;35;45;55,results/paper5_structure2_alpha52_offset30_h7/structure2_br_bt.csv
0.11396431440656571,0.468519318118602,0.48433739356061833,0.032362165040235154,0.5106783515674461,0.04904435641138518,0.2,0.10000000000000003,0.8,gaussian,True,2.8647889756541165,5;15;25;35;45;55,results/paper5_structure2_alpha52_offset30_h7/structure2_br_bt.csv
0.10625708103719296,0.477240061940945,0.48603295863454893,0.03766774129733188,0.5106783515674461,0.04904435641138518,0.28,0.10000000000000003,1.4,gaussian,True,2.8647889756541165,5;15;25;35;45;55,results/paper5_structure2_alpha52_offset30_h7/structure2_br_bt.csv
0.10622963885350802,0.4775325499254099,0.4870226783069853,0.0377078426153111,0.5106783515674461,0.04904435641138518,0.32,0.10000000000000003,1.4,gaussian,True,2.8647889756541165,5;15;25;35;45;55,results/paper5_structure2_alpha52_offset30_h7/structure2_br_bt.csv
0.14569514637977873,0.4390342231962004,0.48334614931771425,0.04606905737239086,0.5106783515674461,0.04904435641138518,0.04,0.18000000000000005,0.8,gaussian,True,2.8647889756541165,5;15;25;35;45;55,results/paper5_structure2_alpha52_offset30_h7/structure2_br_bt.csv
0.10882341043246697,0.4771036556480078,0.48522039880276824,0.03763337949467395,0.5106783515674461,0.04904435641138518,0.24000000000000002,0.10000000000000003,1.4,gaussian,True,2.8647889756541165,5;15;25;35;45;55,results/paper5_structure2_alpha52_offset30_h7/structure2_br_bt.csv
0.1090073818210992,0.47799675431781447,0.48820550997441203,0.03775420212225501,0.5106783515674461,0.04904435641138518,0.36,0.10000000000000003,1.4,gaussian,True,2.8647889756541165,5;15;25;35;45;55,results/paper5_structure2_alpha52_offset30_h7/structure2_br_bt.csv
0.12076291660869268,0.4686062651768053,0.48394565983473015,0.032341480758835854,0.5106783515674461,0.04904435641138518,0.16,0.10000000000000003,0.8,gaussian,True,2.8647889756541165,5;15;25;35;45;55,results/paper5_structure2_alpha52_offset30_h7/structure2_br_bt.csv
0.11352766891637084,0.4771090125444453,0.48457030954399977,0.03760428291506434,0.5106783515674461,0.04904435641138518,0.2,0.10000000000000003,1.4,gaussian,True,2.8647889756541165,5;15;25;35;45;55,results/paper5_structure2_alpha52_offset30_h7/structure2_br_bt.csv
0.11992224323813591,0.4772430220854655,0.4840691653128564,0.037580017547859494,0.5106783515674461,0.04904435641138518,0.16,0.10000000000000003,1.4,gaussian,True,2.8647889756541165,5;15;25;35;45;55,results/paper5_structure2_alpha52_offset30_h7/structure2_br_bt.csv
0.12843362516193038,0.46878375562172675,0.4836530538285469,0.03232435546396303,0.5106783515674461,0.04904435641138518,0.12,0.10000000000000003,0.8,gaussian,True,2.8647889756541165,5;15;25;35;45;55,results/paper5_structure2_alpha52_offset30_h7/structure2_br_bt.csv
0.12758585260431757,0.4774936817903842,0.4837045126574008,0.037560185972752305,0.5106783515674461,0.04904435641138518,0.12,0.10000000000000003,1.4,gaussian,True,2.8647889756541165,5;15;25;35;45;55,results/paper5_structure2_alpha52_offset30_h7/structure2_br_bt.csv
0.13676773741590065,0.4690469810115345,0.4834548012248466,0.03231061979524169,0.5106783515674461,0.04904435641138518,0.08,0.10000000000000003,0.8,gaussian,True,2.8647889756541165,5;15;25;35;45;55,results/paper5_structure2_alpha52_offset30_h7/structure2_br_bt.csv
0.13616192322194653,0.4778500051656219,0.48346488558499207,0.037544424033387,0.5106783515674461,0.04904435641138518,0.08,0.10000000000000003,1.4,gaussian,True,2.8647889756541165,5;15;25;35;45;55,results/paper5_structure2_alpha52_offset30_h7/structure2_br_bt.csv
0.14559609777630014,0.4693913359811357,0.48334631307716375,0.032300111794067124,0.5106783515674461,0.04904435641138518,0.04,0.10000000000000003,0.8,gaussian,True,2.8647889756541165,5;15;25;35;45;55,results/paper5_structure2_alpha52_offset30_h7/structure2_br_bt.csv
0.10280302443337683,0.5196454120658419,0.48687813039960826,0.054030500999494406,0.5106783515674461,0.04904435641138518,0.32,0.18000000000000005,1.2,gaussian,True,2.8647889756541165,5;15;25;35;45;55,results/paper5_structure2_alpha52_offset30_h7/structure2_br_bt.csv
0.10369347510802712,0.5193908550572872,0.48594395083101893,0.054004734263773835,0.5106783515674461,0.04904435641138518,0.28,0.18000000000000005,1.2,gaussian,True,2.8647889756541165,5;15;25;35;45;55,results/paper5_structure2_alpha52_offset30_h7/structure2_br_bt.csv
0.14536772084313673,0.4783019369201082,0.4833397274228199,0.037532397837277166,0.5106783515674461,0.04904435641138518,0.04,0.10000000000000003,1.4,gaussian,True,2.8647889756541165,5;15;25;35;45;55,results/paper5_structure2_alpha52_offset30_h7/structure2_br_bt.csv
0.10456090763715938,0.5200427292359401,0.4879852713710049,0.05406013228622673,0.5106783515674461,0.04904435641138518,0.36,0.18000000000000005,1.2,gaussian,True,2.8647889756541165,5;15;25;35;45;55,results/paper5_structure2_alpha52_offset30_h7/structure2_br_bt.csv
0.10090364308167103,0.5239897552460854,0.4869983835997232,0.053891053059734885,0.5106783515674461,0.04904435641138518,0.36,0.22000000000000006,0.8,gaussian,True,2.8647889756541165,5;15;25;35;45;55,results/paper5_structure2_alpha52_offset30_h7/structure2_br_bt.csv
0.10161180818732733,0.5237086914162523,0.48615849066352207,0.05386918091935105,0.5106783515674461,0.04904435641138518,0.32,0.22000000000000006,0.8,gaussian,True,2.8647889756541165,5;15;25;35;45;55,results/paper5_structure2_alpha52_offset30_h7/structure2_br_bt.csv
0.10644918998490106,0.5190108012976755,0.48603169532289936,0.04721757557295522,0.5106783515674461,0.04904435641138518,0.28,0.14000000000000004,1.4,gaussian,True,2.8647889756541165,5;15;25;35;45;55,results/paper5_structure2_alpha52_offset30_h7/structure2_br_bt.csv
0.10642193874373297,0.5192766201109619,0.4870214256208963,0.04724948945907947,0.5106783515674461,0.04904435641138518,0.32,0.14000000000000004,1.4,gaussian,True,2.8647889756541165,5;15;25;35;45;55,results/paper5_structure2_alpha52_offset30_h7/structure2_br_bt.csv
0.10695792327989542,0.5192679739402584,0.48517057047299983,0.053982552654564434,0.5106783515674461,0.04904435641138518,0.24000000000000002,0.18000000000000005,1.2,gaussian,True,2.8647889756541165,5;15;25;35;45;55,results/paper5_structure2_alpha52_offset30_h7/structure2_br_bt.csv
0.10422081766044977,0.5235276471607894,0.48543877192894347,0.05384991838384675,0.5106783515674461,0.04904435641138518,0.28,0.22000000000000006,0.8,gaussian,True,2.8647889756541165,5;15;25;35;45;55,results/paper5_structure2_alpha52_offset30_h7/structure2_br_bt.csv
0.1090108633090569,0.5188884179258322,0.4852191255508297,0.047190248506860925,0.5106783515674461,0.04904435641138518,0.24000000000000002,0.14000000000000004,1.4,gaussian,True,2.8647889756541165,5;15;25;35;45;55,results/paper5_structure2_alpha52_offset30_h7/structure2_br_bt.csv
0.1091949325494968,0.519700292612806,0.4882042686374363,0.04728640945761582,0.5106783515674461,0.04904435641138518,0.36,0.14000000000000004,1.4,gaussian,True,2.8647889756541165,5;15;25;35;45;55,results/paper5_structure2_alpha52_offset30_h7/structure2_br_bt.csv
0.1122071063878217,0.5192664704828723,0.48454661415618633,0.053963697710507394,0.5106783515674461,0.04904435641138518,0.2,0.18000000000000005,1.2,gaussian,True,2.8647889756541165,5;15;25;35;45;55,results/paper5_structure2_alpha52_offset30_h7/structure2_br_bt.csv
0.10849661014655289,0.5234415113845882,0.4848336642559586,0.05383313887746934,0.5106783515674461,0.04904435641138518,0.24000000000000002,0.22000000000000006,0.8,gaussian,True,2.8647889756541165,5;15;25;35;45;55,results/paper5_structure2_alpha52_offset30_h7/structure2_br_bt.csv
0.11370724289805706,0.5188962878706188,0.48456902699982984,0.04716712568628336,0.5106783515674461,0.04904435641138518,0.2,0.14000000000000004,1.4,gaussian,True,2.8647889756541165,5;15;25;35;45;55,results/paper5_structure2_alpha52_offset30_h7/structure2_br_bt.csv
0.1023422590251493,0.5323230425206232,0.4868806648380423,0.028903200450402473,0.5106783515674461,0.04904435641138518,0.32,0.060000000000000026,1.2,gaussian,True,2.8647889756541165,5;15;25;35;45;55,results/paper5_structure2_alpha52_offset30_h7/structure2_br_bt.csv
0.10323732085744254,0.5320611538619643,0.4859465254244298,0.02885441023172085,0.5106783515674461,0.04904435641138518,0.28,0.060000000000000026,1.2,gaussian,True,2.8647889756541165,5;15;25;35;45;55,results/paper5_structure2_alpha52_offset30_h7/structure2_br_bt.csv
0.10410727298165791,0.5327246695526864,0.4879877639141158,0.0289591632764946,0.5106783515674461,0.04904435641138518,0.36,0.060000000000000026,1.2,gaussian,True,2.8647889756541165,5;15;25;35;45;55,results/paper5_structure2_alpha52_offset30_h7/structure2_br_bt.csv
0.11416477209216742,0.5234453897521124,0.4843378086311815,0.05381872197566748,0.5106783515674461,0.04904435641138518,0.2,0.22000000000000006,0.8,gaussian,True,2.8647889756541165,5;15;25;35;45;55,results/paper5_structure2_alpha52_offset30_h7/structure2_br_bt.csv
0.11902068219704542,0.5193767790043639,0.48406144625752723,0.05394793021343028,0.5106783515674461,0.04904435641138518,0.16,0.18000000000000005,1.2,gaussian,True,2.8647889756541165,5;15;25;35;45;55,results/paper5_structure2_alpha52_offset30_h7/structure2_br_bt.csv
0.10651635017561185,0.531928168629487,0.4851731835355397,0.028812294457823785,0.5106783515674461,0.04904435641138518,0.24000000000000002,0.060000000000000026,1.2,gaussian,True,2.8647889756541165,5;15;25;35;45;55,results/paper5_structure2_alpha52_offset30_h7/structure2_br_bt.csv
0.10007676526994146,0.5385291007638675,0.48658831281956116,0.028105691851805014,0.5106783515674461,0.04904435641138518,0.32,0.060000000000000026,1.0,gaussian,True,2.8647889756541165,5;15;25;35;45;55,results/paper5_structure2_alpha52_offset30_h7/structure2_br_bt.csv
0.12009214215332793,0.5190223589885079,0.4840678740885046,0.047147857734600035,0.5106783515674461,0.04904435641138518,0.16,0.14000000000000004,1.4,gaussian,True,2.8647889756541165,5;15;25;35;45;55,results/paper5_structure2_alpha52_offset30_h7/structure2_br_bt.csv
0.10055579840185598,0.538884425644793,0.4875790832873768,0.028156577500875593,0.5106783515674461,0.04904435641138518,0.36,0.060000000000000026,1.0,gaussian,True,2.8647889756541165,5;15;25;35;45;55,results/paper5_structure2_alpha52_offset30_h7/structure2_br_bt.csv
0.10196016109934976,0.5382931828977371,0.4857456663551977,0.02806102742591669,0.5106783515674461,0.04904435641138518,0.28,0.060000000000000026,1.0,gaussian,True,2.8647889756541165,5;15;25;35;45;55,results/paper5_structure2_alpha52_offset30_h7/structure2_br_bt.csv
0.11178682666141276,0.5319140238182609,0.48454926405760584,0.028776388789832685,0.5106783515674461,0.04904435641138518,0.2,0.060000000000000026,1.2,gaussian,True,2.8647889756541165,5;15;25;35;45;55,results/paper5_structure2_alpha52_offset30_h7/structure2_br_bt.csv
0.10592864900088556,0.5381690165942425,0.4850425219429048,0.02802222608972647,0.5106783515674461,0.04904435641138518,0.24000000000000002,0.060000000000000026,1.0,gaussian,True,2.8647889756541165,5;15;25;35;45;55,results/paper5_structure2_alpha52_offset30_h7/structure2_br_bt.csv
0.12095165285720155,0.5235345976383092,0.4839460456219696,0.05380655308574866,0.5106783515674461,0.04904435641138518,0.16,0.22000000000000006,0.8,gaussian,True,2.8647889756541165,5;15;25;35;45;55,results/paper5_structure2_alpha52_offset30_h7/structure2_br_bt.csv
0.12701074865575743,0.519590016178255,0.4837051256831377,0.05393502862288607,0.5106783515674461,0.04904435641138518,0.12,0.18000000000000005,1.2,gaussian,True,2.8647889756541165,5;15;25;35;45;55,results/paper5_structure2_alpha52_offset30_h7/structure2_br_bt.csv
0.1277454559740834,0.519255611932894,0.48370321333021876,0.04713212532239231,0.5106783515674461,0.04904435641138518,0.12,0.14000000000000004,1.4,gaussian,True,2.8647889756541165,5;15;25;35;45;55,results/paper5_structure2_alpha52_offset30_h7/structure2_br_bt.csv
0.11162607728369044,0.5381493824349952,0.4844706933801863,0.02798894895932868,0.5106783515674461,0.04904435641138518,0.2,0.060000000000000026,1.0,gaussian,True,2.8647889756541165,5;15;25;35;45;55,results/paper5_structure2_alpha52_offset30_h7/structure2_br_bt.csv
0.11862505525590836,0.5320093750829961,0.4840641314238209,0.028746260380784483,0.5106783515674461,0.04904435641138518,0.16,0.060000000000000026,1.2,gaussian,True,2.8647889756541165,5;15;25;35;45;55,results/paper5_structure2_alpha52_offset30_h7/structure2_br_bt.csv
0.10952850094727913,0.541670489712787,0.48601102761058734,0.03925105278786296,0.5106783515674461,0.04904435641138518,0.28,0.10000000000000003,1.5999999999999999,gaussian,True,2.8647889756541165,5;15;25;35;45;55,results/paper5_structure2_alpha52_offset30_h7/structure2_br_bt.csv
0.11005281397021534,0.5419208065089001,0.48701858311290724,0.03929108692807161,0.5106783515674461,0.04904435641138518,0.32,0.10000000000000003,1.5999999999999999,gaussian,True,2.8647889756541165,5;15;25;35;45;55,results/paper5_structure2_alpha52_offset30_h7/structure2_br_bt.csv
0.1060759512756031,0.545941249613641,0.4860348666194188,0.029620864016950015,0.5106783515674461,0.04904435641138518,0.28,0.060000000000000026,1.4,gaussian,True,2.8647889756541165,5;15;25;35;45;55,results/paper5_structure2_alpha52_offset30_h7/structure2_br_bt.csv
0.10604832031812254,0.5461999365921139,0.4870245743562741,0.029671974900087442,0.5106783515674461,0.04904435641138518,0.32,0.060000000000000026,1.4,gaussian,True,2.8647889756541165,5;15;25;35;45;55,results/paper5_structure2_alpha52_offset30_h7/structure2_br_bt.csv
0.1286106852478267,0.5237046531258823,0.483653410728059,0.05379652314527247,0.5106783515674461,0.04904435641138518,0.12,0.22000000000000006,0.8,gaussian,True,2.8647889756541165,5;15;25;35;45;55,results/paper5_structure2_alpha52_offset30_h7/structure2_br_bt.csv
0.11157694449556711,0.5415636238003992,0.48519096006450135,0.03921694275097341,0.5106783515674461,0.04904435641138518,0.24000000000000002,0.10000000000000003,1.5999999999999999,gaussian,True,2.8647889756541165,5;15;25;35;45;55,results/paper5_structure2_alpha52_offset30_h7/structure2_br_bt.csv
0.10053727414404827,0.5527345832039215,0.4865872015381793,0.059067000176952135,0.5106783515674461,0.04904435641138518,0.32,0.22000000000000006,1.0,gaussian,True,2.8647889756541165,5;15;25;35;45;55,results/paper5_structure2_alpha52_offset30_h7/structure2_br_bt.csv
0.10101503009743071,0.5530628281639317,0.4875780232499497,0.05909082571091889,0.5106783515674461,0.04904435641138518,0.36,0.22000000000000006,1.0,gaussian,True,2.8647889756541165,5;15;25;35;45;55,results/paper5_structure2_alpha52_offset30_h7/structure2_br_bt.csv
0.10864669320000922,0.5458191208251847,0.48522231780744035,0.029577026717605318,0.5106783515674461,0.04904435641138518,0.24000000000000002,0.060000000000000026,1.4,gaussian,True,2.8647889756541165,5;15;25;35;45;55,results/paper5_structure2_alpha52_offset30_h7/structure2_br_bt.csv
0.10241132762599002,0.5525222911246477,0.4857445051020423,0.059046155927631516,0.5106783515674461,0.04904435641138518,0.28,0.22000000000000006,1.0,gaussian,True,2.8647889756541165,5;15;25;35;45;55,results/paper5_structure2_alpha52_offset30_h7/structure2_br_bt.csv
0.10883054826136437,0.5466089155744345,0.48820739311591654,0.02973100394530614,0.5106783515674461,0.04904435641138518,0.36,0.060000000000000026,1.4,gaussian,True,2.8647889756541165,5;15;25;35;45;55,results/paper5_structure2_alpha52_offset30_h7/structure2_br_bt.csv
0.13585234945297817,0.5198979339722729,0.4834683632143197,0.05392478765011362,0.5106783515674461,0.04904435641138518,0.08,0.18000000000000005,1.2,gaussian,True,2.8647889756541165,5;15;25;35;45;55,results/paper5_structure2_alpha52_offset30_h7/structure2_br_bt.csv
0.11342211709751251,0.5423314548224292,0.4882332953352376,0.03933766485687826,0.5106783515674461,0.04904435641138518,0.36,0.10000000000000003,1.5999999999999999,gaussian,True,2.8647889756541165,5;15;25;35;45;55,results/paper5_structure2_alpha52_offset30_h7/structure2_br_bt.csv
0.13631139143572438,0.5195859712195607,0.4834635786990177,0.04711963634399673,0.5106783515674461,0.04904435641138518,0.08,0.14000000000000004,1.4,gaussian,True,2.8647889756541165,5;15;25;35;45;55,results/paper5_structure2_alpha52_offset30_h7/structure2_br_bt.csv
0.11868605523377293,0.5382274744103981,0.48402241200384316,0.027960875414262936,0.5106783515674461,0.04904435641138518,0.16,0.060000000000000026,1.0,gaussian,True,2.8647889756541165,5;15;25;35;45;55,results/paper5_structure2_alpha52_offset30_h7/structure2_br_bt.csv
0.11579386888622534,0.5415850381001934,0.4845405552502696,0.03918819877866226,0.5106783515674461,0.04904435641138518,0.2,0.10000000000000003,1.5999999999999999,gaussian,True,2.8647889756541165,5;15;25;35;45;55,results/paper5_structure2_alpha52_offset30_h7/structure2_br_bt.csv
0.10636216121227714,0.5524184886359135,0.48504131198271705,0.059028112297841606,0.5106783515674461,0.04904435641138518,0.24000000000000002,0.22000000000000006,1.0,gaussian,True,2.8647889756541165,5;15;25;35;45;55,results/paper5_structure2_alpha52_offset30_h7/structure2_br_bt.csv
0.12664055064258836,0.5322055468491443,0.48370784459678556,0.028721505704949666,0.5106783515674461,0.04904435641138518,0.12,0.060000000000000026,1.2,gaussian,True,2.8647889756541165,5;15;25;35;45;55,results/paper5_structure2_alpha52_offset30_h7/structure2_br_bt.csv
0.11335840982507205,0.5458210041643035,0.48457223870716665,0.029539871374460736,0.5106783515674461,0.04904435641138518,0.2,0.060000000000000026,1.4,gaussian,True,2.8647889756541165,5;15;25;35;45;55,results/paper5_structure2_alpha52_offset30_h7/structure2_br_bt.csv
0.13693363406000647,0.523951270063983,0.4834551296405885,0.05378852833713513,0.5106783515674461,0.04904435641138518,0.08,0.22000000000000006,0.8,gaussian,True,2.8647889756541165,5;15;25;35;45;55,results/paper5_structure2_alpha52_offset30_h7/structure2_br_bt.csv
0.12172690453958163,0.5417210925002716,0.4840436537080198,0.03916431777610441,0.5106783515674461,0.04904435641138518,0.16,0.10000000000000003,1.5999999999999999,gaussian,True,2.8647889756541165,5;15;25;35;45;55,results/paper5_structure2_alpha52_offset30_h7/structure2_br_bt.csv
0.11203678320340282,0.5524161419390401,0.48446943596737346,0.059012699863558386,0.5106783515674461,0.04904435641138518,0.2,0.22000000000000006,1.0,gaussian,True,2.8647889756541165,5;15;25;35;45;55,results/paper5_structure2_alpha52_offset30_h7/structure2_br_bt.csv
0.12677821605106515,0.5383968782199317,0.48369030890779785,0.027937702156990107,0.5106783515674461,0.04904435641138518,0.12,0.060000000000000026,1.0,gaussian,True,2.8647889756541165,5;15;25;35;45;55,results/paper5_structure2_alpha52_offset30_h7/structure2_br_bt.csv
0.14550764755659237,0.5200042238835944,0.48333841349020873,0.04711012338439555,0.5106783515674461,0.04904435641138518,0.04,0.14000000000000004,1.4,gaussian,True,2.8647889756541165,5;15;25;35;45;55,results/paper5_structure2_alpha52_offset30_h7/structure2_br_bt.csv
0.14528874112790716,0.5202928755739299,0.48334248112671435,0.05391701695792984,0.5106783515674461,0.04904435641138518,0.04,0.18000000000000005,1.2,gaussian,True,2.8647889756541165,5;15;25;35;45;55,results/paper5_structure2_alpha52_offset30_h7/structure2_br_bt.csv
0.1197621358607746,0.5459354371893309,0.48407110382557256,0.029508854739649065,0.5106783515674461,0.04904435641138518,0.16,0.060000000000000026,1.4,gaussian,True,2.8647889756541165,5;15;25;35;45;55,results/paper5_structure2_alpha52_offset30_h7/structure2_br_bt.csv
0.13550673199490398,0.5324944856431226,0.4834711144141757,0.02870174853722521,0.5106783515674461,0.04904435641138518,0.08,0.060000000000000026,1.2,gaussian,True,2.8647889756541165,5;15;25;35;45;55,results/paper5_structure2_alpha52_offset30_h7/structure2_br_bt.csv
0.1457515883099282,0.5242703512028164,0.48334661342020674,0.05378246982036592,0.5106783515674461,0.04904435641138518,0.04,0.22000000000000006,0.8,gaussian,True,2.8647889756541165,5;15;25;35;45;55,results/paper5_structure2_alpha52_offset30_h7/structure2_br_bt.csv
0.12894771136397143,0.5419595175203031,0.4836856014618385,0.039144845684936334,0.5106783515674461,0.04904435641138518,0.12,0.10000000000000003,1.5999999999999999,gaussian,True,2.8647889756541165,5;15;25;35;45;55,results/paper5_structure2_alpha52_offset30_h7/structure2_br_bt.csv
0.11907171015042027,0.5525086238670052,0.4840211083798798,0.058999759679745294,0.5106783515674461,0.04904435641138518,0.16,0.22000000000000006,1.0,gaussian,True,2.8647889756541165,5;15;25;35;45;55,results/paper5_structure2_alpha52_offset30_h7/structure2_br_bt.csv
0.12743547776773664,0.5461519460976352,0.48370645976086535,0.029483477787105142,0.5106783515674461,0.04904435641138518,0.12,0.060000000000000026,1.4,gaussian,True,2.8647889756541165,5;15;25;35;45;55,results/paper5_structure2_alpha52_offset30_h7/structure2_br_bt.csv
0.13562795677509912,0.538651550485407,0.48346739759711105,0.02791914231615102,0.5106783515674461,0.04904435641138518,0.08,0.060000000000000026,1.0,gaussian,True,2.8647889756541165,5;15;25;35;45;55,results/paper5_structure2_alpha52_offset30_h7/structure2_br_bt.csv
0.1006114146864569,0.5743239826961674,0.4869983915228592,0.027320923159481945,0.5106783515674461,0.04904435641138518,0.36,0.060000000000000026,0.8,gaussian,True,2.8647889756541165,5;15;25;35;45;55,results/paper5_structure2_alpha52_offset30_h7/structure2_br_bt.csv
0.10132239945185784,0.5740526906618535,0.48615854084178256,0.027277001727694192,0.5106783515674461,0.04904435641138518,0.32,0.060000000000000026,0.8,gaussian,True,2.8647889756541165,5;15;25;35;45;55,results/paper5_structure2_alpha52_offset30_h7/structure2_br_bt.csv
0.10393941768858794,0.5738729199966773,0.485438863722395,0.027238200183674503,0.5106783515674461,0.04904435641138518,0.28,0.060000000000000026,0.8,gaussian,True,2.8647889756541165,5;15;25;35;45;55,results/paper5_structure2_alpha52_offset30_h7/structure2_br_bt.csv
0.14496600868698467,0.5328687164718937,0.4833452632075881,0.028686638072337973,0.5106783515674461,0.04904435641138518,0.04,0.060000000000000026,1.2,gaussian,True,2.8647889756541165,5;15;25;35;45;55,results/paper5_structure2_alpha52_offset30_h7/structure2_br_bt.csv
0.1370915874715517,0.5422892717061077,0.48345310549500936,0.03912937226889847,0.5106783515674461,0.04904435641138518,0.08,0.10000000000000003,1.5999999999999999,gaussian,True,2.8647889756541165,5;15;25;35;45;55,results/paper5_structure2_alpha52_offset30_h7/structure2_br_bt.csv
0.10931422035786319,0.5704751556588822,0.4860135891790373,0.030361767661452654,0.5106783515674461,0.04904435641138518,0.28,0.060000000000000026,1.5999999999999999,gaussian,True,2.8647889756541165,5;15;25;35;45;55,results/paper5_structure2_alpha52_offset30_h7/structure2_br_bt.csv
0.12713868400409542,0.5526896920270551,0.4836889602989123,0.058989142574679965,0.5106783515674461,0.04904435641138518,0.12,0.22000000000000006,1.0,gaussian,True,2.8647889756541165,5;15;25;35;45;55,results/paper5_structure2_alpha52_offset30_h7/structure2_br_bt.csv
0.109839585914844,0.5707122195805886,0.4870211411272285,0.030413477318264926,0.5106783515674461,0.04904435641138518,0.32,0.060000000000000026,1.5999999999999999,gaussian,True,2.8647889756541165,5;15;25;35;45;55,results/paper5_structure2_alpha52_offset30_h7/structure2_br_bt.csv
0.11136657722415844,0.5703742828668461,0.4851935242765969,0.030317685024823883,0.5106783515674461,0.04904435641138518,0.24000000000000002,0.060000000000000026,1.5999999999999999,gaussian,True,2.8647889756541165,5;15;25;35;45;55,results/paper5_structure2_alpha52_offset30_h7/structure2_br_bt.csv
0.10822702994955599,0.5737799921506526,0.48483379701289386,0.027204284052859167,0.5106783515674461,0.04904435641138518,0.24000000000000002,0.060000000000000026,0.8,gaussian,True,2.8647889756541165,5;15;25;35;45;55,results/paper5_structure2_alpha52_offset30_h7/structure2_br_bt.csv
0.13602112402943803,0.5464609591141535,0.4834668405682641,0.029463281928868247,0.5106783515674461,0.04904435641138518,0.08,0.060000000000000026,1.4,gaussian,True,2.8647889756541165,5;15;25;35;45;55,results/paper5_structure2_alpha52_offset30_h7/structure2_br_bt.csv
0.14501793147307077,0.5389857988631238,0.48334705708899256,0.02790492459188823,0.5106783515674461,0.04904435641138518,0.04,0.060000000000000026,1.0,gaussian,True,2.8647889756541165,5;15;25;35;45;55,results/paper5_structure2_alpha52_offset30_h7/structure2_br_bt.csv
0.11321526485730932,0.571101522487617,0.4882358487957322,0.030473598395526907,0.5106783515674461,0.04904435641138518,0.36,0.060000000000000026,1.5999999999999999,gaussian,True,2.8647889756541165,5;15;25;35;45;55,results/paper5_structure2_alpha52_offset30_h7/structure2_br_bt.csv
0.11559115022404717,0.5703951896903742,0.484543121278569,0.030280520562580668,0.5106783515674461,0.04904435641138518,0.2,0.060000000000000026,1.5999999999999999,gaussian,True,2.8647889756541165,5;15;25;35;45;55,results/paper5_structure2_alpha52_offset30_h7/structure2_br_bt.csv
0.1139092620303049,0.5737694345621187,0.4843379816900768,0.02717502818103654,0.5106783515674461,0.04904435641138518,0.2,0.060000000000000026,0.8,gaussian,True,2.8647889756541165,5;15;25;35;45;55,results/paper5_structure2_alpha52_offset30_h7/structure2_br_bt.csv
0.1458681028839747,0.5427004144327244,0.4833341034207569,0.03911752650456387,0.5106783515674461,0.04904435641138518,0.04,0.10000000000000003,1.5999999999999999,gaussian,True,2.8647889756541165,5;15;25;35;45;55,results/paper5_structure2_alpha52_offset30_h7/structure2_br_bt.csv
0.13596437607969283,0.5529534679244879,0.4834660052122444,0.058980708496182505,0.5106783515674461,0.04904435641138518,0.08,0.22000000000000006,1.0,gaussian,True,2.8647889756541165,5;15;25;35;45;55,results/paper5_structure2_alpha52_offset30_h7/structure2_br_bt.csv
0.12153405862274996,0.5705249268998039,0.48404622080213383,0.030249633174839606,0.5106783515674461,0.04904435641138518,0.16,0.060000000000000026,1.5999999999999999,gaussian,True,2.8647889756541165,5;15;25;35;45;55,results/paper5_structure2_alpha52_offset30_h7/structure2_br_bt.csv
0.1452359321076546,0.5468537275330948,0.4833416896205015,0.029447845570623018,0.5106783515674461,0.04904435641138518,0.04,0.060000000000000026,1.4,gaussian,True,2.8647889756541165,5;15;25;35;45;55,results/paper5_structure2_alpha52_offset30_h7/structure2_br_bt.csv
0.12071111667330885,0.5738369729264498,0.4839462583133521,0.027150216428701635,0.5106783515674461,0.04904435641138518,0.16,0.060000000000000026,0.8,gaussian,True,2.8647889756541165,5;15;25;35;45;55,results/paper5_structure2_alpha52_offset30_h7/structure2_br_bt.csv
0.1453320776070158,0.553294417045004,0.4833456221180172,0.058974325905607604,0.5106783515674461,0.04904435641138518,0.04,0.22000000000000006,1.0,gaussian,True,2.8647889756541165,5;15;25;35;45;55,results/paper5_structure2_alpha52_offset30_h7/structure2_br_bt.csv
0.12876565834141399,0.5707518528335493,0.4836881689426738,0.03022444256301134,0.5106783515674461,0.04904435641138518,0.12,0.060000000000000026,1.5999999999999999,gaussian,True,2.8647889756541165,5;15;25;35;45;55,results/paper5_structure2_alpha52_offset30_h7/structure2_br_bt.csv
0.12838506041347345,0.5739785236395187,0.48365366237628,0.027129641371088437,0.5106783515674461,0.04904435641138518,0.12,0.060000000000000026,0.8,gaussian,True,2.8647889756541165,5;15;25;35;45;55,results/paper5_structure2_alpha52_offset30_h7/structure2_br_bt.csv
0.13692034341080989,0.5710654958063336,0.48345567274927753,0.030204423047519063,0.5106783515674461,0.04904435641138518,0.08,0.060000000000000026,1.5999999999999999,gaussian,True,2.8647889756541165,5;15;25;35;45;55,results/paper5_structure2_alpha52_offset30_h7/structure2_br_bt.csv
0.13672226243698998,0.5741901864211719,0.48345541956549926,0.027113104003936166,0.5106783515674461,0.04904435641138518,0.08,0.060000000000000026,0.8,gaussian,True,2.8647889756541165,5;15;25;35;45;55,results/paper5_structure2_alpha52_offset30_h7/structure2_br_bt.csv
0.11234216537467227,0.5991639121220212,0.48589880481330133,0.03105446092831998,0.5106783515674461,0.04904435641138518,0.28,0.060000000000000026,1.7999999999999998,gaussian,True,2.8647889756541165,5;15;25;35;45;55,results/paper5_structure2_alpha52_offset30_h7/structure2_br_bt.csv
0.11306761708783493,0.5993705045201637,0.48688919288341226,0.03110533439776897,0.5106783515674461,0.04904435641138518,0.32,0.060000000000000026,1.7999999999999998,gaussian,True,2.8647889756541165,5;15;25;35;45;55,results/paper5_structure2_alpha52_offset30_h7/structure2_br_bt.csv
0.11413077767566891,0.59908748889841,0.4850997991206151,0.031011323342622972,0.5106783515674461,0.04904435641138518,0.24000000000000002,0.060000000000000026,1.7999999999999998,gaussian,True,2.8647889756541165,5;15;25;35;45;55,results/paper5_structure2_alpha52_offset30_h7/structure2_br_bt.csv
0.11660352460775238,0.5997249015934445,0.48809392111581273,0.03116484873607324,0.5106783515674461,0.04904435641138518,0.36,0.060000000000000026,1.7999999999999998,gaussian,True,2.8647889756541165,5;15;25;35;45;55,results/paper5_structure2_alpha52_offset30_h7/structure2_br_bt.csv
0.1180227136707055,0.5991256647914381,0.48447169953543656,0.030975116304084976,0.5106783515674461,0.04904435641138518,0.2,0.060000000000000026,1.7999999999999998,gaussian,True,2.8647889756541165,5;15;25;35;45;55,results/paper5_structure2_alpha52_offset30_h7/structure2_br_bt.csv
0.1457071559391184,0.5714564316839587,0.4833366698957716,0.030189098058925636,0.5106783515674461,0.04904435641138518,0.04,0.060000000000000026,1.5999999999999999,gaussian,True,2.8647889756541165,5;15;25;35;45;55,results/paper5_structure2_alpha52_offset30_h7/structure2_br_bt.csv
0.11258291780512818,0.6070267643577911,0.4858954087366327,0.04071240313132234,0.5106783515674461,0.04904435641138518,0.28,0.10000000000000003,1.7999999999999998,gaussian,True,2.8647889756541165,5;15;25;35;45;55,results/paper5_structure2_alpha52_offset30_h7/structure2_br_bt.csv
0.14555350051781107,0.5744682371233879,0.4833469409387357,0.02710041345507035,0.5106783515674461,0.04904435641138518,0.04,0.060000000000000026,0.8,gaussian,True,2.8647889756541165,5;15;25;35;45;55,results/paper5_structure2_alpha52_offset30_h7/structure2_br_bt.csv
0.11330651097747828,0.6072370973728216,0.4868857844682848,0.04075145144511936,0.5106783515674461,0.04904435641138518,0.32,0.10000000000000003,1.7999999999999998,gaussian,True,2.8647889756541165,5;15;25;35;45;55,results/paper5_structure2_alpha52_offset30_h7/structure2_br_bt.csv
0.11436806577492496,0.606945186523569,0.48509641594287806,0.04067928784061382,0.5106783515674461,0.04904435641138518,0.24000000000000002,0.10000000000000003,1.7999999999999998,gaussian,True,2.8647889756541165,5;15;25;35;45;55,results/paper5_structure2_alpha52_offset30_h7/structure2_br_bt.csv
0.12357067303415865,0.599264678523965,0.4839962288911797,0.030945122192656518,0.5106783515674461,0.04904435641138518,0.16,0.060000000000000026,1.7999999999999998,gaussian,True,2.8647889756541165,5;15;25;35;45;55,results/paper5_structure2_alpha52_offset30_h7/structure2_br_bt.csv
0.116834867243291,0.6075936104740632,0.48809050103856955,0.04079713666904866,0.5106783515674461,0.04904435641138518,0.36,0.10000000000000003,1.7999999999999998,gaussian,True,2.8647889756541165,5;15;25;35;45;55,results/paper5_structure2_alpha52_offset30_h7/structure2_br_bt.csv
0.11825247108625477,0.6069769807663475,0.48446832971396464,0.040651481184461095,0.5106783515674461,0.04904435641138518,0.2,0.10000000000000003,1.7999999999999998,gaussian,True,2.8647889756541165,5;15;25;35;45;55,results/paper5_structure2_alpha52_offset30_h7/structure2_br_bt.csv
0.13035582223597175,0.5994923549704952,0.4836570604524586,0.030920700722209142,0.5106783515674461,0.04904435641138518,0.12,0.060000000000000026,1.7999999999999998,gaussian,True,2.8647889756541165,5;15;25;35;45;55,results/paper5_structure2_alpha52_offset30_h7/structure2_br_bt.csv
0.12379038908547822,0.6071085516316614,0.4839928727918053,0.04062842838038908,0.5106783515674461,0.04904435641138518,0.16,0.10000000000000003,1.7999999999999998,gaussian,True,2.8647889756541165,5;15;25;35;45;55,results/paper5_structure2_alpha52_offset30_h7/structure2_br_bt.csv
0.10975494753488697,0.6238481912696682,0.48600920713808693,0.04966781788862591,0.5106783515674461,0.04904435641138518,0.28,0.14000000000000004,1.5999999999999999,gaussian,True,2.8647889756541165,5;15;25;35;45;55,results/paper5_structure2_alpha52_offset30_h7/structure2_br_bt.csv
0.11027815437745714,0.6240661131634956,0.4870167646613651,0.0496994788788019,0.5106783515674461,0.04904435641138518,0.32,0.14000000000000004,1.5999999999999999,gaussian,True,2.8647889756541165,5;15;25;35;45;55,results/paper5_structure2_alpha52_offset30_h7/structure2_br_bt.csv
0.1117992701435313,0.6237548595520944,0.4851891382009332,0.04964084962645537,0.5106783515674461,0.04904435641138518,0.24000000000000002,0.14000000000000004,1.5999999999999999,gaussian,True,2.8647889756541165,5;15;25;35;45;55,results/paper5_structure2_alpha52_offset30_h7/structure2_br_bt.csv
0.1380229239316458,0.5997979117815713,0.4834395987844587,0.030901279890862193,0.5106783515674461,0.04904435641138518,0.08,0.060000000000000026,1.7999999999999998,gaussian,True,2.8647889756541165,5;15;25;35;45;55,results/paper5_structure2_alpha52_offset30_h7/structure2_br_bt.csv
0.13056435298195038,0.6073278709618999,0.4836537183600971,0.040609635711748485,0.5106783515674461,0.04904435641138518,0.12,0.10000000000000003,1.7999999999999998,gaussian,True,2.8647889756541165,5;15;25;35;45;55,results/paper5_structure2_alpha52_offset30_h7/structure2_br_bt.csv
0.11364074682247562,0.6244233298932961,0.48823147959754254,0.04973632810176905,0.5106783515674461,0.04904435641138518,0.36,0.14000000000000004,1.5999999999999999,gaussian,True,2.8647889756541165,5;15;25;35;45;55,results/paper5_structure2_alpha52_offset30_h7/structure2_br_bt.csv
0.11600813925962032,0.6237729271851571,0.4845387325669485,0.04961812875276086,0.5106783515674461,0.04904435641138518,0.2,0.14000000000000004,1.5999999999999999,gaussian,True,2.8647889756541165,5;15;25;35;45;55,results/paper5_structure2_alpha52_offset30_h7/structure2_br_bt.csv
0.1149535887212593,0.6278515546506315,0.48571612013642024,0.03169332820259729,0.5106783515674461,0.04904435641138518,0.28,0.060000000000000026,1.9999999999999998,gaussian,True,2.8647889756541165,5;15;25;35;45;55,results/paper5_structure2_alpha52_offset30_h7/structure2_br_bt.csv
0.11557901420768216,0.6280246809398558,0.48666109931428425,0.0317422758887728,0.5106783515674461,0.04904435641138518,0.32,0.060000000000000026,1.9999999999999998,gaussian,True,2.8647889756541165,5;15;25;35;45;55,results/paper5_structure2_alpha52_offset30_h7/structure2_br_bt.csv
0.11670486016493765,0.6277991421743859,0.4849604408279894,0.03165200822900424,0.5106783515674461,0.04904435641138518,0.24000000000000002,0.060000000000000026,1.9999999999999998,gaussian,True,2.8647889756541165,5;15;25;35;45;55,results/paper5_structure2_alpha52_offset30_h7/structure2_br_bt.csv
0.12193077303771938,0.6238905529244937,0.4840418307219681,0.04959925448993714,0.5106783515674461,0.04904435641138518,0.16,0.14000000000000004,1.5999999999999999,gaussian,True,2.8647889756541165,5;15;25;35;45;55,results/paper5_structure2_alpha52_offset30_h7/structure2_br_bt.csv
0.1382200987738197,0.607624286576072,0.4834362709126901,0.040594663138487835,0.5106783515674461,0.04904435641138518,0.08,0.10000000000000003,1.7999999999999998,gaussian,True,2.8647889756541165,5;15;25;35;45;55,results/paper5_structure2_alpha52_offset30_h7/structure2_br_bt.csv
0.14628927581765627,0.6001717911865354,0.4833307865104891,0.030886348080153066,0.5106783515674461,0.04904435641138518,0.04,0.060000000000000026,1.7999999999999998,gaussian,True,2.8647889756541165,5;15;25;35;45;55,results/paper5_structure2_alpha52_offset30_h7/structure2_br_bt.csv
0.11891096642536568,0.6283370075278338,0.4878209078406451,0.031799848041218305,0.5106783515674461,0.04904435641138518,0.36,0.060000000000000026,1.9999999999999998,gaussian,True,2.8647889756541165,5;15;25;35;45;55,results/paper5_structure2_alpha52_offset30_h7/structure2_br_bt.csv
0.1204170044273024,0.6278513890654038,0.4843716443766101,0.031617442022905076,0.5106783515674461,0.04904435641138518,0.2,0.060000000000000026,1.9999999999999998,gaussian,True,2.8647889756541165,5;15;25;35;45;55,results/paper5_structure2_alpha52_offset30_h7/structure2_br_bt.csv
0.10099326872252004,0.6485158475682594,0.48699928476455495,0.06187197634005574,0.5106783515674461,0.04904435641138518,0.36,0.26000000000000006,0.8,gaussian,True,2.8647889756541165,5;15;25;35;45;55,results/paper5_structure2_alpha52_offset30_h7/structure2_br_bt.csv
0.10170061617720123,0.6482920663063331,0.4861593828248734,0.06185300944397214,0.5106783515674461,0.04904435641138518,0.32,0.26000000000000006,0.8,gaussian,True,2.8647889756541165,5;15;25;35;45;55,results/paper5_structure2_alpha52_offset30_h7/structure2_br_bt.csv
0.10430721901922863,0.6481490560969528,0.4854396550278425,0.061836315519759585,0.5106783515674461,0.04904435641138518,0.28,0.26000000000000006,0.8,gaussian,True,2.8647889756541165,5;15;25;35;45;55,results/paper5_structure2_alpha52_offset30_h7/structure2_br_bt.csv
0.12914020290069014,0.6240970997143245,0.48368377863989626,0.04958386570836039,0.5106783515674461,0.04904435641138518,0.12,0.14000000000000004,1.5999999999999999,gaussian,True,2.8647889756541165,5;15;25;35;45;55,results/paper5_structure2_alpha52_offset30_h7/structure2_br_bt.csv
0.12565750329339997,0.6279943301370964,0.4839300206185876,0.031588861844545395,0.5106783515674461,0.04904435641138518,0.16,0.060000000000000026,1.9999999999999998,gaussian,True,2.8647889756541165,5;15;25;35;45;55,results/paper5_structure2_alpha52_offset30_h7/structure2_br_bt.csv
0.14647551481428547,0.6079883559210209,0.48332747301019946,0.04058311789001334,0.5106783515674461,0.04904435641138518,0.04,0.10000000000000003,1.7999999999999998,gaussian,True,2.8647889756541165,5;15;25;35;45;55,results/paper5_structure2_alpha52_offset30_h7/structure2_br_bt.csv
0.10857943427883081,0.64808266006061,0.4848345382448137,0.06182178379002834,0.5106783515674461,0.04904435641138518,0.24000000000000002,0.26000000000000006,0.8,gaussian,True,2.8647889756541165,5;15;25;35;45;55,results/paper5_structure2_alpha52_offset30_h7/structure2_br_bt.csv
0.10665221878946086,0.6503032011734825,0.48603107668949697,0.05752666956069759,0.5106783515674461,0.04904435641138518,0.28,0.18000000000000005,1.4,gaussian,True,2.8647889756541165,5;15;25;35;45;55,results/paper5_structure2_alpha52_offset30_h7/structure2_br_bt.csv
0.10662516057375701,0.6505128642848117,0.48702081630297145,0.05755279900056288,0.5106783515674461,0.04904435641138518,0.32,0.18000000000000005,1.4,gaussian,True,2.8647889756541165,5;15;25;35;45;55,results/paper5_structure2_alpha52_offset30_h7/structure2_br_bt.csv
0.10920899654788115,0.6502079580665088,0.4852184980567082,0.05750430779777609,0.5106783515674461,0.04904435641138518,0.24000000000000002,0.18000000000000005,1.4,gaussian,True,2.8647889756541165,5;15;25;35;45;55,results/paper5_structure2_alpha52_offset30_h7/structure2_br_bt.csv
0.10939314532393654,0.650848521236603,0.48820366910988483,0.05758304281740806,0.5106783515674461,0.04904435641138518,0.36,0.18000000000000005,1.4,gaussian,True,2.8647889756541165,5;15;25;35;45;55,results/paper5_structure2_alpha52_offset30_h7/structure2_br_bt.csv
0.1320307665500348,0.6282157988084152,0.483618217037014,0.031565592009521616,0.5106783515674461,0.04904435641138518,0.12,0.060000000000000026,1.9999999999999998,gaussian,True,2.8647889756541165,5;15;25;35;45;55,results/paper5_structure2_alpha52_offset30_h7/structure2_br_bt.csv
0.13727267941044619,0.6243830058847128,0.48345128325774933,0.04957163660922556,0.5106783515674461,0.04904435641138518,0.08,0.14000000000000004,1.5999999999999999,gaussian,True,2.8647889756541165,5;15;25;35;45;55,results/paper5_structure2_alpha52_offset30_h7/structure2_br_bt.csv
0.11424332376169129,0.6480889123994499,0.48433867347331105,0.06180930894003552,0.5106783515674461,0.04904435641138518,0.2,0.26000000000000006,0.8,gaussian,True,2.8647889756541165,5;15;25;35;45;55,results/paper5_structure2_alpha52_offset30_h7/structure2_br_bt.csv
0.11389708298172901,0.6502165883236491,0.48456839107979116,0.05748539776906864,0.5106783515674461,0.04904435641138518,0.2,0.18000000000000005,1.4,gaussian,True,2.8647889756541165,5;15;25;35;45;55,results/paper5_structure2_alpha52_offset30_h7/structure2_br_bt.csv
0.13920505325539276,0.6285051800752427,0.4834209376649051,0.03154703679944279,0.5106783515674461,0.04904435641138518,0.08,0.060000000000000026,1.9999999999999998,gaussian,True,2.8647889756541165,5;15;25;35;45;55,results/paper5_structure2_alpha52_offset30_h7/structure2_br_bt.csv
0.1210256482056678,0.6481640302420709,0.48394690129111845,0.061798790826500576,0.5106783515674461,0.04904435641138518,0.16,0.26000000000000006,0.8,gaussian,True,2.8647889756541165,5;15;25;35;45;55,results/paper5_structure2_alpha52_offset30_h7/structure2_br_bt.csv
0.12027179111105034,0.6503194773196387,0.48406723015769687,0.057469651279955396,0.5106783515674461,0.04904435641138518,0.16,0.18000000000000005,1.4,gaussian,True,2.8647889756541165,5;15;25;35;45;55,results/paper5_structure2_alpha52_offset30_h7/structure2_br_bt.csv
0.14603832999384134,0.6247396709518456,0.48333228214618923,0.04956227292501443,0.5106783515674461,0.04904435641138518,0.04,0.14000000000000004,1.5999999999999999,gaussian,True,2.8647889756541165,5;15;25;35;45;55,results/paper5_structure2_alpha52_offset30_h7/structure2_br_bt.csv
0.11716320768653167,0.6543799192487055,0.4854933338216828,0.032250040490422884,0.5106783515674461,0.04904435641138518,0.28,0.060000000000000026,2.1999999999999997,gaussian,True,2.8647889756541165,5;15;25;35;45;55,results/paper5_structure2_alpha52_offset30_h7/structure2_br_bt.csv
0.11747804813221756,0.6545196084480392,0.486373339645054,0.03229635876895852,0.5106783515674461,0.04904435641138518,0.32,0.060000000000000026,2.1999999999999997,gaussian,True,2.8647889756541165,5;15;25;35;45;55,results/paper5_structure2_alpha52_offset30_h7/structure2_br_bt.csv
0.11903566070072132,0.6543497279597401,0.48479566307618144,0.03221107689187562,0.5106783515674461,0.04904435641138518,0.24000000000000002,0.060000000000000026,2.1999999999999997,gaussian,True,2.8647889756541165,5;15;25;35;45;55,results/paper5_structure2_alpha52_offset30_h7/structure2_br_bt.csv
0.12034250973531954,0.6547874675228713,0.4874629053440159,0.032351087856388135,0.5106783515674461,0.04904435641138518,0.36,0.060000000000000026,2.1999999999999997,gaussian,True,2.8647889756541165,5;15;25;35;45;55,results/paper5_structure2_alpha52_offset30_h7/structure2_br_bt.csv
0.1469176133334131,0.6288532000798017,0.4833246830729327,0.03153267010809596,0.5106783515674461,0.04904435641138518,0.04,0.060000000000000026,1.9999999999999998,gaussian,True,2.8647889756541165,5;15;25;35;45;55,results/paper5_structure2_alpha52_offset30_h7/structure2_br_bt.csv
0.12868013657970584,0.6483044057777833,0.4836542572079054,0.061790134203251836,0.5106783515674461,0.04904435641138518,0.12,0.26000000000000006,0.8,gaussian,True,2.8647889756541165,5;15;25;35;45;55,results/paper5_structure2_alpha52_offset30_h7/structure2_br_bt.csv
0.12267973814467371,0.654413071364563,0.484256776307663,0.03217855481552792,0.5106783515674461,0.04904435641138518,0.2,0.060000000000000026,2.1999999999999997,gaussian,True,2.8647889756541165,5;15;25;35;45;55,results/paper5_structure2_alpha52_offset30_h7/structure2_br_bt.csv
0.127914253332687,0.6505078564847908,0.4837025617845394,0.057456805199354644,0.5106783515674461,0.04904435641138518,0.12,0.18000000000000005,1.4,gaussian,True,2.8647889756541165,5;15;25;35;45;55,results/paper5_structure2_alpha52_offset30_h7/structure2_br_bt.csv
0.10297603420691154,0.676342092659018,0.4868783820003981,0.06383886913720861,0.5106783515674461,0.04904435641138518,0.32,0.22000000000000006,1.2,gaussian,True,2.8647889756541165,5;15;25;35;45;55,results/paper5_structure2_alpha52_offset30_h7/structure2_br_bt.csv
0.10386479066044718,0.6761500457740802,0.4859441911544993,0.06381715230037166,0.5106783515674461,0.04904435641138518,0.28,0.22000000000000006,1.2,gaussian,True,2.8647889756541165,5;15;25;35;45;55,results/paper5_structure2_alpha52_offset30_h7/structure2_br_bt.csv
0.1047312287885372,0.6766437937240637,0.48798553444942516,0.0638638576842601,0.5106783515674461,0.04904435641138518,0.36,0.22000000000000006,1.2,gaussian,True,2.8647889756541165,5;15;25;35;45;55,results/paper5_structure2_alpha52_offset30_h7/structure2_br_bt.csv
0.12768524996232922,0.6545562717505682,0.4838562608201509,0.032151682704076534,0.5106783515674461,0.04904435641138518,0.16,0.060000000000000026,2.1999999999999997,gaussian,True,2.8647889756541165,5;15;25;35;45;55,results/paper5_structure2_alpha52_offset30_h7/structure2_br_bt.csv
0.11521459736674566,0.6672235419527568,0.48571176243299297,0.042045504175615256,0.5106783515674461,0.04904435641138518,0.28,0.10000000000000003,1.9999999999999998,gaussian,True,2.8647889756541165,5;15;25;35;45;55,results/paper5_structure2_alpha52_offset30_h7/structure2_br_bt.csv
0.10712381943243734,0.6760590757815476,0.48517079972445887,0.06379846950591254,0.5106783515674461,0.04904435641138518,0.24000000000000002,0.22000000000000006,1.2,gaussian,True,2.8647889756541165,5;15;25;35;45;55,results/paper5_structure2_alpha52_offset30_h7/structure2_br_bt.csv
0.11583791734723677,0.6673995582457201,0.48665670684898343,0.04208291241703871,0.5106783515674461,0.04904435641138518,0.32,0.10000000000000003,1.9999999999999998,gaussian,True,2.8647889756541165,5;15;25;35;45;55,results/paper5_structure2_alpha52_offset30_h7/structure2_br_bt.csv
0.11696261757364615,0.6671617386792372,0.4849561176445177,0.04201388968394199,0.5106783515674461,0.04904435641138518,0.24000000000000002,0.10000000000000003,1.9999999999999998,gaussian,True,2.8647889756541165,5;15;25;35;45;55,results/paper5_structure2_alpha52_offset30_h7/structure2_br_bt.csv
0.13699873701697957,0.6485065986750559,0.48345596692424514,0.061783248462657474,0.5106783515674461,0.04904435641138518,0.08,0.26000000000000006,0.8,gaussian,True,2.8647889756541165,5;15;25;35;45;55,results/paper5_structure2_alpha52_offset30_h7/structure2_br_bt.csv
0.11916191891786092,0.667707235508639,0.487816480487288,0.04212687979333469,0.5106783515674461,0.04904435641138518,0.36,0.10000000000000003,1.9999999999999998,gaussian,True,2.8647889756541165,5;15;25;35;45;55,results/paper5_structure2_alpha52_offset30_h7/structure2_br_bt.csv
0.136469500186539,0.6507737256451963,0.4834629199155966,0.057446619061483226,0.5106783515674461,0.04904435641138518,0.08,0.18000000000000005,1.4,gaussian,True,2.8647889756541165,5;15;25;35;45;55,results/paper5_structure2_alpha52_offset30_h7/structure2_br_bt.csv
0.12066743956924385,0.6671990005308943,0.4843673553752632,0.04198739974274898,0.5106783515674461,0.04904435641138518,0.2,0.10000000000000003,1.9999999999999998,gaussian,True,2.8647889756541165,5;15;25;35;45;55,results/paper5_structure2_alpha52_offset30_h7/structure2_br_bt.csv
0.11236506840859535,0.6760612457752782,0.48454683254479064,0.06378260110715694,0.5106783515674461,0.04904435641138518,0.2,0.22000000000000006,1.2,gaussian,True,2.8647889756541165,5;15;25;35;45;55,results/paper5_structure2_alpha52_offset30_h7/structure2_br_bt.csv
0.13368809059477324,0.654767585433144,0.4835763911267019,0.03212977273834566,0.5106783515674461,0.04904435641138518,0.12,0.060000000000000026,2.1999999999999997,gaussian,True,2.8647889756541165,5;15;25;35;45;55,results/paper5_structure2_alpha52_offset30_h7/structure2_br_bt.csv
0.12589806983234259,0.6673221537582732,0.48392576538283055,0.04196544794700713,0.5106783515674461,0.04904435641138518,0.16,0.10000000000000003,1.9999999999999998,gaussian,True,2.8647889756541165,5;15;25;35;45;55,results/paper5_structure2_alpha52_offset30_h7/structure2_br_bt.csv
0.14581263499764527,0.6487673287786627,0.48334744150972003,0.0617780473918634,0.5106783515674461,0.04904435641138518,0.04,0.26000000000000006,0.8,gaussian,True,2.8647889756541165,5;15;25;35;45;55,results/paper5_structure2_alpha52_offset30_h7/structure2_br_bt.csv
0.1022082377820814,0.6925792892018,0.48688260605494266,0.02454046609345361,0.5106783515674461,0.04904435641138518,0.32,0.020000000000000025,1.2,gaussian,True,2.8647889756541165,5;15;25;35;45;55,results/paper5_structure2_alpha52_offset30_h7/structure2_br_bt.csv
0.11916944371056273,0.6761492099827349,0.4840616539953207,0.06376934397440077,0.5106783515674461,0.04904435641138518,0.16,0.22000000000000006,1.2,gaussian,True,2.8647889756541165,5;15;25;35;45;55,results/paper5_structure2_alpha52_offset30_h7/structure2_br_bt.csv
0.14038786711329748,0.6550369099134226,0.48340174771584504,0.032112225856801964,0.5106783515674461,0.04904435641138518,0.08,0.060000000000000026,2.1999999999999997,gaussian,True,2.8647889756541165,5;15;25;35;45;55,results/paper5_structure2_alpha52_offset30_h7/structure2_br_bt.csv
0.10310467562309841,0.6923745876474184,0.48594848213381747,0.02448274983047276,0.5106783515674461,0.04904435641138518,0.28,0.020000000000000025,1.2,gaussian,True,2.8647889756541165,5;15;25;35;45;55,results/paper5_structure2_alpha52_offset30_h7/structure2_br_bt.csv
0.11895332694001362,0.677790933842377,0.48605849041057647,0.032743592745908795,0.5106783515674461,0.04904435641138518,0.32,0.060000000000000026,2.4,gaussian,True,2.8647889756541165,5;15;25;35;45;55,results/paper5_structure2_alpha52_offset30_h7/structure2_br_bt.csv
0.11906829604540932,0.6776830763634711,0.48525456845703324,0.03270027928364459,0.5106783515674461,0.04904435641138518,0.28,0.060000000000000026,2.4,gaussian,True,2.8647889756541165,5;15;25;35;45;55,results/paper5_structure2_alpha52_offset30_h7/structure2_br_bt.csv
0.14565568879434607,0.6511097828343517,0.48333774782795486,0.05743887292055124,0.5106783515674461,0.04904435641138518,0.04,0.18000000000000005,1.4,gaussian,True,2.8647889756541165,5;15;25;35;45;55,results/paper5_structure2_alpha52_offset30_h7/structure2_br_bt.csv
0.1039753099851516,0.6928915589398167,0.48798968867863085,0.024606592133667365,0.5106783515674461,0.04904435641138518,0.36,0.020000000000000025,1.2,gaussian,True,2.8647889756541165,5;15;25;35;45;55,results/paper5_structure2_alpha52_offset30_h7/structure2_br_bt.csv
0.09998250853647318,0.6971145116417009,0.48658972666128336,0.02440997571682009,0.5106783515674461,0.04904435641138518,0.32,0.020000000000000025,1.0,gaussian,True,2.8647889756541165,5;15;25;35;45;55,results/paper5_structure2_alpha52_offset30_h7/structure2_br_bt.csv
0.10046176320672104,0.6973926003521275,0.48758048200976434,0.02446879234433031,0.5106783515674461,0.04904435641138518,0.36,0.020000000000000025,1.0,gaussian,True,2.8647889756541165,5;15;25;35;45;55,results/paper5_structure2_alpha52_offset30_h7/structure2_br_bt.csv
0.10638799365421552,0.6922690616004005,0.4851751548188155,0.024432872242112488,0.5106783515674461,0.04904435641138518,0.24000000000000002,0.020000000000000025,1.2,gaussian,True,2.8647889756541165,5;15;25;35;45;55,results/paper5_structure2_alpha52_offset30_h7/structure2_br_bt.csv
0.10186786667263308,0.6969287981151581,0.4857470946605029,0.02435829615707975,0.5106783515674461,0.04904435641138518,0.28,0.020000000000000025,1.0,gaussian,True,2.8647889756541165,5;15;25;35;45;55,results/paper5_structure2_alpha52_offset30_h7/structure2_br_bt.csv
0.1211488435698608,0.6776729242928438,0.48462250788943584,0.03266393838015617,0.5106783515674461,0.04904435641138518,0.24000000000000002,0.060000000000000026,2.4,gaussian,True,2.8647889756541165,5;15;25;35;45;55,results/paper5_structure2_alpha52_offset30_h7/structure2_br_bt.csv
0.10590585703293351,0.6930032653520299,0.4860374192699168,0.024598983617042075,0.5106783515674461,0.04904435641138518,0.28,0.020000000000000025,1.4,gaussian,True,2.8647889756541165,5;15;25;35;45;55,results/paper5_structure2_alpha52_offset30_h7/structure2_br_bt.csv
0.10587803955504659,0.6932094284404675,0.4870271137612486,0.024660664091923894,0.5106783515674461,0.04904435641138518,0.32,0.020000000000000025,1.4,gaussian,True,2.8647889756541165,5;15;25;35;45;55,results/paper5_structure2_alpha52_offset30_h7/structure2_br_bt.csv
0.12118957056352421,0.6780148106760201,0.48706229926710126,0.03279496331402204,0.5106783515674461,0.04904435641138518,0.36,0.060000000000000026,2.4,gaussian,True,2.8647889756541165,5;15;25;35;45;55,results/paper5_structure2_alpha52_offset30_h7/structure2_br_bt.csv
0.13226024645706164,0.667519722836728,0.48361399508648045,0.04194751935069115,0.5106783515674461,0.04904435641138518,0.12,0.10000000000000003,1.9999999999999998,gaussian,True,2.8647889756541165,5;15;25;35;45;55,results/paper5_structure2_alpha52_offset30_h7/structure2_br_bt.csv
0.10848076407740315,0.6929047795582218,0.48522488255718443,0.024546024646175807,0.5106783515674461,0.04904435641138518,0.24000000000000002,0.020000000000000025,1.4,gaussian,True,2.8647889756541165,5;15;25;35;45;55,results/paper5_structure2_alpha52_offset30_h7/structure2_br_bt.csv
0.10866448419158817,0.6935341537971427,0.48820991805452285,0.024731821051359557,0.5106783515674461,0.04904435641138518,0.36,0.020000000000000025,1.4,gaussian,True,2.8647889756541165,5;15;25;35;45;55,results/paper5_structure2_alpha52_offset30_h7/structure2_br_bt.csv
0.12478832174369282,0.6777450493187469,0.4841384026913933,0.032633644339398984,0.5106783515674461,0.04904435641138518,0.2,0.060000000000000026,2.4,gaussian,True,2.8647889756541165,5;15;25;35;45;55,results/paper5_structure2_alpha52_offset30_h7/structure2_br_bt.csv
0.10584002181221679,0.6968294971711131,0.4850439640745934,0.02431335193477079,0.5106783515674461,0.04904435641138518,0.24000000000000002,0.020000000000000025,1.0,gaussian,True,2.8647889756541165,5;15;25;35;45;55,results/paper5_structure2_alpha52_offset30_h7/structure2_br_bt.csv
0.14754862359728563,0.6553555391093138,0.4833188941699894,0.032098519151067324,0.5106783515674461,0.04904435641138518,0.04,0.060000000000000026,2.1999999999999997,gaussian,True,2.8647889756541165,5;15;25;35;45;55,results/paper5_structure2_alpha52_offset30_h7/structure2_br_bt.csv
0.1271500079224639,0.6763161684036835,0.48370532298412544,0.06375851012910701,0.5106783515674461,0.04904435641138518,0.12,0.22000000000000006,1.2,gaussian,True,2.8647889756541165,5;15;25;35;45;55,results/paper5_structure2_alpha52_offset30_h7/structure2_br_bt.csv
0.11166471428777153,0.6922549460402652,0.48455124903711505,0.02439029874046259,0.5106783515674461,0.04904435641138518,0.2,0.020000000000000025,1.2,gaussian,True,2.8647889756541165,5;15;25;35;45;55,results/paper5_structure2_alpha52_offset30_h7/structure2_br_bt.csv
0.10911217744346335,0.6966286795312429,0.4860168918317189,0.02470764063068329,0.5106783515674461,0.04904435641138518,0.28,0.020000000000000025,1.5999999999999999,gaussian,True,2.8647889756541165,5;15;25;35;45;55,results/paper5_structure2_alpha52_offset30_h7/structure2_br_bt.csv
0.11319951189351203,0.6929040581301907,0.48457481448160755,0.024501091145010426,0.5106783515674461,0.04904435641138518,0.2,0.020000000000000025,1.4,gaussian,True,2.8647889756541165,5;15;25;35;45;55,results/paper5_structure2_alpha52_offset30_h7/structure2_br_bt.csv
0.10963854088067287,0.6968223193562537,0.4870244386926755,0.024771121747359005,0.5106783515674461,0.04904435641138518,0.32,0.020000000000000025,1.5999999999999999,gaussian,True,2.8647889756541165,5;15;25;35;45;55,results/paper5_structure2_alpha52_offset30_h7/structure2_br_bt.csv
0.13942318366906148,0.667781696285001,0.48341674846820004,0.04193316084300678,0.5106783515674461,0.04904435641138518,0.08,0.10000000000000003,1.9999999999999998,gaussian,True,2.8647889756541165,5;15;25;35;45;55,results/paper5_structure2_alpha52_offset30_h7/structure2_br_bt.csv
0.12960567799634282,0.6778864177330016,0.4837818079720269,0.03260860451056272,0.5106783515674461,0.04904435641138518,0.16,0.060000000000000026,2.4,gaussian,True,2.8647889756541165,5;15;25;35;45;55,results/paper5_structure2_alpha52_offset30_h7/structure2_br_bt.csv
0.11116823621700148,0.6965465645676525,0.4851968308254502,0.02465348314600324,0.5106783515674461,0.04904435641138518,0.24000000000000002,0.020000000000000025,1.5999999999999999,gaussian,True,2.8647889756541165,5;15;25;35;45;55,results/paper5_structure2_alpha52_offset30_h7/structure2_br_bt.csv
0.11154216878492677,0.6968110077683765,0.48447214872009886,0.024274761428266716,0.5106783515674461,0.04904435641138518,0.2,0.020000000000000025,1.0,gaussian,True,2.8647889756541165,5;15;25;35;45;55,results/paper5_structure2_alpha52_offset30_h7/structure2_br_bt.csv
0.10055499835584775,0.7095752002380582,0.48699929664923697,0.02431917596924599,0.5106783515674461,0.04904435641138518,0.36,0.020000000000000025,0.8,gaussian,True,2.8647889756541165,5;15;25;35;45;55,results/paper5_structure2_alpha52_offset30_h7/structure2_br_bt.csv
0.1130202547681457,0.6971406753364898,0.4882391399674512,0.024844864688425596,0.5106783515674461,0.04904435641138518,0.36,0.020000000000000025,1.5999999999999999,gaussian,True,2.8647889756541165,5;15;25;35;45;55,results/paper5_structure2_alpha52_offset30_h7/structure2_br_bt.csv
0.10126657361734852,0.7093526277688132,0.4861594580921241,0.024269611302457892,0.5106783515674461,0.04904435641138518,0.32,0.020000000000000025,0.8,gaussian,True,2.8647889756541165,5;15;25;35;45;55,results/paper5_structure2_alpha52_offset30_h7/structure2_br_bt.csv
0.11851015942658119,0.6923250550420876,0.4840661292622812,0.024354529014880142,0.5106783515674461,0.04904435641138518,0.16,0.020000000000000025,1.2,gaussian,True,2.8647889756541165,5;15;25;35;45;55,results/paper5_structure2_alpha52_offset30_h7/structure2_br_bt.csv
0.11540004415039519,0.6965641545995097,0.4845464306400371,0.0246077976869188,0.5106783515674461,0.04904435641138518,0.2,0.020000000000000025,1.5999999999999999,gaussian,True,2.8647889756541165,5;15;25;35;45;55,results/paper5_structure2_alpha52_offset30_h7/structure2_br_bt.csv
0.13598241369917358,0.6765558250273846,0.4834685502936351,0.06374992550256797,0.5106783515674461,0.04904435641138518,0.08,0.22000000000000006,1.2,gaussian,True,2.8647889756541165,5;15;25;35;45;55,results/paper5_structure2_alpha52_offset30_h7/structure2_br_bt.csv
0.11961185934086609,0.6929920688431498,0.48407368961887665,0.024463541370924373,0.5106783515674461,0.04904435641138518,0.16,0.020000000000000025,1.4,gaussian,True,2.8647889756541165,5;15;25;35;45;55,results/paper5_structure2_alpha52_offset30_h7/structure2_br_bt.csv
0.10388518428038891,0.7092041986375095,0.48543979271776283,0.024225785353786035,0.5106783515674461,0.04904435641138518,0.28,0.020000000000000025,0.8,gaussian,True,2.8647889756541165,5;15;25;35;45;55,results/paper5_structure2_alpha52_offset30_h7/structure2_br_bt.csv
0.135273148801451,0.6780859903407195,0.4835351957755471,0.03258813810078057,0.5106783515674461,0.04904435641138518,0.12,0.060000000000000026,2.4,gaussian,True,2.8647889756541165,5;15;25;35;45;55,results/paper5_structure2_alpha52_offset30_h7/structure2_br_bt.csv
0.11211477281713375,0.7018324974938753,0.4859030358436868,0.024806407472069834,0.5106783515674461,0.04904435641138518,0.28,0.020000000000000025,1.7999999999999998,gaussian,True,2.8647889756541165,5;15;25;35;45;55,results/paper5_structure2_alpha52_offset30_h7/structure2_br_bt.csv
0.10067312864601344,0.713597598784887,0.4865880597431023,0.06814923189331568,0.5106783515674461,0.04904435641138518,0.32,0.26000000000000006,1.0,gaussian,True,2.8647889756541165,5;15;25;35;45;55,results/paper5_structure2_alpha52_offset30_h7/structure2_br_bt.csv
0.11284200486151624,0.7020033268854154,0.4868934345536867,0.02486968826524976,0.5106783515674461,0.04904435641138518,0.32,0.020000000000000025,1.7999999999999998,gaussian,True,2.8647889756541165,5;15;25;35;45;55,results/paper5_structure2_alpha52_offset30_h7/structure2_br_bt.csv
0.10115046928526075,0.7138484016702386,0.4875788919573207,0.06816979564838836,0.5106783515674461,0.04904435641138518,0.36,0.26000000000000006,1.0,gaussian,True,2.8647889756541165,5;15;25;35;45;55,results/paper5_structure2_alpha52_offset30_h7/structure2_br_bt.csv
0.14712472524441997,0.6680993274241421,0.4833205260586107,0.04192197295375763,0.5106783515674461,0.04904435641138518,0.04,0.10000000000000003,1.9999999999999998,gaussian,True,2.8647889756541165,5;15;25;35;45;55,results/paper5_structure2_alpha52_offset30_h7/structure2_br_bt.csv
0.1186073176362337,0.6968680683227042,0.48402387995320906,0.024242162253684824,0.5106783515674461,0.04904435641138518,0.16,0.020000000000000025,1.0,gaussian,True,2.8647889756541165,5;15;25;35;45;55,results/paper5_structure2_alpha52_offset30_h7/structure2_br_bt.csv
0.11390665379959906,0.7017725694778366,0.48510401862750807,0.024752745807333717,0.5106783515674461,0.04904435641138518,0.24000000000000002,0.020000000000000025,1.7999999999999998,gaussian,True,2.8647889756541165,5;15;25;35;45;55,results/paper5_structure2_alpha52_offset30_h7/structure2_br_bt.csv
0.10254448118988223,0.7134365751735882,0.4857453527848507,0.06813125197825294,0.5106783515674461,0.04904435641138518,0.28,0.26000000000000006,1.0,gaussian,True,2.8647889756541165,5;15;25;35;45;55,results/paper5_structure2_alpha52_offset30_h7/structure2_br_bt.csv
0.10817512165893069,0.7091261027482821,0.48483473737984395,0.02418744085517585,0.5106783515674461,0.04904435641138518,0.24000000000000002,0.020000000000000025,0.8,gaussian,True,2.8647889756541165,5;15;25;35;45;55,results/paper5_structure2_alpha52_offset30_h7/structure2_br_bt.csv
0.12018324786630694,0.6974770179333106,0.48574132870113945,0.03307197191651352,0.5106783515674461,0.04904435641138518,0.32,0.060000000000000026,2.6,gaussian,True,2.8647889756541165,5;15;25;35;45;55,results/paper5_structure2_alpha52_offset30_h7/structure2_br_bt.csv
0.12135228783654899,0.6966708494629633,0.4840495319924714,0.024569810886361298,0.5106783515674461,0.04904435641138518,0.16,0.020000000000000025,1.5999999999999999,gaussian,True,2.8647889756541165,5;15;25;35;45;55,results/paper5_structure2_alpha52_offset30_h7/structure2_br_bt.csv
0.12077168977566985,0.6973985503689654,0.4850176555541841,0.03303179638811284,0.5106783515674461,0.04904435641138518,0.28,0.060000000000000026,2.6,gaussian,True,2.8647889756541165,5;15;25;35;45;55,results/paper5_structure2_alpha52_offset30_h7/structure2_br_bt.csv
0.11638508977251921,0.7023001350562845,0.4880981723913722,0.024943691915836754,0.5106783515674461,0.04904435641138518,0.36,0.020000000000000025,1.7999999999999998,gaussian,True,2.8647889756541165,5;15;25;35;45;55,results/paper5_structure2_alpha52_offset30_h7/structure2_br_bt.csv
0.12653308856956202,0.6924727370944181,0.483709854496533,0.024325094920608952,0.5106783515674461,0.04904435641138518,0.12,0.020000000000000025,1.2,gaussian,True,2.8647889756541165,5;15;25;35;45;55,results/paper5_structure2_alpha52_offset30_h7/structure2_br_bt.csv
0.12171937471079253,0.6976591415359331,0.4866522443281465,0.03311976307566494,0.5106783515674461,0.04904435641138518,0.36,0.060000000000000026,2.6,gaussian,True,2.8647889756541165,5;15;25;35;45;55,results/paper5_structure2_alpha52_offset30_h7/structure2_br_bt.csv
0.11780571458805589,0.7018102515992372,0.4844759067705339,0.024707716829224662,0.5106783515674461,0.04904435641138518,0.2,0.020000000000000025,1.7999999999999998,gaussian,True,2.8647889756541165,5;15;25;35;45;55,results/paper5_structure2_alpha52_offset30_h7/structure2_br_bt.csv
0.106490169523299,0.7133595113089232,0.4850421491385762,0.0681156987187117,0.5106783515674461,0.04904435641138518,0.24000000000000002,0.26000000000000006,1.0,gaussian,True,2.8647889756541165,5;15;25;35;45;55,results/paper5_structure2_alpha52_offset30_h7/structure2_br_bt.csv
0.14152526090984352,0.6783343950764171,0.483383503759809,0.03257165870512287,0.5106783515674461,0.04904435641138518,0.08,0.060000000000000026,2.4,gaussian,True,2.8647889756541165,5;15;25;35;45;55,results/paper5_structure2_alpha52_offset30_h7/structure2_br_bt.csv
0.12729436416977954,0.6931605778990154,0.4837090546327898,0.024432783585802163,0.5106783515674461,0.04904435641138518,0.12,0.020000000000000025,1.4,gaussian,True,2.8647889756541165,5;15;25;35;45;55,results/paper5_structure2_alpha52_offset30_h7/structure2_br_bt.csv
0.1230893026117316,0.6974061884494082,0.48445320362545297,0.032998150023818076,0.5106783515674461,0.04904435641138518,0.24000000000000002,0.060000000000000026,2.6,gaussian,True,2.8647889756541165,5;15;25;35;45;55,results/paper5_structure2_alpha52_offset30_h7/structure2_br_bt.csv
0.11470700318983057,0.7075546429336654,0.4857214026173655,0.024895247844690768,0.5106783515674461,0.04904435641138518,0.28,0.020000000000000025,1.9999999999999998,gaussian,True,2.8647889756541165,5;15;25;35;45;55,results/paper5_structure2_alpha52_offset30_h7/structure2_br_bt.csv
0.14541023695532937,0.676862349344087,0.48334265819986677,0.06374342880662832,0.5106783515674461,0.04904435641138518,0.04,0.22000000000000006,1.2,gaussian,True,2.8647889756541165,5;15;25;35;45;55,results/paper5_structure2_alpha52_offset30_h7/structure2_br_bt.csv
0.1138601080636533,0.7091147088818498,0.4843389330611673,0.024154329921644693,0.5106783515674461,0.04904435641138518,0.2,0.020000000000000025,0.8,gaussian,True,2.8647889756541165,5;15;25;35;45;55,results/paper5_structure2_alpha52_offset30_h7/structure2_br_bt.csv
0.11533446519785044,0.7076959147198548,0.4866664147607354,0.024956688907243806,0.5106783515674461,0.04904435641138518,0.32,0.020000000000000025,1.9999999999999998,gaussian,True,2.8647889756541165,5;15;25;35;45;55,results/paper5_structure2_alpha52_offset30_h7/structure2_br_bt.csv
0.1267046685860312,0.6969957359445573,0.48369178888745695,0.024215210420887756,0.5106783515674461,0.04904435641138518,0.12,0.020000000000000025,1.0,gaussian,True,2.8647889756541165,5;15;25;35;45;55,results/paper5_structure2_alpha52_offset30_h7/structure2_br_bt.csv
0.1164613230645117,0.7075199068512676,0.4849656902306623,0.024843429815519024,0.5106783515674461,0.04904435641138518,0.24000000000000002,0.020000000000000025,1.9999999999999998,gaussian,True,2.8647889756541165,5;15;25;35;45;55,results/paper5_structure2_alpha52_offset30_h7/structure2_br_bt.csv
0.12674814560457148,0.697485348443177,0.4840243789935402,0.03297011633743705,0.5106783515674461,0.04904435641138518,0.2,0.060000000000000026,2.6,gaussian,True,2.8647889756541165,5;15;25;35;45;55,results/paper5_structure2_alpha52_offset30_h7/structure2_br_bt.csv
0.12336317708906962,0.7019338119759003,0.4840004232270494,0.024670438092523693,0.5106783515674461,0.04904435641138518,0.16,0.020000000000000025,1.7999999999999998,gaussian,True,2.8647889756541165,5;15;25;35;45;55,results/paper5_structure2_alpha52_offset30_h7/structure2_br_bt.csv
0.1285940881670166,0.6968571349409436,0.483691481070544,0.024538820106651336,0.5106783515674461,0.04904435641138518,0.12,0.020000000000000025,1.5999999999999999,gaussian,True,2.8647889756541165,5;15;25;35;45;55,results/paper5_structure2_alpha52_offset30_h7/structure2_br_bt.csv
0.11215812457632242,0.7133609427468335,0.48447026260532167,0.06810242480563407,0.5106783515674461,0.04904435641138518,0.2,0.26000000000000006,1.0,gaussian,True,2.8647889756541165,5;15;25;35;45;55,results/paper5_structure2_alpha52_offset30_h7/structure2_br_bt.csv
0.11867399824570792,0.7079601090640743,0.4878262559800652,0.025028990216991245,0.5106783515674461,0.04904435641138518,0.36,0.020000000000000025,1.9999999999999998,gaussian,True,2.8647889756541165,5;15;25;35;45;55,results/paper5_structure2_alpha52_offset30_h7/structure2_br_bt.csv
0.14815563123217235,0.6786236580200194,0.48331375967685875,0.03255865984252629,0.5106783515674461,0.04904435641138518,0.04,0.060000000000000026,2.4,gaussian,True,2.8647889756541165,5;15;25;35;45;55,results/paper5_structure2_alpha52_offset30_h7/structure2_br_bt.csv
0.12018038045235611,0.7075774908176695,0.48437686072372027,0.02480014565484028,0.5106783515674461,0.04904435641138518,0.2,0.020000000000000025,1.9999999999999998,gaussian,True,2.8647889756541165,5;15;25;35;45;55,results/paper5_structure2_alpha52_offset30_h7/structure2_br_bt.csv
0.13540644781125052,0.6926918339814935,0.48347313561625666,0.024301558486855748,0.5106783515674461,0.04904435641138518,0.08,0.020000000000000025,1.2,gaussian,True,2.8647889756541165,5;15;25;35;45;55,results/paper5_structure2_alpha52_offset30_h7/structure2_br_bt.csv
0.13140143950723668,0.6976238711583929,0.48371125091115474,0.032946919228109814,0.5106783515674461,0.04904435641138518,0.16,0.060000000000000026,2.6,gaussian,True,2.8647889756541165,5;15;25;35;45;55,results/paper5_structure2_alpha52_offset30_h7/structure2_br_bt.csv
0.13588902080499643,0.6934020757725647,0.48346944364097166,0.024408272107097603,0.5106783515674461,0.04904435641138518,0.08,0.020000000000000025,1.4,gaussian,True,2.8647889756541165,5;15;25;35;45;55,results/paper5_structure2_alpha52_offset30_h7/structure2_br_bt.csv
0.12066488537699911,0.709166556571354,0.4839472203275932,0.024126213821305423,0.5106783515674461,0.04904435641138518,0.16,0.020000000000000025,0.8,gaussian,True,2.8647889756541165,5;15;25;35;45;55,results/paper5_structure2_alpha52_offset30_h7/structure2_br_bt.csv
0.11690297676478864,0.7132498733884379,0.4854996941901895,0.02497071879325976,0.5106783515674461,0.04904435641138518,0.28,0.020000000000000025,2.1999999999999997,gaussian,True,2.8647889756541165,5;15;25;35;45;55,results/paper5_structure2_alpha52_offset30_h7/structure2_br_bt.csv
0.11721963599530838,0.7133580848019897,0.48637975888854673,0.0250291432060565,0.5106783515674461,0.04904435641138518,0.32,0.020000000000000025,2.1999999999999997,gaussian,True,2.8647889756541165,5;15;25;35;45;55,results/paper5_structure2_alpha52_offset30_h7/structure2_br_bt.csv
0.11877848481022923,0.7132410852087209,0.48480196567703376,0.024921678245789614,0.5106783515674461,0.04904435641138518,0.24000000000000002,0.020000000000000025,2.1999999999999997,gaussian,True,2.8647889756541165,5;15;25;35;45;55,results/paper5_structure2_alpha52_offset30_h7/structure2_br_bt.csv
0.13015891031831264,0.7021328823630725,0.48366124136934874,0.02464011945921723,0.5106783515674461,0.04904435641138518,0.12,0.020000000000000025,1.7999999999999998,gaussian,True,2.8647889756541165,5;15;25;35;45;55,results/paper5_structure2_alpha52_offset30_h7/structure2_br_bt.csv
0.11918571421797869,0.7134357381738325,0.484021924521878,0.06809129212489383,0.5106783515674461,0.04904435641138518,0.16,0.26000000000000006,1.0,gaussian,True,2.8647889756541165,5;15;25;35;45;55,results/paper5_structure2_alpha52_offset30_h7/structure2_br_bt.csv
0.13555935834812838,0.6971893669405123,0.4834688890476202,0.024193579515957197,0.5106783515674461,0.04904435641138518,0.08,0.020000000000000025,1.0,gaussian,True,2.8647889756541165,5;15;25;35;45;55,results/paper5_structure2_alpha52_offset30_h7/structure2_br_bt.csv
0.12543020843374414,0.7077150406700705,0.4839352040470347,0.024764435091270503,0.5106783515674461,0.04904435641138518,0.16,0.020000000000000025,1.9999999999999998,gaussian,True,2.8647889756541165,5;15;25;35;45;55,results/paper5_structure2_alpha52_offset30_h7/structure2_br_bt.csv
0.12009141659110317,0.7135827832801731,0.48746938444822346,0.025098281942885537,0.5106783515674461,0.04904435641138518,0.36,0.020000000000000025,2.1999999999999997,gaussian,True,2.8647889756541165,5;15;25;35;45;55,results/paper5_structure2_alpha52_offset30_h7/structure2_br_bt.csv
0.1367589842215681,0.6971144647162386,0.4834589850086854,0.024514186679216843,0.5106783515674461,0.04904435641138518,0.08,0.020000000000000025,1.5999999999999999,gaussian,True,2.8647889756541165,5;15;25;35;45;55,results/paper5_structure2_alpha52_offset30_h7/structure2_br_bt.csv
0.1367597369260467,0.6978115877781617,0.4834969313700413,0.03292789907343882,0.5106783515674461,0.04904435641138518,0.12,0.060000000000000026,2.6,gaussian,True,2.8647889756541165,5;15;25;35;45;55,results/paper5_structure2_alpha52_offset30_h7/structure2_br_bt.csv
0.1128369445934071,0.7218179491467801,0.48589284763118823,0.05191067835432919,0.5106783515674461,0.04904435641138518,0.28,0.14000000000000004,1.7999999999999998,gaussian,True,2.8647889756541165,5;15;25;35;45;55,results/paper5_structure2_alpha52_offset30_h7/structure2_br_bt.csv
0.12130008277956936,0.7136543254617166,0.48543835495227466,0.033281760406484256,0.5106783515674461,0.04904435641138518,0.32,0.060000000000000026,2.8000000000000003,gaussian,True,2.8647889756541165,5;15;25;35;45;55,results/paper5_structure2_alpha52_offset30_h7/structure2_br_bt.csv
0.11355860270834124,0.7220002376517847,0.48688320932580414,0.051941489149536085,0.5106783515674461,0.04904435641138518,0.32,0.14000000000000004,1.7999999999999998,gaussian,True,2.8647889756541165,5;15;25;35;45;55,results/paper5_structure2_alpha52_offset30_h7/structure2_br_bt.csv
0.1224292528581495,0.7133171446859884,0.48426302233963175,0.02488086701232493,0.5106783515674461,0.04904435641138518,0.2,0.020000000000000025,2.1999999999999997,gaussian,True,2.8647889756541165,5;15;25;35;45;55,results/paper5_structure2_alpha52_offset30_h7/structure2_br_bt.csv
0.12213226459265648,0.7137979343900583,0.48625555205657517,0.03332595463828781,0.5106783515674461,0.04904435641138518,0.36,0.060000000000000026,2.8000000000000003,gaussian,True,2.8647889756541165,5;15;25;35;45;55,results/paper5_structure2_alpha52_offset30_h7/structure2_br_bt.csv
0.1223515443860637,0.7136023826584178,0.48479406645223994,0.03324469418436914,0.5106783515674461,0.04904435641138518,0.28,0.060000000000000026,2.8000000000000003,gaussian,True,2.8647889756541165,5;15;25;35;45;55,results/paper5_structure2_alpha52_offset30_h7/structure2_br_bt.csv
0.11461843633794477,0.7217441787365572,0.48509386911179525,0.051884537930667496,0.5106783515674461,0.04904435641138518,0.24000000000000002,0.14000000000000004,1.7999999999999998,gaussian,True,2.8647889756541165,5;15;25;35;45;55,results/paper5_structure2_alpha52_offset30_h7/structure2_br_bt.csv
0.11743880858001021,0.7196489931611724,0.4854879793040617,0.04319686482138807,0.5106783515674461,0.04904435641138518,0.28,0.10000000000000003,2.1999999999999997,gaussian,True,2.8647889756541165,5;15;25;35;45;55,results/paper5_structure2_alpha52_offset30_h7/structure2_br_bt.csv
0.11868549184808484,0.7186940073111047,0.48606595274793524,0.02508435384482942,0.5106783515674461,0.04904435641138518,0.32,0.020000000000000025,2.4,gaussian,True,2.8647889756541165,5;15;25;35;45;55,results/paper5_structure2_alpha52_offset30_h7/structure2_br_bt.csv
0.11879919710427086,0.7186195887703036,0.48526194591638505,0.025029674019965028,0.5106783515674461,0.04904435641138518,0.28,0.020000000000000025,2.4,gaussian,True,2.8647889756541165,5;15;25;35;45;55,results/paper5_structure2_alpha52_offset30_h7/structure2_br_bt.csv
0.11775179739352154,0.7197957879483692,0.48636792443109367,0.04323224807963128,0.5106783515674461,0.04904435641138518,0.32,0.10000000000000003,2.1999999999999997,gaussian,True,2.8647889756541165,5;15;25;35;45;55,results/paper5_structure2_alpha52_offset30_h7/structure2_br_bt.csv
0.12834173372818078,0.7092783483171018,0.4836546346795272,0.02410286274412084,0.5106783515674461,0.04904435641138518,0.12,0.020000000000000025,0.8,gaussian,True,2.8647889756541165,5;15;25;35;45;55,results/paper5_structure2_alpha52_offset30_h7/structure2_br_bt.csv
0.144872401230335,0.6929766429411269,0.4833472949907278,0.02428351003826238,0.5106783515674461,0.04904435641138518,0.04,0.020000000000000025,1.2,gaussian,True,2.8647889756541165,5;15;25;35;45;55,results/paper5_structure2_alpha52_offset30_h7/structure2_br_bt.csv
0.12489568816392246,0.7136255946453641,0.48429532444016754,0.03321368845796033,0.5106783515674461,0.04904435641138518,0.24000000000000002,0.060000000000000026,2.8000000000000003,gaussian,True,2.8647889756541165,5;15;25;35;45;55,results/paper5_structure2_alpha52_offset30_h7/structure2_br_bt.csv
0.14511230352250243,0.6937097103419548,0.4833443000753584,0.02438950367063285,0.5106783515674461,0.04904435641138518,0.04,0.020000000000000025,1.4,gaussian,True,2.8647889756541165,5;15;25;35;45;55,results/paper5_structure2_alpha52_offset30_h7/structure2_br_bt.csv
0.11930797898492344,0.7196027967892323,0.48479036777514234,0.043167031478473054,0.5106783515674461,0.04904435641138518,0.24000000000000002,0.10000000000000003,2.1999999999999997,gaussian,True,2.8647889756541165,5;15;25;35;45;55,results/paper5_structure2_alpha52_offset30_h7/structure2_br_bt.csv
0.1170790411635553,0.7223057478609722,0.4880879121771156,0.051977528388182405,0.5106783515674461,0.04904435641138518,0.36,0.14000000000000004,1.7999999999999998,gaussian,True,2.8647889756541165,5;15;25;35;45;55,results/paper5_structure2_alpha52_offset30_h7/structure2_br_bt.csv
0.1208829641862183,0.7186357675877759,0.48462980311839604,0.024983959162350536,0.5106783515674461,0.04904435641138518,0.24000000000000002,0.020000000000000025,2.4,gaussian,True,2.8647889756541165,5;15;25;35;45;55,results/paper5_structure2_alpha52_offset30_h7/structure2_br_bt.csv
0.13181395505058313,0.707921801958032,0.48362336777931314,0.02473545026195609,0.5106783515674461,0.04904435641138518,0.12,0.020000000000000025,1.9999999999999998,gaussian,True,2.8647889756541165,5;15;25;35;45;55,results/paper5_structure2_alpha52_offset30_h7/structure2_br_bt.csv
0.1209282774039977,0.7188761684565969,0.4870698491022853,0.0251493805898427,0.5106783515674461,0.04904435641138518,0.36,0.020000000000000025,2.4,gaussian,True,2.8647889756541165,5;15;25;35;45;55,results/paper5_structure2_alpha52_offset30_h7/structure2_br_bt.csv
0.13783675409501858,0.7023982889532383,0.4834437658582951,0.024616052806249584,0.5106783515674461,0.04904435641138518,0.08,0.020000000000000025,1.7999999999999998,gaussian,True,2.8647889756541165,5;15;25;35;45;55,results/paper5_structure2_alpha52_offset30_h7/structure2_br_bt.csv
0.11849491262086759,0.7217659649464839,0.4844657973235926,0.051862573675340876,0.5106783515674461,0.04904435641138518,0.2,0.14000000000000004,1.7999999999999998,gaussian,True,2.8647889756541165,5;15;25;35;45;55,results/paper5_structure2_alpha52_offset30_h7/structure2_br_bt.csv
0.14259291047152853,0.69803997034669,0.4833670691866116,0.03291249331713686,0.5106783515674461,0.04904435641138518,0.08,0.060000000000000026,2.6,gaussian,True,2.8647889756541165,5;15;25;35;45;55,results/paper5_structure2_alpha52_offset30_h7/structure2_br_bt.csv
0.12060860759622158,0.7200602505837823,0.48745742802367137,0.04327398431714386,0.5106783515674461,0.04904435641138518,0.36,0.10000000000000003,2.1999999999999997,gaussian,True,2.8647889756541165,5;15;25;35;45;55,results/paper5_structure2_alpha52_offset30_h7/structure2_br_bt.csv
0.12724530010691948,0.7135790788124923,0.48368976597890817,0.06808217112837042,0.5106783515674461,0.04904435641138518,0.12,0.26000000000000006,1.0,gaussian,True,2.8647889756541165,5;15;25;35;45;55,results/paper5_structure2_alpha52_offset30_h7/structure2_br_bt.csv
0.1274437227210091,0.713465572962025,0.48386245154835356,0.024847281059956674,0.5106783515674461,0.04904435641138518,0.16,0.020000000000000025,2.1999999999999997,gaussian,True,2.8647889756541165,5;15;25;35;45;55,results/paper5_structure2_alpha52_offset30_h7/structure2_br_bt.csv
0.1285714970599476,0.7137104144987245,0.4839193626412994,0.033187852231063145,0.5106783515674461,0.04904435641138518,0.2,0.060000000000000026,2.8000000000000003,gaussian,True,2.8647889756541165,5;15;25;35;45;55,results/paper5_structure2_alpha52_offset30_h7/structure2_br_bt.csv
0.14495391187623577,0.697444598504987,0.48334855947062866,0.024176959909787972,0.5106783515674461,0.04904435641138518,0.04,0.020000000000000025,1.0,gaussian,True,2.8647889756541165,5;15;25;35;45;55,results/paper5_structure2_alpha52_offset30_h7/structure2_br_bt.csv
0.12294494545711507,0.7196426091173708,0.48425153869780324,0.04314205536281703,0.5106783515674461,0.04904435641138518,0.2,0.10000000000000003,2.1999999999999997,gaussian,True,2.8647889756541165,5;15;25;35;45;55,results/paper5_structure2_alpha52_offset30_h7/structure2_br_bt.csv
0.14555551994369817,0.6974351560708397,0.48333998155936275,0.02449532981656156,0.5106783515674461,0.04904435641138518,0.04,0.020000000000000025,1.5999999999999999,gaussian,True,2.8647889756541165,5;15;25;35;45;55,results/paper5_structure2_alpha52_offset30_h7/structure2_br_bt.csv
0.1245289179388806,0.7187281126707179,0.48414561833563885,0.02494602598207455,0.5106783515674461,0.04904435641138518,0.2,0.020000000000000025,2.4,gaussian,True,2.8647889756541165,5;15;25;35;45;55,results/paper5_structure2_alpha52_offset30_h7/structure2_br_bt.csv
0.11990977668439064,0.7235599000989723,0.48574971366073744,0.025121125910567952,0.5106783515674461,0.04904435641138518,0.32,0.020000000000000025,2.6,gaussian,True,2.8647889756541165,5;15;25;35;45;55,results/paper5_structure2_alpha52_offset30_h7/structure2_br_bt.csv
0.12049769080855531,0.7235179072152139,0.4850259323033765,0.025070546839893154,0.5106783515674461,0.04904435641138518,0.28,0.020000000000000025,2.6,gaussian,True,2.8647889756541165,5;15;25;35;45;55,results/paper5_structure2_alpha52_offset30_h7/structure2_br_bt.csv
0.12145133459011358,0.7236995787984194,0.48666074194116576,0.02518152939740224,0.5106783515674461,0.04904435641138518,0.36,0.020000000000000025,2.6,gaussian,True,2.8647889756541165,5;15;25;35;45;55,results/paper5_structure2_alpha52_offset30_h7/structure2_br_bt.csv
0.12402226029615233,0.7218718667524079,0.4839903549463638,0.05184434714704131,0.5106783515674461,0.04904435641138518,0.16,0.14000000000000004,1.7999999999999998,gaussian,True,2.8647889756541165,5;15;25;35;45;55,results/paper5_structure2_alpha52_offset30_h7/structure2_br_bt.csv
0.13668170802181842,0.7094469421289863,0.48345640181079286,0.024084055569581153,0.5106783515674461,0.04904435641138518,0.08,0.020000000000000025,0.8,gaussian,True,2.8647889756541165,5;15;25;35;45;55,results/paper5_structure2_alpha52_offset30_h7/structure2_br_bt.csv
0.12281875699007183,0.7235568717824034,0.4844613764908496,0.02502839687751357,0.5106783515674461,0.04904435641138518,0.24000000000000002,0.020000000000000025,2.6,gaussian,True,2.8647889756541165,5;15;25;35;45;55,results/paper5_structure2_alpha52_offset30_h7/structure2_br_bt.csv
0.1330693211723863,0.7138456843954434,0.4836471645905703,0.03316643845871291,0.5106783515674461,0.04904435641138518,0.16,0.060000000000000026,2.8000000000000003,gaussian,True,2.8647889756541165,5;15;25;35;45;55,results/paper5_structure2_alpha52_offset30_h7/structure2_br_bt.csv
0.14872405203192948,0.6983018490124685,0.4833094357573542,0.032900220628223856,0.5106783515674461,0.04904435641138518,0.04,0.060000000000000026,2.6,gaussian,True,2.8647889756541165,5;15;25;35;45;55,results/paper5_structure2_alpha52_offset30_h7/structure2_br_bt.csv
0.13345662758373056,0.7136756633824992,0.4835825278618365,0.024820045467174173,0.5106783515674461,0.04904435641138518,0.12,0.020000000000000025,2.1999999999999997,gaussian,True,2.8647889756541165,5;15;25;35;45;55,results/paper5_structure2_alpha52_offset30_h7/structure2_br_bt.csv
0.13899897289777674,0.708188398089161,0.48342605603303546,0.02471244149978874,0.5106783515674461,0.04904435641138518,0.08,0.020000000000000025,1.9999999999999998,gaussian,True,2.8647889756541165,5;15;25;35;45;55,results/paper5_structure2_alpha52_offset30_h7/structure2_br_bt.csv
0.1279409587319941,0.719755930707489,0.48385107935010097,0.043121337288125075,0.5106783515674461,0.04904435641138518,0.16,0.10000000000000003,2.1999999999999997,gaussian,True,2.8647889756541165,5;15;25;35;45;55,results/paper5_structure2_alpha52_offset30_h7/structure2_br_bt.csv
0.1293547550270272,0.7188844430500759,0.48378894665231365,0.0249148584645094,0.5106783515674461,0.04904435641138518,0.16,0.020000000000000025,2.4,gaussian,True,2.8647889756541165,5;15;25;35;45;55,results/paper5_structure2_alpha52_offset30_h7/structure2_br_bt.csv
0.14611344709372917,0.7027219058368769,0.483334939401997,0.024597602953999247,0.5106783515674461,0.04904435641138518,0.04,0.020000000000000025,1.7999999999999998,gaussian,True,2.8647889756541165,5;15;25;35;45;55,results/paper5_structure2_alpha52_offset30_h7/structure2_br_bt.csv
0.12102412688797762,0.7279075385717495,0.4854475137273529,0.02513991863192068,0.5106783515674461,0.04904435641138518,0.32,0.020000000000000025,2.8000000000000003,gaussian,True,2.8647889756541165,5;15;25;35;45;55,results/paper5_structure2_alpha52_offset30_h7/structure2_br_bt.csv
0.12238638458444562,0.7266413024603212,0.485159108544581,0.033382224960408345,0.5106783515674461,0.04904435641138518,0.32,0.060000000000000026,3.0000000000000004,gaussian,True,2.8647889756541165,5;15;25;35;45;55,results/paper5_structure2_alpha52_offset30_h7/structure2_br_bt.csv
0.12255735181355952,0.7267501479117163,0.4858860368151626,0.03342293400748458,0.5106783515674461,0.04904435641138518,0.36,0.060000000000000026,3.0000000000000004,gaussian,True,2.8647889756541165,5;15;25;35;45;55,results/paper5_structure2_alpha52_offset30_h7/structure2_br_bt.csv
0.13606392979546142,0.7137864391041547,0.48346680047525964,0.06807494025232916,0.5106783515674461,0.04904435641138518,0.08,0.26000000000000006,1.0,gaussian,True,2.8647889756541165,5;15;25;35;45;55,results/paper5_structure2_alpha52_offset30_h7/structure2_br_bt.csv
0.12186047175614086,0.7280069857302779,0.48626484435251427,0.025195522689275832,0.5106783515674461,0.04904435641138518,0.36,0.020000000000000025,2.8000000000000003,gaussian,True,2.8647889756541165,5;15;25;35;45;55,results/paper5_structure2_alpha52_offset30_h7/structure2_br_bt.csv
0.1220758421979556,0.7278952203749651,0.484803097973945,0.02509352131406394,0.5106783515674461,0.04904435641138518,0.28,0.020000000000000025,2.8000000000000003,gaussian,True,2.8647889756541165,5;15;25;35;45;55,results/paper5_structure2_alpha52_offset30_h7/structure2_br_bt.csv
0.12648385715253938,0.7236629076009746,0.48403245216437135,0.024993495890729907,0.5106783515674461,0.04904435641138518,0.2,0.020000000000000025,2.6,gaussian,True,2.8647889756541165,5;15;25;35;45;55,results/paper5_structure2_alpha52_offset30_h7/structure2_br_bt.csv
0.1238566944481429,0.726612855988593,0.48459009200019443,0.03334814050619894,0.5106783515674461,0.04904435641138518,0.28,0.060000000000000026,3.0000000000000004,gaussian,True,2.8647889756541165,5;15;25;35;45;55,results/paper5_structure2_alpha52_offset30_h7/structure2_br_bt.csv
0.1381376700461928,0.7140221820087985,0.4834627877791374,0.03314881812240006,0.5106783515674461,0.04904435641138518,0.12,0.060000000000000026,2.8000000000000003,gaussian,True,2.8647889756541165,5;15;25;35;45;55,results/paper5_structure2_alpha52_offset30_h7/structure2_br_bt.csv
0.12462366853921208,0.727954095293762,0.4843042346800862,0.025054953699586567,0.5106783515674461,0.04904435641138518,0.24000000000000002,0.020000000000000025,2.8000000000000003,gaussian,True,2.8647889756541165,5;15;25;35;45;55,results/paper5_structure2_alpha52_offset30_h7/structure2_br_bt.csv
0.1307844469789422,0.7220517724045888,0.4836512151096533,0.051829468697160826,0.5106783515674461,0.04904435641138518,0.12,0.14000000000000004,1.7999999999999998,gaussian,True,2.8647889756541165,5;15;25;35;45;55,results/paper5_structure2_alpha52_offset30_h7/structure2_br_bt.csv
0.12659401526628805,0.7266495015801935,0.4841527702669448,0.033319647387367174,0.5106783515674461,0.04904435641138518,0.24000000000000002,0.060000000000000026,3.0000000000000004,gaussian,True,2.8647889756541165,5;15;25;35;45;55,results/paper5_structure2_alpha52_offset30_h7/structure2_br_bt.csv
0.12211049861391048,0.7317451922310709,0.4851688872695461,0.02514244352097254,0.5106783515674461,0.04904435641138518,0.32,0.020000000000000025,3.0000000000000004,gaussian,True,2.8647889756541165,5;15;25;35;45;55,results/paper5_structure2_alpha52_offset30_h7/structure2_br_bt.csv
0.13393313613178898,0.7199320295542323,0.48357126423509783,0.04310435754798331,0.5106783515674461,0.04904435641138518,0.12,0.10000000000000003,2.1999999999999997,gaussian,True,2.8647889756541165,5;15;25;35;45;55,results/paper5_structure2_alpha52_offset30_h7/structure2_br_bt.csv
0.12228435027537704,0.7318080109954297,0.4858959649064897,0.025193306069284094,0.5106783515674461,0.04904435641138518,0.36,0.020000000000000025,3.0000000000000004,gaussian,True,2.8647889756541165,5;15;25;35;45;55,results/paper5_structure2_alpha52_offset30_h7/structure2_br_bt.csv
0.14016674246385413,0.7139382115886355,0.4834078317970961,0.024798396325890714,0.5106783515674461,0.04904435641138518,0.08,0.020000000000000025,2.1999999999999997,gaussian,True,2.8647889756541165,5;15;25;35;45;55,results/paper5_structure2_alpha52_offset30_h7/structure2_br_bt.csv
0.135031686370023,0.7190944502617558,0.48354226007019957,0.024889581901430504,0.5106783515674461,0.04904435641138518,0.12,0.020000000000000025,2.4,gaussian,True,2.8647889756541165,5;15;25;35;45;55,results/paper5_structure2_alpha52_offset30_h7/structure2_br_bt.csv
0.13114510199021862,0.7238244492662116,0.48371922842563486,0.02496484227216573,0.5106783515674461,0.04904435641138518,0.16,0.020000000000000025,2.6,gaussian,True,2.8647889756541165,5;15;25;35;45;55,results/paper5_structure2_alpha52_offset30_h7/structure2_br_bt.csv
0.14551552684211727,0.7096693443855344,0.4833479327865887,0.02406957963357691,0.5106783515674461,0.04904435641138518,0.04,0.020000000000000025,0.8,gaussian,True,2.8647889756541165,5;15;25;35;45;55,results/paper5_structure2_alpha52_offset30_h7/structure2_br_bt.csv
0.14672194908842637,0.7085066418285453,0.483329769444341,0.02469474505783758,0.5106783515674461,0.04904435641138518,0.04,0.020000000000000025,1.9999999999999998,gaussian,True,2.8647889756541165,5;15;25;35;45;55,results/paper5_structure2_alpha52_offset30_h7/structure2_br_bt.csv
0.1235817917615546,0.731759042679407,0.4845997293039526,0.02510012334648801,0.5106783515674461,0.04904435641138518,0.28,0.020000000000000025,3.0000000000000004,gaussian,True,2.8647889756541165,5;15;25;35;45;55,results/paper5_structure2_alpha52_offset30_h7/structure2_br_bt.csv
0.12830549852104664,0.7280711060350537,0.48392815727121974,0.02502306402734955,0.5106783515674461,0.04904435641138518,0.2,0.020000000000000025,2.8000000000000003,gaussian,True,2.8647889756541165,5;15;25;35;45;55,results/paper5_structure2_alpha52_offset30_h7/structure2_br_bt.csv
0.13026983247137866,0.7267388276669539,0.48382556499932694,0.03329589134678868,0.5106783515674461,0.04904435641138518,0.2,0.060000000000000026,3.0000000000000004,gaussian,True,2.8647889756541165,5;15;25;35;45;55,results/paper5_structure2_alpha52_offset30_h7/structure2_br_bt.csv
0.1435800951957612,0.7142322606858037,0.48335282090303233,0.03313445946685015,0.5106783515674461,0.04904435641138518,0.08,0.060000000000000026,2.8000000000000003,gaussian,True,2.8647889756541165,5;15;25;35;45;55,results/paper5_structure2_alpha52_offset30_h7/structure2_br_bt.csv
0.12632297277521154,0.7318346727419758,0.4841622736027499,0.025065010921333238,0.5106783515674461,0.04904435641138518,0.24000000000000002,0.020000000000000025,3.0000000000000004,gaussian,True,2.8647889756541165,5;15;25;35;45;55,results/paper5_structure2_alpha52_offset30_h7/structure2_br_bt.csv
0.14542508403810064,0.7140535685922726,0.48334640701925846,0.06806948537922314,0.5106783515674461,0.04904435641138518,0.04,0.26000000000000006,1.0,gaussian,True,2.8647889756541165,5;15;25;35;45;55,results/paper5_structure2_alpha52_offset30_h7/structure2_br_bt.csv
0.13651216684527606,0.7240318350023197,0.4835048171073273,0.024941583136500464,0.5106783515674461,0.04904435641138518,0.12,0.020000000000000025,2.6,gaussian,True,2.8647889756541165,5;15;25;35;45;55,results/paper5_structure2_alpha52_offset30_h7/structure2_br_bt.csv
0.14129351150278238,0.7193493897004772,0.48339049619162344,0.024869441328279465,0.5106783515674461,0.04904435641138518,0.08,0.020000000000000025,2.4,gaussian,True,2.8647889756541165,5;15;25;35;45;55,results/paper5_structure2_alpha52_offset30_h7/structure2_br_bt.csv
0.13842823159551454,0.7222967342464431,0.4834337822603201,0.051817591463341535,0.5106783515674461,0.04904435641138518,0.08,0.14000000000000004,1.7999999999999998,gaussian,True,2.8647889756541165,5;15;25;35;45;55,results/paper5_structure2_alpha52_offset30_h7/structure2_br_bt.csv
0.14062196143803293,0.7201616725056246,0.48339667384418583,0.04309066421862247,0.5106783515674461,0.04904435641138518,0.08,0.10000000000000003,2.1999999999999997,gaussian,True,2.8647889756541165,5;15;25;35;45;55,results/paper5_structure2_alpha52_offset30_h7/structure2_br_bt.csv
0.1328107228191971,0.7282355130925369,0.48365584898495445,0.02499688495672136,0.5106783515674461,0.04904435641138518,0.16,0.020000000000000025,2.8000000000000003,gaussian,True,2.8647889756541165,5;15;25;35;45;55,results/paper5_structure2_alpha52_offset30_h7/structure2_br_bt.csv
0.13461220382814088,0.7268707265491289,0.48359063490909077,0.03327616245526923,0.5106783515674461,0.04904435641138518,0.16,0.060000000000000026,3.0000000000000004,gaussian,True,2.8647889756541165,5;15;25;35;45;55,results/paper5_structure2_alpha52_offset30_h7/structure2_br_bt.csv
0.1473375877745722,0.7142452902702577,0.4833249269510382,0.024781665401264735,0.5106783515674461,0.04904435641138518,0.04,0.020000000000000025,2.1999999999999997,gaussian,True,2.8647889756541165,5;15;25;35;45;55,results/paper5_structure2_alpha52_offset30_h7/structure2_br_bt.csv
0.13000454980644113,0.7319600302789192,0.4838349413483508,0.02503600110696653,0.5106783515674461,0.04904435641138518,0.2,0.020000000000000025,3.0000000000000004,gaussian,True,2.8647889756541165,5;15;25;35;45;55,results/paper5_structure2_alpha52_offset30_h7/structure2_br_bt.csv
0.14924729717990434,0.714469562378599,0.4833059458091905,0.03312291127487552,0.5106783515674461,0.04904435641138518,0.04,0.060000000000000026,2.8000000000000003,gaussian,True,2.8647889756541165,5;15;25;35;45;55,results/paper5_structure2_alpha52_offset30_h7/structure2_br_bt.csv
0.13788711902603298,0.7284384529609196,0.483471367022005,0.024975600860116427,0.5106783515674461,0.04904435641138518,0.12,0.020000000000000025,2.8000000000000003,gaussian,True,2.8647889756541165,5;15;25;35;45;55,results/paper5_structure2_alpha52_offset30_h7/structure2_br_bt.csv
0.13940555134212232,0.7270369345821179,0.48343316603938086,0.033259867870296736,0.5106783515674461,0.04904435641138518,0.12,0.060000000000000026,3.0000000000000004,gaussian,True,2.8647889756541165,5;15;25;35;45;55,results/paper5_structure2_alpha52_offset30_h7/structure2_br_bt.csv
0.13435377001404344,0.7321253185210361,0.48359989080402704,0.025012174382790995,0.5106783515674461,0.04904435641138518,0.16,0.020000000000000025,3.0000000000000004,gaussian,True,2.8647889756541165,5;15;25;35;45;55,results/paper5_structure2_alpha52_offset30_h7/structure2_br_bt.csv
0.14235431105789262,0.7242769711184618,0.4833748668629903,0.024922989975111647,0.5106783515674461,0.04904435641138518,0.08,0.020000000000000025,2.6,gaussian,True,2.8647889756541165,5;15;25;35;45;55,results/paper5_structure2_alpha52_offset30_h7/structure2_br_bt.csv
0.147933386999188,0.7196418272926938,0.48332068270354894,0.024853783558029852,0.5106783515674461,0.04904435641138518,0.04,0.020000000000000025,2.4,gaussian,True,2.8647889756541165,5;15;25;35;45;55,results/paper5_structure2_alpha52_offset30_h7/structure2_br_bt.csv
0.147772031000604,0.7204369010703858,0.4833138717728897,0.043079863364501626,0.5106783515674461,0.04904435641138518,0.04,0.10000000000000003,2.1999999999999997,gaussian,True,2.8647889756541165,5;15;25;35;45;55,results/paper5_structure2_alpha52_offset30_h7/structure2_br_bt.csv
0.14667212442785085,0.7225988257266183,0.4833249989183916,0.05180840618009427,0.5106783515674461,0.04904435641138518,0.04,0.14000000000000004,1.7999999999999998,gaussian,True,2.8647889756541165,5;15;25;35;45;55,results/paper5_structure2_alpha52_offset30_h7/structure2_br_bt.csv
0.13915445639530388,0.7323225439312534,0.48344230758999435,0.024992762215599037,0.5106783515674461,0.04904435641138518,0.12,0.020000000000000025,3.0000000000000004,gaussian,True,2.8647889756541165,5;15;25;35;45;55,results/paper5_structure2_alpha52_offset30_h7/structure2_br_bt.csv
0.1444842183054957,0.7272306722461275,0.48334080956727626,0.033246510284707445,0.5106783515674461,0.04904435641138518,0.08,0.060000000000000026,3.0000000000000004,gaussian,True,2.8647889756541165,5;15;25;35;45;55,results/paper5_structure2_alpha52_offset30_h7/structure2_br_bt.csv
0.143337734849306,0.7286725879602092,0.48336129979779874,0.024958521495163935,0.5106783515674461,0.04904435641138518,0.08,0.020000000000000025,2.8000000000000003,gaussian,True,2.8647889756541165,5;15;25;35;45;55,results/paper5_structure2_alpha52_offset30_h7/structure2_br_bt.csv
0.14849423805158501,0.7245530607710053,0.4833171489255928,0.024908438682948484,0.5106783515674461,0.04904435641138518,0.04,0.020000000000000025,2.6,gaussian,True,2.8647889756541165,5;15;25;35;45;55,results/paper5_structure2_alpha52_offset30_h7/structure2_br_bt.csv
0.14424054624897453,0.7325451625765065,0.4833498424866372,0.024977119547682492,0.5106783515674461,0.04904435641138518,0.08,0.020000000000000025,3.0000000000000004,gaussian,True,2.8647889756541165,5;15;25;35;45;55,results/paper5_structure2_alpha52_offset30_h7/structure2_br_bt.csv
0.14972373369311467,0.7274463605729872,0.4833032338549364,0.03323567076531187,0.5106783515674461,0.04904435641138518,0.04,0.060000000000000026,3.0000000000000004,gaussian,True,2.8647889756541165,5;15;25;35;45;55,results/paper5_structure2_alpha52_offset30_h7/structure2_br_bt.csv
0.14901295255497957,0.7289318270759007,0.48331432889038956,0.02494506070216486,0.5106783515674461,0.04904435641138518,0.04,0.020000000000000025,2.8000000000000003,gaussian,True,2.8647889756541165,5;15;25;35;45;55,results/paper5_structure2_alpha52_offset30_h7/structure2_br_bt.csv
0.14948731328075893,0.7327878017544558,0.48331216348548567,0.02496470280884059,0.5106783515674461,0.04904435641138518,0.04,0.020000000000000025,3.0000000000000004,gaussian,True,2.8647889756541165,5;15;25;35;45;55,results/paper5_structure2_alpha52_offset30_h7/structure2_br_bt.csv
0.11935353038420364,0.7634030407287048,0.48524826474823796,0.044122029730841256,0.5106783515674461,0.04904435641138518,0.28,0.10000000000000003,2.4,gaussian,True,2.8647889756541165,5;15;25;35;45;55,results/paper5_structure2_alpha52_offset30_h7/structure2_br_bt.csv
0.119237318849644,0.7635244827982045,0.4860521000454048,0.04415520900941919,0.5106783515674461,0.04904435641138518,0.32,0.10000000000000003,2.4,gaussian,True,2.8647889756541165,5;15;25;35;45;55,results/paper5_structure2_alpha52_offset30_h7/structure2_br_bt.csv
0.1214305965054138,0.763369785989774,0.48461628781377836,0.044094093530058186,0.5106783515674461,0.04904435641138518,0.24000000000000002,0.10000000000000003,2.4,gaussian,True,2.8647889756541165,5;15;25;35;45;55,results/paper5_structure2_alpha52_offset30_h7/structure2_br_bt.csv
0.12146675245647483,0.7637505046784308,0.48705581919229457,0.04419445046769545,0.5106783515674461,0.04904435641138518,0.36,0.10000000000000003,2.4,gaussian,True,2.8647889756541165,5;15;25;35;45;55,results/paper5_structure2_alpha52_offset30_h7/structure2_br_bt.csv
0.12506316518329558,0.7634109088742744,0.4841322632777522,0.044070702650407974,0.5106783515674461,0.04904435641138518,0.2,0.10000000000000003,2.4,gaussian,True,2.8647889756541165,5;15;25;35;45;55,results/paper5_structure2_alpha52_offset30_h7/structure2_br_bt.csv
0.10999348498129545,0.7828031950613539,0.486008127769864,0.06083237544362659,0.5106783515674461,0.04904435641138518,0.28,0.18000000000000005,1.5999999999999999,gaussian,True,2.8647889756541165,5;15;25;35;45;55,results/paper5_structure2_alpha52_offset30_h7/structure2_br_bt.csv
0.12987150222877655,0.7635147413204685,0.4837757463177546,0.04405126062446213,0.5106783515674461,0.04904435641138518,0.16,0.10000000000000003,2.4,gaussian,True,2.8647889756541165,5;15;25;35;45;55,results/paper5_structure2_alpha52_offset30_h7/structure2_br_bt.csv
0.11051553304558924,0.7829773284034541,0.4870156857808863,0.06085824240884881,0.5106783515674461,0.04904435641138518,0.32,0.18000000000000005,1.5999999999999999,gaussian,True,2.8647889756541165,5;15;25;35;45;55,results/paper5_structure2_alpha52_offset30_h7/structure2_br_bt.csv
0.11203348297541561,0.7827283827286241,0.4851880586942548,0.06081034520518785,0.5106783515674461,0.04904435641138518,0.24000000000000002,0.18000000000000005,1.5999999999999999,gaussian,True,2.8647889756541165,5;15;25;35;45;55,results/paper5_structure2_alpha52_offset30_h7/structure2_br_bt.csv
0.10108948848032158,0.7940476303213471,0.48700054718482805,0.07004151896794138,0.5106783515674461,0.04904435641138518,0.36,0.30000000000000004,0.8,gaussian,True,2.8647889756541165,5;15;25;35;45;55,results/paper5_structure2_alpha52_offset30_h7/structure2_br_bt.csv
0.10179597394983093,0.7938675624649177,0.4861606368658188,0.07002483822477033,0.5106783515674461,0.04904435641138518,0.32,0.30000000000000004,0.8,gaussian,True,2.8647889756541165,5;15;25;35;45;55,results/paper5_structure2_alpha52_offset30_h7/structure2_br_bt.csv
0.1138710861947631,0.7832625441468097,0.4882304015908775,0.06088835331273214,0.5106783515674461,0.04904435641138518,0.36,0.18000000000000005,1.5999999999999999,gaussian,True,2.8647889756541165,5;15;25;35;45;55,results/paper5_structure2_alpha52_offset30_h7/structure2_br_bt.csv
0.10440001081937676,0.7937534215513489,0.485440900542908,0.07001016491157824,0.5106783515674461,0.04904435641138518,0.28,0.30000000000000004,0.8,gaussian,True,2.8647889756541165,5;15;25;35;45;55,results/paper5_structure2_alpha52_offset30_h7/structure2_br_bt.csv
0.11623389745954314,0.7827423624714407,0.48453765323699455,0.06079178610445405,0.5106783515674461,0.04904435641138518,0.2,0.18000000000000005,1.5999999999999999,gaussian,True,2.8647889756541165,5;15;25;35;45;55,results/paper5_structure2_alpha52_offset30_h7/structure2_br_bt.csv
0.13552892477572703,0.7636713980337145,0.48352920905823904,0.044035255888677606,0.5106783515674461,0.04904435641138518,0.12,0.10000000000000003,2.4,gaussian,True,2.8647889756541165,5;15;25;35;45;55,results/paper5_structure2_alpha52_offset30_h7/structure2_br_bt.csv
0.10866840339848956,0.7937017994368752,0.4848357751022017,0.06999740086128868,0.5106783515674461,0.04904435641138518,0.24000000000000002,0.30000000000000004,0.8,gaussian,True,2.8647889756541165,5;15;25;35;45;55,results/paper5_structure2_alpha52_offset30_h7/structure2_br_bt.csv
0.12214560892508686,0.7828356993138817,0.48404075185238615,0.060776369457889994,0.5106783515674461,0.04904435641138518,0.16,0.18000000000000005,1.5999999999999999,gaussian,True,2.8647889756541165,5;15;25;35;45;55,results/paper5_structure2_alpha52_offset30_h7/structure2_br_bt.csv
0.14177072603287885,0.7638724832092364,0.4833775892454305,0.04402224833290003,0.5106783515674461,0.04904435641138518,0.08,0.10000000000000003,2.4,gaussian,True,2.8647889756541165,5;15;25;35;45;55,results/paper5_structure2_alpha52_offset30_h7/structure2_br_bt.csv
0.1143277222515552,0.7937094521453719,0.48433990155551626,0.06998645279602428,0.5106783515674461,0.04904435641138518,0.2,0.30000000000000004,0.8,gaussian,True,2.8647889756541165,5;15;25;35;45;55,results/paper5_structure2_alpha52_offset30_h7/structure2_br_bt.csv
0.12934308634702427,0.7829999305465516,0.483682700485266,0.06076379936200901,0.5106783515674461,0.04904435641138518,0.12,0.18000000000000005,1.5999999999999999,gaussian,True,2.8647889756541165,5;15;25;35;45;55,results/paper5_structure2_alpha52_offset30_h7/structure2_br_bt.csv
0.14839100829913277,0.7641108498373085,0.4833079147249976,0.044011858208799964,0.5106783515674461,0.04904435641138518,0.04,0.10000000000000003,2.4,gaussian,True,2.8647889756541165,5;15;25;35;45;55,results/paper5_structure2_alpha52_offset30_h7/structure2_br_bt.csv
0.12110516889118803,0.793773291943251,0.48394812049443753,0.06997723206186761,0.5106783515674461,0.04904435641138518,0.16,0.30000000000000004,0.8,gaussian,True,2.8647889756541165,5;15;25;35;45;55,results/paper5_structure2_alpha52_offset30_h7/structure2_br_bt.csv
0.12047347911241571,0.7987022523796616,0.485734067761139,0.04483175262686471,0.5106783515674461,0.04904435641138518,0.32,0.10000000000000003,2.6,gaussian,True,2.8647889756541165,5;15;25;35;45;55,results/paper5_structure2_alpha52_offset30_h7/structure2_br_bt.csv
0.12106236488235651,0.7986032493983964,0.4850105045051799,0.04480081677958442,0.5106783515674461,0.04904435641138518,0.28,0.10000000000000003,2.6,gaussian,True,2.8647889756541165,5;15;25;35;45;55,results/paper5_structure2_alpha52_offset30_h7/structure2_br_bt.csv
0.13746358030726963,0.7832274586547636,0.4834502060459217,0.060753809078202776,0.5106783515674461,0.04904435641138518,0.08,0.18000000000000005,1.5999999999999999,gaussian,True,2.8647889756541165,5;15;25;35;45;55,results/paper5_structure2_alpha52_offset30_h7/structure2_br_bt.csv
0.1220039887250194,0.798893804633377,0.48664486862710526,0.04486841146398884,0.5106783515674461,0.04904435641138518,0.36,0.10000000000000003,2.6,gaussian,True,2.8647889756541165,5;15;25;35;45;55,results/paper5_structure2_alpha52_offset30_h7/structure2_br_bt.csv
0.12337622682210828,0.7985812873895913,0.48444615777513905,0.04477478662649504,0.5106783515674461,0.04904435641138518,0.24000000000000002,0.10000000000000003,2.6,gaussian,True,2.8647889756541165,5;15;25;35;45;55,results/paper5_structure2_alpha52_offset30_h7/structure2_br_bt.csv
0.12875479002458898,0.793890379790253,0.4836554674419238,0.06996965437935738,0.5106783515674461,0.04904435641138518,0.12,0.30000000000000004,0.8,gaussian,True,2.8647889756541165,5;15;25;35;45;55,results/paper5_structure2_alpha52_offset30_h7/structure2_br_bt.csv
0.11548993133709302,0.8084569336169293,0.4857083295319746,0.05394298352632133,0.5106783515674461,0.04904435641138518,0.28,0.14000000000000004,1.9999999999999998,gaussian,True,2.8647889756541165,5;15;25;35;45;55,results/paper5_structure2_alpha52_offset30_h7/structure2_br_bt.csv
0.11611107859653699,0.8086130218726977,0.4866532373898251,0.05397253595965727,0.5106783515674461,0.04904435641138518,0.32,0.14000000000000004,1.9999999999999998,gaussian,True,2.8647889756541165,5;15;25;35;45;55,results/paper5_structure2_alpha52_offset30_h7/structure2_br_bt.csv
0.11723450149431522,0.8083956249996962,0.48495272070501777,0.05391797389864631,0.5106783515674461,0.04904435641138518,0.24000000000000002,0.14000000000000004,1.9999999999999998,gaussian,True,2.8647889756541165,5;15;25;35;45;55,results/paper5_structure2_alpha52_offset30_h7/structure2_br_bt.csv
0.12702836803947798,0.798623474890136,0.4840174338394067,0.04475297379488893,0.5106783515674461,0.04904435641138518,0.2,0.10000000000000003,2.6,gaussian,True,2.8647889756541165,5;15;25;35;45;55,results/paper5_structure2_alpha52_offset30_h7/structure2_br_bt.csv
0.11942676756715614,0.8088783517876368,0.4878129739450647,0.05400723422204407,0.5106783515674461,0.04904435641138518,0.36,0.14000000000000004,1.9999999999999998,gaussian,True,2.8647889756541165,5;15;25;35;45;55,results/paper5_structure2_alpha52_offset30_h7/structure2_br_bt.csv
0.12093160007429626,0.80841655363187,0.4843639937443143,0.053896980581088154,0.5106783515674461,0.04904435641138518,0.2,0.14000000000000004,1.9999999999999998,gaussian,True,2.8647889756541165,5;15;25;35;45;55,results/paper5_structure2_alpha52_offset30_h7/structure2_br_bt.csv
0.1462178048567526,0.7835114569804779,0.4833312060804928,0.06074615785863753,0.5106783515674461,0.04904435641138518,0.04,0.18000000000000005,1.5999999999999999,gaussian,True,2.8647889756541165,5;15;25;35;45;55,results/paper5_structure2_alpha52_offset30_h7/structure2_br_bt.csv
0.1316731803051968,0.7987190580935207,0.4837044021465496,0.0447347960908592,0.5106783515674461,0.04904435641138518,0.16,0.10000000000000003,2.6,gaussian,True,2.8647889756541165,5;15;25;35;45;55,results/paper5_structure2_alpha52_offset30_h7/structure2_br_bt.csv
0.1370687308085376,0.7940579181495283,0.4834571681113067,0.06996363960870647,0.5106783515674461,0.04904435641138518,0.08,0.30000000000000004,0.8,gaussian,True,2.8647889756541165,5;15;25;35;45;55,results/paper5_structure2_alpha52_offset30_h7/structure2_br_bt.csv
0.12615183212489725,0.8085088208717076,0.48392243836424903,0.05387954279378507,0.5106783515674461,0.04904435641138518,0.16,0.14000000000000004,1.9999999999999998,gaussian,True,2.8647889756541165,5;15;25;35;45;55,results/paper5_structure2_alpha52_offset30_h7/structure2_br_bt.csv
0.13702214116679198,0.7988590375500699,0.4834901748857749,0.04471975920265965,0.5106783515674461,0.04904435641138518,0.12,0.10000000000000003,2.6,gaussian,True,2.8647889756541165,5;15;25;35;45;55,results/paper5_structure2_alpha52_offset30_h7/structure2_br_bt.csv
0.10686610521285504,0.8296530609235813,0.4860311027368035,0.06825183907937267,0.5106783515674461,0.04904435641138518,0.28,0.22000000000000006,1.4,gaussian,True,2.8647889756541165,5;15;25;35;45;55,results/paper5_structure2_alpha52_offset30_h7/structure2_br_bt.csv
0.10683924201884147,0.8298154442144111,0.48702085035562565,0.06827380647559983,0.5106783515674461,0.04904435641138518,0.32,0.22000000000000006,1.4,gaussian,True,2.8647889756541165,5;15;25;35;45;55,results/paper5_structure2_alpha52_offset30_h7/structure2_br_bt.csv
0.10941775212908023,0.8295803117595244,0.4852185163229091,0.06823304797293166,0.5106783515674461,0.04904435641138518,0.24000000000000002,0.22000000000000006,1.4,gaussian,True,2.8647889756541165,5;15;25;35;45;55,results/paper5_structure2_alpha52_offset30_h7/structure2_br_bt.csv
0.10960196229819588,0.8300765672517654,0.4882037113941221,0.06829924362716282,0.5106783515674461,0.04904435641138518,0.36,0.22000000000000006,1.4,gaussian,True,2.8647889756541165,5;15;25;35;45;55,results/paper5_structure2_alpha52_offset30_h7/structure2_br_bt.csv
0.1458782806619761,0.7942732441410336,0.48334863358438346,0.06995911152879863,0.5106783515674461,0.04904435641138518,0.04,0.30000000000000004,0.8,gaussian,True,2.8647889756541165,5;15;25;35;45;55,results/paper5_structure2_alpha52_offset30_h7/structure2_br_bt.csv
0.13250232895068617,0.8086629391768169,0.4836107019520376,0.053865256352836614,0.5106783515674461,0.04904435641138518,0.12,0.14000000000000004,1.9999999999999998,gaussian,True,2.8647889756541165,5;15;25;35;45;55,results/paper5_structure2_alpha52_offset30_h7/structure2_br_bt.csv
0.1428457697493251,0.7990358599011522,0.4833604010692951,0.04470744189862938,0.5106783515674461,0.04904435641138518,0.08,0.10000000000000003,2.6,gaussian,True,2.8647889756541165,5;15;25;35;45;55,results/paper5_structure2_alpha52_offset30_h7/structure2_br_bt.csv
0.11409713792375549,0.8295889176858313,0.48456840178642946,0.06821716592649808,0.5106783515674461,0.04904435641138518,0.2,0.22000000000000006,1.4,gaussian,True,2.8647889756541165,5;15;25;35;45;55,results/paper5_structure2_alpha52_offset30_h7/structure2_br_bt.csv
0.12159316324924409,0.8260398055474667,0.48543035549583313,0.04526563686714975,0.5106783515674461,0.04904435641138518,0.32,0.10000000000000003,2.8000000000000003,gaussian,True,2.8647889756541165,5;15;25;35;45;55,results/paper5_structure2_alpha52_offset30_h7/structure2_br_bt.csv
0.14896756744215528,0.7992431686871803,0.4833028522853914,0.0446974839881071,0.5106783515674461,0.04904435641138518,0.04,0.10000000000000003,2.6,gaussian,True,2.8647889756541165,5;15;25;35;45;55,results/paper5_structure2_alpha52_offset30_h7/structure2_br_bt.csv
0.1396533076743162,0.8088706353451535,0.4834134884670763,0.053853765952444954,0.5106783515674461,0.04904435641138518,0.08,0.14000000000000004,1.9999999999999998,gaussian,True,2.8647889756541165,5;15;25;35;45;55,results/paper5_structure2_alpha52_offset30_h7/structure2_br_bt.csv
0.12264422551536422,0.8259609081456986,0.4847861957943948,0.04523689654678011,0.5106783515674461,0.04904435641138518,0.28,0.10000000000000003,2.8000000000000003,gaussian,True,2.8647889756541165,5;15;25;35;45;55,results/paper5_structure2_alpha52_offset30_h7/structure2_br_bt.csv
0.12242108480864713,0.8262003168511782,0.4862474171261505,0.045299739290857226,0.5106783515674461,0.04904435641138518,0.36,0.10000000000000003,2.8000000000000003,gaussian,True,2.8647889756541165,5;15;25;35;45;55,results/paper5_structure2_alpha52_offset30_h7/structure2_br_bt.csv
0.1204611464893209,0.8296713460661074,0.48406723352301656,0.06820394934848137,0.5106783515674461,0.04904435641138518,0.16,0.22000000000000006,1.4,gaussian,True,2.8647889756541165,5;15;25;35;45;55,results/paper5_structure2_alpha52_offset30_h7/structure2_br_bt.csv
0.12518435827611202,0.8259491306182142,0.48428757626382324,0.04521271652284875,0.5106783515674461,0.04904435641138518,0.24000000000000002,0.10000000000000003,2.8000000000000003,gaussian,True,2.8647889756541165,5;15;25;35;45;55,results/paper5_structure2_alpha52_offset30_h7/structure2_br_bt.csv
0.12885369701732186,0.8259925717842865,0.4839117309817388,0.0451924283083344,0.5106783515674461,0.04904435641138518,0.2,0.10000000000000003,2.8000000000000003,gaussian,True,2.8647889756541165,5;15;25;35;45;55,results/paper5_structure2_alpha52_offset30_h7/structure2_br_bt.csv
0.1473432365474782,0.8091246836409786,0.4833172984253552,0.05384475861251795,0.5106783515674461,0.04904435641138518,0.04,0.14000000000000004,1.9999999999999998,gaussian,True,2.8647889756541165,5;15;25;35;45;55,results/paper5_structure2_alpha52_offset30_h7/structure2_br_bt.csv
0.12809220833316784,0.8298207388488406,0.48370255802298057,0.06819317597267645,0.5106783515674461,0.04904435641138518,0.12,0.22000000000000006,1.4,gaussian,True,2.8647889756541165,5;15;25;35;45;55,results/paper5_structure2_alpha52_offset30_h7/structure2_br_bt.csv
0.1333436044664146,0.8260814198908556,0.483639643824798,0.04517547189383451,0.5106783515674461,0.04904435641138518,0.16,0.10000000000000003,2.8000000000000003,gaussian,True,2.8647889756541165,5;15;25;35;45;55,results/paper5_structure2_alpha52_offset30_h7/structure2_br_bt.csv
0.10050526273448042,0.8608584007914526,0.4870005630310297,0.024293802998600376,0.5106783515674461,0.04904435641138518,0.36,-0.019999999999999976,0.8,gaussian,True,2.8647889756541165,5;15;25;35;45;55,results/paper5_structure2_alpha52_offset30_h7/structure2_br_bt.csv
0.10121738214141847,0.8606724714526258,0.4861607372218915,0.0242439746961378,0.5106783515674461,0.04904435641138518,0.32,-0.019999999999999976,0.8,gaussian,True,2.8647889756541165,5;15;25;35;45;55,results/paper5_structure2_alpha52_offset30_h7/structure2_br_bt.csv
0.1031586754879922,0.8606812876362656,0.4868791818081153,0.07390699426134306,0.5106783515674461,0.04904435641138518,0.32,0.26000000000000006,1.2,gaussian,True,2.8647889756541165,5;15;25;35;45;55,results/paper5_structure2_alpha52_offset30_h7/structure2_br_bt.csv
0.10383741950927919,0.8605477070750206,0.48544108412898873,0.02419989399861744,0.5106783515674461,0.04904435641138518,0.28,-0.019999999999999976,0.8,gaussian,True,2.8647889756541165,5;15;25;35;45;55,results/paper5_structure2_alpha52_offset30_h7/structure2_br_bt.csv
0.10404566121188479,0.8605331423292084,0.48594498073881576,0.07388831400244632,0.5106783515674461,0.04904435641138518,0.28,0.26000000000000006,1.2,gaussian,True,2.8647889756541165,5;15;25;35;45;55,results/paper5_structure2_alpha52_offset30_h7/structure2_br_bt.csv
0.1384033621397115,0.8262075560094799,0.4834553726121601,0.0451613760396988,0.5106783515674461,0.04904435641138518,0.12,0.10000000000000003,2.8000000000000003,gaussian,True,2.8647889756541165,5;15;25;35;45;55,results/paper5_structure2_alpha52_offset30_h7/structure2_br_bt.csv
0.10491102935500915,0.8609155518998137,0.4879863444909658,0.0739285002376877,0.5106783515674461,0.04904435641138518,0.36,0.26000000000000006,1.2,gaussian,True,2.8647889756541165,5;15;25;35;45;55,results/paper5_structure2_alpha52_offset30_h7/structure2_br_bt.csv
0.13663621947917318,0.8300308481873725,0.4834629092373783,0.06818464279596084,0.5106783515674461,0.04904435641138518,0.08,0.22000000000000006,1.4,gaussian,True,2.8647889756541165,5;15;25;35;45;55,results/paper5_structure2_alpha52_offset30_h7/structure2_br_bt.csv
0.1072989978814304,0.8604643512062073,0.4851715791123305,0.0738722535534023,0.5106783515674461,0.04904435641138518,0.24000000000000002,0.26000000000000006,1.2,gaussian,True,2.8647889756541165,5;15;25;35;45;55,results/paper5_structure2_alpha52_offset30_h7/structure2_br_bt.csv
0.10812942751163934,0.8604809547764406,0.48483604061487984,0.024161303487010597,0.5106783515674461,0.04904435641138518,0.24000000000000002,-0.019999999999999976,0.8,gaussian,True,2.8647889756541165,5;15;25;35;45;55,results/paper5_structure2_alpha52_offset30_h7/structure2_br_bt.csv
0.12267952658817151,0.8465378819986118,0.4851505084301551,0.04547748377001248,0.5106783515674461,0.04904435641138518,0.32,0.10000000000000003,3.0000000000000004,gaussian,True,2.8647889756541165,5;15;25;35;45;55,results/paper5_structure2_alpha52_offset30_h7/structure2_br_bt.csv
0.12284759866259554,0.8466704418791501,0.48587728556534215,0.04550912517593735,0.5106783515674461,0.04904435641138518,0.36,0.10000000000000003,3.0000000000000004,gaussian,True,2.8647889756541165,5;15;25;35;45;55,results/paper5_structure2_alpha52_offset30_h7/structure2_br_bt.csv
0.14383705264781954,0.8263642396196262,0.48334550635229695,0.04514974253963274,0.5106783515674461,0.04904435641138518,0.08,0.10000000000000003,2.8000000000000003,gaussian,True,2.8647889756541165,5;15;25;35;45;55,results/paper5_structure2_alpha52_offset30_h7/structure2_br_bt.csv
0.12414865330150415,0.8464770732643834,0.484581634696273,0.04545084012508332,0.5106783515674461,0.04904435641138518,0.28,0.10000000000000003,3.0000000000000004,gaussian,True,2.8647889756541165,5;15;25;35;45;55,results/paper5_structure2_alpha52_offset30_h7/structure2_br_bt.csv
0.09989665039769532,0.8728435741942105,0.4865915949055439,0.0243727055141047,0.5106783515674461,0.04904435641138518,0.32,-0.019999999999999976,1.0,gaussian,True,2.8647889756541165,5;15;25;35;45;55,results/paper5_structure2_alpha52_offset30_h7/structure2_br_bt.csv
0.11253190388564928,0.8604686683861547,0.4845476017782579,0.07385862272589197,0.5106783515674461,0.04904435641138518,0.2,0.26000000000000006,1.2,gaussian,True,2.8647889756541165,5;15;25;35;45;55,results/paper5_structure2_alpha52_offset30_h7/structure2_br_bt.csv
0.12688176308692894,0.846474603987415,0.4841444480018259,0.0454284177711797,0.5106783515674461,0.04904435641138518,0.24000000000000002,0.10000000000000003,3.0000000000000004,gaussian,True,2.8647889756541165,5;15;25;35;45;55,results/paper5_structure2_alpha52_offset30_h7/structure2_br_bt.csv
0.10037608690347677,0.8730685348516782,0.4875823342114566,0.024431856265365856,0.5106783515674461,0.04904435641138518,0.36,-0.019999999999999976,1.0,gaussian,True,2.8647889756541165,5;15;25;35;45;55,results/paper5_structure2_alpha52_offset30_h7/structure2_br_bt.csv
0.11381686014863088,0.8604692152511279,0.4843402476717494,0.02412795511563316,0.5106783515674461,0.04904435641138518,0.2,-0.019999999999999976,0.8,gaussian,True,2.8647889756541165,5;15;25;35;45;55,results/paper5_structure2_alpha52_offset30_h7/structure2_br_bt.csv
0.10178381870682485,0.8726924780408453,0.4857489781565034,0.024320706871066872,0.5106783515674461,0.04904435641138518,0.28,-0.019999999999999976,1.0,gaussian,True,2.8647889756541165,5;15;25;35;45;55,results/paper5_structure2_alpha52_offset30_h7/structure2_br_bt.csv
0.14949571189554106,0.826545857871641,0.4832987271880642,0.045140233578381886,0.5106783515674461,0.04904435641138518,0.04,0.10000000000000003,2.8000000000000003,gaussian,True,2.8647889756541165,5;15;25;35;45;55,results/paper5_structure2_alpha52_offset30_h7/structure2_br_bt.csv
0.1458118198406212,0.8302959786720511,0.4833377304387368,0.06817816423669996,0.5106783515674461,0.04904435641138518,0.04,0.22000000000000006,1.4,gaussian,True,2.8647889756541165,5;15;25;35;45;55,results/paper5_structure2_alpha52_offset30_h7/structure2_br_bt.csv
0.1305513745090367,0.846519585409032,0.4838173705243915,0.04540957519476161,0.5106783515674461,0.04904435641138518,0.2,0.10000000000000003,3.0000000000000004,gaussian,True,2.8647889756541165,5;15;25;35;45;55,results/paper5_structure2_alpha52_offset30_h7/structure2_br_bt.csv
0.10575933734829604,0.8726104620804459,0.4850458620567346,0.02427545816537133,0.5106783515674461,0.04904435641138518,0.24000000000000002,-0.019999999999999976,1.0,gaussian,True,2.8647889756541165,5;15;25;35;45;55,results/paper5_structure2_alpha52_offset30_h7/structure2_br_bt.csv
0.11932659702279372,0.8605403246304875,0.4840624131301135,0.07384724572456997,0.5106783515674461,0.04904435641138518,0.16,0.26000000000000006,1.2,gaussian,True,2.8647889756541165,5;15;25;35;45;55,results/paper5_structure2_alpha52_offset30_h7/structure2_br_bt.csv
0.10208406671849699,0.8785731060234362,0.4868850954645022,0.024491026304730816,0.5106783515674461,0.04904435641138518,0.32,-0.019999999999999976,1.2,gaussian,True,2.8647889756541165,5;15;25;35;45;55,results/paper5_structure2_alpha52_offset30_h7/structure2_br_bt.csv
0.12062422912259194,0.8605096351282742,0.4839485458752853,0.024099609983403797,0.5106783515674461,0.04904435641138518,0.16,-0.019999999999999976,0.8,gaussian,True,2.8647889756541165,5;15;25;35;45;55,results/paper5_structure2_alpha52_offset30_h7/structure2_br_bt.csv
0.1029817982557426,0.8784090438710654,0.48595098808949116,0.024432959343269518,0.5106783515674461,0.04904435641138518,0.28,-0.019999999999999976,1.2,gaussian,True,2.8647889756541165,5;15;25;35;45;55,results/paper5_structure2_alpha52_offset30_h7/structure2_br_bt.csv
0.12185198588515456,0.859625917126084,0.48517984453378643,0.024930104266643202,0.5106783515674461,0.04904435641138518,0.32,-0.019999999999999976,3.0000000000000004,gaussian,True,2.8647889756541165,5;15;25;35;45;55,results/paper5_structure2_alpha52_offset30_h7/structure2_br_bt.csv
0.1348864009983345,0.8466031368581782,0.483582561466758,0.04539377950541479,0.5106783515674461,0.04904435641138518,0.16,0.10000000000000003,3.0000000000000004,gaussian,True,2.8647889756541165,5;15;25;35;45;55,results/paper5_structure2_alpha52_offset30_h7/structure2_br_bt.csv
0.12202870979126866,0.8596408549818875,0.48590706976718734,0.024978209170695306,0.5106783515674461,0.04904435641138518,0.36,-0.019999999999999976,3.0000000000000004,gaussian,True,2.8647889756541165,5;15;25;35;45;55,results/paper5_structure2_alpha52_offset30_h7/structure2_br_bt.csv
0.10385303464251593,0.8788220706796226,0.48799216039229754,0.02455752489071156,0.5106783515674461,0.04904435641138518,0.36,-0.019999999999999976,1.2,gaussian,True,2.8647889756541165,5;15;25;35;45;55,results/paper5_structure2_alpha52_offset30_h7/structure2_br_bt.csv
0.12332405930192171,0.8596735413677585,0.4846105465371488,0.024890400126134193,0.5106783515674461,0.04904435641138518,0.28,-0.019999999999999976,3.0000000000000004,gaussian,True,2.8647889756541165,5;15;25;35;45;55,results/paper5_structure2_alpha52_offset30_h7/structure2_br_bt.csv
0.1207654129664536,0.8625441587113047,0.4854578317554518,0.024939881318554315,0.5106783515674461,0.04904435641138518,0.32,-0.019999999999999976,2.8000000000000003,gaussian,True,2.8647889756541165,5;15;25;35;45;55,results/paper5_structure2_alpha52_offset30_h7/structure2_br_bt.csv
0.11146580366115967,0.8725930414448447,0.48447406044840396,0.024236577326533143,0.5106783515674461,0.04904435641138518,0.2,-0.019999999999999976,1.0,gaussian,True,2.8647889756541165,5;15;25;35;45;55,results/paper5_structure2_alpha52_offset30_h7/structure2_br_bt.csv
0.121605820469341,0.8625931856690617,0.48627529394761904,0.02499303328764682,0.5106783515674461,0.04904435641138518,0.36,-0.019999999999999976,2.8000000000000003,gaussian,True,2.8647889756541165,5;15;25;35;45;55,results/paper5_structure2_alpha52_offset30_h7/structure2_br_bt.csv
0.12181723423358143,0.8625663427886057,0.48481329029463327,0.02489582637241728,0.5106783515674461,0.04904435641138518,0.28,-0.019999999999999976,2.8000000000000003,gaussian,True,2.8647889756541165,5;15;25;35;45;55,results/paper5_structure2_alpha52_offset30_h7/structure2_br_bt.csv
0.10626911334873154,0.8783232384949274,0.48517767622368957,0.024382751970229054,0.5106783515674461,0.04904435641138518,0.24000000000000002,-0.019999999999999976,1.2,gaussian,True,2.8647889756541165,5;15;25;35;45;55,results/paper5_structure2_alpha52_offset30_h7/structure2_br_bt.csv
0.11965318048371479,0.8655168995546059,0.485759222581726,0.024936578861187803,0.5106783515674461,0.04904435641138518,0.32,-0.019999999999999976,2.6,gaussian,True,2.8647889756541165,5;15;25;35;45;55,results/paper5_structure2_alpha52_offset30_h7/structure2_br_bt.csv
0.10574685156122937,0.8799790395219727,0.4860406165758857,0.024535728317808352,0.5106783515674461,0.04904435641138518,0.28,-0.019999999999999976,1.4,gaussian,True,2.8647889756541165,5;15;25;35;45;55,results/paper5_structure2_alpha52_offset30_h7/structure2_br_bt.csv
0.12024048198372908,0.8655099201989099,0.48503533469512955,0.024887977474967495,0.5106783515674461,0.04904435641138518,0.28,-0.019999999999999976,2.6,gaussian,True,2.8647889756541165,5;15;25;35;45;55,results/paper5_structure2_alpha52_offset30_h7/structure2_br_bt.csv
0.12606874336101145,0.8597713215951585,0.48417295793969484,0.024857770467140612,0.5106783515674461,0.04904435641138518,0.24000000000000002,-0.019999999999999976,3.0000000000000004,gaussian,True,2.8647889756541165,5;15;25;35;45;55,results/paper5_structure2_alpha52_offset30_h7/structure2_br_bt.csv
0.10571884989972884,0.8801432605404957,0.4870302965118453,0.02459772696106142,0.5106783515674461,0.04904435641138518,0.32,-0.019999999999999976,1.4,gaussian,True,2.8647889756541165,5;15;25;35;45;55,results/paper5_structure2_alpha52_offset30_h7/structure2_br_bt.csv
0.13967189627001464,0.8467179856792355,0.48342520733060973,0.04538058580468241,0.5106783515674461,0.04904435641138518,0.12,0.10000000000000003,3.0000000000000004,gaussian,True,2.8647889756541165,5;15;25;35;45;55,results/paper5_structure2_alpha52_offset30_h7/structure2_br_bt.csv
0.12119997832514179,0.8656036730713752,0.4866703614073947,0.02499492942806537,0.5106783515674461,0.04904435641138518,0.36,-0.019999999999999976,2.6,gaussian,True,2.8647889756541165,5;15;25;35;45;55,results/paper5_structure2_alpha52_offset30_h7/structure2_br_bt.csv
0.11843392318851802,0.8685224316447923,0.48607448700810985,0.024918433104301047,0.5106783515674461,0.04904435641138518,0.32,-0.019999999999999976,2.4,gaussian,True,2.8647889756541165,5;15;25;35;45;55,results/paper5_structure2_alpha52_offset30_h7/structure2_br_bt.csv
0.12436840865628575,0.8626465052007186,0.48431430691944155,0.02485949611503457,0.5106783515674461,0.04904435641138518,0.24000000000000002,-0.019999999999999976,2.8000000000000003,gaussian,True,2.8647889756541165,5;15;25;35;45;55,results/paper5_structure2_alpha52_offset30_h7/structure2_br_bt.csv
0.11854634344238325,0.8684834406703782,0.48527039707732117,0.02486528617412856,0.5106783515674461,0.04904435641138518,0.28,-0.019999999999999976,2.4,gaussian,True,2.8647889756541165,5;15;25;35;45;55,results/paper5_structure2_alpha52_offset30_h7/structure2_br_bt.csv
0.12729715501294436,0.8606739887668845,0.4837060720883299,0.0738379599446153,0.5106783515674461,0.04904435641138518,0.12,0.26000000000000006,1.2,gaussian,True,2.8647889756541165,5;15;25;35;45;55,results/paper5_structure2_alpha52_offset30_h7/structure2_br_bt.csv
0.1089224403039943,0.879179026814187,0.4860209355535246,0.02462796895759946,0.5106783515674461,0.04904435641138518,0.28,-0.019999999999999976,1.5999999999999999,gaussian,True,2.8647889756541165,5;15;25;35;45;55,results/paper5_structure2_alpha52_offset30_h7/structure2_br_bt.csv
0.11665821867278085,0.8714537181491229,0.4855070603700506,0.024827085746250928,0.5106783515674461,0.04904435641138518,0.28,-0.019999999999999976,2.1999999999999997,gaussian,True,2.8647889756541165,5;15;25;35;45;55,results/paper5_structure2_alpha52_offset30_h7/structure2_br_bt.csv
0.1225646984179863,0.8655689098025848,0.4844706763142916,0.024847731349963074,0.5106783515674461,0.04904435641138518,0.24000000000000002,-0.019999999999999976,2.6,gaussian,True,2.8647889756541165,5;15;25;35;45;55,results/paper5_structure2_alpha52_offset30_h7/structure2_br_bt.csv
0.10832567263910238,0.8798996879539414,0.48522809304176096,0.024482477440413153,0.5106783515674461,0.04904435641138518,0.24000000000000002,-0.019999999999999976,1.4,gaussian,True,2.8647889756541165,5;15;25;35;45;55,results/paper5_structure2_alpha52_offset30_h7/structure2_br_bt.csv
0.11697666262616593,0.8715259573164638,0.48638718212181886,0.024884471738551812,0.5106783515674461,0.04904435641138518,0.32,-0.019999999999999976,2.1999999999999997,gaussian,True,2.8647889756541165,5;15;25;35;45;55,results/paper5_structure2_alpha52_offset30_h7/structure2_br_bt.csv
0.10944974600362749,0.8793320658605239,0.4870284757942263,0.024691620483291096,0.5106783515674461,0.04904435641138518,0.32,-0.019999999999999976,1.5999999999999999,gaussian,True,2.8647889756541165,5;15;25;35;45;55,results/paper5_structure2_alpha52_offset30_h7/structure2_br_bt.csv
0.11447493397712631,0.87435418973966,0.48572760984565694,0.024773844260727367,0.5106783515674461,0.04904435641138518,0.28,-0.019999999999999976,1.9999999999999998,gaussian,True,2.8647889756541165,5;15;25;35;45;55,results/paper5_structure2_alpha52_offset30_h7/structure2_br_bt.csv
0.12830365041255584,0.8605994997157006,0.4836559707360946,0.02407603810378281,0.5106783515674461,0.04904435641138518,0.12,-0.019999999999999976,0.8,gaussian,True,2.8647889756541165,5;15;25;35;45;55,results/paper5_structure2_alpha52_offset30_h7/structure2_br_bt.csv
0.10850923905711975,0.8804009568550816,0.4882130847802733,0.024669229997105132,0.5106783515674461,0.04904435641138518,0.36,-0.019999999999999976,1.4,gaussian,True,2.8647889756541165,5;15;25;35;45;55,results/paper5_structure2_alpha52_offset30_h7/structure2_br_bt.csv
0.11190082157794086,0.8770381265908944,0.48590810180597815,0.024706976607685838,0.5106783515674461,0.04904435641138518,0.28,-0.019999999999999976,1.7999999999999998,gaussian,True,2.8647889756541165,5;15;25;35;45;55,results/paper5_structure2_alpha52_offset30_h7/structure2_br_bt.csv
0.1206330633120804,0.8685181360067534,0.48463817345210614,0.024821062004023915,0.5106783515674461,0.04904435641138518,0.24000000000000002,-0.019999999999999976,2.4,gaussian,True,2.8647889756541165,5;15;25;35;45;55,results/paper5_structure2_alpha52_offset30_h7/structure2_br_bt.csv
0.12068297618099648,0.8686491925011797,0.4870784686481019,0.024981885997572357,0.5106783515674461,0.04904435641138518,0.36,-0.019999999999999976,2.4,gaussian,True,2.8647889756541165,5;15;25;35;45;55,results/paper5_structure2_alpha52_offset30_h7/structure2_br_bt.csv
0.11510436180748765,0.8744585146656618,0.48667265315809466,0.024834738680769068,0.5106783515674461,0.04904435641138518,0.32,-0.019999999999999976,1.9999999999999998,gaussian,True,2.8647889756541165,5;15;25;35;45;55,results/paper5_structure2_alpha52_offset30_h7/structure2_br_bt.csv
0.12975562624010514,0.8599092366887411,0.48384549950275324,0.0248311182172959,0.5106783515674461,0.04904435641138518,0.2,-0.019999999999999976,3.0000000000000004,gaussian,True,2.8647889756541165,5;15;25;35;45;55,results/paper5_structure2_alpha52_offset30_h7/structure2_br_bt.csv
0.11262975411331141,0.8771703940706601,0.48689850945733143,0.024770133106726266,0.5106783515674461,0.04904435641138518,0.32,-0.019999999999999976,1.7999999999999998,gaussian,True,2.8647889756541165,5;15;25;35;45;55,results/paper5_structure2_alpha52_offset30_h7/structure2_br_bt.csv
0.11155164336768363,0.8783095538951101,0.4845537848464251,0.02433986867429001,0.5106783515674461,0.04904435641138518,0.2,-0.019999999999999976,1.2,gaussian,True,2.8647889756541165,5;15;25;35;45;55,results/paper5_structure2_alpha52_offset30_h7/structure2_br_bt.csv
0.11853654987191395,0.8714620029542703,0.4848092755384142,0.02477907025738662,0.5106783515674461,0.04904435641138518,0.24000000000000002,-0.019999999999999976,2.1999999999999997,gaussian,True,2.8647889756541165,5;15;25;35;45;55,results/paper5_structure2_alpha52_offset30_h7/structure2_br_bt.csv
0.11098198595218345,0.8791143502350591,0.48520087969588443,0.02457366917313393,0.5106783515674461,0.04904435641138518,0.24000000000000002,-0.019999999999999976,1.5999999999999999,gaussian,True,2.8647889756541165,5;15;25;35;45;55,results/paper5_structure2_alpha52_offset30_h7/structure2_br_bt.csv
0.11623209565836683,0.8743356063808089,0.48497186582245966,0.024722582118044414,0.5106783515674461,0.04904435641138518,0.24000000000000002,-0.019999999999999976,1.9999999999999998,gaussian,True,2.8647889756541165,5;15;25;35;45;55,results/paper5_structure2_alpha52_offset30_h7/structure2_br_bt.csv
0.11369577199704393,0.8769944236965804,0.48510907444173357,0.024653462390601535,0.5106783515674461,0.04904435641138518,0.24000000000000002,-0.019999999999999976,1.7999999999999998,gaussian,True,2.8647889756541165,5;15;25;35;45;55,results/paper5_structure2_alpha52_offset30_h7/structure2_br_bt.csv
0.1280558023618076,0.862773821856178,0.4839381148080955,0.02482974363987272,0.5106783515674461,0.04904435641138518,0.2,-0.019999999999999976,2.8000000000000003,gaussian,True,2.8647889756541165,5;15;25;35;45;55,results/paper5_structure2_alpha52_offset30_h7/structure2_br_bt.csv
0.11853568056856602,0.8726360110516923,0.48402580471355255,0.02420370151630581,0.5106783515674461,0.04904435641138518,0.16,-0.019999999999999976,1.0,gaussian,True,2.8647889756541165,5;15;25;35;45;55,results/paper5_structure2_alpha52_offset30_h7/structure2_br_bt.csv
0.10081721009589815,0.8904267287162211,0.48658937235523364,0.07740794510221904,0.5106783515674461,0.04904435641138518,0.32,0.30000000000000004,1.0,gaussian,True,2.8647889756541165,5;15;25;35;45;55,results/paper5_structure2_alpha52_offset30_h7/structure2_br_bt.csv
0.11985542246676444,0.8716926335454307,0.4874768652963498,0.02495256162518998,0.5106783515674461,0.04904435641138518,0.36,-0.019999999999999976,2.1999999999999997,gaussian,True,2.8647889756541165,5;15;25;35;45;55,results/paper5_structure2_alpha52_offset30_h7/structure2_br_bt.csv
0.14474263141462423,0.8468581541358554,0.48333295971959706,0.04536962090392112,0.5106783515674461,0.04904435641138518,0.08,0.10000000000000003,3.0000000000000004,gaussian,True,2.8647889756541165,5;15;25;35;45;55,results/paper5_structure2_alpha52_offset30_h7/structure2_br_bt.csv
0.12623560276218454,0.8656824084382129,0.48404165329545856,0.024814662199865074,0.5106783515674461,0.04904435641138518,0.2,-0.019999999999999976,2.6,gaussian,True,2.8647889756541165,5;15;25;35;45;55,results/paper5_structure2_alpha52_offset30_h7/structure2_br_bt.csv
0.10129409779821612,0.890624950209903,0.48758021414843317,0.07742597273423342,0.5106783515674461,0.04904435641138518,0.36,0.30000000000000004,1.0,gaussian,True,2.8647889756541165,5;15;25;35;45;55,results/paper5_structure2_alpha52_offset30_h7/structure2_br_bt.csv
0.11283714822840676,0.8795839491217664,0.4882431688354764,0.02476556446025459,0.5106783515674461,0.04904435641138518,0.36,-0.019999999999999976,1.5999999999999999,gaussian,True,2.8647889756541165,5;15;25;35;45;55,results/paper5_structure2_alpha52_offset30_h7/structure2_br_bt.csv
0.12428505044424064,0.8686146786634854,0.48415391016236964,0.024784576663411655,0.5106783515674461,0.04904435641138518,0.2,-0.019999999999999976,2.4,gaussian,True,2.8647889756541165,5;15;25;35;45;55,results/paper5_structure2_alpha52_offset30_h7/structure2_br_bt.csv
0.1130510188108283,0.8798973834545766,0.48457803685701134,0.024437276709680024,0.5106783515674461,0.04904435641138518,0.2,-0.019999999999999976,1.4,gaussian,True,2.8647889756541165,5;15;25;35;45;55,results/paper5_structure2_alpha52_offset30_h7/structure2_br_bt.csv
0.10268571906535395,0.8903004122766527,0.4857466556632512,0.07739219160853768,0.5106783515674461,0.04904435641138518,0.28,0.30000000000000004,1.0,gaussian,True,2.8647889756541165,5;15;25;35;45;55,results/paper5_structure2_alpha52_offset30_h7/structure2_br_bt.csv
0.11845109830816418,0.8746618291325728,0.4878325248752642,0.02490650615070435,0.5106783515674461,0.04904435641138518,0.36,-0.019999999999999976,1.9999999999999998,gaussian,True,2.8647889756541165,5;15;25;35;45;55,results/paper5_structure2_alpha52_offset30_h7/structure2_br_bt.csv
0.11617963554331419,0.8774033062482349,0.48810325484352923,0.024844038909617675,0.5106783515674461,0.04904435641138518,0.36,-0.019999999999999976,1.7999999999999998,gaussian,True,2.8647889756541165,5;15;25;35;45;55,results/paper5_structure2_alpha52_offset30_h7/structure2_br_bt.csv
0.1221935801338597,0.8715389421292483,0.48427027675469003,0.024739268395317638,0.5106783515674461,0.04904435641138518,0.2,-0.019999999999999976,2.1999999999999997,gaussian,True,2.8647889756541165,5;15;25;35;45;55,results/paper5_structure2_alpha52_offset30_h7/structure2_br_bt.csv
0.13411119068458105,0.8600791580165852,0.4836103290836733,0.024809531567590023,0.5106783515674461,0.04904435641138518,0.16,-0.019999999999999976,3.0000000000000004,gaussian,True,2.8647889756541165,5;15;25;35;45;55,results/paper5_structure2_alpha52_offset30_h7/structure2_br_bt.csv
0.11995764937460814,0.8743912868909661,0.4843830043866336,0.024679860016742085,0.5106783515674461,0.04904435641138518,0.2,-0.019999999999999976,1.9999999999999998,gaussian,True,2.8647889756541165,5;15;25;35;45;55,results/paper5_structure2_alpha52_offset30_h7/structure2_br_bt.csv
0.11522060844755627,0.8791286598940011,0.4845504833194435,0.024527867169697272,0.5106783515674461,0.04904435641138518,0.2,-0.019999999999999976,1.5999999999999999,gaussian,True,2.8647889756541165,5;15;25;35;45;55,results/paper5_structure2_alpha52_offset30_h7/structure2_br_bt.csv
0.11760154446358678,0.877028651923206,0.4844809513974403,0.024608601038565256,0.5106783515674461,0.04904435641138518,0.2,-0.019999999999999976,1.7999999999999998,gaussian,True,2.8647889756541165,5;15;25;35;45;55,results/paper5_structure2_alpha52_offset30_h7/structure2_br_bt.csv
0.13256790119606388,0.8629394048751892,0.48366569694527034,0.02480560649011725,0.5106783515674461,0.04904435641138518,0.16,-0.019999999999999976,2.8000000000000003,gaussian,True,2.8647889756541165,5;15;25;35;45;55,results/paper5_structure2_alpha52_offset30_h7/structure2_br_bt.csv
0.13090425824256988,0.8658408843421171,0.483728334634145,0.024787770582331805,0.5106783515674461,0.04904435641138518,0.16,-0.019999999999999976,2.6,gaussian,True,2.8647889756541165,5;15;25;35;45;55,results/paper5_structure2_alpha52_offset30_h7/structure2_br_bt.csv
0.11840379621988645,0.8783623222027453,0.4840686784824479,0.024303808235761903,0.5106783515674461,0.04904435641138518,0.16,-0.019999999999999976,1.2,gaussian,True,2.8647889756541165,5;15;25;35;45;55,results/paper5_structure2_alpha52_offset30_h7/structure2_br_bt.csv
0.10662597597929842,0.8902413216997931,0.485043442150005,0.07737857353288699,0.5106783515674461,0.04904435641138518,0.24000000000000002,0.30000000000000004,1.0,gaussian,True,2.8647889756541165,5;15;25;35;45;55,results/paper5_structure2_alpha52_offset30_h7/structure2_br_bt.csv
0.13611987267894649,0.8608647324474804,0.4834692894464254,0.07383061488043667,0.5106783515674461,0.04904435641138518,0.08,0.26000000000000006,1.2,gaussian,True,2.8647889756541165,5;15;25;35;45;55,results/paper5_structure2_alpha52_offset30_h7/structure2_br_bt.csv
0.14997440409098392,0.8470187127514718,0.48329548739163747,0.04536057038606439,0.5106783515674461,0.04904435641138518,0.04,0.10000000000000003,3.0000000000000004,gaussian,True,2.8647889756541165,5;15;25;35;45;55,results/paper5_structure2_alpha52_offset30_h7/structure2_br_bt.csv
0.13664607855142477,0.8607362261096031,0.4834577479585094,0.02405701817357889,0.5106783515674461,0.04904435641138518,0.08,-0.019999999999999976,0.8,gaussian,True,2.8647889756541165,5;15;25;35;45;55,results/paper5_structure2_alpha52_offset30_h7/structure2_br_bt.csv
0.1291188201959369,0.8687630871251787,0.48379716231093867,0.024754813979204527,0.5106783515674461,0.04904435641138518,0.16,-0.019999999999999976,2.4,gaussian,True,2.8647889756541165,5;15;25;35;45;55,results/paper5_structure2_alpha52_offset30_h7/structure2_br_bt.csv
0.12721645778122695,0.8716743844639948,0.48386965149597094,0.024706674313287248,0.5106783515674461,0.04904435641138518,0.16,-0.019999999999999976,2.1999999999999997,gaussian,True,2.8647889756541165,5;15;25;35;45;55,results/paper5_structure2_alpha52_offset30_h7/structure2_br_bt.csv
0.1389186941224111,0.8602744675874328,0.4834526319153516,0.024792249297386788,0.5106783515674461,0.04904435641138518,0.12,-0.019999999999999976,3.0000000000000004,gaussian,True,2.8647889756541165,5;15;25;35;45;55,results/paper5_structure2_alpha52_offset30_h7/structure2_br_bt.csv
0.12663777358665107,0.8727354273040555,0.483693725991643,0.024176486287247115,0.5106783515674461,0.04904435641138518,0.12,-0.019999999999999976,1.0,gaussian,True,2.8647889756541165,5;15;25;35;45;55,results/paper5_structure2_alpha52_offset30_h7/structure2_br_bt.csv
0.11947145077548922,0.8799650105717143,0.48407692268239594,0.024399482862984725,0.5106783515674461,0.04904435641138518,0.16,-0.019999999999999976,1.4,gaussian,True,2.8647889756541165,5;15;25;35;45;55,results/paper5_structure2_alpha52_offset30_h7/structure2_br_bt.csv
0.11772967150363364,0.8819127881000834,0.4854836306706076,0.05568885753310201,0.5106783515674461,0.04904435641138518,0.28,0.14000000000000004,2.1999999999999997,gaussian,True,2.8647889756541165,5;15;25;35;45;55,results/paper5_structure2_alpha52_offset30_h7/structure2_br_bt.csv
0.12521625752638682,0.874511267632086,0.48394131563834686,0.024644715045236087,0.5106783515674461,0.04904435641138518,0.16,-0.019999999999999976,1.9999999999999998,gaussian,True,2.8647889756541165,5;15;25;35;45;55,results/paper5_structure2_alpha52_offset30_h7/structure2_br_bt.csv
0.11804077707394399,0.8820487133192132,0.48636351328020266,0.05571692258628235,0.5106783515674461,0.04904435641138518,0.32,0.14000000000000004,2.1999999999999997,gaussian,True,2.8647889756541165,5;15;25;35;45;55,results/paper5_structure2_alpha52_offset30_h7/structure2_br_bt.csv
0.12316796301034084,0.8771314370549353,0.48400545577762216,0.02457150742498735,0.5106783515674461,0.04904435641138518,0.16,-0.019999999999999976,1.7999999999999998,gaussian,True,2.8647889756541165,5;15;25;35;45;55,results/paper5_structure2_alpha52_offset30_h7/structure2_br_bt.csv
0.12118164201861707,0.8792135593198895,0.4840535872637624,0.024489787385873537,0.5106783515674461,0.04904435641138518,0.16,-0.019999999999999976,1.5999999999999999,gaussian,True,2.8647889756541165,5;15;25;35;45;55,results/paper5_structure2_alpha52_offset30_h7/structure2_br_bt.csv
0.13765179175768757,0.863135931161271,0.483481110278794,0.02478627386346627,0.5106783515674461,0.04904435641138518,0.12,-0.019999999999999976,2.8000000000000003,gaussian,True,2.8647889756541165,5;15;25;35;45;55,results/paper5_structure2_alpha52_offset30_h7/structure2_br_bt.csv
0.11959533622530141,0.8818597970354537,0.48478607980692456,0.05566513669231525,0.5106783515674461,0.04904435641138518,0.24000000000000002,0.14000000000000004,2.1999999999999997,gaussian,True,2.8647889756541165,5;15;25;35;45;55,results/paper5_structure2_alpha52_offset30_h7/structure2_br_bt.csv
0.13627951176925018,0.8660363849478064,0.48351383204238113,0.02476620598793921,0.5106783515674461,0.04904435641138518,0.12,-0.019999999999999976,2.6,gaussian,True,2.8647889756541165,5;15;25;35;45;55,results/paper5_structure2_alpha52_offset30_h7/structure2_br_bt.csv
0.11228688573235916,0.8902450719309029,0.4844715456369929,0.07736696092765992,0.5106783515674461,0.04904435641138518,0.2,0.30000000000000004,1.0,gaussian,True,2.8647889756541165,5;15;25;35;45;55,results/paper5_structure2_alpha52_offset30_h7/structure2_br_bt.csv
0.12088961109032284,0.8822815872107783,0.4874529525209601,0.05574996193766039,0.5106783515674461,0.04904435641138518,0.36,0.14000000000000004,2.1999999999999997,gaussian,True,2.8647889756541165,5;15;25;35;45;55,results/paper5_structure2_alpha52_offset30_h7/structure2_br_bt.csv
0.1348046143968482,0.868954923156245,0.48355040189496884,0.024730899462792045,0.5106783515674461,0.04904435641138518,0.12,-0.019999999999999976,2.4,gaussian,True,2.8647889756541165,5;15;25;35;45;55,results/paper5_structure2_alpha52_offset30_h7/structure2_br_bt.csv
0.1440116900719767,0.8604897599056276,0.48336005841135293,0.02477863324176116,0.5106783515674461,0.04904435641138518,0.08,-0.019999999999999976,3.0000000000000004,gaussian,True,2.8647889756541165,5;15;25;35;45;55,results/paper5_structure2_alpha52_offset30_h7/structure2_br_bt.csv
0.12643363024910573,0.8784763057161035,0.483712416183989,0.02427410161882587,0.5106783515674461,0.04904435641138518,0.12,-0.019999999999999976,1.2,gaussian,True,2.8647889756541165,5;15;25;35;45;55,results/paper5_structure2_alpha52_offset30_h7/structure2_br_bt.csv
0.13323881788553624,0.8718596285466932,0.48358967440205697,0.024680411705418247,0.5106783515674461,0.04904435641138518,0.12,-0.019999999999999976,2.1999999999999997,gaussian,True,2.8647889756541165,5;15;25;35;45;55,results/paper5_structure2_alpha52_offset30_h7/structure2_br_bt.csv
0.1232247797402234,0.8818777690566535,0.4842473095427737,0.05564521718910175,0.5106783515674461,0.04904435641138518,0.2,0.14000000000000004,2.1999999999999997,gaussian,True,2.8647889756541165,5;15;25;35;45;55,results/paper5_structure2_alpha52_offset30_h7/structure2_br_bt.csv
0.13160987456777232,0.874686883302281,0.48362944728370244,0.024616297079922377,0.5106783515674461,0.04904435641138518,0.12,-0.019999999999999976,1.9999999999999998,gaussian,True,2.8647889756541165,5;15;25;35;45;55,results/paper5_structure2_alpha52_offset30_h7/structure2_br_bt.csv
0.14548218036975363,0.8609173566521815,0.48334928861848186,0.024042337340892242,0.5106783515674461,0.04904435641138518,0.04,-0.019999999999999976,0.8,gaussian,True,2.8647889756541165,5;15;25;35;45;55,results/paper5_structure2_alpha52_offset30_h7/structure2_br_bt.csv
0.14311004577013414,0.8633573485196889,0.48337094297532424,0.024771060223329113,0.5106783515674461,0.04904435641138518,0.08,-0.019999999999999976,2.8000000000000003,gaussian,True,2.8647889756541165,5;15;25;35;45;55,results/paper5_structure2_alpha52_offset30_h7/structure2_br_bt.csv
0.1455386637405963,0.861107997936231,0.4833433874903066,0.07382507113424928,0.5106783515674461,0.04904435641138518,0.04,0.26000000000000006,1.2,gaussian,True,2.8647889756541165,5;15;25;35;45;55,results/paper5_structure2_alpha52_offset30_h7/structure2_br_bt.csv
0.12716254264232893,0.8800960923279485,0.4837122972627493,0.024368502709265966,0.5106783515674461,0.04904435641138518,0.12,-0.019999999999999976,1.4,gaussian,True,2.8647889756541165,5;15;25;35;45;55,results/paper5_structure2_alpha52_offset30_h7/structure2_br_bt.csv
0.12997367003704316,0.8772945031911075,0.48366626108901456,0.02454138900056656,0.5106783515674461,0.04904435641138518,0.12,-0.019999999999999976,1.7999999999999998,gaussian,True,2.8647889756541165,5;15;25;35;45;55,results/paper5_structure2_alpha52_offset30_h7/structure2_br_bt.csv
0.12843304285203294,0.8793615215861754,0.48369553783015207,0.024458725143452424,0.5106783515674461,0.04904435641138518,0.12,-0.019999999999999976,1.5999999999999999,gaussian,True,2.8647889756541165,5;15;25;35;45;55,results/paper5_structure2_alpha52_offset30_h7/structure2_br_bt.csv
0.1354969825996389,0.872887591049536,0.48347083783332817,0.024154604767513545,0.5106783515674461,0.04904435641138518,0.08,-0.019999999999999976,1.0,gaussian,True,2.8647889756541165,5;15;25;35;45;55,results/paper5_structure2_alpha52_offset30_h7/structure2_br_bt.csv
0.14213004332425594,0.8662622567564343,0.48338379404376697,0.02474924241196352,0.5106783515674461,0.04904435641138518,0.08,-0.019999999999999976,2.6,gaussian,True,2.8647889756541165,5;15;25;35;45;55,results/paper5_structure2_alpha52_offset30_h7/structure2_br_bt.csv
0.11930671594774594,0.8903075526236093,0.48402319748039013,0.07735723200685217,0.5106783515674461,0.04904435641138518,0.16,0.30000000000000004,1.0,gaussian,True,2.8647889756541165,5;15;25;35;45;55,results/paper5_structure2_alpha52_offset30_h7/structure2_br_bt.csv
0.1492652105653721,0.8607206076415793,0.48332227621770646,0.024768146299020515,0.5106783515674461,0.04904435641138518,0.04,-0.019999999999999976,3.0000000000000004,gaussian,True,2.8647889756541165,5;15;25;35;45;55,results/paper5_structure2_alpha52_offset30_h7/structure2_br_bt.csv
0.12821076417737873,0.8819564527253209,0.483846907170628,0.05562862988165696,0.5106783515674461,0.04904435641138518,0.16,0.14000000000000004,2.1999999999999997,gaussian,True,2.8647889756541165,5;15;25;35;45;55,results/paper5_structure2_alpha52_offset30_h7/structure2_br_bt.csv
0.14107554540547576,0.8691830355917709,0.483398566494097,0.02471207866240116,0.5106783515674461,0.04904435641138518,0.08,-0.019999999999999976,2.4,gaussian,True,2.8647889756541165,5;15;25;35;45;55,results/paper5_structure2_alpha52_offset30_h7/structure2_br_bt.csv
0.1399586489631928,0.8720871999969155,0.4834149260497967,0.0246597156385701,0.5106783515674461,0.04904435641138518,0.08,-0.019999999999999976,2.1999999999999997,gaussian,True,2.8647889756541165,5;15;25;35;45;55,results/paper5_structure2_alpha52_offset30_h7/structure2_br_bt.csv
0.1487927445008403,0.8635986417549525,0.4833238763710699,0.024759383955282807,0.5106783515674461,0.04904435641138518,0.04,-0.019999999999999976,2.8000000000000003,gaussian,True,2.8647889756541165,5;15;25;35;45;55,results/paper5_structure2_alpha52_offset30_h7/structure2_br_bt.csv
0.1388049962674877,0.8749105847532708,0.48343210354307803,0.024593854526095055,0.5106783515674461,0.04904435641138518,0.08,-0.019999999999999976,1.9999999999999998,gaussian,True,2.8647889756541165,5;15;25;35;45;55,results/paper5_structure2_alpha52_offset30_h7/structure2_br_bt.csv
0.1353136531208267,0.8786466622326041,0.48347570887610475,0.024250309982622946,0.5106783515674461,0.04904435641138518,0.08,-0.019999999999999976,1.2,gaussian,True,2.8647889756541165,5;15;25;35;45;55,results/paper5_structure2_alpha52_offset30_h7/structure2_br_bt.csv
0.14827818920801292,0.8665129192968355,0.4833259917360224,0.024736258318029475,0.5106783515674461,0.04904435641138518,0.04,-0.019999999999999976,2.6,gaussian,True,2.8647889756541165,5;15;25;35;45;55,results/paper5_structure2_alpha52_offset30_h7/structure2_br_bt.csv
0.13766163391255276,0.8775105342261083,0.4834487721124988,0.024517535478250977,0.5106783515674461,0.04904435641138518,0.08,-0.019999999999999976,1.7999999999999998,gaussian,True,2.8647889756541165,5;15;25;35;45;55,results/paper5_structure2_alpha52_offset30_h7/structure2_br_bt.csv
0.13576563893278099,0.8802847289292299,0.48347269479264654,0.024343789181251168,0.5106783515674461,0.04904435641138518,0.08,-0.019999999999999976,1.4,gaussian,True,2.8647889756541165,5;15;25;35;45;55,results/paper5_structure2_alpha52_offset30_h7/structure2_br_bt.csv
0.1366075449315049,0.879565792567994,0.4834630422579204,0.024434039880625875,0.5106783515674461,0.04904435641138518,0.08,-0.019999999999999976,1.5999999999999999,gaussian,True,2.8647889756541165,5;15;25;35;45;55,results/paper5_structure2_alpha52_offset30_h7/structure2_br_bt.csv
0.13419168978622567,0.8820870485597379,0.4835671472191441,0.05561496819393616,0.5106783515674461,0.04904435641138518,0.12,0.14000000000000004,2.1999999999999997,gaussian,True,2.8647889756541165,5;15;25;35;45;55,results/paper5_structure2_alpha52_offset30_h7/structure2_br_bt.csv
0.11310415629873348,0.9036682858110535,0.4858911215101713,0.06384383931897034,0.5106783515674461,0.04904435641138518,0.28,0.18000000000000005,1.7999999999999998,gaussian,True,2.8647889756541165,5;15;25;35;45;55,results/paper5_structure2_alpha52_offset30_h7/structure2_br_bt.csv
0.14772433487336317,0.8694413504849987,0.48332868375874233,0.024697699127969316,0.5106783515674461,0.04904435641138518,0.04,-0.019999999999999976,2.4,gaussian,True,2.8647889756541165,5;15;25;35;45;55,results/paper5_structure2_alpha52_offset30_h7/structure2_br_bt.csv
0.1138238045905412,0.9038182084463375,0.4868814674691917,0.06386904045434998,0.5106783515674461,0.04904435641138518,0.32,0.18000000000000005,1.7999999999999998,gaussian,True,2.8647889756541165,5;15;25;35;45;55,results/paper5_structure2_alpha52_offset30_h7/structure2_br_bt.csv
0.12735848424580606,0.8904249100646158,0.48369102878916653,0.07734927258199593,0.5106783515674461,0.04904435641138518,0.12,0.30000000000000004,1.0,gaussian,True,2.8647889756541165,5;15;25;35;45;55,results/paper5_structure2_alpha52_offset30_h7/structure2_br_bt.csv
0.14489571549497668,0.8730890317088031,0.4833505193012385,0.024137746871537462,0.5106783515674461,0.04904435641138518,0.04,-0.019999999999999976,1.0,gaussian,True,2.8647889756541165,5;15;25;35;45;55,results/paper5_structure2_alpha52_offset30_h7/structure2_br_bt.csv
0.11488180382996588,0.9036052344041255,0.48509215864053956,0.06382244610353632,0.5106783515674461,0.04904435641138518,0.24000000000000002,0.18000000000000005,1.7999999999999998,gaussian,True,2.8647889756541165,5;15;25;35;45;55,results/paper5_structure2_alpha52_offset30_h7/structure2_br_bt.csv
0.147138976764732,0.8723506660282073,0.4833319700782021,0.02464391715232273,0.5106783515674461,0.04904435641138518,0.04,-0.019999999999999976,2.1999999999999997,gaussian,True,2.8647889756541165,5;15;25;35;45;55,results/paper5_structure2_alpha52_offset30_h7/structure2_br_bt.csv
0.11733596626359223,0.9040667847584819,0.48808615454467735,0.06389850614526246,0.5106783515674461,0.04904435641138518,0.36,0.18000000000000005,1.7999999999999998,gaussian,True,2.8647889756541165,5;15;25;35;45;55,results/paper5_structure2_alpha52_offset30_h7/structure2_br_bt.csv
0.14653777836587917,0.8751757846845721,0.4833357851434953,0.02457672200095735,0.5106783515674461,0.04904435641138518,0.04,-0.019999999999999976,1.9999999999999998,gaussian,True,2.8647889756541165,5;15;25;35;45;55,results/paper5_structure2_alpha52_offset30_h7/structure2_br_bt.csv
0.11874996058635935,0.9036186812679766,0.48446410237745263,0.06380445679786241,0.5106783515674461,0.04904435641138518,0.2,0.18000000000000005,1.7999999999999998,gaussian,True,2.8647889756541165,5;15;25;35;45;55,results/paper5_structure2_alpha52_offset30_h7/structure2_br_bt.csv
0.14086896077952965,0.8822619869165276,0.48339261021392915,0.055603878824299485,0.5106783515674461,0.04904435641138518,0.08,0.14000000000000004,2.1999999999999997,gaussian,True,2.8647889756541165,5;15;25;35;45;55,results/paper5_structure2_alpha52_offset30_h7/structure2_br_bt.csv
0.1447858022078538,0.8788689133727761,0.483349878975263,0.0242320228051795,0.5106783515674461,0.04904435641138518,0.04,-0.019999999999999976,1.2,gaussian,True,2.8647889756541165,5;15;25;35;45;55,results/paper5_structure2_alpha52_offset30_h7/structure2_br_bt.csv
0.14594806626736453,0.8777730543576855,0.4833399316630867,0.02449930974001866,0.5106783515674461,0.04904435641138518,0.04,-0.019999999999999976,1.7999999999999998,gaussian,True,2.8647889756541165,5;15;25;35;45;55,results/paper5_structure2_alpha52_offset30_h7/structure2_br_bt.csv
0.1454132240259155,0.8798203058904877,0.4833440383962131,0.0244151490568328,0.5106783515674461,0.04904435641138518,0.04,-0.019999999999999976,1.5999999999999999,gaussian,True,2.8647889756541165,5;15;25;35;45;55,results/paper5_structure2_alpha52_offset30_h7/structure2_br_bt.csv
0.14499685596043455,0.8805255428317582,0.48334755877688745,0.02432483769856035,0.5106783515674461,0.04904435641138518,0.04,-0.019999999999999976,1.4,gaussian,True,2.8647889756541165,5;15;25;35;45;55,results/paper5_structure2_alpha52_offset30_h7/structure2_br_bt.csv
0.13616963722177866,0.8905935303532307,0.4834680530794006,0.07734297554115117,0.5106783515674461,0.04904435641138518,0.08,0.30000000000000004,1.0,gaussian,True,2.8647889756541165,5;15;25;35;45;55,results/paper5_structure2_alpha52_offset30_h7/structure2_br_bt.csv
0.1242662186244209,0.9036994802252397,0.4839886753679376,0.06378951326704116,0.5106783515674461,0.04904435641138518,0.16,0.18000000000000005,1.7999999999999998,gaussian,True,2.8647889756541165,5;15;25;35;45;55,results/paper5_structure2_alpha52_offset30_h7/structure2_br_bt.csv
0.1480077539624183,0.8824747429933447,0.4833098597912377,0.05559505398412994,0.5106783515674461,0.04904435641138518,0.04,0.14000000000000004,2.1999999999999997,gaussian,True,2.8647889756541165,5;15;25;35;45;55,results/paper5_structure2_alpha52_offset30_h7/structure2_br_bt.csv
0.1310160459516065,0.9038395550232087,0.4836495507141522,0.0637772974617112,0.5106783515674461,0.04904435641138518,0.12,0.18000000000000005,1.7999999999999998,gaussian,True,2.8647889756541165,5;15;25;35;45;55,results/paper5_structure2_alpha52_offset30_h7/structure2_br_bt.csv
0.14552385726913664,0.8908100237448597,0.48334764937558483,0.07733824036735074,0.5106783515674461,0.04904435641138518,0.04,0.30000000000000004,1.0,gaussian,True,2.8647889756541165,5;15;25;35;45;55,results/paper5_structure2_alpha52_offset30_h7/structure2_br_bt.csv
0.13864727304744107,0.904031764362029,0.4834321328403091,0.06376752643859405,0.5106783515674461,0.04904435641138518,0.08,0.18000000000000005,1.7999999999999998,gaussian,True,2.8647889756541165,5;15;25;35;45;55,results/paper5_structure2_alpha52_offset30_h7/structure2_br_bt.csv
0.1468790630126067,0.9042697854920726,0.48332336424795624,0.06375994806670644,0.5106783515674461,0.04904435641138518,0.04,0.18000000000000005,1.7999999999999998,gaussian,True,2.8647889756541165,5;15;25;35;45;55,results/paper5_structure2_alpha52_offset30_h7/structure2_br_bt.csv
0.11965478472951568,0.9418087200581249,0.48524303483184583,0.05708607806259214,0.5106783515674461,0.04904435641138518,0.28,0.14000000000000004,2.4,gaussian,True,2.8647889756541165,5;15;25;35;45;55,results/paper5_structure2_alpha52_offset30_h7/structure2_br_bt.csv
0.11953735242292889,0.9419279875048441,0.48604678169470206,0.057112552543896127,0.5106783515674461,0.04904435641138518,0.32,0.14000000000000004,2.4,gaussian,True,2.8647889756541165,5;15;25;35;45;55,results/paper5_structure2_alpha52_offset30_h7/structure2_br_bt.csv
0.12172811276974826,0.9417621143281614,0.4846111429328227,0.05706370875285481,0.5106783515674461,0.04904435641138518,0.24000000000000002,0.14000000000000004,2.4,gaussian,True,2.8647889756541165,5;15;25;35;45;55,results/paper5_structure2_alpha52_offset30_h7/structure2_br_bt.csv
0.12175971457239701,0.9421333213916131,0.4870504089205638,0.05714377345059882,0.5106783515674461,0.04904435641138518,0.36,0.14000000000000004,2.4,gaussian,True,2.8647889756541165,5;15;25;35;45;55,results/paper5_structure2_alpha52_offset30_h7/structure2_br_bt.csv
0.12535334670123124,0.9417768799878965,0.4841272001356599,0.05704489880777426,0.5106783515674461,0.04904435641138518,0.2,0.14000000000000004,2.4,gaussian,True,2.8647889756541165,5;15;25;35;45;55,results/paper5_structure2_alpha52_offset30_h7/structure2_br_bt.csv
0.13015213642082277,0.941843478004577,0.4837707617299823,0.05702918196625763,0.5106783515674461,0.04904435641138518,0.16,0.14000000000000004,2.4,gaussian,True,2.8647889756541165,5;15;25;35;45;55,results/paper5_structure2_alpha52_offset30_h7/structure2_br_bt.csv
0.1357989334146178,0.9419538258494938,0.48352429995830126,0.057016158553039376,0.5106783515674461,0.04904435641138518,0.12,0.14000000000000004,2.4,gaussian,True,2.8647889756541165,5;15;25;35;45;55,results/paper5_structure2_alpha52_offset30_h7/structure2_br_bt.csv
0.1420298357587512,0.9421010570231398,0.48337275268805585,0.05700548486261889,0.5106783515674461,0.04904435641138518,0.08,0.14000000000000004,2.4,gaussian,True,2.8647889756541165,5;15;25;35;45;55,results/paper5_structure2_alpha52_offset30_h7/structure2_br_bt.csv
0.14863945581083465,0.9422793239974183,0.4833031478870794,0.056996864421649834,0.5106783515674461,0.04904435641138518,0.04,0.14000000000000004,2.4,gaussian,True,2.8647889756541165,5;15;25;35;45;55,results/paper5_structure2_alpha52_offset30_h7/structure2_br_bt.csv
0.11024403480276,0.9819316415968949,0.4860077895108563,0.07239960255309079,0.5106783515674461,0.04904435641138518,0.28,0.22000000000000006,1.5999999999999999,gaussian,True,2.8647889756541165,5;15;25;35;45;55,results/paper5_structure2_alpha52_offset30_h7/structure2_br_bt.csv
0.11076487257754689,0.9820708274415392,0.4870153464763859,0.07242134986865725,0.5106783515674461,0.04904435641138518,0.32,0.22000000000000006,1.5999999999999999,gaussian,True,2.8647889756541165,5;15;25;35;45;55,results/paper5_structure2_alpha52_offset30_h7/structure2_br_bt.csv
0.1122795086019537,0.9818716553430814,0.48518772154942147,0.07238108175308244,0.5106783515674461,0.04904435641138518,0.24000000000000002,0.22000000000000006,1.5999999999999999,gaussian,True,2.8647889756541165,5;15;25;35;45;55,results/paper5_structure2_alpha52_offset30_h7/structure2_br_bt.csv
0.11411306430596527,0.9822986110825549,0.4882300613201293,0.07244666717427316,0.5106783515674461,0.04904435641138518,0.36,0.22000000000000006,1.5999999999999999,gaussian,True,2.8647889756541165,5;15;25;35;45;55,results/paper5_structure2_alpha52_offset30_h7/structure2_br_bt.csv
0.11647107668476635,0.9818824662090094,0.4845373172653751,0.07236547929813195,0.5106783515674461,0.04904435641138518,0.2,0.22000000000000006,1.5999999999999999,gaussian,True,2.8647889756541165,5;15;25;35;45;55,results/paper5_structure2_alpha52_offset30_h7/structure2_br_bt.csv
0.12237135443845379,0.9819565531810255,0.4840404171042495,0.07235251828679407,0.5106783515674461,0.04904435641138518,0.16,0.22000000000000006,1.5999999999999999,gaussian,True,2.8647889756541165,5;15;25;35;45;55,results/paper5_structure2_alpha52_offset30_h7/structure2_br_bt.csv
0.12078034960111218,0.9888843315903215,0.48572793089114347,0.058133149910045326,0.5106783515674461,0.04904435641138518,0.32,0.14000000000000004,2.6,gaussian,True,2.8647889756541165,5;15;25;35;45;55,results/paper5_structure2_alpha52_offset30_h7/structure2_br_bt.csv
0.1213695963127041,0.9887797518860874,0.48500447920615675,0.058108288163804325,0.5106783515674461,0.04904435641138518,0.28,0.14000000000000004,2.6,gaussian,True,2.8647889756541165,5;15;25;35;45;55,results/paper5_structure2_alpha52_offset30_h7/structure2_br_bt.csv
0.12230506092637682,0.9890653063836693,0.48663861488905436,0.05816249948319889,0.5106783515674461,0.04904435641138518,0.36,0.14000000000000004,2.6,gaussian,True,2.8647889756541165,5;15;25;35;45;55,results/paper5_structure2_alpha52_offset30_h7/structure2_br_bt.csv
0.1295563128822102,0.9820871767430117,0.4836823670029276,0.07234194956360238,0.5106783515674461,0.04904435641138518,0.12,0.22000000000000006,1.5999999999999999,gaussian,True,2.8647889756541165,5;15;25;35;45;55,results/paper5_structure2_alpha52_offset30_h7/structure2_br_bt.csv
0.12367941563105767,0.9887388883559678,0.4844402389890827,0.05808727474774139,0.5106783515674461,0.04904435641138518,0.24000000000000002,0.14000000000000004,2.6,gaussian,True,2.8647889756541165,5;15;25;35;45;55,results/paper5_structure2_alpha52_offset30_h7/structure2_br_bt.csv
0.1273244192522008,0.9887511991879365,0.484011616750529,0.0580695713208353,0.5106783515674461,0.04904435641138518,0.2,0.14000000000000004,2.6,gaussian,True,2.8647889756541165,5;15;25;35;45;55,results/paper5_structure2_alpha52_offset30_h7/structure2_br_bt.csv
0.13766424935537985,0.9822682912865767,0.48344987386450683,0.07233354863643045,0.5106783515674461,0.04904435641138518,0.08,0.22000000000000006,1.5999999999999999,gaussian,True,2.8647889756541165,5;15;25;35;45;55,results/paper5_structure2_alpha52_offset30_h7/structure2_br_bt.csv
0.13196022922592054,0.9888078872110962,0.483698682179766,0.05805472275082874,0.5106783515674461,0.04904435641138518,0.16,0.14000000000000004,2.6,gaussian,True,2.8647889756541165,5;15;25;35;45;55,results/paper5_structure2_alpha52_offset30_h7/structure2_br_bt.csv
0.10046221774456991,1.0210723291525419,0.487002190665419,0.0272531186329432,0.5106783515674461,0.04904435641138518,0.36,-0.05999999999999998,0.8,gaussian,True,2.8647889756541165,5;15;25;35;45;55,results/paper5_structure2_alpha52_offset30_h7/structure2_br_bt.csv
0.10117483470099695,1.0209134877342276,0.48616237822822883,0.027208521682303255,0.5106783515674461,0.04904435641138518,0.32,-0.05999999999999998,0.8,gaussian,True,2.8647889756541165,5;15;25;35;45;55,results/paper5_structure2_alpha52_offset30_h7/structure2_br_bt.csv
0.10379613230544645,1.0208062552054245,0.4854427379531803,0.027169065678741052,0.5106783515674461,0.04904435641138518,0.28,-0.05999999999999998,0.8,gaussian,True,2.8647889756541165,5;15;25;35;45;55,results/paper5_structure2_alpha52_offset30_h7/structure2_br_bt.csv
0.11577948843163828,1.009675022177499,0.4857058214529745,0.06656222805447118,0.5106783515674461,0.04904435641138518,0.28,0.18000000000000005,1.9999999999999998,gaussian,True,2.8647889756541165,5;15;25;35;45;55,results/paper5_structure2_alpha52_offset30_h7/structure2_br_bt.csv
0.1372992945151022,0.9889015864132592,0.48348454770187055,0.05804234270439843,0.5106783515674461,0.04904435641138518,0.12,0.14000000000000004,2.6,gaussian,True,2.8647889756541165,5;15;25;35;45;55,results/paper5_structure2_alpha52_offset30_h7/structure2_br_bt.csv
0.1163983975737526,1.0098086681427074,0.4866506909565502,0.06658649592708725,0.5106783515674461,0.04904435641138518,0.32,0.18000000000000005,1.9999999999999998,gaussian,True,2.8647889756541165,5;15;25;35;45;55,results/paper5_structure2_alpha52_offset30_h7/structure2_br_bt.csv
0.1175204138817698,1.0096176829861565,0.48495025002895403,0.06654166043773574,0.5106783515674461,0.04904435641138518,0.24000000000000002,0.18000000000000005,1.9999999999999998,gaussian,True,2.8647889756541165,5;15;25;35;45;55,results/paper5_structure2_alpha52_offset30_h7/structure2_br_bt.csv
0.10808995538861751,1.020747966539452,0.4848377067150755,0.02713451573245871,0.5106783515674461,0.04904435641138518,0.24000000000000002,-0.05999999999999998,0.8,gaussian,True,2.8647889756541165,5;15;25;35;45;55,results/paper5_structure2_alpha52_offset30_h7/structure2_br_bt.csv
0.1464064934631715,0.9824944682294163,0.4833308752286449,0.0723271129737247,0.5106783515674461,0.04904435641138518,0.04,0.22000000000000006,1.5999999999999999,gaussian,True,2.8647889756541165,5;15;25;35;45;55,results/paper5_structure2_alpha52_offset30_h7/structure2_br_bt.csv
0.11970542013740432,1.010030248036819,0.48781038823383255,0.06661495610613692,0.5106783515674461,0.04904435641138518,0.36,0.18000000000000005,1.9999999999999998,gaussian,True,2.8647889756541165,5;15;25;35;45;55,results/paper5_structure2_alpha52_offset30_h7/structure2_br_bt.csv
0.12120939620442886,1.0096265747201663,0.48436155950307214,0.06652436377654544,0.5106783515674461,0.04904435641138518,0.2,0.18000000000000005,1.9999999999999998,gaussian,True,2.8647889756541165,5;15;25;35;45;55,results/paper5_structure2_alpha52_offset30_h7/structure2_br_bt.csv
0.14311281330605868,0.9890261101263365,0.48335486255778953,0.05803210200919613,0.5106783515674461,0.04904435641138518,0.08,0.14000000000000004,2.6,gaussian,True,2.8647889756541165,5;15;25;35;45;55,results/paper5_structure2_alpha52_offset30_h7/structure2_br_bt.csv
0.11377952501995794,1.0207360893809116,0.48434192551886535,0.02710464626102276,0.5106783515674461,0.04904435641138518,0.2,-0.05999999999999998,0.8,gaussian,True,2.8647889756541165,5;15;25;35;45;55,results/paper5_structure2_alpha52_offset30_h7/structure2_br_bt.csv
0.12641871070694938,1.0096929475225016,0.4839200395819879,0.06650996258799753,0.5106783515674461,0.04904435641138518,0.16,0.18000000000000005,1.9999999999999998,gaussian,True,2.8647889756541165,5;15;25;35;45;55,results/paper5_structure2_alpha52_offset30_h7/structure2_br_bt.csv
0.1492247172054008,0.9891762476673752,0.4832973985558706,0.05802371920228877,0.5106783515674461,0.04904435641138518,0.04,0.14000000000000004,2.6,gaussian,True,2.8647889756541165,5;15;25;35;45;55,results/paper5_structure2_alpha52_offset30_h7/structure2_br_bt.csv
0.10709078419916195,1.0323090893689846,0.4860317734647154,0.07922428241328798,0.5106783515674461,0.04904435641138518,0.28,0.26000000000000006,1.4,gaussian,True,2.8647889756541165,5;15;25;35;45;55,results/paper5_structure2_alpha52_offset30_h7/structure2_br_bt.csv
0.10706411793555391,1.0324380188486166,0.48702152777872376,0.07924315861794672,0.5106783515674461,0.04904435641138518,0.32,0.26000000000000006,1.4,gaussian,True,2.8647889756541165,5;15;25;35;45;55,results/paper5_structure2_alpha52_offset30_h7/structure2_br_bt.csv
0.12058915354891085,1.0207682171116823,0.48395023495344147,0.027079240685953902,0.5106783515674461,0.04904435641138518,0.16,-0.05999999999999998,0.8,gaussian,True,2.8647889756541165,5;15;25;35;45;55,results/paper5_structure2_alpha52_offset30_h7/structure2_br_bt.csv
0.10963706937593266,1.0322521518677528,0.48521918034935946,0.07920814235458594,0.5106783515674461,0.04904435641138518,0.24000000000000002,0.26000000000000006,1.4,gaussian,True,2.8647889756541165,5;15;25;35;45;55,results/paper5_structure2_alpha52_offset30_h7/structure2_br_bt.csv
0.10982132298302956,1.03264627237774,0.48820439548998146,0.07926502443818816,0.5106783515674461,0.04904435641138518,0.36,0.26000000000000006,1.4,gaussian,True,2.8647889756541165,5;15;25;35;45;55,results/paper5_structure2_alpha52_offset30_h7/structure2_br_bt.csv
0.13275694508841807,1.0098091880839137,0.48360833765265987,0.0664981276860647,0.5106783515674461,0.04904435641138518,0.12,0.18000000000000005,1.9999999999999998,gaussian,True,2.8647889756541165,5;15;25;35;45;55,results/paper5_structure2_alpha52_offset30_h7/structure2_br_bt.csv
0.12190324478404213,1.0241909865867889,0.4854235154153426,0.058787094030252285,0.5106783515674461,0.04904435641138518,0.32,0.14000000000000004,2.8000000000000003,gaussian,True,2.8647889756541165,5;15;25;35;45;55,results/paper5_structure2_alpha52_offset30_h7/structure2_br_bt.csv
0.1143073540915658,1.032260548221047,0.48456905911970205,0.07919450774284563,0.5106783515674461,0.04904435641138518,0.2,0.26000000000000006,1.4,gaussian,True,2.8647889756541165,5;15;25;35;45;55,results/paper5_structure2_alpha52_offset30_h7/structure2_br_bt.csv
0.12295376433507833,1.0240999148481595,0.4847794860569514,0.0587638168029865,0.5106783515674461,0.04904435641138518,0.28,0.14000000000000004,2.8000000000000003,gaussian,True,2.8647889756541165,5;15;25;35;45;55,results/paper5_structure2_alpha52_offset30_h7/structure2_br_bt.csv
0.1227268121895747,1.0243498369934483,0.48624043961932933,0.058814587862069244,0.5106783515674461,0.04904435641138518,0.36,0.14000000000000004,2.8000000000000003,gaussian,True,2.8647889756541165,5;15;25;35;45;55,results/paper5_structure2_alpha52_offset30_h7/structure2_br_bt.csv
0.1282708151368325,1.0208420622984908,0.48365767054296777,0.027058091134861923,0.5106783515674461,0.04904435641138518,0.12,-0.05999999999999998,0.8,gaussian,True,2.8647889756541165,5;15;25;35;45;55,results/paper5_structure2_alpha52_offset30_h7/structure2_br_bt.csv
0.12548956396990962,1.0240647420759403,0.48428099020683013,0.0587441282858766,0.5106783515674461,0.04904435641138518,0.24000000000000002,0.14000000000000004,2.8000000000000003,gaussian,True,2.8647889756541165,5;15;25;35;45;55,results/paper5_structure2_alpha52_offset30_h7/structure2_br_bt.csv
0.13989536608379088,1.0099686598467352,0.4834111576803329,0.06648856982783675,0.5106783515674461,0.04904435641138518,0.08,0.18000000000000005,1.9999999999999998,gaussian,True,2.8647889756541165,5;15;25;35;45;55,results/paper5_structure2_alpha52_offset30_h7/structure2_br_bt.csv
0.12066016259047399,1.0323282272783059,0.48406788418445007,0.07918316837834719,0.5106783515674461,0.04904435641138518,0.16,0.26000000000000006,1.4,gaussian,True,2.8647889756541165,5;15;25;35;45;55,results/paper5_structure2_alpha52_offset30_h7/structure2_br_bt.csv
0.12915199219184073,1.024075707201251,0.48390526234756137,0.058727505101068424,0.5106783515674461,0.04904435641138518,0.2,0.14000000000000004,2.8000000000000003,gaussian,True,2.8647889756541165,5;15;25;35;45;55,results/paper5_structure2_alpha52_offset30_h7/structure2_br_bt.csv
0.09981921252542134,1.0572016744129626,0.48659391754710885,0.028008489663192988,0.5106783515674461,0.04904435641138518,0.32,-0.05999999999999998,1.0,gaussian,True,2.8647889756541165,5;15;25;35;45;55,results/paper5_structure2_alpha52_offset30_h7/structure2_br_bt.csv
0.13661537787910516,1.0209554505002059,0.48345945800560897,0.027040998149179974,0.5106783515674461,0.04904435641138518,0.08,-0.05999999999999998,0.8,gaussian,True,2.8647889756541165,5;15;25;35;45;55,results/paper5_structure2_alpha52_offset30_h7/structure2_br_bt.csv
0.10029879091289087,1.057389761047921,0.4875846398872858,0.028060189983452215,0.5106783515674461,0.04904435641138518,0.36,-0.05999999999999998,1.0,gaussian,True,2.8647889756541165,5;15;25;35;45;55,results/paper5_structure2_alpha52_offset30_h7/structure2_br_bt.csv
0.14757309660539888,1.0101655677997423,0.4833150001917857,0.0664810343275451,0.5106783515674461,0.04904435641138518,0.04,0.18000000000000005,1.9999999999999998,gaussian,True,2.8647889756541165,5;15;25;35;45;55,results/paper5_structure2_alpha52_offset30_h7/structure2_br_bt.csv
0.13363347612108809,1.0241247560750737,0.4836332867419229,0.05871350883676334,0.5106783515674461,0.04904435641138518,0.16,0.14000000000000004,2.8000000000000003,gaussian,True,2.8647889756541165,5;15;25;35;45;55,results/paper5_structure2_alpha52_offset30_h7/structure2_br_bt.csv
0.10170803764568792,1.0570746357351848,0.4857513168379042,0.02796304406346183,0.5106783515674461,0.04904435641138518,0.28,-0.05999999999999998,1.0,gaussian,True,2.8647889756541165,5;15;25;35;45;55,results/paper5_structure2_alpha52_offset30_h7/structure2_br_bt.csv
0.12827928286380855,1.0324496851417986,0.4837032020455571,0.07917393254081286,0.5106783515674461,0.04904435641138518,0.12,0.26000000000000006,1.4,gaussian,True,2.8647889756541165,5;15;25;35;45;55,results/paper5_structure2_alpha52_offset30_h7/structure2_br_bt.csv
0.10335089721434966,1.0583157903176161,0.4868805298200581,0.08414168290652389,0.5106783515674461,0.04904435641138518,0.32,0.30000000000000004,1.2,gaussian,True,2.8647889756541165,5;15;25;35;45;55,results/paper5_structure2_alpha52_offset30_h7/structure2_br_bt.csv
0.10423603702279945,1.058197559181277,0.4859463195812908,0.08412534325687264,0.5106783515674461,0.04904435641138518,0.28,0.30000000000000004,1.2,gaussian,True,2.8647889756541165,5;15;25;35;45;55,results/paper5_structure2_alpha52_offset30_h7/structure2_br_bt.csv
0.10568661380029776,1.0570046838285638,0.48504821588397706,0.02792349397062911,0.5106783515674461,0.04904435641138518,0.24000000000000002,-0.05999999999999998,1.0,gaussian,True,2.8647889756541165,5;15;25;35;45;55,results/paper5_structure2_alpha52_offset30_h7/structure2_br_bt.csv
0.13868410828445799,1.0242052174109217,0.48344912157463676,0.05870177056090571,0.5106783515674461,0.04904435641138518,0.12,0.14000000000000004,2.8000000000000003,gaussian,True,2.8647889756541165,5;15;25;35;45;55,results/paper5_structure2_alpha52_offset30_h7/structure2_br_bt.csv
0.10510026068577843,1.0585040065980706,0.4879877014929027,0.08416050374159736,0.5106783515674461,0.04904435641138518,0.36,0.30000000000000004,1.2,gaussian,True,2.8647889756541165,5;15;25;35;45;55,results/paper5_structure2_alpha52_offset30_h7/structure2_br_bt.csv
0.10748341324151041,1.0581438021414564,0.4851729086339635,0.08411130359462235,0.5106783515674461,0.04904435641138518,0.24000000000000002,0.30000000000000004,1.2,gaussian,True,2.8647889756541165,5;15;25;35;45;55,results/paper5_structure2_alpha52_offset30_h7/structure2_br_bt.csv
0.1454534642832,1.0211063144143258,0.4833510084313523,0.02702777039757886,0.5106783515674461,0.04904435641138518,0.04,-0.05999999999999998,0.8,gaussian,True,2.8647889756541165,5;15;25;35;45;55,results/paper5_structure2_alpha52_offset30_h7/structure2_br_bt.csv
0.11139699742584513,1.0569881097285432,0.48447642855969897,0.027889499424786583,0.5106783515674461,0.04904435641138518,0.2,-0.05999999999999998,1.0,gaussian,True,2.8647889756541165,5;15;25;35;45;55,results/paper5_structure2_alpha52_offset30_h7/structure2_br_bt.csv
0.14410852912195454,1.0243115460629821,0.48333935619845414,0.05869197847175476,0.5106783515674461,0.04904435641138518,0.08,0.14000000000000004,2.8000000000000003,gaussian,True,2.8647889756541165,5;15;25;35;45;55,results/paper5_structure2_alpha52_offset30_h7/structure2_br_bt.csv
0.1368115178350649,1.0326199118483697,0.4834635466644056,0.07916662519043817,0.5106783515674461,0.04904435641138518,0.08,0.26000000000000006,1.4,gaussian,True,2.8647889756541165,5;15;25;35;45;55,results/paper5_structure2_alpha52_offset30_h7/structure2_br_bt.csv
0.11270757341416777,1.058149437023336,0.48454892185396453,0.08409939661795358,0.5106783515674461,0.04904435641138518,0.2,0.30000000000000004,1.2,gaussian,True,2.8647889756541165,5;15;25;35;45;55,results/paper5_structure2_alpha52_offset30_h7/structure2_br_bt.csv
0.12298980123764734,1.0494319587308545,0.4851430869889482,0.059106921984134905,0.5106783515674461,0.04904435641138518,0.32,0.14000000000000004,3.0000000000000004,gaussian,True,2.8647889756541165,5;15;25;35;45;55,results/paper5_structure2_alpha52_offset30_h7/structure2_br_bt.csv
0.12315496889330839,1.0495704568743767,0.48586971122061845,0.059132618245195466,0.5106783515674461,0.04904435641138518,0.36,0.14000000000000004,3.0000000000000004,gaussian,True,2.8647889756541165,5;15;25;35;45;55,results/paper5_structure2_alpha52_offset30_h7/structure2_br_bt.csv
0.124457548288023,1.0493535513667887,0.48457435745397226,0.05908517047934282,0.5106783515674461,0.04904435641138518,0.28,0.14000000000000004,3.0000000000000004,gaussian,True,2.8647889756541165,5;15;25;35;45;55,results/paper5_structure2_alpha52_offset30_h7/structure2_br_bt.csv
0.1497581266846525,1.0244391184068047,0.483292673079189,0.05868386798769733,0.5106783515674461,0.04904435641138518,0.04,0.14000000000000004,2.8000000000000003,gaussian,True,2.8647889756541165,5;15;25;35;45;55,results/paper5_structure2_alpha52_offset30_h7/structure2_br_bt.csv
0.11847115691140293,1.0570214395268296,0.48402818627942396,0.027860738737536434,0.5106783515674461,0.04904435641138518,0.16,-0.05999999999999998,1.0,gaussian,True,2.8647889756541165,5;15;25;35;45;55,results/paper5_structure2_alpha52_offset30_h7/structure2_br_bt.csv
0.12718610285399112,1.0493241917415597,0.4841373068683004,0.05906675452409428,0.5106783515674461,0.04904435641138518,0.24000000000000002,0.14000000000000004,3.0000000000000004,gaussian,True,2.8647889756541165,5;15;25;35;45;55,results/paper5_structure2_alpha52_offset30_h7/structure2_br_bt.csv
0.1194921090236328,1.0582097745879842,0.4840637236593116,0.08408946774032915,0.5106783515674461,0.04904435641138518,0.16,0.30000000000000004,1.2,gaussian,True,2.8647889756541165,5;15;25;35;45;55,results/paper5_structure2_alpha52_offset30_h7/structure2_br_bt.csv
0.14597601473765698,1.0328343437095453,0.48333836132262437,0.07916108636320356,0.5106783515674461,0.04904435641138518,0.04,0.26000000000000006,1.4,gaussian,True,2.8647889756541165,5;15;25;35;45;55,results/paper5_structure2_alpha52_offset30_h7/structure2_br_bt.csv
0.10196978181880609,1.0770523264853962,0.48688813305831236,0.028777120710754882,0.5106783515674461,0.04904435641138518,0.32,-0.05999999999999998,1.2,gaussian,True,2.8647889756541165,5;15;25;35;45;55,results/paper5_structure2_alpha52_offset30_h7/structure2_br_bt.csv
0.10286872375872518,1.0769162955645935,0.48595404328295383,0.02872751953868413,0.5106783515674461,0.04904435641138518,0.28,-0.05999999999999998,1.2,gaussian,True,2.8647889756541165,5;15;25;35;45;55,results/paper5_structure2_alpha52_offset30_h7/structure2_br_bt.csv
0.1308490709657829,1.0493349038571713,0.4838103579835981,0.05905117075725666,0.5106783515674461,0.04904435641138518,0.2,0.14000000000000004,3.0000000000000004,gaussian,True,2.8647889756541165,5;15;25;35;45;55,results/paper5_structure2_alpha52_offset30_h7/structure2_br_bt.csv
0.10374048120927133,1.0772576905925197,0.48799517904680484,0.02883393997792263,0.5106783515674461,0.04904435641138518,0.36,-0.05999999999999998,1.2,gaussian,True,2.8647889756541165,5;15;25;35;45;55,results/paper5_structure2_alpha52_offset30_h7/structure2_br_bt.csv
0.10615974109426803,1.076844162112084,0.485180747741585,0.028684636216122678,0.5106783515674461,0.04904435641138518,0.24000000000000002,-0.05999999999999998,1.2,gaussian,True,2.8647889756541165,5;15;25;35;45;55,results/paper5_structure2_alpha52_offset30_h7/structure2_br_bt.csv
0.12657754160021534,1.0571014184632712,0.483696120214864,0.027836907554924635,0.5106783515674461,0.04904435641138518,0.12,-0.05999999999999998,1.0,gaussian,True,2.8647889756541165,5;15;25;35;45;55,results/paper5_structure2_alpha52_offset30_h7/structure2_br_bt.csv
0.13517626559951298,1.0493783572628486,0.48357567053625283,0.05903800096095214,0.5106783515674461,0.04904435641138518,0.16,0.14000000000000004,3.0000000000000004,gaussian,True,2.8647889756541165,5;15;25;35;45;55,results/paper5_structure2_alpha52_offset30_h7/structure2_br_bt.csv
0.12745216260706158,1.0583204858638513,0.4837073729931876,0.08408137402093911,0.5106783515674461,0.04904435641138518,0.12,0.30000000000000004,1.2,gaussian,True,2.8647889756541165,5;15;25;35;45;55,results/paper5_structure2_alpha52_offset30_h7/structure2_br_bt.csv
0.11144764142059005,1.076830912991071,0.4845568714768881,0.028648004382183886,0.5106783515674461,0.04904435641138518,0.2,-0.05999999999999998,1.2,gaussian,True,2.8647889756541165,5;15;25;35;45;55,results/paper5_structure2_alpha52_offset30_h7/structure2_br_bt.csv
0.12161095719097853,1.067016708194372,0.4851919802574557,0.032901000606798146,0.5106783515674461,0.04904435641138518,0.32,-0.05999999999999998,3.0000000000000004,gaussian,True,2.8647889756541165,5;15;25;35;45;55,results/paper5_structure2_alpha52_offset30_h7/structure2_br_bt.csv
0.12179053968475664,1.0669976950679947,0.4859193513165765,0.03293504676923673,0.5106783515674461,0.04904435641138518,0.36,-0.05999999999999998,3.0000000000000004,gaussian,True,2.8647889756541165,5;15;25;35;45;55,results/paper5_structure2_alpha52_offset30_h7/structure2_br_bt.csv
0.13995340411242033,1.049448539676129,0.4834184315221018,0.05902689585981217,0.5106783515674461,0.04904435641138518,0.12,0.14000000000000004,3.0000000000000004,gaussian,True,2.8647889756541165,5;15;25;35;45;55,results/paper5_structure2_alpha52_offset30_h7/structure2_br_bt.csv
0.12308360493072841,1.0670839451711391,0.4846225436207714,0.03287317986614061,0.5106783515674461,0.04904435641138518,0.28,-0.05999999999999998,3.0000000000000004,gaussian,True,2.8647889756541165,5;15;25;35;45;55,results/paper5_structure2_alpha52_offset30_h7/structure2_br_bt.csv
0.10559898495119029,1.0864532206487383,0.4860444585246033,0.029463053005281698,0.5106783515674461,0.04904435641138518,0.28,-0.05999999999999998,1.4,gaussian,True,2.8647889756541165,5;15;25;35;45;55,results/paper5_structure2_alpha52_offset30_h7/structure2_br_bt.csv
0.10557080152485003,1.0865877382528832,0.48703412259545154,0.02951483608391022,0.5106783515674461,0.04904435641138518,0.32,-0.05999999999999998,1.4,gaussian,True,2.8647889756541165,5;15;25;35;45;55,results/paper5_structure2_alpha52_offset30_h7/structure2_br_bt.csv
0.13544083812698396,1.0572249961764912,0.4834732439487045,0.027817717963719242,0.5106783515674461,0.04904435641138518,0.08,-0.05999999999999998,1.0,gaussian,True,2.8647889756541165,5;15;25;35;45;55,results/paper5_structure2_alpha52_offset30_h7/structure2_br_bt.csv
0.12583142893098823,1.067189631591843,0.4841848231995976,0.032850583592228075,0.5106783515674461,0.04904435641138518,0.24000000000000002,-0.05999999999999998,3.0000000000000004,gaussian,True,2.8647889756541165,5;15;25;35;45;55,results/paper5_structure2_alpha52_offset30_h7/structure2_br_bt.csv
0.1205240520485961,1.0731736202975013,0.48546930896265594,0.03282715476319215,0.5106783515674461,0.04904435641138518,0.32,-0.05999999999999998,2.8000000000000003,gaussian,True,2.8647889756541165,5;15;25;35;45;55,results/paper5_structure2_alpha52_offset30_h7/structure2_br_bt.csv
0.12136841862983891,1.0731849743689854,0.4862869007672835,0.032865351063818625,0.5106783515674461,0.04904435641138518,0.36,-0.05999999999999998,2.8000000000000003,gaussian,True,2.8647889756541165,5;15;25;35;45;55,results/paper5_structure2_alpha52_offset30_h7/structure2_br_bt.csv
0.14501570677220263,1.0495405008510823,0.48332629300124347,0.05901756234768002,0.5106783515674461,0.04904435641138518,0.08,0.14000000000000004,3.0000000000000004,gaussian,True,2.8647889756541165,5;15;25;35;45;55,results/paper5_structure2_alpha52_offset30_h7/structure2_br_bt.csv
0.1081814654965778,1.0863874974606547,0.48523194924835245,0.029418593381107572,0.5106783515674461,0.04904435641138518,0.24000000000000002,-0.05999999999999998,1.4,gaussian,True,2.8647889756541165,5;15;25;35;45;55,results/paper5_structure2_alpha52_offset30_h7/structure2_br_bt.csv
0.13626470401366722,1.0584775724259812,0.48347058067015863,0.08407498319494934,0.5106783515674461,0.04904435641138518,0.08,0.30000000000000004,1.2,gaussian,True,2.8647889756541165,5;15;25;35;45;55,results/paper5_structure2_alpha52_offset30_h7/structure2_br_bt.csv
0.12157582957805464,1.0732176350287703,0.4848246433410954,0.03279575838261294,0.5106783515674461,0.04904435641138518,0.28,-0.05999999999999998,2.8000000000000003,gaussian,True,2.8647889756541165,5;15;25;35;45;55,results/paper5_structure2_alpha52_offset30_h7/structure2_br_bt.csv
0.10836485935607962,1.0867980371854438,0.48821689328067935,0.02957459051274607,0.5106783515674461,0.04904435641138518,0.36,-0.05999999999999998,1.4,gaussian,True,2.8647889756541165,5;15;25;35;45;55,results/paper5_structure2_alpha52_offset30_h7/structure2_br_bt.csv
0.11830598864963437,1.0768719222151297,0.4840717790756098,0.0286171892322081,0.5106783515674461,0.04904435641138518,0.16,-0.05999999999999998,1.2,gaussian,True,2.8647889756541165,5;15;25;35;45;55,results/paper5_structure2_alpha52_offset30_h7/structure2_br_bt.csv
0.12952315609141227,1.0673258883250367,0.4838572393851704,0.03283238678587108,0.5106783515674461,0.04904435641138518,0.2,-0.05999999999999998,3.0000000000000004,gaussian,True,2.8647889756541165,5;15;25;35;45;55,results/paper5_structure2_alpha52_offset30_h7/structure2_br_bt.csv
0.12413001190895061,1.0733065608544055,0.48432554108573733,0.03277011790637049,0.5106783515674461,0.04904435641138518,0.24000000000000002,-0.05999999999999998,2.8000000000000003,gaussian,True,2.8647889756541165,5;15;25;35;45;55,results/paper5_structure2_alpha52_offset30_h7/structure2_br_bt.csv
0.11941356804734608,1.078524878570398,0.4857698553981005,0.032650288226959784,0.5106783515674461,0.04904435641138518,0.32,-0.05999999999999998,2.6,gaussian,True,2.8647889756541165,5;15;25;35;45;55,results/paper5_structure2_alpha52_offset30_h7/structure2_br_bt.csv
0.12000017126540492,1.0785418479417737,0.4850458626639831,0.03261497944894926,0.5106783515674461,0.04904435641138518,0.28,-0.05999999999999998,2.6,gaussian,True,2.8647889756541165,5;15;25;35;45;55,results/paper5_structure2_alpha52_offset30_h7/structure2_br_bt.csv
0.10874507335239418,1.0901534916503826,0.4860257203259572,0.030166951848877688,0.5106783515674461,0.04904435641138518,0.28,-0.05999999999999998,1.5999999999999999,gaussian,True,2.8647889756541165,5;15;25;35;45;55,results/paper5_structure2_alpha52_offset30_h7/structure2_br_bt.csv
0.11291297162761965,1.0863842246174686,0.4845819058204786,0.029380862442885656,0.5106783515674461,0.04904435641138518,0.2,-0.05999999999999998,1.4,gaussian,True,2.8647889756541165,5;15;25;35;45;55,results/paper5_structure2_alpha52_offset30_h7/structure2_br_bt.csv
0.12096540991900005,1.0785704396160662,0.4866811026603116,0.03269296452072501,0.5106783515674461,0.04904435641138518,0.36,-0.05999999999999998,2.6,gaussian,True,2.8647889756541165,5;15;25;35;45;55,results/paper5_structure2_alpha52_offset30_h7/structure2_br_bt.csv
0.1092732647786785,1.0902765931043035,0.4870332524134904,0.03021891048654485,0.5106783515674461,0.04904435641138518,0.32,-0.05999999999999998,1.5999999999999999,gaussian,True,2.8647889756541165,5;15;25;35;45;55,results/paper5_structure2_alpha52_offset30_h7/structure2_br_bt.csv
0.15023925314716127,1.0496501508221465,0.4832889241524826,0.05900975334570059,0.5106783515674461,0.04904435641138518,0.04,0.14000000000000004,3.0000000000000004,gaussian,True,2.8647889756541165,5;15;25;35;45;55,results/paper5_structure2_alpha52_offset30_h7/structure2_br_bt.csv
0.11080788739751005,1.0901016443848268,0.4852056708693166,0.030122665577029053,0.5106783515674461,0.04904435641138518,0.24000000000000002,-0.05999999999999998,1.5999999999999999,gaussian,True,2.8647889756541165,5;15;25;35;45;55,results/paper5_structure2_alpha52_offset30_h7/structure2_br_bt.csv
0.12232722962022508,1.0786103858332834,0.48448110303088165,0.032585966518414416,0.5106783515674461,0.04904435641138518,0.24000000000000002,-0.05999999999999998,2.6,gaussian,True,2.8647889756541165,5;15;25;35;45;55,results/paper5_structure2_alpha52_offset30_h7/structure2_br_bt.csv
0.11819872482350935,1.0829732057510877,0.4860840931346403,0.032361294281791075,0.5106783515674461,0.04904435641138518,0.32,-0.05999999999999998,2.4,gaussian,True,2.8647889756541165,5;15;25;35;45;55,results/paper5_structure2_alpha52_offset30_h7/structure2_br_bt.csv
0.12782250412040996,1.073431857397371,0.48394923518014427,0.03274936401559238,0.5106783515674461,0.04904435641138518,0.2,-0.05999999999999998,2.8000000000000003,gaussian,True,2.8647889756541165,5;15;25;35;45;55,results/paper5_structure2_alpha52_offset30_h7/structure2_br_bt.csv
0.11830983921879659,1.0829600509955264,0.4852799218837462,0.03232184849533122,0.5106783515674461,0.04904435641138518,0.28,-0.05999999999999998,2.4,gaussian,True,2.8647889756541165,5;15;25;35;45;55,results/paper5_structure2_alpha52_offset30_h7/structure2_br_bt.csv
0.13388455201783997,1.0674863377200783,0.4836219496714693,0.03281790601933293,0.5106783515674461,0.04904435641138518,0.16,-0.05999999999999998,3.0000000000000004,gaussian,True,2.8647889756541165,5;15;25;35;45;55,results/paper5_structure2_alpha52_offset30_h7/structure2_br_bt.csv
0.11170038889373723,1.0903570316442641,0.48591400267406126,0.03081574383031621,0.5106783515674461,0.04904435641138518,0.28,-0.05999999999999998,1.7999999999999998,gaussian,True,2.8647889756541165,5;15;25;35;45;55,results/paper5_structure2_alpha52_offset30_h7/structure2_br_bt.csv
0.14484334934839566,1.0573893130230787,0.4833529365752577,0.027802897639342083,0.5106783515674461,0.04904435641138518,0.04,-0.05999999999999998,1.0,gaussian,True,2.8647889756541165,5;15;25;35;45;55,results/paper5_structure2_alpha52_offset30_h7/structure2_br_bt.csv
0.11642903099188907,1.0864307072601846,0.4855154323154857,0.031915627526853285,0.5106783515674461,0.04904435641138518,0.28,-0.05999999999999998,2.1999999999999997,gaussian,True,2.8647889756541165,5;15;25;35;45;55,results/paper5_structure2_alpha52_offset30_h7/structure2_br_bt.csv
0.11243094051593122,1.09045985231755,0.4869044175682922,0.030866099966463778,0.5106783515674461,0.04904435641138518,0.32,-0.05999999999999998,1.7999999999999998,gaussian,True,2.8647889756541165,5;15;25;35;45;55,results/paper5_structure2_alpha52_offset30_h7/structure2_br_bt.csv
0.11266600327560809,1.0904794156790616,0.48824793538154615,0.030279330311590528,0.5106783515674461,0.04904435641138518,0.36,-0.05999999999999998,1.5999999999999999,gaussian,True,2.8647889756541165,5;15;25;35;45;55,results/paper5_structure2_alpha52_offset30_h7/structure2_br_bt.csv
0.11425746953579588,1.0889364553600671,0.48573474178584225,0.03140663998545738,0.5106783515674461,0.04904435641138518,0.28,-0.05999999999999998,1.9999999999999998,gaussian,True,2.8647889756541165,5;15;25;35;45;55,results/paper5_structure2_alpha52_offset30_h7/structure2_br_bt.csv
0.11674922441629058,1.0864755538966449,0.4863956092989025,0.03195921716759943,0.5106783515674461,0.04904435641138518,0.32,-0.05999999999999998,2.1999999999999997,gaussian,True,2.8647889756541165,5;15;25;35;45;55,results/paper5_structure2_alpha52_offset30_h7/structure2_br_bt.csv
0.12634219458321455,1.0769629187459198,0.48371552965038733,0.028591785349516112,0.5106783515674461,0.04904435641138518,0.12,-0.05999999999999998,1.2,gaussian,True,2.8647889756541165,5;15;25;35;45;55,results/paper5_structure2_alpha52_offset30_h7/structure2_br_bt.csv
0.12039924044255507,1.0830049633626502,0.48464761883486185,0.03228921772430295,0.5106783515674461,0.04904435641138518,0.24000000000000002,-0.05999999999999998,2.4,gaussian,True,2.8647889756541165,5;15;25;35;45;55,results/paper5_structure2_alpha52_offset30_h7/structure2_br_bt.csv
0.12045376459615385,1.0830556336912627,0.48708815784776216,0.03240863265546523,0.5106783515674461,0.04904435641138518,0.36,-0.05999999999999998,2.4,gaussian,True,2.8647889756541165,5;15;25;35;45;55,results/paper5_structure2_alpha52_offset30_h7/structure2_br_bt.csv
0.11349820608009285,1.090325299681118,0.4851149665371438,0.030773146150299534,0.5106783515674461,0.04904435641138518,0.24000000000000002,-0.05999999999999998,1.7999999999999998,gaussian,True,2.8647889756541165,5;15;25;35;45;55,results/paper5_structure2_alpha52_offset30_h7/structure2_br_bt.csv
0.11488879083324066,1.0890121938481303,0.4866798144708698,0.031454027579729614,0.5106783515674461,0.04904435641138518,0.32,-0.05999999999999998,1.9999999999999998,gaussian,True,2.8647889756541165,5;15;25;35;45;55,results/paper5_structure2_alpha52_offset30_h7/structure2_br_bt.csv
0.14567400315262846,1.0586773393359428,0.48334466899553435,0.08407017279330112,0.5106783515674461,0.04904435641138518,0.04,0.30000000000000004,1.2,gaussian,True,2.8647889756541165,5;15;25;35;45;55,results/paper5_structure2_alpha52_offset30_h7/structure2_br_bt.csv
0.12600347720536076,1.0787214175210227,0.48405198232247937,0.032562346983357526,0.5106783515674461,0.04904435641138518,0.2,-0.05999999999999998,2.6,gaussian,True,2.8647889756541165,5;15;25;35;45;55,results/paper5_structure2_alpha52_offset30_h7/structure2_br_bt.csv
0.11830994938561132,1.0864497675323288,0.4848175926147616,0.031879308387037515,0.5106783515674461,0.04904435641138518,0.24000000000000002,-0.05999999999999998,2.1999999999999997,gaussian,True,2.8647889756541165,5;15;25;35;45;55,results/paper5_structure2_alpha52_offset30_h7/structure2_br_bt.csv
0.11601726276600027,1.0889291826828345,0.4849789675680002,0.03136685846053828,0.5106783515674461,0.04904435641138518,0.24000000000000002,-0.05999999999999998,1.9999999999999998,gaussian,True,2.8647889756541165,5;15;25;35;45;55,results/paper5_structure2_alpha52_offset30_h7/structure2_br_bt.csv
0.11505289771863207,1.0901134848923746,0.4845552792981375,0.030085338758651728,0.5106783515674461,0.04904435641138518,0.2,-0.05999999999999998,1.5999999999999999,gaussian,True,2.8647889756541165,5;15;25;35;45;55,results/paper5_structure2_alpha52_offset30_h7/structure2_br_bt.csv
0.11934094499457279,1.0864376367891584,0.4840808030031616,0.029349313974404583,0.5106783515674461,0.04904435641138518,0.16,-0.05999999999999998,1.4,gaussian,True,2.8647889756541165,5;15;25;35;45;55,results/paper5_structure2_alpha52_offset30_h7/structure2_br_bt.csv
0.13234094314532815,1.0735865232954376,0.48367670840044513,0.03273276962685169,0.5106783515674461,0.04904435641138518,0.16,-0.05999999999999998,2.8000000000000003,gaussian,True,2.8647889756541165,5;15;25;35;45;55,results/paper5_structure2_alpha52_offset30_h7/structure2_br_bt.csv
0.11963461671640681,1.086595418716408,0.4874853478422772,0.03201113261062052,0.5106783515674461,0.04904435641138518,0.36,-0.05999999999999998,2.1999999999999997,gaussian,True,2.8647889756541165,5;15;25;35;45;55,results/paper5_structure2_alpha52_offset30_h7/structure2_br_bt.csv
0.1386983427118419,1.0676657988084373,0.48346413893967843,0.03280657246535364,0.5106783515674461,0.04904435641138518,0.12,-0.05999999999999998,3.0000000000000004,gaussian,True,2.8647889756541165,5;15;25;35;45;55,results/paper5_structure2_alpha52_offset30_h7/structure2_br_bt.csv
0.11598723089983061,1.090643481591048,0.48810916844631996,0.030925124180730096,0.5106783515674461,0.04904435641138518,0.36,-0.05999999999999998,1.7999999999999998,gaussian,True,2.8647889756541165,5;15;25;35;45;55,results/paper5_structure2_alpha52_offset30_h7/structure2_br_bt.csv
0.12405681088237101,1.0830985329209175,0.4841632781162933,0.032262483275919115,0.5106783515674461,0.04904435641138518,0.2,-0.05999999999999998,2.4,gaussian,True,2.8647889756541165,5;15;25;35;45;55,results/paper5_structure2_alpha52_offset30_h7/structure2_br_bt.csv
0.11824234617335165,1.0891670179433453,0.48783971449074615,0.03151002106478296,0.5106783515674461,0.04904435641138518,0.36,-0.05999999999999998,1.9999999999999998,gaussian,True,2.8647889756541165,5;15;25;35;45;55,results/paper5_structure2_alpha52_offset30_h7/structure2_br_bt.csv
0.11741027022391529,1.090356108500859,0.4844868333899983,0.030737497499600742,0.5106783515674461,0.04904435641138518,0.2,-0.05999999999999998,1.7999999999999998,gaussian,True,2.8647889756541165,5;15;25;35;45;55,results/paper5_structure2_alpha52_offset30_h7/structure2_br_bt.csv
0.12197280583319195,1.0865232644574134,0.48427853950752175,0.03184934791118375,0.5106783515674461,0.04904435641138518,0.2,-0.05999999999999998,2.1999999999999997,gaussian,True,2.8647889756541165,5;15;25;35;45;55,results/paper5_structure2_alpha52_offset30_h7/structure2_br_bt.csv
0.11974888871580415,1.088981183486836,0.48439007533006617,0.03133380662967458,0.5106783515674461,0.04904435641138518,0.2,-0.05999999999999998,1.9999999999999998,gaussian,True,2.8647889756541165,5;15;25;35;45;55,results/paper5_structure2_alpha52_offset30_h7/structure2_br_bt.csv
0.1306789939302096,1.078867404521258,0.4837385694729432,0.03254335798482074,0.5106783515674461,0.04904435641138518,0.16,-0.05999999999999998,2.6,gaussian,True,2.8647889756541165,5;15;25;35;45;55,results/paper5_structure2_alpha52_offset30_h7/structure2_br_bt.csv
0.13743176644501828,1.0737647992596955,0.48349201747913345,0.03271972408264878,0.5106783515674461,0.04904435641138518,0.12,-0.05999999999999998,2.8000000000000003,gaussian,True,2.8647889756541165,5;15;25;35;45;55,results/paper5_structure2_alpha52_offset30_h7/structure2_br_bt.csv
0.12102216822883692,1.0901822432123593,0.48405838659730593,0.030054326557977545,0.5106783515674461,0.04904435641138518,0.16,-0.05999999999999998,1.5999999999999999,gaussian,True,2.8647889756541165,5;15;25;35;45;55,results/paper5_structure2_alpha52_offset30_h7/structure2_br_bt.csv
0.14379772051358672,1.0678600496882387,0.48337145726641595,0.03279791059507636,0.5106783515674461,0.04904435641138518,0.08,-0.05999999999999998,3.0000000000000004,gaussian,True,2.8647889756541165,5;15;25;35;45;55,results/paper5_structure2_alpha52_offset30_h7/structure2_br_bt.csv
0.1288979558059672,1.0832328339846606,0.4838064548930364,0.03224085942777804,0.5106783515674461,0.04904435641138518,0.16,-0.05999999999999998,2.4,gaussian,True,2.8647889756541165,5;15;25;35;45;55,results/paper5_structure2_alpha52_offset30_h7/structure2_br_bt.csv
0.1352283633416682,1.077099957201692,0.48347883418490545,0.028571414686427477,0.5106783515674461,0.04904435641138518,0.08,-0.05999999999999998,1.2,gaussian,True,2.8647889756541165,5;15;25;35;45;55,results/paper5_structure2_alpha52_offset30_h7/structure2_br_bt.csv
0.12298508928295973,1.0904419284636586,0.48401132651675177,0.030708076655758434,0.5106783515674461,0.04904435641138518,0.16,-0.05999999999999998,1.7999999999999998,gaussian,True,2.8647889756541165,5;15;25;35;45;55,results/paper5_structure2_alpha52_offset30_h7/structure2_br_bt.csv
0.1270400421107939,1.0865424902686125,0.483716187637717,0.029323446148863536,0.5106783515674461,0.04904435641138518,0.12,-0.05999999999999998,1.4,gaussian,True,2.8647889756541165,5;15;25;35;45;55,results/paper5_structure2_alpha52_offset30_h7/structure2_br_bt.csv
0.1270035317075168,1.086643105657955,0.4838778606179526,0.0318249562349222,0.5106783515674461,0.04904435641138518,0.16,-0.05999999999999998,2.1999999999999997,gaussian,True,2.8647889756541165,5;15;25;35;45;55,results/paper5_structure2_alpha52_offset30_h7/structure2_br_bt.csv
0.1250157190815484,1.0890844843072804,0.4839483553573596,0.0313067148619459,0.5106783515674461,0.04904435641138518,0.16,-0.05999999999999998,1.9999999999999998,gaussian,True,2.8647889756541165,5;15;25;35;45;55,results/paper5_structure2_alpha52_offset30_h7/structure2_br_bt.csv
0.13606184820845138,1.0790420649388028,0.4835239761120437,0.032528352347402846,0.5106783515674461,0.04904435641138518,0.12,-0.05999999999999998,2.6,gaussian,True,2.8647889756541165,5;15;25;35;45;55,results/paper5_structure2_alpha52_offset30_h7/structure2_br_bt.csv
0.14289709808888243,1.073961933496393,0.4833817503659288,0.032709712506380245,0.5106783515674461,0.04904435641138518,0.08,-0.05999999999999998,2.8000000000000003,gaussian,True,2.8647889756541165,5;15;25;35;45;55,results/paper5_structure2_alpha52_offset30_h7/structure2_br_bt.csv
0.11803568363160773,1.0990175413002576,0.4854802879483508,0.06889052388005545,0.5106783515674461,0.04904435641138518,0.28,0.18000000000000005,2.1999999999999997,gaussian,True,2.8647889756541165,5;15;25;35;45;55,results/paper5_structure2_alpha52_offset30_h7/structure2_br_bt.csv
0.1490574895491066,1.0680656410385878,0.4833335719773369,0.032791521243883404,0.5106783515674461,0.04904435641138518,0.04,-0.05999999999999998,3.0000000000000004,gaussian,True,2.8647889756541165,5;15;25;35;45;55,results/paper5_structure2_alpha52_offset30_h7/structure2_br_bt.csv
0.1183448756026319,1.0991395665713124,0.4863601062197005,0.06891370948609775,0.5106783515674461,0.04904435641138518,0.32,0.18000000000000005,2.1999999999999997,gaussian,True,2.8647889756541165,5;15;25;35;45;55,results/paper5_structure2_alpha52_offset30_h7/structure2_br_bt.csv
0.1345920057169502,1.083401172482756,0.48355962119542667,0.03222367216671121,0.5106783515674461,0.04904435641138518,0.12,-0.05999999999999998,2.4,gaussian,True,2.8647889756541165,5;15;25;35;45;55,results/paper5_structure2_alpha52_offset30_h7/structure2_br_bt.csv
0.12828256203504373,1.0903018549455408,0.48370033920276245,0.03002904524779033,0.5106783515674461,0.04904435641138518,0.12,-0.05999999999999998,1.5999999999999999,gaussian,True,2.8647889756541165,5;15;25;35;45;55,results/paper5_structure2_alpha52_offset30_h7/structure2_br_bt.csv
0.11989762429083045,1.0989627454661806,0.4847827991982582,0.06887087906703603,0.5106783515674461,0.04904435641138518,0.24000000000000002,0.18000000000000005,2.1999999999999997,gaussian,True,2.8647889756541165,5;15;25;35;45;55,results/paper5_structure2_alpha52_offset30_h7/structure2_br_bt.csv
0.13303472856143211,1.0868023597183312,0.4835978307025952,0.03180544750646967,0.5106783515674461,0.04904435641138518,0.12,-0.05999999999999998,2.1999999999999997,gaussian,True,2.8647889756541165,5;15;25;35;45;55,results/paper5_structure2_alpha52_offset30_h7/structure2_br_bt.csv
0.12980015136262024,1.0905761166326897,0.48367211958533984,0.030684240164786977,0.5106783515674461,0.04904435641138518,0.12,-0.05999999999999998,1.7999999999999998,gaussian,True,2.8647889756541165,5;15;25;35;45;55,results/paper5_structure2_alpha52_offset30_h7/structure2_br_bt.csv
0.12118541652858217,1.0993401346290368,0.48744947886347634,0.06894094935234248,0.5106783515674461,0.04904435641138518,0.36,0.18000000000000005,2.1999999999999997,gaussian,True,2.8647889756541165,5;15;25;35;45;55,results/paper5_structure2_alpha52_offset30_h7/structure2_br_bt.csv
0.13141858441176668,1.0892321553613573,0.4836364555151571,0.03128490603641713,0.5106783515674461,0.04904435641138518,0.12,-0.05999999999999998,1.9999999999999998,gaussian,True,2.8647889756541165,5;15;25;35;45;55,results/paper5_structure2_alpha52_offset30_h7/structure2_br_bt.csv
0.141920175213055,1.0792401493487256,0.48339385066636364,0.032516779181684524,0.5106783515674461,0.04904435641138518,0.08,-0.05999999999999998,2.6,gaussian,True,2.8647889756541165,5;15;25;35;45;55,results/paper5_structure2_alpha52_offset30_h7/structure2_br_bt.csv
0.14470622420207319,1.0772793911923102,0.4833530151523372,0.028555724684384373,0.5106783515674461,0.04904435641138518,0.04,-0.05999999999999998,1.2,gaussian,True,2.8647889756541165,5;15;25;35;45;55,results/paper5_structure2_alpha52_offset30_h7/structure2_br_bt.csv
0.1356510022104085,1.086694012009305,0.48347659401021476,0.029302797739485933,0.5106783515674461,0.04904435641138518,0.08,-0.05999999999999998,1.4,gaussian,True,2.8647889756541165,5;15;25;35;45;55,results/paper5_structure2_alpha52_offset30_h7/structure2_br_bt.csv
0.12351914158124007,1.0989655190541927,0.48424408886899634,0.06885433287235988,0.5106783515674461,0.04904435641138518,0.2,0.18000000000000005,2.1999999999999997,gaussian,True,2.8647889756541165,5;15;25;35;45;55,results/paper5_structure2_alpha52_offset30_h7/structure2_br_bt.csv
0.14858673586941046,1.074173995270706,0.4833345881822291,0.03270229919370433,0.5106783515674461,0.04904435641138518,0.04,-0.05999999999999998,2.8000000000000003,gaussian,True,2.8647889756541165,5;15;25;35;45;55,results/paper5_structure2_alpha52_offset30_h7/structure2_br_bt.csv
0.14087142659743293,1.0835978803218094,0.4834077146132459,0.03221034166709367,0.5106783515674461,0.04904435641138518,0.08,-0.05999999999999998,2.4,gaussian,True,2.8647889756541165,5;15;25;35;45;55,results/paper5_structure2_alpha52_offset30_h7/structure2_br_bt.csv
0.13976364481739278,1.0869950766425613,0.4834230304294738,0.031790224827701774,0.5106783515674461,0.04904435641138518,0.08,-0.05999999999999998,2.1999999999999997,gaussian,True,2.8647889756541165,5;15;25;35;45;55,results/paper5_structure2_alpha52_offset30_h7/structure2_br_bt.csv
0.1364660585655941,1.0904668817153509,0.48346784447822694,0.03000896600463052,0.5106783515674461,0.04904435641138518,0.08,-0.05999999999999998,1.5999999999999999,gaussian,True,2.8647889756541165,5;15;25;35;45;55,results/paper5_structure2_alpha52_offset30_h7/structure2_br_bt.csv
0.12849457750037277,1.099017591776258,0.4838437443078413,0.06884050333696005,0.5106783515674461,0.04904435641138518,0.16,0.18000000000000005,2.1999999999999997,gaussian,True,2.8647889756541165,5;15;25;35;45;55,results/paper5_structure2_alpha52_offset30_h7/structure2_br_bt.csv
0.148075965752905,1.0794572602198325,0.48333596412664126,0.03250816806970274,0.5106783515674461,0.04904435641138518,0.04,-0.05999999999999998,2.6,gaussian,True,2.8647889756541165,5;15;25;35;45;55,results/paper5_structure2_alpha52_offset30_h7/structure2_br_bt.csv
0.13862317417509218,1.089418162946197,0.4834390801601639,0.031267783380600135,0.5106783515674461,0.04904435641138518,0.08,-0.05999999999999998,1.9999999999999998,gaussian,True,2.8647889756541165,5;15;25;35;45;55,results/paper5_structure2_alpha52_offset30_h7/structure2_br_bt.csv
0.13749760560355268,1.0907528038183505,0.4834546175210004,0.030665413243507512,0.5106783515674461,0.04904435641138518,0.08,-0.05999999999999998,1.7999999999999998,gaussian,True,2.8647889756541165,5;15;25;35;45;55,results/paper5_structure2_alpha52_offset30_h7/structure2_br_bt.csv
0.14752853093548207,1.0838181472260493,0.48333776278890256,0.03220036779200258,0.5106783515674461,0.04904435641138518,0.04,-0.05999999999999998,2.4,gaussian,True,2.8647889756541165,5;15;25;35;45;55,results/paper5_structure2_alpha52_offset30_h7/structure2_br_bt.csv
0.14488960897728873,1.0868878540981914,0.48335146571197724,0.029286944668840586,0.5106783515674461,0.04904435641138518,0.04,-0.05999999999999998,1.4,gaussian,True,2.8647889756541165,5;15;25;35;45;55,results/paper5_structure2_alpha52_offset30_h7/structure2_br_bt.csv
0.13446367363580106,1.099111865603411,0.4835640401046347,0.06882905955323068,0.5106783515674461,0.04904435641138518,0.12,0.18000000000000005,2.1999999999999997,gaussian,True,2.8647889756541165,5;15;25;35;45;55,results/paper5_structure2_alpha52_offset30_h7/structure2_br_bt.csv
0.11338445970296981,1.1203870535923564,0.4858902303824806,0.07616726097259206,0.5106783515674461,0.04904435641138518,0.28,0.22000000000000006,1.7999999999999998,gaussian,True,2.8647889756541165,5;15;25;35;45;55,results/paper5_structure2_alpha52_offset30_h7/structure2_br_bt.csv
0.14695284094525426,1.087216138668433,0.48334002350731364,0.031778767586902276,0.5106783515674461,0.04904435641138518,0.04,-0.05999999999999998,2.1999999999999997,gaussian,True,2.8647889756541165,5;15;25;35;45;55,results/paper5_structure2_alpha52_offset30_h7/structure2_br_bt.csv
0.11410202521022084,1.1205114567354997,0.486880558907391,0.07618850894556195,0.5106783515674461,0.04904435641138518,0.32,0.22000000000000006,1.7999999999999998,gaussian,True,2.8647889756541165,5;15;25;35;45;55,results/paper5_structure2_alpha52_offset30_h7/structure2_br_bt.csv
0.1151580790787662,1.1203328700664867,0.48509128453795824,0.07614921214496764,0.5106783515674461,0.04904435641138518,0.24000000000000002,0.22000000000000006,1.7999999999999998,gaussian,True,2.8647889756541165,5;15;25;35;45;55,results/paper5_structure2_alpha52_offset30_h7/structure2_br_bt.csv
0.1452802956304084,1.0906724414387612,0.4833488403875595,0.029993609378451414,0.5106783515674461,0.04904435641138518,0.04,-0.05999999999999998,1.5999999999999999,gaussian,True,2.8647889756541165,5;15;25;35;45;55,results/paper5_structure2_alpha52_offset30_h7/structure2_br_bt.csv
0.1463651445525489,1.0896372446827844,0.4833427301356964,0.03125482005496514,0.5106783515674461,0.04904435641138518,0.04,-0.05999999999999998,1.9999999999999998,gaussian,True,2.8647889756541165,5;15;25;35;45;55,results/paper5_structure2_alpha52_offset30_h7/structure2_br_bt.csv
0.14579316889335858,1.0909667973757398,0.48334576326774986,0.030651081835601123,0.5106783515674461,0.04904435641138518,0.04,-0.05999999999999998,1.7999999999999998,gaussian,True,2.8647889756541165,5;15;25;35;45;55,results/paper5_structure2_alpha52_offset30_h7/structure2_br_bt.csv
0.11760555897344982,1.1207156058610632,0.4880852281502348,0.0762133403752161,0.5106783515674461,0.04904435641138518,0.36,0.22000000000000006,1.7999999999999998,gaussian,True,2.8647889756541165,5;15;25;35;45;55,results/paper5_structure2_alpha52_offset30_h7/structure2_br_bt.csv
0.11901753393811394,1.1203405259671164,0.4844632448843345,0.07613402261545743,0.5106783515674461,0.04904435641138518,0.2,0.22000000000000006,1.7999999999999998,gaussian,True,2.8647889756541165,5;15;25;35;45;55,results/paper5_structure2_alpha52_offset30_h7/structure2_br_bt.csv
0.14112879737989686,1.099242234625438,0.4833895568505528,0.06881971405051164,0.5106783515674461,0.04904435641138518,0.08,0.18000000000000005,2.1999999999999997,gaussian,True,2.8647889756541165,5;15;25;35;45;55,results/paper5_structure2_alpha52_offset30_h7/structure2_br_bt.csv
0.1245221930286787,1.1204026370535642,0.48398783406525386,0.07612139126349224,0.5106783515674461,0.04904435641138518,0.16,0.22000000000000006,1.7999999999999998,gaussian,True,2.8647889756541165,5;15;25;35;45;55,results/paper5_structure2_alpha52_offset30_h7/structure2_br_bt.csv
0.14825573373843692,1.0994034352470734,0.48330685825019604,0.06881221644209708,0.5106783515674461,0.04904435641138518,0.04,0.18000000000000005,2.1999999999999997,gaussian,True,2.8647889756541165,5;15;25;35;45;55,results/paper5_structure2_alpha52_offset30_h7/structure2_br_bt.csv
0.13125908900039096,1.1205126864176707,0.48364872518225416,0.07611105078048637,0.5106783515674461,0.04904435641138518,0.12,0.22000000000000006,1.7999999999999998,gaussian,True,2.8647889756541165,5;15;25;35;45;55,results/paper5_structure2_alpha52_offset30_h7/structure2_br_bt.csv
0.13887717151330267,1.1206649140820015,0.4834313226612475,0.0761027634480666,0.5106783515674461,0.04904435641138518,0.08,0.22000000000000006,1.7999999999999998,gaussian,True,2.8647889756541165,5;15;25;35;45;55,results/paper5_structure2_alpha52_offset30_h7/structure2_br_bt.csv
0.14709628697542626,1.1208542219988826,0.48332256900741044,0.07609631750168426,0.5106783515674461,0.04904435641138518,0.04,0.22000000000000006,1.7999999999999998,gaussian,True,2.8647889756541165,5;15;25;35;45;55,results/paper5_structure2_alpha52_offset30_h7/structure2_br_bt.csv
0.10042587198942242,1.1866050354840993,0.487004179548783,0.03238909003171539,0.5106783515674461,0.04904435641138518,0.36,-0.09999999999999998,0.8,gaussian,True,2.8647889756541165,5;15;25;35;45;55,results/paper5_structure2_alpha52_offset30_h7/structure2_br_bt.csv
0.10113893968118422,1.1864665564129495,0.48616438110747134,0.03235141514649059,0.5106783515674461,0.04904435641138518,0.32,-0.09999999999999998,0.8,gaussian,True,2.8647889756541165,5;15;25;35;45;55,results/paper5_structure2_alpha52_offset30_h7/structure2_br_bt.csv
0.10376133040126992,1.1863725211367688,0.48544475418663385,0.03231808250719693,0.5106783515674461,0.04904435641138518,0.28,-0.09999999999999998,0.8,gaussian,True,2.8647889756541165,5;15;25;35;45;55,results/paper5_structure2_alpha52_offset30_h7/structure2_br_bt.csv
0.11985330718671577,1.1713994380384953,0.48604253539365877,0.070771649635651,0.5106783515674461,0.04904435641138518,0.32,0.18000000000000005,2.4,gaussian,True,2.8647889756541165,5;15;25;35;45;55,results/paper5_structure2_alpha52_offset30_h7/structure2_br_bt.csv
0.11997193840077096,1.1712867879987932,0.48523887874257693,0.07074961956240985,0.5106783515674461,0.04904435641138518,0.28,0.18000000000000005,2.4,gaussian,True,2.8647889756541165,5;15;25;35;45;55,results/paper5_structure2_alpha52_offset30_h7/structure2_br_bt.csv
0.1220412770778249,1.1712335129191531,0.4846070732808138,0.07073094222249551,0.5106783515674461,0.04904435641138518,0.24000000000000002,0.18000000000000005,2.4,gaussian,True,2.8647889756541165,5;15;25;35;45;55,results/paper5_structure2_alpha52_offset30_h7/structure2_br_bt.csv
0.12206834329447822,1.1715823356194575,0.4870460684875601,0.0707975550062527,0.5106783515674461,0.04904435641138518,0.36,0.18000000000000005,2.4,gaussian,True,2.8647889756541165,5;15;25;35;45;55,results/paper5_structure2_alpha52_offset30_h7/structure2_br_bt.csv
0.10805671210841011,1.186320632284258,0.48483973567669,0.03228888924465328,0.5106783515674461,0.04904435641138518,0.24000000000000002,-0.09999999999999998,0.8,gaussian,True,2.8647889756541165,5;15;25;35;45;55,results/paper5_structure2_alpha52_offset30_h7/structure2_br_bt.csv
0.12565876003769824,1.1712304553547712,0.48412321329888447,0.07071517295839681,0.5106783515674461,0.04904435641138518,0.2,0.18000000000000005,2.4,gaussian,True,2.8647889756541165,5;15;25;35;45;55,results/paper5_structure2_alpha52_offset30_h7/structure2_br_bt.csv
0.11374810849983186,1.1863087084152355,0.48434396659874024,0.03226364124805444,0.5106783515674461,0.04904435641138518,0.2,-0.09999999999999998,0.8,gaussian,True,2.8647889756541165,5;15;25;35;45;55,results/paper5_structure2_alpha52_offset30_h7/structure2_br_bt.csv
0.1304474849896606,1.1712698774770784,0.4837668542420031,0.07070193199294487,0.5106783515674461,0.04904435641138518,0.16,0.18000000000000005,2.4,gaussian,True,2.8647889756541165,5;15;25;35;45;55,results/paper5_structure2_alpha52_offset30_h7/structure2_br_bt.csv
0.12055966352687823,1.1863346777826123,0.48395228755825526,0.032242152807749745,0.5106783515674461,0.04904435641138518,0.16,-0.09999999999999998,0.8,gaussian,True,2.8647889756541165,5;15;25;35;45;55,results/paper5_structure2_alpha52_offset30_h7/structure2_br_bt.csv
0.13608308999912094,1.171345221473817,0.48352046850855623,0.07069089382493034,0.5106783515674461,0.04904435641138518,0.12,0.18000000000000005,2.4,gaussian,True,2.8647889756541165,5;15;25;35;45;55,results/paper5_structure2_alpha52_offset30_h7/structure2_br_bt.csv
0.11050651529285895,1.201421360498956,0.4860081923626113,0.08420371593350978,0.5106783515674461,0.04904435641138518,0.28,0.26000000000000006,1.5999999999999999,gaussian,True,2.8647889756541165,5;15;25;35;45;55,results/paper5_structure2_alpha52_offset30_h7/structure2_br_bt.csv
0.11102609238916175,1.2015354150222501,0.4870157467494098,0.08422242542183912,0.5106783515674461,0.04904435641138518,0.32,0.26000000000000006,1.5999999999999999,gaussian,True,2.8647889756541165,5;15;25;35;45;55,results/paper5_structure2_alpha52_offset30_h7/structure2_br_bt.csv
0.14230251555367537,1.1714509143209146,0.48336899412004297,0.07068177855161303,0.5106783515674461,0.04904435641138518,0.08,0.18000000000000005,2.4,gaussian,True,2.8647889756541165,5;15;25;35;45;55,results/paper5_structure2_alpha52_offset30_h7/structure2_br_bt.csv
0.11253726954883286,1.2013720506680852,0.48518812676798045,0.084187782290266,0.5106783515674461,0.04904435641138518,0.24000000000000002,0.26000000000000006,1.5999999999999999,gaussian,True,2.8647889756541165,5;15;25;35;45;55,results/paper5_structure2_alpha52_offset30_h7/structure2_br_bt.csv
0.12824323193212042,1.186396572454675,0.4836597340963117,0.03222424627085951,0.5106783515674461,0.04904435641138518,0.12,-0.09999999999999998,0.8,gaussian,True,2.8647889756541165,5;15;25;35;45;55,results/paper5_structure2_alpha52_offset30_h7/structure2_br_bt.csv
0.11436660727999477,1.2017219061534912,0.4882304587868404,0.08424420680152582,0.5106783515674461,0.04904435641138518,0.36,0.26000000000000006,1.5999999999999999,gaussian,True,2.8647889756541165,5;15;25;35;45;55,results/paper5_structure2_alpha52_offset30_h7/structure2_br_bt.csv
0.11671960731127773,1.201380613716187,0.48453772465363665,0.08417435898040189,0.5106783515674461,0.04904435641138518,0.2,0.26000000000000006,1.5999999999999999,gaussian,True,2.8647889756541165,5;15;25;35;45;55,results/paper5_structure2_alpha52_offset30_h7/structure2_br_bt.csv
0.14890090834151012,1.1715822079590852,0.48329945919500483,0.07067434473319573,0.5106783515674461,0.04904435641138518,0.04,0.18000000000000005,2.4,gaussian,True,2.8647889756541165,5;15;25;35;45;55,results/paper5_structure2_alpha52_offset30_h7/structure2_br_bt.csv
0.13658960932833544,1.1864925227755116,0.4834615319482304,0.03220975170936317,0.5106783515674461,0.04904435641138518,0.08,-0.09999999999999998,0.8,gaussian,True,2.8647889756541165,5;15;25;35;45;55,results/paper5_structure2_alpha52_offset30_h7/structure2_br_bt.csv
0.12260794931748978,1.201440902696902,0.48404082647910207,0.08416320751869147,0.5106783515674461,0.04904435641138518,0.16,0.26000000000000006,1.5999999999999999,gaussian,True,2.8647889756541165,5;15;25;35;45;55,results/paper5_structure2_alpha52_offset30_h7/structure2_br_bt.csv
0.12977983152558617,1.201547412436686,0.48368277819442135,0.08415411338641518,0.5106783515674461,0.04904435641138518,0.12,0.26000000000000006,1.5999999999999999,gaussian,True,2.8647889756541165,5;15;25;35;45;55,results/paper5_structure2_alpha52_offset30_h7/structure2_br_bt.csv
0.14542938132536626,1.186620752142857,0.4833530922213148,0.032198506600307375,0.5106783515674461,0.04904435641138518,0.04,-0.09999999999999998,0.8,gaussian,True,2.8647889756541165,5;15;25;35;45;55,results/paper5_structure2_alpha52_offset30_h7/structure2_br_bt.csv
0.13787464390374418,1.2016952068916578,0.48345028671504026,0.08414688335643522,0.5106783515674461,0.04904435641138518,0.08,0.26000000000000006,1.5999999999999999,gaussian,True,2.8647889756541165,5;15;25;35;45;55,results/paper5_structure2_alpha52_offset30_h7/structure2_br_bt.csv
0.09975021453006278,1.2463655436707923,0.4865966945794713,0.03416411965649785,0.5106783515674461,0.04904435641138518,0.32,-0.09999999999999998,1.0,gaussian,True,2.8647889756541165,5;15;25;35;45;55,results/paper5_structure2_alpha52_offset30_h7/structure2_br_bt.csv
0.10022989462332944,1.2465270794044843,0.4875873990308187,0.03420669207622629,0.5106783515674461,0.04904435641138518,0.36,-0.09999999999999998,1.0,gaussian,True,2.8647889756541165,5;15;25;35;45;55,results/paper5_structure2_alpha52_offset30_h7/structure2_br_bt.csv
0.10164054198011736,1.246255841510501,0.4857541106981307,0.034126701326618894,0.5106783515674461,0.04904435641138518,0.28,-0.09999999999999998,1.0,gaussian,True,2.8647889756541165,5;15;25;35;45;55,results/paper5_structure2_alpha52_offset30_h7/structure2_br_bt.csv
0.12110373284356617,1.2273446909774866,0.4857229181337592,0.07212826457810348,0.5106783515674461,0.04904435641138518,0.32,0.18000000000000005,2.6,gaussian,True,2.8647889756541165,5;15;25;35;45;55,results/paper5_structure2_alpha52_offset30_h7/structure2_br_bt.csv
0.14660436023718051,1.2018798555205996,0.4833312895921758,0.08414134314993961,0.5106783515674461,0.04904435641138518,0.04,0.26000000000000006,1.5999999999999999,gaussian,True,2.8647889756541165,5;15;25;35;45;55,results/paper5_structure2_alpha52_offset30_h7/structure2_br_bt.csv
0.12169325867060346,1.2272405963899007,0.4849995796990715,0.07210741626389917,0.5106783515674461,0.04904435641138518,0.28,0.18000000000000005,2.6,gaussian,True,2.8647889756541165,5;15;25;35;45;55,results/paper5_structure2_alpha52_offset30_h7/structure2_br_bt.csv
0.1226224700866712,1.2275116640583676,0.48663348315724897,0.07215278721353804,0.5106783515674461,0.04904435641138518,0.36,0.18000000000000005,2.6,gaussian,True,2.8647889756541165,5;15;25;35;45;55,results/paper5_structure2_alpha52_offset30_h7/structure2_br_bt.csv
0.12399874973313744,1.2271890408666728,0.4844354473085951,0.07208972059530201,0.5106783515674461,0.04904435641138518,0.24000000000000002,0.18000000000000005,2.6,gaussian,True,2.8647889756541165,5;15;25;35;45;55,results/paper5_structure2_alpha52_offset30_h7/structure2_br_bt.csv
0.10562186761214903,1.2461946065673548,0.4850510255496846,0.03409413470776495,0.5106783515674461,0.04904435641138518,0.24000000000000002,-0.09999999999999998,1.0,gaussian,True,2.8647889756541165,5;15;25;35;45;55,results/paper5_structure2_alpha52_offset30_h7/structure2_br_bt.csv
0.10732618796824213,1.246959428745916,0.48603308887056357,0.09035395879150608,0.5106783515674461,0.04904435641138518,0.28,0.30000000000000004,1.4,gaussian,True,2.8647889756541165,5;15;25;35;45;55,results/paper5_structure2_alpha52_offset30_h7/structure2_br_bt.csv
0.10729972045561119,1.247064858185779,0.4870228485695814,0.0903704668796361,0.5106783515674461,0.04904435641138518,0.32,0.30000000000000004,1.4,gaussian,True,2.8647889756541165,5;15;25;35;45;55,results/paper5_structure2_alpha52_offset30_h7/structure2_br_bt.csv
0.12763618909858246,1.2271814246650177,0.48400692776758053,0.07207473843867088,0.5106783515674461,0.04904435641138518,0.2,0.18000000000000005,2.6,gaussian,True,2.8647889756541165,5;15;25;35;45;55,results/paper5_structure2_alpha52_offset30_h7/structure2_br_bt.csv
0.10986688503858567,1.2469135586971325,0.48522049013340807,0.09033984920324611,0.5106783515674461,0.04904435641138518,0.24000000000000002,0.30000000000000004,1.4,gaussian,True,2.8647889756541165,5;15;25;35;45;55,results/paper5_structure2_alpha52_offset30_h7/structure2_br_bt.csv
0.11005116432935702,1.2472359226150334,0.48820572139476487,0.09038959606914687,0.5106783515674461,0.04904435641138518,0.36,0.30000000000000004,1.4,gaussian,True,2.8647889756541165,5;15;25;35;45;55,results/paper5_structure2_alpha52_offset30_h7/structure2_br_bt.csv
0.11133576409331253,1.246178689007256,0.4844792530472916,0.03406613472907834,0.5106783515674461,0.04904435641138518,0.2,-0.09999999999999998,1.0,gaussian,True,2.8647889756541165,5;15;25;35;45;55,results/paper5_structure2_alpha52_offset30_h7/structure2_br_bt.csv
0.11608316221622123,1.24205892196124,0.48570423821031916,0.0795605342927324,0.5106783515674461,0.04904435641138518,0.28,0.22000000000000006,1.9999999999999998,gaussian,True,2.8647889756541165,5;15;25;35;45;55,results/paper5_structure2_alpha52_offset30_h7/structure2_br_bt.csv
0.11669976970844384,1.2421746059587357,0.48664906756364845,0.07958110280270485,0.5106783515674461,0.04904435641138518,0.32,0.22000000000000006,1.9999999999999998,gaussian,True,2.8647889756541165,5;15;25;35;45;55,results/paper5_structure2_alpha52_offset30_h7/structure2_br_bt.csv
0.13226248659991183,1.2272105678151706,0.48369409105084993,0.07206209852466214,0.5106783515674461,0.04904435641138518,0.16,0.18000000000000005,2.6,gaussian,True,2.8647889756541165,5;15;25;35;45;55,results/paper5_structure2_alpha52_offset30_h7/structure2_br_bt.csv
0.11782025260813436,1.242005605219461,0.48494870563048353,0.07954307587591712,0.5106783515674461,0.04904435641138518,0.24000000000000002,0.22000000000000006,1.9999999999999998,gaussian,True,2.8647889756541165,5;15;25;35;45;55,results/paper5_structure2_alpha52_offset30_h7/structure2_br_bt.csv
0.11452767553221896,1.2469217348858148,0.4845703630769773,0.09032793557605996,0.5106783515674461,0.04904435641138518,0.2,0.30000000000000004,1.4,gaussian,True,2.8647889756541165,5;15;25;35;45;55,results/paper5_structure2_alpha52_offset30_h7/structure2_br_bt.csv
0.11999778046441391,1.2423621429464482,0.48780872336823455,0.07960519510211334,0.5106783515674461,0.04904435641138518,0.36,0.22000000000000006,1.9999999999999998,gaussian,True,2.8647889756541165,5;15;25;35;45;55,results/paper5_structure2_alpha52_offset30_h7/structure2_br_bt.csv
0.12150073443125826,1.2420064391519312,0.48436005266551896,0.07952836674737683,0.5106783515674461,0.04904435641138518,0.2,0.22000000000000006,1.9999999999999998,gaussian,True,2.8647889756541165,5;15;25;35;45;55,results/paper5_structure2_alpha52_offset30_h7/structure2_br_bt.csv
0.11841375829303721,1.246205140477804,0.48403102464408065,0.03404243261675783,0.5106783515674461,0.04904435641138518,0.16,-0.09999999999999998,1.0,gaussian,True,2.8647889756541165,5;15;25;35;45;55,results/paper5_structure2_alpha52_offset30_h7/structure2_br_bt.csv
0.13759110784247292,1.227270454807411,0.4834800498577598,0.07205148567381164,0.5106783515674461,0.04904435641138518,0.12,0.18000000000000005,2.6,gaussian,True,2.8647889756541165,5;15;25;35;45;55,results/paper5_structure2_alpha52_offset30_h7/structure2_br_bt.csv
0.12086879169402712,1.2469789499580808,0.4840691821393872,0.09031803342273396,0.5106783515674461,0.04904435641138518,0.16,0.30000000000000004,1.4,gaussian,True,2.8647889756541165,5;15;25;35;45;55,results/paper5_structure2_alpha52_offset30_h7/structure2_br_bt.csv
0.12669862269388224,1.2420542908603205,0.483918569049851,0.07951609143287608,0.5106783515674461,0.04904435641138518,0.16,0.22000000000000006,1.9999999999999998,gaussian,True,2.8647889756541165,5;15;25;35;45;55,results/paper5_structure2_alpha52_offset30_h7/structure2_br_bt.csv
0.14339396189531178,1.2273560296477068,0.4833504536909256,0.07204263129432358,0.5106783515674461,0.04904435641138518,0.08,0.18000000000000005,2.6,gaussian,True,2.8647889756541165,5;15;25;35;45;55,results/paper5_structure2_alpha52_offset30_h7/structure2_br_bt.csv
0.12652398214254496,1.2462712002053558,0.483698971550332,0.034022774942673153,0.5106783515674461,0.04904435641138518,0.12,-0.09999999999999998,1.0,gaussian,True,2.8647889756541165,5;15;25;35;45;55,results/paper5_structure2_alpha52_offset30_h7/structure2_br_bt.csv
0.13302402289978654,1.2421429554595709,0.48360690220197006,0.07950597343006804,0.5106783515674461,0.04904435641138518,0.12,0.22000000000000006,1.9999999999999998,gaussian,True,2.8647889756541165,5;15;25;35;45;55,results/paper5_structure2_alpha52_offset30_h7/structure2_br_bt.csv
0.12847543708746373,1.2470806519731301,0.4837044938496818,0.09030997452068565,0.5106783515674461,0.04904435641138518,0.12,0.30000000000000004,1.4,gaussian,True,2.8647889756541165,5;15;25;35;45;55,results/paper5_structure2_alpha52_offset30_h7/structure2_br_bt.csv
0.1494954309635994,1.2274630304423768,0.4832930746070376,0.07203530567008583,0.5106783515674461,0.04904435641138518,0.04,0.18000000000000005,2.6,gaussian,True,2.8647889756541165,5;15;25;35;45;55,results/paper5_structure2_alpha52_offset30_h7/structure2_br_bt.csv
0.13539093268219748,1.2463742821364985,0.48347610738692137,0.034006922729021866,0.5106783515674461,0.04904435641138518,0.08,-0.09999999999999998,1.0,gaussian,True,2.8647889756541165,5;15;25;35;45;55,results/paper5_structure2_alpha52_offset30_h7/structure2_br_bt.csv
0.14014929706009502,1.2422670249749397,0.4834097561214103,0.07949776984140304,0.5106783515674461,0.04904435641138518,0.08,0.22000000000000006,1.9999999999999998,gaussian,True,2.8647889756541165,5;15;25;35;45;55,results/paper5_structure2_alpha52_offset30_h7/structure2_br_bt.csv
0.10186541635748422,1.282232079582741,0.4868917188261131,0.03587717097139863,0.5106783515674461,0.04904435641138518,0.32,-0.09999999999999998,1.2,gaussian,True,2.8647889756541165,5;15;25;35;45;55,results/paper5_structure2_alpha52_offset30_h7/structure2_br_bt.csv
0.1369953623210811,1.2472226995205724,0.4834648321941151,0.09030360532164151,0.5106783515674461,0.04904435641138518,0.08,0.30000000000000004,1.4,gaussian,True,2.8647889756541165,5;15;25;35;45;55,results/paper5_structure2_alpha52_offset30_h7/structure2_br_bt.csv
0.10276548449081374,1.2821159649244653,0.4859576477038463,0.035837238579281824,0.5106783515674461,0.04904435641138518,0.28,-0.09999999999999998,1.2,gaussian,True,2.8647889756541165,5;15;25;35;45;55,results/paper5_structure2_alpha52_offset30_h7/structure2_br_bt.csv
0.10363768136022276,1.2824064927047814,0.487998744632003,0.03592292546703626,0.5106783515674461,0.04904435641138518,0.36,-0.09999999999999998,1.2,gaussian,True,2.8647889756541165,5;15;25;35;45;55,results/paper5_structure2_alpha52_offset30_h7/structure2_br_bt.csv
0.10605990630581762,1.2820535746344899,0.4851843693620542,0.03580271679116202,0.5106783515674461,0.04904435641138518,0.24000000000000002,-0.09999999999999998,1.2,gaussian,True,2.8647889756541165,5;15;25;35;45;55,results/paper5_structure2_alpha52_offset30_h7/structure2_br_bt.csv
0.14781425247420138,1.242421777569025,0.48331363137116057,0.07949126682847175,0.5106783515674461,0.04904435641138518,0.04,0.22000000000000006,1.9999999999999998,gaussian,True,2.8647889756541165,5;15;25;35;45;55,results/paper5_structure2_alpha52_offset30_h7/structure2_br_bt.csv
0.12223019799580101,1.2685340934402933,0.48541783475981387,0.07299663832228025,0.5106783515674461,0.04904435641138518,0.32,0.18000000000000005,2.8000000000000003,gaussian,True,2.8647889756541165,5;15;25;35;45;55,results/paper5_structure2_alpha52_offset30_h7/structure2_br_bt.csv
0.14479681976205136,1.2465119630390202,0.4833558112858233,0.03399465060575629,0.5106783515674461,0.04904435641138518,0.04,-0.09999999999999998,1.0,gaussian,True,2.8647889756541165,5;15;25;35;45;55,results/paper5_structure2_alpha52_offset30_h7/structure2_br_bt.csv
0.123280033863405,1.2684384107859523,0.48477393728811446,0.07297696732274399,0.5106783515674461,0.04904435641138518,0.28,0.18000000000000005,2.8000000000000003,gaussian,True,2.8647889756541165,5;15;25;35;45;55,results/paper5_structure2_alpha52_offset30_h7/structure2_br_bt.csv
0.12304932071327396,1.2686860786223144,0.4862346195859391,0.07301977368664947,0.5106783515674461,0.04904435641138518,0.36,0.18000000000000005,2.8000000000000003,gaussian,True,2.8647889756541165,5;15;25;35;45;55,results/paper5_structure2_alpha52_offset30_h7/structure2_br_bt.csv
0.111352733857388,1.2820406929760377,0.484560508917978,0.035773223459018066,0.5106783515674461,0.04904435641138518,0.2,-0.09999999999999998,1.2,gaussian,True,2.8647889756541165,5;15;25;35;45;55,results/paper5_structure2_alpha52_offset30_h7/structure2_br_bt.csv
0.1461482463066869,1.2474013216857838,0.4833396404770792,0.09029878553409038,0.5106783515674461,0.04904435641138518,0.04,0.30000000000000004,1.4,gaussian,True,2.8647889756541165,5;15;25;35;45;55,results/paper5_structure2_alpha52_offset30_h7/structure2_br_bt.csv
0.12581118490423637,1.2683892849260374,0.484275566316602,0.07296024752602329,0.5106783515674461,0.04904435641138518,0.24000000000000002,0.18000000000000005,2.8000000000000003,gaussian,True,2.8647889756541165,5;15;25;35;45;55,results/paper5_structure2_alpha52_offset30_h7/structure2_br_bt.csv
0.1294662713315891,1.268378702152756,0.4838999567854081,0.07294605111098959,0.5106783515674461,0.04904435641138518,0.2,0.18000000000000005,2.8000000000000003,gaussian,True,2.8647889756541165,5;15;25;35;45;55,results/paper5_structure2_alpha52_offset30_h7/structure2_br_bt.csv
0.11821675795154747,1.2820734320657134,0.48407543103117195,0.03574840357149669,0.5106783515674461,0.04904435641138518,0.16,-0.09999999999999998,1.2,gaussian,True,2.8647889756541165,5;15;25;35;45;55,results/paper5_structure2_alpha52_offset30_h7/structure2_br_bt.csv
0.13393883492702577,1.2684000442608043,0.4836280933878331,0.072934019615799,0.5106783515674461,0.04904435641138518,0.16,0.18000000000000005,2.8000000000000003,gaussian,True,2.8647889756541165,5;15;25;35;45;55,results/paper5_structure2_alpha52_offset30_h7/structure2_br_bt.csv
0.13897981725066505,1.268447823796625,0.48344403471172487,0.07292385128660146,0.5106783515674461,0.04904435641138518,0.12,0.18000000000000005,2.8000000000000003,gaussian,True,2.8647889756541165,5;15;25;35;45;55,results/paper5_structure2_alpha52_offset30_h7/structure2_br_bt.csv
0.12625879900172682,1.2821482042129093,0.48371919488507303,0.035727927215440214,0.5106783515674461,0.04904435641138518,0.12,-0.09999999999999998,1.2,gaussian,True,2.8647889756541165,5;15;25;35;45;55,results/paper5_structure2_alpha52_offset30_h7/structure2_br_bt.csv
0.10546230405555931,1.3031906989265172,0.4860489451007832,0.037460894008441825,0.5106783515674461,0.04904435641138518,0.28,-0.09999999999999998,1.4,gaussian,True,2.8647889756541165,5;15;25;35;45;55,results/paper5_structure2_alpha52_offset30_h7/structure2_br_bt.csv
0.10543394136355551,1.3033040985198894,0.4870385919969055,0.037501739768738565,0.5106783515674461,0.04904435641138518,0.32,-0.09999999999999998,1.4,gaussian,True,2.8647889756541165,5;15;25;35;45;55,results/paper5_structure2_alpha52_offset30_h7/structure2_br_bt.csv
0.10804818623020479,1.303134695596265,0.4852364511615643,0.03742583506935404,0.5106783515674461,0.04904435641138518,0.24000000000000002,-0.09999999999999998,1.4,gaussian,True,2.8647889756541165,5;15;25;35;45;55,results/paper5_structure2_alpha52_offset30_h7/structure2_br_bt.csv
0.10823138857164852,1.303480728234786,0.48822134354072205,0.03754889423879331,0.5106783515674461,0.04904435641138518,0.36,-0.09999999999999998,1.4,gaussian,True,2.8647889756541165,5;15;25;35;45;55,results/paper5_structure2_alpha52_offset30_h7/structure2_br_bt.csv
0.1443944427264037,1.2685174743896095,0.48333437048595246,0.07291529099415113,0.5106783515674461,0.04904435641138518,0.08,0.18000000000000005,2.8000000000000003,gaussian,True,2.8647889756541165,5;15;25;35;45;55,results/paper5_structure2_alpha52_offset30_h7/structure2_br_bt.csv
0.11278540870063604,1.303130794677093,0.4845864213565223,0.03739608565081386,0.5106783515674461,0.04904435641138518,0.2,-0.09999999999999998,1.4,gaussian,True,2.8647889756541165,5;15;25;35;45;55,results/paper5_structure2_alpha52_offset30_h7/structure2_br_bt.csv
0.135150592682198,1.282261696814974,0.48348251153195304,0.03571148769908046,0.5106783515674461,0.04904435641138518,0.08,-0.09999999999999998,1.2,gaussian,True,2.8647889756541165,5;15;25;35;45;55,results/paper5_structure2_alpha52_offset30_h7/structure2_br_bt.csv
0.15003446808761,1.268605183671224,0.483287783526328,0.07290812214549976,0.5106783515674461,0.04904435641138518,0.04,0.18000000000000005,2.8000000000000003,gaussian,True,2.8647889756541165,5;15;25;35;45;55,results/paper5_structure2_alpha52_offset30_h7/structure2_br_bt.csv
0.1233170792120303,1.296938986029096,0.4851368442750528,0.07342106668026485,0.5106783515674461,0.04904435641138518,0.32,0.18000000000000005,3.0000000000000004,gaussian,True,2.8647889756541165,5;15;25;35;45;55,results/paper5_structure2_alpha52_offset30_h7/structure2_br_bt.csv
0.12347933463292318,1.2970765967608309,0.4858633138360333,0.07344283979005262,0.5106783515674461,0.04904435641138518,0.36,0.18000000000000005,3.0000000000000004,gaussian,True,2.8647889756541165,5;15;25;35;45;55,results/paper5_structure2_alpha52_offset30_h7/structure2_br_bt.csv
0.12478325363399587,1.2968517891800382,0.48456826032645844,0.07340254752195287,0.5106783515674461,0.04904435641138518,0.28,0.18000000000000005,3.0000000000000004,gaussian,True,2.8647889756541165,5;15;25;35;45;55,results/paper5_structure2_alpha52_offset30_h7/structure2_br_bt.csv
0.11922037451866879,1.3031741878521494,0.48408533056560876,0.03737120892837443,0.5106783515674461,0.04904435641138518,0.16,-0.09999999999999998,1.4,gaussian,True,2.8647889756541165,5;15;25;35;45;55,results/paper5_structure2_alpha52_offset30_h7/structure2_br_bt.csv
0.12750691576011286,1.2968058878189996,0.4841313469186349,0.07338678320017039,0.5106783515674461,0.04904435641138518,0.24000000000000002,0.18000000000000005,3.0000000000000004,gaussian,True,2.8647889756541165,5;15;25;35;45;55,results/paper5_structure2_alpha52_offset30_h7/structure2_br_bt.csv
0.10858013720922895,1.3159514199423104,0.48603124612713083,0.03899989605323403,0.5106783515674461,0.04904435641138518,0.28,-0.09999999999999998,1.5999999999999999,gaussian,True,2.8647889756541165,5;15;25;35;45;55,results/paper5_structure2_alpha52_offset30_h7/structure2_br_bt.csv
0.10910915695687874,1.3160531322917008,0.48703876852870936,0.03904007888479827,0.5106783515674461,0.04904435641138518,0.32,-0.09999999999999998,1.5999999999999999,gaussian,True,2.8647889756541165,5;15;25;35;45;55,results/paper5_structure2_alpha52_offset30_h7/structure2_br_bt.csv
0.1106459979141808,1.315908727653585,0.48521120432375703,0.038965671118754784,0.5106783515674461,0.04904435641138518,0.24000000000000002,-0.09999999999999998,1.5999999999999999,gaussian,True,2.8647889756541165,5;15;25;35;45;55,results/paper5_structure2_alpha52_offset30_h7/structure2_br_bt.csv
0.14463367880196473,1.2824108495508932,0.4833567035112022,0.03569879982348494,0.5106783515674461,0.04904435641138518,0.04,-0.09999999999999998,1.2,gaussian,True,2.8647889756541165,5;15;25;35;45;55,results/paper5_structure2_alpha52_offset30_h7/structure2_br_bt.csv
0.13116281184600415,1.296793861627328,0.48380452742834157,0.07337336114612089,0.5106783515674461,0.04904435641138518,0.2,0.18000000000000005,3.0000000000000004,gaussian,True,2.8647889756541165,5;15;25;35;45;55,results/paper5_structure2_alpha52_offset30_h7/structure2_br_bt.csv
0.11250687449750009,1.316220885189844,0.4882534395840557,0.03908684285838798,0.5106783515674461,0.04904435641138518,0.36,-0.09999999999999998,1.5999999999999999,gaussian,True,2.8647889756541165,5;15;25;35;45;55,results/paper5_structure2_alpha52_offset30_h7/structure2_br_bt.csv
0.12692688956300371,1.3032605039046787,0.48372072574206415,0.03735080485092703,0.5106783515674461,0.04904435641138518,0.12,-0.09999999999999998,1.4,gaussian,True,2.8647889756541165,5;15;25;35;45;55,results/paper5_structure2_alpha52_offset30_h7/structure2_br_bt.csv
0.11489696330712995,1.3159187852464347,0.48456081855404864,0.03893684280968197,0.5106783515674461,0.04904435641138518,0.2,-0.09999999999999998,1.5999999999999999,gaussian,True,2.8647889756541165,5;15;25;35;45;55,results/paper5_structure2_alpha52_offset30_h7/structure2_br_bt.csv
0.13548169706978402,1.2968096426132714,0.48356996216812814,0.07336193840669002,0.5106783515674461,0.04904435641138518,0.16,0.18000000000000005,3.0000000000000004,gaussian,True,2.8647889756541165,5;15;25;35;45;55,results/paper5_structure2_alpha52_offset30_h7/structure2_br_bt.csv
0.11151354765865648,1.3234865308814314,0.4859207384175196,0.04040895910363408,0.5106783515674461,0.04904435641138518,0.28,-0.09999999999999998,1.7999999999999998,gaussian,True,2.8647889756541165,5;15;25;35;45;55,results/paper5_structure2_alpha52_offset30_h7/structure2_br_bt.csv
0.11224563547052539,1.323568297748627,0.48691115885623937,0.04044714196893394,0.5106783515674461,0.04904435641138518,0.32,-0.09999999999999998,1.7999999999999998,gaussian,True,2.8647889756541165,5;15;25;35;45;55,results/paper5_structure2_alpha52_offset30_h7/structure2_br_bt.csv
0.1133140256985338,1.323463206538433,0.4851216948832675,0.04037670582688921,0.5106783515674461,0.04904435641138518,0.24000000000000002,-0.09999999999999998,1.7999999999999998,gaussian,True,2.8647889756541165,5;15;25;35;45;55,results/paper5_structure2_alpha52_offset30_h7/structure2_br_bt.csv
0.12087391068632865,1.3159759853668291,0.4840639299709706,0.038912905095049764,0.5106783515674461,0.04904435641138518,0.16,-0.09999999999999998,1.5999999999999999,gaussian,True,2.8647889756541165,5;15;25;35;45;55,results/paper5_structure2_alpha52_offset30_h7/structure2_br_bt.csv
0.14024998356498716,1.2968482466015583,0.48341283866359774,0.07335222840075484,0.5106783515674461,0.04904435641138518,0.12,0.18000000000000005,3.0000000000000004,gaussian,True,2.8647889756541165,5;15;25;35;45;55,results/paper5_structure2_alpha52_offset30_h7/structure2_br_bt.csv
0.12138751668103351,1.3168731301331063,0.4852052943521289,0.04488919349636152,0.5106783515674461,0.04904435641138518,0.32,-0.09999999999999998,3.0000000000000004,gaussian,True,2.8647889756541165,5;15;25;35;45;55,results/paper5_structure2_alpha52_offset30_h7/structure2_br_bt.csv
0.12156994263558309,1.3168325672371393,0.4859328094654375,0.04491237900235343,0.5106783515674461,0.04904435641138518,0.36,-0.09999999999999998,3.0000000000000004,gaussian,True,2.8647889756541165,5;15;25;35;45;55,results/paper5_structure2_alpha52_offset30_h7/structure2_br_bt.csv
0.1355451328264012,1.303385765588345,0.4834811412779965,0.03733450680314634,0.5106783515674461,0.04904435641138518,0.08,-0.09999999999999998,1.4,gaussian,True,2.8647889756541165,5;15;25;35;45;55,results/paper5_structure2_alpha52_offset30_h7/structure2_br_bt.csv
0.11580794088428162,1.3237165127266488,0.4881159131695358,0.040491960623624056,0.5106783515674461,0.04904435641138518,0.36,-0.09999999999999998,1.7999999999999998,gaussian,True,2.8647889756541165,5;15;25;35;45;55,results/paper5_structure2_alpha52_offset30_h7/structure2_br_bt.csv
0.12286053009455646,1.3169510019304975,0.4846357204671994,0.04487045798993618,0.5106783515674461,0.04904435641138518,0.28,-0.09999999999999998,3.0000000000000004,gaussian,True,2.8647889756541165,5;15;25;35;45;55,results/paper5_structure2_alpha52_offset30_h7/structure2_br_bt.csv
0.11723195499136732,1.3234912883742336,0.48449355271770966,0.04034975580225005,0.5106783515674461,0.04904435641138518,0.2,-0.09999999999999998,1.7999999999999998,gaussian,True,2.8647889756541165,5;15;25;35;45;55,results/paper5_structure2_alpha52_offset30_h7/structure2_br_bt.csv
0.14530336171192046,1.2969055631604836,0.4833208094611742,0.07334399048048519,0.5106783515674461,0.04904435641138518,0.08,0.18000000000000005,3.0000000000000004,gaussian,True,2.8647889756541165,5;15;25;35;45;55,results/paper5_structure2_alpha52_offset30_h7/structure2_br_bt.csv
0.11405469340522326,1.3283431924120876,0.4857427983971901,0.041685421821215256,0.5106783515674461,0.04904435641138518,0.28,-0.09999999999999998,1.9999999999999998,gaussian,True,2.8647889756541165,5;15;25;35;45;55,results/paper5_structure2_alpha52_offset30_h7/structure2_br_bt.csv
0.1256111253565391,1.3170584426084897,0.4841978692956426,0.0448554460656151,0.5106783515674461,0.04904435641138518,0.24000000000000002,-0.09999999999999998,3.0000000000000004,gaussian,True,2.8647889756541165,5;15;25;35;45;55,results/paper5_structure2_alpha52_offset30_h7/structure2_br_bt.csv
0.11468783422194133,1.3283986981125429,0.4866878986583205,0.04172063204394029,0.5106783515674461,0.04904435641138518,0.32,-0.09999999999999998,1.9999999999999998,gaussian,True,2.8647889756541165,5;15;25;35;45;55,results/paper5_structure2_alpha52_offset30_h7/structure2_br_bt.csv
0.11581690449012548,1.3283435005787674,0.4849869954265981,0.04165593876386171,0.5106783515674461,0.04904435641138518,0.24000000000000002,-0.09999999999999998,1.9999999999999998,gaussian,True,2.8647889756541165,5;15;25;35;45;55,results/paper5_structure2_alpha52_offset30_h7/structure2_br_bt.csv
0.1281426829344328,1.3160753072191962,0.48370588516620167,0.038893401249816884,0.5106783515674461,0.04904435641138518,0.12,-0.09999999999999998,1.5999999999999999,gaussian,True,2.8647889756541165,5;15;25;35;45;55,results/paper5_structure2_alpha52_offset30_h7/structure2_br_bt.csv
0.12030014858162554,1.3240116938441078,0.4854819452667535,0.04470893353468159,0.5106783515674461,0.04904435641138518,0.32,-0.09999999999999998,2.8000000000000003,gaussian,True,2.8647889756541165,5;15;25;35;45;55,results/paper5_structure2_alpha52_offset30_h7/structure2_br_bt.csv
0.12114836764351353,1.3239981597487447,0.48629966472864705,0.04473536773602826,0.5106783515674461,0.04904435641138518,0.36,-0.09999999999999998,2.8000000000000003,gaussian,True,2.8647889756541165,5;15;25;35;45;55,results/paper5_structure2_alpha52_offset30_h7/structure2_br_bt.csv
0.12135173089889974,1.3240685938122039,0.4848371570317919,0.04468739870830388,0.5106783515674461,0.04904435641138518,0.28,-0.09999999999999998,2.8000000000000003,gaussian,True,2.8647889756541165,5;15;25;35;45;55,results/paper5_structure2_alpha52_offset30_h7/structure2_br_bt.csv
0.12281461103212352,1.3235645812877737,0.48401803541393873,0.04032755261550379,0.5106783515674461,0.04904435641138518,0.16,-0.09999999999999998,1.7999999999999998,gaussian,True,2.8647889756541165,5;15;25;35;45;55,results/paper5_structure2_alpha52_offset30_h7/structure2_br_bt.csv
0.1293072281008718,1.3171892254207682,0.4838701609095873,0.04484356053922551,0.5106783515674461,0.04904435641138518,0.2,-0.09999999999999998,3.0000000000000004,gaussian,True,2.8647889756541165,5;15;25;35;45;55,results/paper5_structure2_alpha52_offset30_h7/structure2_br_bt.csv
0.11804781689691408,1.3285187047716713,0.48784782478580396,0.04176233336256753,0.5106783515674461,0.04904435641138518,0.36,-0.09999999999999998,1.9999999999999998,gaussian,True,2.8647889756541165,5;15;25;35;45;55,results/paper5_structure2_alpha52_offset30_h7/structure2_br_bt.csv
0.11621550584100418,1.330949164429065,0.4855248099744676,0.04278090787250164,0.5106783515674461,0.04904435641138518,0.28,-0.09999999999999998,2.1999999999999997,gaussian,True,2.8647889756541165,5;15;25;35;45;55,results/paper5_structure2_alpha52_offset30_h7/structure2_br_bt.csv
0.15051820601614918,1.2969781901097135,0.48328354418567815,0.07333702164482932,0.5106783515674461,0.04904435641138518,0.04,0.18000000000000005,3.0000000000000004,gaussian,True,2.8647889756541165,5;15;25;35;45;55,results/paper5_structure2_alpha52_offset30_h7/structure2_br_bt.csv
0.11653741232248639,1.3309750793941602,0.48640504036761645,0.04281263708773708,0.5106783515674461,0.04904435641138518,0.32,-0.09999999999999998,2.1999999999999997,gaussian,True,2.8647889756541165,5;15;25;35;45;55,results/paper5_structure2_alpha52_offset30_h7/structure2_br_bt.csv
0.119554171659708,1.328392107664179,0.4843980735134102,0.04163151530848781,0.5106783515674461,0.04904435641138518,0.2,-0.09999999999999998,1.9999999999999998,gaussian,True,2.8647889756541165,5;15;25;35;45;55,results/paper5_structure2_alpha52_offset30_h7/structure2_br_bt.csv
0.11919104180386048,1.3288446710858492,0.4857816120360615,0.04431361004279091,0.5106783515674461,0.04904435641138518,0.32,-0.09999999999999998,2.6,gaussian,True,2.8647889756541165,5;15;25;35;45;55,results/paper5_structure2_alpha52_offset30_h7/structure2_br_bt.csv
0.12390857562989505,1.3241605290784249,0.4843379370981211,0.04467000051936917,0.5106783515674461,0.04904435641138518,0.24000000000000002,-0.09999999999999998,2.8000000000000003,gaussian,True,2.8647889756541165,5;15;25;35;45;55,results/paper5_structure2_alpha52_offset30_h7/structure2_br_bt.csv
0.1447905807956745,1.30354635116813,0.483356020864909,0.037321978594698,0.5106783515674461,0.04904435641138518,0.04,-0.09999999999999998,1.4,gaussian,True,2.8647889756541165,5;15;25;35;45;55,results/paper5_structure2_alpha52_offset30_h7/structure2_br_bt.csv
0.11977686036265635,1.3288767623289528,0.4850575161366464,0.04428892303763952,0.5106783515674461,0.04904435641138518,0.28,-0.09999999999999998,2.6,gaussian,True,2.8647889756541165,5;15;25;35;45;55,results/paper5_structure2_alpha52_offset30_h7/structure2_br_bt.csv
0.11809877161969708,1.3309748569990567,0.48482691685424045,0.042754578559876806,0.5106783515674461,0.04904435641138518,0.24000000000000002,-0.09999999999999998,2.1999999999999997,gaussian,True,2.8647889756541165,5;15;25;35;45;55,results/paper5_structure2_alpha52_offset30_h7/structure2_br_bt.csv
0.11797999465782973,1.33117253820033,0.48609477106398047,0.04368294845211438,0.5106783515674461,0.04904435641138518,0.32,-0.09999999999999998,2.4,gaussian,True,2.8647889756541165,5;15;25;35;45;55,results/paper5_structure2_alpha52_offset30_h7/structure2_br_bt.csv
0.11808978266502759,1.3311765733234355,0.4852905202724426,0.043654815111820386,0.5106783515674461,0.04904435641138518,0.28,-0.09999999999999998,2.4,gaussian,True,2.8647889756541165,5;15;25;35;45;55,results/paper5_structure2_alpha52_offset30_h7/structure2_br_bt.csv
0.12074772720962629,1.328862108531139,0.4866929656256435,0.04434365477619634,0.5106783515674461,0.04904435641138518,0.36,-0.09999999999999998,2.6,gaussian,True,2.8647889756541165,5;15;25;35;45;55,results/paper5_structure2_alpha52_offset30_h7/structure2_br_bt.csv
0.11942908358286443,1.3310616283208794,0.4874948320337162,0.04285056119296526,0.5106783515674461,0.04904435641138518,0.36,-0.09999999999999998,2.1999999999999997,gaussian,True,2.8647889756541165,5;15;25;35;45;55,results/paper5_structure2_alpha52_offset30_h7/structure2_br_bt.csv
0.13367393509406156,1.3173383208246285,0.4836347524821911,0.0448343078905732,0.5106783515674461,0.04904435641138518,0.16,-0.09999999999999998,3.0000000000000004,gaussian,True,2.8647889756541165,5;15;25;35;45;55,results/paper5_structure2_alpha52_offset30_h7/structure2_br_bt.csv
0.12210644738664854,1.3289495954080828,0.4844926565678648,0.04426880427972042,0.5106783515674461,0.04904435641138518,0.24000000000000002,-0.09999999999999998,2.6,gaussian,True,2.8647889756541165,5;15;25;35;45;55,results/paper5_structure2_alpha52_offset30_h7/structure2_br_bt.csv
0.12018158942080072,1.3312270132261221,0.4846581392038091,0.04363168117487017,0.5106783515674461,0.04904435641138518,0.24000000000000002,-0.09999999999999998,2.4,gaussian,True,2.8647889756541165,5;15;25;35;45;55,results/paper5_structure2_alpha52_offset30_h7/structure2_br_bt.csv
0.1202407346632008,1.3312239494867606,0.48709891663743454,0.043716883144344965,0.5106783515674461,0.04904435641138518,0.36,-0.09999999999999998,2.4,gaussian,True,2.8647889756541165,5;15;25;35;45;55,results/paper5_structure2_alpha52_offset30_h7/structure2_br_bt.csv
0.12760569373657257,1.3242807065833386,0.4839615183072079,0.044656105472026635,0.5106783515674461,0.04904435641138518,0.2,-0.09999999999999998,2.8000000000000003,gaussian,True,2.8647889756541165,5;15;25;35;45;55,results/paper5_structure2_alpha52_offset30_h7/structure2_br_bt.csv
0.13633455611091494,1.3162122499442557,0.483473391647406,0.03887791861559279,0.5106783515674461,0.04904435641138518,0.08,-0.09999999999999998,1.5999999999999999,gaussian,True,2.8647889756541165,5;15;25;35;45;55,results/paper5_structure2_alpha52_offset30_h7/structure2_br_bt.csv
0.12176701099263047,1.331044469047239,0.48428781054651504,0.04273296418669299,0.5106783515674461,0.04904435641138518,0.2,-0.09999999999999998,2.1999999999999997,gaussian,True,2.8647889756541165,5;15;25;35;45;55,results/paper5_structure2_alpha52_offset30_h7/structure2_br_bt.csv
0.12482865774099743,1.328482498575262,0.4839563231635709,0.04161156681439243,0.5106783515674461,0.04904435641138518,0.16,-0.09999999999999998,1.9999999999999998,gaussian,True,2.8647889756541165,5;15;25;35;45;55,results/paper5_structure2_alpha52_offset30_h7/structure2_br_bt.csv
0.1296384013625338,1.3236776220123965,0.48367881682784597,0.04030960119133017,0.5106783515674461,0.04904435641138518,0.12,-0.09999999999999998,1.7999999999999998,gaussian,True,2.8647889756541165,5;15;25;35;45;55,results/paper5_structure2_alpha52_offset30_h7/structure2_br_bt.csv
0.12578756977346134,1.3290559043377508,0.4840634391732318,0.04425259065584086,0.5106783515674461,0.04904435641138518,0.2,-0.09999999999999998,2.6,gaussian,True,2.8647889756541165,5;15;25;35;45;55,results/paper5_structure2_alpha52_offset30_h7/structure2_br_bt.csv
0.12384428565807641,1.3313162719731682,0.4841737221349459,0.0436128647595137,0.5106783515674461,0.04904435641138518,0.2,-0.09999999999999998,2.4,gaussian,True,2.8647889756541165,5;15;25;35;45;55,results/paper5_structure2_alpha52_offset30_h7/structure2_br_bt.csv
0.1003962327448714,1.35550935549663,0.4870065296766956,0.038847791413652764,0.5106783515674461,0.04904435641138518,0.36,-0.13999999999999999,0.8,gaussian,True,2.8647889756541165,5;15;25;35;45;55,results/paper5_structure2_alpha52_offset30_h7/structure2_br_bt.csv
0.13849347572242943,1.3175016521572918,0.48347682857852825,0.04482727828306829,0.5106783515674461,0.04904435641138518,0.12,-0.09999999999999998,3.0000000000000004,gaussian,True,2.8647889756541165,5;15;25;35;45;55,results/paper5_structure2_alpha52_offset30_h7/structure2_br_bt.csv
0.10110970416702059,1.3553865586107103,0.4861667458551466,0.03881625353636816,0.5106783515674461,0.04904435641138518,0.32,-0.13999999999999999,0.8,gaussian,True,2.8647889756541165,5;15;25;35;45;55,results/paper5_structure2_alpha52_offset30_h7/structure2_br_bt.csv
0.13212993041303864,1.3244235659617614,0.483688883271016,0.04464518495700913,0.5106783515674461,0.04904435641138518,0.16,-0.09999999999999998,2.8000000000000003,gaussian,True,2.8647889756541165,5;15;25;35;45;55,results/paper5_structure2_alpha52_offset30_h7/structure2_br_bt.csv
0.12680501673170522,1.3311514351988183,0.4838870788629367,0.04271547292572187,0.5106783515674461,0.04904435641138518,0.16,-0.09999999999999998,2.1999999999999997,gaussian,True,2.8647889756541165,5;15;25;35;45;55,results/paper5_structure2_alpha52_offset30_h7/structure2_br_bt.csv
0.10373302032410561,1.3553026971410287,0.4854471328248333,0.03878834684287343,0.5106783515674461,0.04904435641138518,0.28,-0.13999999999999999,0.8,gaussian,True,2.8647889756541165,5;15;25;35;45;55,results/paper5_structure2_alpha52_offset30_h7/structure2_br_bt.csv
0.1304693897500399,1.329189659896519,0.48374993287039325,0.0442397229323575,0.5106783515674461,0.04904435641138518,0.16,-0.09999999999999998,2.6,gaussian,True,2.8647889756541165,5;15;25;35;45;55,results/paper5_structure2_alpha52_offset30_h7/structure2_br_bt.csv
0.13124014051051908,1.328609013609262,0.4836443924333041,0.04159558018591717,0.5106783515674461,0.04904435641138518,0.12,-0.09999999999999998,1.9999999999999998,gaussian,True,2.8647889756541165,5;15;25;35;45;55,results/paper5_structure2_alpha52_offset30_h7/structure2_br_bt.csv
0.12869223944978736,1.3314379653866437,0.4838168243365541,0.043597784081266196,0.5106783515674461,0.04904435641138518,0.16,-0.09999999999999998,2.4,gaussian,True,2.8647889756541165,5;15;25;35;45;55,results/paper5_structure2_alpha52_offset30_h7/structure2_br_bt.csv
0.13734470890849737,1.3238255853411525,0.4834613020533617,0.04029546036668945,0.5106783515674461,0.04904435641138518,0.08,-0.09999999999999998,1.7999999999999998,gaussian,True,2.8647889756541165,5;15;25;35;45;55,results/paper5_structure2_alpha52_offset30_h7/structure2_br_bt.csv
0.14359870411933462,1.317675905398368,0.4833840389681409,0.044822129836922714,0.5106783515674461,0.04904435641138518,0.08,-0.09999999999999998,3.0000000000000004,gaussian,True,2.8647889756541165,5;15;25;35;45;55,results/paper5_structure2_alpha52_offset30_h7/structure2_br_bt.csv
0.1451567604923162,1.3163827743076195,0.48335438751119325,0.0388660839686921,0.5106783515674461,0.04904435641138518,0.04,-0.09999999999999998,1.5999999999999999,gaussian,True,2.8647889756541165,5;15;25;35;45;55,results/paper5_structure2_alpha52_offset30_h7/structure2_br_bt.csv
0.1372271166919576,1.324584540584269,0.48350408854425214,0.04463679596872512,0.5106783515674461,0.04904435641138518,0.12,-0.09999999999999998,2.8000000000000003,gaussian,True,2.8647889756541165,5;15;25;35;45;55,results/paper5_structure2_alpha52_offset30_h7/structure2_br_bt.csv
0.11835672745887647,1.3446571474437237,0.4854779511580695,0.08246172088779342,0.5106783515674461,0.04904435641138518,0.28,0.22000000000000006,2.1999999999999997,gaussian,True,2.8647889756541165,5;15;25;35;45;55,results/paper5_structure2_alpha52_offset30_h7/structure2_br_bt.csv
0.10802970342130157,1.3552557573017945,0.48484212749516764,0.03876389892731047,0.5106783515674461,0.04904435641138518,0.24000000000000002,-0.13999999999999999,0.8,gaussian,True,2.8647889756541165,5;15;25;35;45;55,results/paper5_structure2_alpha52_offset30_h7/structure2_br_bt.csv
0.11866397674505345,1.3447674664237284,0.48635770327068906,0.08248150672704928,0.5106783515674461,0.04904435641138518,0.32,0.22000000000000006,2.1999999999999997,gaussian,True,2.8647889756541165,5;15;25;35;45;55,results/paper5_structure2_alpha52_offset30_h7/structure2_br_bt.csv
0.13284442284740083,1.3312901352085933,0.4836069967123605,0.042701592059385195,0.5106783515674461,0.04904435641138518,0.12,-0.09999999999999998,2.1999999999999997,gaussian,True,2.8647889756541165,5;15;25;35;45;55,results/paper5_structure2_alpha52_offset30_h7/structure2_br_bt.csv
0.1202147305478562,1.344602330814708,0.48478052596959414,0.08244491632684188,0.5106783515674461,0.04904435641138518,0.24000000000000002,0.22000000000000006,2.1999999999999997,gaussian,True,2.8647889756541165,5;15;25;35;45;55,results/paper5_structure2_alpha52_offset30_h7/structure2_br_bt.csv
0.1358592482177634,1.3293458435104908,0.4835352492452508,0.04422972769025625,0.5106783515674461,0.04904435641138518,0.12,-0.09999999999999998,2.6,gaussian,True,2.8647889756541165,5;15;25;35;45;55,results/paper5_structure2_alpha52_offset30_h7/structure2_br_bt.csv
0.13439392897232416,1.3315867056169723,0.4835699179099468,0.04358594115348285,0.5106783515674461,0.04904435641138518,0.12,-0.09999999999999998,2.4,gaussian,True,2.8647889756541165,5;15;25;35;45;55,results/paper5_structure2_alpha52_offset30_h7/structure2_br_bt.csv
0.12149591579641138,1.3449425868399862,0.48744700707263844,0.08250470558298731,0.5106783515674461,0.04904435641138518,0.36,0.22000000000000006,2.1999999999999997,gaussian,True,2.8647889756541165,5;15;25;35;45;55,results/paper5_structure2_alpha52_offset30_h7/structure2_br_bt.csv
0.14886421043545436,1.317858380041258,0.4833460506814354,0.0448185761657915,0.5106783515674461,0.04904435641138518,0.04,-0.09999999999999998,3.0000000000000004,gaussian,True,2.8647889756541165,5;15;25;35;45;55,results/paper5_structure2_alpha52_offset30_h7/structure2_br_bt.csv
0.1384535545059023,1.3287667269010623,0.4834469858440693,0.04158310421477339,0.5106783515674461,0.04904435641138518,0.08,-0.09999999999999998,1.9999999999999998,gaussian,True,2.8647889756541165,5;15;25;35;45;55,results/paper5_structure2_alpha52_offset30_h7/structure2_br_bt.csv
0.14269895780071884,1.3247598690003097,0.4833937218915262,0.044630565739314926,0.5106783515674461,0.04904435641138518,0.08,-0.09999999999999998,2.8000000000000003,gaussian,True,2.8647889756541165,5;15;25;35;45;55,results/paper5_structure2_alpha52_offset30_h7/structure2_br_bt.csv
0.12382792737614795,1.3445950774855562,0.48424187669659335,0.08243072132860826,0.5106783515674461,0.04904435641138518,0.2,0.22000000000000006,2.1999999999999997,gaussian,True,2.8647889756541165,5;15;25;35;45;55,results/paper5_structure2_alpha52_offset30_h7/structure2_br_bt.csv
0.11372261549340067,1.3552438278355878,0.4843463709067818,0.038742745269352855,0.5106783515674461,0.04904435641138518,0.2,-0.13999999999999999,0.8,gaussian,True,2.8647889756541165,5;15;25;35;45;55,results/paper5_structure2_alpha52_offset30_h7/structure2_br_bt.csv
0.11367775796273329,1.3553499507287723,0.48589017425271036,0.08871846483369712,0.5106783515674461,0.04904435641138518,0.28,0.26000000000000006,1.7999999999999998,gaussian,True,2.8647889756541165,5;15;25;35;45;55,results/paper5_structure2_alpha52_offset30_h7/structure2_br_bt.csv
0.14564878841914572,1.3240042035441526,0.4833524341856067,0.04028473645127425,0.5106783515674461,0.04904435641138518,0.04,-0.09999999999999998,1.7999999999999998,gaussian,True,2.8647889756541165,5;15;25;35;45;55,results/paper5_structure2_alpha52_offset30_h7/structure2_br_bt.csv
0.11439316957710091,1.355455663398226,0.48688048364506714,0.0887368130791112,0.5106783515674461,0.04904435641138518,0.32,0.26000000000000006,1.7999999999999998,gaussian,True,2.8647889756541165,5;15;25;35;45;55,results/paper5_structure2_alpha52_offset30_h7/structure2_br_bt.csv
0.11544716941618498,1.3553024090094206,0.4850912468085725,0.08870286876567375,0.5106783515674461,0.04904435641138518,0.24000000000000002,0.26000000000000006,1.7999999999999998,gaussian,True,2.8647889756541165,5;15;25;35;45;55,results/paper5_structure2_alpha52_offset30_h7/structure2_br_bt.csv
0.13958178488631212,1.3314557471829482,0.48343214488532543,0.0426908762851972,0.5106783515674461,0.04904435641138518,0.08,-0.09999999999999998,2.1999999999999997,gaussian,True,2.8647889756541165,5;15;25;35;45;55,results/paper5_structure2_alpha52_offset30_h7/structure2_br_bt.csv
0.14172477069381814,1.3295202662423242,0.48340503666029044,0.04422220273179991,0.5106783515674461,0.04904435641138518,0.08,-0.09999999999999998,2.6,gaussian,True,2.8647889756541165,5;15;25;35;45;55,results/paper5_structure2_alpha52_offset30_h7/structure2_br_bt.csv
0.14068121535307176,1.331757934121148,0.4834179404878809,0.04357690842020988,0.5106783515674461,0.04904435641138518,0.08,-0.09999999999999998,2.4,gaussian,True,2.8647889756541165,5;15;25;35;45;55,results/paper5_structure2_alpha52_offset30_h7/structure2_br_bt.csv
0.1483949857975444,1.32494644523796,0.48334646424645633,0.04462617941929385,0.5106783515674461,0.04904435641138518,0.04,-0.09999999999999998,2.8000000000000003,gaussian,True,2.8647889756541165,5;15;25;35;45;55,results/paper5_structure2_alpha52_offset30_h7/structure2_br_bt.csv
0.12879230609557968,1.3446285908674436,0.4838415907815345,0.08241881484857168,0.5106783515674461,0.04904435641138518,0.16,0.22000000000000006,2.1999999999999997,gaussian,True,2.8647889756541165,5;15;25;35;45;55,results/paper5_structure2_alpha52_offset30_h7/structure2_br_bt.csv
0.11788773238601905,1.3556274367037469,0.4880851329985211,0.08875824439454347,0.5106783515674461,0.04904435641138518,0.36,0.26000000000000006,1.7999999999999998,gaussian,True,2.8647889756541165,5;15;25;35;45;55,results/paper5_structure2_alpha52_offset30_h7/structure2_br_bt.csv
0.11929754839631719,1.3553061008932716,0.48446322484868515,0.08868973235528586,0.5106783515674461,0.04904435641138518,0.2,0.26000000000000006,1.7999999999999998,gaussian,True,2.8647889756541165,5;15;25;35;45;55,results/paper5_structure2_alpha52_offset30_h7/structure2_br_bt.csv
0.14620408851584757,1.3289513438121285,0.4833506043808867,0.04157374135845033,0.5106783515674461,0.04904435641138518,0.04,-0.09999999999999998,1.9999999999999998,gaussian,True,2.8647889756541165,5;15;25;35;45;55,results/paper5_structure2_alpha52_offset30_h7/structure2_br_bt.csv
0.12053576315614152,1.3552650943934288,0.4839547036851011,0.03872472886933576,0.5106783515674461,0.04904435641138518,0.16,-0.13999999999999999,0.8,gaussian,True,2.8647889756541165,5;15;25;35;45;55,results/paper5_structure2_alpha52_offset30_h7/structure2_br_bt.csv
0.14788762440131842,1.3297094230964832,0.48334706602753313,0.044216805228753014,0.5106783515674461,0.04904435641138518,0.04,-0.09999999999999998,2.6,gaussian,True,2.8647889756541165,5;15;25;35;45;55,results/paper5_structure2_alpha52_offset30_h7/structure2_br_bt.csv
0.14677922777680888,1.3316441257546865,0.4833490871878727,0.04268293792905608,0.5106783515674461,0.04904435641138518,0.04,-0.09999999999999998,2.1999999999999997,gaussian,True,2.8647889756541165,5;15;25;35;45;55,results/paper5_structure2_alpha52_offset30_h7/structure2_br_bt.csv
0.14734602800097252,1.33194778522251,0.4833479197332849,0.04357031774411358,0.5106783515674461,0.04904435641138518,0.04,-0.09999999999999998,2.4,gaussian,True,2.8647889756541165,5;15;25;35;45;55,results/paper5_structure2_alpha52_offset30_h7/structure2_br_bt.csv
0.1347490063560919,1.3446970375509195,0.4835619429110368,0.08240891878269803,0.5106783515674461,0.04904435641138518,0.12,0.22000000000000006,2.1999999999999997,gaussian,True,2.8647889756541165,5;15;25;35;45;55,results/paper5_structure2_alpha52_offset30_h7/structure2_br_bt.csv
0.12479010956539789,1.355354915762009,0.48398783104268406,0.08867879648616059,0.5106783515674461,0.04904435641138518,0.16,0.26000000000000006,1.7999999999999998,gaussian,True,2.8647889756541165,5;15;25;35;45;55,results/paper5_structure2_alpha52_offset30_h7/structure2_br_bt.csv
0.12822090418793594,1.355317834249225,0.48366216139147034,0.03870969990018434,0.5106783515674461,0.04904435641138518,0.12,-0.13999999999999999,0.8,gaussian,True,2.8647889756541165,5;15;25;35;45;55,results/paper5_structure2_alpha52_offset30_h7/structure2_br_bt.csv
0.14140140047062327,1.344795398945647,0.4833875137732012,0.08240079154876183,0.5106783515674461,0.04904435641138518,0.08,0.22000000000000006,2.1999999999999997,gaussian,True,2.8647889756541165,5;15;25;35;45;55,results/paper5_structure2_alpha52_offset30_h7/structure2_br_bt.csv
0.13151351267776618,1.3554434623501597,0.48364873851825463,0.0886698311919027,0.5106783515674461,0.04904435641138518,0.12,0.26000000000000006,1.7999999999999998,gaussian,True,2.8647889756541165,5;15;25;35;45;55,results/paper5_structure2_alpha52_offset30_h7/structure2_br_bt.csv
0.13656877569097534,1.355400411327133,0.48346396978169026,0.03869751537538954,0.5106783515674461,0.04904435641138518,0.08,-0.13999999999999999,0.8,gaussian,True,2.8647889756541165,5;15;25;35;45;55,results/paper5_structure2_alpha52_offset30_h7/structure2_br_bt.csv
0.14851590893238054,1.3449193480129538,0.4833048671685908,0.08239422273455346,0.5106783515674461,0.04904435641138518,0.04,0.22000000000000006,2.1999999999999997,gaussian,True,2.8647889756541165,5;15;25;35;45;55,results/paper5_structure2_alpha52_offset30_h7/structure2_br_bt.csv
0.13911787316801616,1.355566976707446,0.48343135172735463,0.08866263200508168,0.5106783515674461,0.04904435641138518,0.08,0.26000000000000006,1.7999999999999998,gaussian,True,2.8647889756541165,5;15;25;35;45;55,results/paper5_structure2_alpha52_offset30_h7/structure2_br_bt.csv
0.14540993379828454,1.355511271521855,0.4833555399836619,0.03868803883231422,0.5106783515674461,0.04904435641138518,0.04,-0.13999999999999999,0.8,gaussian,True,2.8647889756541165,5;15;25;35;45;55,results/paper5_structure2_alpha52_offset30_h7/structure2_br_bt.csv
0.1473237508199746,1.3557212431019923,0.48332261320089775,0.08865701681460829,0.5106783515674461,0.04904435641138518,0.04,0.26000000000000006,1.7999999999999998,gaussian,True,2.8647889756541165,5;15;25;35;45;55,results/paper5_structure2_alpha52_offset30_h7/structure2_br_bt.csv
0.09968967393604168,1.4384404642586979,0.4865999259948516,0.04173923226591755,0.5106783515674461,0.04904435641138518,0.32,-0.13999999999999999,1.0,gaussian,True,2.8647889756541165,5;15;25;35;45;55,results/paper5_structure2_alpha52_offset30_h7/structure2_br_bt.csv
0.10016941536667813,1.4385821579969418,0.48759061163435724,0.04177422845777631,0.5106783515674461,0.04904435641138518,0.36,-0.13999999999999999,1.0,gaussian,True,2.8647889756541165,5;15;25;35;45;55,results/paper5_structure2_alpha52_offset30_h7/structure2_br_bt.csv
0.10158134822579279,1.4383437253251359,0.4857573597293291,0.04170847052016882,0.5106783515674461,0.04904435641138518,0.28,-0.13999999999999999,1.0,gaussian,True,2.8647889756541165,5;15;25;35;45;55,results/paper5_structure2_alpha52_offset30_h7/structure2_br_bt.csv
0.1107808416472207,1.4319397516237318,0.4860093363232859,0.09615751600167008,0.5106783515674461,0.04904435641138518,0.28,0.30000000000000004,1.5999999999999999,gaussian,True,2.8647889756541165,5;15;25;35;45;55,results/paper5_structure2_alpha52_offset30_h7/structure2_br_bt.csv
0.11129910883115901,1.4320356933808431,0.4870168865981343,0.09617390888650922,0.5106783515674461,0.04904435641138518,0.32,0.30000000000000004,1.5999999999999999,gaussian,True,2.8647889756541165,5;15;25;35;45;55,results/paper5_structure2_alpha52_offset30_h7/structure2_br_bt.csv
0.105565113462099,1.4382890203079415,0.48505429104593584,0.041681691268098515,0.5106783515674461,0.04904435641138518,0.24000000000000002,-0.13999999999999999,1.0,gaussian,True,2.8647889756541165,5;15;25;35;45;55,results/paper5_structure2_alpha52_offset30_h7/structure2_br_bt.csv
0.11280668537118775,1.4318981426099409,0.48518927434807196,0.09614355494568826,0.5106783515674461,0.04904435641138518,0.24000000000000002,0.30000000000000004,1.5999999999999999,gaussian,True,2.8647889756541165,5;15;25;35;45;55,results/paper5_structure2_alpha52_offset30_h7/structure2_br_bt.csv
0.11463163837916988,1.4321924271014441,0.4882315939892091,0.09619299326879853,0.5106783515674461,0.04904435641138518,0.36,0.30000000000000004,1.5999999999999999,gaussian,True,2.8647889756541165,5;15;25;35;45;55,results/paper5_structure2_alpha52_offset30_h7/structure2_br_bt.csv
0.12018505757531153,1.4275204254959697,0.48603936117037283,0.08479404864070132,0.5106783515674461,0.04904435641138518,0.32,0.22000000000000006,2.4,gaussian,True,2.8647889756541165,5;15;25;35;45;55,results/paper5_structure2_alpha52_offset30_h7/structure2_br_bt.csv
0.12030486565425347,1.4274142448087215,0.48523579650802356,0.08477510593647956,0.5106783515674461,0.04904435641138518,0.28,0.22000000000000006,2.4,gaussian,True,2.8647889756541165,5;15;25;35;45;55,results/paper5_structure2_alpha52_offset30_h7/structure2_br_bt.csv
0.11697941698865678,1.4319050983569264,0.48453887539990415,0.0961317928934507,0.5106783515674461,0.04904435641138518,0.2,0.30000000000000004,1.5999999999999999,gaussian,True,2.8647889756541165,5;15;25;35;45;55,results/paper5_structure2_alpha52_offset30_h7/structure2_br_bt.csv
0.11128211616460293,1.4382736173840283,0.48448253390319984,0.04165865758937341,0.5106783515674461,0.04904435641138518,0.2,-0.13999999999999999,1.0,gaussian,True,2.8647889756541165,5;15;25;35;45;55,results/paper5_structure2_alpha52_offset30_h7/structure2_br_bt.csv
0.1223699692921684,1.4273575640200844,0.48460407888484064,0.084758994079635,0.5106783515674461,0.04904435641138518,0.24000000000000002,0.22000000000000006,2.4,gaussian,True,2.8647889756541165,5;15;25;35;45;55,results/paper5_structure2_alpha52_offset30_h7/structure2_br_bt.csv
0.122392520106596,1.427685103576419,0.4870427979218861,0.08481626202687567,0.5106783515674461,0.04904435641138518,0.36,0.22000000000000006,2.4,gaussian,True,2.8647889756541165,5;15;25;35;45;55,results/paper5_structure2_alpha52_offset30_h7/structure2_br_bt.csv
0.12597929441262362,1.4273428037443103,0.48412030279401685,0.08474533882014387,0.5106783515674461,0.04904435641138518,0.2,0.22000000000000006,2.4,gaussian,True,2.8647889756541165,5;15;25;35;45;55,results/paper5_structure2_alpha52_offset30_h7/structure2_br_bt.csv
0.12285533088106354,1.4319554612955723,0.48404197997505577,0.09612202076872037,0.5106783515674461,0.04904435641138518,0.16,0.30000000000000004,1.5999999999999999,gaussian,True,2.8647889756541165,5;15;25;35;45;55,results/paper5_structure2_alpha52_offset30_h7/structure2_br_bt.csv
0.11836349507901438,1.4382949604952404,0.48403431979948636,0.04163914664694904,0.5106783515674461,0.04904435641138518,0.16,-0.13999999999999999,1.0,gaussian,True,2.8647889756541165,5;15;25;35;45;55,results/paper5_structure2_alpha52_offset30_h7/structure2_br_bt.csv
0.13075744822697075,1.4273635579942132,0.4837640238799172,0.08473382050862405,0.5106783515674461,0.04904435641138518,0.16,0.22000000000000006,2.4,gaussian,True,2.8647889756541165,5;15;25;35;45;55,results/paper5_structure2_alpha52_offset30_h7/structure2_br_bt.csv
0.13001358919475658,1.4320446138534277,0.4836839340578479,0.09611405054662396,0.5106783515674461,0.04904435641138518,0.12,0.30000000000000004,1.5999999999999999,gaussian,True,2.8647889756541165,5;15;25;35;45;55,results/paper5_structure2_alpha52_offset30_h7/structure2_br_bt.csv
0.13638130609562232,1.427414395922189,0.4835177147346223,0.08472416515993572,0.5106783515674461,0.04904435641138518,0.12,0.22000000000000006,2.4,gaussian,True,2.8647889756541165,5;15;25;35;45;55,results/paper5_structure2_alpha52_offset30_h7/structure2_br_bt.csv
0.1264771036905189,1.4383506570736866,0.48370227998996296,0.04162294880150314,0.5106783515674461,0.04904435641138518,0.12,-0.13999999999999999,1.0,gaussian,True,2.8647889756541165,5;15;25;35;45;55,results/paper5_structure2_alpha52_offset30_h7/structure2_br_bt.csv
0.14258868756541712,1.4274907003766475,0.4833663135665385,0.08471613714443368,0.5106783515674461,0.04904435641138518,0.08,0.22000000000000006,2.4,gaussian,True,2.8647889756541165,5;15;25;35;45;55,results/paper5_structure2_alpha52_offset30_h7/structure2_br_bt.csv
0.13809471950044044,1.432168416977835,0.48345144459561346,0.09610771289703397,0.5106783515674461,0.04904435641138518,0.08,0.30000000000000004,1.5999999999999999,gaussian,True,2.8647889756541165,5;15;25;35;45;55,results/paper5_structure2_alpha52_offset30_h7/structure2_br_bt.csv
0.13534727316667017,1.438438466706495,0.48347942813985306,0.04160986678470258,0.5106783515674461,0.04904435641138518,0.08,-0.13999999999999999,1.0,gaussian,True,2.8647889756541165,5;15;25;35;45;55,results/paper5_structure2_alpha52_offset30_h7/structure2_br_bt.csv
0.1491752975113187,1.4275885358039466,0.48329684867346034,0.08470953318069634,0.5106783515674461,0.04904435641138518,0.04,0.22000000000000006,2.4,gaussian,True,2.8647889756541165,5;15;25;35;45;55,results/paper5_structure2_alpha52_offset30_h7/structure2_br_bt.csv
0.14681136806882944,1.4323231563561736,0.48333244916916906,0.09610285512133536,0.5106783515674461,0.04904435641138518,0.04,0.30000000000000004,1.5999999999999999,gaussian,True,2.8647889756541165,5;15;25;35;45;55,results/paper5_structure2_alpha52_offset30_h7/structure2_br_bt.csv
0.14475613236415594,1.4385562906616258,0.48335914342477354,0.041599714927215,0.5106783515674461,0.04904435641138518,0.04,-0.13999999999999999,1.0,gaussian,True,2.8647889756541165,5;15;25;35;45;55,results/paper5_structure2_alpha52_offset30_h7/structure2_br_bt.csv
0.10177100085148334,1.491349348207219,0.4868958527557935,0.04446297933098782,0.5106783515674461,0.04904435641138518,0.32,-0.13999999999999999,1.2,gaussian,True,2.8647889756541165,5;15;25;35;45;55,results/paper5_structure2_alpha52_offset30_h7/structure2_br_bt.csv
0.10267211012068836,1.491247923029353,0.48596180133994776,0.044430635519858624,0.5106783515674461,0.04904435641138518,0.28,-0.13999999999999999,1.2,gaussian,True,2.8647889756541165,5;15;25;35;45;55,results/paper5_structure2_alpha52_offset30_h7/structure2_br_bt.csv
0.1035446641456491,1.4915009465922466,0.48800285713590363,0.04450003895658193,0.5106783515674461,0.04904435641138518,0.36,-0.13999999999999999,1.2,gaussian,True,2.8647889756541165,5;15;25;35;45;55,results/paper5_structure2_alpha52_offset30_h7/structure2_br_bt.csv
0.1059696359393384,1.491192733202121,0.48518854107277876,0.04440267016714516,0.5106783515674461,0.04904435641138518,0.24000000000000002,-0.13999999999999999,1.2,gaussian,True,2.8647889756541165,5;15;25;35;45;55,results/paper5_structure2_alpha52_offset30_h7/structure2_br_bt.csv
0.11126694394983835,1.4911801508480842,0.4845646971572905,0.04437877073312558,0.5106783515674461,0.04904435641138518,0.2,-0.13999999999999999,1.2,gaussian,True,2.8647889756541165,5;15;25;35;45;55,results/paper5_structure2_alpha52_offset30_h7/structure2_br_bt.csv
0.11640084220538723,1.4911078965508973,0.48570357981305273,0.09277871906762795,0.5106783515674461,0.04904435641138518,0.28,0.26000000000000006,1.9999999999999998,gaussian,True,2.8647889756541165,5;15;25;35;45;55,results/paper5_structure2_alpha52_offset30_h7/structure2_br_bt.csv
0.11701508641901923,1.4912101245095775,0.486648367220357,0.09279658446438915,0.5106783515674461,0.04904435641138518,0.32,0.26000000000000006,1.9999999999999998,gaussian,True,2.8647889756541165,5;15;25;35;45;55,results/paper5_structure2_alpha52_offset30_h7/structure2_br_bt.csv
0.11813391163305727,1.4910578993832948,0.484948087518456,0.09276353242146428,0.5106783515674461,0.04904435641138518,0.24000000000000002,0.26000000000000006,1.9999999999999998,gaussian,True,2.8647889756541165,5;15;25;35;45;55,results/paper5_structure2_alpha52_offset30_h7/structure2_br_bt.csv
0.1181361235605029,1.491206831437459,0.48407963433665585,0.04435864752037033,0.5106783515674461,0.04904435641138518,0.16,-0.13999999999999999,1.2,gaussian,True,2.8647889756541165,5;15;25;35;45;55,results/paper5_structure2_alpha52_offset30_h7/structure2_br_bt.csv
0.12030374861108496,1.4913725104152225,0.48780797935769915,0.09281748476975486,0.5106783515674461,0.04904435641138518,0.36,0.26000000000000006,1.9999999999999998,gaussian,True,2.8647889756541165,5;15;25;35;45;55,results/paper5_structure2_alpha52_offset30_h7/structure2_br_bt.csv
0.12144349692793985,1.4910981173530125,0.48571902952378954,0.08648095941507397,0.5106783515674461,0.04904435641138518,0.32,0.22000000000000006,2.6,gaussian,True,2.8647889756541165,5;15;25;35;45;55,results/paper5_structure2_alpha52_offset30_h7/structure2_br_bt.csv
0.12180551758359857,1.4910532679039614,0.48435947324031026,0.09275071396302864,0.5106783515674461,0.04904435641138518,0.2,0.26000000000000006,1.9999999999999998,gaussian,True,2.8647889756541165,5;15;25;35;45;55,results/paper5_structure2_alpha52_offset30_h7/structure2_br_bt.csv
0.12203322121944424,1.4909961103276756,0.4849958060180429,0.08646289472889757,0.5106783515674461,0.04904435641138518,0.28,0.22000000000000006,2.6,gaussian,True,2.8647889756541165,5;15;25;35;45;55,results/paper5_structure2_alpha52_offset30_h7/structure2_br_bt.csv
0.12295608968518039,1.491252971968256,0.4866294734671853,0.08650213533172904,0.5106783515674461,0.04904435641138518,0.36,0.22000000000000006,2.6,gaussian,True,2.8647889756541165,5;15;25;35;45;55,results/paper5_structure2_alpha52_offset30_h7/structure2_br_bt.csv
0.1243341047278836,1.490938338965239,0.484431782767122,0.08644750141626713,0.5106783515674461,0.04904435641138518,0.24000000000000002,0.22000000000000006,2.6,gaussian,True,2.8647889756541165,5;15;25;35;45;55,results/paper5_structure2_alpha52_offset30_h7/structure2_br_bt.csv
0.12618345944589715,1.4912696896747368,0.4837234118755039,0.044342031869525934,0.5106783515674461,0.04904435641138518,0.12,-0.13999999999999999,1.2,gaussian,True,2.8647889756541165,5;15;25;35;45;55,results/paper5_structure2_alpha52_offset30_h7/structure2_br_bt.csv
0.12699148190184392,1.491088043319686,0.4839180267763005,0.09273999219097091,0.5106783515674461,0.04904435641138518,0.16,0.26000000000000006,1.9999999999999998,gaussian,True,2.8647889756541165,5;15;25;35;45;55,results/paper5_structure2_alpha52_offset30_h7/structure2_br_bt.csv
0.12796356268825013,1.4909176369227892,0.4840033669233482,0.08643440915710447,0.5106783515674461,0.04904435641138518,0.2,0.22000000000000006,2.6,gaussian,True,2.8647889756541165,5;15;25;35;45;55,results/paper5_structure2_alpha52_offset30_h7/structure2_br_bt.csv
0.13257984840988452,1.4909280175786117,0.4836906287919458,0.08642330479447263,0.5106783515674461,0.04904435641138518,0.16,0.22000000000000006,2.6,gaussian,True,2.8647889756541165,5;15;25;35;45;55,results/paper5_structure2_alpha52_offset30_h7/structure2_br_bt.csv
0.13330348748272444,1.4911570425597436,0.48360639560823937,0.09273112917401775,0.5106783515674461,0.04904435641138518,0.12,0.26000000000000006,1.9999999999999998,gaussian,True,2.8647889756541165,5;15;25;35;45;55,results/paper5_structure2_alpha52_offset30_h7/structure2_br_bt.csv
0.13508035412950636,1.4913658776428023,0.4834867409046513,0.04432867450924533,0.5106783515674461,0.04904435641138518,0.08,-0.13999999999999999,1.2,gaussian,True,2.8647889756541165,5;15;25;35;45;55,results/paper5_structure2_alpha52_offset30_h7/structure2_br_bt.csv
0.1003733059520158,1.5266666332795118,0.48700924104392734,0.04607630311916961,0.5106783515674461,0.04904435641138518,0.36,-0.18,0.8,gaussian,True,2.8647889756541165,5;15;25;35;45;55,results/paper5_structure2_alpha52_offset30_h7/structure2_br_bt.csv
0.10108713393651378,1.5265562062257025,0.4861694724659742,0.04604960458020747,0.5106783515674461,0.04904435641138518,0.32,-0.18,0.8,gaussian,True,2.8647889756541165,5;15;25;35;45;55,results/paper5_structure2_alpha52_offset30_h7/structure2_br_bt.csv
0.13789748808029456,1.4909644619416687,0.48347668138496164,0.08641392241247829,0.5106783515674461,0.04904435641138518,0.12,0.22000000000000006,2.6,gaussian,True,2.8647889756541165,5;15;25;35;45;55,results/paper5_structure2_alpha52_offset30_h7/structure2_br_bt.csv
0.1037112073901811,1.5264803754305274,0.48544987386245175,0.046025974312760926,0.5106783515674461,0.04904435641138518,0.28,-0.18,0.8,gaussian,True,2.8647889756541165,5;15;25;35;45;55,results/paper5_structure2_alpha52_offset30_h7/structure2_br_bt.csv
0.10533685241675522,1.5258241384018403,0.4860540762865744,0.04698662816849412,0.5106783515674461,0.04904435641138518,0.28,-0.13999999999999999,1.4,gaussian,True,2.8647889756541165,5;15;25;35;45;55,results/paper5_structure2_alpha52_offset30_h7/structure2_br_bt.csv
0.10530831303693242,1.52592206221895,0.48704370469849695,0.04701928308170197,0.5106783515674461,0.04904435641138518,0.32,-0.13999999999999999,1.4,gaussian,True,2.8647889756541165,5;15;25;35;45;55,results/paper5_structure2_alpha52_offset30_h7/structure2_br_bt.csv
0.14041503619107149,1.4912557483966673,0.4834092837983911,0.09272391591858822,0.5106783515674461,0.04904435641138518,0.08,0.26000000000000006,1.9999999999999998,gaussian,True,2.8647889756541165,5;15;25;35;45;55,results/paper5_structure2_alpha52_offset30_h7/structure2_br_bt.csv
0.10792587532498074,1.5257752722944755,0.4852415987634243,0.04695860074541163,0.5106783515674461,0.04904435641138518,0.24000000000000002,-0.13999999999999999,1.4,gaussian,True,2.8647889756541165,5;15;25;35;45;55,results/paper5_structure2_alpha52_offset30_h7/structure2_br_bt.csv
0.1081088671081513,1.5260740318147767,0.4882264355428522,0.04705698749737917,0.5106783515674461,0.04904435641138518,0.36,-0.13999999999999999,1.4,gaussian,True,2.8647889756541165,5;15;25;35;45;55,results/paper5_structure2_alpha52_offset30_h7/structure2_br_bt.csv
0.10800893400435434,1.5264373510050924,0.48484488216513866,0.04600526511405858,0.5106783515674461,0.04904435641138518,0.24000000000000002,-0.18,0.8,gaussian,True,2.8647889756541165,5;15;25;35;45;55,results/paper5_structure2_alpha52_offset30_h7/structure2_br_bt.csv
0.14368913272149422,1.491022748455175,0.48334717449961584,0.08640603533163431,0.5106783515674461,0.04904435641138518,0.08,0.22000000000000006,2.6,gaussian,True,2.8647889756541165,5;15;25;35;45;55,results/paper5_structure2_alpha52_offset30_h7/structure2_br_bt.csv
0.1445681765945723,1.491492764973251,0.48336094403921737,0.04431834404613296,0.5106783515674461,0.04904435641138518,0.04,-0.13999999999999999,1.2,gaussian,True,2.8647889756541165,5;15;25;35;45;55,results/paper5_structure2_alpha52_offset30_h7/structure2_br_bt.csv
0.11266836564065305,1.5257709392383811,0.4845915834470676,0.04693481570573364,0.5106783515674461,0.04904435641138518,0.2,-0.13999999999999999,1.4,gaussian,True,2.8647889756541165,5;15;25;35;45;55,results/paper5_structure2_alpha52_offset30_h7/structure2_br_bt.csv
0.14806664896149896,1.4913802166804802,0.48331319197137657,0.09271816844742739,0.5106783515674461,0.04904435641138518,0.04,0.26000000000000006,1.9999999999999998,gaussian,True,2.8647889756541165,5;15;25;35;45;55,results/paper5_structure2_alpha52_offset30_h7/structure2_br_bt.csv
0.11370304998494203,1.526425434745678,0.48434913843758104,0.04598733675919474,0.5106783515674461,0.04904435641138518,0.2,-0.18,0.8,gaussian,True,2.8647889756541165,5;15;25;35;45;55,results/paper5_structure2_alpha52_offset30_h7/structure2_br_bt.csv
0.14977963516952006,1.4910993156572607,0.4832898804692163,0.08639944961408623,0.5106783515674461,0.04904435641138518,0.04,0.22000000000000006,2.6,gaussian,True,2.8647889756541165,5;15;25;35;45;55,results/paper5_structure2_alpha52_offset30_h7/structure2_br_bt.csv
0.11910976951922182,1.5258070309140581,0.48409050535157705,0.046914921314877886,0.5106783515674461,0.04904435641138518,0.16,-0.13999999999999999,1.4,gaussian,True,2.8647889756541165,5;15;25;35;45;55,results/paper5_structure2_alpha52_offset30_h7/structure2_br_bt.csv
0.12051745576222904,1.5264430150452157,0.4839574833285345,0.045972055654535035,0.5106783515674461,0.04904435641138518,0.16,-0.18,0.8,gaussian,True,2.8647889756541165,5;15;25;35;45;55,results/paper5_structure2_alpha52_offset30_h7/structure2_br_bt.csv
0.12682311001998847,1.5258798135394545,0.4837259115575608,0.046898596047128184,0.5106783515674461,0.04904435641138518,0.12,-0.13999999999999999,1.4,gaussian,True,2.8647889756541165,5;15;25;35;45;55,results/paper5_structure2_alpha52_offset30_h7/structure2_br_bt.csv
0.1282038346501231,1.5264885621134743,0.4836649524229675,0.04595929450910313,0.5106783515674461,0.04904435641138518,0.12,-0.18,0.8,gaussian,True,2.8647889756541165,5;15;25;35;45;55,results/paper5_structure2_alpha52_offset30_h7/structure2_br_bt.csv
0.10842768860235562,1.5501084717083267,0.486037512931771,0.049390055475856114,0.5106783515674461,0.04904435641138518,0.28,-0.13999999999999999,1.5999999999999999,gaussian,True,2.8647889756541165,5;15;25;35;45;55,results/paper5_structure2_alpha52_offset30_h7/structure2_br_bt.csv
0.10895747844736235,1.5501945925210647,0.4870450241147574,0.049421774018172035,0.5106783515674461,0.04904435641138518,0.32,-0.13999999999999999,1.5999999999999999,gaussian,True,2.8647889756541165,5;15;25;35;45;55,results/paper5_structure2_alpha52_offset30_h7/structure2_br_bt.csv
0.12257388787421732,1.5371976021296667,0.4854133135699522,0.08755991221149594,0.5106783515674461,0.04904435641138518,0.32,0.22000000000000006,2.8000000000000003,gaussian,True,2.8647889756541165,5;15;25;35;45;55,results/paper5_structure2_alpha52_offset30_h7/structure2_br_bt.csv
0.11049637116515432,1.5500724480043935,0.4852174800338109,0.04936305145996266,0.5106783515674461,0.04904435641138518,0.24000000000000002,-0.13999999999999999,1.5999999999999999,gaussian,True,2.8647889756541165,5;15;25;35;45;55,results/paper5_structure2_alpha52_offset30_h7/structure2_br_bt.csv
0.12362290163174637,1.5371003613558942,0.48476954952775003,0.08754274151689415,0.5106783515674461,0.04904435641138518,0.28,0.22000000000000006,2.8000000000000003,gaussian,True,2.8647889756541165,5;15;25;35;45;55,results/paper5_structure2_alpha52_offset30_h7/structure2_br_bt.csv
0.12338847879390931,1.5373426085910944,0.4862299570675436,0.08758002735448854,0.5106783515674461,0.04904435641138518,0.36,0.22000000000000006,2.8000000000000003,gaussian,True,2.8647889756541165,5;15;25;35;45;55,results/paper5_structure2_alpha52_offset30_h7/structure2_br_bt.csv
0.13544805133903454,1.525985890691758,0.48348633657770684,0.04688554575047705,0.5106783515674461,0.04904435641138518,0.08,-0.13999999999999999,1.4,gaussian,True,2.8647889756541165,5;15;25;35;45;55,results/paper5_structure2_alpha52_offset30_h7/structure2_br_bt.csv
0.1123598129475577,1.550336773518323,0.4882596814180582,0.04945870504358923,0.5106783515674461,0.04904435641138518,0.36,-0.13999999999999999,1.5999999999999999,gaussian,True,2.8647889756541165,5;15;25;35;45;55,results/paper5_structure2_alpha52_offset30_h7/structure2_br_bt.csv
0.13655287922575868,1.5265606234856084,0.48346677150048434,0.04594893202298629,0.5106783515674461,0.04904435641138518,0.08,-0.18,0.8,gaussian,True,2.8647889756541165,5;15;25;35;45;55,results/paper5_structure2_alpha52_offset30_h7/structure2_br_bt.csv
0.12614909552569814,1.5370427166560305,0.48427130463218787,0.08752808159869983,0.5106783515674461,0.04904435641138518,0.24000000000000002,0.22000000000000006,2.8000000000000003,gaussian,True,2.8647889756541165,5;15;25;35;45;55,results/paper5_structure2_alpha52_offset30_h7/structure2_br_bt.csv
0.11475285322057541,1.5500811975208881,0.48456710106168677,0.04934031442120595,0.5106783515674461,0.04904435641138518,0.2,-0.13999999999999999,1.5999999999999999,gaussian,True,2.8647889756541165,5;15;25;35;45;55,results/paper5_structure2_alpha52_offset30_h7/structure2_br_bt.csv
0.12979641832955893,1.537017944796911,0.48389581433353557,0.08751557077616076,0.5106783515674461,0.04904435641138518,0.2,0.22000000000000006,2.8000000000000003,gaussian,True,2.8647889756541165,5;15;25;35;45;55,results/paper5_structure2_alpha52_offset30_h7/structure2_br_bt.csv
0.14469978828969435,1.526122170192113,0.48336122421735644,0.04687550110263781,0.5106783515674461,0.04904435641138518,0.04,-0.13999999999999999,1.4,gaussian,True,2.8647889756541165,5;15;25;35;45;55,results/paper5_structure2_alpha52_offset30_h7/structure2_br_bt.csv
0.12073691070969647,1.550129960626509,0.484070217359195,0.04932144158937041,0.5106783515674461,0.04904435641138518,0.16,-0.13999999999999999,1.5999999999999999,gaussian,True,2.8647889756541165,5;15;25;35;45;55,results/paper5_structure2_alpha52_offset30_h7/structure2_br_bt.csv
0.13425957521274431,1.5370204881893523,0.48362406380001843,0.0875049058796696,0.5106783515674461,0.04904435641138518,0.16,0.22000000000000006,2.8000000000000003,gaussian,True,2.8647889756541165,5;15;25;35;45;55,results/paper5_structure2_alpha52_offset30_h7/structure2_br_bt.csv
0.14539512356201031,1.5266578198001528,0.48335835171286395,0.045940852591849955,0.5106783515674461,0.04904435641138518,0.04,-0.18,0.8,gaussian,True,2.8647889756541165,5;15;25;35;45;55,results/paper5_structure2_alpha52_offset30_h7/structure2_br_bt.csv
0.13929039374161845,1.537045734054481,0.48344011206017357,0.08749583158216467,0.5106783515674461,0.04904435641138518,0.12,0.22000000000000006,2.8000000000000003,gaussian,True,2.8647889756541165,5;15;25;35;45;55,results/paper5_structure2_alpha52_offset30_h7/structure2_br_bt.csv
0.12801344030339665,1.5502144766997887,0.4837121756948585,0.049306070037057385,0.5106783515674461,0.04904435641138518,0.12,-0.13999999999999999,1.5999999999999999,gaussian,True,2.8647889756541165,5;15;25;35;45;55,results/paper5_structure2_alpha52_offset30_h7/structure2_br_bt.csv
0.11134036629650587,1.5676129300307173,0.4859283090016351,0.051577673630779766,0.5106783515674461,0.04904435641138518,0.28,-0.13999999999999999,1.7999999999999998,gaussian,True,2.8647889756541165,5;15;25;35;45;55,results/paper5_structure2_alpha52_offset30_h7/structure2_br_bt.csv
0.11207390598297455,1.5676794787520927,0.48691873328656715,0.05160741219118647,0.5106783515674461,0.04904435641138518,0.32,-0.13999999999999999,1.7999999999999998,gaussian,True,2.8647889756541165,5;15;25;35;45;55,results/paper5_structure2_alpha52_offset30_h7/structure2_br_bt.csv
0.11314329622134084,1.567595617180564,0.4851292594453104,0.05155258243943912,0.5106783515674461,0.04904435641138518,0.24000000000000002,-0.13999999999999999,1.7999999999999998,gaussian,True,2.8647889756541165,5;15;25;35;45;55,results/paper5_structure2_alpha52_offset30_h7/structure2_br_bt.csv
0.1446947078788232,1.5370898395421444,0.48333054925082686,0.08748813189738117,0.5106783515674461,0.04904435641138518,0.08,0.22000000000000006,2.8000000000000003,gaussian,True,2.8647889756541165,5;15;25;35;45;55,results/paper5_structure2_alpha52_offset30_h7/structure2_br_bt.csv
0.11564182649507594,1.5678020181769792,0.4881234889787244,0.05164235643342805,0.5106783515674461,0.04904435641138518,0.36,-0.13999999999999999,1.7999999999999998,gaussian,True,2.8647889756541165,5;15;25;35;45;55,results/paper5_structure2_alpha52_offset30_h7/structure2_br_bt.csv
0.11706665798320408,1.5676216053200753,0.4845011093457366,0.051531644330110656,0.5106783515674461,0.04904435641138518,0.2,-0.13999999999999999,1.7999999999999998,gaussian,True,2.8647889756541165,5;15;25;35;45;55,results/paper5_structure2_alpha52_offset30_h7/structure2_br_bt.csv
0.13621306648339312,1.5503309271931978,0.48347968373981637,0.04929387234260232,0.5106783515674461,0.04904435641138518,0.08,-0.13999999999999999,1.5999999999999999,gaussian,True,2.8647889756541165,5;15;25;35;45;55,results/paper5_structure2_alpha52_offset30_h7/structure2_br_bt.csv
0.15032465930066685,1.537149592365991,0.48328405856482803,0.08748162336095365,0.5106783515674461,0.04904435641138518,0.04,0.22000000000000006,2.8000000000000003,gaussian,True,2.8647889756541165,5;15;25;35;45;55,results/paper5_structure2_alpha52_offset30_h7/structure2_br_bt.csv
0.122656579942616,1.5676856707688143,0.4840255824343307,0.05151442090635477,0.5106783515674461,0.04904435641138518,0.16,-0.13999999999999999,1.7999999999999998,gaussian,True,2.8647889756541165,5;15;25;35;45;55,results/paper5_structure2_alpha52_offset30_h7/structure2_br_bt.csv
0.12366122550997295,1.5680740665186066,0.48513178033397286,0.08808675239864167,0.5106783515674461,0.04904435641138518,0.32,0.22000000000000006,3.0000000000000004,gaussian,True,2.8647889756541165,5;15;25;35;45;55,results/paper5_structure2_alpha52_offset30_h7/structure2_br_bt.csv
0.12382056231498526,1.568209009958605,0.4858580934580786,0.08810580572223985,0.5106783515674461,0.04904435641138518,0.36,0.22000000000000006,3.0000000000000004,gaussian,True,2.8647889756541165,5;15;25;35;45;55,results/paper5_structure2_alpha52_offset30_h7/structure2_br_bt.csv
0.12512563806606042,1.5679823014187242,0.48456334335827905,0.08807047578215141,0.5106783515674461,0.04904435641138518,0.28,0.22000000000000006,3.0000000000000004,gaussian,True,2.8647889756541165,5;15;25;35;45;55,results/paper5_structure2_alpha52_offset30_h7/structure2_br_bt.csv
0.11386668405717228,1.5813394158628513,0.48575177963369104,0.053550307479643205,0.5106783515674461,0.04904435641138518,0.28,-0.13999999999999999,1.9999999999999998,gaussian,True,2.8647889756541165,5;15;25;35;45;55,results/paper5_structure2_alpha52_offset30_h7/structure2_br_bt.csv
0.14504264261280356,1.550475885848195,0.4833606797414606,0.049284552772752774,0.5106783515674461,0.04904435641138518,0.04,-0.13999999999999999,1.5999999999999999,gaussian,True,2.8647889756541165,5;15;25;35;45;55,results/paper5_structure2_alpha52_offset30_h7/structure2_br_bt.csv
0.12784407779189097,1.5679260215710076,0.4841265681964531,0.0880565529450843,0.5106783515674461,0.04904435641138518,0.24000000000000002,0.22000000000000006,3.0000000000000004,gaussian,True,2.8647889756541165,5;15;25;35;45;55,results/paper5_structure2_alpha52_offset30_h7/structure2_br_bt.csv
0.11450156892067079,1.5813805115350383,0.4866969056744592,0.053577328291176354,0.5106783515674461,0.04904435641138518,0.32,-0.13999999999999999,1.9999999999999998,gaussian,True,2.8647889756541165,5;15;25;35;45;55,results/paper5_structure2_alpha52_offset30_h7/structure2_br_bt.csv
0.11563109607287651,1.581344941649336,0.48499594935226537,0.0535277343106255,0.5106783515674461,0.04904435641138518,0.24000000000000002,-0.13999999999999999,1.9999999999999998,gaussian,True,2.8647889756541165,5;15;25;35;45;55,results/paper5_structure2_alpha52_offset30_h7/structure2_br_bt.csv
0.12948846413916967,1.5677832081858767,0.4836863527816923,0.051500522669371135,0.5106783515674461,0.04904435641138518,0.12,-0.13999999999999999,1.7999999999999998,gaussian,True,2.8647889756541165,5;15;25;35;45;55,results/paper5_structure2_alpha52_offset30_h7/structure2_br_bt.csv
0.11786758089931358,1.5814755082514993,0.48785685571452064,0.053609394976855865,0.5106783515674461,0.04904435641138518,0.36,-0.13999999999999999,1.9999999999999998,gaussian,True,2.8647889756541165,5;15;25;35;45;55,results/paper5_structure2_alpha52_offset30_h7/structure2_br_bt.csv
0.13149248230383417,1.5678989590484504,0.48379987890135634,0.08804463409883594,0.5106783515674461,0.04904435641138518,0.2,0.22000000000000006,3.0000000000000004,gaussian,True,2.8647889756541165,5;15;25;35;45;55,results/paper5_structure2_alpha52_offset30_h7/structure2_br_bt.csv
0.11937356692831154,1.581390794123675,0.48440699889073585,0.05350908686728857,0.5106783515674461,0.04904435641138518,0.2,-0.13999999999999999,1.9999999999999998,gaussian,True,2.8647889756541165,5;15;25;35;45;55,results/paper5_structure2_alpha52_offset30_h7/structure2_br_bt.csv
0.13580259037558684,1.567895981494744,0.4835654364042635,0.08803442829797326,0.5106783515674461,0.04904435641138518,0.16,0.22000000000000006,3.0000000000000004,gaussian,True,2.8647889756541165,5;15;25;35;45;55,results/paper5_structure2_alpha52_offset30_h7/structure2_br_bt.csv
0.13720298104204212,1.5679101510534805,0.48346882567477706,0.0514896029915978,0.5106783515674461,0.04904435641138518,0.08,-0.13999999999999999,1.7999999999999998,gaussian,True,2.8647889756541165,5;15;25;35;45;55,results/paper5_structure2_alpha52_offset30_h7/structure2_br_bt.csv
0.12465513417722428,1.5814715180493217,0.4839652190111418,0.053493908733287285,0.5106783515674461,0.04904435641138518,0.16,-0.13999999999999999,1.9999999999999998,gaussian,True,2.8647889756541165,5;15;25;35;45;55,results/paper5_structure2_alpha52_offset30_h7/structure2_br_bt.csv
0.11601772969859811,1.5914501477349572,0.48553519328872285,0.05523749252581629,0.5106783515674461,0.04904435641138518,0.28,-0.13999999999999999,2.1999999999999997,gaussian,True,2.8647889756541165,5;15;25;35;45;55,results/paper5_structure2_alpha52_offset30_h7/structure2_br_bt.csv
0.11634131169194928,1.5914628781521067,0.48641547526956763,0.05526145067792084,0.5106783515674461,0.04904435641138518,0.32,-0.13999999999999999,2.1999999999999997,gaussian,True,2.8647889756541165,5;15;25;35;45;55,results/paper5_structure2_alpha52_offset30_h7/structure2_br_bt.csv
0.14056153922619077,1.5679128671990141,0.4834084287961565,0.08802569225805792,0.5106783515674461,0.04904435641138518,0.12,0.22000000000000006,3.0000000000000004,gaussian,True,2.8647889756541165,5;15;25;35;45;55,results/paper5_structure2_alpha52_offset30_h7/structure2_br_bt.csv
0.11790309944570206,1.5914801099513929,0.4848372481987424,0.0552176907939024,0.5106783515674461,0.04904435641138518,0.24000000000000002,-0.13999999999999999,2.1999999999999997,gaussian,True,2.8647889756541165,5;15;25;35;45;55,results/paper5_structure2_alpha52_offset30_h7/structure2_br_bt.csv
0.12118176164506941,1.5892914374955576,0.48521978672080485,0.05847393995808271,0.5106783515674461,0.04904435641138518,0.32,-0.13999999999999999,3.0000000000000004,gaussian,True,2.8647889756541165,5;15;25;35;45;55,results/paper5_structure2_alpha52_offset30_h7/structure2_br_bt.csv
0.12136701446631079,1.5892369823666375,0.485947444116014,0.058490378518630634,0.5106783515674461,0.04904435641138518,0.36,-0.13999999999999999,3.0000000000000004,gaussian,True,2.8647889756541165,5;15;25;35;45;55,results/paper5_structure2_alpha52_offset30_h7/structure2_br_bt.csv
0.11923890204279126,1.5915258121110076,0.4875053178122071,0.055290182512548164,0.5106783515674461,0.04904435641138518,0.36,-0.13999999999999999,2.1999999999999997,gaussian,True,2.8647889756541165,5;15;25;35;45;55,results/paper5_structure2_alpha52_offset30_h7/structure2_br_bt.csv
0.12265492961890788,1.5893753439823453,0.4846500769802054,0.05846082582023663,0.5106783515674461,0.04904435641138518,0.28,-0.13999999999999999,3.0000000000000004,gaussian,True,2.8647889756541165,5;15;25;35;45;55,results/paper5_structure2_alpha52_offset30_h7/structure2_br_bt.csv
0.1310745953304041,1.5815823760186962,0.4836532579924232,0.0534817998744792,0.5106783515674461,0.04904435641138518,0.12,-0.13999999999999999,1.9999999999999998,gaussian,True,2.8647889756541165,5;15;25;35;45;55,results/paper5_structure2_alpha52_offset30_h7/structure2_br_bt.csv
0.12157627168038802,1.5915463709141264,0.4842980898137643,0.055201514455458976,0.5106783515674461,0.04904435641138518,0.2,-0.13999999999999999,2.1999999999999997,gaussian,True,2.8647889756541165,5;15;25;35;45;55,results/paper5_structure2_alpha52_offset30_h7/structure2_br_bt.csv
0.14560550982452888,1.5679461290860732,0.4833165091396609,0.08801822154180991,0.5106783515674461,0.04904435641138518,0.08,0.22000000000000006,3.0000000000000004,gaussian,True,2.8647889756541165,5;15;25;35;45;55,results/paper5_structure2_alpha52_offset30_h7/structure2_br_bt.csv
0.14551495614944915,1.5680629034051354,0.48335994438190655,0.051481352910593706,0.5106783515674461,0.04904435641138518,0.04,-0.13999999999999999,1.7999999999999998,gaussian,True,2.8647889756541165,5;15;25;35;45;55,results/paper5_structure2_alpha52_offset30_h7/structure2_br_bt.csv
0.11398395076477436,1.600542216884659,0.48589095312115,0.10141291285694105,0.5106783515674461,0.04904435641138518,0.28,0.30000000000000004,1.7999999999999998,gaussian,True,2.8647889756541165,5;15;25;35;45;55,results/paper5_structure2_alpha52_offset30_h7/structure2_br_bt.csv
0.1254079222863933,1.5894824377277617,0.48421209613238436,0.05845048631776358,0.5106783515674461,0.04904435641138518,0.24000000000000002,-0.13999999999999999,3.0000000000000004,gaussian,True,2.8647889756541165,5;15;25;35;45;55,results/paper5_structure2_alpha52_offset30_h7/structure2_br_bt.csv
0.11777782444287764,1.5974665256342453,0.4861065207255,0.05660183885710534,0.5106783515674461,0.04904435641138518,0.32,-0.13999999999999999,2.4,gaussian,True,2.8647889756541165,5;15;25;35;45;55,results/paper5_structure2_alpha52_offset30_h7/structure2_br_bt.csv
0.11469713927526787,1.6006341700112454,0.48688124168260644,0.10142905712283254,0.5106783515674461,0.04904435641138518,0.32,0.30000000000000004,1.7999999999999998,gaussian,True,2.8647889756541165,5;15;25;35;45;55,results/paper5_structure2_alpha52_offset30_h7/structure2_br_bt.csv
0.1178862658889802,1.5974821684943252,0.48530219217307347,0.05658096352482466,0.5106783515674461,0.04904435641138518,0.28,-0.13999999999999999,2.4,gaussian,True,2.8647889756541165,5;15;25;35;45;55,results/paper5_structure2_alpha52_offset30_h7/structure2_br_bt.csv
0.11574897882279822,1.6004996282375432,0.4850920454525778,0.10139918085232225,0.5106783515674461,0.04904435641138518,0.24000000000000002,0.30000000000000004,1.7999999999999998,gaussian,True,2.8647889756541165,5;15;25;35;45;55,results/paper5_structure2_alpha52_offset30_h7/structure2_br_bt.csv
0.12009380020885131,1.5962137902322124,0.48549574057723877,0.05818760713476365,0.5106783515674461,0.04904435641138518,0.32,-0.13999999999999999,2.8000000000000003,gaussian,True,2.8647889756541165,5;15;25;35;45;55,results/paper5_structure2_alpha52_offset30_h7/structure2_br_bt.csv
0.12094576221580422,1.5961837041464901,0.4863135857405974,0.0582066765131486,0.5106783515674461,0.04904435641138518,0.36,-0.13999999999999999,2.8000000000000003,gaussian,True,2.8647889756541165,5;15;25;35;45;55,results/paper5_structure2_alpha52_offset30_h7/structure2_br_bt.csv
0.12114503423590924,1.5962785918068785,0.48485083127685646,0.05817222427446044,0.5106783515674461,0.04904435641138518,0.28,-0.13999999999999999,2.8000000000000003,gaussian,True,2.8647889756541165,5;15;25;35;45;55,results/paper5_structure2_alpha52_offset30_h7/structure2_br_bt.csv
0.11998019825685227,1.597535784512217,0.4846697344889461,0.05656390352249251,0.5106783515674461,0.04904435641138518,0.24000000000000002,-0.13999999999999999,2.4,gaussian,True,2.8647889756541165,5;15;25;35;45;55,results/paper5_structure2_alpha52_offset30_h7/structure2_br_bt.csv
0.12004397253000587,1.5974963266571829,0.48711074494624707,0.05662714748046186,0.5106783515674461,0.04904435641138518,0.36,-0.13999999999999999,2.4,gaussian,True,2.8647889756541165,5;15;25;35;45;55,results/paper5_structure2_alpha52_offset30_h7/structure2_br_bt.csv
0.11898569761674226,1.599048542711733,0.4857944924140166,0.05757427469333167,0.5106783515674461,0.04904435641138518,0.32,-0.13999999999999999,2.6,gaussian,True,2.8647889756541165,5;15;25;35;45;55,results/paper5_structure2_alpha52_offset30_h7/structure2_br_bt.csv
0.12662098063449095,1.59164347314479,0.4838973061732518,0.05518850531915991,0.5106783515674461,0.04904435641138518,0.16,-0.13999999999999999,2.1999999999999997,gaussian,True,2.8647889756541165,5;15;25;35;45;55,results/paper5_structure2_alpha52_offset30_h7/structure2_br_bt.csv
0.11957064452241521,1.5990904342942573,0.4850702950320014,0.057556293147927894,0.5106783515674461,0.04904435641138518,0.28,-0.13999999999999999,2.6,gaussian,True,2.8647889756541165,5;15;25;35;45;55,results/paper5_structure2_alpha52_offset30_h7/structure2_br_bt.csv
0.12910792526686146,1.5896076894535383,0.4838842639813412,0.05844247026996504,0.5106783515674461,0.04904435641138518,0.2,-0.13999999999999999,3.0000000000000004,gaussian,True,2.8647889756541165,5;15;25;35;45;55,results/paper5_structure2_alpha52_offset30_h7/structure2_br_bt.csv
0.15081118443522384,1.5679928760198822,0.4832793475307413,0.08801184356204754,0.5106783515674461,0.04904435641138518,0.04,0.22000000000000006,3.0000000000000004,gaussian,True,2.8647889756541165,5;15;25;35;45;55,results/paper5_structure2_alpha52_offset30_h7/structure2_br_bt.csv
0.11818239638791829,1.6007821791467634,0.4880858690900223,0.10144790376422289,0.5106783515674461,0.04904435641138518,0.36,0.30000000000000004,1.7999999999999998,gaussian,True,2.8647889756541165,5;15;25;35;45;55,results/paper5_structure2_alpha52_offset30_h7/structure2_br_bt.csv
0.12054702167316564,1.5990467940818198,0.4867059502213685,0.05759631816692155,0.5106783515674461,0.04904435641138518,0.36,-0.13999999999999999,2.6,gaussian,True,2.8647889756541165,5;15;25;35;45;55,results/paper5_structure2_alpha52_offset30_h7/structure2_br_bt.csv
0.13829618215858325,1.5817192461369993,0.4834558205492167,0.053472408925093674,0.5106783515674461,0.04904435641138518,0.08,-0.13999999999999999,1.9999999999999998,gaussian,True,2.8647889756541165,5;15;25;35;45;55,results/paper5_structure2_alpha52_offset30_h7/structure2_br_bt.csv
0.1237041908992434,1.5963713203773864,0.4843514948673876,0.058159947588546465,0.5106783515674461,0.04904435641138518,0.24000000000000002,-0.13999999999999999,2.8000000000000003,gaussian,True,2.8647889756541165,5;15;25;35;45;55,results/paper5_structure2_alpha52_offset30_h7/structure2_br_bt.csv
0.11958991657011267,1.6005005217491248,0.48446404227060824,0.10138760468713154,0.5106783515674461,0.04904435641138518,0.2,0.30000000000000004,1.7999999999999998,gaussian,True,2.8647889756541165,5;15;25;35;45;55,results/paper5_structure2_alpha52_offset30_h7/structure2_br_bt.csv
0.1219024423823378,1.599165259046256,0.48450533684463,0.05754176925061343,0.5106783515674461,0.04904435641138518,0.24000000000000002,-0.13999999999999999,2.6,gaussian,True,2.8647889756541165,5;15;25;35;45;55,results/paper5_structure2_alpha52_offset30_h7/structure2_br_bt.csv
0.1236475558007194,1.597621110277697,0.4841852421486945,0.0565501341872196,0.5106783515674461,0.04904435641138518,0.2,-0.13999999999999999,2.4,gaussian,True,2.8647889756541165,5;15;25;35;45;55,results/paper5_structure2_alpha52_offset30_h7/structure2_br_bt.csv
0.13347941575530337,1.5897470455819684,0.48364873742195363,0.05843640545244107,0.5106783515674461,0.04904435641138518,0.16,-0.13999999999999999,3.0000000000000004,gaussian,True,2.8647889756541165,5;15;25;35;45;55,results/paper5_structure2_alpha52_offset30_h7/structure2_br_bt.csv
0.12740545538423992,1.596486448342174,0.48397496410075536,0.05815029584388002,0.5106783515674461,0.04904435641138518,0.2,-0.13999999999999999,2.8000000000000003,gaussian,True,2.8647889756541165,5;15;25;35;45;55,results/paper5_structure2_alpha52_offset30_h7/structure2_br_bt.csv
0.13266796005920353,1.591766747024426,0.4836171723739418,0.05517826693460931,0.5106783515674461,0.04904435641138518,0.12,-0.13999999999999999,2.1999999999999997,gaussian,True,2.8647889756541165,5;15;25;35;45;55,results/paper5_structure2_alpha52_offset30_h7/structure2_br_bt.csv
0.11869268101081396,1.6057895347996098,0.4854766203142898,0.0962462583546275,0.5106783515674461,0.04904435641138518,0.28,0.26000000000000006,2.1999999999999997,gaussian,True,2.8647889756541165,5;15;25;35;45;55,results/paper5_structure2_alpha52_offset30_h7/structure2_br_bt.csv
0.12558796411179973,1.5992670611842164,0.4840760237676378,0.05753019621172811,0.5106783515674461,0.04904435641138518,0.2,-0.13999999999999999,2.6,gaussian,True,2.8647889756541165,5;15;25;35;45;55,results/paper5_structure2_alpha52_offset30_h7/structure2_br_bt.csv
0.11899795980967504,1.6058907772683173,0.48635630444805134,0.09626356659180965,0.5106783515674461,0.04904435641138518,0.32,0.26000000000000006,2.1999999999999997,gaussian,True,2.8647889756541165,5;15;25;35;45;55,results/paper5_structure2_alpha52_offset30_h7/structure2_br_bt.csv
0.12506989148963804,1.6005397171736644,0.48398866630024384,0.10137795725836393,0.5106783515674461,0.04904435641138518,0.16,0.30000000000000004,1.7999999999999998,gaussian,True,2.8647889756541165,5;15;25;35;45;55,results/paper5_structure2_alpha52_offset30_h7/structure2_br_bt.csv
0.12850174387814223,1.5977328783944849,0.48382827057225364,0.0565392084805749,0.5106783515674461,0.04904435641138518,0.16,-0.13999999999999999,2.4,gaussian,True,2.8647889756541165,5;15;25;35;45;55,results/paper5_structure2_alpha52_offset30_h7/structure2_br_bt.csv
0.12054653805550984,1.6057352328316001,0.48477926013510375,0.09623152382143346,0.5106783515674461,0.04904435641138518,0.24000000000000002,0.26000000000000006,2.1999999999999997,gaussian,True,2.8647889756541165,5;15;25;35;45;55,results/paper5_structure2_alpha52_offset30_h7/structure2_br_bt.csv
0.12182099653827203,1.6060467894803399,0.4874455371636873,0.0962838205164818,0.5106783515674461,0.04904435641138518,0.36,0.26000000000000006,2.1999999999999997,gaussian,True,2.8647889756541165,5;15;25;35;45;55,results/paper5_structure2_alpha52_offset30_h7/structure2_br_bt.csv
0.14605464855659786,1.5818785357159297,0.4833594078336519,0.05346542664120019,0.5106783515674461,0.04904435641138518,0.04,-0.13999999999999999,1.9999999999999998,gaussian,True,2.8647889756541165,5;15;25;35;45;55,results/paper5_structure2_alpha52_offset30_h7/structure2_br_bt.csv
0.13830416196441378,1.5898972281435833,0.48349070073878453,0.05843198327331716,0.5106783515674461,0.04904435641138518,0.12,-0.13999999999999999,3.0000000000000004,gaussian,True,2.8647889756541165,5;15;25;35;45;55,results/paper5_structure2_alpha52_offset30_h7/structure2_br_bt.csv
0.13193493950659071,1.5966194580131474,0.4837022214691329,0.05814286809700375,0.5106783515674461,0.04904435641138518,0.16,-0.13999999999999999,2.8000000000000003,gaussian,True,2.8647889756541165,5;15;25;35;45;55,results/paper5_structure2_alpha52_offset30_h7/structure2_br_bt.csv
0.1302755212902471,1.5993909038476193,0.4837624247469669,0.057521147233456686,0.5106783515674461,0.04904435641138518,0.16,-0.13999999999999999,2.6,gaussian,True,2.8647889756541165,5;15;25;35;45;55,results/paper5_structure2_alpha52_offset30_h7/structure2_br_bt.csv
0.12415102950014151,1.6057211870500288,0.48424067303938634,0.09621904274307194,0.5106783515674461,0.04904435641138518,0.2,0.26000000000000006,2.1999999999999997,gaussian,True,2.8647889756541165,5;15;25;35;45;55,results/paper5_structure2_alpha52_offset30_h7/structure2_br_bt.csv
0.13941312060857608,1.5919121880877933,0.4834422693602219,0.05517045536862732,0.5106783515674461,0.04904435641138518,0.08,-0.13999999999999999,2.1999999999999997,gaussian,True,2.8647889756541165,5;15;25;35;45;55,results/paper5_structure2_alpha52_offset30_h7/structure2_br_bt.csv
0.0996376061597102,1.6323991799442124,0.4866036117841975,0.05009395979504233,0.5106783515674461,0.04904435641138518,0.32,-0.18,1.0,gaussian,True,2.8647889756541165,5;15;25;35;45;55,results/paper5_structure2_alpha52_offset30_h7/structure2_br_bt.csv
0.13421044850458774,1.5978666466867721,0.48358129196970623,0.05653074423020009,0.5106783515674461,0.04904435641138518,0.12,-0.13999999999999999,2.4,gaussian,True,2.8647889756541165,5;15;25;35;45;55,results/paper5_structure2_alpha52_offset30_h7/structure2_br_bt.csv
0.13177925106666344,1.6006126448454294,0.48364959072208424,0.10137003704049746,0.5106783515674461,0.04904435641138518,0.12,0.30000000000000004,1.7999999999999998,gaussian,True,2.8647889756541165,5;15;25;35;45;55,results/paper5_structure2_alpha52_offset30_h7/structure2_br_bt.csv
0.10011736839671184,1.6325255598686266,0.4875942776889383,0.05012324214615022,0.5106783515674461,0.04904435641138518,0.36,-0.18,1.0,gaussian,True,2.8647889756541165,5;15;25;35;45;55,results/paper5_structure2_alpha52_offset30_h7/structure2_br_bt.csv
0.14341470314069216,1.590055579136833,0.4833978034241678,0.058428946734266185,0.5106783515674461,0.04904435641138518,0.08,-0.13999999999999999,3.0000000000000004,gaussian,True,2.8647889756541165,5;15;25;35;45;55,results/paper5_structure2_alpha52_offset30_h7/structure2_br_bt.csv
0.1370379113832085,1.5967666450482072,0.48351732338698233,0.05813732882547611,0.5106783515674461,0.04904435641138518,0.12,-0.13999999999999999,2.8000000000000003,gaussian,True,2.8647889756541165,5;15;25;35;45;55,results/paper5_structure2_alpha52_offset30_h7/structure2_br_bt.csv
0.10153047090312343,1.6323124500426083,0.48576106392236595,0.050068214891103587,0.5106783515674461,0.04904435641138518,0.28,-0.18,1.0,gaussian,True,2.8647889756541165,5;15;25;35;45;55,results/paper5_structure2_alpha52_offset30_h7/structure2_br_bt.csv
0.12910385369229668,1.6057416745969062,0.4838404466051849,0.09620853853261553,0.5106783515674461,0.04904435641138518,0.16,0.26000000000000006,2.1999999999999997,gaussian,True,2.8647889756541165,5;15;25;35;45;55,results/paper5_structure2_alpha52_offset30_h7/structure2_br_bt.csv
0.13567177928093138,1.5995326821628661,0.4835476513630356,0.057514261486950644,0.5106783515674461,0.04904435641138518,0.12,-0.13999999999999999,2.6,gaussian,True,2.8647889756541165,5;15;25;35;45;55,results/paper5_structure2_alpha52_offset30_h7/structure2_br_bt.csv
0.10551636424619538,1.6322627935286529,0.48505801236352464,0.05004579514825729,0.5106783515674461,0.04904435641138518,0.24000000000000002,-0.18,1.0,gaussian,True,2.8647889756541165,5;15;25;35;45;55,results/paper5_structure2_alpha52_offset30_h7/structure2_br_bt.csv
0.14050496815528166,1.5980186594438293,0.48342924404960924,0.05652441369243954,0.5106783515674461,0.04904435641138518,0.08,-0.13999999999999999,2.4,gaussian,True,2.8647889756541165,5;15;25;35;45;55,results/paper5_structure2_alpha52_offset30_h7/structure2_br_bt.csv
0.1466181817442768,1.5920763552504187,0.4833591610630481,0.055164771506374034,0.5106783515674461,0.04904435641138518,0.04,-0.13999999999999999,2.1999999999999997,gaussian,True,2.8647889756541165,5;15;25;35;45;55,results/paper5_structure2_alpha52_offset30_h7/structure2_br_bt.csv
0.14868542954436562,1.5902199386412834,0.483359712238383,0.058427080906135236,0.5106783515674461,0.04904435641138518,0.04,-0.13999999999999999,3.0000000000000004,gaussian,True,2.8647889756541165,5;15;25;35;45;55,results/paper5_structure2_alpha52_offset30_h7/structure2_br_bt.csv
0.14251568666603978,1.5969249634801783,0.4834068574656274,0.05813339610302832,0.5106783515674461,0.04904435641138518,0.08,-0.13999999999999999,2.8000000000000003,gaussian,True,2.8647889756541165,5;15;25;35;45;55,results/paper5_structure2_alpha52_offset30_h7/structure2_br_bt.csv
0.13936932203775163,1.6007152673200695,0.483432220038479,0.10136366487556203,0.5106783515674461,0.04904435641138518,0.08,0.30000000000000004,1.7999999999999998,gaussian,True,2.8647889756541165,5;15;25;35;45;55,results/paper5_structure2_alpha52_offset30_h7/structure2_br_bt.csv
0.13504760333541374,1.6057917829845978,0.4835608556514906,0.0961997715957058,0.5106783515674461,0.04904435641138518,0.12,0.26000000000000006,2.1999999999999997,gaussian,True,2.8647889756541165,5;15;25;35;45;55,results/paper5_structure2_alpha52_offset30_h7/structure2_br_bt.csv
0.14154388966849887,1.5996889737161888,0.4834173519471485,0.05750923280893313,0.5106783515674461,0.04904435641138518,0.08,-0.13999999999999999,2.6,gaussian,True,2.8647889756541165,5;15;25;35;45;55,results/paper5_structure2_alpha52_offset30_h7/structure2_br_bt.csv
0.11123606461478701,1.632247801251024,0.48448627111815235,0.05002650126155132,0.5106783515674461,0.04904435641138518,0.2,-0.18,1.0,gaussian,True,2.8647889756541165,5;15;25;35;45;55,results/paper5_structure2_alpha52_offset30_h7/structure2_br_bt.csv
0.1482175496244446,1.5970919027844412,0.48335950447793496,0.05813083213640134,0.5106783515674461,0.04904435641138518,0.04,-0.13999999999999999,2.8000000000000003,gaussian,True,2.8647889756541165,5;15;25;35;45;55,results/paper5_structure2_alpha52_offset30_h7/structure2_br_bt.csv
0.14717687555055375,1.5981857341501677,0.48335915452393785,0.0565199349731052,0.5106783515674461,0.04904435641138518,0.04,-0.13999999999999999,2.4,gaussian,True,2.8647889756541165,5;15;25;35;45;55,results/paper5_structure2_alpha52_offset30_h7/structure2_br_bt.csv
0.14168669636411693,1.6058672851394238,0.48338648099468456,0.09619253379505244,0.5106783515674461,0.04904435641138518,0.08,0.26000000000000006,2.1999999999999997,gaussian,True,2.8647889756541165,5;15;25;35;45;55,results/paper5_structure2_alpha52_offset30_h7/structure2_br_bt.csv
0.14771321825428185,1.5998569182896167,0.4833592973608695,0.05750580053998553,0.5106783515674461,0.04904435641138518,0.04,-0.13999999999999999,2.6,gaussian,True,2.8647889756541165,5;15;25;35;45;55,results/paper5_structure2_alpha52_offset30_h7/structure2_br_bt.csv
0.14756140719235605,1.6008440120854224,0.48332349682818787,0.10135868121140339,0.5106783515674461,0.04904435641138518,0.04,0.30000000000000004,1.7999999999999998,gaussian,True,2.8647889756541165,5;15;25;35;45;55,results/paper5_structure2_alpha52_offset30_h7/structure2_br_bt.csv
0.11832037636282407,1.6322652196617675,0.4840380717363123,0.050010146051177984,0.5106783515674461,0.04904435641138518,0.16,-0.18,1.0,gaussian,True,2.8647889756541165,5;15;25;35;45;55,results/paper5_structure2_alpha52_offset30_h7/structure2_br_bt.csv
0.1487882155685264,1.605964535629831,0.4833038865589102,0.09618664383670894,0.5106783515674461,0.04904435641138518,0.04,0.26000000000000006,2.1999999999999997,gaussian,True,2.8647889756541165,5;15;25;35;45;55,results/paper5_structure2_alpha52_offset30_h7/structure2_br_bt.csv
0.1264369136753976,1.6323129398635803,0.4837060455243778,0.049996553667425024,0.5106783515674461,0.04904435641138518,0.12,-0.18,1.0,gaussian,True,2.8647889756541165,5;15;25;35;45;55,results/paper5_structure2_alpha52_offset30_h7/structure2_br_bt.csv
0.1353098656263969,1.6323889875055404,0.4834832061980767,0.04998555885191363,0.5106783515674461,0.04904435641138518,0.08,-0.18,1.0,gaussian,True,2.8647889756541165,5;15;25;35;45;55,results/paper5_structure2_alpha52_offset30_h7/structure2_br_bt.csv
0.14472129208218304,1.6324915134553228,0.4833629329826485,0.04997700625085559,0.5106783515674461,0.04904435641138518,0.04,-0.18,1.0,gaussian,True,2.8647889756541165,5;15;25;35;45;55,results/paper5_structure2_alpha52_offset30_h7/structure2_br_bt.csv
0.1003570962112774,1.6993962749242906,0.4870123136444447,0.05376502196889111,0.5106783515674461,0.04904435641138518,0.36,-0.22,0.8,gaussian,True,2.8647889756541165,5;15;25;35;45;55,results/paper5_structure2_alpha52_offset30_h7/structure2_br_bt.csv
0.10107123345493996,1.6992958165067307,0.4861725609338659,0.053742047710913794,0.5106783515674461,0.04904435641138518,0.32,-0.22,0.8,gaussian,True,2.8647889756541165,5;15;25;35;45;55,results/paper5_structure2_alpha52_offset30_h7/structure2_br_bt.csv
0.10369589569961314,1.6992264610694912,0.48545297729335035,0.053721707333717776,0.5106783515674461,0.04904435641138518,0.28,-0.22,0.8,gaussian,True,2.8647889756541165,5;15;25;35;45;55,results/paper5_structure2_alpha52_offset30_h7/structure2_br_bt.csv
0.10168656301627052,1.7029542070909165,0.4869005348333911,0.05382822752638248,0.5106783515674461,0.04904435641138518,0.32,-0.18,1.2,gaussian,True,2.8647889756541165,5;15;25;35;45;55,results/paper5_structure2_alpha52_offset30_h7/structure2_br_bt.csv
0.10258862758492368,1.7028639901436826,0.48596650417717535,0.053801407880983476,0.5106783515674461,0.04904435641138518,0.28,-0.18,1.2,gaussian,True,2.8647889756541165,5;15;25;35;45;55,results/paper5_structure2_alpha52_offset30_h7/structure2_br_bt.csv
0.10346145595084093,1.703088405046343,0.48800751654467983,0.0538589525866559,0.5106783515674461,0.04904435641138518,0.36,-0.18,1.2,gaussian,True,2.8647889756541165,5;15;25;35;45;55,results/paper5_structure2_alpha52_offset30_h7/structure2_br_bt.csv
0.10799440745736609,1.6991865992629147,0.4848479996804182,0.05370387363270649,0.5106783515674461,0.04904435641138518,0.24000000000000002,-0.22,0.8,gaussian,True,2.8647889756541165,5;15;25;35;45;55,results/paper5_structure2_alpha52_offset30_h7/structure2_br_bt.csv
0.10588895445585128,1.7028143021011095,0.48519326285956943,0.053778212315803896,0.5106783515674461,0.04904435641138518,0.24000000000000002,-0.18,1.2,gaussian,True,2.8647889756541165,5;15;25;35;45;55,results/paper5_structure2_alpha52_offset30_h7/structure2_br_bt.csv
0.11368941503475441,1.6991747045310122,0.4843522691849117,0.0536884255699124,0.5106783515674461,0.04904435641138518,0.2,-0.22,0.8,gaussian,True,2.8647889756541165,5;15;25;35;45;55,results/paper5_structure2_alpha52_offset30_h7/structure2_br_bt.csv
0.1111902928023799,1.7028019634366447,0.48456943618054377,0.053758380560477055,0.5106783515674461,0.04904435641138518,0.2,-0.18,1.2,gaussian,True,2.8647889756541165,5;15;25;35;45;55,results/paper5_structure2_alpha52_offset30_h7/structure2_br_bt.csv
0.12053247316240791,1.6982762139766328,0.48603725904584894,0.09902553476891779,0.5106783515674461,0.04904435641138518,0.32,0.26000000000000006,2.4,gaussian,True,2.8647889756541165,5;15;25;35;45;55,results/paper5_structure2_alpha52_offset30_h7/structure2_br_bt.csv
0.12065343591467047,1.69817541049342,0.48523378814864926,0.09900883831009823,0.5106783515674461,0.04904435641138518,0.28,0.26000000000000006,2.4,gaussian,True,2.8647889756541165,5;15;25;35;45;55,results/paper5_structure2_alpha52_offset30_h7/structure2_br_bt.csv
0.12050474389423954,1.6991893284760446,0.48396062648229177,0.053675247954514234,0.5106783515674461,0.04904435641138518,0.16,-0.22,0.8,gaussian,True,2.8647889756541165,5;15;25;35;45;55,results/paper5_structure2_alpha52_offset30_h7/structure2_br_bt.csv
0.12271406463736735,1.6981168691597976,0.48460215976483534,0.09899459341680959,0.5106783515674461,0.04904435641138518,0.24000000000000002,0.26000000000000006,2.4,gaussian,True,2.8647889756541165,5;15;25;35;45;55,results/paper5_structure2_alpha52_offset30_h7/structure2_br_bt.csv
0.11806410308959449,1.7028240436422883,0.48408438897769923,0.05374167168343004,0.5106783515674461,0.04904435641138518,0.16,-0.18,1.2,gaussian,True,2.8647889756541165,5;15;25;35;45;55,results/paper5_structure2_alpha52_offset30_h7/structure2_br_bt.csv
0.12273212180560705,1.6984269053426448,0.48704059724509485,0.09904506233133546,0.5106783515674461,0.04904435641138518,0.36,0.26000000000000006,2.4,gaussian,True,2.8647889756541165,5;15;25;35;45;55,results/paper5_structure2_alpha52_offset30_h7/structure2_br_bt.csv
0.12631483471339033,1.698094164417895,0.48411846864046965,0.09898247711390251,0.5106783515674461,0.04904435641138518,0.2,0.26000000000000006,2.4,gaussian,True,2.8647889756541165,5;15;25;35;45;55,results/paper5_structure2_alpha52_offset30_h7/structure2_br_bt.csv
0.12819202541916724,1.6992290965081662,0.48366810718450615,0.053664231141063064,0.5106783515674461,0.04904435641138518,0.12,-0.22,0.8,gaussian,True,2.8647889756541165,5;15;25;35;45;55,results/paper5_structure2_alpha52_offset30_h7/structure2_br_bt.csv
0.1261161903533032,1.702877839917568,0.48372818060724976,0.05372786252114989,0.5106783515674461,0.04904435641138518,0.12,-0.18,1.2,gaussian,True,2.8647889756541165,5;15;25;35;45;55,results/paper5_structure2_alpha52_offset30_h7/structure2_br_bt.csv
0.13108192245694325,1.698101863691912,0.48376227066263056,0.09897221351014977,0.5106783515674461,0.04904435641138518,0.16,0.26000000000000006,2.4,gaussian,True,2.8647889756541165,5;15;25;35;45;55,results/paper5_structure2_alpha52_offset30_h7/structure2_br_bt.csv
0.1366934896857372,1.6981353595875648,0.48351603865491255,0.09896356608867121,0.5106783515674461,0.04904435641138518,0.12,0.26000000000000006,2.4,gaussian,True,2.8647889756541165,5;15;25;35;45;55,results/paper5_structure2_alpha52_offset30_h7/structure2_br_bt.csv
0.13654192165706974,1.699292703760956,0.4834699370982861,0.05365527074437644,0.5106783515674461,0.04904435641138518,0.08,-0.22,0.8,gaussian,True,2.8647889756541165,5;15;25;35;45;55,results/paper5_structure2_alpha52_offset30_h7/structure2_br_bt.csv
0.13501765943859576,1.7029608578705782,0.4834915222885136,0.053716746247133476,0.5106783515674461,0.04904435641138518,0.08,-0.18,1.2,gaussian,True,2.8647889756541165,5;15;25;35;45;55,results/paper5_structure2_alpha52_offset30_h7/structure2_br_bt.csv
0.14288827072867175,1.6981907332922388,0.48336471104547735,0.09895633140324055,0.5106783515674461,0.04904435641138518,0.08,0.26000000000000006,2.4,gaussian,True,2.8647889756541165,5;15;25;35;45;55,results/paper5_structure2_alpha52_offset30_h7/structure2_br_bt.csv
0.14538495203373367,1.699378911255097,0.4833615274025695,0.05364826737012426,0.5106783515674461,0.04904435641138518,0.04,-0.22,0.8,gaussian,True,2.8647889756541165,5;15;25;35;45;55,results/paper5_structure2_alpha52_offset30_h7/structure2_br_bt.csv
0.1445097271573416,1.7030707940226097,0.48336573672185035,0.05370813106702595,0.5106783515674461,0.04904435641138518,0.04,-0.18,1.2,gaussian,True,2.8647889756541165,5;15;25;35;45;55,results/paper5_structure2_alpha52_offset30_h7/structure2_br_bt.csv
0.14946255207152068,1.6982646428312467,0.48329531633991707,0.09895033389824731,0.5106783515674461,0.04904435641138518,0.04,0.26000000000000006,2.4,gaussian,True,2.8647889756541165,5;15;25;35;45;55,results/paper5_structure2_alpha52_offset30_h7/structure2_br_bt.csv
0.10522267019900129,1.752107448571981,0.486059852061562,0.05728302918482816,0.5106783515674461,0.04904435641138518,0.28,-0.18,1.4,gaussian,True,2.8647889756541165,5;15;25;35;45;55,results/paper5_structure2_alpha52_offset30_h7/structure2_br_bt.csv
0.10519395678598623,1.7521936574376962,0.4870494606799669,0.05730988602819936,0.5106783515674461,0.04904435641138518,0.32,-0.18,1.4,gaussian,True,2.8647889756541165,5;15;25;35;45;55,results/paper5_structure2_alpha52_offset30_h7/structure2_br_bt.csv
0.1078145701102873,1.7520639927452302,0.485247392033384,0.05725997551962797,0.5106783515674461,0.04904435641138518,0.24000000000000002,-0.18,1.4,gaussian,True,2.8647889756541165,5;15;25;35;45;55,results/paper5_structure2_alpha52_offset30_h7/structure2_br_bt.csv
0.10799733223114899,1.7523269668443429,0.48823216926699076,0.057340895051558545,0.5106783515674461,0.04904435641138518,0.36,-0.18,1.4,gaussian,True,2.8647889756541165,5;15;25;35;45;55,results/paper5_structure2_alpha52_offset30_h7/structure2_br_bt.csv
0.11256187526369113,1.7520593473006432,0.4845973920714525,0.057240406950617446,0.5106783515674461,0.04904435641138518,0.2,-0.18,1.4,gaussian,True,2.8647889756541165,5;15;25;35;45;55,results/paper5_structure2_alpha52_offset30_h7/structure2_br_bt.csv
0.11673241404815389,1.749720215065227,0.48570384626493623,0.10613466204887907,0.5106783515674461,0.04904435641138518,0.28,0.30000000000000004,1.9999999999999998,gaussian,True,2.8647889756541165,5;15;25;35;45;55,results/paper5_structure2_alpha52_offset30_h7/structure2_br_bt.csv
0.11734423529376084,1.7498123320829406,0.486648589930661,0.10615047778853144,0.5106783515674461,0.04904435641138518,0.32,0.30000000000000004,1.9999999999999998,gaussian,True,2.8647889756541165,5;15;25;35;45;55,results/paper5_structure2_alpha52_offset30_h7/structure2_br_bt.csv
0.1184612811773941,1.7496728475771197,0.4849483956964133,0.10612119795935852,0.5106783515674461,0.04904435641138518,0.24000000000000002,0.30000000000000004,1.9999999999999998,gaussian,True,2.8647889756541165,5;15;25;35;45;55,results/paper5_structure2_alpha52_offset30_h7/structure2_br_bt.csv
0.12062322102627193,1.7499559747994962,0.4878081562064398,0.10616895757346863,0.5106783515674461,0.04904435641138518,0.36,0.30000000000000004,1.9999999999999998,gaussian,True,2.8647889756541165,5;15;25;35;45;55,results/paper5_structure2_alpha52_offset30_h7/structure2_br_bt.csv
0.11900915778144622,1.7520899331198734,0.4840963273403108,0.0572240332937752,0.5106783515674461,0.04904435641138518,0.16,-0.18,1.4,gaussian,True,2.8647889756541165,5;15;25;35;45;55,results/paper5_structure2_alpha52_offset30_h7/structure2_br_bt.csv
0.12212364499826314,1.7496643617785226,0.48435982123077426,0.1061098131433328,0.5106783515674461,0.04904435641138518,0.2,0.30000000000000004,1.9999999999999998,gaussian,True,2.8647889756541165,5;15;25;35;45;55,results/paper5_structure2_alpha52_offset30_h7/structure2_br_bt.csv
0.12729719897195793,1.7496896646936748,0.4839184127644573,0.10610026949973475,0.5106783515674461,0.04904435641138518,0.16,0.30000000000000004,1.9999999999999998,gaussian,True,2.8647889756541165,5;15;25;35;45;55,results/paper5_structure2_alpha52_offset30_h7/structure2_br_bt.csv
0.12672872650871922,1.7521524979713068,0.48373174506337546,0.05721058956683036,0.5106783515674461,0.04904435641138518,0.12,-0.18,1.4,gaussian,True,2.8647889756541165,5;15;25;35;45;55,results/paper5_structure2_alpha52_offset30_h7/structure2_br_bt.csv
0.13359526110252212,1.749744326372211,0.48360681787438686,0.10609235837810947,0.5106783515674461,0.04904435641138518,0.12,0.30000000000000004,1.9999999999999998,gaussian,True,2.8647889756541165,5;15;25;35;45;55,results/paper5_structure2_alpha52_offset30_h7/structure2_br_bt.csv
0.1353597766566318,1.752244083937191,0.48349217988845566,0.05719983358034279,0.5106783515674461,0.04904435641138518,0.08,-0.18,1.4,gaussian,True,2.8647889756541165,5;15;25;35;45;55,results/paper5_structure2_alpha52_offset30_h7/structure2_br_bt.csv
0.14069251656723372,1.749824485835839,0.4834097407139991,0.10608589650991933,0.5106783515674461,0.04904435641138518,0.08,0.30000000000000004,1.9999999999999998,gaussian,True,2.8647889756541165,5;15;25;35;45;55,results/paper5_structure2_alpha52_offset30_h7/structure2_br_bt.csv
0.12179950476947339,1.7688663139350203,0.4857162650882341,0.10103896520339133,0.5106783515674461,0.04904435641138518,0.32,0.26000000000000006,2.6,gaussian,True,2.8647889756541165,5;15;25;35;45;55,results/paper5_structure2_alpha52_offset30_h7/structure2_br_bt.csv
0.1223893481275186,1.7687665635957643,0.4849931581893505,0.1010229241670587,0.5106783515674461,0.04904435641138518,0.28,0.26000000000000006,2.6,gaussian,True,2.8647889756541165,5;15;25;35;45;55,results/paper5_structure2_alpha52_offset30_h7/structure2_br_bt.csv
0.12330578814372593,1.7690115328358544,0.48662658584659946,0.10105770870613046,0.5106783515674461,0.04904435641138518,0.36,0.26000000000000006,2.6,gaussian,True,2.8647889756541165,5;15;25;35;45;55,results/paper5_structure2_alpha52_offset30_h7/structure2_br_bt.csv
0.12468535134549345,1.7687049372540575,0.48442924539024257,0.10100920524605658,0.5106783515674461,0.04904435641138518,0.24000000000000002,0.26000000000000006,2.6,gaussian,True,2.8647889756541165,5;15;25;35;45;55,results/paper5_structure2_alpha52_offset30_h7/structure2_br_bt.csv
0.14461724697072784,1.752361998421157,0.4833670757483864,0.05719154378259639,0.5106783515674461,0.04904435641138518,0.04,-0.18,1.4,gaussian,True,2.8647889756541165,5;15;25;35;45;55,results/paper5_structure2_alpha52_offset30_h7/structure2_br_bt.csv
0.12830642058249492,1.7686753198451368,0.48400093424273144,0.10099748813406376,0.5106783515674461,0.04904435641138518,0.2,0.26000000000000006,2.6,gaussian,True,2.8647889756541165,5;15;25;35;45;55,results/paper5_structure2_alpha52_offset30_h7/structure2_br_bt.csv
0.10828778027201785,1.789345980686449,0.4860445207112154,0.0605409121758812,0.5106783515674461,0.04904435641138518,0.28,-0.18,1.5999999999999999,gaussian,True,2.8647889756541165,5;15;25;35;45;55,results/paper5_structure2_alpha52_offset30_h7/structure2_br_bt.csv
0.10881828122466868,1.789420390090429,0.4870520191431418,0.06056677731487609,0.5106783515674461,0.04904435641138518,0.32,-0.18,1.5999999999999999,gaussian,True,2.8647889756541165,5;15;25;35;45;55,results/paper5_structure2_alpha52_offset30_h7/structure2_br_bt.csv
0.1483302286867004,1.7499267717114888,0.48331368199496855,0.10608072256546384,0.5106783515674461,0.04904435641138518,0.04,0.30000000000000004,1.9999999999999998,gaussian,True,2.8647889756541165,5;15;25;35;45;55,results/paper5_structure2_alpha52_offset30_h7/structure2_br_bt.csv
0.11035905702853392,1.7893149635357297,0.4852244979706779,0.060518897483161534,0.5106783515674461,0.04904435641138518,0.24000000000000002,-0.18,1.5999999999999999,gaussian,True,2.8647889756541165,5;15;25;35;45;55,results/paper5_structure2_alpha52_offset30_h7/structure2_br_bt.csv
0.13291220645879667,1.7686725998165505,0.483688295427295,0.10098750188580861,0.5106783515674461,0.04904435641138518,0.16,0.26000000000000006,2.6,gaussian,True,2.8647889756541165,5;15;25;35;45;55,results/paper5_structure2_alpha52_offset30_h7/structure2_br_bt.csv
0.11222486606515103,1.7895433591169436,0.4882666608552645,0.060596901768784614,0.5106783515674461,0.04904435641138518,0.36,-0.18,1.5999999999999999,gaussian,True,2.8647889756541165,5;15;25;35;45;55,results/paper5_structure2_alpha52_offset30_h7/structure2_br_bt.csv
0.11462061205840293,1.7893227262219102,0.4845741267921432,0.06050036616265705,0.5106783515674461,0.04904435641138518,0.2,-0.18,1.5999999999999999,gaussian,True,2.8647889756541165,5;15;25;35;45;55,results/paper5_structure2_alpha52_offset30_h7/structure2_br_bt.csv
0.13821833835983088,1.7686924888742308,0.48347444230708203,0.10097901635158579,0.5106783515674461,0.04904435641138518,0.12,0.26000000000000006,2.6,gaussian,True,2.8647889756541165,5;15;25;35;45;55,results/paper5_structure2_alpha52_offset30_h7/structure2_br_bt.csv
0.12061120666071164,1.7893651460014441,0.4840772487329885,0.06048498819877156,0.5106783515674461,0.04904435641138518,0.16,-0.18,1.5999999999999999,gaussian,True,2.8647889756541165,5;15;25;35;45;55,results/paper5_structure2_alpha52_offset30_h7/structure2_br_bt.csv
0.14399823955534313,1.7687313773454572,0.4833450250068524,0.10097183526791569,0.5106783515674461,0.04904435641138518,0.08,0.26000000000000006,2.6,gaussian,True,2.8647889756541165,5;15;25;35;45;55,results/paper5_structure2_alpha52_offset30_h7/structure2_br_bt.csv
0.12789486638761172,1.7894385330013933,0.4837192107596848,0.06047246649222843,0.5106783515674461,0.04904435641138518,0.12,-0.18,1.5999999999999999,gaussian,True,2.8647889756541165,5;15;25;35;45;55,results/paper5_structure2_alpha52_offset30_h7/structure2_br_bt.csv
0.15007725318181464,1.768786217467111,0.4832878161648084,0.10096579065192839,0.5106783515674461,0.04904435641138518,0.04,0.26000000000000006,2.6,gaussian,True,2.8647889756541165,5;15;25;35;45;55,results/paper5_structure2_alpha52_offset30_h7/structure2_br_bt.csv
0.13610161649655506,1.7895395806863845,0.4834867207263746,0.06046253323018663,0.5106783515674461,0.04904435641138518,0.08,-0.18,1.5999999999999999,gaussian,True,2.8647889756541165,5;15;25;35;45;55,results/paper5_structure2_alpha52_offset30_h7/structure2_br_bt.csv
0.09959402448984163,1.8276420352046687,0.486607751937184,0.05889746145039546,0.5106783515674461,0.04904435641138518,0.32,-0.22,1.0,gaussian,True,2.8647889756541165,5;15;25;35;45;55,results/paper5_structure2_alpha52_offset30_h7/structure2_br_bt.csv
0.10007376686997534,1.8277562733144643,0.487598397184334,0.058922470270645705,0.5106783515674461,0.04904435641138518,0.36,-0.22,1.0,gaussian,True,2.8647889756541165,5;15;25;35;45;55,results/paper5_structure2_alpha52_offset30_h7/structure2_br_bt.csv
0.10148792251954251,1.8275632436785294,0.48576522326682886,0.05887546714197738,0.5106783515674461,0.04904435641138518,0.28,-0.22,1.0,gaussian,True,2.8647889756541165,5;15;25;35;45;55,results/paper5_structure2_alpha52_offset30_h7/structure2_br_bt.csv
0.11118090863936171,1.818312283239836,0.4859367143873888,0.0634958848413648,0.5106783515674461,0.04904435641138518,0.28,-0.18,1.7999999999999998,gaussian,True,2.8647889756541165,5;15;25;35;45;55,results/paper5_structure2_alpha52_offset30_h7/structure2_br_bt.csv
0.11191581454643708,1.8183675143936435,0.4869271408203956,0.06351989630019488,0.5106783515674461,0.04904435641138518,0.32,-0.18,1.7999999999999998,gaussian,True,2.8647889756541165,5;15;25;35;45;55,results/paper5_structure2_alpha52_offset30_h7/structure2_br_bt.csv
0.11298607862416286,1.8182994085003943,0.4851376601841558,0.0634756462922572,0.5106783515674461,0.04904435641138518,0.24000000000000002,-0.18,1.7999999999999998,gaussian,True,2.8647889756541165,5;15;25;35;45;55,results/paper5_structure2_alpha52_offset30_h7/structure2_br_bt.csv
0.10547563106371145,1.827517595274069,0.48506218949195995,0.058856305495910824,0.5106783515674461,0.04904435641138518,0.24000000000000002,-0.22,1.0,gaussian,True,2.8647889756541165,5;15;25;35;45;55,results/paper5_structure2_alpha52_offset30_h7/structure2_br_bt.csv
0.11548894458601036,1.8184709209500345,0.4881318958351902,0.06354813619729455,0.5106783515674461,0.04904435641138518,0.36,-0.18,1.7999999999999998,gaussian,True,2.8647889756541165,5;15;25;35;45;55,results/paper5_structure2_alpha52_offset30_h7/structure2_br_bt.csv
0.14493796423609748,1.789665322573678,0.48336771704926335,0.06045494669912143,0.5106783515674461,0.04904435641138518,0.04,-0.18,1.5999999999999999,gaussian,True,2.8647889756541165,5;15;25;35;45;55,results/paper5_structure2_alpha52_offset30_h7/structure2_br_bt.csv
0.1169144344160648,1.8183237787964328,0.48450950323490233,0.06345877775949835,0.5106783515674461,0.04904435641138518,0.2,-0.18,1.7999999999999998,gaussian,True,2.8647889756541165,5;15;25;35;45;55,results/paper5_structure2_alpha52_offset30_h7/structure2_br_bt.csv
0.11119761888179264,1.8275029366907836,0.48449046468158863,0.058839805950986354,0.5106783515674461,0.04904435641138518,0.2,-0.22,1.0,gaussian,True,2.8647889756541165,5;15;25;35;45;55,results/paper5_structure2_alpha52_offset30_h7/structure2_br_bt.csv
0.12251104418247459,1.8183808962466317,0.4840339675387239,0.06344492222375639,0.5106783515674461,0.04904435641138518,0.16,-0.18,1.7999999999999998,gaussian,True,2.8647889756541165,5;15;25;35;45;55,results/paper5_structure2_alpha52_offset30_h7/structure2_br_bt.csv
0.12293417404612736,1.8194395681978708,0.4854099518781559,0.10232599613448662,0.5106783515674461,0.04904435641138518,0.32,0.26000000000000006,2.8000000000000003,gaussian,True,2.8647889756541165,5;15;25;35;45;55,results/paper5_structure2_alpha52_offset30_h7/structure2_br_bt.csv
0.12374414953219293,1.8195786267285408,0.4862264520974418,0.10234391663345423,0.5106783515674461,0.04904435641138518,0.36,0.26000000000000006,2.8000000000000003,gaussian,True,2.8647889756541165,5;15;25;35;45;55,results/paper5_structure2_alpha52_offset30_h7/structure2_br_bt.csv
0.12398222993492433,1.8193419668555149,0.4847663228073839,0.10231064296182314,0.5106783515674461,0.04904435641138518,0.28,0.26000000000000006,2.8000000000000003,gaussian,True,2.8647889756541165,5;15;25;35;45;55,results/paper5_structure2_alpha52_offset30_h7/structure2_br_bt.csv
0.12650316529711553,1.81927881318218,0.48426820518427105,0.10229748118080788,0.5106783515674461,0.04904435641138518,0.24000000000000002,0.26000000000000006,2.8000000000000003,gaussian,True,2.8647889756541165,5;15;25;35;45;55,results/paper5_structure2_alpha52_offset30_h7/structure2_br_bt.csv
0.1182844099577085,1.8275172540766123,0.4840422804439366,0.05882580847033532,0.5106783515674461,0.04904435641138518,0.16,-0.22,1.0,gaussian,True,2.8647889756541165,5;15;25;35;45;55,results/paper5_structure2_alpha52_offset30_h7/structure2_br_bt.csv
0.12935038077107466,1.818466796158031,0.4836947274076777,0.06343376274140843,0.5106783515674461,0.04904435641138518,0.12,-0.18,1.7999999999999998,gaussian,True,2.8647889756541165,5;15;25;35;45;55,results/paper5_structure2_alpha52_offset30_h7/structure2_br_bt.csv
0.13014231242433388,1.8192443337107789,0.48389283502181496,0.10228619712437409,0.5106783515674461,0.04904435641138518,0.2,0.26000000000000006,2.8000000000000003,gaussian,True,2.8647889756541165,5;15;25;35;45;55,results/paper5_structure2_alpha52_offset30_h7/structure2_br_bt.csv
0.13459558701643187,1.8192337514747539,0.483621198007569,0.10227652774219961,0.5106783515674461,0.04904435641138518,0.16,0.26000000000000006,2.8000000000000003,gaussian,True,2.8647889756541165,5;15;25;35;45;55,results/paper5_structure2_alpha52_offset30_h7/structure2_br_bt.csv
0.1264034184769545,1.82755866315876,0.4837102681429012,0.05881416283397449,0.5106783515674461,0.04904435641138518,0.12,-0.22,1.0,gaussian,True,2.8647889756541165,5;15;25;35;45;55,results/paper5_structure2_alpha52_offset30_h7/structure2_br_bt.csv
0.1370724566486623,1.8185779782994465,0.48347718834607417,0.06342501745842753,0.5106783515674461,0.04904435641138518,0.08,-0.18,1.7999999999999998,gaussian,True,2.8647889756541165,5;15;25;35;45;55,results/paper5_structure2_alpha52_offset30_h7/structure2_br_bt.csv
0.1136935147489625,1.8423351317862693,0.48576168544405907,0.06615330794020187,0.5106783515674461,0.04904435641138518,0.28,-0.18,1.9999999999999998,gaussian,True,2.8647889756541165,5;15;25;35;45;55,results/paper5_structure2_alpha52_offset30_h7/structure2_br_bt.csv
0.11433006673421918,1.8423656590636615,0.48670683546805216,0.06617486499427315,0.5106783515674461,0.04904435641138518,0.32,-0.18,1.9999999999999998,gaussian,True,2.8647889756541165,5;15;25;35;45;55,results/paper5_structure2_alpha52_offset30_h7/structure2_br_bt.csv
0.11545990775907888,1.8423443955321082,0.4850058292937123,0.06613533947954296,0.5106783515674461,0.04904435641138518,0.24000000000000002,-0.18,1.9999999999999998,gaussian,True,2.8647889756541165,5;15;25;35;45;55,results/paper5_structure2_alpha52_offset30_h7/structure2_br_bt.csv
0.13961573853851791,1.8192430975583793,0.48343735364832224,0.10226825138007249,0.5106783515674461,0.04904435641138518,0.12,0.26000000000000006,2.8000000000000003,gaussian,True,2.8647889756541165,5;15;25;35;45;55,results/paper5_structure2_alpha52_offset30_h7/structure2_br_bt.csv
0.11770170384223573,1.842442209619888,0.4878668072257703,0.06620049586821852,0.5106783515674461,0.04904435641138518,0.36,-0.18,1.9999999999999998,gaussian,True,2.8647889756541165,5;15;25;35;45;55,results/paper5_structure2_alpha52_offset30_h7/structure2_br_bt.csv
0.11920713866424891,1.8423880628391711,0.48441685141079255,0.06612053666884726,0.5106783515674461,0.04904435641138518,0.2,-0.18,1.9999999999999998,gaussian,True,2.8647889756541165,5;15;25;35;45;55,results/paper5_structure2_alpha52_offset30_h7/structure2_br_bt.csv
0.1352787152478038,1.8276254001453809,0.4834874415508718,0.05880472798330032,0.5106783515674461,0.04904435641138518,0.08,-0.22,1.0,gaussian,True,2.8647889756541165,5;15;25;35;45;55,results/paper5_structure2_alpha52_offset30_h7/structure2_br_bt.csv
0.14539170121296638,1.8187113479259294,0.48336829381752955,0.06341843531152538,0.5106783515674461,0.04904435641138518,0.04,-0.18,1.7999999999999998,gaussian,True,2.8647889756541165,5;15;25;35;45;55,results/paper5_structure2_alpha52_offset30_h7/structure2_br_bt.csv
0.14500923542761382,1.8192690618414973,0.4833278925206967,0.10226118043189411,0.5106783515674461,0.04904435641138518,0.08,0.26000000000000006,2.8000000000000003,gaussian,True,2.8647889756541165,5;15;25;35;45;55,results/paper5_structure2_alpha52_offset30_h7/structure2_br_bt.csv
0.12449520499780202,1.8424614661100025,0.48397504284889786,0.06610852994808654,0.5106783515674461,0.04904435641138518,0.16,-0.18,1.9999999999999998,gaussian,True,2.8647889756541165,5;15;25;35;45;55,results/paper5_structure2_alpha52_offset30_h7/structure2_br_bt.csv
0.15062862027743898,1.8193088740349754,0.4832814982216177,0.10225515544583266,0.5106783515674461,0.04904435641138518,0.04,0.26000000000000006,2.8000000000000003,gaussian,True,2.8647889756541165,5;15;25;35;45;55,results/paper5_structure2_alpha52_offset30_h7/structure2_br_bt.csv
0.1446923031398923,1.8277158133320222,0.48336717994868966,0.05879737141339703,0.5106783515674461,0.04904435641138518,0.04,-0.22,1.0,gaussian,True,2.8647889756541165,5;15;25;35;45;55,results/paper5_structure2_alpha52_offset30_h7/structure2_br_bt.csv
0.13092199780104888,1.84256055301872,0.4836630521414484,0.06609899565152094,0.5106783515674461,0.04904435641138518,0.12,-0.18,1.9999999999999998,gaussian,True,2.8647889756541165,5;15;25;35;45;55,results/paper5_structure2_alpha52_offset30_h7/structure2_br_bt.csv
0.10034760677779145,1.8732633779080698,0.4870157474714104,0.06174225888543362,0.5106783515674461,0.04904435641138518,0.36,-0.26,0.8,gaussian,True,2.8647889756541165,5;15;25;35;45;55,results/paper5_structure2_alpha52_offset30_h7/structure2_br_bt.csv
0.10106200587043243,1.8731711045592683,0.48617601125192533,0.06172217080681481,0.5106783515674461,0.04904435641138518,0.32,-0.26,0.8,gaussian,True,2.8647889756541165,5;15;25;35;45;55,results/paper5_structure2_alpha52_offset30_h7/structure2_br_bt.csv
0.12402209970889325,1.8524913143720105,0.4851278952026216,0.10295385846802312,0.5106783515674461,0.04904435641138518,0.32,0.26000000000000006,3.0000000000000004,gaussian,True,2.8647889756541165,5;15;25;35;45;55,results/paper5_structure2_alpha52_offset30_h7/structure2_br_bt.csv
0.10368708813255867,1.8731070682559525,0.48545644311057906,0.06170437936674465,0.5106783515674461,0.04904435641138518,0.28,-0.26,0.8,gaussian,True,2.8647889756541165,5;15;25;35;45;55,results/paper5_structure2_alpha52_offset30_h7/structure2_br_bt.csv
0.12417851293577696,1.852623422904816,0.4858540501246942,0.10297093472016863,0.5106783515674461,0.04904435641138518,0.36,0.26000000000000006,3.0000000000000004,gaussian,True,2.8647889756541165,5;15;25;35;45;55,results/paper5_structure2_alpha52_offset30_h7/structure2_br_bt.csv
0.11583578323350582,1.861234903221899,0.48554658219373437,0.0684217128320042,0.5106783515674461,0.04904435641138518,0.28,-0.18,2.1999999999999997,gaussian,True,2.8647889756541165,5;15;25;35;45;55,results/paper5_structure2_alpha52_offset30_h7/structure2_br_bt.csv
0.11616100209602055,1.8612381419148685,0.48642691394015286,0.06844055575338188,0.5106783515674461,0.04904435641138518,0.32,-0.18,2.1999999999999997,gaussian,True,2.8647889756541165,5;15;25;35;45;55,results/paper5_structure2_alpha52_offset30_h7/structure2_br_bt.csv
0.1254845650577131,1.8523970090546926,0.4845596065853601,0.10293921281960003,0.5106783515674461,0.04904435641138518,0.28,0.26000000000000006,3.0000000000000004,gaussian,True,2.8647889756541165,5;15;25;35;45;55,results/paper5_structure2_alpha52_offset30_h7/structure2_br_bt.csv
0.117723010181065,1.8612677691811998,0.4848485865838883,0.068406201981771,0.5106783515674461,0.04904435641138518,0.24000000000000002,-0.18,2.1999999999999997,gaussian,True,2.8647889756541165,5;15;25;35;45;55,results/paper5_structure2_alpha52_offset30_h7/structure2_br_bt.csv
0.11906414565965777,1.8612838742807611,0.48751680511312195,0.06846322862801034,0.5106783515674461,0.04904435641138518,0.36,-0.18,2.1999999999999997,gaussian,True,2.8647889756541165,5;15;25;35;45;55,results/paper5_structure2_alpha52_offset30_h7/structure2_br_bt.csv
0.1281974599537514,1.8523338669598604,0.48412297073673427,0.10292663015135821,0.5106783515674461,0.04904435641138518,0.24000000000000002,0.26000000000000006,3.0000000000000004,gaussian,True,2.8647889756541165,5;15;25;35;45;55,results/paper5_structure2_alpha52_offset30_h7/structure2_br_bt.csv
0.1381510989870927,1.842681798629262,0.4834655842246761,0.06609164968347614,0.5106783515674461,0.04904435641138518,0.08,-0.18,1.9999999999999998,gaussian,True,2.8647889756541165,5;15;25;35;45;55,results/paper5_structure2_alpha52_offset30_h7/structure2_br_bt.csv
0.10798612629975339,1.873069807939186,0.48485148003400724,0.06168877316720943,0.5106783515674461,0.04904435641138518,0.24000000000000002,-0.26,0.8,gaussian,True,2.8647889756541165,5;15;25;35;45;55,results/paper5_structure2_alpha52_offset30_h7/structure2_br_bt.csv
0.1214006588602135,1.8613313033345869,0.48430937724507184,0.06839359525827551,0.5106783515674461,0.04904435641138518,0.2,-0.18,2.1999999999999997,gaussian,True,2.8647889756541165,5;15;25;35;45;55,results/paper5_structure2_alpha52_offset30_h7/structure2_br_bt.csv
0.13183796284010937,1.8522964717198027,0.4837964124367147,0.10291580622508453,0.5106783515674461,0.04904435641138518,0.2,0.26000000000000006,3.0000000000000004,gaussian,True,2.8647889756541165,5;15;25;35;45;55,results/paper5_structure2_alpha52_offset30_h7/structure2_br_bt.csv
0.11368171277676596,1.873057937952004,0.48435576314173046,0.061675246289928036,0.5106783515674461,0.04904435641138518,0.2,-0.26,0.8,gaussian,True,2.8647889756541165,5;15;25;35;45;55,results/paper5_structure2_alpha52_offset30_h7/structure2_br_bt.csv
0.12645148663308992,1.86142086739984,0.48390854248491877,0.0683835237147027,0.5106783515674461,0.04904435641138518,0.16,-0.18,2.1999999999999997,gaussian,True,2.8647889756541165,5;15;25;35;45;55,results/paper5_structure2_alpha52_offset30_h7/structure2_br_bt.csv
0.13613883618153264,1.8522803825364806,0.4835620932778637,0.10290648781470212,0.5106783515674461,0.04904435641138518,0.16,0.26000000000000006,3.0000000000000004,gaussian,True,2.8647889756541165,5;15;25;35;45;55,results/paper5_structure2_alpha52_offset30_h7/structure2_br_bt.csv
0.14591686036443186,1.8428221313018853,0.4833691404432218,0.06608624215997574,0.5106783515674461,0.04904435641138518,0.04,-0.18,1.9999999999999998,gaussian,True,2.8647889756541165,5;15;25;35;45;55,results/paper5_structure2_alpha52_offset30_h7/structure2_br_bt.csv
0.11759229959062377,1.8741579139881728,0.48611934204148655,0.07024213761838116,0.5106783515674461,0.04904435641138518,0.32,-0.18,2.4,gaussian,True,2.8647889756541165,5;15;25;35;45;55,results/paper5_structure2_alpha52_offset30_h7/structure2_br_bt.csv
0.1176993746886497,1.8741817147568307,0.4853149375081844,0.07022598908528165,0.5106783515674461,0.04904435641138518,0.28,-0.18,2.4,gaussian,True,2.8647889756541165,5;15;25;35;45;55,results/paper5_structure2_alpha52_offset30_h7/structure2_br_bt.csv
0.1408879717421783,1.8522819414636764,0.48340520195215364,0.1028984630269401,0.5106783515674461,0.04904435641138518,0.12,0.26000000000000006,3.0000000000000004,gaussian,True,2.8647889756541165,5;15;25;35;45;55,results/paper5_structure2_alpha52_offset30_h7/structure2_br_bt.csv
0.12049762932306902,1.873070143790898,0.4839641331392904,0.06166369800480929,0.5106783515674461,0.04904435641138518,0.16,-0.26,0.8,gaussian,True,2.8647889756541165,5;15;25;35;45;55,results/paper5_structure2_alpha52_offset30_h7/structure2_br_bt.csv
0.11979514895551982,1.8742372893607955,0.4846824046131257,0.07021287859015896,0.5106783515674461,0.04904435641138518,0.24000000000000002,-0.18,2.4,gaussian,True,2.8647889756541165,5;15;25;35;45;55,results/paper5_structure2_alpha52_offset30_h7/structure2_br_bt.csv
0.11986355830986031,1.8741722001082435,0.4871236426962897,0.07026182000453648,0.5106783515674461,0.04904435641138518,0.36,-0.18,2.4,gaussian,True,2.8647889756541165,5;15;25;35;45;55,results/paper5_structure2_alpha52_offset30_h7/structure2_br_bt.csv
0.13250539550240248,1.8615324943648874,0.4836283576236092,0.06837566835936121,0.5106783515674461,0.04904435641138518,0.12,-0.18,2.1999999999999997,gaussian,True,2.8647889756541165,5;15;25;35;45;55,results/paper5_structure2_alpha52_offset30_h7/structure2_br_bt.csv
0.11904341805686351,1.8759560532664483,0.4854762954252844,0.11016408120134509,0.5106783515674461,0.04904435641138518,0.28,0.30000000000000004,2.1999999999999997,gaussian,True,2.8647889756541165,5;15;25;35;45;55,results/paper5_structure2_alpha52_offset30_h7/structure2_br_bt.csv
0.11934669985862942,1.876050302122471,0.4863559097604514,0.11017951378622419,0.5106783515674461,0.04904435641138518,0.32,0.30000000000000004,2.1999999999999997,gaussian,True,2.8647889756541165,5;15;25;35;45;55,results/paper5_structure2_alpha52_offset30_h7/structure2_br_bt.csv
0.12099378230780583,1.8744604431292609,0.4852354572579101,0.07276648765284445,0.5106783515674461,0.04904435641138518,0.32,-0.18,3.0000000000000004,gaussian,True,2.8647889756541165,5;15;25;35;45;55,results/paper5_structure2_alpha52_offset30_h7/structure2_br_bt.csv
0.12118184394060227,1.8743965987049793,0.4859632551620157,0.0727786031776975,0.5106783515674461,0.04904435641138518,0.36,-0.18,3.0000000000000004,gaussian,True,2.8647889756541165,5;15;25;35;45;55,results/paper5_structure2_alpha52_offset30_h7/structure2_br_bt.csv
0.12089292576494945,1.875902381707478,0.48477900170267874,0.11015091388650286,0.5106783515674461,0.04904435641138518,0.24000000000000002,0.30000000000000004,2.1999999999999997,gaussian,True,2.8647889756541165,5;15;25;35;45;55,results/paper5_structure2_alpha52_offset30_h7/structure2_br_bt.csv
0.12246689151299277,1.8745480185265395,0.48466561305495887,0.07275696819263353,0.5106783515674461,0.04904435641138518,0.28,-0.18,3.0000000000000004,gaussian,True,2.8647889756541165,5;15;25;35;45;55,results/paper5_structure2_alpha52_offset30_h7/structure2_br_bt.csv
0.12346669681457728,1.8743193484485683,0.4841978380807389,0.07020238556709947,0.5106783515674461,0.04904435641138518,0.2,-0.18,2.4,gaussian,True,2.8647889756541165,5;15;25;35;45;55,results/paper5_structure2_alpha52_offset30_h7/structure2_br_bt.csv
0.14592206108080036,1.8522981225507162,0.4833133920682871,0.10289155367087807,0.5106783515674461,0.04904435641138518,0.08,0.26000000000000006,3.0000000000000004,gaussian,True,2.8647889756541165,5;15;25;35;45;55,results/paper5_structure2_alpha52_offset30_h7/structure2_br_bt.csv
0.1221605423461806,1.876191865433545,0.48744506914568664,0.110197538299847,0.5106783515674461,0.04904435641138518,0.36,0.30000000000000004,2.1999999999999997,gaussian,True,2.8647889756541165,5;15;25;35;45;55,results/paper5_structure2_alpha52_offset30_h7/structure2_br_bt.csv
0.11879762458465982,1.8805850578798786,0.48580849644258367,0.07154959493679586,0.5106783515674461,0.04904435641138518,0.32,-0.18,2.6,gaussian,True,2.8647889756541165,5;15;25;35;45;55,results/paper5_structure2_alpha52_offset30_h7/structure2_br_bt.csv
0.12522190296979205,1.8746541402544608,0.48422750360575056,0.07274961009835897,0.5106783515674461,0.04904435641138518,0.24000000000000002,-0.18,3.0000000000000004,gaussian,True,2.8647889756541165,5;15;25;35;45;55,results/paper5_structure2_alpha52_offset30_h7/structure2_br_bt.csv
0.11938161233304742,1.8806336220918216,0.4850841992611047,0.07153594492102656,0.5106783515674461,0.04904435641138518,0.28,-0.18,2.6,gaussian,True,2.8647889756541165,5;15;25;35;45;55,results/paper5_structure2_alpha52_offset30_h7/structure2_br_bt.csv
0.12448833648171105,1.875883534897341,0.4842404779048956,0.11013973060713847,0.5106783515674461,0.04904435641138518,0.2,0.30000000000000004,2.1999999999999997,gaussian,True,2.8647889756541165,5;15;25;35;45;55,results/paper5_structure2_alpha52_offset30_h7/structure2_br_bt.csv
0.1199050975636135,1.8805254891590995,0.4855106947953156,0.0723764378000854,0.5106783515674461,0.04904435641138518,0.32,-0.18,2.8000000000000003,gaussian,True,2.8647889756541165,5;15;25;35;45;55,results/paper5_structure2_alpha52_offset30_h7/structure2_br_bt.csv
0.13925769993059747,1.8616627837159594,0.48345340379070784,0.06836975264944935,0.5106783515674461,0.04904435641138518,0.08,-0.18,2.1999999999999997,gaussian,True,2.8647889756541165,5;15;25;35;45;55,results/paper5_structure2_alpha52_offset30_h7/structure2_br_bt.csv
0.12036337823778771,1.880569762527878,0.4867200563577187,0.07156646122016734,0.5106783515674461,0.04904435641138518,0.36,-0.18,2.6,gaussian,True,2.8647889756541165,5;15;25;35;45;55,results/paper5_structure2_alpha52_offset30_h7/structure2_br_bt.csv
0.1207606901542453,1.880483943112943,0.4863286637037739,0.07239076939247148,0.5106783515674461,0.04904435641138518,0.36,-0.18,2.8000000000000003,gaussian,True,2.8647889756541165,5;15;25;35;45;55,results/paper5_structure2_alpha52_offset30_h7/structure2_br_bt.csv
0.12818547794890325,1.8731051781211057,0.4836716256689691,0.061654032495232824,0.5106783515674461,0.04904435641138518,0.12,-0.26,0.8,gaussian,True,2.8647889756541165,5;15;25;35;45;55,results/paper5_structure2_alpha52_offset30_h7/structure2_br_bt.csv
0.12095582880198094,1.880595436759358,0.48486566597809877,0.07236500527921173,0.5106783515674461,0.04904435641138518,0.28,-0.18,2.8000000000000003,gaussian,True,2.8647889756541165,5;15;25;35;45;55,results/paper5_structure2_alpha52_offset30_h7/structure2_br_bt.csv
0.12171529896743365,1.8807094034547032,0.4845191437727143,0.07152502878253998,0.5106783515674461,0.04904435641138518,0.24000000000000002,-0.18,2.6,gaussian,True,2.8647889756541165,5;15;25;35;45;55,results/paper5_structure2_alpha52_offset30_h7/structure2_br_bt.csv
0.1283265368749732,1.874423446746184,0.48384079352371384,0.07019415198633969,0.5106783515674461,0.04904435641138518,0.16,-0.18,2.4,gaussian,True,2.8647889756541165,5;15;25;35;45;55,results/paper5_structure2_alpha52_offset30_h7/structure2_br_bt.csv
0.15111810682880575,1.8523264129217214,0.4832763342184991,0.10288560919919226,0.5106783515674461,0.04904435641138518,0.04,0.26000000000000006,3.0000000000000004,gaussian,True,2.8647889756541165,5;15;25;35;45;55,results/paper5_structure2_alpha52_offset30_h7/structure2_br_bt.csv
0.12892532469079976,1.874774654273038,0.48389954849712485,0.07274405714777486,0.5106783515674461,0.04904435641138518,0.2,-0.18,3.0000000000000004,gaussian,True,2.8647889756541165,5;15;25;35;45;55,results/paper5_structure2_alpha52_offset30_h7/structure2_br_bt.csv
0.12351694236313228,1.8806881269460045,0.48436621429598137,0.07235601080009535,0.5106783515674461,0.04904435641138518,0.24000000000000002,-0.18,2.8000000000000003,gaussian,True,2.8647889756541165,5;15;25;35;45;55,results/paper5_structure2_alpha52_offset30_h7/structure2_br_bt.csv
0.12942912049980362,1.8758945869933659,0.48384031178595316,0.11013028846008666,0.5106783515674461,0.04904435641138518,0.16,0.30000000000000004,2.1999999999999997,gaussian,True,2.8647889756541165,5;15;25;35;45;55,results/paper5_structure2_alpha52_offset30_h7/structure2_br_bt.csv
0.12540473806256966,1.8808074077427108,0.4840897360177456,0.07151644237714945,0.5106783515674461,0.04904435641138518,0.2,-0.18,2.6,gaussian,True,2.8647889756541165,5;15;25;35;45;55,results/paper5_structure2_alpha52_offset30_h7/structure2_br_bt.csv
0.1272218673131038,1.880798958477379,0.4839895724638859,0.07234907252917475,0.5106783515674461,0.04904435641138518,0.2,-0.18,2.8000000000000003,gaussian,True,2.8647889756541165,5;15;25;35;45;55,results/paper5_structure2_alpha52_offset30_h7/structure2_br_bt.csv
0.13330106447270007,1.8749062199186552,0.4836639043882146,0.07274001587860617,0.5106783515674461,0.04904435641138518,0.16,-0.18,3.0000000000000004,gaussian,True,2.8647889756541165,5;15;25;35;45;55,results/paper5_structure2_alpha52_offset30_h7/structure2_br_bt.csv
0.1464697443010176,1.8618088145812874,0.48337024506967985,0.06836553623447093,0.5106783515674461,0.04904435641138518,0.04,-0.18,2.1999999999999997,gaussian,True,2.8647889756541165,5;15;25;35;45;55,results/paper5_structure2_alpha52_offset30_h7/structure2_br_bt.csv
0.13404162425330804,1.8745458379542268,0.48359374329868793,0.0701878720211973,0.5106783515674461,0.04904435641138518,0.12,-0.18,2.4,gaussian,True,2.8647889756541165,5;15;25;35;45;55,results/paper5_structure2_alpha52_offset30_h7/structure2_br_bt.csv
0.13653590417400896,1.8731618570377508,0.4834734665679481,0.06164615859910884,0.5106783515674461,0.04904435641138518,0.08,-0.26,0.8,gaussian,True,2.8647889756541165,5;15;25;35;45;55,results/paper5_structure2_alpha52_offset30_h7/structure2_br_bt.csv
0.13009745889795526,1.8809234993859998,0.4837760450152468,0.07150984569058953,0.5106783515674461,0.04904435641138518,0.16,-0.18,2.6,gaussian,True,2.8647889756541165,5;15;25;35;45;55,results/paper5_structure2_alpha52_offset30_h7/structure2_br_bt.csv
0.13535937679263563,1.875931308875172,0.4835607783328083,0.11012237701475619,0.5106783515674461,0.04904435641138518,0.12,0.30000000000000004,2.1999999999999997,gaussian,True,2.8647889756541165,5;15;25;35;45;55,results/paper5_structure2_alpha52_offset30_h7/structure2_br_bt.csv
0.13175604155997897,1.880924176540768,0.4837167228985615,0.072343872715971,0.5106783515674461,0.04904435641138518,0.16,-0.18,2.8000000000000003,gaussian,True,2.8647889756541165,5;15;25;35;45;55,results/paper5_structure2_alpha52_offset30_h7/structure2_br_bt.csv
0.13813046538693233,1.8750461423148028,0.4835057553186652,0.07273724334810339,0.5106783515674461,0.04904435641138518,0.12,-0.18,3.0000000000000004,gaussian,True,2.8647889756541165,5;15;25;35;45;55,results/paper5_structure2_alpha52_offset30_h7/structure2_br_bt.csv
0.14034273761365065,1.8746833569288428,0.48344162522283746,0.07018328360616205,0.5106783515674461,0.04904435641138518,0.08,-0.18,2.4,gaussian,True,2.8647889756541165,5;15;25;35;45;55,results/paper5_structure2_alpha52_offset30_h7/structure2_br_bt.csv
0.1354995042012089,1.8810542434637387,0.4835611823785313,0.07150495154142913,0.5106783515674461,0.04904435641138518,0.12,-0.18,2.6,gaussian,True,2.8647889756541165,5;15;25;35;45;55,results/paper5_structure2_alpha52_offset30_h7/structure2_br_bt.csv
0.10161212772563917,1.916222733677572,0.48690576504309313,0.0636296789229949,0.5106783515674461,0.04904435641138518,0.32,-0.22,1.2,gaussian,True,2.8647889756541165,5;15;25;35;45;55,results/paper5_structure2_alpha52_offset30_h7/structure2_br_bt.csv
0.13686421457141348,1.8810607073883128,0.48353172191176175,0.0723401457689193,0.5106783515674461,0.04904435641138518,0.12,-0.18,2.8000000000000003,gaussian,True,2.8647889756541165,5;15;25;35;45;55,results/paper5_structure2_alpha52_offset30_h7/structure2_br_bt.csv
0.14198460854778464,1.875990060674995,0.4833864585214784,0.11011581345176365,0.5106783515674461,0.04904435641138518,0.08,0.30000000000000004,2.1999999999999997,gaussian,True,2.8647889756541165,5;15;25;35;45;55,results/paper5_structure2_alpha52_offset30_h7/structure2_br_bt.csv
0.14324577544013495,1.8751922421315763,0.4834127505334651,0.072735537527923,0.5106783515674461,0.04904435641138518,0.08,-0.18,3.0000000000000004,gaussian,True,2.8647889756541165,5;15;25;35;45;55,results/paper5_structure2_alpha52_offset30_h7/structure2_br_bt.csv
0.14537942018710173,1.8732390565562118,0.4833650670456049,0.061639989564741246,0.5106783515674461,0.04904435641138518,0.04,-0.26,0.8,gaussian,True,2.8647889756541165,5;15;25;35;45;55,results/paper5_structure2_alpha52_offset30_h7/structure2_br_bt.csv
0.1025150610495935,1.916141317982656,0.48597175619958494,0.06360690230486506,0.5106783515674461,0.04904435641138518,0.28,-0.22,1.2,gaussian,True,2.8647889756541165,5;15;25;35;45;55,results/paper5_structure2_alpha52_offset30_h7/structure2_br_bt.csv
0.10338808045911599,1.9163432724030853,0.4880127228426666,0.06365576559820214,0.5106783515674461,0.04904435641138518,0.36,-0.22,1.2,gaussian,True,2.8647889756541165,5;15;25;35;45;55,results/paper5_structure2_alpha52_offset30_h7/structure2_br_bt.csv
0.1470211196646963,1.8748333235523598,0.4833714670857057,0.07018016150639227,0.5106783515674461,0.04904435641138518,0.04,-0.18,2.4,gaussian,True,2.8647889756541165,5;15;25;35;45;55,results/paper5_structure2_alpha52_offset30_h7/structure2_br_bt.csv
0.10581788378866352,1.9160959547707692,0.48519853470636687,0.06358719631625812,0.5106783515674461,0.04904435641138518,0.24000000000000002,-0.22,1.2,gaussian,True,2.8647889756541165,5;15;25;35;45;55,results/paper5_structure2_alpha52_offset30_h7/structure2_br_bt.csv
0.14137758788196506,1.881196779395111,0.48343079644063225,0.07150151648608169,0.5106783515674461,0.04904435641138518,0.08,-0.18,2.6,gaussian,True,2.8647889756541165,5;15;25;35;45;55,results/paper5_structure2_alpha52_offset30_h7/structure2_br_bt.csv
0.14234734211662742,1.881206028061962,0.48342115699334337,0.07233766878349672,0.5106783515674461,0.04904435641138518,0.08,-0.18,2.8000000000000003,gaussian,True,2.8647889756541165,5;15;25;35;45;55,results/paper5_structure2_alpha52_offset30_h7/structure2_br_bt.csv
0.14852119923211585,1.8753427536824103,0.48337455654788736,0.07273472971378746,0.5106783515674461,0.04904435641138518,0.04,-0.18,3.0000000000000004,gaussian,True,2.8647889756541165,5;15;25;35;45;55,results/paper5_structure2_alpha52_offset30_h7/structure2_br_bt.csv
0.14907258716641258,1.8760677025514072,0.4833039164273052,0.11011043851193258,0.5106783515674461,0.04904435641138518,0.04,0.30000000000000004,2.1999999999999997,gaussian,True,2.8647889756541165,5;15;25;35;45;55,results/paper5_structure2_alpha52_offset30_h7/structure2_br_bt.csv
0.11112279932642895,1.916083816446349,0.484574725971578,0.06357033964636417,0.5106783515674461,0.04904435641138518,0.2,-0.22,1.2,gaussian,True,2.8647889756541165,5;15;25;35;45;55,results/paper5_structure2_alpha52_offset30_h7/structure2_br_bt.csv
0.14755279672568233,1.8813487194095646,0.4833726580409124,0.07149933345542041,0.5106783515674461,0.04904435641138518,0.04,-0.18,2.6,gaussian,True,2.8647889756541165,5;15;25;35;45;55,results/paper5_structure2_alpha52_offset30_h7/structure2_br_bt.csv
0.14805447881367814,1.8813580631258346,0.4833737087824461,0.07233625397044657,0.5106783515674461,0.04904435641138518,0.04,-0.18,2.8000000000000003,gaussian,True,2.8647889756541165,5;15;25;35;45;55,results/paper5_structure2_alpha52_offset30_h7/structure2_br_bt.csv
0.1180007123110648,1.9161022972822568,0.4840896949380569,0.0635561275912086,0.5106783515674461,0.04904435641138518,0.16,-0.22,1.2,gaussian,True,2.8647889756541165,5;15;25;35;45;55,results/paper5_structure2_alpha52_offset30_h7/structure2_br_bt.csv
0.1260570046441179,1.9161489943596763,0.48373350106399304,0.06354437068247969,0.5106783515674461,0.04904435641138518,0.12,-0.22,1.2,gaussian,True,2.8647889756541165,5;15;25;35;45;55,results/paper5_structure2_alpha52_offset30_h7/structure2_br_bt.csv
0.13496251912260945,1.9162216903179146,0.48349685566716316,0.06353489344115178,0.5106783515674461,0.04904435641138518,0.08,-0.22,1.2,gaussian,True,2.8647889756541165,5;15;25;35;45;55,results/paper5_structure2_alpha52_offset30_h7/structure2_br_bt.csv
0.1444583390511586,1.9163183377251263,0.48337108154267705,0.06352753324348065,0.5106783515674461,0.04904435641138518,0.04,-0.22,1.2,gaussian,True,2.8647889756541165,5;15;25;35;45;55,results/paper5_structure2_alpha52_offset30_h7/structure2_br_bt.csv
0.10511979412519237,1.9807901523896163,0.4860662724027676,0.06800092056544796,0.5106783515674461,0.04904435641138518,0.28,-0.22,1.4,gaussian,True,2.8647889756541165,5;15;25;35;45;55,results/paper5_structure2_alpha52_offset30_h7/structure2_br_bt.csv
0.10509090940835852,1.9808672325054524,0.48705585991850897,0.06802360363010851,0.5106783515674461,0.04904435641138518,0.32,-0.22,1.4,gaussian,True,2.8647889756541165,5;15;25;35;45;55,results/paper5_structure2_alpha52_offset30_h7/structure2_br_bt.csv
0.10771430470390334,1.980750916762125,0.48525383094831803,0.06798144576472873,0.5106783515674461,0.04904435641138518,0.24000000000000002,-0.22,1.4,gaussian,True,2.8647889756541165,5;15;25;35;45;55,results/paper5_structure2_alpha52_offset30_h7/structure2_br_bt.csv
0.10789681801174178,1.9809860053344506,0.48823854469052896,0.06804979042959751,0.5106783515674461,0.04904435641138518,0.36,-0.22,1.4,gaussian,True,2.8647889756541165,5;15;25;35;45;55,results/paper5_structure2_alpha52_offset30_h7/structure2_br_bt.csv
0.11246596754573422,1.9807460363088716,0.4846038472064286,0.06796491013476252,0.5106783515674461,0.04904435641138518,0.2,-0.22,1.4,gaussian,True,2.8647889756541165,5;15;25;35;45;55,results/paper5_structure2_alpha52_offset30_h7/structure2_br_bt.csv
0.12089541889745099,1.9776650992240146,0.4860362290339977,0.11338740647142832,0.5106783515674461,0.04904435641138518,0.32,0.30000000000000004,2.4,gaussian,True,2.8647889756541165,5;15;25;35;45;55,results/paper5_structure2_alpha52_offset30_h7/structure2_br_bt.csv
0.12101751401107588,1.9775686170915658,0.48523285367778823,0.11337240889717064,0.5106783515674461,0.04904435641138518,0.28,0.30000000000000004,2.4,gaussian,True,2.8647889756541165,5;15;25;35;45;55,results/paper5_structure2_alpha52_offset30_h7/structure2_br_bt.csv
0.1189185646699146,1.9807723438961373,0.4841027965084595,0.06795106835102696,0.5106783515674461,0.04904435641138518,0.16,-0.22,1.4,gaussian,True,2.8647889756541165,5;15;25;35;45;55,results/paper5_structure2_alpha52_offset30_h7/structure2_br_bt.csv
0.12307343391877733,1.9775089883649362,0.484601315933573,0.11335957627296213,0.5106783515674461,0.04904435641138518,0.24000000000000002,0.30000000000000004,2.4,gaussian,True,2.8647889756541165,5;15;25;35;45;55,results/paper5_structure2_alpha52_offset30_h7/structure2_br_bt.csv
0.12308702071805602,1.977805036546548,0.4870394664716893,0.11340490288732169,0.5106783515674461,0.04904435641138518,0.36,0.30000000000000004,2.4,gaussian,True,2.8647889756541165,5;15;25;35;45;55,results/paper5_structure2_alpha52_offset30_h7/structure2_br_bt.csv
0.1266652616865321,1.9774806484612852,0.4841177108504765,0.11334862442096826,0.5106783515674461,0.04904435641138518,0.2,0.30000000000000004,2.4,gaussian,True,2.8647889756541165,5;15;25;35;45;55,results/paper5_structure2_alpha52_offset30_h7/structure2_br_bt.csv
0.1266437600368763,1.9808269619978278,0.48373822623607643,0.06793969653442578,0.5106783515674461,0.04904435641138518,0.12,-0.22,1.4,gaussian,True,2.8647889756541165,5;15;25;35;45;55,results/paper5_structure2_alpha52_offset30_h7/structure2_br_bt.csv
0.1314208001979335,1.9774788909713563,0.4837615946018542,0.11333931054522906,0.5106783515674461,0.04904435641138518,0.16,0.30000000000000004,2.4,gaussian,True,2.8647889756541165,5;15;25;35;45;55,results/paper5_structure2_alpha52_offset30_h7/structure2_br_bt.csv
0.1370195452994192,1.977499722694439,0.48351544028063426,0.1133314264561413,0.5106783515674461,0.04904435641138518,0.12,0.30000000000000004,2.4,gaussian,True,2.8647889756541165,5;15;25;35;45;55,results/paper5_structure2_alpha52_offset30_h7/structure2_br_bt.csv
0.13528032601934853,1.9809072737627114,0.4834986711867485,0.06793059017946688,0.5106783515674461,0.04904435641138518,0.08,-0.22,1.4,gaussian,True,2.8647889756541165,5;15;25;35;45;55,results/paper5_structure2_alpha52_offset30_h7/structure2_br_bt.csv
0.14320118087330902,1.9775397456427448,0.48336418656758157,0.11332479303117955,0.5106783515674461,0.04904435641138518,0.08,0.30000000000000004,2.4,gaussian,True,2.8647889756541165,5;15;25;35;45;55,results/paper5_structure2_alpha52_offset30_h7/structure2_br_bt.csv
0.09955894007075047,2.0237974077734076,0.4866123464422138,0.06797559843214855,0.5106783515674461,0.04904435641138518,0.32,-0.26,1.0,gaussian,True,2.8647889756541165,5;15;25;35;45;55,results/paper5_structure2_alpha52_offset30_h7/structure2_br_bt.csv
0.10003862182923098,2.023901800571152,0.4876029701090515,0.067997356286131,0.5106783515674461,0.04904435641138518,0.36,-0.26,1.0,gaussian,True,2.8647889756541165,5;15;25;35;45;55,results/paper5_structure2_alpha52_offset30_h7/structure2_br_bt.csv
0.10145371355420062,2.023725054799747,0.48576983775102633,0.06795645649638292,0.5106783515674461,0.04904435641138518,0.28,-0.26,1.0,gaussian,True,2.8647889756541165,5;15;25;35;45;55,results/paper5_structure2_alpha52_offset30_h7/structure2_br_bt.csv
0.14454297097430613,1.9810108972743843,0.48337357543445897,0.06792356230398122,0.5106783515674461,0.04904435641138518,0.04,-0.22,1.4,gaussian,True,2.8647889756541165,5;15;25;35;45;55,results/paper5_structure2_alpha52_offset30_h7/structure2_br_bt.csv
0.14976259799212735,1.9775960605244807,0.4832948622046305,0.1133192556634397,0.5106783515674461,0.04904435641138518,0.04,0.30000000000000004,2.4,gaussian,True,2.8647889756541165,5;15;25;35;45;55,results/paper5_structure2_alpha52_offset30_h7/structure2_br_bt.csv
0.10544292320456128,2.023682659814389,0.48506682241946625,0.0679397721573235,0.5106783515674461,0.04904435641138518,0.24000000000000002,-0.26,1.0,gaussian,True,2.8647889756541165,5;15;25;35;45;55,results/paper5_structure2_alpha52_offset30_h7/structure2_br_bt.csv
0.11116678685676845,2.023668276975464,0.48449511458165867,0.06792539701600468,0.5106783515674461,0.04904435641138518,0.2,-0.26,1.0,gaussian,True,2.8647889756541165,5;15;25;35;45;55,results/paper5_structure2_alpha52_offset30_h7/structure2_br_bt.csv
0.10816046088173469,2.0318701812021986,0.4860522694334144,0.0721003834504499,0.5106783515674461,0.04904435641138518,0.28,-0.22,1.5999999999999999,gaussian,True,2.8647889756541165,5;15;25;35;45;55,results/paper5_structure2_alpha52_offset30_h7/structure2_br_bt.csv
0.10869161324173884,2.0319355354893274,0.4870597535820034,0.07212209135175467,0.5106783515674461,0.04904435641138518,0.32,-0.22,1.5999999999999999,gaussian,True,2.8647889756541165,5;15;25;35;45;55,results/paper5_structure2_alpha52_offset30_h7/structure2_br_bt.csv
0.11825560238960613,2.0236800866927394,0.48404694591044445,0.06791319191343749,0.5106783515674461,0.04904435641138518,0.16,-0.26,1.0,gaussian,True,2.8647889756541165,5;15;25;35;45;55,results/paper5_structure2_alpha52_offset30_h7/structure2_br_bt.csv
0.11023410151629068,2.031843033683087,0.48523225810215354,0.07208191059586613,0.5106783515674461,0.04904435641138518,0.24000000000000002,-0.22,1.5999999999999999,gaussian,True,2.8647889756541165,5;15;25;35;45;55,results/paper5_structure2_alpha52_offset30_h7/structure2_br_bt.csv
0.11210207760068067,2.0320436479364776,0.48827437786404465,0.0721473789045537,0.5106783515674461,0.04904435641138518,0.36,-0.22,1.5999999999999999,gaussian,True,2.8647889756541165,5;15;25;35;45;55,results/paper5_structure2_alpha52_offset30_h7/structure2_br_bt.csv
0.11450028094437098,2.031850030972687,0.4845818957130909,0.07206636360939978,0.5106783515674461,0.04904435641138518,0.2,-0.22,1.5999999999999999,gaussian,True,2.8647889756541165,5;15;25;35;45;55,results/paper5_structure2_alpha52_offset30_h7/structure2_br_bt.csv
0.10034483955814055,2.0479782617313096,0.48701954251718393,0.06990931657519825,0.5106783515674461,0.04904435641138518,0.36,-0.3,0.8,gaussian,True,2.8647889756541165,5;15;25;35;45;55,results/paper5_structure2_alpha52_offset30_h7/structure2_br_bt.csv
0.10105945301086736,2.047892818396936,0.4861798234124488,0.06989150243644737,0.5106783515674461,0.04904435641138518,0.32,-0.3,0.8,gaussian,True,2.8647889756541165,5;15;25;35;45;55,results/paper5_structure2_alpha52_offset30_h7/structure2_br_bt.csv
0.12637662341842595,2.0237163866574663,0.4837149478335629,0.06790302629969606,0.5106783515674461,0.04904435641138518,0.12,-0.26,1.0,gaussian,True,2.8647889756541165,5;15;25;35;45;55,results/paper5_structure2_alpha52_offset30_h7/structure2_br_bt.csv
0.10368478634650781,2.0478332222203837,0.4854602713063763,0.06987571891576842,0.5106783515674461,0.04904435641138518,0.28,-0.3,0.8,gaussian,True,2.8647889756541165,5;15;25;35;45;55,results/paper5_structure2_alpha52_offset30_h7/structure2_br_bt.csv
0.12049683389160726,2.031887542838107,0.4840850240599318,0.07205346468971444,0.5106783515674461,0.04904435641138518,0.16,-0.22,1.5999999999999999,gaussian,True,2.8647889756541165,5;15;25;35;45;55,results/paper5_structure2_alpha52_offset30_h7/structure2_br_bt.csv
0.1079840919683683,2.0477981359107282,0.48485532321809227,0.06986186723361998,0.5106783515674461,0.04904435641138518,0.24000000000000002,-0.3,0.8,gaussian,True,2.8647889756541165,5;15;25;35;45;55,results/paper5_structure2_alpha52_offset30_h7/structure2_br_bt.csv
0.13525382635416133,2.0237755835770264,0.4834921341862208,0.06789477765039195,0.5106783515674461,0.04904435641138518,0.08,-0.26,1.0,gaussian,True,2.8647889756541165,5;15;25;35;45;55,results/paper5_structure2_alpha52_offset30_h7/structure2_br_bt.csv
0.12778699088567588,2.0319523205857557,0.4837269903281962,0.07204296387741625,0.5106783515674461,0.04904435641138518,0.12,-0.22,1.5999999999999999,gaussian,True,2.8647889756541165,5;15;25;35;45;55,results/paper5_structure2_alpha52_offset30_h7/structure2_br_bt.csv
0.11367994441686548,2.047786291354501,0.4843596203001773,0.06984985351770867,0.5106783515674461,0.04904435641138518,0.2,-0.3,0.8,gaussian,True,2.8647889756541165,5;15;25;35;45;55,results/paper5_structure2_alpha52_offset30_h7/structure2_br_bt.csv
0.13600023083237187,2.0320414533167783,0.48349450257455645,0.07203463596165809,0.5106783515674461,0.04904435641138518,0.08,-0.22,1.5999999999999999,gaussian,True,2.8647889756541165,5;15;25;35;45;55,results/paper5_structure2_alpha52_offset30_h7/structure2_br_bt.csv
0.12049611304017765,2.0477964856992714,0.483968003291629,0.06983958853725354,0.5106783515674461,0.04904435641138518,0.16,-0.3,0.8,gaussian,True,2.8647889756541165,5;15;25;35;45;55,results/paper5_structure2_alpha52_offset30_h7/structure2_br_bt.csv
0.1446691690547743,2.0238561855534565,0.4833718843108406,0.06788833092664934,0.5106783515674461,0.04904435641138518,0.04,-0.26,1.0,gaussian,True,2.8647889756541165,5;15;25;35;45;55,results/paper5_structure2_alpha52_offset30_h7/structure2_br_bt.csv
0.1281841930456215,2.0478275776821846,0.4836755078684187,0.06983098745299128,0.5106783515674461,0.04904435641138518,0.12,-0.3,0.8,gaussian,True,2.8647889756541165,5;15;25;35;45;55,results/paper5_structure2_alpha52_offset30_h7/structure2_br_bt.csv
0.144842745828088,2.032152329716409,0.48337549940205937,0.07202827776791212,0.5106783515674461,0.04904435641138518,0.04,-0.22,1.5999999999999999,gaussian,True,2.8647889756541165,5;15;25;35;45;55,results/paper5_structure2_alpha52_offset30_h7/structure2_br_bt.csv
0.122171614365421,2.054974042043287,0.4857146248462876,0.11572482445486904,0.5106783515674461,0.04904435641138518,0.32,0.30000000000000004,2.6,gaussian,True,2.8647889756541165,5;15;25;35;45;55,results/paper5_structure2_alpha52_offset30_h7/structure2_br_bt.csv
0.12276149871814789,2.0548763339611877,0.4849916362314345,0.11571031331451766,0.5106783515674461,0.04904435641138518,0.28,0.30000000000000004,2.6,gaussian,True,2.8647889756541165,5;15;25;35;45;55,results/paper5_structure2_alpha52_offset30_h7/structure2_br_bt.csv
0.12367142906662984,2.0551116797161306,0.48662482031546656,0.11574172937465182,0.5106783515674461,0.04904435641138518,0.36,0.30000000000000004,2.6,gaussian,True,2.8647889756541165,5;15;25;35;45;55,results/paper5_structure2_alpha52_offset30_h7/structure2_br_bt.csv
0.1250523556770351,2.054812160620679,0.4844278351956687,0.11569786059163817,0.5106783515674461,0.04904435641138518,0.24000000000000002,0.30000000000000004,2.6,gaussian,True,2.8647889756541165,5;15;25;35;45;55,results/paper5_structure2_alpha52_offset30_h7/structure2_br_bt.csv
0.12866463899640868,2.054776194593574,0.4839996297427414,0.11568718377659917,0.5106783515674461,0.04904435641138518,0.2,0.30000000000000004,2.6,gaussian,True,2.8647889756541165,5;15;25;35;45;55,results/paper5_structure2_alpha52_offset30_h7/structure2_br_bt.csv
0.11103523381306235,2.0732014808910133,0.4859459545314622,0.07581092862980278,0.5106783515674461,0.04904435641138518,0.28,-0.22,1.7999999999999998,gaussian,True,2.8647889756541165,5;15;25;35;45;55,results/paper5_structure2_alpha52_offset30_h7/structure2_br_bt.csv
0.1365348274297477,2.0478784841866116,0.4834773599015013,0.06982396958190962,0.5106783515674461,0.04904435641138518,0.08,-0.3,0.8,gaussian,True,2.8647889756541165,5;15;25;35;45;55,results/paper5_structure2_alpha52_offset30_h7/structure2_br_bt.csv
0.11177141903061678,2.0732480427363855,0.4869363814145713,0.07583091712622604,0.5106783515674461,0.04904435641138518,0.32,-0.22,1.7999999999999998,gaussian,True,2.8647889756541165,5;15;25;35;45;55,results/paper5_structure2_alpha52_offset30_h7/structure2_br_bt.csv
0.11284242938325233,2.073191987952034,0.4851468970563666,0.07579409687808736,0.5106783515674461,0.04904435641138518,0.24000000000000002,-0.22,1.7999999999999998,gaussian,True,2.8647889756541165,5;15;25;35;45;55,results/paper5_structure2_alpha52_offset30_h7/structure2_br_bt.csv
0.13325944854180274,2.054763979872159,0.4836870909732355,0.11567804381295424,0.5106783515674461,0.04904435641138518,0.16,0.30000000000000004,2.6,gaussian,True,2.8647889756541165,5;15;25;35;45;55,results/paper5_structure2_alpha52_offset30_h7/structure2_br_bt.csv
0.11534934777135597,2.0733367725693714,0.48814113369599593,0.07585444471883722,0.5106783515674461,0.04904435641138518,0.36,-0.22,1.7999999999999998,gaussian,True,2.8647889756541165,5;15;25;35;45;55,results/paper5_structure2_alpha52_offset30_h7/structure2_br_bt.csv
0.11677533541597515,2.0732150857094496,0.4845187343416923,0.07578008389672276,0.5106783515674461,0.04904435641138518,0.2,-0.22,1.7999999999999998,gaussian,True,2.8647889756541165,5;15;25;35;45;55,results/paper5_structure2_alpha52_offset30_h7/structure2_br_bt.csv
0.13855355815572598,2.0547717755323887,0.48347333263981224,0.11567023756211241,0.5106783515674461,0.04904435641138518,0.12,0.30000000000000004,2.6,gaussian,True,2.8647889756541165,5;15;25;35;45;55,results/paper5_structure2_alpha52_offset30_h7/structure2_br_bt.csv
0.14537852855175268,2.0479481770113463,0.4833689706339746,0.0698184581757668,0.5106783515674461,0.04904435641138518,0.04,-0.3,0.8,gaussian,True,2.8647889756541165,5;15;25;35;45;55,results/paper5_structure2_alpha52_offset30_h7/structure2_br_bt.csv
0.12237804833120387,2.0732668340910654,0.48404319068356383,0.07576859035207452,0.5106783515674461,0.04904435641138518,0.16,-0.22,1.7999999999999998,gaussian,True,2.8647889756541165,5;15;25;35;45;55,results/paper5_structure2_alpha52_offset30_h7/structure2_br_bt.csv
0.1443211928525486,2.054796430281886,0.4833440052277073,0.11566359172500328,0.5106783515674461,0.04904435641138518,0.08,0.30000000000000004,2.6,gaussian,True,2.8647889756541165,5;15;25;35;45;55,results/paper5_structure2_alpha52_offset30_h7/structure2_br_bt.csv
0.12922418925780227,2.0733437605943115,0.48370394066224087,0.07575935063837828,0.5106783515674461,0.04904435641138518,0.12,-0.22,1.7999999999999998,gaussian,True,2.8647889756541165,5;15;25;35;45;55,results/paper5_structure2_alpha52_offset30_h7/structure2_br_bt.csv
0.1503882053628016,2.0548352812201176,0.48328688170829154,0.11565795791055068,0.5106783515674461,0.04904435641138518,0.04,0.30000000000000004,2.6,gaussian,True,2.8647889756541165,5;15;25;35;45;55,results/paper5_structure2_alpha52_offset30_h7/structure2_br_bt.csv
0.13695316776106045,2.0734427999202927,0.48348639002371485,0.07575212865835441,0.5106783515674461,0.04904435641138518,0.08,-0.22,1.7999999999999998,gaussian,True,2.8647889756541165,5;15;25;35;45;55,results/paper5_structure2_alpha52_offset30_h7/structure2_br_bt.csv
0.14527905053116985,2.07356124219185,0.48337748244898676,0.07574671418959192,0.5106783515674461,0.04904435641138518,0.04,-0.22,1.7999999999999998,gaussian,True,2.8647889756541165,5;15;25;35;45;55,results/paper5_structure2_alpha52_offset30_h7/structure2_br_bt.csv
0.11353525338479446,2.108361640180578,0.4857725157717327,0.07914258369053402,0.5106783515674461,0.04904435641138518,0.28,-0.22,1.9999999999999998,gaussian,True,2.8647889756541165,5;15;25;35;45;55,results/paper5_structure2_alpha52_offset30_h7/structure2_br_bt.csv
0.11417339419053439,2.1083841678996444,0.48671768798262094,0.07916033785119433,0.5106783515674461,0.04904435641138518,0.32,-0.22,1.9999999999999998,gaussian,True,2.8647889756541165,5;15;25;35;45;55,results/paper5_structure2_alpha52_offset30_h7/structure2_br_bt.csv
0.1153034046671454,2.1083736854115145,0.485016635194349,0.0791278180998,0.5106783515674461,0.04904435641138518,0.24000000000000002,-0.22,1.9999999999999998,gaussian,True,2.8647889756541165,5;15;25;35;45;55,results/paper5_structure2_alpha52_offset30_h7/structure2_br_bt.csv
0.11755024651209699,2.1084466999896474,0.4878776792632203,0.07918148620811977,0.5106783515674461,0.04904435641138518,0.36,-0.22,1.9999999999999998,gaussian,True,2.8647889756541165,5;15;25;35;45;55,results/paper5_structure2_alpha52_offset30_h7/structure2_br_bt.csv
0.11905494631987003,2.108415609590286,0.4844276310170103,0.07911568771676626,0.5106783515674461,0.04904435641138518,0.2,-0.22,1.9999999999999998,gaussian,True,2.8647889756541165,5;15;25;35;45;55,results/paper5_structure2_alpha52_offset30_h7/structure2_br_bt.csv
0.10154771697542776,2.1306554107223397,0.48691154336723613,0.0736934896352596,0.5106783515674461,0.04904435641138518,0.32,-0.26,1.2,gaussian,True,2.8647889756541165,5;15;25;35;45;55,results/paper5_structure2_alpha52_offset30_h7/structure2_br_bt.csv
0.1243489226552767,2.1084833468912563,0.4839857946203307,0.07910588393883229,0.5106783515674461,0.04904435641138518,0.16,-0.22,1.9999999999999998,gaussian,True,2.8647889756541165,5;15;25;35;45;55,results/paper5_structure2_alpha52_offset30_h7/structure2_br_bt.csv
0.10245143187562547,2.1305810739317326,0.4859775573893712,0.0736737467842692,0.5106783515674461,0.04904435641138518,0.28,-0.26,1.2,gaussian,True,2.8647889756541165,5;15;25;35;45;55,results/paper5_structure2_alpha52_offset30_h7/structure2_br_bt.csv
0.1233109110399388,2.109817615153725,0.48540774970851536,0.11721827068185264,0.5106783515674461,0.04904435641138518,0.32,0.30000000000000004,2.8000000000000003,gaussian,True,2.8647889756541165,5;15;25;35;45;55,results/paper5_structure2_alpha52_offset30_h7/structure2_br_bt.csv
0.12411619097084105,2.1099518037298894,0.48622410470066635,0.11723453241531229,0.5106783515674461,0.04904435641138518,0.36,0.30000000000000004,2.8000000000000003,gaussian,True,2.8647889756541165,5;15;25;35;45;55,results/paper5_structure2_alpha52_offset30_h7/structure2_br_bt.csv
0.12435787608637544,2.109720127505307,0.4847642571502009,0.11720429161309996,0.5106783515674461,0.04904435641138518,0.28,0.30000000000000004,2.8000000000000003,gaussian,True,2.8647889756541165,5;15;25;35;45;55,results/paper5_structure2_alpha52_offset30_h7/structure2_br_bt.csv
0.1033245586184321,2.130764966046085,0.4880184760123608,0.07371609476649,0.5106783515674461,0.04904435641138518,0.36,-0.26,1.2,gaussian,True,2.8647889756541165,5;15;25;35;45;55,results/paper5_structure2_alpha52_offset30_h7/structure2_br_bt.csv
0.10575644331381973,2.1305391920594334,0.4852043565952415,0.07365665865628368,0.5106783515674461,0.04904435641138518,0.24000000000000002,-0.26,1.2,gaussian,True,2.8647889756541165,5;15;25;35;45;55,results/paper5_structure2_alpha52_offset30_h7/structure2_br_bt.csv
0.12687325893079596,2.10965320370904,0.4842662679951674,0.11719226289233364,0.5106783515674461,0.04904435641138518,0.24000000000000002,0.30000000000000004,2.8000000000000003,gaussian,True,2.8647889756541165,5;15;25;35;45;55,results/paper5_structure2_alpha52_offset30_h7/structure2_br_bt.csv
0.130782393244606,2.108573368243775,0.4836737748239692,0.07909813661509915,0.5106783515674461,0.04904435641138518,0.12,-0.22,1.9999999999999998,gaussian,True,2.8647889756541165,5;15;25;35;45;55,results/paper5_structure2_alpha52_offset30_h7/structure2_br_bt.csv
0.13050382840521518,2.1096117845252653,0.4838910188717305,0.11718190711178259,0.5106783515674461,0.04904435641138518,0.2,0.30000000000000004,2.8000000000000003,gaussian,True,2.8647889756541165,5;15;25;35;45;55,results/paper5_structure2_alpha52_offset30_h7/structure2_br_bt.csv
0.11106448021723664,2.130527220472684,0.48458056651235654,0.07364203350390587,0.5106783515674461,0.04904435641138518,0.2,-0.26,1.2,gaussian,True,2.8647889756541165,5;15;25;35;45;55,results/paper5_structure2_alpha52_offset30_h7/structure2_br_bt.csv
0.1349467562618053,2.109591680030526,0.48361949603117355,0.11717299150952419,0.5106783515674461,0.04904435641138518,0.16,0.30000000000000004,2.8000000000000003,gaussian,True,2.8647889756541165,5;15;25;35;45;55,results/paper5_structure2_alpha52_offset30_h7/structure2_br_bt.csv
0.1380183437461238,2.1086826045466123,0.48347627681416655,0.07909220872519235,0.5106783515674461,0.04904435641138518,0.08,-0.22,1.9999999999999998,gaussian,True,2.8647889756541165,5;15;25;35;45;55,results/paper5_structure2_alpha52_offset30_h7/structure2_br_bt.csv
0.1179459651391573,2.1305428144625376,0.4840955521996004,0.07362969405761277,0.5106783515674461,0.04904435641138518,0.16,-0.26,1.2,gaussian,True,2.8647889756541165,5;15;25;35;45;55,results/paper5_structure2_alpha52_offset30_h7/structure2_br_bt.csv
0.13995574864902957,2.109589405550421,0.48343575949609996,0.11716531984644554,0.5106783515674461,0.04904435641138518,0.12,0.30000000000000004,2.8000000000000003,gaussian,True,2.8647889756541165,5;15;25;35;45;55,results/paper5_structure2_alpha52_offset30_h7/structure2_br_bt.csv
0.1156697411451621,2.1367898949199184,0.4855589766187429,0.0819832708384606,0.5106783515674461,0.04904435641138518,0.28,-0.22,2.1999999999999997,gaussian,True,2.8647889756541165,5;15;25;35;45;55,results/paper5_structure2_alpha52_offset30_h7/structure2_br_bt.csv
0.11599655717333321,2.1367860555319673,0.48643935630856094,0.08199857996829439,0.5106783515674461,0.04904435641138518,0.32,-0.22,2.1999999999999997,gaussian,True,2.8647889756541165,5;15;25;35;45;55,results/paper5_structure2_alpha52_offset30_h7/structure2_br_bt.csv
0.11755857544069442,2.136824834802622,0.4848609319390294,0.08197072200921611,0.5106783515674461,0.04904435641138518,0.24000000000000002,-0.22,2.1999999999999997,gaussian,True,2.8647889756541165,5;15;25;35;45;55,results/paper5_structure2_alpha52_offset30_h7/structure2_br_bt.csv
0.14579075697593155,2.10880838195219,0.48337980215347215,0.07908789187507476,0.5106783515674461,0.04904435641138518,0.04,-0.22,1.9999999999999998,gaussian,True,2.8647889756541165,5;15;25;35;45;55,results/paper5_structure2_alpha52_offset30_h7/structure2_br_bt.csv
0.14533793277654028,2.1096020516869123,0.483326400314765,0.11715872593219105,0.5106783515674461,0.04904435641138518,0.08,0.30000000000000004,2.8000000000000003,gaussian,True,2.8647889756541165,5;15;25;35;45;55,results/paper5_structure2_alpha52_offset30_h7/structure2_br_bt.csv
0.1189048824452735,2.136818852526865,0.4875292938656663,0.08201706389680773,0.5106783515674461,0.04904435641138518,0.36,-0.22,2.1999999999999997,gaussian,True,2.8647889756541165,5;15;25;35;45;55,results/paper5_structure2_alpha52_offset30_h7/structure2_br_bt.csv
0.12600591370877814,2.13058381202252,0.4837393732275292,0.07361947631802643,0.5106783515674461,0.04904435641138518,0.12,-0.26,1.2,gaussian,True,2.8647889756541165,5;15;25;35;45;55,results/paper5_structure2_alpha52_offset30_h7/structure2_br_bt.csv
0.1212402382629242,2.136886166502831,0.48432167276995003,0.08196057741811526,0.5106783515674461,0.04904435641138518,0.2,-0.22,2.1999999999999997,gaussian,True,2.8647889756541165,5;15;25;35;45;55,results/paper5_structure2_alpha52_offset30_h7/structure2_br_bt.csv
0.15094626783329923,2.1096271806961364,0.48328010251520703,0.11715306843157827,0.5106783515674461,0.04904435641138518,0.04,0.30000000000000004,2.8000000000000003,gaussian,True,2.8647889756541165,5;15;25;35;45;55,results/paper5_structure2_alpha52_offset30_h7/structure2_br_bt.csv
0.12629659327536583,2.1369698742362657,0.4839207877276526,0.08195253026049391,0.5106783515674461,0.04904435641138518,0.16,-0.22,2.1999999999999997,gaussian,True,2.8647889756541165,5;15;25;35;45;55,results/paper5_structure2_alpha52_offset30_h7/structure2_br_bt.csv
0.1349149424440642,2.130648218269251,0.48350274102233326,0.07361122845969467,0.5106783515674461,0.04904435641138518,0.08,-0.26,1.2,gaussian,True,2.8647889756541165,5;15;25;35;45;55,results/paper5_structure2_alpha52_offset30_h7/structure2_br_bt.csv
0.12439955622955008,2.1449135434065387,0.4851251889093209,0.11794624245142483,0.5106783515674461,0.04904435641138518,0.32,0.30000000000000004,3.0000000000000004,gaussian,True,2.8647889756541165,5;15;25;35;45;55,results/paper5_structure2_alpha52_offset30_h7/structure2_br_bt.csv
0.13235678038767815,2.1370725247484286,0.4836405523913157,0.08194631541108605,0.5106783515674461,0.04904435641138518,0.12,-0.22,2.1999999999999997,gaussian,True,2.8647889756541165,5;15;25;35;45;55,results/paper5_structure2_alpha52_offset30_h7/structure2_br_bt.csv
0.12455304231617453,2.145043086375023,0.4858511838652667,0.117961823917604,0.5106783515674461,0.04904435641138518,0.36,0.30000000000000004,3.0000000000000004,gaussian,True,2.8647889756541165,5;15;25;35;45;55,results/paper5_structure2_alpha52_offset30_h7/structure2_br_bt.csv
0.12585989308091822,2.144817733019918,0.48455705003500577,0.11793283036112429,0.5106783515674461,0.04904435641138518,0.28,0.30000000000000004,3.0000000000000004,gaussian,True,2.8647889756541165,5;15;25;35;45;55,results/paper5_structure2_alpha52_offset30_h7/structure2_br_bt.csv
0.12856692849664086,2.144749809973874,0.48412055456581193,0.11792126178811413,0.5106783515674461,0.04904435641138518,0.24000000000000002,0.30000000000000004,3.0000000000000004,gaussian,True,2.8647889756541165,5;15;25;35;45;55,results/paper5_structure2_alpha52_offset30_h7/structure2_br_bt.csv
0.11742349899829527,2.1572496574542246,0.4861332349271484,0.08425419390779142,0.5106783515674461,0.04904435641138518,0.32,-0.22,2.4,gaussian,True,2.8647889756541165,5;15;25;35;45;55,results/paper5_structure2_alpha52_offset30_h7/structure2_br_bt.csv
0.11752918837645783,2.1572794286275703,0.4853287561932061,0.08424129160496586,0.5106783515674461,0.04904435641138518,0.28,-0.22,2.4,gaussian,True,2.8647889756541165,5;15;25;35;45;55,results/paper5_structure2_alpha52_offset30_h7/structure2_br_bt.csv
0.14441401981410942,2.13073419133263,0.4833769784833821,0.0736048098350747,0.5106783515674461,0.04904435641138518,0.04,-0.26,1.2,gaussian,True,2.8647889756541165,5;15;25;35;45;55,results/paper5_structure2_alpha52_offset30_h7/structure2_br_bt.csv
0.13911556723985125,2.1371911762353575,0.48346554810700393,0.08194170313883872,0.5106783515674461,0.04904435641138518,0.08,-0.22,2.1999999999999997,gaussian,True,2.8647889756541165,5;15;25;35;45;55,results/paper5_structure2_alpha52_offset30_h7/structure2_br_bt.csv
0.13219912950382093,2.144705000608607,0.48379412805982563,0.11791126688303714,0.5106783515674461,0.04904435641138518,0.2,0.30000000000000004,3.0000000000000004,gaussian,True,2.8647889756541165,5;15;25;35;45;55,results/paper5_structure2_alpha52_offset30_h7/structure2_br_bt.csv
0.11969956592275384,2.1572524121236416,0.487137609802617,0.0842700090636285,0.5106783515674461,0.04904435641138518,0.36,-0.22,2.4,gaussian,True,2.8647889756541165,5;15;25;35;45;55,results/paper5_structure2_alpha52_offset30_h7/structure2_br_bt.csv
0.11962651735411636,2.1573362887698475,0.48469614949205775,0.08423089110765244,0.5106783515674461,0.04904435641138518,0.24000000000000002,-0.22,2.4,gaussian,True,2.8647889756541165,5;15;25;35;45;55,results/paper5_structure2_alpha52_offset30_h7/structure2_br_bt.csv
0.12330177853782726,2.1574156854699336,0.48421150984711475,0.08422264399013538,0.5106783515674461,0.04904435641138518,0.2,-0.22,2.4,gaussian,True,2.8647889756541165,5;15;25;35;45;55,results/paper5_structure2_alpha52_offset30_h7/structure2_br_bt.csv
0.13649032102437522,2.1446793861556865,0.4835599328134574,0.11790262088947087,0.5106783515674461,0.04904435641138518,0.16,0.30000000000000004,3.0000000000000004,gaussian,True,2.8647889756541165,5;15;25;35;45;55,results/paper5_structure2_alpha52_offset30_h7/structure2_br_bt.csv
0.1463339538165339,2.1373233028656027,0.4833823391382807,0.0819384938724441,0.5106783515674461,0.04904435641138518,0.04,-0.22,2.1999999999999997,gaussian,True,2.8647889756541165,5;15;25;35;45;55,results/paper5_structure2_alpha52_offset30_h7/structure2_br_bt.csv
0.1281666811398422,2.1575137952514414,0.48385439310733325,0.08421625383030903,0.5106783515674461,0.04904435641138518,0.16,-0.22,2.4,gaussian,True,2.8647889756541165,5;15;25;35;45;55,results/paper5_structure2_alpha52_offset30_h7/structure2_br_bt.csv
0.14122917795535647,2.14466973432885,0.48340315815528,0.11789513560255663,0.5106783515674461,0.04904435641138518,0.12,0.30000000000000004,3.0000000000000004,gaussian,True,2.8647889756541165,5;15;25;35;45;55,results/paper5_structure2_alpha52_offset30_h7/structure2_br_bt.csv
0.11862690485355523,2.169045853316824,0.485823624024594,0.08589143334753237,0.5106783515674461,0.04904435641138518,0.32,-0.22,2.6,gaussian,True,2.8647889756541165,5;15;25;35;45;55,results/paper5_structure2_alpha52_offset30_h7/structure2_br_bt.csv
0.12082366163639907,2.167352966073019,0.48525230584930307,0.087420363223245,0.5106783515674461,0.04904435641138518,0.32,-0.22,3.0000000000000004,gaussian,True,2.8647889756541165,5;15;25;35;45;55,results/paper5_structure2_alpha52_offset30_h7/structure2_br_bt.csv
0.12101451257413436,2.167282464165964,0.48598024248862304,0.08742953672176959,0.5106783515674461,0.04904435641138518,0.36,-0.22,3.0000000000000004,gaussian,True,2.8647889756541165,5;15;25;35;45;55,results/paper5_structure2_alpha52_offset30_h7/structure2_br_bt.csv
0.11920984553941842,2.169099181672038,0.48509922872719113,0.0858807446886423,0.5106783515674461,0.04904435641138518,0.28,-0.22,2.6,gaussian,True,2.8647889756541165,5;15;25;35;45;55,results/paper5_structure2_alpha52_offset30_h7/structure2_br_bt.csv
0.12019687510878375,2.169020619934782,0.4867352839371838,0.08590475676286996,0.5106783515674461,0.04904435641138518,0.36,-0.22,2.6,gaussian,True,2.8647889756541165,5;15;25;35;45;55,results/paper5_structure2_alpha52_offset30_h7/structure2_br_bt.csv
0.1222964967863883,2.1674429198006737,0.48468232857803034,0.08741328729218545,0.5106783515674461,0.04904435641138518,0.28,-0.22,3.0000000000000004,gaussian,True,2.8647889756541165,5;15;25;35;45;55,results/paper5_structure2_alpha52_offset30_h7/structure2_br_bt.csv
0.12154509502750842,2.1691754264334415,0.484534077255805,0.08587229258563661,0.5106783515674461,0.04904435641138518,0.24000000000000002,-0.22,2.6,gaussian,True,2.8647889756541165,5;15;25;35;45;55,results/paper5_structure2_alpha52_offset30_h7/structure2_br_bt.csv
0.14625292195784925,2.1446733674439415,0.4833114582699465,0.11788865263405825,0.5106783515674461,0.04904435641138518,0.08,0.30000000000000004,3.0000000000000004,gaussian,True,2.8647889756541165,5;15;25;35;45;55,results/paper5_structure2_alpha52_offset30_h7/structure2_br_bt.csv
0.13388751166036872,2.157627397992599,0.48360727181368335,0.0842114675870566,0.5106783515674461,0.04904435641138518,0.12,-0.22,2.4,gaussian,True,2.8647889756541165,5;15;25;35;45;55,results/paper5_structure2_alpha52_offset30_h7/structure2_br_bt.csv
0.11973412407567732,2.17219702586683,0.4855268078139012,0.0869283734547511,0.5106783515674461,0.04904435641138518,0.32,-0.22,2.8000000000000003,gaussian,True,2.8647889756541165,5;15;25;35;45;55,results/paper5_structure2_alpha52_offset30_h7/structure2_br_bt.csv
0.12505314409039872,2.16754795066474,0.4842440916030463,0.08740795328679114,0.5106783515674461,0.04904435641138518,0.24000000000000002,-0.22,3.0000000000000004,gaussian,True,2.8647889756541165,5;15;25;35;45;55,results/paper5_structure2_alpha52_offset30_h7/structure2_br_bt.csv
0.12059323218320041,2.172147199382776,0.486344898510571,0.08693947339419913,0.5106783515674461,0.04904435641138518,0.36,-0.22,2.8000000000000003,gaussian,True,2.8647889756541165,5;15;25;35;45;55,results/paper5_structure2_alpha52_offset30_h7/structure2_br_bt.csv
0.1207841967958659,2.172270518010437,0.4848816610290081,0.08691963264637957,0.5106783515674461,0.04904435641138518,0.28,-0.22,2.8000000000000003,gaussian,True,2.8647889756541165,5;15;25;35;45;55,results/paper5_structure2_alpha52_offset30_h7/structure2_br_bt.csv
0.12523796351705208,2.169270318090441,0.48410457582773264,0.0858657437056596,0.5106783515674461,0.04904435641138518,0.2,-0.22,2.6,gaussian,True,2.8647889756541165,5;15;25;35;45;55,results/paper5_structure2_alpha52_offset30_h7/structure2_br_bt.csv
0.12334690806312121,2.17236286602997,0.48438209527800097,0.08691287207660078,0.5106783515674461,0.04904435641138518,0.24000000000000002,-0.22,2.8000000000000003,gaussian,True,2.8647889756541165,5;15;25;35;45;55,results/paper5_structure2_alpha52_offset30_h7/structure2_br_bt.csv
0.15143888841582814,2.1446880584120667,0.4832745042710864,0.11788303806328512,0.5106783515674461,0.04904435641138518,0.04,0.30000000000000004,3.0000000000000004,gaussian,True,2.8647889756541165,5;15;25;35;45;55,results/paper5_structure2_alpha52_offset30_h7/structure2_br_bt.csv
0.12875949743174228,2.1676645610815526,0.4839160143449902,0.08740407015136165,0.5106783515674461,0.04904435641138518,0.2,-0.22,3.0000000000000004,gaussian,True,2.8647889756541165,5;15;25;35;45;55,results/paper5_structure2_alpha52_offset30_h7/structure2_br_bt.csv
0.1401945723876257,2.1577537750032216,0.4834550839247734,0.08420806856157041,0.5106783515674461,0.04904435641138518,0.08,-0.22,2.4,gaussian,True,2.8647889756541165,5;15;25;35;45;55,results/paper5_structure2_alpha52_offset30_h7/structure2_br_bt.csv
0.12993526755475757,2.169380324809769,0.4837907935799292,0.08586081783938777,0.5106783515674461,0.04904435641138518,0.16,-0.22,2.6,gaussian,True,2.8647889756541165,5;15;25;35;45;55,results/paper5_structure2_alpha52_offset30_h7/structure2_br_bt.csv
0.12705500169963507,2.1724701648669478,0.4840053432913328,0.08690777826657299,0.5106783515674461,0.04904435641138518,0.2,-0.22,2.8000000000000003,gaussian,True,2.8647889756541165,5;15;25;35;45;55,results/paper5_structure2_alpha52_offset30_h7/structure2_br_bt.csv
0.13313894622185052,2.167789944891396,0.4836802532697782,0.08740139842977394,0.5106783515674461,0.04904435641138518,0.16,-0.22,3.0000000000000004,gaussian,True,2.8647889756541165,5;15;25;35;45;55,results/paper5_structure2_alpha52_offset30_h7/structure2_br_bt.csv
0.13159330220720167,2.172589232837855,0.48373238745468705,0.08690409062203379,0.5106783515674461,0.04904435641138518,0.16,-0.22,2.8000000000000003,gaussian,True,2.8647889756541165,5;15;25;35;45;55,results/paper5_structure2_alpha52_offset30_h7/structure2_br_bt.csv
0.1468788029620906,2.157890625899047,0.48338485733623093,0.08420587062325764,0.5106783515674461,0.04904435641138518,0.04,-0.22,2.4,gaussian,True,2.8647889756541165,5;15;25;35;45;55,results/paper5_structure2_alpha52_offset30_h7/structure2_br_bt.csv
0.13534248099859425,2.1695025163147506,0.48357584219697425,0.08585727851040123,0.5106783515674461,0.04904435641138518,0.12,-0.22,2.6,gaussian,True,2.8647889756541165,5;15;25;35;45;55,results/paper5_structure2_alpha52_offset30_h7/structure2_br_bt.csv
0.13797244497244465,2.1679218442301176,0.4835219922077252,0.08739974016066424,0.5106783515674461,0.04904435641138518,0.12,-0.22,3.0000000000000004,gaussian,True,2.8647889756541165,5;15;25;35;45;55,results/paper5_structure2_alpha52_offset30_h7/structure2_br_bt.csv
0.13670608537121373,2.172717469801349,0.4835472840146382,0.08690159155662489,0.5106783515674461,0.04904435641138518,0.12,-0.22,2.8000000000000003,gaussian,True,2.8647889756541165,5;15;25;35;45;55,results/paper5_structure2_alpha52_offset30_h7/structure2_br_bt.csv
0.14122591683794822,2.169634455128609,0.483445370046533,0.08585492542111042,0.5106783515674461,0.04904435641138518,0.08,-0.22,2.6,gaussian,True,2.8647889756541165,5;15;25;35;45;55,results/paper5_structure2_alpha52_offset30_h7/structure2_br_bt.csv
0.14309197440209684,2.1680584383928045,0.4834288801863337,0.08739893095523824,0.5106783515674461,0.04904435641138518,0.08,-0.22,3.0000000000000004,gaussian,True,2.8647889756541165,5;15;25;35;45;55,results/paper5_structure2_alpha52_offset30_h7/structure2_br_bt.csv
0.1421939771675909,2.1728527454950104,0.48343662037138885,0.08690009865293122,0.5106783515674461,0.04904435641138518,0.08,-0.22,2.8000000000000003,gaussian,True,2.8647889756541165,5;15;25;35;45;55,results/paper5_structure2_alpha52_offset30_h7/structure2_br_bt.csv
0.10502825741872689,2.2111279136939386,0.4860733372846499,0.07896887058911119,0.5106783515674461,0.04904435641138518,0.28,-0.26,1.4,gaussian,True,2.8647889756541165,5;15;25;35;45;55,results/paper5_structure2_alpha52_offset30_h7/structure2_br_bt.csv
0.10499920420001384,2.211197702358,0.48706290238876887,0.07898845374040413,0.5106783515674461,0.04904435641138518,0.32,-0.26,1.4,gaussian,True,2.8647889756541165,5;15;25;35;45;55,results/paper5_structure2_alpha52_offset30_h7/structure2_br_bt.csv
0.14837156781617977,2.168198256953335,0.4833905835009859,0.08739883374225187,0.5106783515674461,0.04904435641138518,0.04,-0.22,3.0000000000000004,gaussian,True,2.8647889756541165,5;15;25;35;45;55,results/paper5_structure2_alpha52_offset30_h7/structure2_br_bt.csv
0.14740640547366213,2.169774109198043,0.48338714797401733,0.0858535883415008,0.5106783515674461,0.04904435641138518,0.04,-0.22,2.6,gaussian,True,2.8647889756541165,5;15;25;35;45;55,results/paper5_structure2_alpha52_offset30_h7/structure2_br_bt.csv
0.10762510996045999,2.211092051517577,0.4852609154825253,0.0789520531666533,0.5106783515674461,0.04904435641138518,0.24000000000000002,-0.26,1.4,gaussian,True,2.8647889756541165,5;15;25;35;45;55,results/paper5_structure2_alpha52_offset30_h7/structure2_br_bt.csv
0.10780735527527414,2.2113048669015685,0.48824556178832945,0.0790110578901673,0.5106783515674461,0.04904435641138518,0.36,-0.26,1.4,gaussian,True,2.8647889756541165,5;15;25;35;45;55,results/paper5_structure2_alpha52_offset30_h7/structure2_br_bt.csv
0.0995323618880906,2.2206234933622655,0.48661739528641734,0.07723158588732337,0.5106783515674461,0.04904435641138518,0.32,-0.3,1.0,gaussian,True,2.8647889756541165,5;15;25;35;45;55,results/paper5_structure2_alpha52_offset30_h7/structure2_br_bt.csv
0.10001194218952078,2.2207197515149675,0.48760799645033387,0.07725081410940178,0.5106783515674461,0.04904435641138518,0.36,-0.3,1.0,gaussian,True,2.8647889756541165,5;15;25;35;45;55,results/paper5_structure2_alpha52_offset30_h7/structure2_br_bt.csv
0.14790582088004137,2.172993311079351,0.48338907705737144,0.08689945840097302,0.5106783515674461,0.04904435641138518,0.04,-0.22,2.8000000000000003,gaussian,True,2.8647889756541165,5;15;25;35;45;55,results/paper5_structure2_alpha52_offset30_h7/structure2_br_bt.csv
0.10142785244510183,2.220556461318303,0.4857749073619878,0.07721466303402422,0.5106783515674461,0.04904435641138518,0.28,-0.3,1.0,gaussian,True,2.8647889756541165,5;15;25;35;45;55,results/paper5_structure2_alpha52_offset30_h7/structure2_br_bt.csv
0.11238066958108953,2.2110869884953916,0.4846109488261605,0.07893776910068674,0.5106783515674461,0.04904435641138518,0.2,-0.26,1.4,gaussian,True,2.8647889756541165,5;15;25;35;45;55,results/paper5_structure2_alpha52_offset30_h7/structure2_br_bt.csv
0.10541824813873683,2.22051675673239,0.4850719111329837,0.0771999057285983,0.5106783515674461,0.04904435641138518,0.24000000000000002,-0.3,1.0,gaussian,True,2.8647889756541165,5;15;25;35;45;55,results/paper5_structure2_alpha52_offset30_h7/structure2_br_bt.csv
0.11883801309695759,2.2111098863236442,0.4841099128300785,0.0789258066344445,0.5106783515674461,0.04904435641138518,0.16,-0.26,1.4,gaussian,True,2.8647889756541165,5;15;25;35;45;55,results/paper5_structure2_alpha52_offset30_h7/structure2_br_bt.csv
0.11114357487600628,2.220502605168257,0.48450022080522376,0.0771871829695085,0.5106783515674461,0.04904435641138518,0.2,-0.3,1.0,gaussian,True,2.8647889756541165,5;15;25;35;45;55,results/paper5_structure2_alpha52_offset30_h7/structure2_br_bt.csv
0.12656822956970906,2.2111581664500086,0.4837453550496314,0.07891597259749356,0.5106783515674461,0.04904435641138518,0.12,-0.26,1.4,gaussian,True,2.8647889756541165,5;15;25;35;45;55,results/paper5_structure2_alpha52_offset30_h7/structure2_br_bt.csv
0.11823395889124425,2.2205123474785085,0.4840520681226288,0.07717637196129785,0.5106783515674461,0.04904435641138518,0.16,-0.3,1.0,gaussian,True,2.8647889756541165,5;15;25;35;45;55,results/paper5_structure2_alpha52_offset30_h7/structure2_br_bt.csv
0.13520971498248832,2.2112294840766116,0.48350581044648655,0.07890809059821048,0.5106783515674461,0.04904435641138518,0.08,-0.26,1.4,gaussian,True,2.8647889756541165,5;15;25;35;45;55,results/paper5_structure2_alpha52_offset30_h7/structure2_br_bt.csv
0.12635653276229003,2.220544431589704,0.4837200845830972,0.0771673575484321,0.5106783515674461,0.04904435641138518,0.12,-0.3,1.0,gaussian,True,2.8647889756541165,5;15;25;35;45;55,results/paper5_structure2_alpha52_offset30_h7/structure2_br_bt.csv
0.1444769730481028,2.2113217050397025,0.4833807232494284,0.0789019994113073,0.5106783515674461,0.04904435641138518,0.04,-0.26,1.4,gaussian,True,2.8647889756541165,5;15;25;35;45;55,results/paper5_structure2_alpha52_offset30_h7/structure2_br_bt.csv
0.1352352024025894,2.220597404935725,0.48349728409080894,0.07716003169230022,0.5106783515674461,0.04904435641138518,0.08,-0.3,1.0,gaussian,True,2.8647889756541165,5;15;25;35;45;55,results/paper5_structure2_alpha52_offset30_h7/structure2_br_bt.csv
0.14465189263591993,2.2206699074830576,0.4833770460557467,0.07715429298776538,0.5106783515674461,0.04904435641138518,0.04,-0.3,1.0,gaussian,True,2.8647889756541165,5;15;25;35;45;55,results/paper5_structure2_alpha52_offset30_h7/structure2_br_bt.csv
0.10804577493532408,2.276630944628848,0.48606075906293195,0.08389974564771094,0.5106783515674461,0.04904435641138518,0.28,-0.26,1.5999999999999999,gaussian,True,2.8647889756541165,5;15;25;35;45;55,results/paper5_structure2_alpha52_offset30_h7/structure2_br_bt.csv
0.10857751834891699,2.276689117648762,0.4870682273961175,0.08391839123235403,0.5106783515674461,0.04904435641138518,0.32,-0.26,1.5999999999999999,gaussian,True,2.8647889756541165,5;15;25;35;45;55,results/paper5_structure2_alpha52_offset30_h7/structure2_br_bt.csv
0.1101215466986255,2.2766068651489193,0.48524076039262937,0.083883881032997,0.5106783515674461,0.04904435641138518,0.24000000000000002,-0.26,1.5999999999999999,gaussian,True,2.8647889756541165,5;15;25;35;45;55,results/paper5_structure2_alpha52_offset30_h7/structure2_br_bt.csv
0.11199148754594691,2.2767854466772888,0.4882828324094281,0.08394011461186646,0.5106783515674461,0.04904435641138518,0.36,-0.26,1.5999999999999999,gaussian,True,2.8647889756541165,5;15;25;35;45;55,results/paper5_structure2_alpha52_offset30_h7/structure2_br_bt.csv
0.11439189746373601,2.2766132539973256,0.4845904077887857,0.08387053118577106,0.5106783515674461,0.04904435641138518,0.2,-0.26,1.5999999999999999,gaussian,True,2.8647889756541165,5;15;25;35;45;55,results/paper5_structure2_alpha52_offset30_h7/structure2_br_bt.csv
0.12039382469614995,2.2766468715810255,0.4840935433041776,0.08385945700761988,0.5106783515674461,0.04904435641138518,0.16,-0.26,1.5999999999999999,gaussian,True,2.8647889756541165,5;15;25;35;45;55,results/paper5_structure2_alpha52_offset30_h7/structure2_br_bt.csv
0.12768984091243746,2.276704819031352,0.4837355143644729,0.08385044343511994,0.5106783515674461,0.04904435641138518,0.12,-0.26,1.5999999999999999,gaussian,True,2.8647889756541165,5;15;25;35;45;55,results/paper5_structure2_alpha52_offset30_h7/structure2_br_bt.csv
0.13590893201426657,2.2767844990853683,0.4835030292483966,0.08384329675698776,0.5106783515674461,0.04904435641138518,0.08,-0.26,1.5999999999999999,gaussian,True,2.8647889756541165,5;15;25;35;45;55,results/paper5_structure2_alpha52_offset30_h7/structure2_br_bt.csv
0.14475700605653927,2.2768835819259605,0.4833840267638637,0.08383784226388419,0.5106783515674461,0.04904435641138518,0.04,-0.26,1.5999999999999999,gaussian,True,2.8647889756541165,5;15;25;35;45;55,results/paper5_structure2_alpha52_offset30_h7/structure2_br_bt.csv
0.1109033961300649,2.330906424840552,0.4859560293862382,0.088357031078114,0.5106783515674461,0.04904435641138518,0.28,-0.26,1.7999999999999998,gaussian,True,2.8647889756541165,5;15;25;35;45;55,results/paper5_structure2_alpha52_offset30_h7/structure2_br_bt.csv
0.11164077257819512,2.3309461675518888,0.4869464550216681,0.08837407590307339,0.5106783515674461,0.04904435641138518,0.32,-0.26,1.7999999999999998,gaussian,True,2.8647889756541165,5;15;25;35;45;55,results/paper5_structure2_alpha52_offset30_h7/structure2_br_bt.csv
0.1127124003762514,2.330899581464328,0.48515697001418545,0.08834269128915305,0.5106783515674461,0.04904435641138518,0.24000000000000002,-0.26,1.7999999999999998,gaussian,True,2.8647889756541165,5;15;25;35;45;55,results/paper5_structure2_alpha52_offset30_h7/structure2_br_bt.csv
0.11522308433719877,2.3310233406472642,0.48815120251396343,0.08839415414130579,0.5106783515674461,0.04904435641138518,0.36,-0.26,1.7999999999999998,gaussian,True,2.8647889756541165,5;15;25;35;45;55,results/paper5_structure2_alpha52_offset30_h7/structure2_br_bt.csv
0.10149334985126793,2.3459330284519115,0.4869178697863063,0.08392533111622542,0.5106783515674461,0.04904435641138518,0.32,-0.3,1.2,gaussian,True,2.8647889756541165,5;15;25;35;45;55,results/paper5_structure2_alpha52_offset30_h7/structure2_br_bt.csv
0.1166494079342541,2.3309216586355688,0.48452880261825515,0.0883307663804625,0.5106783515674461,0.04904435641138518,0.2,-0.26,1.7999999999999998,gaussian,True,2.8647889756541165,5;15;25;35;45;55,results/paper5_structure2_alpha52_offset30_h7/structure2_br_bt.csv
0.10239775858801932,2.3458645006213423,0.4859839077268679,0.0839079276541368,0.5106783515674461,0.04904435641138518,0.28,-0.3,1.2,gaussian,True,2.8647889756541165,5;15;25;35;45;55,results/paper5_structure2_alpha52_offset30_h7/structure2_br_bt.csv
0.10327090861170582,2.3460335726365296,0.48802477603442174,0.0839452510563777,0.5106783515674461,0.04904435641138518,0.36,-0.3,1.2,gaussian,True,2.8647889756541165,5;15;25;35;45;55,results/paper5_structure2_alpha52_offset30_h7/structure2_br_bt.csv
0.10570464982387272,2.3458254774124097,0.48521072850639396,0.08389285790233575,0.5106783515674461,0.04904435641138518,0.24000000000000002,-0.3,1.2,gaussian,True,2.8647889756541165,5;15;25;35;45;55,results/paper5_structure2_alpha52_offset30_h7/structure2_br_bt.csv
0.12225763331277942,2.3309691561356463,0.48405325182094644,0.08832099945767724,0.5106783515674461,0.04904435641138518,0.16,-0.26,1.7999999999999998,gaussian,True,2.8647889756541165,5;15;25;35;45;55,results/paper5_structure2_alpha52_offset30_h7/structure2_br_bt.csv
0.11101534993336915,2.345813646321049,0.4845869577829653,0.08387995307577348,0.5106783515674461,0.04904435641138518,0.2,-0.3,1.2,gaussian,True,2.8647889756541165,5;15;25;35;45;55,results/paper5_structure2_alpha52_offset30_h7/structure2_br_bt.csv
0.1291099244685084,2.3310389894782784,0.4837139924974621,0.08831316264331586,0.5106783515674461,0.04904435641138518,0.12,-0.26,1.7999999999999998,gaussian,True,2.8647889756541165,5;15;25;35;45;55,results/paper5_structure2_alpha52_offset30_h7/structure2_br_bt.csv
0.11789987361492905,2.3458268766959542,0.48410196074231887,0.08386905718566649,0.5106783515674461,0.04904435641138518,0.16,-0.3,1.2,gaussian,True,2.8647889756541165,5;15;25;35;45;55,results/paper5_structure2_alpha52_offset30_h7/structure2_br_bt.csv
0.13684514376145132,2.331128436172781,0.4834964306597963,0.08830705343426701,0.5106783515674461,0.04904435641138518,0.08,-0.26,1.7999999999999998,gaussian,True,2.8647889756541165,5;15;25;35;45;55,results/paper5_structure2_alpha52_offset30_h7/structure2_br_bt.csv
0.1259629273970768,2.345863204042974,0.4837457970777668,0.08386002596479322,0.5106783515674461,0.04904435641138518,0.12,-0.3,1.2,gaussian,True,2.8647889756541165,5;15;25;35;45;55,results/paper5_structure2_alpha52_offset30_h7/structure2_br_bt.csv
0.14517702878930003,2.33123508964075,0.48338751022842164,0.08830249156721393,0.5106783515674461,0.04904435641138518,0.04,-0.26,1.7999999999999998,gaussian,True,2.8647889756541165,5;15;25;35;45;55,results/paper5_structure2_alpha52_offset30_h7/structure2_br_bt.csv
0.1348749374071028,2.345920815830441,0.48350917833386775,0.08385272589295761,0.5106783515674461,0.04904435641138518,0.08,-0.3,1.2,gaussian,True,2.8647889756541165,5;15;25;35;45;55,results/paper5_structure2_alpha52_offset30_h7/structure2_br_bt.csv
0.14437677595597162,2.345998038637242,0.48338342752375923,0.08384703331234057,0.5106783515674461,0.04904435641138518,0.04,-0.3,1.2,gaussian,True,2.8647889756541165,5;15;25;35;45;55,results/paper5_structure2_alpha52_offset30_h7/structure2_br_bt.csv
0.11339196238581763,2.377730967135366,0.485784270554877,0.09235529566034831,0.5106783515674461,0.04904435641138518,0.28,-0.26,1.9999999999999998,gaussian,True,2.8647889756541165,5;15;25;35;45;55,results/paper5_structure2_alpha52_offset30_h7/structure2_br_bt.csv
0.11403161241473157,2.3777472648541127,0.48672946315644444,0.09237028256931634,0.5106783515674461,0.04904435641138518,0.32,-0.26,1.9999999999999998,gaussian,True,2.8647889756541165,5;15;25;35;45;55,results/paper5_structure2_alpha52_offset30_h7/structure2_br_bt.csv
0.1151616466681343,2.3777451506083307,0.48502836699228763,0.09234285975597054,0.5106783515674461,0.04904435641138518,0.24000000000000002,-0.26,1.9999999999999998,gaussian,True,2.8647889756541165,5;15;25;35;45;55,results/paper5_structure2_alpha52_offset30_h7/structure2_br_bt.csv
0.11741326471112379,2.377798846816944,0.48788947176533193,0.09238816777364116,0.5106783515674461,0.04904435641138518,0.36,-0.26,1.9999999999999998,gaussian,True,2.8647889756541165,5;15;25;35;45;55,results/paper5_structure2_alpha52_offset30_h7/structure2_br_bt.csv
0.11891704455340729,2.3777856652259945,0.48443933764750136,0.09233267242927905,0.5106783515674461,0.04904435641138518,0.2,-0.26,1.9999999999999998,gaussian,True,2.8647889756541165,5;15;25;35;45;55,results/paper5_structure2_alpha52_offset30_h7/structure2_br_bt.csv
0.12421633536291221,2.3778489170790107,0.4839974742635994,0.0923244696551576,0.5106783515674461,0.04904435641138518,0.16,-0.26,1.9999999999999998,gaussian,True,2.8647889756541165,5;15;25;35;45;55,results/paper5_structure2_alpha52_offset30_h7/structure2_br_bt.csv
0.13065582330970155,2.3779317873546506,0.4836854259782325,0.09231802038246463,0.5106783515674461,0.04904435641138518,0.12,-0.26,1.9999999999999998,gaussian,True,2.8647889756541165,5;15;25;35;45;55,results/paper5_structure2_alpha52_offset30_h7/structure2_br_bt.csv
0.13789795204021396,2.3780315642888206,0.4834878982560579,0.09231312195831431,0.5106783515674461,0.04904435641138518,0.08,-0.26,1.9999999999999998,gaussian,True,2.8647889756541165,5;15;25;35;45;55,results/paper5_structure2_alpha52_offset30_h7/structure2_br_bt.csv
0.14567636873562384,2.378145885829156,0.483391392902926,0.09230959625724315,0.5106783515674461,0.04904435641138518,0.04,-0.26,1.9999999999999998,gaussian,True,2.8647889756541165,5;15;25;35;45;55,results/paper5_structure2_alpha52_offset30_h7/structure2_br_bt.csv
0.11551967201400871,2.4161416851887942,0.4855723764867497,0.09576198782429811,0.5106783515674461,0.04904435641138518,0.28,-0.26,2.1999999999999997,gaussian,True,2.8647889756541165,5;15;25;35;45;55,results/paper5_structure2_alpha52_offset30_h7/structure2_br_bt.csv
0.11584804448305254,2.4161323993373465,0.486452802297775,0.0957747370969154,0.5106783515674461,0.04904435641138518,0.32,-0.26,2.1999999999999997,gaussian,True,2.8647889756541165,5;15;25;35;45;55,results/paper5_structure2_alpha52_offset30_h7/structure2_br_bt.csv
0.11740986099798446,2.416178167784895,0.4848742841872507,0.09575158363199546,0.5106783515674461,0.04904435641138518,0.24000000000000002,-0.26,2.1999999999999997,gaussian,True,2.8647889756541165,5;15;25;35;45;55,results/paper5_structure2_alpha52_offset30_h7/structure2_br_bt.csv
0.1187611747304257,2.4161551800713217,0.4875427839928813,0.09579018514710348,0.5106783515674461,0.04904435641138518,0.36,-0.26,2.1999999999999997,gaussian,True,2.8647889756541165,5;15;25;35;45;55,results/paper5_structure2_alpha52_offset30_h7/structure2_br_bt.csv
0.1210950702661905,2.4162377064816543,0.4843349763116231,0.09574322082137422,0.5106783515674461,0.04904435641138518,0.2,-0.26,2.1999999999999997,gaussian,True,2.8647889756541165,5;15;25;35;45;55,results/paper5_structure2_alpha52_offset30_h7/structure2_br_bt.csv
0.12615635434085012,2.416316771247052,0.48393404182486477,0.09573663781821738,0.5106783515674461,0.04904435641138518,0.16,-0.26,2.1999999999999997,gaussian,True,2.8647889756541165,5;15;25;35;45;55,results/paper5_structure2_alpha52_offset30_h7/structure2_br_bt.csv
0.10494808975051612,2.4426525704815045,0.4860810466791049,0.09009560147811962,0.5106783515674461,0.04904435641138518,0.28,-0.3,1.4,gaussian,True,2.8647889756541165,5;15;25;35;45;55,results/paper5_structure2_alpha52_offset30_h7/structure2_br_bt.csv
0.10491887090210746,2.4427164124112624,0.4870705880628455,0.0901128101713999,0.5106783515674461,0.04904435641138518,0.32,-0.3,1.4,gaussian,True,2.8647889756541165,5;15;25;35;45;55,results/paper5_structure2_alpha52_offset30_h7/structure2_br_bt.csv
0.13222216175173626,2.4164123452563957,0.4836537566007,0.09573160867497499,0.5106783515674461,0.04904435641138518,0.12,-0.26,2.1999999999999997,gaussian,True,2.8647889756541165,5;15;25;35;45;55,results/paper5_structure2_alpha52_offset30_h7/structure2_br_bt.csv
0.10754701342451761,2.4426194613089,0.4852686456077291,0.09008081920925388,0.5106783515674461,0.04904435641138518,0.24000000000000002,-0.3,1.4,gaussian,True,2.8647889756541165,5;15;25;35;45;55,results/paper5_structure2_alpha52_offset30_h7/structure2_br_bt.csv
0.1077289715546191,2.442814111201411,0.48825322053272596,0.09013266954632783,0.5106783515674461,0.04904435641138518,0.36,-0.3,1.4,gaussian,True,2.8647889756541165,5;15;25;35;45;55,results/paper5_structure2_alpha52_offset30_h7/structure2_br_bt.csv
0.11230600554452283,2.4426142526982235,0.4846186969022276,0.09006825928579534,0.5106783515674461,0.04904435641138518,0.2,-0.3,1.4,gaussian,True,2.8647889756541165,5;15;25;35;45;55,results/paper5_structure2_alpha52_offset30_h7/structure2_br_bt.csv
0.13898676330261484,2.4165218445315393,0.4834787022330095,0.09572793768499223,0.5106783515674461,0.04904435641138518,0.08,-0.26,2.1999999999999997,gaussian,True,2.8647889756541165,5;15;25;35;45;55,results/paper5_structure2_alpha52_offset30_h7/structure2_br_bt.csv
0.11876752349396345,2.442634374380063,0.48411767627662894,0.09005773578634123,0.5106783515674461,0.04904435641138518,0.16,-0.3,1.4,gaussian,True,2.8647889756541165,5;15;25;35;45;55,results/paper5_structure2_alpha52_offset30_h7/structure2_br_bt.csv
0.11727149488461476,2.4445191540643645,0.4861481992906172,0.09847944985407907,0.5106783515674461,0.04904435641138518,0.32,-0.26,2.4,gaussian,True,2.8647889756541165,5;15;25;35;45;55,results/paper5_structure2_alpha52_offset30_h7/structure2_br_bt.csv
0.11737577961503216,2.4445534517391625,0.48534364813645753,0.09846889071274202,0.5106783515674461,0.04904435641138518,0.28,-0.26,2.4,gaussian,True,2.8647889756541165,5;15;25;35;45;55,results/paper5_structure2_alpha52_offset30_h7/structure2_br_bt.csv
0.1462108455276822,2.4166430513641646,0.48339544319303845,0.09572545489953997,0.5106783515674461,0.04904435641138518,0.04,-0.26,2.1999999999999997,gaussian,True,2.8647889756541165,5;15;25;35;45;55,results/paper5_structure2_alpha52_offset30_h7/structure2_br_bt.csv
0.11955206294735378,2.4445130630756062,0.4871526461732507,0.09849247211577349,0.5106783515674461,0.04904435641138518,0.36,-0.26,2.4,gaussian,True,2.8647889756541165,5;15;25;35;45;55,results/paper5_structure2_alpha52_offset30_h7/structure2_br_bt.csv
0.11947437297074283,2.4446112003415457,0.48471096903431243,0.09846044521695117,0.5106783515674461,0.04904435641138518,0.24000000000000002,-0.26,2.4,gaussian,True,2.8647889756541165,5;15;25;35;45;55,results/paper5_structure2_alpha52_offset30_h7/structure2_br_bt.csv
0.12315286501075805,2.4446884201947006,0.48422625735669567,0.09845381729889766,0.5106783515674461,0.04904435641138518,0.2,-0.26,2.4,gaussian,True,2.8647889756541165,5;15;25;35;45;55,results/paper5_structure2_alpha52_offset30_h7/structure2_br_bt.csv
0.1265021520090458,2.4426774914405196,0.4837531314754086,0.090049079151537,0.5106783515674461,0.04904435641138518,0.12,-0.3,1.4,gaussian,True,2.8647889756541165,5;15;25;35;45;55,results/paper5_structure2_alpha52_offset30_h7/structure2_br_bt.csv
0.12802223417812253,2.4447817709701676,0.48386906923233264,0.09844875521812842,0.5106783515674461,0.04904435641138518,0.16,-0.26,2.4,gaussian,True,2.8647889756541165,5;15;25;35;45;55,results/paper5_structure2_alpha52_offset30_h7/structure2_br_bt.csv
0.13514795740138555,2.4427414807351138,0.4835135976389678,0.09004213458594282,0.5106783515674461,0.04904435641138518,0.08,-0.3,1.4,gaussian,True,2.8647889756541165,5;15;25;35;45;55,results/paper5_structure2_alpha52_offset30_h7/structure2_br_bt.csv
0.13374816158072475,2.4448884413249674,0.4836218774242948,0.09844504419281874,0.5106783515674461,0.04904435641138518,0.12,-0.26,2.4,gaussian,True,2.8647889756541165,5;15;25;35;45;55,results/paper5_structure2_alpha52_offset30_h7/structure2_br_bt.csv
0.1184736134414447,2.4619982744831574,0.48583987505509524,0.10044291148251981,0.5106783515674461,0.04904435641138518,0.32,-0.26,2.6,gaussian,True,2.8647889756541165,5;15;25;35;45;55,results/paper5_structure2_alpha52_offset30_h7/structure2_br_bt.csv
0.11905541887032157,2.4620551446333803,0.48511538332567705,0.10043435447358169,0.5106783515674461,0.04904435641138518,0.28,-0.26,2.6,gaussian,True,2.8647889756541165,5;15;25;35;45;55,results/paper5_structure2_alpha52_offset30_h7/structure2_br_bt.csv
0.12004758360576079,2.4619654960148534,0.4867516328545137,0.10045368313364958,0.5106783515674461,0.04904435641138518,0.36,-0.26,2.6,gaussian,True,2.8647889756541165,5;15;25;35;45;55,results/paper5_structure2_alpha52_offset30_h7/structure2_br_bt.csv
0.12139190181524506,2.4621316043095165,0.48455013718974316,0.10042767488695968,0.5106783515674461,0.04904435641138518,0.24000000000000002,-0.26,2.6,gaussian,True,2.8647889756541165,5;15;25;35;45;55,results/paper5_structure2_alpha52_offset30_h7/structure2_br_bt.csv
0.14006051711486137,2.445006059361536,0.483469620065429,0.09844250038807198,0.5106783515674461,0.04904435641138518,0.08,-0.26,2.4,gaussian,True,2.8647889756541165,5;15;25;35;45;55,results/paper5_structure2_alpha52_offset30_h7/structure2_br_bt.csv
0.12067147516143754,2.465217648274529,0.4852703323722774,0.10228038031059053,0.5106783515674461,0.04904435641138518,0.32,-0.26,3.0000000000000004,gaussian,True,2.8647889756541165,5;15;25;35;45;55,results/paper5_structure2_alpha52_offset30_h7/structure2_br_bt.csv
0.12086509445906304,2.465142226496335,0.48599840597249067,0.10228744210269498,0.5106783515674461,0.04904435641138518,0.36,-0.26,3.0000000000000004,gaussian,True,2.8647889756541165,5;15;25;35;45;55,results/paper5_structure2_alpha52_offset30_h7/structure2_br_bt.csv
0.14441926454106407,2.442824409917769,0.4833885191645431,0.0900367606333879,0.5106783515674461,0.04904435641138518,0.04,-0.3,1.4,gaussian,True,2.8647889756541165,5;15;25;35;45;55,results/paper5_structure2_alpha52_offset30_h7/structure2_br_bt.csv
0.12508770627770327,2.462223945292922,0.4841205430939092,0.10042259064416524,0.5106783515674461,0.04904435641138518,0.2,-0.26,2.6,gaussian,True,2.8647889756541165,5;15;25;35;45;55,results/paper5_structure2_alpha52_offset30_h7/structure2_br_bt.csv
0.12214381927843543,2.4653092289925587,0.48470022342739544,0.10227505697632655,0.5106783515674461,0.04904435641138518,0.28,-0.26,3.0000000000000004,gaussian,True,2.8647889756541165,5;15;25;35;45;55,results/paper5_structure2_alpha52_offset30_h7/structure2_br_bt.csv
0.11958095579101867,2.468621047376526,0.4855440795176293,0.10168764778795278,0.5106783515674461,0.04904435641138518,0.32,-0.26,2.8000000000000003,gaussian,True,2.8647889756541165,5;15;25;35;45;55,results/paper5_structure2_alpha52_offset30_h7/structure2_br_bt.csv
0.12044346177168261,2.468565009033653,0.4863622900451421,0.10169642478074806,0.5106783515674461,0.04904435641138518,0.36,-0.26,2.8000000000000003,gaussian,True,2.8647889756541165,5;15;25;35;45;55,results/paper5_structure2_alpha52_offset30_h7/structure2_br_bt.csv
0.12063021322771775,2.4686970981942253,0.4848988163147572,0.10168084051581112,0.5106783515674461,0.04904435641138518,0.28,-0.26,2.8000000000000003,gaussian,True,2.8647889756541165,5;15;25;35;45;55,results/paper5_structure2_alpha52_offset30_h7/structure2_br_bt.csv
0.12490171561169239,2.465413218594027,0.4842618600029579,0.10227117353267681,0.5106783515674461,0.04904435641138518,0.24000000000000002,-0.26,3.0000000000000004,gaussian,True,2.8647889756541165,5;15;25;35;45;55,results/paper5_structure2_alpha52_offset30_h7/structure2_br_bt.csv
0.1467499645423134,2.445132619626773,0.483399325185957,0.09844096598691292,0.5106783515674461,0.04904435641138518,0.04,-0.26,2.4,gaussian,True,2.8647889756541165,5;15;25;35;45;55,results/paper5_structure2_alpha52_offset30_h7/structure2_br_bt.csv
0.12319415927721843,2.4687890078202845,0.48439913769920184,0.10167568344792496,0.5106783515674461,0.04904435641138518,0.24000000000000002,-0.26,2.8000000000000003,gaussian,True,2.8647889756541165,5;15;25;35;45;55,results/paper5_structure2_alpha52_offset30_h7/structure2_br_bt.csv
0.12978900676062463,2.462329103247227,0.48380667033782787,0.10041886479702315,0.5106783515674461,0.04904435641138518,0.16,-0.26,2.6,gaussian,True,2.8647889756541165,5;15;25;35;45;55,results/paper5_structure2_alpha52_offset30_h7/structure2_br_bt.csv
0.1286105083710255,2.465526625604089,0.4839336614043529,0.10226848594445888,0.5106783515674461,0.04904435641138518,0.2,-0.26,3.0000000000000004,gaussian,True,2.8647889756541165,5;15;25;35;45;55,results/paper5_structure2_alpha52_offset30_h7/structure2_br_bt.csv
0.12690492450826887,2.468893408963315,0.4840222764694668,0.10167191248781965,0.5106783515674461,0.04904435641138518,0.2,-0.26,2.8000000000000003,gaussian,True,2.8647889756541165,5;15;25;35;45;55,results/paper5_structure2_alpha52_offset30_h7/structure2_br_bt.csv
0.13520076281403884,2.4624445385909564,0.48359163071570727,0.10041629752784534,0.5106783515674461,0.04904435641138518,0.12,-0.26,2.6,gaussian,True,2.8647889756541165,5;15;25;35;45;55,results/paper5_structure2_alpha52_offset30_h7/structure2_br_bt.csv
0.13299312036683225,2.46564705584241,0.4836977839467988,0.10226679370442163,0.5106783515674461,0.04904435641138518,0.16,-0.26,3.0000000000000004,gaussian,True,2.8647889756541165,5;15;25;35;45;55,results/paper5_structure2_alpha52_offset30_h7/structure2_br_bt.csv
0.13144678146432787,2.469007562553919,0.48374921502451806,0.10166930831101254,0.5106783515674461,0.04904435641138518,0.16,-0.26,2.8000000000000003,gaussian,True,2.8647889756541165,5;15;25;35;45;55,results/paper5_structure2_alpha52_offset30_h7/structure2_br_bt.csv
0.1378301546384901,2.4657725881962693,0.48353941128686134,0.10226593127754946,0.5106783515674461,0.04904435641138518,0.12,-0.26,3.0000000000000004,gaussian,True,2.8647889756541165,5;15;25;35;45;55,results/paper5_structure2_alpha52_offset30_h7/structure2_br_bt.csv
0.14108892372074117,2.462568141362424,0.4834610726627417,0.10041471971796334,0.5106783515674461,0.04904435641138518,0.08,-0.26,2.6,gaussian,True,2.8647889756541165,5;15;25;35;45;55,results/paper5_structure2_alpha52_offset30_h7/structure2_br_bt.csv
0.13656357786059609,2.469129234130482,0.48356400958327245,0.10166768797695479,0.5106783515674461,0.04904435641138518,0.12,-0.26,2.8000000000000003,gaussian,True,2.8647889756541165,5;15;25;35;45;55,results/paper5_structure2_alpha52_offset30_h7/structure2_br_bt.csv
0.14295334885013072,2.4659016782409564,0.4834461922644106,0.10226576139844423,0.5106783515674461,0.04904435641138518,0.08,-0.26,3.0000000000000004,gaussian,True,2.8647889756541165,5;15;25;35;45;55,results/paper5_structure2_alpha52_offset30_h7/structure2_br_bt.csv
0.14727408633674355,2.4626981548223896,0.4834027670586368,0.10041398774758446,0.5106783515674461,0.04904435641138518,0.04,-0.26,2.6,gaussian,True,2.8647889756541165,5;15;25;35;45;55,results/paper5_structure2_alpha52_offset30_h7/structure2_br_bt.csv
0.1420556403353996,2.4692565965795827,0.4834532474880855,0.10166689827592114,0.5106783515674461,0.04904435641138518,0.08,-0.26,2.8000000000000003,gaussian,True,2.8647889756541165,5;15;25;35;45;55,results/paper5_structure2_alpha52_offset30_h7/structure2_br_bt.csv
0.14823657950535918,2.466033082959626,0.4834077929800502,0.10226616978315102,0.5106783515674461,0.04904435641138518,0.04,-0.26,3.0000000000000004,gaussian,True,2.8647889756541165,5;15;25;35;45;55,results/paper5_structure2_alpha52_offset30_h7/structure2_br_bt.csv
0.14777161932151156,2.4693881531384756,0.4834056091916972,0.10166681041808552,0.5106783515674461,0.04904435641138518,0.04,-0.26,2.8000000000000003,gaussian,True,2.8647889756541165,5;15;25;35;45;55,results/paper5_structure2_alpha52_offset30_h7/structure2_br_bt.csv
0.10794376270038566,2.522977430130462,0.4860699895609463,0.09585044666162906,0.5106783515674461,0.04904435641138518,0.28,-0.3,1.5999999999999999,gaussian,True,2.8647889756541165,5;15;25;35;45;55,results/paper5_structure2_alpha52_offset30_h7/structure2_br_bt.csv
0.1084760362192687,2.523029783133638,0.48707744054689506,0.09586675905931394,0.5106783515674461,0.04904435641138518,0.32,-0.3,1.5999999999999999,gaussian,True,2.8647889756541165,5;15;25;35;45;55,results/paper5_structure2_alpha52_offset30_h7/structure2_br_bt.csv
0.11002143063425533,2.522955836609704,0.48525000480309444,0.09583656890039459,0.5106783515674461,0.04904435641138518,0.24000000000000002,-0.3,1.5999999999999999,gaussian,True,2.8647889756541165,5;15;25;35;45;55,results/paper5_structure2_alpha52_offset30_h7/structure2_br_bt.csv
0.11189313207000669,2.523116561597402,0.4882920244531045,0.09588576629898643,0.5106783515674461,0.04904435641138518,0.36,-0.3,1.5999999999999999,gaussian,True,2.8647889756541165,5;15;25;35;45;55,results/paper5_structure2_alpha52_offset30_h7/structure2_br_bt.csv
0.11429549560540392,2.522961731440244,0.4845996629800665,0.09582489247747218,0.5106783515674461,0.04904435641138518,0.2,-0.3,1.5999999999999999,gaussian,True,2.8647889756541165,5;15;25;35;45;55,results/paper5_structure2_alpha52_offset30_h7/structure2_br_bt.csv
0.12030220826464495,2.5229921916529476,0.4841028064264514,0.09581520789972904,0.5106783515674461,0.04904435641138518,0.16,-0.3,1.5999999999999999,gaussian,True,2.8647889756541165,5;15;25;35;45;55,results/paper5_structure2_alpha52_offset30_h7/structure2_br_bt.csv
0.12760344096531398,2.523044601863075,0.48374478282916006,0.09580732677475311,0.5106783515674461,0.04904435641138518,0.12,-0.3,1.5999999999999999,gaussian,True,2.8647889756541165,5;15;25;35;45;55,results/paper5_structure2_alpha52_offset30_h7/structure2_br_bt.csv
0.1358277403823521,2.523116618921158,0.4835123007084905,0.0958010794483369,0.5106783515674461,0.04904435641138518,0.08,-0.3,1.5999999999999999,gaussian,True,2.8647889756541165,5;15;25;35;45;55,results/paper5_structure2_alpha52_offset30_h7/structure2_br_bt.csv
0.14468076177295586,2.5232061410513484,0.48339329909524903,0.09579631293609832,0.5106783515674461,0.04904435641138518,0.04,-0.3,1.5999999999999999,gaussian,True,2.8647889756541165,5;15;25;35;45;55,results/paper5_structure2_alpha52_offset30_h7/structure2_br_bt.csv
0.11078544499010734,2.5905869416724245,0.4859669388998021,0.10104816433496018,0.5106783515674461,0.04904435641138518,0.28,-0.3,1.7999999999999998,gaussian,True,2.8647889756541165,5;15;25;35;45;55,results/paper5_structure2_alpha52_offset30_h7/structure2_br_bt.csv
0.1115239235088516,2.5906211968070267,0.4869573615899888,0.1010629760324737,0.5106783515674461,0.04904435641138518,0.32,-0.3,1.7999999999999998,gaussian,True,2.8647889756541165,5;15;25;35;45;55,results/paper5_structure2_alpha52_offset30_h7/structure2_br_bt.csv
0.11259603879023385,2.590582223910119,0.48516787900553643,0.1010357145773556,0.5106783515674461,0.04904435641138518,0.24000000000000002,-0.3,1.7999999999999998,gaussian,True,2.8647889756541165,5;15;25;35;45;55,results/paper5_structure2_alpha52_offset30_h7/structure2_br_bt.csv
0.11511019815937487,2.590689062161405,0.4881621022376748,0.10108043689266132,0.5106783515674461,0.04904435641138518,0.36,-0.3,1.7999999999999998,gaussian,True,2.8647889756541165,5;15;25;35;45;55,results/paper5_structure2_alpha52_offset30_h7/structure2_br_bt.csv
0.1165366946696356,2.590603467492853,0.4845397080124041,0.10102537303383695,0.5106783515674461,0.04904435641138518,0.2,-0.3,1.7999999999999998,gaussian,True,2.8647889756541165,5;15;25;35;45;55,results/paper5_structure2_alpha52_offset30_h7/structure2_br_bt.csv
0.12214983633367237,2.590647526850365,0.48406415089861937,0.10101691511705418,0.5106783515674461,0.04904435641138518,0.16,-0.3,1.7999999999999998,gaussian,True,2.8647889756541165,5;15;25;35;45;55,results/paper5_structure2_alpha52_offset30_h7/structure2_br_bt.csv
0.1290076180944557,2.59071163029522,0.483724882861064,0.10101014165063495,0.5106783515674461,0.04904435641138518,0.12,-0.3,1.7999999999999998,gaussian,True,2.8647889756541165,5;15;25;35;45;55,results/paper5_structure2_alpha52_offset30_h7/structure2_br_bt.csv
0.13674841134583143,2.5907933316518816,0.4835073102020527,0.10100487567198753,0.5106783515674461,0.04904435641138518,0.08,-0.3,1.7999999999999998,gaussian,True,2.8647889756541165,5;15;25;35;45;55,results/paper5_structure2_alpha52_offset30_h7/structure2_br_bt.csv
0.14508565840962237,2.5908904687830527,0.4833983771036117,0.10100095968225553,0.5106783515674461,0.04904435641138518,0.04,-0.3,1.7999999999999998,gaussian,True,2.8647889756541165,5;15;25;35;45;55,results/paper5_structure2_alpha52_offset30_h7/structure2_br_bt.csv
0.11326369856950695,2.649423706522338,0.48579694972638504,0.10570769319837928,0.5106783515674461,0.04904435641138518,0.28,-0.3,1.9999999999999998,gaussian,True,2.8647889756541165,5;15;25;35;45;55,results/paper5_structure2_alpha52_offset30_h7/structure2_br_bt.csv
0.11390477701220535,2.6494350322117897,0.4867421609225603,0.10572058832919265,0.5106783515674461,0.04904435641138518,0.32,-0.3,1.9999999999999998,gaussian,True,2.8647889756541165,5;15;25;35;45;55,results/paper5_structure2_alpha52_offset30_h7/structure2_br_bt.csv
0.11503468827348211,2.6494395791309677,0.48504102462034343,0.10569701783920778,0.5106783515674461,0.04904435641138518,0.24000000000000002,-0.3,1.9999999999999998,gaussian,True,2.8647889756541165,5;15;25;35;45;55,results/paper5_structure2_alpha52_offset30_h7/structure2_br_bt.csv
0.11729080915644817,2.6494778548742928,0.487902184665363,0.10573600622554945,0.5106783515674461,0.04904435641138518,0.36,-0.3,1.9999999999999998,gaussian,True,2.8647889756541165,5;15;25;35;45;55,results/paper5_structure2_alpha52_offset30_h7/structure2_br_bt.csv
0.11879348313265013,2.6494789365199733,0.48445197123506195,0.10568829847472885,0.5106783515674461,0.04904435641138518,0.2,-0.3,1.9999999999999998,gaussian,True,2.8647889756541165,5;15;25;35;45;55,results/paper5_structure2_alpha52_offset30_h7/structure2_br_bt.csv
0.12409748701660005,2.649538563431081,0.48401008171153276,0.10568130488399255,0.5106783515674461,0.04904435641138518,0.16,-0.3,1.9999999999999998,gaussian,True,2.8647889756541165,5;15;25;35;45;55,results/paper5_structure2_alpha52_offset30_h7/structure2_br_bt.csv
0.13054232591027856,2.649615670182188,0.48369800553714404,0.10567583564944534,0.5106783515674461,0.04904435641138518,0.12,-0.3,1.9999999999999998,gaussian,True,2.8647889756541165,5;15;25;35;45;55,results/paper5_structure2_alpha52_offset30_h7/structure2_br_bt.csv
0.13778995627667265,2.6497078316502987,0.48350044848337226,0.10567171415221291,0.5106783515674461,0.04904435641138518,0.08,-0.3,1.9999999999999998,gaussian,True,2.8647889756541165,5;15;25;35;45;55,results/paper5_structure2_alpha52_offset30_h7/structure2_br_bt.csv
0.1455737232599345,2.6498129358690603,0.48340391262475557,0.10566878518570241,0.5106783515674461,0.04904435641138518,0.04,-0.3,1.9999999999999998,gaussian,True,2.8647889756541165,5;15;25;35;45;55,results/paper5_structure2_alpha52_offset30_h7/structure2_br_bt.csv
0.11538563816275307,2.698111215016283,0.48558678171451847,0.1096760485745687,0.5106783515674461,0.04904435641138518,0.28,-0.3,2.1999999999999997,gaussian,True,2.8647889756541165,5;15;25;35;45;55,results/paper5_structure2_alpha52_offset30_h7/structure2_br_bt.csv
0.11571552536887411,2.6980976248004898,0.4864672518245744,0.10968686849086019,0.5106783515674461,0.04904435641138518,0.32,-0.3,2.1999999999999997,gaussian,True,2.8647889756541165,5;15;25;35;45;55,results/paper5_structure2_alpha52_offset30_h7/structure2_br_bt.csv
0.1172769266558981,2.698148883984373,0.48488864324537256,0.10966726026275732,0.5106783515674461,0.04904435641138518,0.24000000000000002,-0.3,2.1999999999999997,gaussian,True,2.8647889756541165,5;15;25;35;45;55,results/paper5_structure2_alpha52_offset30_h7/structure2_br_bt.csv
0.11863307904519457,2.698112450894395,0.4875572754116466,0.10970002768897183,0.5106783515674461,0.04904435641138518,0.36,-0.3,2.1999999999999997,gaussian,True,2.8647889756541165,5;15;25;35;45;55,results/paper5_structure2_alpha52_offset30_h7/structure2_br_bt.csv
0.12096520978307305,2.6982069449304507,0.48434928778703,0.10966023946705333,0.5106783515674461,0.04904435641138518,0.2,-0.3,2.1999999999999997,gaussian,True,2.8647889756541165,5;15;25;35;45;55,results/paper5_structure2_alpha52_offset30_h7/structure2_br_bt.csv
0.12603081874903202,2.6982822558881456,0.48394830469366545,0.10965475880944425,0.5106783515674461,0.04904435641138518,0.16,-0.3,2.1999999999999997,gaussian,True,2.8647889756541165,5;15;25;35;45;55,results/paper5_structure2_alpha52_offset30_h7/structure2_br_bt.csv
0.13210158238408368,2.69837213267463,0.48366797016908825,0.1096506219486483,0.5106783515674461,0.04904435641138518,0.12,-0.3,2.1999999999999997,gaussian,True,2.8647889756541165,5;15;25;35;45;55,results/paper5_structure2_alpha52_offset30_h7/structure2_br_bt.csv
0.13887132520637546,2.698474277111529,0.48349286608630443,0.10964765887939165,0.5106783515674461,0.04904435641138518,0.08,-0.3,2.1999999999999997,gaussian,True,2.8647889756541165,5;15;25;35;45;55,results/paper5_structure2_alpha52_offset30_h7/structure2_br_bt.csv
0.14610045149357448,2.698586717571941,0.4834095571518182,0.10964572202117445,0.5106783515674461,0.04904435641138518,0.04,-0.3,2.1999999999999997,gaussian,True,2.8647889756541165,5;15;25;35;45;55,results/paper5_structure2_alpha52_offset30_h7/structure2_br_bt.csv
0.11713635263836641,2.7346501269025367,0.48616423503295136,0.11283730081285474,0.5106783515674461,0.04904435641138518,0.32,-0.3,2.4,gaussian,True,2.8647889756541165,5;15;25;35;45;55,results/paper5_structure2_alpha52_offset30_h7/structure2_br_bt.csv
0.11723921426520317,2.7346879594606994,0.48535961323914856,0.1128285035963041,0.5106783515674461,0.04904435641138518,0.28,-0.3,2.4,gaussian,True,2.8647889756541165,5;15;25;35;45;55,results/paper5_structure2_alpha52_offset30_h7/structure2_br_bt.csv
0.11942111048436253,2.734637064303161,0.4871687517091829,0.1128482222191694,0.5106783515674461,0.04904435641138518,0.36,-0.3,2.4,gaussian,True,2.8647889756541165,5;15;25;35;45;55,results/paper5_structure2_alpha52_offset30_h7/structure2_br_bt.csv
0.11933877886381927,2.734746348531564,0.48472686314132274,0.11282152758454178,0.5106783515674461,0.04904435641138518,0.24000000000000002,-0.3,2.4,gaussian,True,2.8647889756541165,5;15;25;35;45;55,results/paper5_structure2_alpha52_offset30_h7/structure2_br_bt.csv
0.12302001435377301,2.7348217703784155,0.4842420805111971,0.11281611622201232,0.5106783515674461,0.04904435641138518,0.2,-0.3,2.4,gaussian,True,2.8647889756541165,5;15;25;35;45;55,results/paper5_structure2_alpha52_offset30_h7/structure2_br_bt.csv
0.12789324819939493,2.734911269239844,0.4838848218007581,0.11281205147254937,0.5106783515674461,0.04904435641138518,0.16,-0.3,2.4,gaussian,True,2.8647889756541165,5;15;25;35;45;55,results/paper5_structure2_alpha52_offset30_h7/structure2_br_bt.csv
0.1336236201998729,2.7350123591055056,0.4836375600329393,0.1128091474027901,0.5106783515674461,0.04904435641138518,0.12,-0.3,2.4,gaussian,True,2.8647889756541165,5;15;25;35;45;55,results/paper5_structure2_alpha52_offset30_h7/structure2_br_bt.csv
0.1399406123449996,2.7351229440498495,0.48348523354762374,0.11280724494951198,0.5106783515674461,0.04904435641138518,0.08,-0.3,2.4,gaussian,True,2.8647889756541165,5;15;25;35;45;55,results/paper5_structure2_alpha52_offset30_h7/structure2_br_bt.csv
0.1183378180767798,2.758011408464887,0.4858572494213557,0.1151245628412751,0.5106783515674461,0.04904435641138518,0.32,-0.3,2.6,gaussian,True,2.8647889756541165,5;15;25;35;45;55,results/paper5_structure2_alpha52_offset30_h7/structure2_br_bt.csv
0.1189183998790985,2.7580710009712184,0.4851326629441641,0.11511760580594105,0.5106783515674461,0.04904435641138518,0.28,-0.3,2.6,gaussian,True,2.8647889756541165,5;15;25;35;45;55,results/paper5_structure2_alpha52_offset30_h7/structure2_br_bt.csv
0.11991556801270392,2.7579727325211816,0.48676910299672277,0.1151334184043068,0.5106783515674461,0.04904435641138518,0.36,-0.3,2.6,gaussian,True,2.8647889756541165,5;15;25;35;45;55,results/paper5_structure2_alpha52_offset30_h7/structure2_br_bt.csv
0.12125578380415458,2.7581475448449257,0.48456732346252757,0.11511225603820925,0.5106783515674461,0.04904435641138518,0.24000000000000002,-0.3,2.6,gaussian,True,2.8647889756541165,5;15;25;35;45;55,results/paper5_structure2_alpha52_offset30_h7/structure2_br_bt.csv
0.14663463993286788,2.7352412533014547,0.48341487053813137,0.11280620763109858,0.5106783515674461,0.04904435641138518,0.04,-0.3,2.4,gaussian,True,2.8647889756541165,5;15;25;35;45;55,results/paper5_structure2_alpha52_offset30_h7/structure2_br_bt.csv
0.12495402593072862,2.758237777367422,0.48413763770472196,0.1151082700719754,0.5106783515674461,0.04904435641138518,0.2,-0.3,2.6,gaussian,True,2.8647889756541165,5;15;25;35;45;55,results/paper5_structure2_alpha52_offset30_h7/structure2_br_bt.csv
0.1205372908123453,2.7664488924092563,0.48528953669556707,0.11726819942557488,0.5106783515674461,0.04904435641138518,0.32,-0.3,3.0000000000000004,gaussian,True,2.8647889756541165,5;15;25;35;45;55,results/paper5_structure2_alpha52_offset30_h7/structure2_br_bt.csv
0.12073365610289945,2.7663697080034058,0.4860177454817524,0.11727367923828226,0.5106783515674461,0.04904435641138518,0.36,-0.3,3.0000000000000004,gaussian,True,2.8647889756541165,5;15;25;35;45;55,results/paper5_structure2_alpha52_offset30_h7/structure2_br_bt.csv
0.11944566120588596,2.7682712989290073,0.4855625097828548,0.11657553582164573,0.5106783515674461,0.04904435641138518,0.32,-0.3,2.8000000000000003,gaussian,True,2.8647889756541165,5;15;25;35;45;55,results/paper5_structure2_alpha52_offset30_h7/structure2_br_bt.csv
0.12965873042666357,2.7583390052026138,0.4838236751778771,0.11510544353728358,0.5106783515674461,0.04904435641138518,0.16,-0.3,2.6,gaussian,True,2.8647889756541165,5;15;25;35;45;55,results/paper5_structure2_alpha52_offset30_h7/structure2_br_bt.csv
0.1203114449750983,2.7682104516135047,0.4863808381834038,0.11658257086979615,0.5106783515674461,0.04904435641138518,0.36,-0.3,2.8000000000000003,gaussian,True,2.8647889756541165,5;15;25;35;45;55,results/paper5_structure2_alpha52_offset30_h7/structure2_br_bt.csv
0.1220089255011909,2.7665416363480264,0.4847192974724391,0.11726418836728436,0.5106783515674461,0.04904435641138518,0.28,-0.3,3.0000000000000004,gaussian,True,2.8647889756541165,5;15;25;35;45;55,results/paper5_structure2_alpha52_offset30_h7/structure2_br_bt.csv
0.1204939457582857,2.7683492688614795,0.4849171317122066,0.11657017781114119,0.5106783515674461,0.04904435641138518,0.28,-0.3,2.8000000000000003,gaussian,True,2.8647889756541165,5;15;25;35;45;55,results/paper5_structure2_alpha52_offset30_h7/structure2_br_bt.csv
0.12476768063455454,2.766644683643875,0.48428080867555745,0.11726139042054017,0.5106783515674461,0.04904435641138518,0.24000000000000002,-0.3,3.0000000000000004,gaussian,True,2.8647889756541165,5;15;25;35;45;55,results/paper5_structure2_alpha52_offset30_h7/structure2_br_bt.csv
0.12305876037325869,2.7684407273988416,0.48441734143700144,0.11656622201521641,0.5106783515674461,0.04904435641138518,0.24000000000000002,-0.3,2.8000000000000003,gaussian,True,2.8647889756541165,5;15;25;35;45;55,results/paper5_structure2_alpha52_offset30_h7/structure2_br_bt.csv
0.13507439782098923,2.7584489987806746,0.4836085478241834,0.11510360421336333,0.5106783515674461,0.04904435641138518,0.12,-0.3,2.6,gaussian,True,2.8647889756541165,5;15;25;35;45;55,results/paper5_structure2_alpha52_offset30_h7/structure2_br_bt.csv
0.1284784160875454,2.766755442912513,0.48395248954599623,0.11725959690090289,0.5106783515674461,0.04904435641138518,0.2,-0.3,3.0000000000000004,gaussian,True,2.8647889756541165,5;15;25;35;45;55,results/paper5_structure2_alpha52_offset30_h7/structure2_br_bt.csv
0.12677169536335148,2.7685427330937147,0.48404037187630017,0.1165634414940161,0.5106783515674461,0.04904435641138518,0.2,-0.3,2.8000000000000003,gaussian,True,2.8647889756541165,5;15;25;35;45;55,results/paper5_structure2_alpha52_offset30_h7/structure2_br_bt.csv
0.1409666513229172,2.7585659079895923,0.4834779041792527,0.11510260644628129,0.5106783515674461,0.04904435641138518,0.08,-0.3,2.6,gaussian,True,2.8647889756541165,5;15;25;35;45;55,results/paper5_structure2_alpha52_offset30_h7/structure2_br_bt.csv
0.13286364055331581,2.7668718455913286,0.4837164962907859,0.117258636574573,0.5106783515674461,0.04904435641138518,0.16,-0.3,3.0000000000000004,gaussian,True,2.8647889756541165,5;15;25;35;45;55,results/paper5_structure2_alpha52_offset30_h7/structure2_br_bt.csv
0.1313165336207116,2.768652897315217,0.48376720548669017,0.11656164796508238,0.5106783515674461,0.04904435641138518,0.16,-0.3,2.8000000000000003,gaussian,True,2.8647889756541165,5;15;25;35;45;55,results/paper5_structure2_alpha52_offset30_h7/structure2_br_bt.csv
0.13770364314715125,2.7669922366786026,0.4835580124283168,0.11725836827118023,0.5106783515674461,0.04904435641138518,0.12,-0.3,3.0000000000000004,gaussian,True,2.8647889756541165,5;15;25;35;45;55,results/paper5_structure2_alpha52_offset30_h7/structure2_br_bt.csv
0.13643674098990505,2.7687692750848028,0.4835818984969427,0.11656068453978566,0.5106783515674461,0.04904435641138518,0.12,-0.3,2.8000000000000003,gaussian,True,2.8647889756541165,5;15;25;35;45;55,results/paper5_structure2_alpha52_offset30_h7/structure2_br_bt.csv
0.14715587727488572,2.7586881945015707,0.48341951518532333,0.11510232663743111,0.5106783515674461,0.04904435641138518,0.04,-0.3,2.6,gaussian,True,2.8647889756541165,5;15;25;35;45;55,results/paper5_structure2_alpha52_offset30_h7/structure2_br_bt.csv
0.14282994297056922,2.7671152900351665,0.4834646866406738,0.11725867510052711,0.5106783515674461,0.04904435641138518,0.08,-0.3,3.0000000000000004,gaussian,True,2.8647889756541165,5;15;25;35;45;55,results/paper5_structure2_alpha52_offset30_h7/structure2_br_bt.csv
0.14193237556229837,2.7688902792375893,0.4834710382233665,0.1165604199653674,0.5106783515674461,0.04904435641138518,0.08,-0.3,2.8000000000000003,gaussian,True,2.8647889756541165,5;15;25;35;45;55,results/paper5_structure2_alpha52_offset30_h7/structure2_br_bt.csv
0.1481162743353956,2.767239942284866,0.4834261848587901,0.1172594598928768,0.5106783515674461,0.04904435641138518,0.04,-0.3,3.0000000000000004,gaussian,True,2.8647889756541165,5;15;25;35;45;55,results/paper5_structure2_alpha52_offset30_h7/structure2_br_bt.csv
0.14765191355650772,2.769014612508166,0.4834233050660183,0.11656074403112936,0.5106783515674461,0.04904435641138518,0.04,-0.3,2.8000000000000003,gaussian,True,2.8647889756541165,5;15;25;35;45;55,results/paper5_structure2_alpha52_offset30_h7/structure2_br_bt.csv
