apply_s1_correction,s1_theta_offset_deg,s1_scale,s1_condition,solver,Br_rms,Bt_rms,Br_L2_all,Bt_L2_all,Br_L2_edge,Bt_L2_edge,Br_L2_middle,Bt_L2_middle,objective
True,-90.0,0.29999999999999893,645257.9091640739,rowcol,0.5072093600442503,0.051318120994319386,0.0742998923255384,0.22588318216810443,0.13881197221311864,0.2843473550535911,0.05490404676333018,0.16104757601544653,0.30018307449364284
True,30.0,0.29999999999999893,645257.9091640739,rowcol,0.5072093600442503,0.051318120994319386,0.0742998923255384,0.22588318216810443,0.13881197221311864,0.2843473550535911,0.05490404676333018,0.16104757601544653,0.30018307449364284
True,25.0,0.29999999999999893,645257.9091640739,rowcol,0.5068114110970647,0.05125620780804046,0.07475914527754379,0.22584085301729107,0.13881451309291964,0.2833598005576825,0.055635057320740255,0.16239647112147804,0.30059999829483486
True,-85.0,0.29999999999999893,645257.9091640739,rowcol,0.5068114110839933,0.051256207937289334,0.07474545973306124,0.22610919329067752,0.13881454938390728,0.2832750434928138,0.055613296638888914,0.16320622545942615,0.30085465302373876
True,35.0,0.29999999999999893,645257.9091640739,rowcol,0.5068114110839933,0.051256207937289334,0.07474545973306124,0.22610919329067752,0.13881454938390728,0.28327504349281385,0.05561329663888892,0.16320622545942612,0.30085465302373876
True,20.0,0.29999999999999893,645257.9091640739,rowcol,0.5053663351522493,0.05104339958891029,0.07591230852021393,0.22557901570858765,0.13882221298431258,0.28088612882556574,0.05744814538490104,0.1653143380102005,0.3014913242288016
True,-80.0,0.29999999999999893,645257.9091640739,rowcol,0.5053663351391525,0.05104339971857822,0.07588830194659206,0.22634335092649455,0.138822263860336,0.2807461515463518,0.057410611900000706,0.16742419270752232,0.3022316528730866
True,40.0,0.29999999999999893,645257.9091640739,rowcol,0.5053663351391525,0.05104339971857822,0.07588830194659207,0.22634335092649455,0.138822263860336,0.2807461515463518,0.057410611900000706,0.16742419270752232,0.3022316528730866
True,15.0,0.29999999999999893,645257.9091640739,rowcol,0.5024416270542001,0.05066436818398281,0.07760004338997134,0.2250211238213118,0.13883363013981134,0.27876605556154416,0.06005019537382445,0.16692473801611996,0.3026211672112832
True,-90.0,0.14999999999999894,645257.9091640739,rowcol,0.494616780967224,0.0501619122577132,0.080406111131708,0.22335278645810863,0.16063999336986146,0.28220501032413275,0.05422049286614336,0.157684298402827,0.3037588975898166
True,30.0,0.14999999999999894,645257.9091640739,rowcol,0.494616780967224,0.0501619122577132,0.08040611113170801,0.22335278645810863,0.16063999336986146,0.28220501032413275,0.05422049286614337,0.157684298402827,0.30375889758981667
True,-75.0,0.29999999999999893,645257.9091640739,rowcol,0.5024416270976187,0.05066436775339746,0.07757747196448027,0.22647942635868315,0.138833671743154,0.2786244788522564,0.060015688248267765,0.1707114114609304,0.3040568983231634
True,45.0,0.29999999999999893,645257.9091640739,rowcol,0.5024416270976187,0.05066436775339746,0.07757747196448027,0.22647942635868315,0.138833671743154,0.2786244788522564,0.06001568824826776,0.1707114114609304,0.3040568983231634
True,25.0,0.14999999999999894,645257.9091640739,rowcol,0.4944175342256953,0.0501302530906594,0.08073042642964141,0.22333155560086299,0.16064130980677058,0.2816864930686868,0.05478658142863234,0.15840698769318412,0.3040619820305044
True,-85.0,0.14999999999999894,645257.9091640739,rowcol,0.4944175342191587,0.050130253155127626,0.08072409012289151,0.22346727245746675,0.16064132548678525,0.2816438659445974,0.05477553363818925,0.15882255105827933,0.3041913625803583
True,35.0,0.14999999999999894,645257.9091640739,rowcol,0.4944175342191587,0.050130253155127626,0.08072409012289151,0.22346727245746675,0.16064132548678525,0.2816438659445974,0.05477553363818925,0.15882255105827933,0.3041913625803583
True,10.0,0.29999999999999893,645257.9091640739,rowcol,0.49796222434479814,0.05019691898104256,0.07994249464262772,0.22461701209316742,0.13884431928029728,0.27846652993106064,0.06357505786914754,0.16634217339026888,0.3045595067357951
True,20.0,0.14999999999999894,645257.9091640739,rowcol,0.4936914903417891,0.05002226930522488,0.0815945847218041,0.2232646193373361,0.16064522576583065,0.2805503801598225,0.05627773736684463,0.1599216510142891,0.3048592040591402
True,-80.0,0.14999999999999894,645257.9091640739,rowcol,0.4936914903352522,0.05002226936974064,0.08158341835378037,0.22365106811694996,0.16064524774819253,0.2804803164725794,0.05625858333765622,0.16101536980498493,0.3052344864707303
True,40.0,0.14999999999999894,645257.9091640739,rowcol,0.4936914903352522,0.05002226936974064,0.08158341835378036,0.22365106811694996,0.16064524774819253,0.2804803164725794,0.056258583337656216,0.16101536980498496,0.3052344864707303
True,15.0,0.14999999999999894,645257.9091640739,rowcol,0.4922154761751056,0.04983066300313588,0.0828153715878534,0.22311600463939849,0.160650898732018,0.2798109408896082,0.0583450602699533,0.16062774428652393,0.30593137622725186
True,-75.0,0.14999999999999894,645257.9091640739,rowcol,0.4922154761967211,0.04983066278962298,0.08280479744745917,0.2238525495682572,0.16065091670871057,0.2797404258999806,0.05832730485126454,0.1626054475277698,0.30665734701571634
True,45.0,0.14999999999999894,645257.9091640739,rowcol,0.4922154761967211,0.04983066278962298,0.08280479744745917,0.22385254956825726,0.16065091670871057,0.2797404258999806,0.05832730485126454,0.1626054475277698,0.30665734701571645
True,-70.0,0.29999999999999893,645257.9091640739,rowcol,0.49796222452843636,0.050196917159319156,0.07993764564728753,0.22672453506215226,0.13884434269515472,0.2783763841865497,0.06356783956401822,0.17164820524371294,0.3066621807094398
True,50.0,0.29999999999999893,645257.9091640739,rowcol,0.49796222452843636,0.050196917159319156,0.07993764564728753,0.22672453506215226,0.13884434269515472,0.2783763841865497,0.06356783956401822,0.17164820524371294,0.3066621807094398
True,-90.0,0.44999999999999896,645257.9091640739,rowcol,0.5198026687416708,0.052475853290662816,0.07612358581383345,0.23095014820417992,0.11751259320670654,0.2883968858933685,0.06583270185853811,0.16806910338622535,0.30707373401801336
True,30.0,0.44999999999999896,645257.9091640739,rowcol,0.5198026687416708,0.052475853290662816,0.07612358581383345,0.23095014820417992,0.11751259320670654,0.2883968858933685,0.06583270185853812,0.16806910338622535,0.30707373401801336
True,10.0,0.14999999999999894,645257.9091640739,rowcol,0.48994833837061236,0.04959458561669196,0.08423907922583236,0.22300714108069064,0.16065610449016382,0.2799552458592791,0.060704451397387615,0.16013721951998774,0.307246220306523
True,5.0,0.29999999999999893,645257.9091640739,rowcol,0.49232303721003445,0.0497643362788407,0.08272804838339484,0.2245228327728443,0.13884975965949337,0.27923590133009146,0.06765527044210669,0.16501816065506306,0.3072508811562391
True,15.0,0.44999999999999896,645257.9091640739,rowcol,0.5127013073480151,0.05150794657062278,0.07822371334220582,0.22910478076819815,0.11754462074405587,0.2788916736775189,0.06867173247092172,0.17668916198112475,0.30732849411040397
True,25.0,0.44999999999999896,645257.9091640739,rowcol,0.5192065239668607,0.05238500326672024,0.07644207345252657,0.23088754437084502,0.11751619875172088,0.2869982594990219,0.06626641242971829,0.16991407366111091,0.3073296178233716
True,20.0,0.44999999999999896,645257.9091640739,rowcol,0.517048957964874,0.052070361252041224,0.07709613107804722,0.23031314094683983,0.11752742595754789,0.2830141640405644,0.06715269299192256,0.1740487283662718,0.30740927202488705
True,-85.0,0.44999999999999896,645257.9091640739,rowcol,0.5192065239472557,0.052385003461031504,0.07642199627060192,0.23128115562041335,0.11751626305411213,0.28687272699947775,0.06623900779795688,0.17107390242883883,0.30770315189101527
True,35.0,0.44999999999999896,645257.9091640739,rowcol,0.5192065239472557,0.052385003461031504,0.07642199627060192,0.23128115562041335,0.11751626305411213,0.28687272699947775,0.06623900779795688,0.17107390242883883,0.30770315189101527
True,-70.0,0.14999999999999894,645257.9091640739,rowcol,0.48994833846194086,0.049594584714450905,0.08423677838273601,0.22407095332371943,0.16065611460811147,0.27991041633814745,0.06070067159836539,0.16291293511403748,0.3083077317064554
True,50.0,0.14999999999999894,645257.9091640739,rowcol,0.48994833846194086,0.049594584714450905,0.08423677838273601,0.2240709533237194,0.16065611460811147,0.27991041633814745,0.0607006715983654,0.1629129351140375,0.3083077317064554
True,-80.0,0.44999999999999896,645257.9091640739,rowcol,0.5170489579451962,0.052070361447438436,0.0770606715939951,0.2314352465993781,0.11752751609890032,0.28280575208045494,0.06710452741570663,0.17704803063310398,0.3084959181933732
True,40.0,0.44999999999999896,645257.9091640739,rowcol,0.5170489579451962,0.052070361447438436,0.07706067159399509,0.2314352465993781,0.11752751609890033,0.28280575208045494,0.06710452741570663,0.17704803063310398,0.3084959181933732
True,5.0,0.14999999999999894,645257.9091640739,rowcol,0.48709589474865217,0.049376450797222825,0.08569056290113955,0.22298929305350165,0.1606587101959976,0.28046052168487184,0.06305939228131559,0.15934596357349196,0.3086798559546412
True,10.0,0.44999999999999896,645257.9091640739,rowcol,0.5060623454985473,0.05081379865317876,0.08070034933617998,0.22823143538567853,0.11756115150018522,0.277556333371004,0.0719752722244996,0.17637641820234534,0.3089317847218585
True,-75.0,0.44999999999999896,645257.9091640739,rowcol,0.512701307413409,0.051507945919703084,0.07819012385605323,0.23125015999738735,0.11754469445149705,0.2786793773679207,0.06862646832724664,0.1820352589250291,0.3094402838534406
True,45.0,0.44999999999999896,645257.9091640739,rowcol,0.512701307413409,0.051507945919703084,0.07819012385605323,0.23125015999738735,0.11754469445149705,0.2786793773679207,0.06862646832724664,0.1820352589250291,0.3094402838534406
True,-65.0,0.29999999999999893,645257.9091640739,rowcol,0.4923230375575394,0.04976433284094265,0.08274654123196434,0.2270350588393795,0.13884977009645158,0.2792123425591439,0.06768199891459807,0.171261509785653,0.3097816000713438
True,55.0,0.29999999999999893,645257.9091640739,rowcol,0.4923230375575394,0.04976433284094265,0.08274654123196434,0.2270350588393795,0.13884977009645155,0.2792123425591439,0.06768199891459808,0.171261509785653,0.3097816000713438
True,-65.0,0.14999999999999894,645257.9091640739,rowcol,0.4870958949219885,0.04937644908726889,0.08569949013884894,0.22425751602370078,0.16065871470608353,0.2804487939831771,0.06307373164842119,0.1626065604510183,0.30995700616254973
True,55.0,0.14999999999999894,645257.9091640739,rowcol,0.4870958949219885,0.04937644908726889,0.08569949013884894,0.22425751602370078,0.16065871470608348,0.2804487939831771,0.06307373164842119,0.16260656045101832,0.30995700616254973
True,0.0,0.14999999999999894,645257.9091640739,rowcol,0.48395505359412766,0.04919693261753042,0.08705337768888802,0.22303803592491317,0.1606587258383957,0.28079422541685617,0.06522894840219494,0.1589768824063043,0.3100914136138012
True,0.0,0.29999999999999893,645257.9091640739,rowcol,0.4860872398019211,0.04940739260401866,0.08549648001654248,0.22461289344573201,0.13884985056150229,0.27986120421186156,0.07160893512629778,0.1643515933232947,0.3101093734622745
False,25.0,0.14999999999999894,645257.9091640739,rowcol,0.49437010429149886,0.05028300034701003,0.080935074251695,0.23000805162960009,0.16085786434016014,0.29322475695268096,0.05502721118597602,0.1583863900521352,0.3109431258812951
False,-35.0,-0.15000000000000105,645257.9091640739,rowcol,0.49437010429248934,0.05028300034704779,0.08093507425340901,0.2300080516287492,0.1608578643440162,0.2932247569502584,0.05502721118690188,0.1583863900536322,0.3109431258821582
False,85.0,-0.15000000000000105,645257.9091640739,rowcol,0.49437010429248934,0.05028300034704779,0.08093507425340901,0.2300080516287492,0.1608578643440162,0.2932247569502584,0.05502721118690188,0.1583863900536322,0.3109431258821582
False,-90.0,0.14999999999999894,645257.9091640739,rowcol,0.49480773324569033,0.050375383226292696,0.07951013127574234,0.2314421453874215,0.15757214237197112,0.29613498833744034,0.05429924795541559,0.15767721564640605,0.31095227666316383
False,30.0,0.14999999999999894,645257.9091640739,rowcol,0.49480773324569033,0.050375383226292696,0.07951013127574234,0.2314421453874215,0.15757214237197112,0.29613498833744034,0.05429924795541559,0.15767721564640605,0.31095227666316383
False,-30.0,-0.15000000000000105,645257.9091640739,rowcol,0.494807733246799,0.05037538322632346,0.07951013127775712,0.23144214538649652,0.15757214237643566,0.2961349883347045,0.05429924795654201,0.15767721564822754,0.3109522766642536
False,90.0,-0.15000000000000105,645257.9091640739,rowcol,0.494807733246799,0.05037538322632346,0.07951013127775712,0.23144214538649652,0.15757214237643566,0.2961349883347045,0.05429924795654201,0.15767721564822754,0.3109522766642536
False,-85.0,0.14999999999999894,645257.9091640739,rowcol,0.49437010428496164,0.05028300041128241,0.08095273599860234,0.23020846799801134,0.16092900525287226,0.29330339793814014,0.05502001096045954,0.15879943737564614,0.3111612039966137
False,35.0,0.14999999999999894,645257.9091640739,rowcol,0.49437010428496164,0.05028300041128242,0.08095273599860234,0.23020846799801134,0.16092900525287226,0.2933033979381402,0.05502001096045954,0.15879943737564614,0.3111612039966137
False,-25.0,-0.15000000000000105,645257.9091640739,rowcol,0.4943701042859521,0.05028300041132017,0.08095273600033119,0.23020846799732692,0.16092900525675785,0.293303397935754,0.055020010961395305,0.15879943737752605,0.3111612039976581
True,60.0,0.14999999999999894,645257.9091640739,rowcol,0.483955053803511,0.04919693055780657,0.08706740851582112,0.2243706948873224,0.16065872858352034,0.2807975041411147,0.06525108370682382,0.1623877402774986,0.3114381034031435
True,-60.0,0.14999999999999894,645257.9091640739,rowcol,0.483955053803511,0.04919693055780657,0.08706740851582113,0.2243706948873224,0.16065872858352034,0.2807975041411147,0.06525108370682382,0.1623877402774986,0.31143810340314354
False,20.0,0.14999999999999894,645257.9091640739,rowcol,0.49307034947197875,0.05003890495538083,0.08450339804912504,0.22705250358578824,0.16891323939436206,0.2871658191293379,0.05693617104115428,0.15986464052951832,0.3115559016349133
False,-40.0,-0.15000000000000105,645257.9091640739,rowcol,0.49307034947261935,0.050038904955427226,0.08450339805015929,0.22705250358532109,0.16891323939671143,0.287165819127923,0.05693617104169865,0.1598646405304344,0.31155590163548036
False,80.0,-0.15000000000000105,645257.9091640739,rowcol,0.49307034947261935,0.050038904955427226,0.08450339805015929,0.22705250358532109,0.16891323939671143,0.287165819127923,0.05693617104169865,0.15986464053043442,0.31155590163548036
True,-5.0,0.14999999999999894,645257.9091640739,rowcol,0.48079508763408896,0.04901656419686976,0.08842935429290284,0.22313424732318293,0.16065872411005383,0.2811487083117802,0.06738166643267988,0.15869830697549447,0.31156360161608576
True,-70.0,0.44999999999999896,645257.9091640739,rowcol,0.5060623457753826,0.05081379589613449,0.08069314418435666,0.23133612921335045,0.11756119298097545,0.2774206601278151,0.07196570852843945,0.18384427646196552,0.31202927339770714
True,50.0,0.44999999999999896,645257.9091640739,rowcol,0.5060623457753826,0.05081379589613449,0.08069314418435665,0.23133612921335048,0.11756119298097545,0.2774206601278151,0.07196570852843945,0.18384427646196552,0.31202927339770714
False,-80.0,0.14999999999999894,645257.9091640739,rowcol,0.4930703494654337,0.050038905019875145,0.08454237567484782,0.2275623474885935,0.16905856052656332,0.2873265610652366,0.05692596152631964,0.1609526372959867,0.3121047231634413
False,40.0,0.14999999999999894,645257.9091640739,rowcol,0.4930703494654337,0.050038905019875145,0.0845423756748478,0.2275623474885935,0.16905856052656332,0.2873265610652366,0.056925961526319624,0.1609526372959867,0.3121047231634413
False,-20.0,-0.15000000000000105,645257.9091640739,rowcol,0.4930703494660742,0.05003890501992154,0.08454237567590656,0.22756234748842752,0.16905856052896567,0.2873265610638863,0.056925961526878135,0.16095263729758166,0.3121047231643341
True,5.0,0.44999999999999896,645257.9091640739,rowcol,0.49770149345242565,0.0501705560194506,0.08445104319902445,0.22800563482444122,0.11756974470355051,0.27834379007773746,0.07689221750011563,0.17478799700356637,0.31245667802346566
True,60.0,0.29999999999999893,645257.9091640739,rowcol,0.4860872402188507,0.04940738850211843,0.08552505020432573,0.22725192719098752,0.13884985691409416,0.2798677834831433,0.07164925694269103,0.1708909135487154,0.31277697739531324
True,-60.0,0.29999999999999893,645257.9091640739,rowcol,0.4860872402188507,0.04940738850211843,0.08552505020432574,0.22725192719098758,0.13884985691409418,0.2798677834831433,0.07164925694269103,0.1708909135487154,0.3127769773953133
True,-55.0,0.14999999999999894,645257.9091640739,rowcol,0.48079508780507585,0.049016562519688625,0.08843800497164896,0.22440165519122196,0.16065872862013933,0.2811370093179512,0.06739508602463896,0.16197195261090758,0.3128396601628709
True,65.0,0.14999999999999894,645257.9091640739,rowcol,0.48079508780507585,0.049016562519688625,0.08843800497164894,0.22440165519122196,0.16065872862013933,0.2811370093179512,0.06739508602463895,0.16197195261090758,0.3128396601628709
True,-5.0,0.29999999999999893,645257.9091640739,rowcol,0.4797759795722732,0.049047081198444094,0.08830464723963816,0.22476227295863865,0.13884990649788378,0.280539990355369,0.07553054205826361,0.16375323200963715,0.3130669201982768
True,-10.0,0.14999999999999894,645257.9091640739,rowcol,0.4778989722692206,0.0487955862694939,0.0900470906454477,0.22329810657020657,0.1606613103342754,0.2817907268293834,0.06986769102244633,0.1581640808511669,0.3133451972156543
False,15.0,0.14999999999999894,645257.9091640739,rowcol,0.49098667460860607,0.04972419880759563,0.08863028008527735,0.2247456446864982,0.17756630970060186,0.28271749518161254,0.0594977021598647,0.1605300292121521,0.31337592477177556
False,-45.0,-0.15000000000000105,645257.9091640739,rowcol,0.4909866746087036,0.04972419880762853,0.08863028008563069,0.2247456446866367,0.17756630970111917,0.2827174951817867,0.059497702160205605,0.16053002921225118,0.3133759247722674
False,75.0,-0.15000000000000105,645257.9091640739,rowcol,0.4909866746087036,0.04972419880762853,0.08863028008563069,0.2247456446866367,0.17756630970111917,0.2827174951817867,0.05949770216020561,0.1605300292122512,0.3133759247722674
False,-75.0,0.14999999999999894,645257.9091640739,rowcol,0.49098667463027573,0.04972419859362558,0.08869419187286313,0.22565149331946696,0.17777946243780474,0.28295961545110815,0.05949427833847521,0.16249866175827335,0.3143456851923301
False,45.0,0.14999999999999894,645257.9091640739,rowcol,0.49098667463027573,0.04972419859362558,0.08869419187286313,0.22565149331946702,0.17777946243780474,0.28295961545110815,0.05949427833847521,0.16249866175827335,0.31434568519233014
False,-15.0,-0.15000000000000105,645257.9091640739,rowcol,0.4909866746303732,0.04972419859365849,0.08869419187324332,0.2256514933199699,0.17777946243838716,0.2829596154513584,0.05949427833882807,0.1624986617591926,0.3143456851932132
True,-50.0,0.14999999999999894,645257.9091640739,rowcol,0.47789897235876655,0.04879558539249015,0.09004493812660054,0.22436054281386403,0.16066132045189516,0.2817461893575269,0.06986440684741722,0.16097383269395518,0.31440548094046455
True,70.0,0.14999999999999894,645257.9091640739,rowcol,0.47789897235876655,0.04879558539249015,0.09004493812660054,0.22436054281386403,0.16066132045189516,0.2817461893575269,0.06986440684741722,0.16097383269395518,0.31440548094046455
False,25.0,0.29999999999999893,645257.9091640739,rowcol,0.5067225064987236,0.05156244093994594,0.07529436891498444,0.23957072123306467,0.13978981896608328,0.30708093393057856,0.05604178284025742,0.1623507779335473,0.3148650901480491
False,85.0,-0.30000000000000104,645257.9091640739,rowcol,0.5067225065007069,0.051562440940020715,0.07529436891998259,0.23957072123153378,0.1397898189740048,0.307080933925607,0.056041782844595,0.16235077793729671,0.31486509015151637
False,-35.0,-0.30000000000000104,645257.9091640739,rowcol,0.5067225065007069,0.051562440940020715,0.07529436891998259,0.2395707212315338,0.1397898189740048,0.307080933925607,0.056041782844595,0.1623507779372967,0.3148650901515164
False,-90.0,0.29999999999999893,645257.9091640739,rowcol,0.5075926535536789,0.051745319270714324,0.07263937013018994,0.2425707674581181,0.13269571827022877,0.3130046231493817,0.05503341660338037,0.16103276278869458,0.315210137588308
False,30.0,0.29999999999999893,645257.9091640739,rowcol,0.5075926535536789,0.051745319270714324,0.07263937013018994,0.2425707674581181,0.13269571827022877,0.3130046231493817,0.055033416603380375,0.16103276278869458,0.315210137588308
False,-30.0,-0.30000000000000104,645257.9091640739,rowcol,0.5075926535558891,0.051745319270773305,0.07263937013590965,0.24257076745627199,0.1326957182790273,0.31300462314356464,0.05503341660843902,0.16103276279308407,0.31521013759218164
False,90.0,-0.30000000000000104,645257.9091640739,rowcol,0.5075926535558891,0.051745319270773305,0.07263937013590967,0.24257076745627199,0.1326957182790273,0.31300462314356464,0.05503341660843902,0.16103276279308407,0.31521013759218164
False,-85.0,0.29999999999999893,645257.9091640739,rowcol,0.5067225064856498,0.051562441068427195,0.07533233324498628,0.23995538078352532,0.13995348480753741,0.3072310465259276,0.05602764222077579,0.16315575643083804,0.31528771402851163
False,35.0,0.29999999999999893,645257.9091640739,rowcol,0.5067225064856499,0.051562441068427195,0.07533233324498628,0.23995538078352532,0.13995348480753741,0.30723104652592764,0.05602764222077579,0.16315575643083804,0.31528771402851163
False,-25.0,-0.30000000000000104,645257.9091640739,rowcol,0.5067225064876331,0.05156244106850197,0.07533233325001455,0.23995538078231485,0.13995348481552142,0.30723104652102673,0.05602764222513365,0.16315575643532187,0.3152877140323294
False,20.0,0.29999999999999893,645257.9091640739,rowcol,0.5041487637060942,0.051081571192770445,0.08195268218840357,0.23351917347800702,0.15722391808648478,0.2948346692658484,0.05860595576367092,0.1651855773702888,0.31547185566641056
False,-40.0,-0.30000000000000104,645257.9091640739,rowcol,0.5041487637074019,0.05108157119286729,0.08195268219183129,0.23351917347763979,0.15722391809222172,0.2948346692634979,0.05860595576653243,0.16518557737286135,0.31547185566947106
False,80.0,-0.30000000000000104,645257.9091640739,rowcol,0.5041487637074019,0.05108157119286729,0.08195268219183129,0.23351917347763979,0.15722391809222175,0.2948346692634979,0.05860595576653243,0.16518557737286135,0.31547185566947106
True,-15.0,0.14999999999999894,645257.9091640739,rowcol,0.47559280775569956,0.04855512694603743,0.09194713075479354,0.2235759133599944,0.1606665992562818,0.282320305684603,0.07273246920293126,0.15809233747909252,0.31552304411478793
True,-55.0,0.29999999999999893,645257.9091640739,rowcol,0.47977597991034243,0.04904707789146816,0.08832197208220298,0.22727186856509343,0.13884991693483092,0.280516541106419,0.0755544840596346,0.1700430709732587,0.3155938406472964
True,65.0,0.29999999999999893,645257.9091640739,rowcol,0.47977597991034243,0.04904707789146816,0.08832197208220298,0.22727186856509343,0.13884991693483092,0.280516541106419,0.0755544840596346,0.1700430709732587,0.3155938406472964
False,10.0,0.14999999999999894,645257.9091640739,rowcol,0.48831036071546596,0.04942689344136653,0.09197197700780269,0.224006398961802,0.18336346154140634,0.2817793468012986,0.06222627747715942,0.16001417681084046,0.31597837596960465
False,-50.0,-0.15000000000000105,645257.9091640739,rowcol,0.48831036071494127,0.04942689344135582,0.09197197700767147,0.22400639896256896,0.18336346154017186,0.28177934680318023,0.062226277477593246,0.16001417681003038,0.3159783759702404
False,70.0,-0.15000000000000105,645257.9091640739,rowcol,0.48831036071494127,0.04942689344135582,0.09197197700767148,0.22400639896256896,0.18336346154017186,0.28177934680318023,0.062226277477593246,0.16001417681003038,0.3159783759702405
True,-65.0,0.44999999999999896,645257.9091640739,rowcol,0.4977014939747462,0.050170550837929886,0.08447821534427402,0.23170712116680878,0.11756976319260679,0.27830833789781406,0.07692749300493065,0.18357588588135407,0.3161853365110828
True,55.0,0.44999999999999896,645257.9091640739,rowcol,0.4977014939747462,0.05017055083792988,0.08447821534427402,0.23170712116680878,0.11756976319260679,0.27830833789781406,0.07692749300493065,0.1835758858813541,0.3161853365110828
True,-45.0,0.14999999999999894,645257.9091640739,rowcol,0.4755928077769428,0.04855512673796193,0.09193760688100923,0.22431094913719718,0.1606666172312176,0.28225041761354025,0.07271822677156645,0.16010136577189724,0.3162485560182064
True,75.0,0.14999999999999894,645257.9091640739,rowcol,0.4755928077769428,0.04855512673796193,0.09193760688100922,0.22431094913719718,0.1606666172312176,0.28225041761354025,0.07271822677156645,0.16010136577189724,0.3162485560182064
False,-30.0,-1.0547118733938987e-15,645257.9091640739,rowcol,0.48202498869312377,0.0490073349150095,0.09289136903055073,0.223445153566082,0.18280738793245008,0.28201331949254677,0.06411058509300797,0.15821274341870184,0.3163365225966327
False,90.0,-1.0547118733938987e-15,645257.9091640739,rowcol,0.48202498869312377,0.0490073349150095,0.09289136903055073,0.223445153566082,0.18280738793245008,0.28201331949254677,0.06411058509300797,0.15821274341870184,0.3163365225966327
False,-40.0,-1.0547118733938987e-15,645257.9091640739,rowcol,0.48202498869312377,0.04900733491500949,0.09289136903055077,0.223445153566082,0.1828073879324502,0.28201331949254677,0.064110585093008,0.15821274341870187,0.31633652259663275
False,-35.0,-1.0547118733938987e-15,645257.9091640739,rowcol,0.48202498869312377,0.0490073349150095,0.09289136903055074,0.223445153566082,0.18280738793245013,0.28201331949254677,0.06411058509300797,0.15821274341870187,0.31633652259663275
False,-25.0,-1.0547118733938987e-15,645257.9091640739,rowcol,0.48202498869312377,0.0490073349150095,0.09289136903055074,0.223445153566082,0.18280738793245013,0.28201331949254677,0.06411058509300797,0.15821274341870187,0.31633652259663275
False,-20.0,-1.0547118733938987e-15,645257.9091640739,rowcol,0.48202498869312377,0.0490073349150095,0.09289136903055077,0.223445153566082,0.1828073879324502,0.28201331949254677,0.064110585093008,0.15821274341870187,0.31633652259663275
False,-15.0,-1.0547118733938987e-15,645257.9091640739,rowcol,0.48202498869312377,0.04900733491500949,0.0928913690305508,0.22344515356608197,0.18280738793245024,0.2820133194925467,0.06411058509300802,0.1582127434187019,0.31633652259663275
False,80.0,-1.0547118733938987e-15,645257.9091640739,rowcol,0.48202498869312377,0.04900733491500949,0.09289136903055077,0.223445153566082,0.1828073879324502,0.28201331949254677,0.064110585093008,0.15821274341870187,0.31633652259663275
False,85.0,-1.0547118733938987e-15,645257.9091640739,rowcol,0.48202498869312377,0.0490073349150095,0.09289136903055074,0.223445153566082,0.18280738793245013,0.28201331949254677,0.06411058509300797,0.15821274341870187,0.31633652259663275
False,-55.0,-1.0547118733938987e-15,645257.9091640739,rowcol,0.48202498869312366,0.04900733491500949,0.09289136903055084,0.223445153566082,0.18280738793245033,0.2820133194925467,0.06411058509300806,0.15821274341870187,0.3163365225966328
False,-50.0,-1.0547118733938987e-15,645257.9091640739,rowcol,0.4820249886931237,0.04900733491500949,0.09289136903055084,0.223445153566082,0.18280738793245033,0.2820133194925467,0.06411058509300804,0.15821274341870187,0.3163365225966328
False,-45.0,-1.0547118733938987e-15,645257.9091640739,rowcol,0.48202498869312377,0.04900733491500949,0.0928913690305508,0.223445153566082,0.18280738793245024,0.2820133194925467,0.06411058509300802,0.15821274341870187,0.3163365225966328
False,-10.0,-1.0547118733938987e-15,645257.9091640739,rowcol,0.48202498869312377,0.04900733491500949,0.09289136903055084,0.22344515356608197,0.18280738793245033,0.2820133194925467,0.06411058509300804,0.15821274341870187,0.3163365225966328
False,0.0,-1.0547118733938987e-15,645257.9091640739,rowcol,0.48202498869312366,0.04900733491500949,0.09289136903055085,0.22344515356608197,0.18280738793245033,0.2820133194925467,0.06411058509300809,0.1582127434187019,0.3163365225966328
False,5.0,-1.0547118733938987e-15,645257.9091640739,rowcol,0.48202498869312366,0.04900733491500949,0.09289136903055087,0.22344515356608197,0.18280738793245033,0.2820133194925467,0.0641105850930081,0.15821274341870187,0.3163365225966328
False,65.0,-1.0547118733938987e-15,645257.9091640739,rowcol,0.48202498869312366,0.04900733491500949,0.09289136903055084,0.223445153566082,0.18280738793245033,0.2820133194925467,0.06411058509300806,0.15821274341870187,0.3163365225966328
False,70.0,-1.0547118733938987e-15,645257.9091640739,rowcol,0.4820249886931237,0.04900733491500949,0.09289136903055084,0.223445153566082,0.18280738793245033,0.2820133194925467,0.06411058509300804,0.15821274341870187,0.3163365225966328
False,75.0,-1.0547118733938987e-15,645257.9091640739,rowcol,0.48202498869312377,0.04900733491500949,0.0928913690305508,0.223445153566082,0.18280738793245024,0.2820133194925467,0.06411058509300802,0.15821274341870187,0.3163365225966328
True,-35.0,-1.0547118733938987e-15,645257.9091640739,rowcol,0.48202498869312377,0.04900733491500949,0.09289136903055085,0.22344515356608197,0.18280738793245047,0.2820133194925467,0.06411058509300799,0.15821274341870187,0.3163365225966328
True,-30.0,-1.0547118733938987e-15,645257.9091640739,rowcol,0.48202498869312377,0.04900733491500949,0.09289136903055085,0.22344515356608197,0.18280738793245047,0.2820133194925467,0.06411058509300799,0.15821274341870184,0.3163365225966328
True,85.0,-1.0547118733938987e-15,645257.9091640739,rowcol,0.48202498869312377,0.04900733491500949,0.09289136903055085,0.22344515356608197,0.18280738793245047,0.2820133194925467,0.06411058509300799,0.15821274341870187,0.3163365225966328
True,90.0,-1.0547118733938987e-15,645257.9091640739,rowcol,0.48202498869312377,0.04900733491500949,0.09289136903055085,0.22344515356608197,0.18280738793245047,0.2820133194925467,0.06411058509300799,0.15821274341870184,0.3163365225966328
False,-70.0,-1.0547118733938987e-15,645257.9091640739,rowcol,0.4820249886931236,0.049007334915009484,0.09289136903055088,0.223445153566082,0.18280738793245033,0.2820133194925467,0.0641105850930081,0.1582127434187019,0.31633652259663286
False,-65.0,-1.0547118733938987e-15,645257.9091640739,rowcol,0.48202498869312366,0.04900733491500949,0.09289136903055085,0.223445153566082,0.18280738793245033,0.2820133194925467,0.06411058509300809,0.15821274341870187,0.31633652259663286
False,-60.0,-1.0547118733938987e-15,645257.9091640739,rowcol,0.48202498869312366,0.04900733491500949,0.09289136903055085,0.223445153566082,0.18280738793245033,0.2820133194925467,0.06411058509300807,0.15821274341870187,0.31633652259663286
False,-5.0,-1.0547118733938987e-15,645257.9091640739,rowcol,0.4820249886931237,0.04900733491500949,0.09289136903055085,0.223445153566082,0.18280738793245033,0.2820133194925467,0.06411058509300807,0.1582127434187019,0.31633652259663286
False,10.0,-1.0547118733938987e-15,645257.9091640739,rowcol,0.4820249886931236,0.04900733491500949,0.09289136903055088,0.223445153566082,0.18280738793245033,0.2820133194925467,0.06411058509300811,0.1582127434187019,0.31633652259663286
False,15.0,-1.0547118733938987e-15,645257.9091640739,rowcol,0.4820249886931236,0.049007334915009484,0.09289136903055088,0.223445153566082,0.18280738793245035,0.2820133194925467,0.06411058509300814,0.15821274341870187,0.31633652259663286
False,20.0,-1.0547118733938987e-15,645257.9091640739,rowcol,0.4820249886931236,0.049007334915009484,0.09289136903055092,0.22344515356608194,0.1828073879324504,0.2820133194925467,0.06411058509300815,0.1582127434187019,0.31633652259663286
False,50.0,-1.0547118733938987e-15,645257.9091640739,rowcol,0.4820249886931236,0.049007334915009484,0.09289136903055088,0.223445153566082,0.18280738793245033,0.2820133194925467,0.0641105850930081,0.1582127434187019,0.31633652259663286
False,55.0,-1.0547118733938987e-15,645257.9091640739,rowcol,0.48202498869312366,0.04900733491500949,0.09289136903055085,0.223445153566082,0.18280738793245033,0.2820133194925467,0.06411058509300809,0.15821274341870187,0.31633652259663286
False,60.0,-1.0547118733938987e-15,645257.9091640739,rowcol,0.48202498869312366,0.04900733491500949,0.09289136903055085,0.223445153566082,0.18280738793245033,0.2820133194925467,0.06411058509300807,0.15821274341870187,0.31633652259663286
True,-65.0,-1.0547118733938987e-15,645257.9091640739,rowcol,0.4820249886931236,0.04900733491500949,0.09289136903055091,0.22344515356608197,0.18280738793245047,0.2820133194925467,0.0641105850930081,0.15821274341870187,0.31633652259663286
True,-60.0,-1.0547118733938987e-15,645257.9091640739,rowcol,0.48202498869312366,0.04900733491500949,0.09289136903055091,0.22344515356608197,0.18280738793245047,0.2820133194925467,0.06411058509300809,0.15821274341870187,0.31633652259663286
True,-55.0,-1.0547118733938987e-15,645257.9091640739,rowcol,0.48202498869312366,0.04900733491500949,0.09289136903055088,0.22344515356608197,0.18280738793245047,0.2820133194925467,0.06411058509300807,0.15821274341870187,0.31633652259663286
True,-50.0,-1.0547118733938987e-15,645257.9091640739,rowcol,0.48202498869312366,0.04900733491500949,0.09289136903055088,0.22344515356608197,0.18280738793245047,0.2820133194925467,0.06411058509300806,0.15821274341870187,0.31633652259663286
True,-45.0,-1.0547118733938987e-15,645257.9091640739,rowcol,0.4820249886931237,0.04900733491500949,0.09289136903055088,0.22344515356608197,0.18280738793245047,0.2820133194925467,0.06411058509300803,0.15821274341870187,0.31633652259663286
True,-40.0,-1.0547118733938987e-15,645257.9091640739,rowcol,0.48202498869312377,0.04900733491500949,0.09289136903055088,0.22344515356608197,0.18280738793245047,0.2820133194925467,0.06411058509300802,0.15821274341870187,0.31633652259663286
True,-25.0,-1.0547118733938987e-15,645257.9091640739,rowcol,0.48202498869312377,0.04900733491500949,0.09289136903055085,0.223445153566082,0.18280738793245047,0.2820133194925467,0.06411058509300799,0.15821274341870187,0.31633652259663286
True,-20.0,-1.0547118733938987e-15,645257.9091640739,rowcol,0.48202498869312377,0.04900733491500949,0.09289136903055088,0.22344515356608197,0.18280738793245047,0.2820133194925467,0.06411058509300802,0.15821274341870187,0.31633652259663286
True,-15.0,-1.0547118733938987e-15,645257.9091640739,rowcol,0.4820249886931237,0.04900733491500949,0.09289136903055088,0.22344515356608197,0.18280738793245047,0.2820133194925467,0.06411058509300803,0.1582127434187019,0.31633652259663286
True,-10.0,-1.0547118733938987e-15,645257.9091640739,rowcol,0.4820249886931237,0.04900733491500949,0.09289136903055088,0.22344515356608197,0.18280738793245047,0.2820133194925467,0.06411058509300806,0.15821274341870187,0.31633652259663286
True,5.0,-1.0547118733938987e-15,645257.9091640739,rowcol,0.48202498869312366,0.04900733491500949,0.09289136903055091,0.22344515356608197,0.18280738793245047,0.2820133194925467,0.0641105850930081,0.15821274341870187,0.31633652259663286
True,55.0,-1.0547118733938987e-15,645257.9091640739,rowcol,0.4820249886931236,0.04900733491500949,0.09289136903055091,0.22344515356608197,0.18280738793245047,0.2820133194925467,0.0641105850930081,0.15821274341870187,0.31633652259663286
True,60.0,-1.0547118733938987e-15,645257.9091640739,rowcol,0.48202498869312366,0.04900733491500949,0.09289136903055091,0.22344515356608197,0.18280738793245047,0.2820133194925467,0.06411058509300809,0.15821274341870187,0.31633652259663286
True,65.0,-1.0547118733938987e-15,645257.9091640739,rowcol,0.48202498869312366,0.04900733491500949,0.09289136903055088,0.22344515356608197,0.18280738793245047,0.2820133194925467,0.06411058509300807,0.15821274341870187,0.31633652259663286
True,70.0,-1.0547118733938987e-15,645257.9091640739,rowcol,0.48202498869312366,0.04900733491500949,0.09289136903055088,0.22344515356608197,0.18280738793245047,0.2820133194925467,0.06411058509300806,0.15821274341870187,0.31633652259663286
True,75.0,-1.0547118733938987e-15,645257.9091640739,rowcol,0.4820249886931237,0.04900733491500949,0.09289136903055088,0.22344515356608197,0.18280738793245047,0.2820133194925467,0.06411058509300803,0.15821274341870187,0.31633652259663286
True,80.0,-1.0547118733938987e-15,645257.9091640739,rowcol,0.48202498869312377,0.04900733491500949,0.09289136903055088,0.22344515356608197,0.18280738793245047,0.2820133194925467,0.06411058509300802,0.15821274341870187,0.31633652259663286
False,-90.0,-1.0547118733938987e-15,645257.9091640739,rowcol,0.4820249886931236,0.049007334915009484,0.09289136903055098,0.22344515356608194,0.1828073879324505,0.2820133194925467,0.06411058509300818,0.1582127434187019,0.3163365225966329
False,-85.0,-1.0547118733938987e-15,645257.9091640739,rowcol,0.4820249886931236,0.049007334915009484,0.09289136903055095,0.22344515356608194,0.18280738793245047,0.2820133194925467,0.06411058509300818,0.15821274341870187,0.3163365225966329
False,-80.0,-1.0547118733938987e-15,645257.9091640739,rowcol,0.4820249886931236,0.049007334915009484,0.09289136903055092,0.22344515356608197,0.1828073879324504,0.2820133194925467,0.06411058509300815,0.15821274341870187,0.3163365225966329
False,-75.0,-1.0547118733938987e-15,645257.9091640739,rowcol,0.4820249886931236,0.049007334915009484,0.0928913690305509,0.223445153566082,0.18280738793245035,0.2820133194925467,0.06411058509300814,0.15821274341870187,0.3163365225966329
False,25.0,-1.0547118733938987e-15,645257.9091640739,rowcol,0.4820249886931236,0.04900733491500948,0.09289136903055095,0.22344515356608194,0.18280738793245047,0.2820133194925467,0.06411058509300818,0.1582127434187019,0.3163365225966329
False,30.0,-1.0547118733938987e-15,645257.9091640739,rowcol,0.4820249886931236,0.049007334915009484,0.09289136903055098,0.22344515356608194,0.1828073879324505,0.2820133194925467,0.06411058509300818,0.1582127434187019,0.3163365225966329
False,35.0,-1.0547118733938987e-15,645257.9091640739,rowcol,0.4820249886931236,0.049007334915009484,0.09289136903055095,0.22344515356608194,0.18280738793245047,0.2820133194925467,0.06411058509300818,0.15821274341870187,0.3163365225966329
False,40.0,-1.0547118733938987e-15,645257.9091640739,rowcol,0.4820249886931236,0.049007334915009484,0.09289136903055092,0.22344515356608197,0.1828073879324504,0.2820133194925467,0.06411058509300815,0.15821274341870187,0.3163365225966329
False,45.0,-1.0547118733938987e-15,645257.9091640739,rowcol,0.4820249886931236,0.049007334915009484,0.0928913690305509,0.223445153566082,0.18280738793245035,0.2820133194925467,0.06411058509300814,0.15821274341870187,0.3163365225966329
True,-80.0,-1.0547118733938987e-15,645257.9091640739,rowcol,0.4820249886931236,0.049007334915009484,0.09289136903055095,0.223445153566082,0.18280738793245047,0.2820133194925467,0.06411058509300815,0.15821274341870187,0.3163365225966329
True,-75.0,-1.0547118733938987e-15,645257.9091640739,rowcol,0.4820249886931236,0.049007334915009484,0.09289136903055094,0.223445153566082,0.18280738793245047,0.2820133194925467,0.06411058509300815,0.15821274341870184,0.3163365225966329
True,-70.0,-1.0547118733938987e-15,645257.9091640739,rowcol,0.4820249886931236,0.04900733491500949,0.09289136903055092,0.223445153566082,0.18280738793245047,0.2820133194925467,0.06411058509300811,0.1582127434187019,0.3163365225966329
True,-5.0,-1.0547118733938987e-15,645257.9091640739,rowcol,0.48202498869312366,0.04900733491500949,0.0928913690305509,0.223445153566082,0.18280738793245047,0.2820133194925467,0.06411058509300809,0.1582127434187019,0.3163365225966329
True,0.0,-1.0547118733938987e-15,645257.9091640739,rowcol,0.48202498869312366,0.04900733491500949,0.09289136903055091,0.223445153566082,0.18280738793245047,0.2820133194925467,0.0641105850930081,0.1582127434187019,0.3163365225966329
True,10.0,-1.0547118733938987e-15,645257.9091640739,rowcol,0.4820249886931236,0.04900733491500949,0.09289136903055092,0.223445153566082,0.18280738793245047,0.2820133194925467,0.06411058509300813,0.1582127434187019,0.3163365225966329
True,15.0,-1.0547118733938987e-15,645257.9091640739,rowcol,0.4820249886931236,0.049007334915009484,0.09289136903055094,0.223445153566082,0.18280738793245047,0.2820133194925467,0.06411058509300815,0.15821274341870187,0.3163365225966329
True,20.0,-1.0547118733938987e-15,645257.9091640739,rowcol,0.4820249886931236,0.049007334915009484,0.09289136903055095,0.223445153566082,0.18280738793245047,0.2820133194925467,0.06411058509300815,0.1582127434187019,0.3163365225966329
True,40.0,-1.0547118733938987e-15,645257.9091640739,rowcol,0.4820249886931236,0.049007334915009484,0.09289136903055095,0.223445153566082,0.18280738793245047,0.2820133194925467,0.06411058509300815,0.15821274341870187,0.3163365225966329
True,45.0,-1.0547118733938987e-15,645257.9091640739,rowcol,0.4820249886931236,0.049007334915009484,0.09289136903055094,0.223445153566082,0.18280738793245047,0.2820133194925467,0.06411058509300815,0.15821274341870184,0.3163365225966329
True,50.0,-1.0547118733938987e-15,645257.9091640739,rowcol,0.4820249886931236,0.04900733491500949,0.09289136903055092,0.223445153566082,0.18280738793245047,0.2820133194925467,0.06411058509300811,0.1582127434187019,0.3163365225966329
True,-90.0,-1.0547118733938987e-15,645257.9091640739,rowcol,0.4820249886931236,0.049007334915009484,0.09289136903055097,0.223445153566082,0.18280738793245047,0.2820133194925467,0.06411058509300818,0.1582127434187019,0.316336522596633
True,-85.0,-1.0547118733938987e-15,645257.9091640739,rowcol,0.4820249886931236,0.049007334915009484,0.09289136903055097,0.223445153566082,0.18280738793245047,0.2820133194925467,0.06411058509300818,0.15821274341870187,0.316336522596633
True,25.0,-1.0547118733938987e-15,645257.9091640739,rowcol,0.4820249886931236,0.049007334915009484,0.09289136903055097,0.223445153566082,0.18280738793245047,0.2820133194925467,0.06411058509300818,0.1582127434187019,0.316336522596633
True,30.0,-1.0547118733938987e-15,645257.9091640739,rowcol,0.4820249886931236,0.049007334915009484,0.09289136903055097,0.223445153566082,0.18280738793245047,0.2820133194925467,0.06411058509300818,0.1582127434187019,0.316336522596633
True,35.0,-1.0547118733938987e-15,645257.9091640739,rowcol,0.4820249886931236,0.049007334915009484,0.09289136903055097,0.223445153566082,0.18280738793245047,0.2820133194925467,0.06411058509300818,0.15821274341870187,0.316336522596633
False,40.0,0.29999999999999893,645257.9091640739,rowcol,0.5041487636929658,0.051081571322341486,0.08203304286938509,0.23450927621628015,0.15753599368937526,0.2951470854475841,0.058586116915367276,0.16728529984542304,0.3165423190856652
False,-80.0,0.29999999999999893,645257.9091640739,rowcol,0.5041487636929658,0.051081571322341486,0.0820330428693851,0.23450927621628015,0.15753599368937532,0.2951470854475841,0.05858611691536728,0.16728529984542304,0.31654231908566527
False,-20.0,-0.30000000000000104,645257.9091640739,rowcol,0.5041487636942735,0.05108157132243833,0.08203304287286085,0.23450927621649648,0.1575359936952189,0.29514708544536,0.05858611691825697,0.16728529984928162,0.3165423190893573
True,0.0,0.44999999999999896,645257.9091640739,rowcol,0.48841890025005363,0.04963844951580714,0.08844704079218578,0.2281286828757679,0.11757000264306199,0.27921712368260737,0.08203193744978944,0.1739099291153475,0.31657572366795367
True,-10.0,0.29999999999999893,645257.9091640739,rowcol,0.47396464430243485,0.04860322632936571,0.09173503055998473,0.22498227872349205,0.13885531024093528,0.28179378788723525,0.08021702175638114,0.16249411788487683,0.3167173092834768
False,-70.0,0.14999999999999894,645257.9091640739,rowcol,0.4883103608071009,0.049426892536064415,0.09206047540248222,0.2252637112639357,0.18362502455592514,0.28209083044836336,0.06224040360529726,0.1627782338746805,0.31732418666641793
False,50.0,0.14999999999999894,645257.9091640739,rowcol,0.4883103608071009,0.049426892536064415,0.09206047540248222,0.2252637112639357,0.18362502455592516,0.2820908304483633,0.06224040360529726,0.16277823387468052,0.31732418666641793
False,-10.0,-0.15000000000000105,645257.9091640739,rowcol,0.48831036080657614,0.04942689253605371,0.09206047540237342,0.22526371126502842,0.18362502455475196,0.28209083045031025,0.0622404036057379,0.16277823387462698,0.3173241866674018
True,-20.0,0.14999999999999894,645257.9091640739,rowcol,0.4740995727530372,0.04835935802935879,0.09379400427953949,0.22392571359766142,0.1606723102708906,0.2820168973196611,0.07546685952246984,0.15945333718231375,0.3177197178772009
True,-40.0,0.14999999999999894,645257.9091640739,rowcol,0.4740995727465766,0.048359358092696716,0.09378429044576202,0.22431102312589396,0.1606723322495469,0.28194719806117635,0.07545257691890273,0.160550245523585,0.318095313571656
True,80.0,0.14999999999999894,645257.9091640739,rowcol,0.4740995727465766,0.048359358092696716,0.09378429044576203,0.22431102312589396,0.1606723322495469,0.28194719806117635,0.07545257691890273,0.160550245523585,0.318095313571656
False,5.0,0.14999999999999894,645257.9091640739,rowcol,0.48529748584812693,0.04919808191656802,0.09407237645722648,0.22418014136730535,0.1855155066558787,0.28261749696122046,0.06472561151453936,0.15921703209271798,0.31825251782453184
False,-55.0,-0.15000000000000105,645257.9091640739,rowcol,0.48529748584708904,0.04919808191650511,0.0940723764567668,0.2241801413684835,0.18551550665316155,0.2826174969642812,0.06472561151516905,0.1592170320912026,0.3182525178252503
False,65.0,-0.15000000000000105,645257.9091640739,rowcol,0.48529748584708904,0.04919808191650511,0.0940723764567668,0.2241801413684835,0.18551550665316155,0.2826174969642812,0.06472561151516905,0.1592170320912026,0.3182525178252503
False,15.0,0.29999999999999893,645257.9091640739,rowcol,0.5000386363972867,0.05046405963445372,0.08968783772979888,0.22908657921114894,0.17601139532968427,0.28607362190626795,0.062154214485067215,0.16670737321193257,0.3187744169409478
False,-45.0,-0.30000000000000104,645257.9091640739,rowcol,0.5000386363975339,0.05046405963452839,0.08968783773168916,0.22908657921232073,0.17601139533256852,0.2860736219077111,0.0621542144868032,0.1667073732128144,0.3187744169440099
False,75.0,-0.30000000000000104,645257.9091640739,rowcol,0.5000386363975339,0.05046405963452839,0.08968783773168916,0.22908657921232076,0.17601139533256852,0.2860736219077111,0.0621542144868032,0.1667073732128144,0.31877441694400993
True,-50.0,0.29999999999999893,645257.9091640739,rowcol,0.4739646444788942,0.04860322460858557,0.0917308046072665,0.22708642608211438,0.1388553336539392,0.2817047068700602,0.08021130065289347,0.16792182114640275,0.3188172306893809
True,70.0,0.29999999999999893,645257.9091640739,rowcol,0.4739646444788942,0.04860322460858557,0.0917308046072665,0.22708642608211438,0.1388553336539392,0.2817047068700602,0.08021130065289347,0.16792182114640272,0.3188172306893809
True,-25.0,0.14999999999999894,645257.9091640739,rowcol,0.47337176546814436,0.048248159277913684,0.0950974524078802,0.22417611696838013,0.16067626588755013,0.28095097857130075,0.07736991835954607,0.16166816785571758,0.31927356937626034
True,85.0,0.14999999999999894,645257.9091640739,rowcol,0.47337176546165766,0.04824815934155586,0.09509207343602749,0.22431132253531358,0.1606762815641535,0.2809082398347522,0.07736209568734133,0.16207536896714872,0.31940339597134104
True,-35.0,0.14999999999999894,645257.9091640739,rowcol,0.47337176546165766,0.04824815934155586,0.0950920734360275,0.22431132253531358,0.1606762815641535,0.2809082398347522,0.07736209568734133,0.16207536896714872,0.3194033959713411
True,15.0,0.599999999999999,645257.9091640739,rowcol,0.5229925437946145,0.052360920968332676,0.08455727973385084,0.235253554152455,0.09713183972108794,0.2801862208986106,0.08205783744575874,0.18938544726061307,0.3198108338863058
False,0.0,0.14999999999999894,645257.9091640739,rowcol,0.4821513392114805,0.04902739119076179,0.09531621446994933,0.2244993671047589,0.1854483331073511,0.28341613558112516,0.06687641480960343,0.1588507906933427,0.31981558157470824
False,60.0,-0.15000000000000105,645257.9091640739,rowcol,0.4821513392102282,0.049027391190672974,0.09531621446920635,0.2244993671059297,0.18544833310360467,0.2834161355842927,0.06687641481024513,0.1588507906916362,0.319815581575136
False,-60.0,-0.15000000000000105,645257.9091640739,rowcol,0.4821513392102282,0.049027391190672974,0.09531621446920635,0.22449936710592971,0.18544833310360467,0.2834161355842927,0.06687641481024513,0.1588507906916362,0.31981558157513607
False,-65.0,0.14999999999999894,645257.9091640739,rowcol,0.48529748602210565,0.04919808020041461,0.09417907826650836,0.22564714949448636,0.18580241548369258,0.28297537998997,0.06475904571274883,0.16246446690655691,0.31982622776099473
False,55.0,0.14999999999999894,645257.9091640739,rowcol,0.48529748602210565,0.04919808020041461,0.09417907826650836,0.22564714949448636,0.18580241548369258,0.28297537998997,0.06475904571274883,0.16246446690655691,0.31982622776099473
False,-5.0,-0.15000000000000105,645257.9091640739,rowcol,0.48529748602106787,0.0491980802003517,0.09417907826606163,0.22564714949585266,0.18580241548101553,0.28297537999306616,0.06475904571338083,0.1624644669055153,0.3198262277619143
True,-30.0,0.14999999999999894,645257.9091640739,rowcol,0.4731735017701043,0.048215059164493694,0.09555520778277479,0.22427371383138225,0.16067761684666843,0.2803125293043301,0.07803336008656031,0.1628451115552571,0.31982892161415705
True,90.0,0.14999999999999894,645257.9091640739,rowcol,0.4731735017701043,0.0482150591644937,0.09555520778277479,0.22427371383138225,0.16067761684666843,0.2803125293043301,0.07803336008656031,0.1628451115552571,0.31982892161415705
True,10.0,0.599999999999999,645257.9091640739,rowcol,0.5142446268492654,0.05144470135612329,0.08637970982065658,0.233757444592933,0.0971546290553135,0.27723035438360316,0.08426734780230058,0.18963305572780223,0.3201371544135896
True,-60.0,0.44999999999999896,645257.9091640739,rowcol,0.48841890087246254,0.04963844339159694,0.08848846365908192,0.23201600314539494,0.11757001389665206,0.2792270152955653,0.08208473309661378,0.1831203172870737,0.32050446680447686
True,60.0,0.44999999999999896,645257.9091640739,rowcol,0.48841890087246254,0.04963844339159694,0.0884884636590819,0.23201600314539494,0.11757001389665206,0.2792270152955653,0.08208473309661378,0.18312031728707368,0.32050446680447686
False,-75.0,0.29999999999999893,645257.9091640739,rowcol,0.5000386364409141,0.05046405920215923,0.08981411074397568,0.2308599591644645,0.17644120021659324,0.28655075327683943,0.06214765939713878,0.17047931561027355,0.32067406990844016
False,45.0,0.29999999999999893,645257.9091640739,rowcol,0.5000386364409141,0.05046405920215923,0.08981411074397566,0.2308599591644645,0.17644120021659326,0.28655075327683943,0.06214765939713878,0.17047931561027355,0.32067406990844016
False,-15.0,-0.30000000000000104,645257.9091640739,rowcol,0.5000386364411612,0.05046405920223391,0.08981411074591673,0.23085995916634056,0.1764412002196029,0.28655075327843044,0.06214765939889777,0.17047931561270163,0.3206740699122573
True,-5.0,0.44999999999999896,645257.9091640739,rowcol,0.4789690100298714,0.04909884622610443,0.09253478540928055,0.22828775197833256,0.1175702079103694,0.2801888334335069,0.08720027842890415,0.1729773894190028,0.3208225373876131
True,-30.0,-0.15000000000000105,645257.9091640739,rowcol,0.4910405388342997,0.04980607191215129,0.09667153894432114,0.2243797142199746,0.20516740330983174,0.2841700649023137,0.05810399978583615,0.15740018624083552,0.3210512531642957
True,90.0,-0.15000000000000105,645257.9091640739,rowcol,0.4910405388342997,0.04980607191215129,0.09667153894432114,0.2243797142199746,0.20516740330983174,0.2841700649023137,0.05810399978583615,0.1574001862408355,0.3210512531642957
True,-35.0,-0.15000000000000105,645257.9091640739,rowcol,0.49083984619627785,0.04977436849692796,0.09694159978886091,0.22437538745750985,0.20516879251905326,0.28368652411741047,0.05863266219146118,0.15812072756766438,0.32131698724637076
True,85.0,-0.15000000000000105,645257.9091640739,rowcol,0.49083984619627785,0.049774368496927957,0.09694159978886091,0.22437538745750985,0.20516879251905326,0.28368652411741047,0.05863266219146118,0.15812072756766438,0.32131698724637076
False,-65.0,-0.15000000000000105,645257.9091640739,rowcol,0.47898328312882943,0.048855472204245284,0.0965277362688091,0.22482661595198375,0.18525108590737943,0.2841697720414763,0.06899689753311387,0.1585702975008207,0.32135435222079284
False,55.0,-0.15000000000000105,645257.9091640739,rowcol,0.47898328312882943,0.048855472204245284,0.0965277362688091,0.22482661595198375,0.18525108590737943,0.2841697720414763,0.06899689753311387,0.1585702975008207,0.32135435222079284
False,-5.0,0.14999999999999894,645257.9091640739,rowcol,0.4789832831299097,0.04885547220431549,0.09652773626979051,0.2248266159512305,0.18525108591140818,0.28416977203929344,0.06899689753276546,0.1585702975021444,0.321354352221021
True,-25.0,-0.15000000000000105,645257.9091640739,rowcol,0.4908398461896937,0.04977436856185712,0.096936323141954,0.22451047331751564,0.2051688047960575,0.2836441975657272,0.0586223392263653,0.1585370412909302,0.3214467964594696
True,-15.0,0.29999999999999893,645257.9091640739,rowcol,0.4693319210095712,0.04811838531996299,0.09598673032412437,0.22546257665884392,0.1388661917443552,0.2829911100627587,0.08589435109049894,0.16196891788359674,0.3214493069829683
False,-60.0,0.14999999999999894,645257.9091640739,rowcol,0.4821513394216471,0.049027389123915216,0.09542900352685203,0.22602953512816215,0.18574306009634986,0.28378996537464707,0.06691747950054397,0.16224796428997385,0.32145853865501417
False,60.0,0.14999999999999894,645257.9091640739,rowcol,0.4821513394216471,0.049027389123915216,0.09542900352685203,0.22602953512816215,0.18574306009634986,0.28378996537464707,0.06691747950054397,0.16224796428997385,0.32145853865501417
False,0.0,-0.15000000000000105,645257.9091640739,rowcol,0.48215133942039473,0.0490273891238264,0.09542900352610995,0.22602953512932508,0.18574306009260946,0.28378996537781037,0.06691747950118528,0.16224796428830315,0.32145853865543506
True,-40.0,-0.15000000000000105,645257.9091640739,rowcol,0.4901085186931398,0.04966629813872156,0.09766276634063879,0.22437202438240078,0.20517278494001065,0.28267212342711334,0.060028443219396065,0.15963253698894173,0.3220347907230396
True,80.0,-0.15000000000000105,645257.9091640739,rowcol,0.4901085186931398,0.04966629813872156,0.09766276634063879,0.22437202438240078,0.20517278494001065,0.28267212342711334,0.060028443219396065,0.15963253698894173,0.3220347907230396
True,20.0,0.599999999999999,645257.9091640739,rowcol,0.5287388432089479,0.05310281597447703,0.08485918207789624,0.23732223229625288,0.09710898858699883,0.286894605823676,0.08243038291091197,0.18565377169783648,0.3221814143741491
True,-20.0,-0.15000000000000105,645257.9091640739,rowcol,0.4901085186865551,0.049666298203699714,0.09765343733669295,0.22475656908661232,0.20517280215165778,0.2826025857693682,0.06001048634508662,0.16072822314717286,0.32241000642330525
True,-75.0,0.599999999999999,645257.9091640739,rowcol,0.5229925438821417,0.05236092009409106,0.08451584713525867,0.23803588333145562,0.0971319586509967,0.2799044325232169,0.08200733167640753,0.19602010109288323,0.32255173046671426
True,45.0,0.599999999999999,645257.9091640739,rowcol,0.5229925438821417,0.05236092009409106,0.08451584713525868,0.23803588333145562,0.09713195865099673,0.2799044325232169,0.08200733167640753,0.19602010109288323,0.3225517304667143
True,-45.0,0.29999999999999893,645257.9091640739,rowcol,0.46933192105148164,0.048118384911181436,0.09596848338980188,0.22691804612186328,0.13886623333794254,0.28285164814243674,0.08587023000601597,0.16586877791271143,0.3228865295116652
True,75.0,0.29999999999999893,645257.9091640739,rowcol,0.46933192105148164,0.048118384911181436,0.09596848338980188,0.22691804612186328,0.13886623333794254,0.28285164814243674,0.08587023000601597,0.1658687779127114,0.3228865295116652
False,5.0,-0.15000000000000105,645257.9091640739,rowcol,0.4789832833004631,0.04885547052153395,0.09663172679281322,0.22628943728293374,0.18553840362483084,0.2845257027682091,0.06902826279680799,0.16183072127790787,0.32292116407574695
False,-55.0,0.14999999999999894,645257.9091640739,rowcol,0.47898328330154333,0.048855470521604154,0.09663172679380569,0.2262894372823807,0.1855384036288892,0.2845257027660679,0.0690282627964622,0.1618307212796501,0.32292116407618643
False,65.0,0.14999999999999894,645257.9091640739,rowcol,0.47898328330154333,0.048855470521604154,0.09663172679380569,0.2262894372823807,0.1855384036288892,0.2845257027660679,0.0690282627964622,0.1618307212796501,0.32292116407618643
True,-45.0,-0.15000000000000105,645257.9091640739,rowcol,0.4886216991336183,0.049474585347001165,0.09868535072759108,0.22434082085920778,0.20517838173637212,0.28214127177967935,0.06197076931736989,0.16034003261940508,0.32302617158679886
True,75.0,-0.15000000000000105,645257.9091640739,rowcol,0.4886216991336183,0.049474585347001165,0.09868535072759108,0.22434082085920778,0.20517838173637212,0.28214127177967935,0.06197076931736989,0.16034003261940508,0.32302617158679886
False,-70.0,-0.15000000000000105,645257.9091640739,rowcol,0.47591076868324367,0.04862145819235621,0.09853931435073195,0.22498486528200087,0.18677365671816193,0.2848069040451069,0.07156284259094768,0.15802124984045865,0.32352417963273283
False,50.0,-0.15000000000000105,645257.9091640739,rowcol,0.47591076868324367,0.04862145819235621,0.09853931435073195,0.22498486528200087,0.18677365671816193,0.2848069040451069,0.0715628425909477,0.15802124984045865,0.32352417963273283
False,-10.0,0.14999999999999894,645257.9091640739,rowcol,0.47591076868383175,0.04862145819237784,0.09853931435175277,0.22498486528187098,0.18677365672135787,0.2848069040445009,0.07156284259108915,0.1580212498410368,0.32352417963362373
True,-80.0,0.599999999999999,645257.9091640739,rowcol,0.5287388431826696,0.053102816236127136,0.08481622694289834,0.23877328755431312,0.09710913404661632,0.28662045170167477,0.08237806699612744,0.18939742304297844,0.32358951449721146
True,40.0,0.599999999999999,645257.9091640739,rowcol,0.5287388431826696,0.053102816236127136,0.08481622694289834,0.23877328755431312,0.09710913404661632,0.28662045170167477,0.08237806699612744,0.1893974230429784,0.32358951449721146
True,25.0,0.599999999999999,645257.9091640739,rowcol,0.5316027863776426,0.053516459712067616,0.08532751094922116,0.23831048128264337,0.09709476910690752,0.2925285516449127,0.08300302972968254,0.18051955444284057,0.3236379922318645
True,-15.0,-0.15000000000000105,645257.9091640739,rowcol,0.4886216991553928,0.049474585131951576,0.09867647722384924,0.22507335765453837,0.20517839581179198,0.28207133934986217,0.06195405299974604,0.1623212413450238,0.3237498348783876
True,-90.0,0.599999999999999,645257.9091640739,rowcol,0.5323966552841728,0.05363501048696837,0.08537049642606619,0.23839199677428846,0.0970903973999333,0.2942748787326276,0.08305620203009025,0.17831725457898873,0.32376249320035466
True,30.0,0.599999999999999,645257.9091640739,rowcol,0.5323966552841728,0.05363501048696837,0.08537049642606619,0.23839199677428846,0.0970903973999333,0.2942748787326276,0.08305620203009025,0.17831725457898873,0.32376249320035466
True,5.0,0.599999999999999,645257.9091640739,rowcol,0.5032264117990783,0.05059466840895824,0.09059259734961064,0.233350436131073,0.0971668075955903,0.27778739149461684,0.0893421481461036,0.18801778575118958,0.32394303348068365
False,10.0,0.29999999999999893,645257.9091640739,rowcol,0.49476036200028306,0.04988015601714944,0.09600206965169293,0.227965929877924,0.18865641599446173,0.2845434002277065,0.0663989918400178,0.16608048902189823,0.3239679995296169
False,-50.0,-0.30000000000000104,645257.9091640739,rowcol,0.4947603619992951,0.04988015601713829,0.09600206965238513,0.22796592988035286,0.18865641599408414,0.2845434002327042,0.06639899184139654,0.16608048902083494,0.32396799953273797
False,70.0,-0.30000000000000104,645257.9091640739,rowcol,0.4947603619992951,0.04988015601713829,0.09600206965238514,0.22796592988035286,0.18865641599408414,0.2845434002327042,0.06639899184139654,0.16608048902083494,0.323967999532738
True,-85.0,0.599999999999999,645257.9091640739,rowcol,0.5316027863515058,0.05351645997169569,0.0853035287429563,0.23881884101393325,0.09709487287591162,0.2923643290741918,0.08297385888571546,0.18197424794518657,0.3241223697568896
True,35.0,0.599999999999999,645257.9091640739,rowcol,0.5316027863515058,0.05351645997169569,0.0853035287429563,0.23881884101393325,0.09709487287591162,0.2923643290741918,0.08297385888571546,0.18197424794518657,0.3241223697568896
True,-70.0,0.599999999999999,645257.9091640739,rowcol,0.514244627220099,0.05144469764924507,0.08637073469920457,0.2377918454535416,0.09715469597994955,0.27704922911555,0.08425645651214649,0.19886543012997004,0.3241625801527462
True,50.0,0.599999999999999,645257.9091640739,rowcol,0.514244627220099,0.05144469764924507,0.08637073469920457,0.23779184545354165,0.09715469597994955,0.27704922911555,0.08425645651214649,0.1988654301299701,0.32416258015274624
True,-50.0,-0.15000000000000105,645257.9091640739,rowcol,0.486337814739022,0.04923822303232468,0.09988336792647973,0.22436241965191572,0.20518344783184508,0.2825054571754324,0.06419694761363681,0.1598556540157277,0.32424578757839545
True,70.0,-0.15000000000000105,645257.9091640739,rowcol,0.486337814739022,0.04923822303232468,0.09988336792647971,0.22436241965191572,0.20518344783184508,0.2825054571754324,0.0641969476136368,0.15985565401572774,0.32424578757839545
True,-55.0,0.44999999999999896,645257.9091640739,rowcol,0.4789690105308716,0.049098841338747604,0.0925595836623205,0.23198477281428848,0.1175702263993527,0.2801536147355725,0.08723138451678444,0.18185287965922278,0.32454435647660895
True,65.0,0.44999999999999896,645257.9091640739,rowcol,0.4789690105308716,0.04909884133874761,0.09255958366232049,0.23198477281428848,0.1175702263993527,0.2801536147355725,0.08723138451678444,0.18185287965922278,0.32454435647660895
False,10.0,-0.15000000000000105,645257.9091640739,rowcol,0.4759107687731637,0.04862145731221164,0.09862191964440307,0.2262367443355187,0.18703045061858542,0.2851150817724018,0.07157512594666483,0.16081957291516522,0.3248586639799218
False,-50.0,0.14999999999999894,645257.9091640739,rowcol,0.4759107687737518,0.048621457312233274,0.09862191964544381,0.22623674433571808,0.1870304506218354,0.28511508177186295,0.07157512594681226,0.16081957291648505,0.3248586639811619
False,70.0,0.14999999999999894,645257.9091640739,rowcol,0.4759107687737518,0.048621457312233274,0.09862191964544381,0.22623674433571808,0.1870304506218354,0.28511508177186295,0.07157512594681226,0.16081957291648505,0.3248586639811619
True,-10.0,-0.15000000000000105,645257.9091640739,rowcol,0.4863378148310285,0.04923822212355364,0.0998814274618804,0.2254198360894776,0.20518345575407315,0.28246103239979015,0.06419337345819369,0.16263617516689477,0.325301263551358
True,-10.0,0.44999999999999896,645257.9091640739,rowcol,0.47022681631620594,0.04843048612384234,0.09772061366347207,0.22845717471223612,0.11757875111611604,0.2820224953184003,0.09364825739401092,0.17087029527434364,0.3261777883757082
False,50.0,0.29999999999999893,645257.9091640739,rowcol,0.4947603621851097,0.04988015418385722,0.09617156828083603,0.2304297135741678,0.18916454352047582,0.28515862119716173,0.06642546649925885,0.17136848931762577,0.3266012818550038
False,-70.0,0.29999999999999893,645257.9091640739,rowcol,0.4947603621851097,0.04988015418385722,0.09617156828083603,0.23042971357416786,0.18916454352047582,0.28515862119716173,0.06642546649925883,0.1713684893176258,0.3266012818550039
False,-10.0,-0.30000000000000104,645257.9091640739,rowcol,0.49476036218412167,0.049880154183846066,0.09617156828156964,0.23042971357721642,0.18916454352021486,0.2851586212022826,0.06642546650065001,0.1713684893180063,0.32660128185878606
True,-20.0,0.29999999999999893,645257.9091640739,rowcol,0.46634033234232325,0.04772281506657194,0.10020838397525565,0.22618682769281884,0.1388777496867767,0.2826132967348533,0.09141388169760076,0.16436497617059823,0.32681197961858577
True,-40.0,0.29999999999999893,645257.9091640739,rowcol,0.46634033232953914,0.04772281519149582,0.10019019917856936,0.22694911468499457,0.13887780054245497,0.2824741753378919,0.0913902988481249,0.16648685935640722,0.32751971222070264
True,80.0,0.29999999999999893,645257.9091640739,rowcol,0.46634033232953914,0.047722815191495814,0.10019019917856936,0.22694911468499457,0.13887780054245497,0.2824741753378918,0.0913902988481249,0.16648685935640722,0.32751971222070264
True,-55.0,-0.15000000000000105,645257.9091640739,rowcol,0.48346407384652235,0.04901940709930955,0.10111057265935745,0.2244268336003936,0.20518587045736614,0.28314309619554484,0.06642807059982704,0.15907143750045885,0.3277585515784659
True,65.0,-0.15000000000000105,645257.9091640739,rowcol,0.48346407384652235,0.04901940709930955,0.10111057265935747,0.2244268336003936,0.20518587045736614,0.28314309619554484,0.06642807059982704,0.15907143750045885,0.32775855157846595
False,20.0,0.44999999999999896,645257.9091640739,rowcol,0.5152580993817543,0.052135184078757224,0.08576164613884138,0.24265596800550993,0.14826184610341014,0.30489853917370247,0.06847597064230034,0.1738389692176142,0.32841761414435133
False,-40.0,-0.45000000000000107,645257.9091640739,rowcol,0.515258099383754,0.05213518407890827,0.08576164614561031,0.24265596800575107,0.1482618461136311,0.30489853917086407,0.06847597064828943,0.1738389692224204,0.3284176141513614
False,80.0,-0.45000000000000107,645257.9091640739,rowcol,0.515258099383754,0.05213518407890827,0.0857616461456103,0.24265596800575107,0.1482618461136311,0.3048985391708641,0.06847597064828943,0.17383896922242043,0.3284176141513614
False,5.0,0.29999999999999893,645257.9091640739,rowcol,0.48879613932498744,0.049428095731105855,0.10000053669246663,0.22852636107885752,0.19343444781361108,0.286434661199699,0.07072915989628963,0.16475908392059202,0.3285279711562574
False,65.0,-0.30000000000000104,645257.9091640739,rowcol,0.4887961393229546,0.0494280957309863,0.1000005366921284,0.2285263610816924,0.19343444780968602,0.2864346612064846,0.07072915989768093,0.16475908391791008,0.3285279711580775
False,-55.0,-0.30000000000000104,645257.9091640739,rowcol,0.4887961393229546,0.049428095730986304,0.10000053669212841,0.2285263610816924,0.19343444780968602,0.2864346612064846,0.07072915989768093,0.16475908391791008,0.32852797115807764
True,-65.0,0.599999999999999,645257.9091640739,rowcol,0.5032264124966901,0.050594661470348905,0.09062637009038671,0.2381622339178685,0.09716683742406793,0.27774002622030525,0.08938262825013062,0.19887105604109037,0.3287886040082552
True,55.0,0.599999999999999,645257.9091640739,rowcol,0.50322641249669,0.050594661470348905,0.09062637009038671,0.2381622339178685,0.09716683742406791,0.27774002622030525,0.0893826282501306,0.19887105604109037,0.3287886040082552
True,0.0,0.599999999999999,645257.9091640739,rowcol,0.49094719285169525,0.04988981717936957,0.09548813201686776,0.23349774648794713,0.09716738006981074,0.27886398589900013,0.09517884862293585,0.1870114990866246,0.32898587850481487
True,-5.0,-0.15000000000000105,645257.9091640739,rowcol,0.483464074021161,0.04901940537690078,0.10111813854718503,0.22568697861550055,0.20518587398872326,0.283131479609843,0.06644168294665484,0.16233754840810316,0.3290413942570556
False,25.0,0.44999999999999896,645257.9091640739,rowcol,0.5190816751245322,0.05284551100745754,0.0773632579387992,0.2518017872063686,0.12006816389936334,0.32325926683510464,0.06669504839186748,0.16984066593638472,0.32916504514516776
False,-35.0,-0.45000000000000107,645257.9091640739,rowcol,0.5190816751275108,0.05284551100756887,0.07736325794801299,0.25180178720434526,0.12006816391153254,0.3232592668275536,0.06669504840050988,0.16984066594294878,0.3291650451523582
False,85.0,-0.45000000000000107,645257.9091640739,rowcol,0.5190816751275108,0.05284551100756887,0.077363257948013,0.2518017872043452,0.12006816391153256,0.3232592668275536,0.06669504840050988,0.16984066594294875,0.3291650451523582
True,-50.0,0.44999999999999896,645257.9091640739,rowcol,0.470226816576771,0.0484304835939346,0.09771466284744347,0.23155887344089757,0.11757879259069708,0.2818889716483828,0.09364090637018692,0.1785686472897776,0.32927353628834105
True,70.0,0.44999999999999896,645257.9091640739,rowcol,0.470226816576771,0.0484304835939346,0.09771466284744347,0.23155887344089757,0.11757879259069708,0.2818889716483828,0.09364090637018692,0.1785686472897776,0.32927353628834105
False,-75.0,-0.15000000000000105,645257.9091640739,rowcol,0.47315870816673955,0.048313638747636355,0.10174976557172163,0.22426237698944684,0.19123417212387447,0.28362208601016825,0.0746600660755025,0.15792266579397038,0.32951167370461176
False,45.0,-0.15000000000000105,645257.9091640739,rowcol,0.47315870816673955,0.04831363874763636,0.10174976557172163,0.22426237698944684,0.19123417212387447,0.28362208601016825,0.0746600660755025,0.15792266579397038,0.32951167370461176
False,-15.0,0.14999999999999894,645257.9091640739,rowcol,0.47315870816669753,0.048313638747612665,0.10174976557244056,0.22426237698984888,0.1912341721250268,0.2836220860110075,0.07466006607612288,0.1579226657937539,0.32951167370717055
False,-85.0,0.44999999999999896,645257.9091640739,rowcol,0.5190816751049225,0.05284551120007554,0.07741867565253731,0.25235046323661625,0.12035381430170493,0.32347292684917817,0.06667722535587656,0.17099383268750817,0.32976913888915355
False,35.0,0.44999999999999896,645257.9091640739,rowcol,0.5190816751049225,0.05284551120007554,0.07741867565253731,0.25235046323661625,0.12035381430170493,0.3234729268491782,0.06667722535587656,0.17099383268750817,0.32976913888915355
False,-25.0,-0.45000000000000107,645257.9091640739,rowcol,0.5190816751079013,0.05284551120018685,0.07741867566179216,0.2523504632350506,0.12035381431397046,0.32347292684172896,0.06667722536454546,0.17099383269510554,0.3297691388968428
False,-80.0,0.44999999999999896,645257.9091640739,rowcol,0.5152580993620081,0.052135184273911485,0.08587681266418677,0.24408291484283162,0.1487579185920571,0.3053496486833008,0.06845050123660916,0.17682514655894085,0.3299597275070184
False,40.0,0.44999999999999896,645257.9091640739,rowcol,0.5152580993620082,0.052135184273911485,0.08587681266418677,0.24408291484283162,0.1487579185920571,0.3053496486833008,0.06845050123660915,0.17682514655894085,0.3299597275070184
False,-20.0,-0.45000000000000107,645257.9091640739,rowcol,0.5152580993640078,0.05213518427406253,0.08587681267102026,0.2440829148439097,0.14875791860243148,0.30534964868064557,0.06845050124263541,0.1768251465655367,0.32995972751492997
False,-90.0,0.44999999999999896,645257.9091640739,rowcol,0.5203795892522943,0.05311699698937083,0.07411246718767928,0.25642361112665524,0.10842537465631838,0.3322038542175828,0.06596190540395563,0.16804645563695256,0.3305360783143345
False,30.0,0.44999999999999896,645257.9091640739,rowcol,0.5203795892522943,0.05311699698937083,0.07411246718767929,0.25642361112665524,0.10842537465631838,0.3322038542175828,0.06596190540395565,0.16804645563695256,0.3305360783143345
False,-30.0,-0.45000000000000107,645257.9091640739,rowcol,0.5203795892555996,0.05311699698945566,0.07411246719801264,0.2564236111239208,0.10842537466915715,0.3322038542084563,0.06596190541383536,0.168046455644444,0.33053607832193344
False,90.0,-0.45000000000000107,645257.9091640739,rowcol,0.5203795892555996,0.05311699698945566,0.07411246719801265,0.2564236111239208,0.10842537466915715,0.3322038542084563,0.06596190541383536,0.16804645564444398,0.33053607832193344
False,15.0,-0.15000000000000105,645257.9091640739,rowcol,0.473158708188092,0.048313638538520824,0.10180544147427766,0.2251701678684619,0.19143210679478098,0.28386342965143996,0.07465733757807964,0.15992340037303915,0.3305864922912949
False,-45.0,0.14999999999999894,645257.9091640739,rowcol,0.47315870818805,0.04831363853849713,0.10180544147501978,0.22517016786922808,0.19143210679599318,0.2838634296523545,0.07465733757870954,0.15992340037365993,0.3305864922942874
False,75.0,0.14999999999999894,645257.9091640739,rowcol,0.47315870818805,0.04831363853849713,0.10180544147501978,0.22517016786922808,0.19143210679599315,0.2838634296523545,0.07465733757870956,0.15992340037365993,0.3305864922942874
True,-60.0,-0.15000000000000105,645257.9091640739,rowcol,0.48029948154408725,0.048838844540857664,0.10226804318348802,0.2244994926405581,0.2051858299271687,0.2835115488824842,0.06849091624878781,0.1587078646332105,0.33130362219102216
True,60.0,-0.15000000000000105,645257.9091640739,rowcol,0.48029948154408725,0.048838844540857664,0.10226804318348802,0.2244994926405581,0.2051858299271687,0.2835115488824842,0.06849091624878781,0.1587078646332105,0.33130362219102216
False,-65.0,0.29999999999999893,645257.9091640739,rowcol,0.48879613967499985,0.04942809226982109,0.1002012020759139,0.23139527240247623,0.19398441788074458,0.28713922979316925,0.07079034193425823,0.1709819631744178,0.33199887863021793
False,55.0,0.29999999999999893,645257.9091640739,rowcol,0.48879613967499985,0.04942809226982109,0.10020120207591392,0.23139527240247623,0.19398441788074458,0.28713922979316925,0.07079034193425822,0.17098196317441786,0.33199887863021793
False,-5.0,-0.30000000000000104,645257.9091640739,rowcol,0.48879613967296703,0.04942809226970153,0.10020120207559975,0.231395272405659,0.1939844178768993,0.287139229800017,0.07079034193565316,0.1709819631726762,0.33199887863245825
False,15.0,0.44999999999999896,645257.9091640739,rowcol,0.5091760593990334,0.05122694495583305,0.09588822402321395,0.2363739895836706,0.17823914249771963,0.29212053389321596,0.07127184976428735,0.1763395763666697,0.33226221360688457
False,-45.0,-0.45000000000000107,645257.9091640739,rowcol,0.5091760593994794,0.051226944955958115,0.09588822402753813,0.23637398958669126,0.17823914250471817,0.2921205338969657,0.07127184976797521,0.17633957636889994,0.33226221361422936
False,75.0,-0.45000000000000107,645257.9091640739,rowcol,0.5091760593994794,0.05122694495595812,0.09588822402753815,0.23637398958669123,0.1782391425047182,0.29212053389696563,0.07127184976797522,0.17633957636889994,0.33226221361422936
True,0.0,-0.15000000000000105,645257.9091640739,rowcol,0.4802994817550642,0.04883884246603184,0.10227998687522628,0.22582352723054586,0.20518583207657748,0.2835147961820906,0.06851199766360039,0.1621243823403436,0.3326634878562247
True,60.0,0.599999999999999,645257.9091640739,rowcol,0.4909471936773001,0.04988980905489789,0.09553928820405531,0.23855014281039097,0.0971673982252116,0.2788771913391022,0.09523951956106569,0.19838804651955314,0.33408943101444627
True,-60.0,0.599999999999999,645257.9091640739,rowcol,0.4909471936773001,0.04988980905489789,0.09553928820405533,0.23855014281039097,0.09716739822521164,0.2788771913391022,0.09523951956106569,0.19838804651955314,0.3340894310144463
True,-65.0,-0.15000000000000105,645257.9091640739,rowcol,0.47711530046115846,0.04865741748301975,0.10344177868147458,0.224619294405777,0.20518580377516762,0.2839004952639654,0.07054408173481322,0.15843497331443357,0.33494463045020073
True,55.0,-0.15000000000000105,645257.9091640739,rowcol,0.47711530046115846,0.04865741748301975,0.10344177868147457,0.224619294405777,0.20518580377516762,0.2839004952639654,0.07054408173481322,0.15843497331443357,0.33494463045020073
False,-75.0,0.44999999999999896,645257.9091640739,rowcol,0.5091760594648801,0.051226944301342774,0.09606534698122199,0.23894442512706,0.1788754334453917,0.2928147536555744,0.07126327498472318,0.18166842904925612,0.335009772108282
False,45.0,0.44999999999999896,645257.9091640739,rowcol,0.5091760594648801,0.051226944301342774,0.09606534698122199,0.23894442512705996,0.1788754334453917,0.2928147536555744,0.07126327498472317,0.18166842904925612,0.335009772108282
False,-15.0,-0.45000000000000107,645257.9091640739,rowcol,0.5091760594653261,0.05122694430146784,0.09606534698561314,0.23894442513108066,0.17887543345256118,0.29281475365953363,0.0712632749884413,0.18166842905362493,0.3350097721166938
True,-5.0,0.599999999999999,645257.9091640739,rowcol,0.4783752525752703,0.04917179217406557,0.10057175577931274,0.2336248004854036,0.09716788252051001,0.28009620626152604,0.10117987099534556,0.18575069692122867,0.3353400678233418
True,-25.0,0.29999999999999893,645257.9091640739,rowcol,0.4648892023493205,0.04749721844946975,0.10315429116899834,0.2266859875021119,0.1388855733043808,0.2804636353961134,0.09520709056764658,0.16867117837538087,0.3361488610091069
True,5.0,-0.15000000000000105,645257.9091640739,rowcol,0.4771153006334641,0.04865741579345912,0.10344917399135116,0.22587836979965825,0.2051858073065259,0.28388890967065433,0.07055689985275403,0.16171394981479587,0.33622589177371176
False,-60.0,-0.30000000000000104,645257.9091640739,rowcol,0.4825301924635596,0.04908830421201174,0.10235144168616886,0.22920484782044387,0.19343762270720932,0.2880614915701196,0.07459766935647627,0.16410760642364733,0.33625917287895046
False,60.0,-0.30000000000000104,645257.9091640739,rowcol,0.4825301924635596,0.04908830421201174,0.10235144168616886,0.22920484782044387,0.19343762270720932,0.2880614915701196,0.07459766935647627,0.1641076064236473,0.33625917287895046
False,0.0,0.29999999999999893,645257.9091640739,rowcol,0.48253019246606244,0.049088304212189925,0.10235144168755264,0.2292048478182099,0.1934376227143926,0.28806149156399063,0.07459766935532575,0.16410760642695094,0.3362591728808678
True,-35.0,0.29999999999999893,645257.9091640739,rowcol,0.46488920233645714,0.047497218575372806,0.10314437328134901,0.22695332734468163,0.1388856095768003,0.28037800283434927,0.09519437620031239,0.1694509475447798,0.3363864471887286
True,85.0,0.29999999999999893,645257.9091640739,rowcol,0.46488920233645714,0.047497218575372806,0.10314437328134901,0.22695332734468163,0.1388856095768003,0.2803780028343493,0.0951943762003124,0.1694509475447798,0.3363864471887286
True,10.0,0.749999999999999,645257.9091640739,rowcol,0.522505208596016,0.05208911755207718,0.09611204974842963,0.24106361512035587,0.07831307560610366,0.277490651885344,0.09901225310331375,0.20548937546385138,0.3371756648687855
True,15.0,0.749999999999999,645257.9091640739,rowcol,0.5333135096001839,0.05322283962427894,0.0954710396662819,0.24331093004088397,0.07828375388939567,0.282633635538543,0.09828057540320284,0.20446816666484113,0.3387819697071659
True,-70.0,-0.15000000000000105,645257.9091640739,rowcol,0.47419671355490967,0.04843571636425676,0.10482815469059234,0.22486406646117932,0.20518823860928756,0.28467248701377545,0.07292226677951293,0.15790835830060415,0.3393485305329563
True,50.0,-0.15000000000000105,645257.9091640739,rowcol,0.47419671355490967,0.04843571636425676,0.10482815469059234,0.22486406646117932,0.20518823860928756,0.28467248701377545,0.07292226677951293,0.15790835830060415,0.3393485305329563
True,-30.0,0.29999999999999893,645257.9091640739,rowcol,0.464495457391146,0.047429568452701965,0.10416986283940881,0.22684607632509288,0.13888819172059655,0.27907603072987525,0.0965048666514044,0.17098711401964223,0.33935566484331925
True,90.0,0.29999999999999893,645257.9091640739,rowcol,0.46449545739114606,0.047429568452701965,0.10416986283940882,0.22684607632509288,0.13888819172059655,0.27907603072987525,0.09650486665140441,0.17098711401964223,0.3393556648433193
False,-80.0,-0.15000000000000105,645257.9091640739,rowcol,0.471015006704743,0.047987062049123,0.10570524863638071,0.22227385466102165,0.19831999872381534,0.2792788371071739,0.07772476549360917,0.15925116554358,0.33938960057016376
False,40.0,-0.15000000000000105,645257.9091640739,rowcol,0.471015006704743,0.047987062049123,0.10570524863638071,0.22227385466102165,0.19831999872381534,0.2792788371071739,0.07772476549360917,0.15925116554358,0.33938960057016376
False,-20.0,0.14999999999999894,645257.9091640739,rowcol,0.4710150067041315,0.047987062049080625,0.10570524863653738,0.2222738546617269,0.198319998722313,0.27927883710893325,0.07772476549455982,0.15925116554279722,0.33938960057133905
False,0.0,-0.30000000000000104,645257.9091640739,rowcol,0.4825301928835627,0.04908830008344796,0.10256142336049331,0.23219243692924593,0.19400235597007343,0.2887954878255557,0.07467128419451025,0.1706252118263291,0.33987670701072586
False,-60.0,0.29999999999999893,645257.9091640739,rowcol,0.4825301928860655,0.04908830008362613,0.1025614233618743,0.2321924369270401,0.1940023559772358,0.2887954878194412,0.07467128419336083,0.17062521182950646,0.339876707012663
False,60.0,0.29999999999999893,645257.9091640739,rowcol,0.4825301928860655,0.04908830008362613,0.1025614233618743,0.2321924369270401,0.1940023559772358,0.28879548781944125,0.07467128419336082,0.17062521182950643,0.339876707012663
False,20.0,-0.15000000000000105,645257.9091640739,rowcol,0.4710150066982401,0.04798706211295231,0.10573641091618759,0.22279463256318835,0.19844378634371682,0.27944411332439867,0.07771728697911522,0.16034332426538775,0.3400038653117511
False,-40.0,0.14999999999999894,645257.9091640739,rowcol,0.4710150066976285,0.047987062112909935,0.10573641091636413,0.22279463256419843,0.19844378634226226,0.2794441133262227,0.07771728698007623,0.16034332426529802,0.3400038653132908
False,80.0,0.14999999999999894,645257.9091640739,rowcol,0.4710150066976285,0.047987062112909935,0.10573641091636415,0.22279463256419843,0.19844378634226226,0.2794441133262227,0.07771728698007621,0.16034332426529802,0.3400038653132909
True,-55.0,0.599999999999999,645257.9091640739,rowcol,0.4783752532348107,0.049171785757625715,0.10060217715896311,0.2384311233510506,0.09716791234865747,0.2800492314817821,0.10121561524715968,0.19672921744264465,0.3402376548279399
True,65.0,0.599999999999999,645257.9091640739,rowcol,0.4783752532348107,0.049171785757625715,0.10060217715896311,0.2384311233510506,0.09716791234865747,0.2800492314817822,0.10121561524715966,0.19672921744264465,0.3402376548279399
True,10.0,-0.15000000000000105,645257.9091640739,rowcol,0.47419671364515475,0.04843571548073701,0.10482630568873613,0.22591913854125506,0.20518824653133066,0.28462840046817844,0.07291912017842492,0.16072258074594264,0.34039805560746345
True,5.0,0.749999999999999,645257.9091640739,rowcol,0.5088930219701536,0.05103622738416662,0.10034465596513287,0.24043309262441223,0.07832934726831521,0.2775687244400211,0.1038559318884593,0.20403559721961423,0.34146706051981085
True,-70.0,0.749999999999999,645257.9091640739,rowcol,0.5225052090615712,0.05208911288210071,0.09610196706623823,0.24594651055362476,0.07831317938883843,0.27726443936444706,0.09900066669869226,0.21612341451645406,0.342048477619863
True,50.0,0.749999999999999,645257.9091640739,rowcol,0.5225052090615712,0.05208911288210071,0.09610196706623822,0.2459465105536248,0.07831317938883843,0.27726443936444706,0.09900066669869224,0.21612341451645403,0.342048477619863
True,-75.0,0.749999999999999,645257.9091640739,rowcol,0.5333135097099898,0.05322283852398041,0.09542516964352812,0.24667035964514553,0.07828393834456239,0.282284410025789,0.09822786629441997,0.2121403300286592,0.34209552928867365
True,45.0,0.749999999999999,645257.9091640739,rowcol,0.5333135097099899,0.053222838523980416,0.09542516964352814,0.24667035964514553,0.0782839383445624,0.28228441002578897,0.09822786629441997,0.2121403300286592,0.34209552928867365
True,-15.0,0.44999999999999896,645257.9091640739,rowcol,0.46324927371055835,0.04769753489055557,0.10443341933117589,0.22906176016270807,0.11759562220461074,0.2840231548471347,0.10185111457257347,0.16956857536823286,0.34236201815623574
False,-65.0,-0.30000000000000104,645257.9091640739,rowcol,0.47617679208060415,0.048743686631430354,0.10457576712394442,0.22979196895081894,0.19292695208577887,0.28948810420768134,0.07838972028466135,0.1635068934800979,0.34351927032265217
False,55.0,-0.30000000000000104,645257.9091640739,rowcol,0.47617679208060415,0.048743686631430354,0.10457576712394442,0.22979196895081894,0.1929269520857789,0.28948810420768134,0.07838972028466135,0.16350689348009792,0.34351927032265217
False,-5.0,0.29999999999999893,645257.9091640739,rowcol,0.47617679208280633,0.04874368663157911,0.10457576712625975,0.22979196895004014,0.19292695209480595,0.28948810420443655,0.07838972028426348,0.16350689348291417,0.34351927032881935
True,20.0,0.749999999999999,645257.9091640739,rowcol,0.5404355196148181,0.054140449500317746,0.09764466525134118,0.246412234834004,0.07825590236148806,0.29245770767076923,0.10077768086476897,0.19962945586986702,0.3440569000853452
True,-45.0,0.44999999999999896,645257.9091640739,rowcol,0.4632492737725128,0.047697534288840465,0.10440826200911997,0.23120754726213286,0.11759569588008471,0.2838146969641108,0.10182060111010538,0.17513219199439226,0.34443233328949274
True,75.0,0.44999999999999896,645257.9091640739,rowcol,0.4632492737725128,0.047697534288840465,0.10440826200911997,0.23120754726213286,0.11759569588008471,0.2838146969641108,0.10182060111010538,0.17513219199439226,0.34443233328949274
True,-75.0,-0.15000000000000105,645257.9091640739,rowcol,0.47187247513668945,0.04819491595705788,0.10646492397294754,0.22526928036383667,0.20519322732413708,0.28541552109371965,0.07567139965125352,0.15784361832548116,0.3446640522826793
True,45.0,-0.15000000000000105,645257.9091640739,rowcol,0.47187247513668945,0.04819491595705788,0.10646492397294756,0.22526928036383667,0.20519322732413708,0.28541552109371965,0.07567139965125352,0.15784361832548116,0.3446640522826794
True,15.0,-0.15000000000000105,645257.9091640739,rowcol,0.4718724751581002,0.04819491574742722,0.10645669890398028,0.2259988087215766,0.20519324139853867,0.28534639111503457,0.07565771047041106,0.15985577248956495,0.3453689054335174
True,-30.0,-0.30000000000000104,645257.9091640739,rowcol,0.5002112812998153,0.05061096424466796,0.10620987590092322,0.2270556258266316,0.2276898404632186,0.28677247833627756,0.0623452347564164,0.16046547822873702,0.34568525352940127
True,90.0,-0.30000000000000104,645257.9091640739,rowcol,0.5002112812998153,0.05061096424466796,0.10620987590092323,0.2270556258266316,0.2276898404632186,0.28677247833627756,0.0623452347564164,0.16046547822873705,0.3456852535294013
True,-80.0,0.749999999999999,645257.9091640739,rowcol,0.5404355195819214,0.05414044982869616,0.09759800259878353,0.24815829817189974,0.0782561279902605,0.2921215010568859,0.10072419434143882,0.2039779311997913,0.34575630077068326
True,40.0,0.749999999999999,645257.9091640739,rowcol,0.5404355195819214,0.05414044982869616,0.09759800259878353,0.24815829817189972,0.0782561279902605,0.2921215010568859,0.10072419434143882,0.20397793119979127,0.34575630077068326
True,-35.0,-0.30000000000000104,645257.9091640739,rowcol,0.4998077860582262,0.05054890237419959,0.10653217550638831,0.22707994836875092,0.22769265354948492,0.2859178798027456,0.06299015568489962,0.16180575436369385,0.34667647488791586
True,85.0,-0.30000000000000104,645257.9091640739,rowcol,0.4998077860582262,0.05054890237419959,0.10653217550638833,0.22707994836875092,0.22769265354948492,0.2859178798027456,0.06299015568489963,0.16180575436369385,0.3466764748879159
True,-25.0,-0.30000000000000104,645257.9091640739,rowcol,0.49980778604497145,0.050548902505256975,0.10652257209719947,0.22734682612756163,0.2276926756745562,0.28583388127489645,0.06297093673411966,0.16261845018771642,0.34691454241916
False,5.0,-0.30000000000000104,645257.9091640739,rowcol,0.47617679242122873,0.048743683303870855,0.10476766944092478,0.2326453079730323,0.19347836473539654,0.29018529142018545,0.07844492728827746,0.16977571621460272,0.3469483162958066
False,-55.0,0.29999999999999893,645257.9091640739,rowcol,0.4761767924234308,0.04874368330401961,0.10476766944325823,0.23264530797264202,0.1934783647444667,0.2901852914170232,0.07844492728788424,0.16977571621816367,0.34694831630241674
False,65.0,0.29999999999999893,645257.9091640739,rowcol,0.4761767924234308,0.04874368330401961,0.10476766944325823,0.23264530797264202,0.1934783647444667,0.2901852914170232,0.07844492728788426,0.16977571621816367,0.34694831630241674
False,-25.0,0.14999999999999894,645257.9091640739,rowcol,0.46968773426588234,0.047735609369673394,0.10909327823556864,0.21992946555462484,0.20530018743604586,0.2736673874175315,0.07992492250627994,0.16143677853556668,0.34720930026133073
False,-85.0,-0.15000000000000105,645257.9091640739,rowcol,0.4696877342668696,0.047735609369712044,0.10909327823594564,0.21992946555381046,0.20530018743974138,0.2736673874153861,0.07992492250515802,0.16143677853658264,0.34720930026164737
False,35.0,-0.15000000000000105,645257.9091640739,rowcol,0.4696877342668696,0.047735609369712044,0.10909327823594564,0.21992946555381046,0.20530018743974138,0.2736673874153861,0.07992492250515802,0.16143677853658264,0.34720930026164737
True,25.0,0.749999999999999,645257.9091640739,rowcol,0.5440001197448099,0.054650411868880026,0.09950432350321695,0.24789629469251098,0.07823989201062019,0.2998460176292106,0.10290799865455154,0.19370638904562199,0.34740061819572793
True,-65.0,0.749999999999999,645257.9091640739,rowcol,0.5088930228433731,0.05103621867711034,0.10038276918810213,0.2462602219974197,0.07832939352073591,0.2775094699313895,0.10389946167188661,0.21651623009692614,0.3474085295617261
True,55.0,0.749999999999999,645257.9091640739,rowcol,0.5088930228433731,0.05103621867711034,0.10038276918810213,0.2462602219974197,0.07832939352073588,0.2775094699313895,0.10389946167188661,0.21651623009692614,0.3474085295617261
False,-35.0,0.14999999999999894,645257.9091640739,rowcol,0.4696877342593448,0.04773560943399891,0.1091063819350355,0.22013905546993365,0.20535593288942794,0.2737516432705304,0.07991996542967533,0.16184204019474496,0.3474582012750401
False,85.0,0.14999999999999894,645257.9091640739,rowcol,0.4696877342593448,0.04773560943399891,0.10910638193503548,0.22013905546993365,0.20535593288942794,0.2737516432705304,0.07991996542967533,0.16184204019474496,0.3474582012750401
False,25.0,-0.15000000000000105,645257.9091640739,rowcol,0.469687734260332,0.04773560943403756,0.10910638193540116,0.22013905546894674,0.205355932893098,0.2737516432683474,0.07991996542854658,0.16184204019537893,0.34745820127515026
True,-85.0,0.749999999999999,645257.9091640739,rowcol,0.5440001197121427,0.05465041219405499,0.09947861708305007,0.2485070721829348,0.07824005298065499,0.2996457383686807,0.10287858900680716,0.19540039021881753,0.3479856892659849
True,35.0,0.749999999999999,645257.9091640739,rowcol,0.5440001197121427,0.05465041219405499,0.09947861708305007,0.2485070721829348,0.07824005298065499,0.2996457383686807,0.10287858900680716,0.19540039021881747,0.3479856892659849
True,-90.0,0.749999999999999,645257.9091640739,rowcol,0.5449912726796015,0.05479550215528392,0.10000219011710364,0.24799502313128804,0.07823535482780039,0.30187454299146066,0.10347762335884,0.19127409924782152,0.34800159348259896
True,30.0,0.749999999999999,645257.9091640739,rowcol,0.5449912726796015,0.05479550215528392,0.10000219011710364,0.24799502313128804,0.07823535482780039,0.30187454299146066,0.10347762335884002,0.19127409924782154,0.34800159348259896
False,10.0,0.44999999999999896,645257.9091640739,rowcol,0.5013686388261176,0.050367334826866804,0.10441008049237452,0.23522961022911437,0.19830732181382282,0.2903572215784241,0.07563277495297105,0.17597115769346366,0.34845985170623794
False,-50.0,-0.45000000000000107,645257.9091640739,rowcol,0.5013686388247259,0.050367334826864965,0.10441008049463057,0.23522961023396985,0.1983073218161697,0.29035722158761224,0.07563277495553156,0.17597115769266283,0.3484598517178616
False,70.0,-0.45000000000000107,645257.9091640739,rowcol,0.5013686388247258,0.050367334826864965,0.10441008049463057,0.23522961023396985,0.19830732181616972,0.29035722158761224,0.07563277495553156,0.17597115769266283,0.3484598517178616
True,-40.0,-0.30000000000000104,645257.9091640739,rowcol,0.4983424685810146,0.05033581628557419,0.10734580383612448,0.22706968339178496,0.22770065907364442,0.28391948413117424,0.06459746114850205,0.16471249313286765,0.34910709490015834
True,80.0,-0.30000000000000104,645257.9091640739,rowcol,0.4983424685810146,0.05033581628557419,0.10734580383612448,0.22706968339178496,0.22770065907364442,0.28391948413117424,0.06459746114850204,0.16471249313286768,0.34910709490015834
False,20.0,0.599999999999999,645257.9091640739,rowcol,0.5263963987574031,0.05319984403518833,0.0951697313937575,0.2542233891417585,0.14254236639425424,0.3172142148239287,0.08369366216221538,0.18535867941397563,0.349393120535516
False,-40.0,-0.6000000000000011,645257.9091640739,rowcol,0.5263963987601181,0.05319984403539825,0.09516973140412024,0.25422338914312437,0.14254236640994813,0.31721421482115914,0.08369366217127486,0.18535867942141052,0.3493931205472446
False,80.0,-0.6000000000000011,645257.9091640739,rowcol,0.5263963987601181,0.05319984403539825,0.09516973140412024,0.2542233891431244,0.14254236640994816,0.31721421482115914,0.08369366217127486,0.18535867942141052,0.3493931205472447
True,-20.0,-0.30000000000000104,645257.9091640739,rowcol,0.49834246856773323,0.050335816417064895,0.10732882832070124,0.22782901767875716,0.2277006900912225,0.2837810030829969,0.06456408395851522,0.1668299593793118,0.3498155026408609
True,40.0,-0.15000000000000105,645257.9091640739,rowcol,0.4703674510183169,0.04799898939091943,0.10806429217175904,0.2257324116195686,0.20519882387365343,0.28531616662227177,0.07830322550288715,0.15920687454903878,0.3499252881348457
True,-80.0,-0.15000000000000105,645257.9091640739,rowcol,0.4703674510183169,0.04799898939091943,0.10806429217175904,0.22573241161956864,0.20519882387365343,0.28531616662227177,0.07830322550288714,0.15920687454903878,0.3499252881348458
False,-30.0,0.14999999999999894,645257.9091640739,rowcol,0.4692445977048867,0.04764133695912758,0.1104414527586135,0.2189232449913032,0.20827106553322236,0.271069432571941,0.08070906591308913,0.16260090476149483,0.3502476032671437
False,90.0,0.14999999999999894,645257.9091640739,rowcol,0.4692445977048867,0.04764133695912758,0.1104414527586135,0.2189232449913032,0.20827106553322236,0.271069432571941,0.08070906591308913,0.16260090476149483,0.3502476032671437
False,-90.0,-0.15000000000000105,645257.9091640739,rowcol,0.4692445977060026,0.04764133695916106,0.11044145275920352,0.21892324499041474,0.20827106553775065,0.27106943256969124,0.08070906591191371,0.16260090476244682,0.3502476032680253
False,30.0,-0.15000000000000105,645257.9091640739,rowcol,0.4692445977060026,0.04764133695916106,0.11044145275920353,0.21892324499041474,0.20827106553775065,0.27106943256969124,0.08070906591191371,0.16260090476244682,0.35024760326802534
True,20.0,-0.15000000000000105,645257.9091640739,rowcol,0.470367451011805,0.04799898945473288,0.1080558611932141,0.2261146424737424,0.2051988410831165,0.285247273530818,0.07828946034859117,0.16030546934698953,0.35028222605338466
False,-80.0,0.599999999999999,645257.9091640739,rowcol,0.5263963987310079,0.05319984429636122,0.09530809922349444,0.256033663080101,0.14322982928056655,0.31778410581871563,0.08366587816225832,0.18908737183161362,0.35134176230359543
False,40.0,0.599999999999999,645257.9091640739,rowcol,0.5263963987310079,0.05319984429636122,0.09530809922349444,0.256033663080101,0.14322982928056655,0.31778410581871563,0.08366587816225832,0.18908737183161362,0.35134176230359543
False,-20.0,-0.6000000000000011,645257.9091640739,rowcol,0.5263963987337228,0.053199844296571146,0.09530809923393058,0.25603366308251885,0.14322982929644482,0.31778410581617295,0.08366587817135891,0.18908737184123453,0.3513417623164494
True,-45.0,-0.30000000000000104,645257.9091640739,rowcol,0.4953763662388533,0.04995645595813345,0.10854722282297237,0.2269770994124074,0.22771175560417511,0.28263377868500933,0.06692210315925157,0.16632921860871736,0.3526187678813245
True,75.0,-0.30000000000000104,645257.9091640739,rowcol,0.4953763662388533,0.04995645595813345,0.10854722282297237,0.2269770994124074,0.22771175560417511,0.2826337786850094,0.06692210315925157,0.16632921860871736,0.3526187678813245
False,-70.0,0.44999999999999896,645257.9091640739,rowcol,0.5013686391055445,0.05036733204538366,0.1046437990669462,0.23879917778898077,0.19903207211181573,0.2912536248039555,0.07566763771289153,0.18341889025672115,0.3527305749898193
False,50.0,0.44999999999999896,645257.9091640739,rowcol,0.5013686391055445,0.050367332045383656,0.1046437990669462,0.23879917778898077,0.19903207211181573,0.2912536248039555,0.07566763771289152,0.18341889025672117,0.3527305749898193
False,-10.0,-0.45000000000000107,645257.9091640739,rowcol,0.5013686391041527,0.050367332045381824,0.10464379906925597,0.23879917779470006,0.19903207211431884,0.291253624813315,0.07566763771546793,0.18341889025793026,0.35273057500246796
False,25.0,0.599999999999999,645257.9091640739,rowcol,0.5314471380959838,0.054132049937124886,0.08659088468150442,0.2663411447961931,0.10247323556353374,0.3414422308047408,0.08337048721905686,0.18041751213229562,0.35293202947769753
False,-35.0,-0.6000000000000011,645257.9091640739,rowcol,0.5314471380999599,0.05413204993727248,0.08659088469476388,0.2663411447938655,0.10247323557994442,0.34144223079465286,0.08337048723166209,0.1804175121420257,0.3529320294886294
False,85.0,-0.6000000000000011,645257.9091640739,rowcol,0.5314471380999599,0.05413204993727248,0.08659088469476388,0.2663411447938655,0.10247323557994445,0.34144223079465286,0.08337048723166209,0.1804175121420257,0.3529320294886294
True,-85.0,-0.15000000000000105,645257.9091640739,rowcol,0.4696338798987009,0.04788766682909928,0.10919783373909278,0.22604360567893048,0.20520281676005256,0.28437560673661205,0.08013902214217099,0.1614195787225013,0.3536371068962088
True,35.0,-0.15000000000000105,645257.9091640739,rowcol,0.4696338798987009,0.04788766682909928,0.10919783373909278,0.2260436056789305,0.20520281676005256,0.28437560673661205,0.08013902214217099,0.1614195787225013,0.35363710689620886
False,-85.0,0.599999999999999,645257.9091640739,rowcol,0.5314471380698395,0.05413205019380047,0.08665689925583965,0.26703231646564274,0.10291905971813968,0.3417113802762167,0.08335147671821035,0.18186404590450403,0.3536892157214824
False,35.0,0.599999999999999,645257.9091640739,rowcol,0.5314471380698395,0.05413205019380047,0.08665689925583965,0.26703231646564274,0.10291905971813965,0.3417113802762167,0.08335147671821033,0.18186404590450403,0.3536892157214824
False,-25.0,-0.6000000000000011,645257.9091640739,rowcol,0.5314471380738155,0.05413205019394807,0.08665689926914574,0.2670323164638918,0.10291905973467447,0.34171138026625797,0.08335147673084424,0.1818640459155076,0.3536892157330376
True,25.0,-0.15000000000000105,645257.9091640739,rowcol,0.46963387989216254,0.04788766689322054,0.10919314936937974,0.22617769489227604,0.20520282903502124,0.2843333827634371,0.08013146979855727,0.1618274053516255,0.3537571430004152
True,-15.0,-0.30000000000000104,645257.9091640739,rowcol,0.4953763662828911,0.049956455521446445,0.10853108773460099,0.2284229149098424,0.2277117809693286,0.28249414035711834,0.06689114113795556,0.17012914742852167,0.3540161781136454
False,-70.0,-0.30000000000000104,645257.9091640739,rowcol,0.4699743807313017,0.04827096025031051,0.10825295020625615,0.22988417188254123,0.1952324843019967,0.29050794570385047,0.0831088912038722,0.1622192438848306,0.35464302250130963
False,50.0,-0.30000000000000104,645257.9091640739,rowcol,0.4699743807313017,0.04827096025031051,0.10825295020625615,0.22988417188254123,0.1952324843019967,0.29050794570385047,0.08310889120387221,0.1622192438848306,0.35464302250130963
False,-10.0,0.29999999999999893,645257.9091640739,rowcol,0.46997438073254305,0.04827096025036536,0.10825295020895141,0.229884171883265,0.1952324843100656,0.29050794570401794,0.08310889120456773,0.1622192438864665,0.35464302251011925
True,-90.0,-0.15000000000000105,645257.9091640739,rowcol,0.46943404653601667,0.047854507047422126,0.10959683024030793,0.22615706994718185,0.20520420187740926,0.2837762355861693,0.0807797633937545,0.1625949703782121,0.3549475606681056
True,30.0,-0.15000000000000105,645257.9091640739,rowcol,0.46943404653601667,0.047854507047422126,0.10959683024030793,0.22615706994718185,0.20520420187740926,0.2837762355861693,0.0807797633937545,0.1625949703782121,0.3549475606681056
True,-10.0,0.599999999999999,645257.9091640739,rowcol,0.4666902097734655,0.048277576255317915,0.10728693323272022,0.23364290961098227,0.09718000429143789,0.28247630103846777,0.10902830297322626,0.1827370647990326,0.3555037093091429
False,-90.0,0.599999999999999,645257.9091640739,rowcol,0.5331683953366915,0.054490284853521025,0.08348892186804253,0.2725856562909601,0.08528015430348371,0.3533531537286845,0.08315826112276044,0.17828708875392543,0.3560745781590026
False,30.0,0.599999999999999,645257.9091640739,rowcol,0.5331683953366915,0.054490284853521025,0.08348892186804253,0.2725856562909601,0.08528015430348371,0.3533531537286845,0.08315826112276045,0.17828708875392543,0.3560745781590026
False,-30.0,-0.6000000000000011,645257.9091640739,rowcol,0.5331683953410857,0.054490284853629556,0.08348892188255054,0.2725856562873864,0.08528015431963126,0.35335315371610987,0.08315826113696269,0.17828708876482574,0.35607457816993693
False,90.0,-0.6000000000000011,645257.9091640739,rowcol,0.5331683953410857,0.054490284853629556,0.08348892188255054,0.2725856562873864,0.08528015431963125,0.35335315371610987,0.08315826113696269,0.1782870887648257,0.35607457816993693
False,10.0,-0.30000000000000104,645257.9091640739,rowcol,0.46997438090925925,0.04827095851768564,0.10840329486069655,0.2323276467176622,0.19572354011759543,0.2911105945888839,0.0831300439588705,0.1676291303386238,0.35753753129975185
False,-50.0,0.29999999999999893,645257.9091640739,rowcol,0.4699743809105006,0.048270958517740485,0.10840329486342586,0.23232764671901787,0.19572354012575585,0.29111059458918065,0.08313004395957618,0.1676291303416493,0.35753753130929544
False,70.0,0.29999999999999893,645257.9091640739,rowcol,0.4699743809105006,0.048270958517740485,0.10840329486342586,0.23232764671901787,0.19572354012575585,0.29111059458918065,0.08313004395957618,0.16762913034164928,0.35753753130929544
True,-50.0,-0.30000000000000104,645257.9091640739,rowcol,0.49083252616664347,0.049487981869570305,0.11023489976465214,0.22709013468534658,0.22772171269727592,0.283221429460364,0.07010191316905726,0.16577167621265593,0.357794833979303
True,70.0,-0.30000000000000104,645257.9091640739,rowcol,0.49083252616664347,0.049487981869570305,0.11023489976465213,0.22709013468534658,0.22772171269727592,0.283221429460364,0.07010191316905726,0.16577167621265593,0.357794833979303
True,0.0,0.749999999999999,645257.9091640739,rowcol,0.4936690965016078,0.05016119025203042,0.1058062431463646,0.24059604505272852,0.07833047737232209,0.27880289640637,0.11007798590175537,0.2029713237505974,0.3580147744918223
True,-50.0,0.599999999999999,645257.9091640739,rowcol,0.46669021011515144,0.048277572952304136,0.10727970612703247,0.23767930925333355,0.09718007119859857,0.2822985416366792,0.10901988407783768,0.19230092601313975,0.3595184276344309
True,70.0,0.599999999999999,645257.9091640739,rowcol,0.46669021011515144,0.04827757295230414,0.10727970612703247,0.23767930925333355,0.09718007119859857,0.2822985416366792,0.10901988407783768,0.19230092601313975,0.3595184276344309
True,-10.0,-0.30000000000000104,645257.9091640739,rowcol,0.49083252635294916,0.049487980021749915,0.11023138331740255,0.2291749156193808,0.22772172697356102,0.28313279761709415,0.0700953669919341,0.17109540131175086,0.3598690655715885
True,-20.0,0.44999999999999896,645257.9091640739,rowcol,0.45875569945038736,0.047098169625490335,0.11118462744820432,0.23017602847978555,0.11761315952527779,0.283798780342353,0.10997235908847312,0.17263460875220255,0.3637299108243985
True,-55.0,-0.30000000000000104,645257.9091640739,rowcol,0.4851104816271232,0.04905276334656729,0.1122715685860184,0.22732158677905284,0.22772643267707057,0.2845233200710002,0.07382182569004787,0.16447572336901659,0.364136292537108
True,65.0,-0.30000000000000104,645257.9091640739,rowcol,0.4851104816271232,0.04905276334656728,0.11227156858601842,0.22732158677905284,0.2277264326770706,0.2845233200710001,0.07382182569004787,0.1644757233690166,0.3641362925371081
True,-60.0,0.749999999999999,645257.9091640739,rowcol,0.49366909752792365,0.05016118015138258,0.10586395223035602,0.24671374742786417,0.07833050552408126,0.2788194067254228,0.1101435611212959,0.2160509280912536,0.3643056041189322
True,60.0,0.749999999999999,645257.9091640739,rowcol,0.49366909752792376,0.05016118015138258,0.10586395223035601,0.24671374742786417,0.07833050552408123,0.2788194067254228,0.1101435611212959,0.21605092809125354,0.3643056041189322
True,-40.0,0.44999999999999896,645257.9091640739,rowcol,0.45875569943143124,0.0470981698101305,0.1111600426027673,0.23129879665428954,0.11761324960092205,0.28359094500005977,0.1099429543013456,0.17565805185673125,0.3647789244625914
True,80.0,0.44999999999999896,645257.9091640739,rowcol,0.45875569943143124,0.0470981698101305,0.1111600426027673,0.23129879665428954,0.11761324960092205,0.2835909450000597,0.1099429543013456,0.17565805185673125,0.3647789244625914
False,15.0,0.599999999999999,645257.9091640739,rowcol,0.5183944245151827,0.052012796781053916,0.10633558368219317,0.24639115299904274,0.18411229246834698,0.30077597152175295,0.08479131520389455,0.18889887243897535,0.3653979040456222
False,75.0,-0.6000000000000011,645257.9091640739,rowcol,0.5183944245158744,0.05201279678123718,0.10633558368940266,0.24639115300456385,0.18411229248089955,0.30077597152866997,0.08479131520961569,0.18889887244297082,0.3653979040727718
False,-45.0,-0.6000000000000011,645257.9091640739,rowcol,0.5183944245158744,0.05201279678123718,0.10633558368940266,0.24639115300456388,0.18411229248089953,0.30077597152867,0.08479131520961569,0.18889887244297082,0.36539790407277184
False,5.0,0.44999999999999896,645257.9091640739,rowcol,0.4925161295532408,0.049697908744945785,0.10991038358491731,0.23635856006677447,0.2059640460279248,0.2934697761653527,0.08093080341921322,0.17440685037546344,0.3660897108215264
False,-55.0,-0.45000000000000107,645257.9091640739,rowcol,0.49251612955025653,0.04969790874477562,0.10991038358517445,0.23635856007163877,0.20596404602420823,0.29346977617636716,0.08093080342135017,0.17440685037201287,0.36608971082716213
False,65.0,-0.45000000000000107,645257.9091640739,rowcol,0.49251612955025653,0.04969790874477562,0.10991038358517445,0.23635856007163877,0.20596404602420823,0.29346977617636716,0.08093080342135017,0.17440685037201287,0.36608971082716213
True,-5.0,-0.30000000000000104,645257.9091640739,rowcol,0.48511048197979484,0.04905275985879814,0.11228519585988567,0.2298032186931978,0.22772643904071116,0.28450019913867114,0.07384632222861788,0.17073890876461634,0.3666588062728548
False,45.0,0.599999999999999,645257.9091640739,rowcol,0.5183944246034863,0.05201279590096096,0.10654852827540424,0.24966673410327334,0.18493325264508068,0.301659610841078,0.08478170518474172,0.19551592840498125,0.369312318929486
False,-75.0,0.599999999999999,645257.9091640739,rowcol,0.5183944246034863,0.05201279590096096,0.10654852827540424,0.24966673410327336,0.18493325264508068,0.301659610841078,0.08478170518474172,0.19551592840498128,0.3693123189294861
False,-15.0,-0.6000000000000011,645257.9091640739,rowcol,0.518394424604178,0.05201279590114421,0.10654852828268946,0.24966673411003884,0.18493325265783023,0.30165961084825615,0.08478170519049695,0.19551592841157198,0.3693123189581072
True,-60.0,-0.30000000000000104,645257.9091640739,rowcol,0.47878074401828064,0.04869167853085477,0.11432660352818239,0.22750618750995336,0.22772632309577193,0.2852877429324634,0.0774610830534071,0.16383076799403942,0.3704859980945005
True,60.0,-0.30000000000000104,645257.9091640739,rowcol,0.47878074401828064,0.04869167853085477,0.11432660352818239,0.22750618750995336,0.22772632309577193,0.2852877429324634,0.0774610830534071,0.16383076799403942,0.3704859980945005
False,-75.0,-0.30000000000000104,645257.9091640739,rowcol,0.46439329757516057,0.04764502506972284,0.11418968750535757,0.2281399733310717,0.20263622524200747,0.2878633146211595,0.08905865590332951,0.16164994168707875,0.3707090358471444
False,45.0,-0.30000000000000104,645257.9091640739,rowcol,0.46439329757516057,0.04764502506972284,0.11418968750535757,0.2281399733310717,0.20263622524200747,0.2878633146211595,0.08905865590332951,0.16164994168707875,0.3707090358471444
False,-15.0,0.29999999999999893,645257.9091640739,rowcol,0.46439329757513487,0.04764502506968497,0.11418968750757492,0.22813997333274824,0.20263622524578112,0.2878633146238748,0.08905865590512572,0.16164994168736824,0.370709035855473
False,-65.0,0.44999999999999896,645257.9091640739,rowcol,0.49251613008106065,0.049697903514146706,0.1101841766469082,0.2405052521660948,0.20673846140850322,0.2944940565564241,0.08101100326250597,0.1831711176777353,0.3710577821068194
False,55.0,0.44999999999999896,645257.9091640739,rowcol,0.49251613008106065,0.0496979035141467,0.1101841766469082,0.2405052521660948,0.20673846140850322,0.2944940565564241,0.08101100326250597,0.18317111767773533,0.3710577821068194
False,-5.0,-0.45000000000000107,645257.9091640739,rowcol,0.4925161300780763,0.04969790351397653,0.11018417664719661,0.2405052521714324,0.2067384614048972,0.29449405656752353,0.08101100326464715,0.18317111767562982,0.3710577821130222
False,15.0,-0.30000000000000104,645257.9091640739,rowcol,0.4643932976175167,0.04764502465687998,0.11428889258454852,0.22992059835997491,0.20300966880495902,0.2883373795755728,0.0890540811088548,0.1655371731644121,0.3727872761136205
False,-45.0,0.29999999999999893,645257.9091640739,rowcol,0.464393297617491,0.047645024656842117,0.11428889258680593,0.22992059836235487,0.20300966880884078,0.28833737957843336,0.089054081110667,0.16553717316630728,0.3727872761227726
False,75.0,0.29999999999999893,645257.9091640739,rowcol,0.46439329761749104,0.047645024656842117,0.11428889258680593,0.22992059836235487,0.20300966880884078,0.2883373795784334,0.089054081110667,0.16553717316630728,0.3727872761227726
True,0.0,-0.30000000000000104,645257.9091640739,rowcol,0.4787807444415728,0.04869167436866112,0.1143479706489083,0.2301120419823096,0.22772632696908982,0.2852941970604267,0.07749836010087097,0.17039007790104935,0.37315595392903445
True,-5.0,0.749999999999999,645257.9091640739,rowcol,0.477995501753845,0.04926582495717809,0.11159608135366274,0.24065292111484002,0.07833152207615726,0.28026236517306446,0.11664174207068505,0.20139899072023298,0.37544116517582826
True,10.0,0.899999999999999,645257.9091640739,rowcol,0.530840435377119,0.05274655195144036,0.10881526500180394,0.24999391791609246,0.06246896776868294,0.27833558103598766,0.11527255045618251,0.22339248803276357,0.3764397129215043
False,-60.0,-0.45000000000000107,645257.9091640739,rowcol,0.48316095448071555,0.04919098987505955,0.11314025394996434,0.2374176078371707,0.20615438381421533,0.2959250114935502,0.08594905099887017,0.1735640242915971,0.37683836968706375
False,60.0,-0.45000000000000107,645257.9091640739,rowcol,0.48316095448071555,0.04919098987505955,0.11314025394996434,0.2374176078371707,0.20615438381421533,0.2959250114935502,0.08594905099887017,0.17356402429159712,0.37683836968706375
False,0.0,0.44999999999999896,645257.9091640739,rowcol,0.48316095448446494,0.049190989875329605,0.11314025395184216,0.23741760783416493,0.20615438382432563,0.29592501148500366,0.08594905099737228,0.1735640242962825,0.3768383696896914
True,-65.0,-0.30000000000000104,645257.9091640739,rowcol,0.47237185720410946,0.04832711378100871,0.11644135012662034,0.22774921689142616,0.2277262426149854,0.2861039366495634,0.08109991778403713,0.16325440045809034,0.3770732672712872
True,55.0,-0.30000000000000104,645257.9091640739,rowcol,0.47237185720410946,0.04832711378100871,0.11644135012662034,0.22774921689142616,0.22772624261498542,0.2861039366495634,0.08109991778403713,0.16325440045809034,0.3770732672712872
True,-25.0,0.44999999999999896,645257.9091640739,rowcol,0.45658681111075133,0.04675490921455277,0.11584754393899911,0.23091676678953021,0.11762466255103535,0.2805542864215461,0.1155206674285927,0.1788054303711641,0.37845939860652755
True,-35.0,0.44999999999999896,645257.9091640739,rowcol,0.456586811091635,0.04675490940123438,0.11583429702850633,0.23131032570555987,0.11762472679413219,0.2804258692955491,0.11550494947860705,0.17990794138678537,0.3788132167910788
True,85.0,0.44999999999999896,645257.9091640739,rowcol,0.456586811091635,0.04675490940123438,0.11583429702850633,0.23131032570555984,0.11762472679413218,0.2804258692955491,0.11550494947860705,0.17990794138678537,0.3788132167910788
True,5.0,-0.30000000000000104,645257.9091640739,rowcol,0.47237185754747774,0.04832711042476612,0.11645448916930039,0.23022625543157335,0.2277262489786313,0.2860809434620096,0.08112221608462157,0.16956274431919172,0.37958972293947446
True,65.0,0.749999999999999,645257.9091640739,rowcol,0.47799550256730505,0.04926581706468229,0.11163035123403182,0.24647494707436232,0.07833156832729347,0.28020368028756676,0.11668049981447391,0.2140336222460094,0.38136600077645777
True,-55.0,0.749999999999999,645257.9091640739,rowcol,0.47799550256730505,0.049265817064682284,0.11163035123403184,0.24647494707436232,0.07833156832729349,0.28020368028756676,0.11668049981447394,0.2140336222460094,0.3813660007764578
True,15.0,0.899999999999999,645257.9091640739,rowcol,0.5436625116083279,0.05409327498849871,0.10960523211033218,0.2530946905386159,0.062433912035855896,0.2862043436349534,0.11615745902217416,0.22145024406653632,0.38191038686961243
False,0.0,-0.45000000000000107,645257.9091640739,rowcol,0.4831609551098978,0.04919098369514124,0.11342512501029965,0.24172948306975803,0.20694885921599676,0.2969900003578632,0.0860448835339157,0.1827483383380421,0.382004858100657
False,60.0,0.44999999999999896,645257.9091640739,rowcol,0.48316095511364715,0.049190983695411285,0.11342512501217271,0.24172948306679842,0.20694885922606823,0.296990000349334,0.08604488353241947,0.182748338342492,0.3820048581033165
False,-60.0,0.44999999999999896,645257.9091640739,rowcol,0.48316095511364715,0.049190983695411285,0.11342512501217271,0.24172948306679848,0.20694885922606823,0.296990000349334,0.08604488353241947,0.18274833834249202,0.38200485810331664
True,50.0,0.899999999999999,645257.9091640739,rowcol,0.5308404359380465,0.05274654630627471,0.10880457850162938,0.2556375902470638,0.062469123894977434,0.2780649287728217,0.11526060832915667,0.23512620226644795,0.3820513257519519
True,-70.0,0.899999999999999,645257.9091640739,rowcol,0.5308404359380465,0.052746546306274705,0.10880457850162938,0.25563759024706384,0.062469123894977434,0.2780649287728217,0.11526060832915667,0.235126202266448,0.382051325751952
True,-15.0,0.599999999999999,645257.9091640739,rowcol,0.45735197751122286,0.04729299989693844,0.11633114320204292,0.23429455503774407,0.09720334136698806,0.28541252135487816,0.11948825066762049,0.18042145478210062,0.3832879846438728
True,-30.0,0.44999999999999896,645257.9091640739,rowcol,0.4560007578979307,0.04665120551061518,0.1174329349419741,0.23110401886872778,0.11762840139338222,0.2783100122166992,0.11739727051336205,0.18216876952441105,0.38340282369465006
True,90.0,0.44999999999999896,645257.9091640739,rowcol,0.4560007578979307,0.04665120551061518,0.1174329349419741,0.23110401886872778,0.11762840139338222,0.2783100122166992,0.11739727051336205,0.18216876952441105,0.38340282369465006
True,-70.0,-0.30000000000000104,645257.9091640739,rowcol,0.4664682997017374,0.04788028890618055,0.11906402294016631,0.22828956901983838,0.22773098977447948,0.28787250415557886,0.08548123271441783,0.16202455601182977,0.3854816378403373
True,50.0,-0.30000000000000104,645257.9091640739,rowcol,0.4664682997017373,0.04788028890618055,0.11906402294016631,0.22828956901983838,0.22773098977447948,0.28787250415557886,0.08548123271441785,0.1620245560118298,0.3854816378403373
True,-75.0,0.899999999999999,645257.9091640739,rowcol,0.5436625117405465,0.054093273659640645,0.10955728739861202,0.256967294068826,0.06243418957402047,0.2857904577878049,0.11610394463273409,0.2299472858472463,0.38563915626466205
True,45.0,0.899999999999999,645257.9091640739,rowcol,0.5436625117405465,0.054093273659640645,0.10955728739861202,0.25696729406882607,0.06243418957402048,0.2857904577878049,0.11610394463273409,0.2299472858472463,0.38563915626466216
False,25.0,0.749999999999999,645257.9091640739,rowcol,0.543818466046633,0.055421875597935745,0.10103447373726962,0.2828371694816869,0.08828586274515095,0.3613343989598197,0.10318869803114443,0.19357596888690812,0.38594059069349573
False,-35.0,-0.7500000000000011,645257.9091640739,rowcol,0.5438184660516086,0.05542187559811962,0.10103447375392093,0.28283716947923404,0.08828586276518699,0.3613343989472889,0.10318869804729523,0.19357596889998105,0.38594059074099685
False,85.0,-0.7500000000000011,645257.9091640739,rowcol,0.5438184660516086,0.05542187559811962,0.10103447375392094,0.28283716947923404,0.088285862765187,0.3613343989472889,0.10318869804729523,0.19357596889998108,0.38594059074099685
True,-45.0,0.599999999999999,645257.9091640739,rowcol,0.4573519775925484,0.047292999110471315,0.11630103040767131,0.2370881537919012,0.09720346020941326,0.28513589796942373,0.11945357145021782,0.1873738158909608,0.38599124501491516
True,75.0,0.599999999999999,645257.9091640739,rowcol,0.4573519775925484,0.047292999110471315,0.11630103040767131,0.23708815379190126,0.09720346020941326,0.28513589796942373,0.11945357145021782,0.1873738158909608,0.38599124501491516
False,-65.0,-0.45000000000000107,645257.9091640739,rowcol,0.47360969703175815,0.048673338193536836,0.11612178108138047,0.23819004938289687,0.2052488078319112,0.29792661051079206,0.09090267461579513,0.17263014533421422,0.38655539262703825
False,55.0,-0.45000000000000107,645257.9091640739,rowcol,0.4736096970317582,0.04867333819353684,0.11612178108138047,0.2381900493828969,0.2052488078319112,0.29792661051079206,0.09090267461579513,0.17263014533421422,0.3865553926270383
False,-5.0,0.44999999999999896,645257.9091640739,rowcol,0.4736096970351227,0.04867333819377276,0.1161217810851884,0.23819004938278543,0.20524880784645802,0.2979266105075967,0.09090267461555923,0.17263014533856869,0.3865553926383506
False,35.0,0.749999999999999,645257.9091640739,rowcol,0.5438184660139549,0.05542187591858433,0.10110519758482034,0.2836501604958915,0.08893174134505509,0.3616514916493854,0.10316949918780885,0.19526065139524393,0.3869657532503525
False,-85.0,0.749999999999999,645257.9091640739,rowcol,0.5438184660139549,0.05542187591858433,0.10110519758482034,0.28365016049589153,0.08893174134505509,0.3616514916493855,0.10316949918780885,0.19526065139524398,0.38696575325035254
False,-25.0,-0.7500000000000011,645257.9091640739,rowcol,0.5438184660189304,0.05542187591876818,0.10110519760152076,0.2836501604941163,0.08893174136522804,0.3616514916370075,0.10316949920398871,0.19526065140977683,0.38696575329867855
True,5.0,0.899999999999999,645257.9091640739,rowcol,0.514696644071043,0.05149478414255753,0.11277443219116681,0.2491054143747745,0.06248951356142582,0.2776885867594672,0.11968508082156697,0.22223941013796822,0.3874287109482749
True,10.0,-0.30000000000000104,645257.9091640739,rowcol,0.46646829988103244,0.04788028715941861,0.11906076700891498,0.23036350946741027,0.22773100405018307,0.287785304749452,0.08547586395785084,0.16746747869447634,0.38754581049415515
False,-80.0,-0.30000000000000104,645257.9091640739,rowcol,0.46004294361652187,0.046979422072296544,0.1215803961643254,0.22414084852657531,0.21521533244799218,0.2792800650079068,0.09504462765407684,0.1639961465805939,0.3888820370195515
False,40.0,-0.30000000000000104,645257.9091640739,rowcol,0.46004294361652187,0.046979422072296544,0.12158039616432542,0.22414084852657531,0.21521533244799218,0.27928006500790675,0.09504462765407684,0.16399614658059386,0.38888203701955154
False,-20.0,0.29999999999999893,645257.9091640739,rowcol,0.46004294361532977,0.046979422072215685,0.12158039616547059,0.22414084852847613,0.21521533244572652,0.27928006501174546,0.09504462765674394,0.16399614657987888,0.3888820370248879
False,-90.0,0.749999999999999,645257.9091640739,rowcol,0.5459589403684247,0.05586506412038976,0.09853783506369798,0.29067196672922974,0.06448319310673802,0.37612371048879334,0.10354538728675308,0.1912369602979074,0.38920980179292775
False,30.0,0.749999999999999,645257.9091640739,rowcol,0.5459589403684247,0.05586506412038976,0.09853783506369798,0.29067196672922974,0.06448319310673802,0.37612371048879334,0.10354538728675308,0.19123696029790743,0.38920980179292775
False,-30.0,-0.7500000000000011,645257.9091640739,rowcol,0.5459589403739024,0.05586506412051997,0.09853783508147544,0.2906719667248717,0.06448319312414673,0.37612371047269444,0.10354538730477839,0.19123696031234128,0.3892098018063472
False,90.0,-0.7500000000000011,645257.9091640739,rowcol,0.5459589403739022,0.05586506412051997,0.09853783508147544,0.2906719667248717,0.06448319312414671,0.37612371047269444,0.10354538730477839,0.19123696031234128,0.3892098018063472
False,20.0,-0.30000000000000104,645257.9091640739,rowcol,0.46004294360356285,0.046979422199197186,0.12163457872270324,0.2251720803990819,0.21544342229442284,0.27960966604216914,0.09503239603475491,0.16611090169173723,0.3900758165671916
False,-40.0,0.29999999999999893,645257.9091640739,rowcol,0.4600429436023707,0.046979422199116334,0.12163457872388257,0.22517208040158082,0.2154434222922459,0.2796096660461351,0.09503239603743911,0.166110901692359,0.39007581657322854
False,80.0,0.29999999999999893,645257.9091640739,rowcol,0.4600429436023707,0.04697942219911633,0.12163457872388257,0.22517208040158082,0.2154434222922459,0.27960966604613513,0.09503239603743911,0.166110901692359,0.39007581657322854
False,5.0,-0.45000000000000107,645257.9091640739,rowcol,0.4736096975384277,0.048673333263454174,0.11638096172371125,0.24230561795395966,0.20602591168535786,0.29893594556014436,0.09097408300456611,0.1814803200918277,0.3914485031250934
False,-55.0,0.44999999999999896,645257.9091640739,rowcol,0.47360969754179216,0.04867333326369009,0.11638096172754092,0.2423056179543907,0.20602591169994675,0.29893594555705955,0.09097408300433603,0.18148032009716075,0.39144850313701346
False,65.0,0.44999999999999896,645257.9091640739,rowcol,0.47360969754179216,0.04867333326369009,0.11638096172754092,0.2423056179543907,0.20602591169994675,0.29893594555705955,0.09097408300433601,0.18148032009716075,0.39144850313701346
True,-30.0,-0.45000000000000107,645257.9091640739,rowcol,0.5095288364826633,0.05142172286924979,0.12014266657373773,0.23141248853600682,0.2503308636394757,0.2898085540574019,0.07511809128384782,0.16719547064336013,0.39184048825722
True,90.0,-0.45000000000000107,645257.9091640739,rowcol,0.5095288364826633,0.05142172286924979,0.12014266657373773,0.23141248853600682,0.2503308636394757,0.2898085540574019,0.07511809128384783,0.16719547064336013,0.39184048825722
True,-35.0,-0.45000000000000107,645257.9091640739,rowcol,0.5089207157268465,0.05133059702922876,0.1203457451922199,0.2314966565968302,0.2503351238894051,0.28869444477932504,0.07549886776381155,0.16902096070044528,0.3925338921734899
True,85.0,-0.45000000000000107,645257.9091640739,rowcol,0.5089207157268465,0.05133059702922876,0.12034574519221992,0.2314966565968302,0.2503351238894051,0.28869444477932504,0.07549886776381155,0.16902096070044528,0.39253389217349
True,-25.0,-0.45000000000000107,645257.9091640739,rowcol,0.5089207157068453,0.05133059722753145,0.120332993422981,0.23188923393558494,0.2503351540752379,0.2885696501489791,0.07547481547756303,0.17018687617025613,0.3928882142045279
True,-40.0,-0.45000000000000107,645257.9091640739,rowcol,0.5067195056558544,0.051015473794369534,0.1207647442597487,0.23147622777023205,0.25034715191166446,0.28574769411276424,0.07627857559912711,0.1731307244992331,0.3937704605494781
True,80.0,-0.45000000000000107,645257.9091640739,rowcol,0.5067195056558544,0.051015473794369534,0.1207647442597487,0.23147622777023205,0.25034715191166446,0.28574769411276424,0.0762785755991271,0.1731307244992331,0.3937704605494781
False,20.0,0.749999999999999,645257.9091640739,rowcol,0.5375618614496184,0.05427501590208628,0.10873313935144986,0.2679039361973839,0.14046214450987612,0.33152581110069024,0.10189047866767023,0.19924817042449042,0.3941033542517335
False,-40.0,-0.7500000000000011,645257.9091640739,rowcol,0.5375618614530701,0.05427501590235808,0.1087331393652268,0.26790393620019654,0.14046214453171105,0.33152581109830315,0.1018904786795656,0.1992481704347931,0.39410335429587695
False,80.0,-0.7500000000000011,645257.9091640739,rowcol,0.5375618614530701,0.05427501590235808,0.10873313936522681,0.2679039362001966,0.14046214453171108,0.33152581109830315,0.1018904786795656,0.19924817043479312,0.39410335429587706
True,-65.0,0.899999999999999,645257.9091640739,rowcol,0.5146966451200409,0.05149477365769425,0.11281512775372672,0.2558451324919374,0.06248958313318149,0.2776175105314479,0.11973040920519738,0.2359848486038534,0.3942905157531176
True,55.0,0.899999999999999,645257.9091640739,rowcol,0.5146966451200409,0.051494773657694254,0.11281512775372673,0.2558451324919374,0.06248958313318148,0.2776175105314479,0.11973040920519738,0.23598484860385335,0.3942905157531176
False,10.0,0.599999999999999,645257.9091640739,rowcol,0.5081290160551521,0.05088851031907359,0.11624993396888735,0.2455473259966224,0.21172106837944585,0.29912024187132374,0.08835485950309968,0.18908700457494665,0.3942971279032844
False,-50.0,-0.6000000000000011,645257.9091640739,rowcol,0.508129016053414,0.05088851031909033,0.11624993397314748,0.2455473260045061,0.2117210683859804,0.2991202418855806,0.08835485950687225,0.1890870045748271,0.3942971279239485
False,70.0,-0.6000000000000011,645257.9091640739,rowcol,0.508129016053414,0.05088851031909033,0.11624993397314748,0.2455473260045061,0.2117210683859804,0.2991202418855806,0.08835485950687225,0.1890870045748271,0.3942971279239485
True,-20.0,-0.45000000000000107,645257.9091640739,rowcol,0.5067195056357755,0.051015473993807126,0.12074211003390414,0.2325927223685574,0.25034719422923907,0.2855412773190273,0.07623617592096919,0.17614565867894189,0.3948190524702698
True,-45.0,-0.45000000000000107,645257.9091640739,rowcol,0.5022826174734348,0.050452527839441125,0.12149036934435191,0.23129447877939086,0.25036366950462857,0.28348894018663423,0.07761921183173874,0.17578600879437423,0.39576558681244656
True,75.0,-0.45000000000000107,645257.9091640739,rowcol,0.5022826174734348,0.050452527839441125,0.12149036934435191,0.23129447877939088,0.25036366950462857,0.28348894018663423,0.07761921183173875,0.17578600879437423,0.39576558681244656
True,-75.0,-0.30000000000000104,645257.9091640739,rowcol,0.461760440281131,0.047393966915220465,0.12237056536970498,0.2292716729529004,0.227740807521133,0.2899072745080492,0.09082981506007831,0.16152565914965603,0.3963833690620153
True,45.0,-0.30000000000000104,645257.9091640739,rowcol,0.461760440281131,0.047393966915220465,0.12237056536970498,0.2292716729529004,0.227740807521133,0.2899072745080492,0.09082981506007831,0.16152565914965603,0.3963833690620153
False,-80.0,0.749999999999999,645257.9091640739,rowcol,0.5375618614165457,0.05427501622965053,0.10888452872248319,0.2700441584062794,0.14133359920201694,0.332196451338986,0.10186195188870849,0.20358063939422408,0.39669774457372897
False,40.0,0.749999999999999,645257.9091640739,rowcol,0.5375618614165457,0.05427501622965053,0.10888452872248318,0.27004415840627943,0.1413335992020169,0.33219645133898607,0.10186195188870849,0.20358063939422402,0.39669774457372897
False,-20.0,-0.7500000000000011,645257.9091640739,rowcol,0.5375618614199975,0.05427501622992233,0.1088845287363378,0.27004415841032603,0.1413335992240461,0.3321964513368656,0.10186195190064633,0.20358063940701573,0.39669774461933943
True,15.0,-0.30000000000000104,645257.9091640739,rowcol,0.46176044032372865,0.04739396650019067,0.12235625310838179,0.23070311268046104,0.22774083288305078,0.2897711412391422,0.09080700499341786,0.16543596854695045,0.3977718720056064
True,-15.0,-0.45000000000000107,645257.9091640739,rowcol,0.5022826175401852,0.0504525271749048,0.12146874488118509,0.23341973318945,0.25036370410995024,0.2832800891902778,0.07757916833722488,0.18115876026008407,0.3978259678330052
True,20.0,0.899999999999999,645257.9091640739,rowcol,0.5521385555843463,0.05518296969129087,0.11377175851042386,0.25736275079007465,0.062403426366422675,0.2996097542196107,0.12080398576616735,0.21551508059000568,0.3986780263213462
True,-10.0,0.749999999999999,645257.9091640739,rowcol,0.46335943218554704,0.04814468567051403,0.11957766913178704,0.24042880722072482,0.07834774241981288,0.28315412276728386,0.1256435226676004,0.19746612235990668,0.3991618146160859
False,-70.0,0.599999999999999,645257.9091640739,rowcol,0.5081290164304489,0.05088850657168067,0.11652979680766089,0.2500901643970168,0.21262589977376511,0.3002635729905378,0.08839465047821639,0.19829963171767584,0.3996795548199995
False,50.0,0.599999999999999,645257.9091640739,rowcol,0.5081290164304489,0.050888506571680675,0.11652979680766089,0.2500901643970168,0.21262589977376511,0.3002635729905378,0.08839465047821639,0.19829963171767587,0.3996795548199995
False,-10.0,-0.6000000000000011,645257.9091640739,rowcol,0.5081290164287109,0.05088850657169741,0.11652979681198117,0.2500901644059506,0.21262589978047758,0.3002635730050011,0.08839465048200673,0.19829963172000054,0.3996795548418941
True,-80.0,0.899999999999999,645257.9091640739,rowcol,0.5521385555448146,0.055182970086829486,0.11372370193520044,0.25936817012646585,0.06240376590086752,0.2992159045705292,0.12075044435042764,0.2203470962702665,0.4005392759320672
True,40.0,0.899999999999999,645257.9091640739,rowcol,0.5521385555448146,0.055182970086829486,0.11372370193520044,0.25936817012646585,0.06240376590086755,0.2992159045705292,0.12075044435042766,0.2203470962702665,0.4005392759320672
True,-50.0,-0.45000000000000107,645257.9091640739,rowcol,0.4955041733614466,0.04975632725491121,0.12310135764372843,0.23156432888121933,0.2503783828359329,0.2841595444221799,0.08055592816254974,0.1755292788133785,0.40086840181240463
True,70.0,-0.45000000000000107,645257.9091640739,rowcol,0.4955041733614466,0.04975632725491121,0.12310135764372845,0.23156432888121933,0.2503783828359329,0.2841595444221799,0.08055592816254974,0.17552927881337846,0.4008684018124047
False,-70.0,-0.45000000000000107,645257.9091640739,rowcol,0.4642226471316218,0.04795777424663403,0.1210575099170118,0.23801142045667328,0.2076355300309947,0.299082189809172,0.09730215410405244,0.1704827710836157,0.4011839502077087
False,50.0,-0.45000000000000107,645257.9091640739,rowcol,0.4642226471316218,0.047957774246634034,0.1210575099170118,0.23801142045667328,0.2076355300309947,0.299082189809172,0.09730215410405245,0.17048277108361573,0.4011839502077087
False,-10.0,0.44999999999999896,645257.9091640739,rowcol,0.46422264713358313,0.047957774246734294,0.12105750992174945,0.23801142045915982,0.20763553004513108,0.29908218981142826,0.09730215410552252,0.17048277108667773,0.4011839502244081
False,-85.0,-0.30000000000000104,645257.9091640739,rowcol,0.4573589771712616,0.04646833328593199,0.12794903756318665,0.21983199414631602,0.2282258144294845,0.26856660363297113,0.09930095646846565,0.16825262305062202,0.403679106835876
False,35.0,-0.30000000000000104,645257.9091640739,rowcol,0.4573589771712616,0.04646833328593199,0.12794903756318668,0.21983199414631602,0.2282258144294845,0.26856660363297113,0.09930095646846565,0.16825262305062202,0.40367910683587604
False,-25.0,0.29999999999999893,645257.9091640739,rowcol,0.4573589771692901,0.046468333285853515,0.12794903756331663,0.21983199414803137,0.2282258144222522,0.2685666036369017,0.09930095647169353,0.16825262304947178,0.40367910683798125
True,-10.0,-0.45000000000000107,645257.9091640739,rowcol,0.49550417364418053,0.049756324439271464,0.12309663435328261,0.23462492406349336,0.25037840231257485,0.28402702540002506,0.08054738328673515,0.18303170438863486,0.4039148271233412
True,70.0,0.749999999999999,645257.9091640739,rowcol,0.4633594326051909,0.04814468163173019,0.11956956363487826,0.2453244208074689,0.07834784615662609,0.2829324383883653,0.12563439054643452,0.20850993038451343,0.40403311171210365
True,-50.0,0.749999999999999,645257.9091640739,rowcol,0.4633594326051909,0.04814468163173019,0.11956956363487829,0.2453244208074689,0.07834784615662609,0.2829324383883653,0.12563439054643452,0.20850993038451343,0.40403311171210377
False,25.0,-0.30000000000000104,645257.9091640739,rowcol,0.45735897715818646,0.04646833341462275,0.12797138219195053,0.22025108949471559,0.22832609749041996,0.26873816135826806,0.09929297674207745,0.1690294942823266,0.40416523607056715
False,-35.0,0.29999999999999893,645257.9091640739,rowcol,0.45735897715621493,0.04646833341454429,0.1279713821920997,0.22025108949677422,0.22832609748323487,0.26873816136227424,0.09929297674531641,0.16902949428190833,0.40416523607307325
False,85.0,0.29999999999999893,645257.9091640739,rowcol,0.45735897715621493,0.04646833341454429,0.1279713821920997,0.22025108949677424,0.22832609748323485,0.26873816136227424,0.09929297674531642,0.16902949428190833,0.4041652360730733
True,0.0,0.899999999999999,645257.9091640739,rowcol,0.496581427498788,0.050452245918905854,0.11854877571246843,0.2492758989369561,0.062491578062360005,0.27903404702096585,0.12610982525863754,0.22117150781290718,0.40492222607436135
False,10.0,-0.45000000000000107,645257.9091640739,rowcol,0.46422264739555685,0.04795777169178941,0.12125914541713567,0.2415400962240213,0.2083278310149751,0.2999528460456311,0.09732925451238313,0.17816016136183074,0.4053175324754283
False,-50.0,0.44999999999999896,645257.9091640739,rowcol,0.46422264739751823,0.04795777169188966,0.12125914542191615,0.24154009622739117,0.20832783102922192,0.2999528460480643,0.09732925451386605,0.1781601613667965,0.4053175324931396
False,70.0,0.44999999999999896,645257.9091640739,rowcol,0.46422264739751823,0.04795777169188966,0.12125914542191615,0.24154009622739117,0.20832783102922192,0.2999528460480643,0.09732925451386605,0.1781601613667965,0.4053175324931396
True,-80.0,-0.30000000000000104,645257.9091640739,rowcol,0.4587195607209604,0.04699765690044513,0.12571041546716738,0.2304386149934551,0.22775193595974932,0.29032846161378384,0.09606618660446802,0.1639287024417634,0.40756986139495727
True,40.0,-0.30000000000000104,645257.9091640739,rowcol,0.4587195607209604,0.04699765690044513,0.12571041546716738,0.2304386149934551,0.22775193595974932,0.29032846161378384,0.09606618660446802,0.1639287024417634,0.40756986139495727
True,20.0,-0.30000000000000104,645257.9091640739,rowcol,0.45871956070796394,0.04699765702729653,0.12569592017816295,0.23118688309335536,0.22775196697034406,0.29019303896630805,0.09604374610170567,0.16605616047167865,0.4082746436278442
True,-55.0,-0.45000000000000107,645257.9091640739,rowcol,0.4869621091802498,0.04910736028510794,0.12559250800965593,0.2320578315414351,0.2503853054716219,0.28615036710492076,0.08497698085220758,0.17400257534866734,0.4088353555704029
True,65.0,-0.45000000000000107,645257.9091640739,rowcol,0.48696210918024974,0.04910736028510794,0.12559250800965593,0.2320578315414351,0.2503853054716219,0.28615036710492076,0.08497698085220759,0.17400257534866734,0.4088353555704029
False,-90.0,-0.30000000000000104,645257.9091640739,rowcol,0.45646675797337644,0.04627757092317084,0.1304890229753673,0.21809268281265654,0.23388857822545875,0.26369927194621423,0.10079566918643416,0.17054457036940854,0.4095597517387584
False,30.0,-0.30000000000000104,645257.9091640739,rowcol,0.45646675797337644,0.04627757092317084,0.1304890229753673,0.21809268281265654,0.23388857822545875,0.26369927194621423,0.10079566918643416,0.17054457036940854,0.4095597517387584
False,-30.0,0.29999999999999893,645257.9091640739,rowcol,0.4564667579711363,0.046277570923100864,0.1304890229750972,0.21809268281435015,0.23388857821637027,0.2636992719500794,0.1007956691898649,0.17054457036836965,0.40955975173964176
False,90.0,0.29999999999999893,645257.9091640739,rowcol,0.4564667579711363,0.046277570923100864,0.13048902297509724,0.21809268281435015,0.23388857821637027,0.2636992719500794,0.10079566918986493,0.17054457036836965,0.4095597517396418
True,25.0,0.899999999999999,645257.9091640739,rowcol,0.5563984524811624,0.05578670754963849,0.11706566280020651,0.25940532077220835,0.062388432507824956,0.3088236442329951,0.12447046695759346,0.20898650504439253,0.4106023091728279
True,-85.0,0.899999999999999,645257.9091640739,rowcol,0.5563984524419662,0.055786707940568635,0.11703944307903673,0.2601056540142909,0.062388674750166496,0.30859028552215556,0.12444128979961816,0.21087042665955227,0.4112239832514011
True,35.0,0.899999999999999,645257.9091640739,rowcol,0.5563984524419662,0.055786707940568635,0.11703944307903673,0.2601056540142909,0.062388674750166496,0.30859028552215556,0.12444128979961816,0.21087042665955222,0.4112239832514011
True,60.0,0.899999999999999,645257.9091640739,rowcol,0.49658142872314415,0.05045223386805217,0.11861058373781537,0.2563511913775514,0.062491620406761324,0.2790538428752798,0.12617851369514702,0.23557081777049876,0.4121829425909975
True,-60.0,0.899999999999999,645257.9091640739,rowcol,0.49658142872314415,0.05045223386805217,0.1186105837378154,0.25635119137755147,0.06249162040676133,0.2790538428752798,0.12617851369514704,0.23557081777049876,0.41218294259099764
True,-20.0,0.599999999999999,645257.9091640739,rowcol,0.4513544765611718,0.04648590132063067,0.1255317438912621,0.23580562844253802,0.09722689491160175,0.28556601175770724,0.13002889246458874,0.18380956172346097,0.4124008601163243
True,-5.0,-0.45000000000000107,645257.9091640739,rowcol,0.48696210971408954,0.04910735499140503,0.12561078074156498,0.23569568869126745,0.25038531415325654,0.286115882227567,0.08500890154974955,0.18282822049401526,0.41252803091596235
True,-90.0,0.899999999999999,645257.9091640739,rowcol,0.557586478179336,0.05595724526922959,0.11803283196513221,0.25951942715546344,0.06238498213055351,0.3110697191187118,0.12554601608568677,0.20643022259466404,0.4136179230508601
True,30.0,0.899999999999999,645257.9091640739,rowcol,0.557586478179336,0.05595724526922959,0.11803283196513221,0.25951942715546344,0.06238498213055351,0.3110697191187118,0.12554601608568677,0.20643022259466404,0.4136179230508601
True,-40.0,0.599999999999999,645257.9091640739,rowcol,0.45135447653621036,0.046485901562993724,0.12550271038681976,0.23726595442255097,0.09722704019482152,0.28529058090684073,0.12999573375529483,0.18759001004560272,0.41377408558301026
True,80.0,0.599999999999999,645257.9091640739,rowcol,0.45135447653621036,0.046485901562993724,0.12550271038681976,0.23726595442255097,0.09722704019482152,0.28529058090684073,0.12999573375529483,0.18759001004560272,0.41377408558301026
True,-85.0,-0.30000000000000104,645257.9091640739,rowcol,0.45724432464018333,0.04677148231546553,0.12807208940667103,0.2311742782146519,0.2277599618564994,0.28868180966429335,0.09968272835428908,0.16822493087914506,0.41539054643466494
True,35.0,-0.30000000000000104,645257.9091640739,rowcol,0.45724432464018333,0.04677148231546553,0.12807208940667106,0.2311742782146519,0.2277599618564994,0.28868180966429335,0.09968272835428908,0.16822493087914503,0.41539054643466505
True,25.0,-0.30000000000000104,645257.9091640739,rowcol,0.45724432462710485,0.04677148244332219,0.1280641012853046,0.23143643354265117,0.2277599839750323,0.28859861559754113,0.0996705849183395,0.16900675897232786,0.41562873739856493
False,5.0,0.599999999999999,645257.9091640739,rowcol,0.4964524810329681,0.05000789630039515,0.12284204188842278,0.24738757323841062,0.22232613695986553,0.3035736539726231,0.09397312080198442,0.18752771656217493,0.4159136989036789
False,-55.0,-0.6000000000000011,645257.9091640739,rowcol,0.4964524810290759,0.05000789630017975,0.122842041889587,0.2473875732455471,0.2223261369575139,0.3035736539881784,0.09397312080479778,0.18752771655832975,0.41591369891430807
False,65.0,-0.6000000000000011,645257.9091640739,rowcol,0.4964524810290759,0.05000789630017976,0.122842041889587,0.2473875732455471,0.2223261369575139,0.3035736539881784,0.09397312080479775,0.18752771655832975,0.41591369891430807
True,-60.0,-0.45000000000000107,645257.9091640739,rowcol,0.47747074919637106,0.04856603073826431,0.12831315323653034,0.232389470782366,0.25038510611883885,0.2873367469093842,0.08965382567739613,0.17317123004506807,0.41732893049195696
True,60.0,-0.45000000000000107,645257.9091640739,rowcol,0.47747074919637106,0.04856603073826431,0.12831315323653034,0.232389470782366,0.25038510611883885,0.2873367469093842,0.08965382567739615,0.17317123004506807,0.41732893049195696
True,-90.0,-0.30000000000000104,645257.9091640739,rowcol,0.4568440247853727,0.04670355820695162,0.1288918887377448,0.23139645227050287,0.22776276611036847,0.2874577993180902,0.10092309451060671,0.170534144966487,0.41807211848373727
True,30.0,-0.30000000000000104,645257.9091640739,rowcol,0.4568440247853727,0.04670355820695162,0.1288918887377448,0.23139645227050287,0.22776276611036847,0.2874577993180902,0.10092309451060671,0.17053414496648697,0.41807211848373727
False,15.0,0.749999999999999,645257.9091640739,rowcol,0.5276894897569557,0.052821472022983186,0.11992507156039828,0.25883721697886386,0.19329884698255578,0.3118516860725222,0.10095948728972867,0.20384494531344605,0.4186124316600587
False,-45.0,-0.7500000000000011,645257.9091640739,rowcol,0.5276894897579371,0.052821472023232965,0.11992507157061719,0.25883721698743284,0.19329884700169034,0.31185168608339636,0.10095948729740196,0.20384494531948685,0.4186124316992844
False,75.0,-0.7500000000000011,645257.9091640739,rowcol,0.5276894897579371,0.052821472023232965,0.11992507157061719,0.25883721698743284,0.19329884700169037,0.31185168608339636,0.10095948729740196,0.20384494531948685,0.4186124316992844
True,0.0,-0.45000000000000107,645257.9091640739,rowcol,0.4774707498330515,0.048566024478821336,0.12834170978038043,0.23620668046318963,0.2503851114030376,0.28734635901251454,0.08970213545044002,0.1824189191770833,0.4212318098043309
False,55.0,0.599999999999999,645257.9091640739,rowcol,0.4964524817400984,0.05000788928037102,0.12316864227889304,0.25265161239121714,0.22328244161744176,0.3048778557007955,0.09406521363879186,0.1983562019908378,0.42215753922789623
False,-65.0,0.599999999999999,645257.9091640739,rowcol,0.4964524817400984,0.05000788928037102,0.12316864227889304,0.2526516123912172,0.22328244161744176,0.3048778557007955,0.09406521363879186,0.1983562019908378,0.42215753922789634
False,-5.0,-0.6000000000000011,645257.9091640739,rowcol,0.4964524817362062,0.05000788928015562,0.12316864228009217,0.25265161239891604,0.22328244161521954,0.3048778557164504,0.09406521364160972,0.19835620198865547,0.4221575392391925
False,-75.0,-0.45000000000000107,645257.9091640739,rowcol,0.45573457722752136,0.04700375021412656,0.1291805568047402,0.23500290433490398,0.21654407094160583,0.2947567821688885,0.10574555922446854,0.16912917550782783,0.42254457474912455
False,45.0,-0.45000000000000107,645257.9091640739,rowcol,0.45573457722752136,0.04700375021412656,0.1291805568047402,0.23500290433490398,0.21654407094160583,0.2947567821688885,0.10574555922446853,0.16912917550782783,0.42254457474912455
False,-15.0,0.44999999999999896,645257.9091640739,rowcol,0.4557345772275737,0.04700375021408446,0.12918055680892146,0.23500290433863355,0.21654407094914666,0.29475678217441753,0.10574555922769274,0.16912917550926448,0.4225445747653979
False,-75.0,0.749999999999999,645257.9091640739,rowcol,0.527689489867932,0.05282147091432396,0.12016109374430335,0.26272250200208647,0.19427598633055354,0.3129003537577082,0.10094939864107826,0.2115003013980328,0.42320578323499647
False,45.0,0.749999999999999,645257.9091640739,rowcol,0.527689489867932,0.05282147091432396,0.12016109374430332,0.26272250200208647,0.1942759863305535,0.3129003537577082,0.10094939864107827,0.2115003013980328,0.42320578323499647
False,-15.0,-0.7500000000000011,645257.9091640739,rowcol,0.5276894898689133,0.052821470914573745,0.120161093754602,0.2627225020120924,0.19427598634989246,0.3129003537688841,0.10094939864878744,0.21150030140701,0.4232057832758984
True,-5.0,0.899999999999999,645257.9091640739,rowcol,0.4778302678047552,0.04938082411260564,0.1248187023230908,0.2492290930471462,0.062493548945720144,0.2806868505857226,0.13307019821893537,0.21930771399892052,0.4236852000164185
False,15.0,-0.45000000000000107,645257.9091640739,rowcol,0.4557345772904973,0.047003749603530015,0.1293120860695537,0.23758757135382993,0.21706810781853136,0.2954437318390207,0.10573977985911107,0.17467815352023708,0.42552382956249096
False,-45.0,0.44999999999999896,645257.9091640739,rowcol,0.4557345772905497,0.04700374960348793,0.12931208607378636,0.2375875713585589,0.21706810782621538,0.2954437318447561,0.10573977986235553,0.17467815352392022,0.42552382957991797
False,75.0,0.44999999999999896,645257.9091640739,rowcol,0.4557345772905497,0.047003749603487924,0.12931208607378636,0.23758757135855893,0.21706810782621538,0.29544373184475614,0.10573977986235553,0.17467815352392022,0.425523829579918
True,-65.0,-0.45000000000000107,645257.9091640739,rowcol,0.46779971607255183,0.04801682857425056,0.13116388896315573,0.23275603489081925,0.25038495081917006,0.2886164001524563,0.0944052684508473,0.17228565720752193,0.4262477017802864
True,55.0,-0.45000000000000107,645257.9091640739,rowcol,0.46779971607255183,0.04801682857425056,0.13116388896315573,0.23275603489081925,0.2503849508191701,0.2886164001524563,0.09440526845084729,0.17228565720752193,0.4262477017802864
False,-60.0,-0.6000000000000011,645257.9091640739,rowcol,0.48404264046631806,0.049336176427707094,0.12672757824015787,0.24883154546070155,0.22279055750303237,0.3068320810516336,0.09969822536252412,0.1865825978754293,0.42901428018117516
False,60.0,-0.6000000000000011,645257.9091640739,rowcol,0.484042640466318,0.049336176427707094,0.12672757824015787,0.24883154546070155,0.22279055750303237,0.30683208105163357,0.09969822536252412,0.1865825978754293,0.42901428018117516
False,0.0,0.599999999999999,645257.9091640739,rowcol,0.48404264047130807,0.04933617642807042,0.12672757824239317,0.24883154545710856,0.22279055751550614,0.30683208104105303,0.09969822536080236,0.18658259788124062,0.42901428018428805
True,5.0,-0.45000000000000107,645257.9091640739,rowcol,0.467799716585514,0.048016823576761375,0.1311813850549672,0.23638318233801794,0.25038495950081713,0.2885822099602937,0.09443400128085884,0.18119503378716487,0.42992733750291956
True,-55.0,0.899999999999999,645257.9091640739,rowcol,0.4778302687672957,0.04938081479864629,0.12485546976513222,0.25596568456786234,0.06249361851298289,0.28061653377676793,0.13311096591189725,0.2332262618334565,0.43053209386325897
True,65.0,0.899999999999999,645257.9091640739,rowcol,0.4778302687672957,0.04938081479864629,0.12485546976513222,0.25596568456786234,0.062493618512982886,0.28061653377676793,0.13311096591189725,0.2332262618334565,0.43053209386325897
True,10.0,1.049999999999999,645257.9091640739,rowcol,0.5392468458021329,0.05341652388406006,0.12357654162665922,0.2603812978749565,0.052414924558448706,0.2797598447817721,0.13249147058535243,0.24289021525680674,0.4311109227549341
True,-25.0,0.599999999999999,645257.9091640739,rowcol,0.448474598166184,0.04602164924663386,0.1318448421624015,0.23677622385532884,0.09724165117912134,0.28122237270506784,0.13721518791058518,0.1915746409232116,0.43231075034253336
True,-35.0,0.599999999999999,645257.9091640739,rowcol,0.4484745981409533,0.04602164949250355,0.13182932267071978,0.23728786604694177,0.09724175479138399,0.2810515438445709,0.13719754418649133,0.1929459936781773,0.4327758340591011
True,85.0,0.599999999999999,645257.9091640739,rowcol,0.4484745981409533,0.04602164949250355,0.13182932267071978,0.23728786604694174,0.09724175479138397,0.2810515438445709,0.13719754418649135,0.19294599367817727,0.4327758340591011
True,-15.0,0.749999999999999,645257.9091640739,rowcol,0.4516472930271289,0.04690520247956074,0.1307411175368912,0.24105459781579472,0.07837791042910648,0.28715402303474774,0.13816373284279698,0.19398229079020546,0.4332779504264683
False,0.0,-0.6000000000000011,645257.9091640739,rowcol,0.48404264130369956,0.04933616821206419,0.12706665565600433,0.25429836089792224,0.22377049179719116,0.30818616107318814,0.09980838121177481,0.19793023690004022,0.43549832786593523
False,-60.0,0.599999999999999,645257.9091640739,rowcol,0.4840426413086897,0.04933616821242753,0.12706665565823363,0.2542983608943916,0.22377049180961034,0.3081861610626272,0.09980838121005492,0.19793023690551828,0.4354983278690925
False,60.0,0.599999999999999,645257.9091640739,rowcol,0.4840426413086897,0.04933616821242753,0.12706665565823363,0.2542983608943916,0.22377049180961034,0.3081861610626272,0.09980838121005492,0.19793023690551828,0.4354983278690925
True,75.0,0.749999999999999,645257.9091640739,rowcol,0.45164729312710095,0.046905201516936265,0.1307076252500282,0.2444450611655031,0.07837809466268461,0.28681030168195054,0.13812624358409725,0.20205305766702317,0.43656793691558765
True,-45.0,0.749999999999999,645257.9091640739,rowcol,0.45164729312710095,0.046905201516936265,0.13070762525002821,0.2444450611655031,0.07837809466268461,0.28681030168195054,0.13812624358409725,0.20205305766702322,0.43656793691558776
True,-70.0,1.049999999999999,645257.9091640739,rowcol,0.5392468464590183,0.053416517252714034,0.12356556356538442,0.26669764949407654,0.05241514164446546,0.27944566768082196,0.13247934911090237,0.25548475760943706,0.4373943401902298
True,50.0,1.049999999999999,645257.9091640739,rowcol,0.5392468464590183,0.053416517252714034,0.12356556356538442,0.26669764949407654,0.05241514164446546,0.27944566768082196,0.13247934911090237,0.25548475760943706,0.4373943401902298
True,-70.0,-0.45000000000000107,645257.9091640739,rowcol,0.4588447931116408,0.047341622421856897,0.13487292192636405,0.23363341684268463,0.25039191760704244,0.2915955653465808,0.10039083415984675,0.17024098674816168,0.4382521826217768
True,50.0,-0.45000000000000107,645257.9091640739,rowcol,0.4588447931116408,0.047341622421856897,0.13487292192636405,0.23363341684268463,0.25039191760704244,0.2915955653465808,0.10039083415984675,0.1702409867481617,0.4382521826217768
True,-30.0,0.599999999999999,645257.9091640739,rowcol,0.4476998398221901,0.04588033310894721,0.13397089008334345,0.23695669286872445,0.09724623180545955,0.2780183627053111,0.139628058770955,0.19587019335585423,0.4388693631187548
True,90.0,0.599999999999999,645257.9091640739,rowcol,0.4476998398221901,0.04588033310894721,0.13397089008334345,0.23695669286872445,0.09724623180545955,0.2780183627053111,0.139628058770955,0.19587019335585423,0.4388693631187548
False,-65.0,-0.6000000000000011,645257.9091640739,rowcol,0.4712859099696158,0.04864562331033043,0.1302387606860283,0.2497162383740037,0.2214424477280733,0.3093033629702061,0.10543062120270395,0.1853227666459204,0.4404325204320886
False,55.0,-0.6000000000000011,645257.9091640739,rowcol,0.47128590996961583,0.04864562331033043,0.1302387606860283,0.2497162383740037,0.2214424477280733,0.3093033629702061,0.10543062120270395,0.1853227666459204,0.4404325204320886
False,-5.0,0.599999999999999,645257.9091640739,rowcol,0.47128590997418224,0.048645623310662814,0.13023876069136395,0.24971623837517462,0.2214424477482988,0.30930336296810956,0.10543062120275316,0.1853227666517677,0.44043252044926645
True,5.0,1.049999999999999,645257.9091640739,rowcol,0.5206326962037742,0.051969888745822305,0.1270987270604481,0.25920789410862605,0.05243802516598393,0.2781465408036073,0.13637232631254212,0.24213669531052576,0.4405040752899704
True,10.0,-0.45000000000000107,645257.9091640739,rowcol,0.4588447933786693,0.04734161983376092,0.134868610393888,0.2366672868330695,0.25039193708263163,0.29146642722822963,0.1003839768897615,0.17796656302805458,0.4412731180147335
True,15.0,1.049999999999999,645257.9091640739,rowcol,0.5540379787373705,0.05497182249644677,0.12587968870705776,0.26441326715162283,0.052378774659776986,0.2908569777653385,0.1350331072033257,0.2399287100112119,0.44205233327279614
True,45.0,1.049999999999999,645257.9091640739,rowcol,0.554037978892125,0.05497182093674018,0.12583098616369598,0.26873565716918474,0.05237916061247437,0.290381790412226,0.13497940278525428,0.24907947318878862,0.44622861566027267
True,-75.0,1.049999999999999,645257.9091640739,rowcol,0.554037978892125,0.054971820936740176,0.125830986163696,0.26873565716918474,0.05237916061247436,0.290381790412226,0.13497940278525428,0.24907947318878862,0.4462286156602727
False,5.0,-0.6000000000000011,645257.9091640739,rowcol,0.4712859106390774,0.048645616824487994,0.13054685633105104,0.25493268592722634,0.22240255217723987,0.31058427806618155,0.10551271273415741,0.19627307671374766,0.44657325492037947
False,-55.0,0.599999999999999,645257.9091640739,rowcol,0.47128591064364384,0.04864561682482038,0.13054685633640997,0.2549326859290534,0.22240255219749777,0.31058427806421246,0.10551271273421309,0.19627307672073693,0.44657325493828326
False,65.0,0.599999999999999,645257.9091640739,rowcol,0.47128591064364384,0.04864561682482038,0.13054685633640997,0.2549326859290534,0.2224025521974978,0.31058427806421246,0.10551271273421309,0.1962730767207369,0.44657325493828326
True,75.0,-0.6000000000000011,645257.9091640739,rowcol,0.5093342867195251,0.050962386283764885,0.1366419746299385,0.2372011818525865,0.27310462909738153,0.2847034883955194,0.09208093566072806,0.18818836795880844,0.44712710574240194
True,-45.0,-0.6000000000000011,645257.9091640739,rowcol,0.5093342867195251,0.050962386283764885,0.1366419746299385,0.23720118185258657,0.27310462909738153,0.2847034883955194,0.09208093566072806,0.18818836795880842,0.44712710574240205
False,-80.0,-0.45000000000000107,645257.9091640739,rowcol,0.44911157858093764,0.04598609181790291,0.13947539520272287,0.22902797417720389,0.23319303883980425,0.2821167554224067,0.11439927161291094,0.1721414513676375,0.4474541597853725
False,40.0,-0.45000000000000107,645257.9091640739,rowcol,0.44911157858093764,0.04598609181790291,0.13947539520272287,0.22902797417720389,0.23319303883980422,0.2821167554224067,0.11439927161291094,0.1721414513676375,0.4474541597853725
False,-20.0,0.44999999999999896,645257.9091640739,rowcol,0.44911157857919815,0.04598609181778736,0.1394753952053613,0.22902797418070703,0.23319303883736422,0.28211675542853876,0.1143992716176207,0.17214145136776648,0.44745415979679093
True,-40.0,-0.6000000000000011,645257.9091640739,rowcol,0.5152326507100122,0.05170487082269102,0.1368247839172516,0.23749655586287835,0.2730827542397537,0.2881456975683354,0.09241310145830411,0.1844306752692703,0.44797090761463315
True,80.0,-0.6000000000000011,645257.9091640739,rowcol,0.5152326507100122,0.05170487082269102,0.1368247839172516,0.23749655586287835,0.2730827542397537,0.2881456975683354,0.09241310145830411,0.1844306752692703,0.44797090761463315
True,55.0,1.049999999999999,645257.9091640739,rowcol,0.5206326974285876,0.05196987647567785,0.1271408551820122,0.2667567324540192,0.052438121891356264,0.2780637533392105,0.13641873951590952,0.25686262779255,0.44817929800005585
True,-65.0,1.049999999999999,645257.9091640739,rowcol,0.5206326974285875,0.05196987647567786,0.12714085518201224,0.2667567324540192,0.05243812189135628,0.2780637533392105,0.13641873951590952,0.25686262779255,0.4481792980000559
True,-30.0,-0.6000000000000011,645257.9091640739,rowcol,0.5189852970769023,0.05223807464406582,0.13713699070469582,0.23735775539499437,0.27306097652696304,0.293264823679416,0.09297027920254898,0.17717303894803518,0.4487687275090818
True,90.0,-0.6000000000000011,645257.9091640739,rowcol,0.5189852970769023,0.05223807464406582,0.13713699070469582,0.23735775539499437,0.27306097652696304,0.293264823679416,0.09297027920254898,0.17717303894803518,0.4487687275090818
True,-35.0,-0.6000000000000011,645257.9091640739,rowcol,0.5181709855718342,0.05211913026605581,0.1371118363704027,0.23753002271244805,0.2730667001680732,0.2920006666644008,0.09292333957024372,0.1793407748372351,0.4488655318236561
True,85.0,-0.6000000000000011,645257.9091640739,rowcol,0.5181709855718342,0.05211913026605581,0.1371118363704027,0.23753002271244805,0.2730667001680732,0.2920006666644008,0.09292333957024375,0.1793407748372351,0.4488655318236561
False,20.0,-0.45000000000000107,645257.9091640739,rowcol,0.4491115785615744,0.04598609200700822,0.13954623922989776,0.23053782940209377,0.23350875079361003,0.2826016323282519,0.11438402826926888,0.17515656497308943,0.449176547091787
False,-40.0,0.44999999999999896,645257.9091640739,rowcol,0.449111578559835,0.045986092006892666,0.1395462392325802,0.2305378294064649,0.23350875079129277,0.28260163233457236,0.11438402827400018,0.17515656497510484,0.44917654710420546
False,80.0,0.44999999999999896,645257.9091640739,rowcol,0.449111578559835,0.045986092006892666,0.1395462392325802,0.2305378294064649,0.23350875079129277,0.28260163233457236,0.11438402827400018,0.17515656497510484,0.44917654710420546
True,-25.0,-0.6000000000000011,645257.9091640739,rowcol,0.5181709855450198,0.052119130532644595,0.13709691303628144,0.2380400492020723,0.27306673706540335,0.2918361470414574,0.09289728387294272,0.18080495263871502,0.4493307883109166
True,-20.0,-0.6000000000000011,645257.9091640739,rowcol,0.515232650683045,0.051704871091415354,0.13679814715085142,0.23894655250627356,0.27308280596563295,0.2878727349196208,0.09236643988119335,0.18819865804743083,0.4493409939588278
True,-15.0,-0.6000000000000011,645257.9091640739,rowcol,0.5093342868093994,0.0509623853855319,0.13661633903663636,0.2399609294965797,0.27310467139577477,0.2844261754291586,0.09203593034553459,0.19486378379379352,0.44980994660648876
True,-10.0,0.899999999999999,645257.9091640739,rowcol,0.4602389523645395,0.048031980532405434,0.133844376319263,0.24868390994952141,0.062514072324701,0.2840543568418236,0.14306420911689097,0.2144685564193893,0.4502170389073104
False,10.0,0.749999999999999,645257.9091640739,rowcol,0.5150355042937527,0.051443610426403046,0.1305915161694975,0.25855804550730227,0.2282351726359546,0.310590816879214,0.10328416998527852,0.2048093496674334,0.45033259401579473
False,-50.0,-0.7500000000000011,645257.9091640739,rowcol,0.515035504291724,0.05144361042644716,0.1305915161759719,0.25855804551865463,0.22823517264771054,0.3105908168992193,0.10328416999022164,0.2048093496683042,0.45033259404657033
False,70.0,-0.7500000000000011,645257.9091640739,rowcol,0.515035504291724,0.05144361042644716,0.1305915161759719,0.2585580455186547,0.22823517264771057,0.3105908168992193,0.10328416999022162,0.2048093496683042,0.45033259404657033
True,-50.0,-0.6000000000000011,645257.9091640739,rowcol,0.5003478003065194,0.05004296018927788,0.13777997158932515,0.23768639584221957,0.2731239933389823,0.2853176108757514,0.09405416566751056,0.18853293447026545,0.451026310610195
True,70.0,-0.6000000000000011,645257.9091640739,rowcol,0.5003478003065194,0.05004296018927788,0.13777997158932515,0.23768639584221954,0.2731239933389823,0.2853176108757514,0.09405416566751056,0.18853293447026542,0.451026310610195
True,-75.0,-0.45000000000000107,645257.9091640739,rowcol,0.451691602728677,0.04660507915486599,0.139814634918442,0.2353412218059399,0.25040644100089293,0.29543888837738147,0.1080826112608903,0.16899427307759282,0.4547851265612659
True,45.0,-0.45000000000000107,645257.9091640739,rowcol,0.451691602728677,0.04660507915486599,0.139814634918442,0.2353412218059399,0.25040644100089293,0.29543888837738147,0.1080826112608903,0.16899427307759285,0.4547851265612659
True,-10.0,-0.6000000000000011,645257.9091640739,rowcol,0.5003478006876527,0.05004295637856719,0.1377743449083891,0.24165521229751305,0.2731240171451666,0.28514162277308375,0.09404440779632792,0.19781665970553516,0.45497824702268036
True,-50.0,0.899999999999999,645257.9091640739,rowcol,0.46023895285880034,0.04803197579643377,0.1338356863425739,0.2543567653146904,0.06251422833834834,0.28378915867868065,0.14305458481543584,0.2266649433971468,0.4558638243424121
True,70.0,0.899999999999999,645257.9091640739,rowcol,0.46023895285880034,0.04803197579643377,0.1338356863425739,0.2543567653146904,0.06251422833834834,0.28378915867868065,0.14305458481543584,0.2266649433971468,0.4558638243424121
False,-70.0,0.749999999999999,645257.9091640739,rowcol,0.5150355047660599,0.051443605697828375,0.13090293017426882,0.26393552036780826,0.2292842059579127,0.31194993674672233,0.10332672020341142,0.21542498239545355,0.45664431089061475
False,50.0,0.749999999999999,645257.9091640739,rowcol,0.5150355047660599,0.051443605697828375,0.13090293017426882,0.26393552036780826,0.2292842059579127,0.31194993674672233,0.10332672020341142,0.21542498239545355,0.45664431089061475
False,-10.0,-0.7500000000000011,645257.9091640739,rowcol,0.515035504764031,0.051443605697872485,0.1309029301808061,0.26393552038034307,0.22928420596985327,0.31194993676695465,0.10332672020837332,0.21542498239908744,0.45664431092276137
True,15.0,-0.45000000000000107,645257.9091640739,rowcol,0.4516916027922166,0.04660507853904626,0.13979584485934843,0.23743026475749712,0.25040647560030377,0.2952384908665995,0.1080538575327972,0.1745761932583251,0.4568177993355424
False,-70.0,-0.6000000000000011,645257.9091640739,rowcol,0.45866251476116376,0.047683731225900576,0.13608326461971754,0.2490934096867927,0.22332659952957234,0.31036640712624486,0.11315080480558615,0.18225968246018573,0.4573432035459453
False,50.0,-0.6000000000000011,645257.9091640739,rowcol,0.4586625147611637,0.04768373122590058,0.13608326461971754,0.24909340968679272,0.22332659952957234,0.31036640712624486,0.11315080480558615,0.18225968246018573,0.4573432035459453
False,-10.0,0.599999999999999,645257.9091640739,rowcol,0.45866251476391356,0.04768373122605904,0.1360832646266682,0.24909340969180213,0.22332659955051298,0.3103664071317461,0.11315080480793553,0.18225968246491145,0.45734320357180674
False,25.0,0.899999999999999,645257.9091640739,rowcol,0.5561952676163239,0.056714778395076625,0.11880666815978581,0.30096913795700786,0.07935523072584963,0.3826707612146644,0.12465968581162436,0.20882859704841472,0.4573891424363653
False,-35.0,-0.9000000000000011,645257.9091640739,rowcol,0.5561952676223006,0.05671477839529698,0.11880666817927485,0.3009691379545918,0.07935523074756057,0.3826707611998148,0.12465968583106478,0.2088285970648888,0.45738914249241636
False,85.0,-0.9000000000000011,645257.9091640739,rowcol,0.5561952676223006,0.05671477839529698,0.11880666817927488,0.3009691379545918,0.0793552307475606,0.38267076119981486,0.12465968583106478,0.2088285970648888,0.4573891424924164
True,0.0,1.049999999999999,645257.9091640739,rowcol,0.49968085620425823,0.05076264562131293,0.13302081325342788,0.25937858104012473,0.052441402342763226,0.2795567128302058,0.14289362604720643,0.24110523345651735,0.4584410208004084
False,-85.0,0.899999999999999,645257.9091640739,rowcol,0.5561952675771134,0.05671477877960966,0.11887884466918086,0.30188513453084814,0.08021599536976785,0.38302876846655626,0.12464061559471352,0.2107023094054306,0.4585216685383907
False,35.0,0.899999999999999,645257.9091640739,rowcol,0.5561952675771134,0.05671477877960966,0.11887884466918086,0.30188513453084814,0.08021599536976783,0.38302876846655626,0.12464061559471352,0.2107023094054306,0.4585216685383907
False,-25.0,-0.9000000000000011,645257.9091640739,rowcol,0.5561952675830901,0.056714778779830013,0.11887884468872009,0.30188513452919186,0.0802159953916215,0.38302876845187467,0.1246406156141828,0.21070230942350715,0.45852166859535215
False,20.0,0.899999999999999,645257.9091640739,rowcol,0.5487528293865508,0.055360836939140456,0.1251076073123829,0.28342255614397327,0.14218100604198092,0.3476418640567682,0.12173775185379807,0.21504875579478244,0.458745378081122
False,-40.0,-0.9000000000000011,645257.9091640739,rowcol,0.5487528293907598,0.055360836939480094,0.12510760732929566,0.2834225561486397,0.1421810060701504,0.3476418640553156,0.12173775186835019,0.21504875580807956,0.45874537813652666
False,80.0,-0.9000000000000011,645257.9091640739,rowcol,0.5487528293907598,0.05536083693948009,0.12510760732929566,0.2834225561486397,0.1421810060701504,0.3476418640553156,0.12173775186835017,0.2150487558080796,0.45874537813652666
True,-55.0,-0.6000000000000011,645257.9091640739,rowcol,0.4890166253601299,0.04918312717872893,0.14046019638913573,0.23852589740277388,0.2731330456100583,0.28802005435970585,0.09862537474326541,0.18702304718692972,0.4599064865701811
True,65.0,-0.6000000000000011,645257.9091640739,rowcol,0.4890166253601299,0.04918312717872893,0.14046019638913573,0.23852589740277388,0.27313304561005836,0.28802005435970585,0.0986253747432654,0.18702304718692972,0.4599064865701811
False,-90.0,0.899999999999999,645257.9091640739,rowcol,0.5587511049271565,0.0572412273317145,0.11709215339083213,0.3103462985492642,0.04911409466749475,0.4002389083816911,0.12557876202100346,0.20638671990959662,0.4616227587217606
False,30.0,0.899999999999999,645257.9091640739,rowcol,0.5587511049271565,0.0572412273317145,0.11709215339083213,0.3103462985492642,0.04911409466749475,0.4002389083816911,0.12557876202100343,0.20638671990959667,0.4616227587217606
False,-30.0,-0.9000000000000011,645257.9091640739,rowcol,0.5587511049337123,0.057241227331864514,0.11709215341122045,0.31034629854417645,0.0491140946802927,0.4002389083620343,0.1255787620425668,0.2063867199275707,0.46162275877783776
False,90.0,-0.9000000000000011,645257.9091640739,rowcol,0.5587511049337123,0.057241227331864514,0.11709215341122048,0.31034629854417645,0.04911409468029272,0.4002389083620343,0.1255787620425668,0.2063867199275707,0.46162275877783787
False,-80.0,0.899999999999999,645257.9091640739,rowcol,0.5487528293467752,0.05536083733340826,0.12526550764645966,0.28584287542805376,0.14321356481426417,0.3483973459590614,0.1217091013083662,0.2198641855908175,0.46163939836743273
False,40.0,0.899999999999999,645257.9091640739,rowcol,0.5487528293467752,0.05536083733340826,0.12526550764645966,0.28584287542805376,0.14321356481426414,0.3483973459590614,0.12170910130836621,0.2198641855908175,0.46163939836743273
False,-20.0,-0.9000000000000011,645257.9091640739,rowcol,0.548752829350984,0.0553608373337479,0.125265507663452,0.28584287543410347,0.1432135648426201,0.3483973459579093,0.12170910132296103,0.21986418560683252,0.4616393984244595
False,10.0,-0.6000000000000011,645257.9091640739,rowcol,0.45866251510883,0.04768372788175163,0.13632241586130983,0.2535732075869361,0.22418459473458746,0.31146922440266017,0.11318187743750528,0.1918006473080496,0.46254045517086556
False,-50.0,0.599999999999999,645257.9091640739,rowcol,0.45866251511157985,0.047683727881910096,0.13632241586830846,0.2535732075930221,0.22418459475564298,0.31146922440837227,0.11318187743986921,0.19180064731506152,0.46254045519794745
False,70.0,0.599999999999999,645257.9091640739,rowcol,0.45866251511157985,0.047683727881910096,0.13632241586830846,0.2535732075930221,0.22418459475564298,0.31146922440837227,0.11318187743986921,0.19180064731506152,0.46254045519794745
True,-5.0,-0.6000000000000011,645257.9091640739,rowcol,0.48901662607801266,0.04918312004098353,0.1404819811608792,0.24323533327681823,0.27313305622151074,0.28797437213197524,0.09866204610076887,0.19793087013344338,0.4646812767594558
True,20.0,1.049999999999999,645257.9091640739,rowcol,0.5638475551265838,0.056230104748075854,0.1320215055604683,0.26994745784525154,0.052352266120639285,0.3082401612269332,0.14179969702496895,0.23292018778561216,0.46601197452665644
True,-60.0,1.049999999999999,645257.9091640739,rowcol,0.4996808576238136,0.05076263164795233,0.13308507868623062,0.26730310714099087,0.052441461212200585,0.27957976468160217,0.14296435175151145,0.2565241450034535,0.4665583431996827
True,60.0,1.049999999999999,645257.9091640739,rowcol,0.4996808576238136,0.05076263164795234,0.13308507868623062,0.26730310714099087,0.05244146121220057,0.27957976468160217,0.14296435175151145,0.2565241450034535,0.4665583431996827
True,-80.0,1.049999999999999,645257.9091640739,rowcol,0.5638475550804016,0.05623010521116729,0.13197319108270328,0.27217752114939286,0.052352738295436185,0.3077935051919837,0.14174648276870871,0.2381363540283063,0.4680970943975027
True,40.0,1.049999999999999,645257.9091640739,rowcol,0.5638475550804016,0.05623010521116729,0.13197319108270328,0.27217752114939286,0.052352738295436185,0.3077935051919837,0.14174648276870871,0.2381363540283063,0.4680970943975027
False,-85.0,-0.45000000000000107,645257.9091640739,rowcol,0.4450394236017718,0.04520607749630152,0.14845081681018432,0.22317119544998726,0.25146591679651364,0.2669226732723249,0.12053309618215913,0.17824872307398776,0.4685236458805402
False,35.0,-0.45000000000000107,645257.9091640739,rowcol,0.4450394236017718,0.04520607749630152,0.14845081681018432,0.2231711954499873,0.25146591679651364,0.2669226732723249,0.12053309618215914,0.17824872307398776,0.46852364588054024
False,-25.0,0.44999999999999896,645257.9091640739,rowcol,0.44503942359881943,0.04520607749618186,0.14845081681135142,0.2231711954526401,0.25146591678587293,0.2669226732775747,0.12053309618790506,0.17824872307349104,0.4685236458866943
False,25.0,-0.45000000000000107,645257.9091640739,rowcol,0.4450394235821595,0.04520607768937915,0.14847970461859064,0.22378982872978126,0.25160243231160545,0.2671809374420488,0.1205232350610279,0.1793478298398987,0.46922894258555314
False,85.0,0.44999999999999896,645257.9091640739,rowcol,0.445039423579207,0.04520607768925949,0.14847970461978235,0.22378982873293873,0.2516024323010304,0.26718093744741234,0.12052323506678769,0.1793478298404324,0.46922894259228576
False,-35.0,0.44999999999999896,645257.9091640739,rowcol,0.4450394235792071,0.04520607768925949,0.14847970461978238,0.2237898287329387,0.25160243230103047,0.26718093744741234,0.12052323506678769,0.1793478298404324,0.4692289425922858
True,-20.0,0.749999999999999,645257.9091640739,rowcol,0.4441458327733519,0.045886505602824895,0.14223330218232497,0.24296162655263207,0.07840708360832344,0.2879042784217173,0.1509876720241539,0.19739702611081958,0.46966153309960695
True,-60.0,-0.6000000000000011,645257.9091640739,rowcol,0.47637121917455894,0.0484620685344719,0.14366569428438053,0.23903435845386373,0.27313274100548224,0.28965277129806616,0.10394119886241819,0.18609526973528598,0.4700314413070053
True,60.0,-0.6000000000000011,645257.9091640739,rowcol,0.4763712191745589,0.0484620685344719,0.14366569428438056,0.23903435845386373,0.27313274100548224,0.28965277129806616,0.10394119886241819,0.18609526973528598,0.47003144130700536
True,-40.0,0.749999999999999,645257.9091640739,rowcol,0.44414583274256814,0.04588650590078773,0.1422012719366749,0.2447323028111896,0.07840730880204895,0.2875627481737321,0.15095197748210776,0.2017935985079355,0.4713361186212143
True,80.0,0.749999999999999,645257.9091640739,rowcol,0.44414583274256814,0.04588650590078773,0.14220127193667492,0.24473230281118952,0.07840730880204895,0.2875627481737321,0.15095197748210779,0.2017935985079355,0.4713361186212143
True,-80.0,-0.45000000000000107,645257.9091640739,rowcol,0.44708207183501814,0.046003795389282745,0.14492914952970512,0.23741996025127354,0.2504230463147008,0.2969636584368541,0.11576751865127487,0.1720716243945308,0.4722074088403889
True,40.0,-0.45000000000000107,645257.9091640739,rowcol,0.44708207183501814,0.04600379538928274,0.14492914952970512,0.23741996025127354,0.2504230463147008,0.2969636584368541,0.11576751865127487,0.17207162439453078,0.4722074088403889
True,20.0,-0.45000000000000107,645257.9091640739,rowcol,0.44708207181556703,0.046003795578315264,0.14491028974525547,0.23850863039384382,0.25042308861945056,0.2967650430802335,0.11573958619112852,0.17510478852442574,0.4732394996296102
False,5.0,0.749999999999999,645257.9091640739,rowcol,0.5006000898722123,0.05035825792211767,0.13794829410101983,0.26121497002421895,0.24174377832504373,0.31646367773578893,0.10883965974400128,0.2034508314009924,0.47505985232727843
False,-55.0,-0.7500000000000011,645257.9091640739,rowcol,0.500600089867456,0.05035825792186201,0.1379482941032701,0.261214970033797,0.2417437783249145,0.3164636777561001,0.10883965974742561,0.2034508313970619,0.47505985234360737
False,65.0,-0.7500000000000011,645257.9091640739,rowcol,0.5006000898674559,0.05035825792186201,0.1379482941032701,0.261214970033797,0.2417437783249145,0.3164636777561001,0.10883965974742559,0.20345083139706188,0.47505985234360737
True,0.0,-0.6000000000000011,645257.9091640739,rowcol,0.47637122002542553,0.04846206017064384,0.1436997005866048,0.24397212451704092,0.2731327474642937,0.2896654848931062,0.10399675803596783,0.19752459499785505,0.47507122627685533
False,-90.0,-0.45000000000000107,645257.9091640739,rowcol,0.443691689915392,0.04491624010700642,0.15204939437195283,0.2209950903301621,0.2596143908472235,0.2602066844359161,0.12266869176799013,0.1815776994535163,0.4771432734460206
False,30.0,-0.45000000000000107,645257.9091640739,rowcol,0.443691689915392,0.04491624010700642,0.15204939437195283,0.2209950903301621,0.2596143908472235,0.2602066844359161,0.12266869176799011,0.1815776994535163,0.4771432734460206
False,-30.0,0.44999999999999896,645257.9091640739,rowcol,0.4436916899120188,0.044916240106896675,0.15204939437254317,0.22099509033253587,0.2596143908335579,0.26020668444063616,0.12266869177412701,0.1815776994531466,0.47714327345016533
False,90.0,0.44999999999999896,645257.9091640739,rowcol,0.4436916899120188,0.044916240106896675,0.15204939437254317,0.22099509033253587,0.2596143908335579,0.26020668444063616,0.12266869177412701,0.1815776994531466,0.47714327345016533
True,-5.0,1.049999999999999,645257.9091640739,rowcol,0.4778797732451291,0.04951664356149197,0.1396164291511384,0.2591997001191119,0.05244469773685857,0.28136849333231023,0.15014829761559856,0.23896920570574284,0.4780489875725271
False,15.0,0.899999999999999,645257.9091640739,rowcol,0.5370572726997693,0.053652615622084246,0.135716066851084,0.273354328796031,0.20535461022053678,0.32505196150084725,0.1186989022199414,0.22069340578402682,0.480502529349283
False,75.0,-0.9000000000000011,645257.9091640739,rowcol,0.5370572727010822,0.053652615622408355,0.13571606686428261,0.27335432880801147,0.20535461024688262,0.3250519615162329,0.11869890222947482,0.22069340579228813,0.4805025294008593
False,-45.0,-0.9000000000000011,645257.9091640739,rowcol,0.5370572727010822,0.05365261562240836,0.13571606686428261,0.2733543288080115,0.2053546102468826,0.32505196151623295,0.11869890222947481,0.22069340579228808,0.48050252940085936
True,-65.0,-0.6000000000000011,645257.9091640739,rowcol,0.463403947513876,0.04772695230051972,0.14709294620298338,0.23952207699847686,0.27313249556652663,0.2914298934956418,0.10946205556221252,0.18491264424218518,0.480800915607427
True,55.0,-0.6000000000000011,645257.9091640739,rowcol,0.463403947513876,0.04772695230051972,0.14709294620298338,0.23952207699847686,0.27313249556652663,0.2914298934956418,0.10946205556221252,0.18491264424218515,0.480800915607427
False,-65.0,0.749999999999999,645257.9091640739,rowcol,0.5006000907598974,0.05035824909783893,0.13831184284024511,0.2674299693648588,0.2428430075332717,0.3180106777487965,0.10893905549944242,0.21590601029553547,0.48236549788559413
False,55.0,0.749999999999999,645257.9091640739,rowcol,0.5006000907598974,0.05035824909783893,0.13831184284024511,0.2674299693648588,0.2428430075332717,0.3180106777487965,0.10893905549944242,0.21590601029553547,0.48236549788559413
False,-5.0,-0.7500000000000011,645257.9091640739,rowcol,0.500600090755141,0.05035824909758326,0.1383118428425318,0.2674299693750551,0.24284300753328014,0.3180106777692098,0.10893905550287147,0.21590601029350026,0.4823654979026505
False,-75.0,-0.6000000000000011,645257.9091640739,rowcol,0.4471887445565526,0.046392093963865746,0.14593837523192726,0.24464250672522272,0.2325084799030017,0.3041970014528597,0.12379888036473596,0.1798930000112265,0.48245763242100453
False,45.0,-0.6000000000000011,645257.9091640739,rowcol,0.4471887445565526,0.046392093963865746,0.1459383752319273,0.24464250672522272,0.2325084799030017,0.30419700145285966,0.12379888036473596,0.1798930000112265,0.4824576324210046
False,-15.0,0.599999999999999,645257.9091640739,rowcol,0.44718874455674845,0.04639209396382984,0.14593837523832692,0.24464250673164575,0.23250847991515214,0.30419700146200074,0.12379888036949561,0.17989300001430789,0.4824576324466265
True,25.0,1.049999999999999,645257.9091640739,rowcol,0.5687977192356418,0.05692520641583448,0.1367134271307902,0.27259407194055657,0.05234406952820411,0.31932143738750496,0.14696266810647912,0.22593559245273825,0.4827343533329272
True,-85.0,1.049999999999999,645257.9091640739,rowcol,0.568797719189918,0.05692520687270866,0.13668723405821526,0.27337153801930664,0.05234440637535721,0.3190581268411811,0.14693383834661658,0.22796863806445525,0.4834332401939524
True,35.0,1.049999999999999,645257.9091640739,rowcol,0.568797719189918,0.05692520687270866,0.13668723405821526,0.27337153801930664,0.05234440637535721,0.3190581268411811,0.14693383834661655,0.2279686380644552,0.4834332401939524
True,-85.0,-0.45000000000000107,645257.9091640739,rowcol,0.4448564527186896,0.045659036853893206,0.14853850011161884,0.23867392478310298,0.25043512880290686,0.29484676858312436,0.12105088809142499,0.1782170393175187,0.4842894251179595
True,35.0,-0.45000000000000107,645257.9091640739,rowcol,0.4448564527186896,0.045659036853893206,0.14853850011161884,0.23867392478310298,0.25043512880290686,0.29484676858312436,0.12105088809142499,0.1782170393175187,0.4842894251179595
True,25.0,-0.45000000000000107,645257.9091640739,rowcol,0.4448564526990692,0.04565903704505542,0.1485281688663711,0.239054713328655,0.2504351589766857,0.2947245790302524,0.12103588830850263,0.17932316790238126,0.4846392199277683
True,5.0,-0.6000000000000011,645257.9091640739,rowcol,0.4634039481947244,0.04772694568983471,0.14711374786628018,0.2442123636304372,0.2731325061780005,0.29138474585048785,0.1094950961601989,0.1959381269404477,0.4855536072292777
False,45.0,0.899999999999999,645257.9091640739,rowcol,0.537057272833614,0.05365261428231201,0.13596635468799065,0.2777616803871528,0.2064581640011779,0.3262499011848702,0.11868860525525143,0.2291748585849143,0.4856607444511247
False,-75.0,0.899999999999999,645257.9091640739,rowcol,0.537057272833614,0.05365261428231201,0.13596635468799065,0.2777616803871529,0.2064581640011779,0.32624990118487024,0.11868860525525142,0.22917485858491435,0.48566074445112484
False,-15.0,-0.9000000000000011,645257.9091640739,rowcol,0.5370572728349269,0.053652614282636124,0.13596635470127091,0.2777616804007213,0.2064581640277224,0.3262499012005946,0.1186886052648215,0.22917485859636397,0.485660744504534
True,-55.0,1.049999999999999,645257.9091640739,rowcol,0.4778797743517041,0.04951663288205523,0.13965477825709724,0.26674894002675625,0.052444794449923865,0.2812866541450373,0.15019045041875842,0.25387925922921917,0.48571327479804793
True,65.0,1.049999999999999,645257.9091640739,rowcol,0.4778797743517041,0.04951663288205523,0.13965477825709724,0.26674894002675625,0.05244479444992386,0.28128665414503734,0.1501904504187584,0.2538792592292192,0.48571327479804793
False,15.0,-0.6000000000000011,645257.9091640739,rowcol,0.4471887446397264,0.04639209316212591,0.14609360636298963,0.24793977842003084,0.23315909787684377,0.30506819404230806,0.12379229823288561,0.18682933078293743,0.4862205975089997
False,-45.0,0.599999999999999,645257.9091640739,rowcol,0.44718874463992225,0.04639209316209,0.14609360636944824,0.24793977842769693,0.23315909788916078,0.3050681940517056,0.12379229823766845,0.18682933078876188,0.48622059753604163
False,75.0,0.599999999999999,645257.9091640739,rowcol,0.44718874463992225,0.04639209316209,0.14609360636944824,0.24793977842769693,0.23315909788916078,0.3050681940517056,0.12379229823766845,0.18682933078876188,0.48622059753604163
True,-90.0,1.049999999999999,645257.9091640739,rowcol,0.570182232810077,0.05712016347096871,0.13813781466531308,0.2727217425246248,0.05234396831030222,0.32172363231813694,0.14852906635619795,0.2233383320275296,0.487135186520564
True,30.0,1.049999999999999,645257.9091640739,rowcol,0.570182232810077,0.05712016347096871,0.1381378146653131,0.2727217425246248,0.05234396831030222,0.32172363231813694,0.14852906635619795,0.2233383320275296,0.4871351865205641
True,-90.0,-0.45000000000000107,645257.9091640739,rowcol,0.4442550016931308,0.04555463081605358,0.14977906326102772,0.23899713421087657,0.2504393750131778,0.2929856922909926,0.1228432725708068,0.18156426631237046,0.4883343239939597
True,30.0,-0.45000000000000107,645257.9091640739,rowcol,0.4442550016931308,0.04555463081605358,0.14977906326102772,0.23899713421087657,0.2504393750131778,0.2929856922909926,0.1228432725708068,0.18156426631237046,0.4883343239939597
False,-60.0,-0.7500000000000011,645257.9091640739,rowcol,0.4851738824417358,0.0495244107729909,0.14231410219474377,0.2630392614610769,0.24254096874280054,0.32048827748439845,0.11498827154066173,0.2024773873573266,0.48998156804530824
False,60.0,-0.7500000000000011,645257.9091640739,rowcol,0.4851738824417358,0.0495244107729909,0.14231410219474377,0.2630392614610769,0.24254096874280054,0.32048827748439845,0.11498827154066173,0.20247738735732665,0.48998156804530824
False,0.0,0.749999999999999,645257.9091640739,rowcol,0.4851738824479587,0.04952441077344991,0.14231410219723184,0.26303926145707224,0.24254096875712303,0.3204882774721747,0.11498827153879572,0.20247738736402054,0.48998156804876775
True,-15.0,0.899999999999999,645257.9091640739,rowcol,0.4461426089147743,0.046534561089861794,0.1469260149922543,0.24921763940828537,0.06255039706242489,0.2892412994127816,0.15750864933716643,0.20972645311450538,0.48999568438504826
True,10.0,1.1999999999999988,645257.9091640739,rowcol,0.5477211623066123,0.05409856754688798,0.13974521578867197,0.2720589097951428,0.05165070142831245,0.2817546576878443,0.1503399911273883,0.2636289860819788,0.49129455716115866
True,-45.0,0.899999999999999,645257.9091640739,rowcol,0.44614260903261427,0.046534559960089775,0.14689025171743772,0.2531495915268962,0.06255067408374324,0.2888317654500897,0.15746918782335306,0.21867957921562284,0.4938203466792094
True,75.0,0.899999999999999,645257.9091640739,rowcol,0.44614260903261427,0.046534559960089775,0.14689025171743772,0.2531495915268962,0.06255067408374324,0.2888317654500897,0.15746918782335306,0.2186795792156228,0.4938203466792094
True,-25.0,0.749999999999999,645257.9091640739,rowcol,0.44056306906173304,0.04529787800321357,0.15009341987898475,0.24414712352551524,0.07842407107181737,0.28246379700892565,0.15972895687672017,0.20649055609993475,0.4944273831624695
True,-35.0,0.749999999999999,645257.9091640739,rowcol,0.44056306903054293,0.04529787830656519,0.1500763791634108,0.24476724980707654,0.07842423166381443,0.28225118397472726,0.15971001092734494,0.2080804914717101,0.4949963872973089
True,85.0,0.749999999999999,645257.9091640739,rowcol,0.44056306903054293,0.04529787830656519,0.1500763791634108,0.24476724980707654,0.07842423166381442,0.28225118397472726,0.15971001092734494,0.20808049147171004,0.4949963872973089
True,-70.0,-0.6000000000000011,645257.9091640739,rowcol,0.45133150982773257,0.04682029541877938,0.15176406869417636,0.24076791067837486,0.2731416104539648,0.29582192296307774,0.11675398195805842,0.18200318699315007,0.49606011676090395
True,50.0,-0.6000000000000011,645257.9091640739,rowcol,0.45133150982773257,0.04682029541877938,0.15176406869417636,0.24076791067837489,0.2731416104539648,0.29582192296307774,0.11675398195805842,0.18200318699315007,0.49606011676090395
False,0.0,-0.7500000000000011,645257.9091640739,rowcol,0.48517388348602214,0.049524400542469996,0.14269153285927227,0.26948673392247396,0.24366600527566862,0.32209226091753784,0.11510766098095664,0.21552548214248643,0.4975613325002908
False,60.0,0.749999999999999,645257.9091640739,rowcol,0.48517388349224516,0.04952440054292901,0.14269153286175373,0.269486733918546,0.24366600528992502,0.32209226090534004,0.11510766097909254,0.215525482148775,0.4975613325038072
False,-60.0,0.749999999999999,645257.9091640739,rowcol,0.48517388349224516,0.04952440054292901,0.14269153286175373,0.26948673391854605,0.24366600528992502,0.32209226090534004,0.11510766097909254,0.215525482148775,0.49756133250380724
True,-70.0,1.1999999999999988,645257.9091640739,rowcol,0.5477211630599814,0.054098559919398714,0.13973412132668894,0.2789639083260111,0.05165095319738446,0.2813981148702298,0.15032778296811544,0.2769002012238012,0.4981662723060779
True,50.0,1.1999999999999988,645257.9091640739,rowcol,0.5477211630599814,0.054098559919398714,0.13973412132668897,0.2789639083260111,0.05165095319738446,0.2813981148702298,0.15032778296811541,0.2769002012238012,0.498166272306078
True,5.0,1.1999999999999988,645257.9091640739,rowcol,0.5266967007919906,0.05246109160799093,0.14274835051165916,0.27058038864844025,0.051671154215621566,0.27894092138101273,0.1536383188736087,0.26334387466781084,0.4988254401834177
True,10.0,-0.6000000000000011,645257.9091640739,rowcol,0.45133151018104606,0.046820292012959355,0.15175895970528394,0.24468680317413344,0.27314163425861376,0.295652187658802,0.1167461201847197,0.19160368307743186,0.4999636822899852
True,-30.0,0.749999999999999,645257.9091640739,rowcol,0.4396036806681585,0.04511733519826342,0.15272352754534374,0.24428950574698674,0.07842892423980295,0.2782025740926748,0.16264936613426628,0.21160247949027272,0.5024600883830179
True,90.0,0.749999999999999,645257.9091640739,rowcol,0.4396036806681585,0.04511733519826342,0.15272352754534374,0.24428950574698674,0.07842892423980295,0.2782025740926748,0.1626493661342663,0.21160247949027272,0.5024600883830179
False,-65.0,-0.7500000000000011,645257.9091640739,rowcol,0.46920904590203727,0.04866155500716613,0.14618375867422123,0.26397034994551444,0.24072777666743692,0.3233249083623743,0.12125142123272704,0.20090939871760888,0.5025216259681782
False,55.0,-0.7500000000000011,645257.9091640739,rowcol,0.46920904590203727,0.04866155500716613,0.14618375867422123,0.26397034994551444,0.24072777666743692,0.3233249083623743,0.12125142123272706,0.20090939871760888,0.5025216259681782
False,-5.0,0.749999999999999,645257.9091640739,rowcol,0.46920904590784374,0.048661555007604704,0.14618375868106395,0.2639703499484205,0.24072777669327836,0.3233249083622126,0.12125142123312885,0.20090939872485708,0.5025216259916123
True,-45.0,-0.7500000000000011,645257.9091640739,rowcol,0.5165254182171272,0.05148562171067941,0.15334881070489315,0.24458208833226336,0.2959141056457463,0.2862728491196406,0.10881653317204118,0.20299712265058992,0.5046285204469427
True,75.0,-0.7500000000000011,645257.9091640739,rowcol,0.5165254182171272,0.05148562171067941,0.15334881070489315,0.24458208833226336,0.2959141056457463,0.2862728491196406,0.10881653317204117,0.20299712265058992,0.5046285204469427
True,-50.0,-0.7500000000000011,645257.9091640739,rowcol,0.5053584619871472,0.05034756833598235,0.15375260023297557,0.24533300296978638,0.2959380372163521,0.28669296341983985,0.10947631607707202,0.20416333562132938,0.5065908036687131
True,70.0,-0.7500000000000011,645257.9091640739,rowcol,0.5053584619871472,0.05034756833598234,0.15375260023297557,0.24533300296978638,0.2959380372163521,0.28669296341983985,0.10947631607707202,0.20416333562132938,0.5065908036687131
True,-10.0,1.049999999999999,645257.9091640739,rowcol,0.4573330750484708,0.04793960320806131,0.1495225079858755,0.2582673738397656,0.052467844658359034,0.28517489695011916,0.16102915970399492,0.2332477470194369,0.5068348977973921
True,-65.0,1.1999999999999988,645257.9091640739,rowcol,0.5266967021925348,0.052461077546863105,0.1427912195089144,0.27883931646631716,0.051671266399500176,0.2788465746675633,0.15368540250688917,0.278833212249037,0.5072129749930604
True,55.0,1.1999999999999988,645257.9091640739,rowcol,0.5266967021925348,0.052461077546863105,0.1427912195089144,0.27883931646631716,0.05167126639950019,0.2788465746675633,0.15368540250688917,0.278833212249037,0.5072129749930604
True,15.0,1.1999999999999988,645257.9091640739,rowcol,0.5644384515493365,0.05585809938111258,0.1435684045465391,0.2770786333845198,0.05162338725124079,0.29654061700810963,0.1545419870620117,0.25958420031047424,0.5077838470241371
True,-15.0,-0.7500000000000011,645257.9091640739,rowcol,0.516525418330502,0.05148562057325482,0.15332025740633193,0.2479242940572677,0.2959141544432128,0.2859280684873865,0.10876892987777233,0.21072285175354555,0.5078850662762635
True,-40.0,-0.7500000000000011,645257.9091640739,rowcol,0.5238752683875004,0.0524036229865508,0.15470557751698535,0.2450117368364715,0.29588692556656704,0.2910994133942119,0.1110770573249283,0.19811987290020647,0.5091284693874276
True,80.0,-0.7500000000000011,645257.9091640739,rowcol,0.5238752683875004,0.052403622986550796,0.15470557751698535,0.2450117368364715,0.29588692556656704,0.2910994133942119,0.1110770573249283,0.19811987290020647,0.5091284693874276
False,5.0,-0.7500000000000011,645257.9091640739,rowcol,0.46920904673073033,0.048661547016662796,0.14652687432220504,0.27012263570106115,0.241831624086231,0.3248403076859146,0.12134064828927098,0.2135130815718948,0.5097032586676763
False,65.0,0.749999999999999,645257.9091640739,rowcol,0.46920904673653685,0.04866154701710137,0.14652687432907166,0.27012263570470185,0.24183162411209216,0.3248403076858928,0.12134064828967948,0.21351308158040214,0.5097032586919168
False,-55.0,0.749999999999999,645257.9091640739,rowcol,0.4692090467365368,0.04866154701710137,0.1465268743290717,0.27012263570470185,0.24183162411209216,0.3248403076858928,0.1213406482896795,0.2135130815804022,0.5097032586919169
True,-20.0,-0.7500000000000011,645257.9091640739,rowcol,0.5238752683535638,0.05240362332581274,0.1546761299428399,0.246767709929636,0.2958869852407376,0.2907616361939,0.11102853250053164,0.20250076741768003,0.5107960997581558
True,-10.0,-0.7500000000000011,645257.9091640739,rowcol,0.5053584624684985,0.05034756350446889,0.1537462976645556,0.2501325685819793,0.2959380646800408,0.2864740175421249,0.10946583724614412,0.21486301330608232,0.5113714615756462
True,-75.0,1.1999999999999988,645257.9091640739,rowcol,0.5644384517267409,0.05585809758846476,0.14351960344097484,0.2817911566510962,0.05162383479404858,0.2960079111526387,0.1544883599747996,0.2692545426007446,0.5123499669740207
True,45.0,1.1999999999999988,645257.9091640739,rowcol,0.5644384517267409,0.05585809758846476,0.14351960344097484,0.2817911566510962,0.05162383479404856,0.2960079111526387,0.1544883599747996,0.2692545426007446,0.5123499669740207
True,-35.0,-0.7500000000000011,645257.9091640739,rowcol,0.5275513711309131,0.05291419635764529,0.15588064754517794,0.2450606699859255,0.2958668449560976,0.29581878684243934,0.11301222820126972,0.1922659284287239,0.5127026126214593
True,85.0,-0.7500000000000011,645257.9091640739,rowcol,0.5275513711309131,0.05291419635764529,0.15588064754517794,0.24506066998592552,0.2958668449560976,0.29581878684243934,0.11301222820126972,0.1922659284287239,0.5127026126214593
False,-80.0,-0.6000000000000011,645257.9091640739,rowcol,0.43822395721068363,0.04500891385274273,0.15870847172007962,0.23678556552572053,0.25202159435600363,0.2877722222456337,0.13491580882173856,0.1832341760807955,0.5129109806859593
False,40.0,-0.6000000000000011,645257.9091640739,rowcol,0.43822395721068363,0.04500891385274273,0.15870847172007965,0.2367855655257205,0.2520215943560037,0.28777222224563376,0.13491580882173856,0.1832341760807955,0.5129109806859594
False,-20.0,0.599999999999999,645257.9091640739,rowcol,0.4382239572084331,0.04500891385259626,0.15870847172450833,0.23678556553114344,0.2520215943538526,0.28777222225418797,0.13491580882863025,0.1832341760823985,0.5129109807046685
True,70.0,1.049999999999999,645257.9091640739,rowcol,0.4573330756138308,0.04793959781465287,0.14951343257232874,0.2646343362030692,0.0524680615254185,0.28486669212755916,0.16101918385885955,0.2463360765993126,0.5131746339200554
True,-50.0,1.049999999999999,645257.9091640739,rowcol,0.4573330756138308,0.047939597814652866,0.14951343257232874,0.26463433620306925,0.0524680615254185,0.28486669212755916,0.16101918385885955,0.2463360765993126,0.5131746339200555
True,-25.0,-0.7500000000000011,645257.9091640739,rowcol,0.5275513710972274,0.052914196693489866,0.1558642394522574,0.24567849718067195,0.29586688752352414,0.29561577915153375,0.1129854486735626,0.1939725098454635,0.5132712155374441
True,-30.0,-0.7500000000000011,645257.9091640739,rowcol,0.5285732078562767,0.05305976140924733,0.156196733010534,0.2447757132697008,0.2958596462586349,0.297126624084348,0.11353045330415502,0.18988694184292698,0.5133659123013028
True,90.0,-0.7500000000000011,645257.9091640739,rowcol,0.5285732078562767,0.05305976140924733,0.156196733010534,0.2447757132697008,0.2958596462586349,0.297126624084348,0.11353045330415502,0.18988694184292698,0.5133659123013028
False,10.0,0.899999999999999,645257.9091640739,rowcol,0.5220823049828289,0.05203237586388441,0.14670295072511833,0.2738260641356759,0.24722913174272404,0.32438552436266366,0.1195969579976558,0.22258654850684742,0.5139349163110308
False,-50.0,-0.9000000000000011,645257.9091640739,rowcol,0.522082304980563,0.052032375863964316,0.1467029507338867,0.2738260641508066,0.24722913176037645,0.32438552438893015,0.1195969580037205,0.22258654850892273,0.5139349163524667
False,70.0,-0.9000000000000011,645257.9091640739,rowcol,0.522082304980563,0.052032375863964316,0.1467029507338867,0.27382606415080657,0.24722913176037645,0.3243855243889301,0.11959695800372049,0.2225865485089228,0.5139349163524667
False,20.0,-0.6000000000000011,645257.9091640739,rowcol,0.4382239571849743,0.04500891410305904,0.15879148283176894,0.23872396051915143,0.25241105720670887,0.28839279232048826,0.13489857514588263,0.1870052229577175,0.5150984090144582
False,-40.0,0.599999999999999,645257.9091640739,rowcol,0.43822395718272367,0.04500891410291257,0.15879148283624836,0.2387239605256803,0.25241105720470847,0.28839279232928916,0.13489857515279885,0.18700522296164682,0.5150984090344254
False,80.0,0.599999999999999,645257.9091640739,rowcol,0.43822395718272367,0.04500891410291257,0.15879148283624836,0.2387239605256803,0.25241105720470847,0.2883927923292891,0.13489857515279885,0.18700522296164682,0.5150984090344254
True,-55.0,-0.7500000000000011,645257.9091640739,rowcol,0.4912714847093163,0.04927996638246841,0.1564342392742787,0.246589544530994,0.2959491617899106,0.2901276908905556,0.11387402580786823,0.2028655599925944,0.5158922623538301
True,65.0,-0.7500000000000011,645257.9091640739,rowcol,0.4912714847093163,0.04927996638246841,0.15643423927427874,0.246589544530994,0.2959491617899106,0.2901276908905556,0.11387402580786823,0.2028655599925944,0.5158922623538302
True,0.0,1.1999999999999988,645257.9091640739,rowcol,0.5029639237575328,0.051092036797725504,0.14871830652539783,0.2707448622406297,0.051675659049793175,0.28036926350649743,0.16019320832872838,0.2623776885726575,0.5168997818168232
True,-75.0,-0.6000000000000011,645257.9091640739,rowcol,0.4416689168286088,0.0458288755406328,0.1582893257361135,0.24332328426008362,0.2731607427738524,0.3019532191253008,0.12657625126600108,0.17977815538590802,0.5181912614684241
True,45.0,-0.6000000000000011,645257.9091640739,rowcol,0.4416689168286088,0.045828875540632794,0.1582893257361135,0.24332328426008362,0.2731607427738524,0.3019532191253008,0.1265762512660011,0.17977815538590802,0.5181912614684241
False,-70.0,-0.7500000000000011,645257.9091640739,rowcol,0.4533010341431003,0.047450518336887716,0.15267581286869303,0.26276356849621335,0.24166607768840667,0.32409010052004916,0.130051044216209,0.19692062596128374,0.5207910071022924
False,50.0,-0.7500000000000011,645257.9091640739,rowcol,0.4533010341431003,0.04745051833688771,0.15267581286869303,0.26276356849621335,0.24166607768840664,0.32409010052004916,0.13005104421620903,0.1969206259612837,0.5207910071022924
False,-10.0,0.749999999999999,645257.9091640739,rowcol,0.45330103414670847,0.04745051833711766,0.1526758128779203,0.2627635685043074,0.24166607771654247,0.32409010052970666,0.13005104421948602,0.19692062596780024,0.5207910071380684
True,15.0,-0.6000000000000011,645257.9091640739,rowcol,0.44166891691282206,0.0458288747290399,0.15826719633955297,0.24601437927620579,0.27316078506355657,0.30169176240797657,0.1265435145282239,0.18675446631536563,0.5208159682948647
False,-70.0,0.899999999999999,645257.9091640739,rowcol,0.5220823055531663,0.05203237014123541,0.14703562641648343,0.2799155739427925,0.24839119805372542,0.32594806296805506,0.11964105491650216,0.23430327911737373,0.5210224531922427
False,50.0,0.899999999999999,645257.9091640739,rowcol,0.5220823055531663,0.05203237014123541,0.14703562641648343,0.2799155739427925,0.24839119805372542,0.32594806296805506,0.11964105491650215,0.2343032791173737,0.5210224531922427
False,-10.0,-0.9000000000000011,645257.9091640739,rowcol,0.5220823055509002,0.052032370141315315,0.14703562642531562,0.2799155739591876,0.2483911980715594,0.3259480629945451,0.11964105492258621,0.2343032791224412,0.5210224532351344
True,-5.0,-0.7500000000000011,645257.9091640739,rowcol,0.49127148561385736,0.04927995736510621,0.15645868971211915,0.2522745099720851,0.29594917403161747,0.2900710018870942,0.11391372744747912,0.21541399303307415,0.5216505791084426
True,-60.0,1.1999999999999988,645257.9091640739,rowcol,0.5029639253692921,0.05109202093112624,0.14878400170957812,0.2794149718062977,0.0516757273261063,0.28039553198043804,0.160265310397232,0.2785876592442062,0.525766976935032
True,60.0,1.1999999999999988,645257.9091640739,rowcol,0.5029639253692921,0.05109202093112624,0.14878400170957812,0.2794149718062977,0.0516757273261063,0.28039553198043804,0.16026531039723196,0.2785876592442062,0.525766976935032
False,10.0,-0.7500000000000011,645257.9091640739,rowcol,0.45330103457205584,0.04745051423901933,0.15294226522961096,0.26805735030258326,0.24265705466539714,0.32539389528401313,0.1300848376930624,0.20793956086330273,0.5268841459914162
False,-50.0,0.749999999999999,645257.9091640739,rowcol,0.45330103457566395,0.04745051423924928,0.15294226523888924,0.2680573503118942,0.2426570546936434,0.32539389529390567,0.13008483769635512,0.2079395608723809,0.5268841460285619
False,70.0,0.749999999999999,645257.9091640739,rowcol,0.45330103457566395,0.04745051423924928,0.15294226523888924,0.2680573503118942,0.24265705469364335,0.32539389529390567,0.13008483769635512,0.2079395608723809,0.5268841460285619
True,-60.0,-0.7500000000000011,645257.9091640739,rowcol,0.4754836140203295,0.04837993171823992,0.15999147332412916,0.24729888905561287,0.2959487400882065,0.2922294674669996,0.11957471503164176,0.20191593312341063,0.5272733090280004
True,60.0,-0.7500000000000011,645257.9091640739,rowcol,0.4754836140203295,0.04837993171823992,0.15999147332412916,0.24729888905561287,0.2959487400882065,0.2922294674669996,0.11957471503164176,0.20191593312341063,0.5272733090280004
False,20.0,1.049999999999999,645257.9091640739,rowcol,0.5599677734017037,0.05645674314852242,0.1433329383504809,0.3004810533712977,0.14756625472533774,0.36529923381336915,0.14254774931928219,0.23237091446268524,0.5304798684227403
False,-40.0,-1.0500000000000012,645257.9091640739,rowcol,0.5599677734066887,0.05645674314893159,0.1433329383702942,0.30048105337792647,0.14756625475957055,0.3652992338129414,0.1425477493363765,0.23237091447903122,0.530479868488809
False,80.0,-1.0500000000000012,645257.9091640739,rowcol,0.5599677734066887,0.05645674314893159,0.1433329383702942,0.30048105337792647,0.14756625475957058,0.3652992338129413,0.1425477493363765,0.23237091447903122,0.530479868488809
True,-20.0,0.899999999999999,645257.9091640739,rowcol,0.4371392953654347,0.04530049344777015,0.1605562267765328,0.2515137706021046,0.06258322691385741,0.2907998058988131,0.17252017982427947,0.2129356732637827,0.533182450931703
True,0.0,-0.7500000000000011,645257.9091640739,rowcol,0.47548361508589826,0.04837992124570505,0.16002964359614444,0.25325472710894403,0.2959487475392978,0.2922452192563325,0.11963508495082842,0.21505973429054515,0.5333436578973774
False,40.0,1.049999999999999,645257.9091640739,rowcol,0.5599677733552015,0.056456743609754834,0.14349374275563162,0.3031385384188496,0.1487265969690004,0.3661280235463568,0.1425192038456559,0.2375701670964685,0.5336197666857444
False,-80.0,1.049999999999999,645257.9091640739,rowcol,0.5599677733552015,0.056456743609754834,0.14349374275563165,0.3031385384188496,0.14872659696900042,0.3661280235463568,0.1425192038456559,0.2375701670964685,0.5336197666857445
False,-20.0,-1.0500000000000012,645257.9091640739,rowcol,0.5599677733601865,0.056456743610164,0.14349374277552562,0.3031385384269833,0.14872659700340385,0.3661280235462563,0.1425192038627928,0.23757016711570578,0.5336197667535602
True,-40.0,0.899999999999999,645257.9091640739,rowcol,0.43713929532902934,0.045300493799074006,0.16052217712627642,0.2535654433620512,0.06258356547283044,0.2903940079189425,0.17248269285366455,0.2178248947474086,0.5351319747408805
True,80.0,0.899999999999999,645257.9091640739,rowcol,0.43713929532902934,0.045300493799074006,0.16052217712627642,0.2535654433620512,0.06258356547283044,0.2903940079189425,0.17248269285366455,0.2178248947474086,0.5351319747408805
False,25.0,1.049999999999999,645257.9091640739,rowcol,0.5685771853555638,0.058010733700709735,0.1386331845465324,0.3204707369857725,0.07751994101875398,0.40524274499562657,0.147061306042798,0.22575132408940343,0.5363702906253697
False,-35.0,-1.0500000000000012,645257.9091640739,rowcol,0.5685771853625436,0.05801073370096447,0.13863318456851395,0.3204707369833814,0.077519941038666,0.40524274497832874,0.14706130606538365,0.22575132410926785,0.5363702906889233
False,85.0,-1.0500000000000012,645257.9091640739,rowcol,0.5685771853625435,0.05801073370096447,0.13863318456851395,0.3204707369833814,0.07751994103866602,0.40524274497832874,0.14706130606538365,0.22575132410926785,0.5363702906889233
True,-5.0,1.1999999999999988,645257.9091640739,rowcol,0.4781439513747567,0.04967311251953677,0.15554035454304718,0.27041053900191997,0.051680125129545965,0.2823054306553236,0.16767765761064013,0.2599861093053482,0.5370316026310615
False,-85.0,1.049999999999999,645257.9091640739,rowcol,0.5685771853098222,0.05801073414903464,0.13870535095041486,0.3214727674283223,0.07854671690632596,0.4056344461441148,0.1470424467648846,0.22777347257575029,0.5375888202795669
False,35.0,1.049999999999999,645257.9091640739,rowcol,0.5685771853098222,0.05801073414903464,0.13870535095041486,0.32147276742832237,0.07854671690632595,0.40563444614411487,0.1470424467648846,0.22777347257575023,0.5375888202795669
False,-25.0,-1.0500000000000012,645257.9091640739,rowcol,0.568577185316802,0.058010734149289374,0.13870535097244696,0.3214727674267629,0.07854671692642531,0.4056344461270036,0.14704244678749873,0.2277734725973258,0.5375888203441037
True,20.0,1.1999999999999988,645257.9091640739,rowcol,0.5755621542802405,0.05728160158537317,0.1516294013037779,0.2839491556327076,0.05161107140431055,0.3182286713749277,0.16339153667991224,0.25152954379158654,0.5388373595440412
True,-65.0,-0.7500000000000011,645257.9091640739,rowcol,0.4591896167381278,0.04745785893931502,0.16387707339196142,0.24790334118232837,0.2959483927791813,0.2945357902261325,0.12564217983807285,0.20045701342821132,0.5395345613582126
True,55.0,-0.7500000000000011,645257.9091640739,rowcol,0.4591896167381278,0.04745785893931502,0.16387707339196142,0.24790334118232837,0.2959483927791813,0.2945357902261325,0.12564217983807285,0.2004570134282113,0.5395345613582126
False,-85.0,-0.6000000000000011,645257.9091640739,rowcol,0.4327298596153373,0.043949473927925455,0.1700041462760862,0.22980907754604848,0.27494076048800364,0.2688210642322861,0.1427957814382906,0.19092621560840475,0.5398215163743071
False,35.0,-0.6000000000000011,645257.9091640739,rowcol,0.4327298596153372,0.043949473927925455,0.17000414627608623,0.22980907754604848,0.27494076048800364,0.268821064232286,0.1427957814382906,0.19092621560840475,0.5398215163743072
False,-25.0,0.599999999999999,645257.9091640739,rowcol,0.43272985961140786,0.04394947392776302,0.17000414627860816,0.22980907754962832,0.274940760474058,0.26882106423831764,0.14279578144673477,0.19092621560919545,0.5398215163854527
False,25.0,-0.6000000000000011,645257.9091640739,rowcol,0.4327298595891886,0.043949474185387666,0.17003778006534492,0.2306089783005941,0.2751072347724216,0.26916137009602265,0.1427846831838739,0.19229370340036933,0.5407223184966288
False,-35.0,0.599999999999999,645257.9091640739,rowcol,0.43272985958525917,0.043949474185225226,0.1700377800678953,0.23060897830482488,0.2751072347585575,0.2691613701022053,0.1427846831923338,0.19229370340243201,0.5407223185085108
False,85.0,0.599999999999999,645257.9091640739,rowcol,0.43272985958525917,0.043949474185225226,0.1700377800678953,0.23060897830482488,0.2751072347585575,0.2691613701022053,0.14278468319233384,0.19229370340243201,0.5407223185085108
True,-80.0,1.1999999999999988,645257.9091640739,rowcol,0.5755621542273937,0.05728160211637451,0.15158132622255407,0.2863717985144559,0.051611618781903096,0.31773420377880485,0.16333875849030527,0.2570510401496501,0.5411157771821181
True,40.0,1.1999999999999988,645257.9091640739,rowcol,0.5755621542273938,0.05728160211637451,0.15158132622255407,0.2863717985144559,0.05161161878190309,0.31773420377880485,0.16333875849030527,0.2570510401496501,0.5411157771821181
False,5.0,0.899999999999999,645257.9091640739,rowcol,0.5049537503959517,0.050748983662573445,0.15459296940668737,0.2773765918697932,0.26354244023744283,0.331731039261532,0.12488061195340205,0.22157287382277677,0.5411555000898554
False,-55.0,-0.9000000000000011,645257.9091640739,rowcol,0.5049537503903748,0.05074898366228225,0.1545929694101189,0.2773765918819812,0.263542440240134,0.3317310392868432,0.1248806119573892,0.22157287381899662,0.5411555001123379
False,65.0,-0.9000000000000011,645257.9091640739,rowcol,0.5049537503903748,0.05074898366228225,0.1545929694101189,0.2773765918819812,0.263542440240134,0.3317310392868432,0.1248806119573892,0.22157287381899662,0.5411555001123379
True,-80.0,-0.6000000000000011,645257.9091640739,rowcol,0.435455818289586,0.045017899671249646,0.1651724575164112,0.24648320103493843,0.27318277891458265,0.30511589824778146,0.1365709105995944,0.1831799722029409,0.542000573584172
True,40.0,-0.6000000000000011,645257.9091640739,rowcol,0.435455818289586,0.045017899671249646,0.1651724575164112,0.24648320103493843,0.2731827789145826,0.30511589824778146,0.13657091059959442,0.1831799722029409,0.542000573584172
True,20.0,-0.6000000000000011,645257.9091640739,rowcol,0.43545581826371327,0.045017899921515996,0.16515039301213755,0.24788063077781541,0.2731828306215227,0.3048581306878664,0.13653934063488046,0.18697315075518864,0.543331809814228
False,-90.0,1.049999999999999,645257.9091640739,rowcol,0.5715447802694186,0.05861867701692986,0.1377425221733395,0.33132587939752794,0.04511142896568789,0.42547017030825773,0.14852754330444434,0.2232890403255984,0.5445534459175464
False,30.0,1.049999999999999,645257.9091640739,rowcol,0.5715447802694186,0.058618677016929854,0.1377425221733395,0.33132587939752794,0.0451114289656879,0.42547017030825773,0.14852754330444434,0.2232890403255984,0.5445534459175464
False,-30.0,-1.0500000000000012,645257.9091640739,rowcol,0.5715447802770475,0.05861867701709795,0.13774252219597558,0.33132587939176084,0.045111428963361185,0.4254701702850359,0.14852754332939203,0.22328904034705646,0.5445534459796876
False,90.0,-1.0500000000000012,645257.9091640739,rowcol,0.5715447802770475,0.05861867701709795,0.13774252219597558,0.33132587939176084,0.045111428963361185,0.4254701702850359,0.14852754332939203,0.22328904034705646,0.5445534459796876
True,5.0,-0.7500000000000011,645257.9091640739,rowcol,0.4591896175849028,0.047457850746144746,0.16390041222234414,0.25355894317336325,0.2959484050209201,0.2944799498072368,0.12567816197786272,0.2131474893599573,0.5452601798403957
True,-55.0,1.1999999999999988,645257.9091640739,rowcol,0.4781439526201282,0.049673100531825345,0.15557969532022742,0.2786747127434072,0.0516802372939504,0.2822122087372597,0.16772079623567623,0.2756645762981792,0.5454137987040895
True,65.0,1.1999999999999988,645257.9091640739,rowcol,0.4781439526201282,0.049673100531825345,0.15557969532022742,0.2786747127434072,0.051680237293950416,0.2822122087372597,0.1677207962356762,0.2756645762981792,0.5454137987040895
False,-75.0,-0.7500000000000011,645257.9091640739,rowcol,0.4387623957960457,0.04581231571137922,0.16392212803470887,0.25675000050475955,0.2501359939729857,0.3159625051284051,0.14270095529780982,0.19339375373232828,0.5485163846088862
False,45.0,-0.7500000000000011,645257.9091640739,rowcol,0.4387623957960457,0.04581231571137922,0.16392212803470887,0.25675000050475955,0.2501359939729857,0.3159625051284051,0.14270095529780982,0.19339375373232828,0.5485163846088862
False,-15.0,0.749999999999999,645257.9091640739,rowcol,0.43876239579645393,0.04581231571136034,0.16392212804346099,0.25675000051435876,0.25013599399034103,0.31596250514178925,0.14270095530415083,0.1933937537374001,0.5485163846447417
False,15.0,1.049999999999999,645257.9091640739,rowcol,0.5464940338628611,0.05450571050988511,0.15302856071765308,0.2895613201981094,0.2198079873891742,0.33999919101976567,0.13740233286683737,0.239042332838454,0.5486470023510686
False,-45.0,-1.0500000000000012,645257.9091640739,rowcol,0.5464940338645448,0.054505710510291086,0.15302856073375418,0.2895613202137012,0.21980798742304788,0.3399991910399851,0.13740233287816064,0.2390423328490388,0.5486470024149637
False,75.0,-1.0500000000000012,645257.9091640739,rowcol,0.5464940338645448,0.054505710510291086,0.15302856073375418,0.2895613202137012,0.21980798742304794,0.339999191039985,0.13740233287816067,0.2390423328490388,0.5486470024149637
False,-65.0,0.899999999999999,645257.9091640739,rowcol,0.5049537514651896,0.05074897302362594,0.15498227985958046,0.2843933686213804,0.26475238269943907,0.33349893490576915,0.12498457040048941,0.2352920006966412,0.5493402082001217
False,55.0,0.899999999999999,645257.9091640739,rowcol,0.5049537514651896,0.050748973023625944,0.15498227985958046,0.2843933686213804,0.26475238269943907,0.33349893490576915,0.12498457040048941,0.2352920006966412,0.5493402082001217
False,-5.0,-0.9000000000000011,645257.9091640739,rowcol,0.5049537514596127,0.05074897302333474,0.15498227986304874,0.284393368634192,0.26475238270226886,0.33349893493113014,0.12498457040448142,0.23529200069491873,0.5493402082233383
False,-90.0,-0.6000000000000011,645257.9091640739,rowcol,0.43091964003979016,0.04355757283940142,0.1745629231051042,0.2274876307801737,0.28541922057243313,0.2607475312906361,0.14552483073469252,0.19517706217330558,0.5511764000954863
False,30.0,-0.6000000000000011,645257.9091640739,rowcol,0.43091964003979016,0.04355757283940141,0.1745629231051042,0.2274876307801737,0.28541922057243313,0.2607475312906361,0.14552483073469252,0.19517706217330558,0.5511764000954863
False,-30.0,0.599999999999999,645257.9091640739,rowcol,0.4309196400352743,0.043557572839248354,0.17456292310687904,0.2274876307830759,0.28541922055418145,0.26074753129537925,0.14552483074373468,0.19517706217420394,0.5511764001037129
False,90.0,0.599999999999999,645257.9091640739,rowcol,0.4309196400352743,0.043557572839248354,0.17456292310687904,0.2274876307830759,0.28541922055418145,0.26074753129537925,0.14552483074373468,0.19517706217420394,0.5511764001037129
True,-15.0,1.049999999999999,645257.9091640739,rowcol,0.44084541724403814,0.04618148879999741,0.1643623347328123,0.258650877656824,0.05250576693287263,0.2916669271086638,0.17730401765469442,0.2272005046935736,0.551737881855261
False,15.0,-0.7500000000000011,645257.9091640739,rowcol,0.4387623958989535,0.04581231472579063,0.16409487992517002,0.2606645107682061,0.2508918693397165,0.3169941387672581,0.14269381743271764,0.2014467181910561,0.5529491505437162
False,-45.0,0.749999999999999,645257.9091640739,rowcol,0.43876239589936183,0.04581231472577174,0.16409487993398608,0.2606645107792405,0.2508918693572525,0.3169941387809384,0.1426938174390838,0.20144671819923785,0.5529491505811988
False,75.0,0.749999999999999,645257.9091640739,rowcol,0.43876239589936183,0.04581231472577174,0.16409487993398608,0.26066451077924047,0.2508918693572525,0.3169941387809384,0.1426938174390838,0.20144671819923782,0.5529491505811988
False,-75.0,1.049999999999999,645257.9091640739,rowcol,0.5464940340197519,0.0545057089368405,0.1532875479273978,0.29442803407519175,0.2210107503900496,0.341361866129161,0.13739195510784877,0.2481787525311787,0.5542906778573851
False,45.0,1.049999999999999,645257.9091640739,rowcol,0.5464940340197519,0.0545057089368405,0.1532875479273978,0.29442803407519175,0.2210107503900496,0.3413618661291609,0.13739195510784877,0.2481787525311787,0.5542906778573851
False,-15.0,-1.0500000000000012,645257.9091640739,rowcol,0.5464940340214357,0.05450570893724648,0.1532875479435813,0.2944280340924957,0.22101075042410895,0.34136186614976455,0.13739195511920907,0.2481787525451382,0.5542906779232395
True,10.0,1.3499999999999988,645257.9091640739,rowcol,0.5562602813649742,0.054792232141723546,0.15688675209737746,0.2848681262315291,0.06052919839871639,0.28430801043948817,0.16861829779598286,0.28533832657883745,0.5555283825236614
True,-45.0,1.049999999999999,645257.9091640739,rowcol,0.4408454173789118,0.04618148751250236,0.16432503743257537,0.26306800633018024,0.05250615195209738,0.29119306148533497,0.17726311960893473,0.23684363542541104,0.5560431186279063
True,75.0,1.049999999999999,645257.9091640739,rowcol,0.4408454173789118,0.04618148751250236,0.16432503743257537,0.26306800633018024,0.05250615195209738,0.29119306148533497,0.17726311960893473,0.23684363542541104,0.5560431186279063
False,-60.0,-0.9000000000000011,645257.9091640739,rowcol,0.48655293974722025,0.04975602315301085,0.15931412634949962,0.2795781453504401,0.2647094576783597,0.3364917102810581,0.13128190553927568,0.22062762794266788,0.557520524398939
False,60.0,-0.9000000000000011,645257.9091640739,rowcol,0.48655293974722025,0.04975602315301085,0.15931412634949962,0.2795781453504401,0.2647094576783597,0.3364917102810581,0.13128190553927566,0.22062762794266788,0.557520524398939
False,0.0,0.899999999999999,645257.9091640739,rowcol,0.4865529397546667,0.04975602315356806,0.1593141263521667,0.27957814534605485,0.2647094576941074,0.33649171026733476,0.13128190553731436,0.22062762795003982,0.557520524402555
True,-70.0,-0.7500000000000011,645257.9091640739,rowcol,0.44393404624986654,0.046316893402339125,0.16941406078499863,0.24953951062665478,0.29595959957234813,0.3005303441853199,0.13403939460335831,0.19667601854536804,0.5577816929816506
True,50.0,-0.7500000000000011,645257.9091640739,rowcol,0.44393404624986654,0.046316893402339125,0.16941406078499863,0.24953951062665478,0.29595959957234813,0.3005303441853199,0.13403939460335834,0.196676018545368,0.5577816929816506
True,-85.0,-0.6000000000000011,645257.9091640739,rowcol,0.4324704087889744,0.04455061054186165,0.17002307103616177,0.24832800498181212,0.273198932185364,0.30275695672501696,0.14343038867899122,0.19089614348219933,0.5583972180902974
True,35.0,-0.6000000000000011,645257.9091640739,rowcol,0.4324704087889744,0.04455061054186165,0.17002307103616177,0.24832800498181212,0.273198932185364,0.30275695672501696,0.14343038867899124,0.1908961434821993,0.5583972180902974
True,25.0,-0.6000000000000011,645257.9091640739,rowcol,0.43247040876281007,0.044550610795849835,0.17001103668749618,0.24881589428308992,0.2731989690648354,0.30259828524452315,0.1434135095940069,0.1922723355750499,0.5588490043455785
True,25.0,1.1999999999999988,645257.9091640739,rowcol,0.5811978602292636,0.058065778873684595,0.1576695457240095,0.2872312583248544,0.05161623788890086,0.33119487571778805,0.17001600572912678,0.24420639446172102,0.5602398954968829
True,-85.0,1.1999999999999988,645257.9091640739,rowcol,0.5811978601770132,0.05806577939667419,0.15764358982038823,0.2880744774731909,0.05161662828522523,0.33090473021216404,0.16998752545073073,0.24635624977217271,0.5610052469343556
True,35.0,1.1999999999999988,645257.9091640739,rowcol,0.5811978601770132,0.058065779396674184,0.15764358982038823,0.2880744774731909,0.05161662828522523,0.33090473021216404,0.16998752545073073,0.24635624977217271,0.5610052469343556
True,5.0,1.3499999999999988,645257.9091640739,rowcol,0.5328842897142521,0.05296794486512763,0.15933326085999663,0.28306986863593403,0.06054274844390672,0.2800688658099947,0.17130815362529478,0.28556926785971193,0.5610696512159239
True,10.0,-0.7500000000000011,645257.9091640739,rowcol,0.443934046687873,0.046316889204173727,0.16940833977259226,0.2542597637576457,0.295959627034036,0.30032148645822,0.13403083453177322,0.2077618296481338,0.5624847830754225
True,-25.0,0.899999999999999,645257.9091640739,rowcol,0.432863227755147,0.04458405760249448,0.16986927413490716,0.25289734362447036,0.0625999188382188,0.2842710480544885,0.18275945999567653,0.22312306485665198,0.5625051660291918
True,-70.0,1.3499999999999988,645257.9091640739,rowcol,0.556260282215298,0.0547922235090876,0.15687563480046718,0.2922845450171786,0.060529440093008535,0.28391047570361055,0.16860605269737108,0.29914563542416756,0.5629114494185801
True,50.0,1.3499999999999988,645257.9091640739,rowcol,0.556260282215298,0.05479222350908759,0.15687563480046718,0.2922845450171786,0.060529440093008535,0.28391047570361055,0.16860605269737108,0.29914563542416756,0.5629114494185801
True,-35.0,0.899999999999999,645257.9091640739,rowcol,0.4328632277181703,0.04458405796149838,0.16985120596871095,0.25361563909395934,0.06260016026217656,0.2840175167895816,0.18273958994394385,0.22488857404941345,0.5631692570000921
True,85.0,0.899999999999999,645257.9091640739,rowcol,0.4328632277181703,0.04458405796149838,0.16985120596871098,0.25361563909395934,0.06260016026217655,0.2840175167895816,0.18273958994394382,0.22488857404941345,0.5631692570000922
True,-90.0,-0.6000000000000011,645257.9091640739,rowcol,0.43166706463312104,0.04440788177274655,0.17167822117445808,0.24874275145218694,0.27320463623514624,0.30025795639542263,0.14574074929434455,0.19516195581769372,0.5637774149755612
True,30.0,-0.6000000000000011,645257.9091640739,rowcol,0.43166706463312104,0.04440788177274655,0.17167822117445808,0.24874275145218694,0.27320463623514624,0.30025795639542263,0.14574074929434455,0.19516195581769372,0.5637774149755612
True,30.0,1.1999999999999988,645257.9091640739,rowcol,0.5827785009662594,0.05828418642254635,0.15953481527433153,0.2873708037041892,0.05162156346095259,0.33369659276721386,0.1720606367794882,0.24163092165560068,0.5659752495271838
True,-90.0,1.1999999999999988,645257.9091640739,rowcol,0.5827785009662594,0.05828418642254633,0.15953481527433155,0.2873708037041892,0.05162156346095259,0.33369659276721386,0.1720606367794882,0.24163092165560068,0.5659752495271839
False,0.0,-0.9000000000000011,645257.9091640739,rowcol,0.486552940996812,0.049756010933532754,0.15971873620206142,0.28684843064931437,0.2659464188785752,0.33831790180277765,0.1314073968676831,0.23499259453363866,0.5660046392554986
False,-60.0,0.899999999999999,645257.9091640739,rowcol,0.4865529410042585,0.049756010934089955,0.1597187362047217,0.28684843064505494,0.2659464188942496,0.3383179017891556,0.13140739686572364,0.23499259454055982,0.5660046392592201
False,60.0,0.899999999999999,645257.9091640739,rowcol,0.4865529410042585,0.049756010934089955,0.1597187362047217,0.28684843064505494,0.2659464188942496,0.3383179017891556,0.13140739686572364,0.23499259454055982,0.5660046392592201
True,-50.0,-0.9000000000000011,645257.9091640739,rowcol,0.5105312402879353,0.05066982751519984,0.17065628841465824,0.2543666981806704,0.31880582333709145,0.2882824921531475,0.12611855798936275,0.22186601456040825,0.5663355634246452
True,70.0,-0.9000000000000011,645257.9091640739,rowcol,0.5105312402879353,0.05066982751519984,0.17065628841465824,0.2543666981806704,0.31880582333709145,0.2882824921531475,0.12611855798936275,0.2218660145604083,0.5663355634246452
True,-45.0,-0.9000000000000011,645257.9091640739,rowcol,0.5238502686119736,0.05202183048478908,0.17115605564786843,0.25330836483612584,0.3187773917092203,0.28819122596574254,0.12692974270698223,0.2197262633280604,0.5667765317797311
True,75.0,-0.9000000000000011,645257.9091640739,rowcol,0.5238502686119736,0.05202183048478908,0.17115605564786843,0.2533083648361258,0.3187773917092203,0.28819122596574254,0.12692974270698226,0.2197262633280604,0.5667765317797311
True,-10.0,1.1999999999999988,645257.9091640739,rowcol,0.4546459151629503,0.04786767138639149,0.16621314304612705,0.2690372823764453,0.05170072722610949,0.28651315828278656,0.17937491971433295,0.253408995244717,0.5676767115148265
True,-65.0,1.3499999999999988,645257.9091640739,rowcol,0.5328842912903313,0.05296792900897176,0.15937646936539412,0.29194753315174693,0.06054285615714652,0.2799631511501281,0.17135566009393705,0.3016579202680595,0.5700769412479293
True,55.0,1.3499999999999988,645257.9091640739,rowcol,0.5328842912903313,0.05296792900897176,0.15937646936539412,0.29194753315174693,0.060542856157146545,0.2799631511501281,0.17135566009393702,0.3016579202680595,0.5700769412479293
True,-15.0,-0.9000000000000011,645257.9091640739,rowcol,0.5238502687491927,0.05202182910301754,0.17112535668661893,0.25717775086315336,0.3187774460663699,0.28778019766943475,0.12688077181534815,0.22828748206835153,0.5705538209230101
False,55.0,-0.9000000000000011,645257.9091640739,rowcol,0.46738239652745545,0.04872192468459758,0.16342257367568064,0.28050083223977623,0.26242406049514877,0.3395987028446759,0.13792088327591884,0.21877235439019835,0.5707685532668181
False,-65.0,-0.9000000000000011,645257.9091640739,rowcol,0.46738239652745545,0.04872192468459758,0.16342257367568064,0.2805008322397763,0.26242406049514877,0.3395987028446759,0.13792088327591884,0.21877235439019835,0.5707685532668182
False,-5.0,0.899999999999999,645257.9091640739,rowcol,0.46738239653453856,0.04872192468515217,0.16342257368399252,0.2805008322446326,0.2624240605264403,0.33959870284691096,0.13792088327671012,0.21877235439874368,0.5707685532966101
True,-10.0,-0.9000000000000011,645257.9091640739,rowcol,0.5105312408711769,0.050669821638664646,0.17064947459917035,0.2599154395113676,0.31880585392956945,0.2880211871108805,0.12610764296049667,0.23367639097938683,0.5718638633088786
True,-30.0,0.899999999999999,645257.9091640739,rowcol,0.43172380018250106,0.044362618083327275,0.17297203137384998,0.25297377829678214,0.06260383762611839,0.2788617033430803,0.18616815959553223,0.22894735341023867,0.5718898724183321
True,90.0,0.899999999999999,645257.9091640739,rowcol,0.43172380018250106,0.04436261808332728,0.17297203137385,0.25297377829678214,0.06260383762611839,0.2788617033430803,0.18616815959553223,0.22894735341023867,0.5718898724183321
True,-50.0,1.1999999999999988,645257.9091640739,rowcol,0.4546459157957179,0.04786766537637981,0.16620381250185756,0.27601806997618794,0.05170097875156896,0.28616254435690713,0.1793646846219833,0.2671886772980595,0.5746295074817607
True,70.0,1.1999999999999988,645257.9091640739,rowcol,0.4546459157957179,0.04786766537637981,0.16620381250185756,0.27601806997618794,0.05170097875156896,0.28616254435690713,0.1793646846219833,0.26718867729805945,0.5746295074817607
True,-40.0,-0.9000000000000011,645257.9091640739,rowcol,0.5326410562689885,0.05311136104865113,0.1738462139901431,0.2538890612953254,0.31874494920622426,0.2945921265830043,0.1311953319440122,0.2137397434703574,0.5754277032657547
True,80.0,-0.9000000000000011,645257.9091640739,rowcol,0.5326410562689885,0.05311136104865113,0.1738462139901431,0.25388906129532546,0.31874494920622426,0.2945921265830044,0.1311953319440122,0.2137397434703574,0.5754277032657548
True,65.0,-0.9000000000000011,645257.9091640739,rowcol,0.49372394230676775,0.04939775396620757,0.1732088086994961,0.25609809917359094,0.3188189744602585,0.2924681324839248,0.13016172596458986,0.22092383751881958,0.5757245252720792
True,-55.0,-0.9000000000000011,645257.9091640739,rowcol,0.49372394230676775,0.04939775396620757,0.1732088086994961,0.256098099173591,0.3188189744602585,0.2924681324839248,0.13016172596458986,0.22092383751881958,0.5757245252720793
True,-20.0,-0.9000000000000011,645257.9091640739,rowcol,0.5326410562280097,0.05311136145961773,0.17381476768676563,0.2559217021408456,0.31874501567996194,0.2941915596497227,0.13114603294701485,0.21861100341273978,0.5773660052011425
True,15.0,1.3499999999999988,645257.9091640739,rowcol,0.5748625728296636,0.05675174352079004,0.16220936832106397,0.2909149395891361,0.06051700258106494,0.3031972862309385,0.1744718099257255,0.28016909909317456,0.577543044552328
False,5.0,-0.9000000000000011,645257.9091640739,rowcol,0.4673823975115125,0.04872191524467925,0.16379089673691133,0.28744006219989016,0.2636391356864259,0.34132325796007307,0.13801501698996702,0.23265694199737527,0.5788127524106241
False,-55.0,0.899999999999999,645257.9091640739,rowcol,0.4673823975185956,0.048721915245233845,0.16379089674524738,0.287440062205568,0.2636391357177246,0.3413232579625215,0.13801501699076518,0.23265694200726852,0.5788127524413101
False,65.0,0.899999999999999,645257.9091640739,rowcol,0.4673823975185956,0.048721915245233845,0.16379089674524738,0.287440062205568,0.2636391357177246,0.3413232579625215,0.13801501699076518,0.23265694200726852,0.5788127524413101
True,0.0,1.3499999999999988,645257.9091640739,rowcol,0.5064270586870259,0.051440054619500165,0.16529248632185828,0.2832226512353038,0.060547638305624533,0.28146918852537944,0.17785813143053542,0.28468893454094935,0.5791001102008786
True,-35.0,-0.9000000000000011,645257.9091640739,rowcol,0.5370550545119067,0.053715505218075645,0.17601267057967857,0.25395543480704347,0.3187208431582554,0.3001292694754661,0.13457759505952174,0.20730968694713584,0.5819934465460792
True,85.0,-0.9000000000000011,645257.9091640739,rowcol,0.5370550545119067,0.053715505218075645,0.1760126705796786,0.25395543480704347,0.3187208431582554,0.3001292694754661,0.13457759505952174,0.20730968694713584,0.5819934465460792
True,-5.0,-0.9000000000000011,645257.9091640739,rowcol,0.49372394340032566,0.04939774303624147,0.1732353079056005,0.26265844884519396,0.3188189880965468,0.2924006488634913,0.13020340711079706,0.23474632124278783,0.5823643725619954
True,-75.0,1.3499999999999988,645257.9091640739,rowcol,0.5748625730298231,0.05675174149328859,0.16216077731967538,0.2959635075797044,0.06051743207450416,0.3026111094265683,0.17441837212174355,0.29025510936055965,0.5824458395387305
True,45.0,1.3499999999999988,645257.9091640739,rowcol,0.5748625730298231,0.05675174149328859,0.16216077731967538,0.2959635075797044,0.06051743207450414,0.3026111094265683,0.17441837212174355,0.29025510936055965,0.5824458395387305
True,-25.0,-0.9000000000000011,645257.9091640739,rowcol,0.5370550544712988,0.05371550562407956,0.1759952329865612,0.2546707554347726,0.3187208905763911,0.29988914531406413,0.1345506096394982,0.20920870883347925,0.5826564543944561
False,10.0,1.049999999999999,645257.9091640739,rowcol,0.5292638136471897,0.052654265698074174,0.16406365263456668,0.29088292722680037,0.26817654531674745,0.34000949803957997,0.13679919216153244,0.24196611517753538,0.5830738851305004
False,-50.0,-1.0500000000000012,645257.9091640739,rowcol,0.5292638136447381,0.05265426569819797,0.16406365264564643,0.2908829272459099,0.2681765453407123,0.34000949807247155,0.13679919216867906,0.24196611518095815,0.5830738851828492
False,70.0,-1.0500000000000012,645257.9091640739,rowcol,0.5292638136447381,0.05265426569819797,0.16406365264564643,0.2908829272459099,0.2681765453407123,0.34000949807247155,0.13679919216867906,0.24196611518095815,0.5830738851828492
True,-30.0,-0.9000000000000011,645257.9091640739,rowcol,0.5382855447174845,0.05388653911417681,0.17665462315580918,0.2535371316632929,0.3187121607936597,0.30137836651121735,0.1355721235190684,0.20482827016988192,0.5835010011307205
True,90.0,-0.9000000000000011,645257.9091640739,rowcol,0.5382855447174845,0.05388653911417681,0.17665462315580918,0.2535371316632929,0.3187121607936597,0.30137836651121735,0.1355721235190684,0.20482827016988192,0.5835010011307205
False,-80.0,-0.7500000000000011,645257.9091640739,rowcol,0.4273834226372645,0.04404986743115035,0.1788484613234822,0.24715213546802645,0.27152405288647746,0.29610082598405313,0.1561368874394521,0.19677649277400344,0.583697519438473
False,40.0,-0.7500000000000011,645257.9091640739,rowcol,0.4273834226372645,0.04404986743115035,0.1788484613234822,0.24715213546802642,0.27152405288647746,0.29610082598405313,0.1561368874394521,0.19677649277400341,0.583697519438473
False,-20.0,0.749999999999999,645257.9091640739,rowcol,0.42738342263454165,0.04404986743097677,0.17884846132987764,0.24715213547560552,0.2715240528849786,0.2961008259951014,0.1561368874485883,0.19677649277754697,0.5836975194652385
True,-75.0,-0.7500000000000011,645257.9091640739,rowcol,0.4316955971045928,0.04506601148119803,0.17747307058466621,0.25303693399309185,0.295983263892513,0.30938819812024604,0.1458394490067463,0.19332330699255548,0.5854561457470905
True,45.0,-0.7500000000000011,645257.9091640739,rowcol,0.4316955971045927,0.04506601148119803,0.17747307058466621,0.2530369339930919,0.2959832638925129,0.30938819812024604,0.1458394490067463,0.19332330699255548,0.5854561457470906
False,20.0,-0.7500000000000011,645257.9091640739,rowcol,0.42738342260527334,0.0440498677415366,0.17894054082616892,0.24946312011985675,0.27197588775290654,0.2968380321759254,0.15611827329291034,0.201162186162615,0.5862847425983635
False,-40.0,0.749999999999999,645257.9091640739,rowcol,0.4273834226025506,0.044049867741363026,0.17894054083262004,0.24946312012874192,0.27197588775158116,0.2968380321872697,0.15611827330207317,0.20116218616882217,0.586284742626602
False,80.0,0.749999999999999,645257.9091640739,rowcol,0.4273834226025506,0.044049867741363026,0.17894054083262004,0.24946312012874192,0.27197588775158116,0.29683803218726973,0.15611827330207317,0.20116218616882217,0.586284742626602
True,-60.0,-0.9000000000000011,645257.9091640739,rowcol,0.47480912224817035,0.04831973159005698,0.17702142457945205,0.2570268743742149,0.31881842640918534,0.295060006321861,0.1360912466708187,0.22000922437267997,0.588091148112571
True,60.0,-0.9000000000000011,645257.9091640739,rowcol,0.47480912224817035,0.04831973159005697,0.17702142457945208,0.2570268743742149,0.3188184264091854,0.2950600063218611,0.13609124667081873,0.22000922437267997,0.5880911481125711
True,15.0,-0.7500000000000011,645257.9091640739,rowcol,0.43169559720918516,0.04506601047928784,0.1774483988838816,0.2562689188410845,0.29598331267857775,0.30906920477777533,0.14580393334949834,0.20142048058123205,0.5886141154927292
True,60.0,1.3499999999999988,645257.9091640739,rowcol,0.5064270604878556,0.05144003689033941,0.16535898391684664,0.292542748102817,0.06054770386147442,0.2814986249149003,0.1779311913445478,0.30151774562254363,0.5886196998533569
True,-60.0,1.3499999999999988,645257.9091640739,rowcol,0.5064270604878556,0.05144003689033941,0.16535898391684667,0.292542748102817,0.06054770386147441,0.2814986249149003,0.1779311913445478,0.30151774562254363,0.588619699853357
False,50.0,-0.9000000000000011,645257.9091640739,rowcol,0.44814533516973987,0.04725962440813999,0.17037801349932355,0.27859786552949267,0.2620986121192235,0.33988015374132574,0.1476421945583722,0.21387332342262025,0.5897319060274633
False,-70.0,-0.9000000000000011,645257.9091640739,rowcol,0.44814533516973987,0.04725962440813999,0.17037801349932355,0.2785978655294927,0.2620986121192235,0.33988015374132574,0.1476421945583722,0.21387332342262025,0.5897319060274634
False,-10.0,0.899999999999999,645257.9091640739,rowcol,0.4481453351742776,0.04725962440845498,0.17037801351084084,0.2785978655409927,0.2620986121547211,0.3398801537557063,0.1476421945625992,0.21387332343097945,0.5897319060735152
False,-70.0,1.049999999999999,645257.9091640739,rowcol,0.5292638143164654,0.05265425897072836,0.16441073099548364,0.2975877288412299,0.26942641622722646,0.3417854781602394,0.1368441704048232,0.25454479887552844,0.5908199218276808
False,50.0,1.049999999999999,645257.9091640739,rowcol,0.5292638143164654,0.05265425897072836,0.16441073099548364,0.2975877288412299,0.2694264162272264,0.3417854781602394,0.13684417040482316,0.25454479887552844,0.5908199218276808
False,-10.0,-1.0500000000000012,645257.9091640739,rowcol,0.5292638143140138,0.05265425897085216,0.16441073100662726,0.2975877288616553,0.26942641625136415,0.34178547819334465,0.1368441704119895,0.2545447988821067,0.5908199218815371
True,0.0,-0.9000000000000011,645257.9091640739,rowcol,0.4748091235286693,0.04831971900735795,0.17706282250048655,0.2638944366227544,0.31881843470911125,0.2950787270496121,0.13615489969872527,0.23447992051750394,0.595082904124214
False,10.0,-0.9000000000000011,645257.9091640739,rowcol,0.4481453356773388,0.047259619594769126,0.17066454414785853,0.2845841642981876,0.2631950344575805,0.34136954017571236,0.14767791519381637,0.2260423878151674,0.5965777967417631
False,-50.0,0.899999999999999,645257.9091640739,rowcol,0.44814533568187653,0.04725961959508411,0.17066454415942853,0.2845841643110252,0.26319503449317944,0.34136954019038596,0.14767791519805984,0.2260423878262856,0.5965777967893108
False,70.0,0.899999999999999,645257.9091640739,rowcol,0.44814533568187653,0.04725961959508411,0.17066454415942853,0.28458416431102523,0.26319503449317944,0.341369540190386,0.14767791519805984,0.2260423878262856,0.5965777967893108
True,-5.0,1.3499999999999988,645257.9091640739,rowcol,0.47862244672467374,0.0498500365434996,0.17227847299359905,0.2827141064848322,0.060552544933440464,0.28349513135839216,0.18553041370301754,0.2820555985754029,0.5995495254656293
True,-20.0,1.049999999999999,645257.9091640739,rowcol,0.43034473606606705,0.04472839089562209,0.1800060772459308,0.2613250253637081,0.0525360608260448,0.29423614292431166,0.19443589922016039,0.23003043292939593,0.6013432571015005
True,-65.0,-0.9000000000000011,645257.9091640739,rowcol,0.45516176355616333,0.04720990387569622,0.18127892003887466,0.2577423042055556,0.31881796806212775,0.2979249454824428,0.1425636768288114,0.21829643234645685,0.6015790643221796
True,55.0,-0.9000000000000011,645257.9091640739,rowcol,0.45516176355616333,0.04720990387569623,0.18127892003887466,0.2577423042055556,0.3188179680621278,0.2979249454824428,0.1425636768288114,0.21829643234645685,0.6015790643221796
True,-40.0,1.049999999999999,645257.9091640739,rowcol,0.43034473602425927,0.044728391297866814,0.1799706452210817,0.2636280243305357,0.05253653134897671,0.2937681954333303,0.19439709431844898,0.23531063934238652,0.6035399599937807
True,80.0,1.049999999999999,645257.9091640739,rowcol,0.43034473602425927,0.044728391297866814,0.1799706452210817,0.2636280243305357,0.05253653134897671,0.2937681954333303,0.19439709431844898,0.23531063934238655,0.6035399599937807
False,20.0,1.1999999999999988,645257.9091640739,rowcol,0.5712052812705158,0.05756234280101001,0.1627886636700536,0.31882264829767715,0.1562392306815854,0.3842678776703947,0.16395429689963892,0.25089969504869586,0.607188639307838
False,-40.0,-1.200000000000001,645257.9091640739,rowcol,0.5712052812762947,0.05756234280149211,0.16278866369259812,0.3188226483064048,0.1562392307213087,0.38426787767117904,0.16395429691920338,0.2508996950681028,0.6071886393841991
False,80.0,-1.200000000000001,645257.9091640739,rowcol,0.5712052812762947,0.05756234280149211,0.16278866369259812,0.3188226483064048,0.15623923072130874,0.38426787767117904,0.16395429691920338,0.2508996950681028,0.6071886393841991
True,5.0,-0.9000000000000011,645257.9091640739,rowcol,0.4551617645666413,0.04720989413343973,0.18130423803957876,0.2642619651632306,0.3188179816984592,0.29785869817402505,0.14260173050465177,0.23227558667173398,0.6081746792819669
True,-55.0,1.3499999999999988,645257.9091640739,rowcol,0.47862244810342675,0.04985002330575171,0.17231843153870452,0.2916028587444951,0.060552652629253224,0.28339069481838375,0.18557427495430864,0.2983342593223927,0.6085581533606086
True,65.0,1.3499999999999988,645257.9091640739,rowcol,0.47862244810342675,0.04985002330575171,0.17231843153870452,0.2916028587444951,0.06055265262925326,0.28339069481838375,0.18557427495430864,0.2983342593223927,0.6085581533606086
False,40.0,1.1999999999999988,645257.9091640739,rowcol,0.571205281217266,0.05756234332942157,0.16295048636748438,0.32168342818934614,0.1574916275898706,0.3851656555703139,0.16392593331473196,0.2564040742701892,0.6105348872917993
False,-80.0,1.1999999999999988,645257.9091640739,rowcol,0.571205281217266,0.05756234332942156,0.1629504863674844,0.32168342818934614,0.15749162758987062,0.3851656555703138,0.16392593331473196,0.2564040742701892,0.6105348872917994
False,-20.0,-1.200000000000001,645257.9091640739,rowcol,0.5712052812230448,0.05756234332990366,0.16295048639011,0.3216834281996893,0.15749162762975036,0.38516565557146876,0.1639259333343387,0.2564040742926198,0.6105348873700194
False,5.0,1.049999999999999,645257.9091640739,rowcol,0.5095081806020388,0.051179760062374104,0.172330874451166,0.2953804273712428,0.28718043373080204,0.3488614611978335,0.14169768720505987,0.24139912453861712,0.6123730507247408
False,-55.0,-1.0500000000000012,645257.9091640739,rowcol,0.5095081805956849,0.05117976006205218,0.17233087445582707,0.2953804273862147,0.28718043373671703,0.34886146122842915,0.14169768720957668,0.24139912453515883,0.6123730507536959
False,65.0,-1.0500000000000012,645257.9091640739,rowcol,0.5095081805956849,0.05117976006205218,0.17233087445582707,0.2953804273862147,0.28718043373671703,0.34886146122842915,0.1416976872095767,0.24139912453515883,0.6123730507536959
True,20.0,1.3499999999999988,645257.9091640739,rowcol,0.5872820179566411,0.0583372243474735,0.1721319414356972,0.29916895637160523,0.06052285843277195,0.3294517805371121,0.18537131256950926,0.27109526467179973,0.6155647806786968
True,40.0,-0.7500000000000011,645257.9091640739,rowcol,0.42384172466371567,0.044040504719032,0.18610630180826476,0.2574085233247773,0.2960106924475711,0.31466729480051825,0.1580417601481072,0.19675211401083695,0.6157274287495715
True,-80.0,-0.7500000000000011,645257.9091640739,rowcol,0.42384172466371567,0.044040504719032,0.1861063018082648,0.2574085233247773,0.2960106924475711,0.31466729480051825,0.1580417601481072,0.19675211401083695,0.6157274287495716
False,-85.0,-0.7500000000000011,645257.9091640739,rowcol,0.42043116265077124,0.042699463096032564,0.1922556902452975,0.23949134877817546,0.2985949861840173,0.2742261754615482,0.165674088859711,0.20579014250088454,0.616258419514068
False,35.0,-0.7500000000000011,645257.9091640739,rowcol,0.42043116265077124,0.042699463096032564,0.1922556902452975,0.23949134877817546,0.29859498618401736,0.2742261754615482,0.165674088859711,0.20579014250088454,0.616258419514068
False,-25.0,0.749999999999999,645257.9091640739,rowcol,0.42043116264586905,0.04269946309582409,0.1922556902493707,0.23949134878256248,0.2985949861668505,0.27422617546765915,0.16567408887093904,0.20579014250343555,0.6162584195306746
True,-15.0,1.1999999999999988,645257.9091640739,rowcol,0.4357632849909453,0.045846391521287784,0.18269211643293723,0.2692208262548722,0.05173013637000604,0.2944225436241069,0.19741437955348884,0.24603613907572,0.6172971755536839
False,25.0,-0.7500000000000011,645257.9091640739,rowcol,0.42043116261808766,0.04269946341784422,0.19229286663290007,0.24044708738969833,0.2987865907838597,0.274636485048526,0.16566213181452516,0.20737560809985084,0.6173256872883985
False,-35.0,0.749999999999999,645257.9091640739,rowcol,0.42043116261318547,0.042699463417635745,0.19229286663700443,0.24044708739486997,0.298786590766788,0.2746364850548351,0.16566213182577025,0.2073756081038633,0.6173256873058832
False,85.0,0.749999999999999,645257.9091640739,rowcol,0.4204311626131855,0.042699463417635745,0.19229286663700443,0.24044708739486997,0.298786590766788,0.2746364850548351,0.16566213182577028,0.20737560810386324,0.6173256873058832
True,20.0,-0.7500000000000011,645257.9091640739,rowcol,0.42384172463145725,0.04404050502948425,0.18608182357087943,0.2590804815917288,0.2960107520967909,0.31435484252793583,0.1580076591599017,0.20116278196528262,0.617325952304367
True,-80.0,1.3499999999999988,645257.9091640739,rowcol,0.5872820178971164,0.058337224946709725,0.17208429988338927,0.3017556288967599,0.060523383558625195,0.32891443383608177,0.18531897839775888,0.2768605880783768,0.6180085285469277
True,40.0,1.3499999999999988,645257.9091640739,rowcol,0.5872820178971164,0.058337224946709725,0.1720842998833893,0.3017556288967599,0.060523383558625174,0.32891443383608177,0.18531897839775888,0.2768605880783768,0.6180085285469278
False,-75.0,-0.9000000000000011,645257.9091640739,rowcol,0.43046254773279413,0.045266586589139124,0.1827702939174218,0.2709411442143428,0.26909998406189134,0.3297080012773242,0.16215524316447963,0.20910197415825985,0.6192520259666082
False,45.0,-0.9000000000000011,645257.9091640739,rowcol,0.43046254773279413,0.045266586589139124,0.1827702939174218,0.2709411442143428,0.26909998406189134,0.3297080012773242,0.16215524316447963,0.20910197415825985,0.6192520259666082
False,-15.0,0.899999999999999,645257.9091640739,rowcol,0.4304625477334878,0.04526658658914856,0.18277029392859573,0.27094114422743976,0.2690999840848615,0.3297080012953932,0.1621552431724215,0.20910197416554133,0.6192520260132269
False,25.0,1.1999999999999988,645257.9091640739,rowcol,0.5809638921460577,0.059309569472494834,0.1597509663764742,0.34110770286193515,0.08325058195983023,0.4288562778997646,0.1700261121311797,0.2439969013721984,0.6203606019913578
False,85.0,-1.200000000000001,645257.9091640739,rowcol,0.5809638921540421,0.05930956947278634,0.15975096640075054,0.34110770285981445,0.08325058197461703,0.4288562778803702,0.1700261121568269,0.24399690139540803,0.620360602062066
False,-35.0,-1.200000000000001,645257.9091640739,rowcol,0.5809638921540421,0.05930956947278634,0.1597509664007505,0.34110770285981457,0.08325058197461703,0.4288562778803702,0.1700261121568269,0.24399690139540808,0.6203606020620661
False,-65.0,1.049999999999999,645257.9091640739,rowcol,0.5095081818535947,0.05117974760279939,0.1727383513949692,0.3030832100178684,0.2884758954337834,0.3508569413772864,0.14180458205630883,0.2560975279039356,0.621298264202776
False,55.0,1.049999999999999,645257.9091640739,rowcol,0.5095081818535947,0.05117974760279939,0.1727383513949692,0.30308321001786837,0.2884758954337834,0.35085694137728635,0.14180458205630883,0.2560975279039356,0.621298264202776
False,-5.0,-1.0500000000000012,645257.9091640739,rowcol,0.5095081818472409,0.05117974760247747,0.1727383513996667,0.30308321003346106,0.2884758954398332,0.3508569414078921,0.1418045820608307,0.2560975279026451,0.6212982642324612
False,15.0,1.1999999999999988,645257.9091640739,rowcol,0.5559962610161321,0.055379987850325205,0.17140213408861715,0.30710975973683496,0.23621928453989063,0.35632072368383083,0.1567250239779684,0.25857249336836485,0.6213161620026864
False,-45.0,-1.200000000000001,645257.9091640739,rowcol,0.555996261018224,0.05537998785082011,0.17140213410754027,0.3071097597561123,0.23621928458139915,0.35632072370901524,0.15672502399103214,0.2585724933813299,0.6213161620787331
False,75.0,-1.200000000000001,645257.9091640739,rowcol,0.555996261018224,0.05537998785082011,0.17140213410754027,0.3071097597561123,0.23621928458139918,0.35632072370901513,0.15672502399103214,0.2585724933813299,0.6213161620787331
False,-85.0,1.1999999999999988,645257.9091640739,rowcol,0.5809638920937863,0.059309569984516725,0.15982254220184688,0.3421817052200771,0.08434332866008704,0.4292760058170857,0.17000746997407967,0.24613532222051698,0.6216493318256178
False,35.0,1.1999999999999988,645257.9091640739,rowcol,0.5809638920937863,0.05930956998451673,0.15982254220184688,0.3421817052200772,0.08434332866008702,0.4292760058170857,0.1700074699740797,0.24613532222051698,0.6216493318256178
False,-25.0,-1.200000000000001,645257.9091640739,rowcol,0.5809638921017706,0.05930956998480823,0.1598225422261739,0.3421817052188444,0.08434332867515867,0.429276005797887,0.170007469999755,0.24613532224552118,0.621649331897366
True,75.0,1.1999999999999988,645257.9091640739,rowcol,0.43576328514196094,0.04584639008590603,0.1826537679088966,0.2740685474860452,0.05173058298928171,0.29388599851549724,0.19737240066911213,0.2562184340351078,0.6220298512127349
True,-45.0,1.1999999999999988,645257.9091640739,rowcol,0.43576328514196094,0.04584639008590603,0.1826537679088966,0.27406854748604526,0.05173058298928171,0.29388599851549724,0.19737240066911213,0.2562184340351078,0.622029851212735
True,-70.0,-0.9000000000000011,645257.9091640739,rowcol,0.4366582887508931,0.04583200702085039,0.18760884681728812,0.2597824380508987,0.31883122189624014,0.3056985553474423,0.15193261858806473,0.21366067058438937,0.6226089785027631
True,50.0,-0.9000000000000011,645257.9091640739,rowcol,0.4366582887508931,0.0458320070208504,0.18760884681728812,0.2597824380508987,0.31883122189624014,0.30569855534744234,0.15193261858806473,0.2136606705843893,0.6226089785027631
True,10.0,1.4999999999999987,645257.9091640739,rowcol,0.564861264085927,0.055497081916064075,0.17471503823062826,0.2986633842878453,0.07573170418478219,0.28740501694667503,0.1872005396257288,0.30781294905200984,0.62280849897973
False,15.0,-0.9000000000000011,645257.9091640739,rowcol,0.4304625478549266,0.04526658542772076,0.1829562215290726,0.2753905737019473,0.2699430661565858,0.3308953246631192,0.1621477053179583,0.21803486327805252,0.6242592382891651
False,-45.0,0.899999999999999,645257.9091640739,rowcol,0.4304625478556202,0.0452665854277302,0.1829562215403139,0.2753905737166314,0.2699430661797438,0.33089532468152266,0.16214770532592682,0.21803486328870855,0.6242592383375731
False,75.0,0.899999999999999,645257.9091640739,rowcol,0.4304625478556202,0.0452665854277302,0.1829562215403139,0.2753905737166314,0.2699430661797438,0.33089532468152266,0.16214770532592682,0.21803486328870855,0.6242592383375731
True,5.0,1.4999999999999987,645257.9091640739,rowcol,0.5391912083423627,0.053490003625469136,0.1765901349108352,0.29653523195988124,0.07573833320592176,0.28152636481622495,0.18926875812053948,0.3085929527363369,0.6263056366923868
False,45.0,1.1999999999999988,645257.9091640739,rowcol,0.5559962611962302,0.055379986042200936,0.1716664110336925,0.31237199320542197,0.23749840795343455,0.3578425060982876,0.15671462605243988,0.2682295839258011,0.6273712263064994
False,-75.0,1.1999999999999988,645257.9091640739,rowcol,0.5559962611962302,0.055379986042200936,0.1716664110336925,0.3123719932054221,0.2374984079534346,0.3578425060982876,0.15671462605243988,0.2682295839258011,0.6273712263064997
False,-15.0,-1.200000000000001,645257.9091640739,rowcol,0.5559962611983221,0.05537998604269584,0.1716664110526984,0.31237199322649867,0.23749840799511304,0.35784250612387586,0.15671462606554068,0.2682295839422799,0.6273712263845939
True,10.0,-0.9000000000000011,645257.9091640739,rowcol,0.43665828927184525,0.04583200205754823,0.18760264729104054,0.26521800865038647,0.31883125248628125,0.30545214958206923,0.15192355609812402,0.22590067956012924,0.6280259505235081
True,-50.0,-1.0500000000000012,645257.9091640739,rowcol,0.5158612583780067,0.051009403189281925,0.18824037999949078,0.2646454744747272,0.3417165625250752,0.2900826763158849,0.14355718979535417,0.24118509447029376,0.6293666144731995
True,70.0,-1.0500000000000012,645257.9091640739,rowcol,0.5158612583780067,0.05100940318928192,0.18824037999949078,0.2646454744747272,0.3417165625250752,0.2900826763158849,0.14355718979535415,0.24118509447029376,0.6293666144731995
False,-60.0,-1.0500000000000012,645257.9091640739,rowcol,0.4881777122204883,0.05003104412011249,0.1773215739825259,0.29796232628774444,0.2887396039852127,0.3543441575004052,0.14824859031633214,0.24052326143560912,0.6299270482353221
False,60.0,-1.0500000000000012,645257.9091640739,rowcol,0.4881777122204883,0.05003104412011249,0.17732157398252588,0.29796232628774444,0.2887396039852127,0.3543441575004052,0.14824859031633214,0.24052326143560912,0.6299270482353221
False,0.0,1.049999999999999,645257.9091640739,rowcol,0.4881777122291469,0.05003104412076995,0.17732157398532147,0.29796232628288255,0.28873960400205606,0.35434415748508813,0.14824859031430582,0.24052326144349823,0.6299270482388469
False,-90.0,-0.7500000000000011,645257.9091640739,rowcol,0.4181508849098168,0.042201826376089824,0.1977042551373859,0.23727577819963502,0.31128341689837485,0.26529714542763183,0.16896559468605823,0.21084668473039553,0.6303885436117928
False,30.0,-0.7500000000000011,645257.9091640739,rowcol,0.4181508849098168,0.042201826376089824,0.1977042551373859,0.23727577819963502,0.31128341689837485,0.26529714542763183,0.16896559468605823,0.21084668473039553,0.6303885436117928
False,-30.0,0.749999999999999,645257.9091640739,rowcol,0.41815088490414776,0.04220182637588954,0.19770425514054693,0.23727577820290635,0.31128341687553235,0.26529714543157035,0.1689655946981019,0.21084668473300514,0.6303885436245471
False,90.0,0.749999999999999,645257.9091640739,rowcol,0.41815088490414776,0.04220182637588954,0.19770425514054693,0.23727577820290635,0.31128341687553235,0.2652971454315704,0.1689655946981019,0.21084668473300514,0.6303885436245471
True,-70.0,1.4999999999999987,645257.9091640739,rowcol,0.5648612650336267,0.05549707227017127,0.17470394641379516,0.30652212900179543,0.075731918825113,0.28696804468577075,0.18718828479124416,0.32204911215122917,0.630633968243181
True,50.0,1.4999999999999987,645257.9091640739,rowcol,0.5648612650336267,0.05549707227017127,0.17470394641379516,0.30652212900179543,0.075731918825113,0.28696804468577075,0.18718828479124416,0.32204911215122917,0.630633968243181
True,-10.0,1.3499999999999988,645257.9091640739,rowcol,0.45218137201438086,0.047816277338297415,0.18364041671960654,0.28085718047260866,0.060566332697816555,0.2880661064700603,0.19799566301534885,0.2746481091078148,0.6317784306314282
False,-90.0,1.1999999999999988,645257.9091640739,rowcol,0.5843398671628629,0.05999732456949749,0.15967778501079247,0.35337831321147467,0.05501474691568494,0.45163048137893413,0.17202576602457267,0.24157633805370224,0.6324116682438521
False,30.0,1.1999999999999988,645257.9091640739,rowcol,0.5843398671628629,0.05999732456949749,0.15967778501079247,0.3533783132114747,0.05501474691568494,0.45163048137893413,0.17202576602457267,0.24157633805370224,0.6324116682438521
False,-30.0,-1.200000000000001,645257.9091640739,rowcol,0.5843398671715605,0.05999732456968201,0.15967778503549,0.3533783132050729,0.05501474689609033,0.4516304813521571,0.17202576605281839,0.24157633807856188,0.6324116683115428
False,90.0,-1.200000000000001,645257.9091640739,rowcol,0.5843398671715605,0.05999732456968201,0.15967778503549,0.35337831320507285,0.055014746896090344,0.4516304813521571,0.17202576605281839,0.24157633807856188,0.6324116683115428
True,-45.0,-1.0500000000000012,645257.9091640739,rowcol,0.5313033073579195,0.05257061563168638,0.1897541624095819,0.26324625346091074,0.34168368569314744,0.2904517034659311,0.14590840890226817,0.23797113020297306,0.6325087406896565
True,75.0,-1.0500000000000012,645257.9091640739,rowcol,0.5313033073579195,0.05257061563168638,0.1897541624095819,0.2632462534609108,0.34168368569314744,0.2904517034659311,0.14590840890226817,0.23797113020297306,0.6325087406896565
True,-25.0,1.049999999999999,645257.9091640739,rowcol,0.4253865695633244,0.043880673667410504,0.19069784796185213,0.2628891889043358,0.052546964415314,0.28663342326700386,0.20613357187099746,0.2411171913874117,0.6349827327898923
True,-10.0,-1.0500000000000012,645257.9091640739,rowcol,0.5158612590646707,0.05100939624500433,0.18823317327501018,0.2708624062572408,0.34171659582334457,0.2897796913722095,0.14354600274797072,0.25386424423222764,0.6355619260822714
True,85.0,1.049999999999999,645257.9091640739,rowcol,0.4253865695207529,0.043880674080105306,0.19067907088744074,0.26369525748079786,0.05254729996183743,0.2863400552873654,0.20611301889548014,0.24302324147510987,0.6357324701431201
True,-35.0,1.049999999999999,645257.9091640739,rowcol,0.4253865695207529,0.043880674080105306,0.19067907088744077,0.26369525748079786,0.05254729996183743,0.2863400552873654,0.20611301889548014,0.24302324147510987,0.6357324701431202
True,55.0,1.4999999999999987,645257.9091640739,rowcol,0.5391912100936811,0.05348998597178426,0.17663345354722493,0.3059495831464841,0.0757384288753285,0.28140950999445435,0.18931653493206196,0.3251569334621319,0.6358499437881588
True,-65.0,1.4999999999999987,645257.9091640739,rowcol,0.5391912100936811,0.05348998597178426,0.17663345354722496,0.3059495831464842,0.07573842887532847,0.28140950999445435,0.18931653493206196,0.325156933462132,0.6358499437881591
True,-85.0,-0.7500000000000011,645257.9091640739,rowcol,0.42008635454344145,0.043446510995340845,0.19218464062579318,0.2598965447417397,0.29603092515978424,0.31227977990177525,0.16641371036908703,0.20576613144323921,0.6364504666191192
True,35.0,-0.7500000000000011,645257.9091640739,rowcol,0.42008635454344145,0.043446510995340845,0.19218464062579318,0.2598965447417397,0.29603092515978424,0.31227977990177525,0.16641371036908703,0.20576613144323921,0.6364504666191192
True,-15.0,-1.0500000000000012,645257.9091640739,rowcol,0.531303307519296,0.05257061400073887,0.18972185746958414,0.2675874951311615,0.3416837448584015,0.28997585198504483,0.14585870876871282,0.24719437066470148,0.6367530675399139
True,25.0,-0.7500000000000011,645257.9091640739,rowcol,0.42008635451073106,0.04344651131161906,0.1921713323685208,0.2604791788621253,0.2960309677036171,0.31208747999545927,0.16639552555369347,0.20736162137952985,0.6369931759676877
True,-55.0,-1.0500000000000012,645257.9091640739,rowcol,0.49637106929587593,0.0495363404969049,0.19057263012039158,0.2668971759250531,0.3417317031524101,0.2950358388481207,0.1471438343948511,0.2406996880718443,0.6386150662862278
True,65.0,-1.0500000000000012,645257.9091640739,rowcol,0.4963710692958759,0.0495363404969049,0.1905726301203916,0.2668971759250531,0.3417317031524101,0.2950358388481207,0.1471438343948511,0.2406996880718443,0.6386150662862279
False,0.0,-1.0500000000000012,645257.9091640739,rowcol,0.4881777136734933,0.050031029942420084,0.17774571278195805,0.3059353130751031,0.2900626824690931,0.35639914649223,0.14837824626681884,0.2559047416090715,0.6391724514209772
False,-60.0,1.049999999999999,645257.9091640739,rowcol,0.4881777136821519,0.05003102994307755,0.17774571278474696,0.30593531307039984,0.2900626824858595,0.35639914647706133,0.14837824626479423,0.2559047416164863,0.6391724514246407
False,60.0,1.049999999999999,645257.9091640739,rowcol,0.48817771368215185,0.05003102994307755,0.17774571278474696,0.3059353130703999,0.2900626824858595,0.3563991464770614,0.14837824626479423,0.2559047416164863,0.6391724514246407
True,-50.0,1.3499999999999988,645257.9091640739,rowcol,0.45218137271069503,0.047816270753503996,0.1836309158354464,0.2883769984388051,0.06056657424392114,0.28767376507237685,0.19798523125129222,0.2889670854804475,0.6392697459451443
True,70.0,1.3499999999999988,645257.9091640739,rowcol,0.45218137271069503,0.047816270753503996,0.1836309158354464,0.2883769984388051,0.06056657424392114,0.28767376507237685,0.19798523125129222,0.2889670854804475,0.6392697459451443
True,25.0,1.3499999999999988,645257.9091640739,rowcol,0.5935988206740744,0.059208305088017096,0.17947630172187234,0.30310711563764076,0.060541883914145306,0.34430166891382336,0.1934299519360313,0.26352414076843395,0.6415360208032578
True,-85.0,1.3499999999999988,645257.9091640739,rowcol,0.5935988206152989,0.059208305677277834,0.1794506495033427,0.30400603870225074,0.06054225835994057,0.3439876754169995,0.19340179027033877,0.2657657660838228,0.6423579872122788
True,35.0,1.3499999999999988,645257.9091640739,rowcol,0.5935988206152989,0.059208305677277834,0.1794506495033427,0.30400603870225074,0.06054225835994057,0.34398767541699954,0.19340179027033877,0.2657657660838228,0.6423579872122788
True,-90.0,-0.7500000000000011,645257.9091640739,rowcol,0.4190803114689744,0.04326348429629783,0.19424739505385602,0.2603925821530891,0.29603809845425094,0.30915151602955027,0.16921926655233802,0.21083100623619125,0.6431347673146571
True,30.0,-0.7500000000000011,645257.9091640739,rowcol,0.4190803114689744,0.04326348429629783,0.19424739505385602,0.2603925821530891,0.29603809845425094,0.30915151602955027,0.16921926655233802,0.21083100623619125,0.6431347673146571
False,-65.0,-1.0500000000000012,645257.9091640739,rowcol,0.46580890547329745,0.048827213577564546,0.1815870965818152,0.29883511749012664,0.2859830989033144,0.35764352430097124,0.15516573257374933,0.2384004981001014,0.6435964072355722
False,55.0,-1.0500000000000012,645257.9091640739,rowcol,0.4658089054732974,0.048827213577564546,0.1815870965818152,0.29883511749012664,0.28598309890331447,0.35764352430097124,0.1551657325737493,0.2384004981001014,0.6435964072355722
False,-5.0,1.049999999999999,645257.9091640739,rowcol,0.4658089054816922,0.04882721357824453,0.1815870965915574,0.29883511749694325,0.28598309893986,0.35764352430571483,0.15516573257495084,0.2384004981098472,0.6435964072716154
True,0.0,1.4999999999999987,645257.9091640739,rowcol,0.5100665932635441,0.05180632370498869,0.18250465959706863,0.29667173362415167,0.07574317776638602,0.2828531353870935,0.19578953273566382,0.30781316990686625,0.6441857124153576
True,-40.0,-1.0500000000000012,645257.9091640739,rowcol,0.5415240330248235,0.053827730564849456,0.1938739092955279,0.2639911491321646,0.3416460162696171,0.29860492414873263,0.1521922754312624,0.2308987996560824,0.6456128770187483
True,80.0,-1.0500000000000012,645257.9091640739,rowcol,0.5415240330248235,0.053827730564849456,0.1938739092955279,0.26399114913216465,0.3416460162696171,0.29860492414873263,0.1521922754312624,0.2308987996560824,0.6456128770187484
True,-30.0,1.049999999999999,645257.9091640739,rowcol,0.4240722548551109,0.0436166116248391,0.1942491768446693,0.26287560548329725,0.05254771721659374,0.27999239646851787,0.21001737267681472,0.24756610544786622,0.6456231360173051
True,90.0,1.049999999999999,645257.9091640739,rowcol,0.4240722548551109,0.0436166116248391,0.1942491768446693,0.26287560548329725,0.05254771721659374,0.27999239646851787,0.21001737267681472,0.24756610544786625,0.6456231360173051
True,-5.0,-1.0500000000000012,645257.9091640739,rowcol,0.49637107058055585,0.04953632762397074,0.1906007292405532,0.27423443339341597,0.3417317179947323,0.2949577918361029,0.147186851001149,0.2555084542231204,0.6460366211150756
True,-20.0,-1.0500000000000012,645257.9091640739,rowcol,0.5415240329767376,0.05382773104860902,0.19384101201664222,0.2662711021550884,0.34164608862383256,0.2981438336961705,0.1521426961831549,0.23615961745391725,0.6477941382050151
True,-90.0,1.3499999999999988,645257.9091640739,rowcol,0.5953752500541337,0.059449249230621566,0.18176813184392146,0.30325702464884735,0.06055221203621862,0.34685203105937007,0.19594320525076867,0.26101707231974397,0.6485614201806117
True,30.0,1.3499999999999988,645257.9091640739,rowcol,0.5953752500541337,0.059449249230621566,0.18176813184392146,0.30325702464884735,0.06055221203621862,0.34685203105937007,0.1959432052507687,0.26101707231974397,0.6485614201806117
True,15.0,1.4999999999999987,645257.9091640739,rowcol,0.5853090790703437,0.05765241232696779,0.18150943003112935,0.3057632660074592,0.0757333249314649,0.3107644639297624,0.19469334894144516,0.3014930960987369,0.6502915561008472
True,-60.0,-1.0500000000000012,645257.9091640739,rowcol,0.4743486529574934,0.04828155020564928,0.19457073619985205,0.2680590334026529,0.3417310213952852,0.29813715793990064,0.1532054752856916,0.2398614051859129,0.651771242002209
True,60.0,-1.0500000000000012,645257.9091640739,rowcol,0.4743486529574934,0.048281550205649275,0.19457073619985205,0.2680590334026529,0.3417310213952853,0.2981371579399007,0.1532054752856916,0.2398614051859129,0.651771242002209
False,5.0,-1.0500000000000012,645257.9091640739,rowcol,0.4658089066085479,0.04882720274733637,0.18197384582312612,0.3064486475723635,0.2872839598495788,0.35958546497296107,0.1552633521181409,0.25327331208481274,0.6523701850417418
False,-55.0,1.049999999999999,645257.9091640739,rowcol,0.4658089066169427,0.04882720274801635,0.18197384583289267,0.3064486475800542,0.2872839598861212,0.3595854649779582,0.15526335211934944,0.2532733120959774,0.6523701850787322
False,65.0,1.049999999999999,645257.9091640739,rowcol,0.4658089066169427,0.04882720274801636,0.18197384583289267,0.3064486475800542,0.2872839598861212,0.3595854649779582,0.1552633521193494,0.2532733120959774,0.6523701850787322
True,60.0,1.4999999999999987,645257.9091640739,rowcol,0.5100665952501884,0.05180630414519265,0.18257157873231208,0.30655594934910385,0.07574323599315572,0.28288568228629163,0.1958632770108699,0.3251311090870231,0.6542706855460401
True,-60.0,1.4999999999999987,645257.9091640739,rowcol,0.5100665952501884,0.05180630414519264,0.1825715787323121,0.30655594934910385,0.07574323599315569,0.28288568228629163,0.19586327701086992,0.3251311090870231,0.6542706855460402
True,-35.0,-1.0500000000000012,645257.9091640739,rowcol,0.5466756053387859,0.05452278160240085,0.19709060720725244,0.26407651234448615,0.3416178866780567,0.30491123392437935,0.15701223883459875,0.2240456889161241,0.6553483339662435
True,85.0,-1.0500000000000012,645257.9091640739,rowcol,0.5466756053387859,0.05452278160240085,0.19709060720725244,0.26407651234448615,0.3416178866780567,0.30491123392437935,0.15701223883459875,0.2240456889161241,0.6553483339662435
True,-75.0,1.4999999999999987,645257.9091640739,rowcol,0.5853090792933556,0.05765241006286579,0.18146118170597328,0.31110011088154693,0.07573370626487527,0.3101289803505957,0.19464014147639527,0.31191448084423257,0.6554836559994668
True,45.0,1.4999999999999987,645257.9091640739,rowcol,0.5853090792933556,0.05765241006286579,0.1814611817059733,0.31110011088154693,0.07573370626487524,0.3101289803505958,0.19464014147639525,0.31191448084423257,0.6554836559994668
True,-75.0,-0.9000000000000011,645257.9091640739,rowcol,0.42177514551761325,0.04431717585254397,0.19715900324267877,0.26429131386718935,0.31885935618990446,0.31767919125045774,0.16560387484320913,0.20909378745136953,0.6557683235952256
True,45.0,-0.9000000000000011,645257.9091640739,rowcol,0.42177514551761325,0.04431717585254397,0.19715900324267877,0.26429131386718935,0.31885935618990446,0.31767919125045774,0.16560387484320913,0.20909378745136953,0.6557683235952256
True,-25.0,-1.0500000000000012,645257.9091640739,rowcol,0.5466756052912117,0.05452278207940616,0.19707243908260655,0.26487898012945066,0.3416179382912973,0.3046354682263667,0.1569852546519998,0.2260957291210012,0.6560962973772703
False,10.0,1.1999999999999988,645257.9091640739,rowcol,0.5365746215240439,0.053308250327986466,0.18231709516242833,0.30929184916598956,0.290655365777852,0.3569551868152631,0.15459424184235457,0.2625935217497731,0.6562431346532746
False,-50.0,-1.200000000000001,645257.9091640739,rowcol,0.5365746215214562,0.053308250328161964,0.18231709517581046,0.30929184918919694,0.29065536580837237,0.35695518685502803,0.1545942418505537,0.26259352175463646,0.6562431347166283
False,70.0,-1.200000000000001,645257.9091640739,rowcol,0.5365746215214562,0.053308250328161964,0.18231709517581046,0.30929184918919694,0.29065536580837237,0.35695518685502803,0.1545942418505537,0.26259352175463646,0.6562431347166283
True,-30.0,-1.0500000000000012,645257.9091640739,rowcol,0.548115693395996,0.05471817699093564,0.1980779231944099,0.2635080378702467,0.3416077141434246,0.30600379734791444,0.15847833719176804,0.221546822286087,0.6577418074534763
True,90.0,-1.0500000000000012,645257.9091640739,rowcol,0.548115693395996,0.05471817699093564,0.1980779231944099,0.2635080378702467,0.3416077141434246,0.30600379734791444,0.15847833719176804,0.221546822286087,0.6577418074534763
False,-80.0,-0.9000000000000011,645257.9091640739,rowcol,0.41659365073260085,0.043111027697091145,0.19962105408277214,0.2597806785439149,0.2915652160080351,0.30682031967127243,0.17781043218364112,0.21230015014654383,0.6586438407922313
False,40.0,-0.9000000000000011,645257.9091640739,rowcol,0.41659365073260085,0.043111027697091145,0.19962105408277214,0.2597806785439149,0.2915652160080351,0.30682031967127243,0.17781043218364112,0.21230015014654383,0.6586438407922313
False,-20.0,0.899999999999999,645257.9091640739,rowcol,0.4165936507294481,0.0431110276968944,0.19962105409124256,0.25978067855383585,0.2915652160074741,0.3068203196848824,0.17781043219505163,0.2123001501523513,0.6586438408275636
True,15.0,-0.9000000000000011,645257.9091640739,rowcol,0.42177514564226126,0.04431717466624444,0.19713235332575588,0.2680022061155092,0.3188594105330813,0.31730636300048165,0.16556634277777726,0.21807288960134494,0.6593992660927768
True,0.0,-1.0500000000000012,645257.9091640739,rowcol,0.474348654452859,0.04828153551422453,0.19461467774982769,0.27573419841144864,0.3417310304292837,0.2981587732659752,0.15327144275541252,0.25535543281354295,0.6595782316609317
False,20.0,-0.9000000000000011,645257.9091640739,rowcol,0.4165936506944,0.043111028066236574,0.19972005226555858,0.2624122696208958,0.2920701317381012,0.30766324282531365,0.17779081799073984,0.21717651216911774,0.6615724264175715
False,-40.0,0.899999999999999,645257.9091640739,rowcol,0.4165936506912472,0.04311102806603982,0.1997200522740881,0.2624122696322836,0.29207013173773205,0.3076632428392536,0.17779081800217847,0.21717651217784126,0.6615724264545478
False,80.0,0.899999999999999,645257.9091640739,rowcol,0.4165936506912472,0.043111028066039815,0.1997200522740881,0.2624122696322836,0.29207013173773205,0.3076632428392536,0.17779081800217847,0.21717651217784126,0.6615724264545478
False,-70.0,-1.0500000000000012,645257.9091640739,rowcol,0.44320259936581796,0.04711222365925497,0.1888781243451412,0.2961474431714168,0.28417307783464374,0.357277692921392,0.16570436073021577,0.23261725748328846,0.6627818162068404
False,50.0,-1.0500000000000012,645257.9091640739,rowcol,0.44320259936581796,0.04711222365925497,0.1888781243451412,0.2961474431714168,0.28417307783464374,0.357277692921392,0.16570436073021577,0.2326172574832884,0.6627818162068404
False,-10.0,1.049999999999999,645257.9091640739,rowcol,0.44320259937135753,0.04711222365966844,0.18887812435894047,0.2961474431864352,0.2841730778775391,0.3572776929407388,0.16570436073540296,0.23261725749349843,0.6627818162632566
False,50.0,1.1999999999999988,645257.9091640739,rowcol,0.5365746222930631,0.05330824258741645,0.1826740710132511,0.3165151372118702,0.29197340045489667,0.35892236409688666,0.15463972958055272,0.2758496096215642,0.6645373502516234
False,-70.0,1.1999999999999988,645257.9091640739,rowcol,0.5365746222930631,0.05330824258741645,0.18267407101325112,0.3165151372118702,0.29197340045489667,0.35892236409688666,0.15463972958055272,0.2758496096215642,0.6645373502516235
False,-10.0,-1.200000000000001,645257.9091640739,rowcol,0.5365746222904755,0.053308242587591946,0.1826740710266969,0.3165151372364254,0.29197340048557874,0.3589223641368537,0.15463972958877173,0.27584960962969995,0.6645373503165161
True,-5.0,1.4999999999999987,645257.9091640739,rowcol,0.47931461744261294,0.05004719869907702,0.18961529048524306,0.29597416060943915,0.07574808521832654,0.2849344293330788,0.20362152125433036,0.30494922896053156,0.6648200320651683
True,-65.0,-1.0500000000000012,645257.9091640739,rowcol,0.45132538065323485,0.046983421783026294,0.19913661095718427,0.26887899098506385,0.3417304447169563,0.3015878098873254,0.15999148539021169,0.23791519587562351,0.6662888238566167
True,55.0,-1.0500000000000012,645257.9091640739,rowcol,0.45132538065323485,0.046983421783026294,0.19913661095718427,0.26887899098506385,0.3417304447169563,0.3015878098873254,0.15999148539021169,0.23791519587562351,0.6662888238566167
False,10.0,-1.0500000000000012,645257.9091640739,rowcol,0.4432025999492032,0.04711221817112809,0.18917968039184052,0.3027335505392181,0.28535289111735956,0.3589640904496032,0.16574149237702474,0.24567537251272253,0.6702725917147396
False,-50.0,1.049999999999999,645257.9091640739,rowcol,0.4432025999547427,0.04711221817154155,0.18917968040569363,0.30273355055565293,0.2853528911603458,0.3589640904692741,0.16574149238222896,0.24567537252583455,0.6702725917727338
False,70.0,1.049999999999999,645257.9091640739,rowcol,0.4432025999547427,0.04711221817154155,0.18917968040569363,0.30273355055565304,0.2853528911603458,0.35896409046927413,0.16574149238222896,0.24567537252583455,0.6702725917727339
True,-20.0,1.1999999999999988,645257.9091640739,rowcol,0.4237723512588884,0.04417073842419197,0.2002547625299841,0.27225930326375325,0.05174749219490893,0.29819459352928496,0.21661855063711732,0.24836018862440531,0.6730235908537054
True,5.0,-1.0500000000000012,645257.9091640739,rowcol,0.45132538182491677,0.04698341052778245,0.19916349972983793,0.27616376347410937,0.3417304595593333,0.30151145887463393,0.16003104548022398,0.25288740067205057,0.6736542626636232
True,-55.0,1.4999999999999987,645257.9091640739,rowcol,0.4793146189491716,0.050047184270383425,0.18965562961882318,0.3054061101573155,0.07574818087541593,0.28481897276684515,0.20366592621657137,0.3217014038609954,0.674372999013785
True,65.0,1.4999999999999987,645257.9091640739,rowcol,0.4793146189491716,0.050047184270383425,0.18965562961882315,0.3054061101573155,0.07574818087541596,0.28481897276684515,0.20366592621657137,0.3217014038609954,0.674372999013785
True,-40.0,1.1999999999999988,645257.9091640739,rowcol,0.42377235121191725,0.04417073887483053,0.2002183635838794,0.2747850131909518,0.05174803812947637,0.29766684829858825,0.21657874397542304,0.253950572054467,0.6754401039425899
True,80.0,1.1999999999999988,645257.9091640739,rowcol,0.4237723512119173,0.04417073887483053,0.2002183635838794,0.2747850131909518,0.05174803812947637,0.29766684829858825,0.21657874397542304,0.253950572054467,0.6754401039425899
True,-15.0,1.3499999999999988,645257.9091640739,rowcol,0.43090382153372736,0.04552966614244881,0.20167188913003892,0.28079914907700554,0.06058057869992538,0.2974989794288881,0.2177524795495949,0.2659442090567272,0.6858148164671223
False,5.0,1.1999999999999988,645257.9091640739,rowcol,0.5142580462807123,0.05164975241431028,0.19085744455682413,0.3147717240393614,0.312240300879602,0.36733396700145626,0.15904487884056623,0.2625437821383986,0.6873440577098338
False,-55.0,-1.200000000000001,645257.9091640739,rowcol,0.5142580462736245,0.05164975241396302,0.19085744456273762,0.31477172405731635,0.31224030088900806,0.36733396703769877,0.15904487884559007,0.2625437821353843,0.6873440577455292
False,65.0,-1.200000000000001,645257.9091640739,rowcol,0.5142580462736245,0.05164975241396302,0.19085744456273762,0.31477172405731635,0.3122403008890081,0.3673339670376987,0.15904487884559007,0.26254378213538426,0.6873440577455292
False,20.0,1.3499999999999988,645257.9091640739,rowcol,0.5824640470177942,0.05867746074631973,0.1830829506462212,0.3382278913583257,0.16769058259199005,0.40434356460674076,0.18575126415183033,0.27038715322810003,0.6874767432969893
False,-40.0,-1.350000000000001,645257.9091640739,rowcol,0.5824640470243835,0.058677460746883424,0.18308295067138014,0.33822789136933396,0.16769058263653228,0.40434356460904186,0.18575126417381826,0.270387153250557,0.6874767433834743
False,80.0,-1.350000000000001,645257.9091640739,rowcol,0.5824640470243835,0.05867746074688342,0.18308295067138014,0.33822789136933396,0.16769058263653233,0.4043435646090419,0.18575126417381826,0.270387153250557,0.6874767433834743
True,-70.0,-1.0500000000000012,645257.9091640739,rowcol,0.42951042235156495,0.045366229978351484,0.20620426470846595,0.27133011274104074,0.3417457092515722,0.31130365722501935,0.17024211041700962,0.23245093617106066,0.6899429068664386
True,50.0,-1.0500000000000012,645257.9091640739,rowcol,0.42951042235156495,0.045366229978351484,0.20620426470846595,0.2713301127410407,0.3417457092515722,0.31130365722501935,0.17024211041700962,0.23245093617106066,0.6899429068664386
True,-45.0,1.3499999999999988,645257.9091640739,rowcol,0.43090382169993463,0.04552966456942271,0.20163280750391666,0.2860263868770834,0.0605810077426361,0.29690155259237344,0.2177096645326926,0.2765496216948335,0.6909248093888334
True,75.0,1.3499999999999988,645257.9091640739,rowcol,0.43090382169993463,0.04552966456942271,0.20163280750391666,0.2860263868770834,0.0605810077426361,0.29690155259237344,0.2177096645326926,0.2765496216948335,0.6909248093888334
False,40.0,1.3499999999999988,645257.9091640739,rowcol,0.5824640469577771,0.05867746134208132,0.1832448302082932,0.34127004849486064,0.1690034363307163,0.4053189242904766,0.18572309976470125,0.27613521168050914,0.6910045391197402
False,-80.0,1.3499999999999988,645257.9091640739,rowcol,0.5824640469577771,0.05867746134208132,0.1832448302082932,0.3412700484948607,0.16900343633071635,0.40531892429047667,0.18572309976470125,0.27613521168050914,0.6910045391197404
False,-20.0,-1.350000000000001,645257.9091640739,rowcol,0.5824640469643664,0.05867746134264502,0.18324483023353347,0.34127004850759457,0.1690034363754077,0.40531892429322236,0.18572309978673118,0.2761352117060925,0.6910045392081949
True,10.0,1.6499999999999986,645257.9091640739,rowcol,0.5735213272059194,0.05621269611931639,0.19303989260414603,0.31331446457790907,0.09424604202754201,0.2910283216921847,0.20600448535367138,0.33089695566817146,0.6924341423903472
True,-80.0,-0.9000000000000011,645257.9091640739,rowcol,0.4122408187058534,0.04307218923514492,0.20752181315615584,0.2699699538636737,0.3188921450411178,0.3254946997921437,0.17994129976412204,0.2123160860042451,0.6925353933321412
True,40.0,-0.9000000000000011,645257.9091640739,rowcol,0.4122408187058534,0.04307218923514492,0.20752181315615584,0.2699699538636737,0.31889214504111774,0.3254946997921437,0.17994129976412204,0.2123160860042451,0.6925353933321412
False,-75.0,-1.0500000000000012,645257.9091640739,rowcol,0.4222966591933121,0.04475683961423248,0.20224133653394055,0.2867899003979681,0.28913759881858075,0.34498412084949526,0.18198473427195533,0.22655896869389758,0.6935139099997898
False,45.0,-1.0500000000000012,645257.9091640739,rowcol,0.4222966591933121,0.04475683961423248,0.20224133653394058,0.28678990039796803,0.28913759881858075,0.3449841208494952,0.18198473427195533,0.22655896869389758,0.6935139099997898
False,-15.0,1.049999999999999,645257.9091640739,rowcol,0.422296659194368,0.04475683961428185,0.20224133654757154,0.2867899004147412,0.2891375988474432,0.344984120872507,0.1819847342815061,0.2265589687035175,0.6935139100574558
True,5.0,1.6499999999999986,645257.9091640739,rowcol,0.5456133185814568,0.05402682710056659,0.1943400493167613,0.3108496847560697,0.0942471238870542,0.28330833219747076,0.2074446213625692,0.33224901432939297,0.6938698327063537
True,20.0,-0.9000000000000011,645257.9091640739,rowcol,0.41224081866724915,0.0430721896046232,0.20749547062105989,0.2718823886413584,0.31889221148417224,0.32513220744368315,0.17990535914264727,0.2172192537466507,0.6943688005045381
True,70.0,-1.200000000000001,645257.9091640739,rowcol,0.5213436936016622,0.05136595192602076,0.20633099073832367,0.2760302744193557,0.3646621589943295,0.2920896210482673,0.16153449167182912,0.2617629304259931,0.6950232466343267
True,-50.0,-1.200000000000001,645257.9091640739,rowcol,0.5213436936016622,0.05136595192602076,0.2063309907383237,0.2760302744193557,0.3646621589943295,0.29208962104826725,0.16153449167182915,0.2617629304259931,0.6950232466343268
True,20.0,1.4999999999999987,645257.9091640739,rowcol,0.5990068371469274,0.05939675305204547,0.19324457999771505,0.31543058572839333,0.07575421355993195,0.3417878907089467,0.20761585168703228,0.2914247883425385,0.6951643257215385
True,10.0,-1.0500000000000012,645257.9091640739,rowcol,0.42951042295354763,0.045366224279005024,0.20619768405375333,0.27739741452783057,0.3417457425470018,0.31102134562587747,0.1702326744630237,0.24558173561932697,0.6959904666890906
False,-85.0,-0.9000000000000011,645257.9091640739,rowcol,0.4081443150839008,0.041456744858515304,0.21498876029577801,0.251859603602077,0.3223891116335139,0.28292238713720563,0.18894452319140587,0.22240255418827604,0.6968258844894111
False,35.0,-0.9000000000000011,645257.9091640739,rowcol,0.4081443150839008,0.041456744858515304,0.21498876029577801,0.251859603602077,0.3223891116335139,0.28292238713720563,0.18894452319140587,0.2224025541882761,0.6968258844894111
False,-25.0,0.899999999999999,645257.9091640739,rowcol,0.40814431507803056,0.041456744858259745,0.2149887603015286,0.25185960360728205,0.3223891116131939,0.28292238714300516,0.18894452320546168,0.22240255419292299,0.6968258845118679
False,-65.0,1.1999999999999988,645257.9091640739,rowcol,0.5142580477151321,0.05164973813230343,0.19127796210332318,0.323049574537081,0.3136021055600284,0.3695334495228159,0.15915372372338388,0.27800406454182003,0.6968834608470506
False,55.0,1.1999999999999988,645257.9091640739,rowcol,0.5142580477151322,0.05164973813230343,0.19127796210332318,0.323049574537081,0.3136021055600284,0.3695334495228159,0.15915372372338388,0.27800406454182003,0.6968834608470506
False,-5.0,-1.200000000000001,645257.9091640739,rowcol,0.5142580477080445,0.05164973813195617,0.19127796210927261,0.3230495745556556,0.31360210556956347,0.3695334495590542,0.15915372372841285,0.27800406454104665,0.6968834608834735
False,15.0,1.3499999999999988,645257.9091640739,rowcol,0.5655606544026601,0.056274288854135414,0.1905300614758087,0.32568928507884465,0.2542095850753939,0.37365790486917383,0.17646366645617453,0.27903596841662137,0.6972794695062707
False,75.0,-1.350000000000001,645257.9091640739,rowcol,0.5655606544051955,0.05627428885472559,0.19053006149748453,0.32568928510176065,0.25420958512452063,0.3736579048992477,0.17646366647094416,0.279035968431995,0.6972794695942142
False,-45.0,-1.350000000000001,645257.9091640739,rowcol,0.5655606544051955,0.05627428885472559,0.19053006149748453,0.3256892851017607,0.2542095851245205,0.3736579048992478,0.17646366647094416,0.279035968431995,0.6972794695942144
True,40.0,1.4999999999999987,645257.9091640739,rowcol,0.5990068370807125,0.059396753719812456,0.19319742903427928,0.31815650359289066,0.07575467971893443,0.34121237293311196,0.20756393368069537,0.2973862254327825,0.6977487906957285
True,-80.0,1.4999999999999987,645257.9091640739,rowcol,0.5990068370807125,0.05939675371981246,0.1931974290342793,0.31815650359289066,0.07575467971893447,0.34121237293311196,0.20756393368069537,0.2973862254327825,0.6977487906957286
False,25.0,-0.9000000000000011,645257.9091640739,rowcol,0.4081443150446847,0.04145674524460087,0.2150286548548053,0.2529448211945257,0.322602065352124,0.28338949182033224,0.18893194194158217,0.22416281464672597,0.6980307857589416
False,85.0,0.899999999999999,645257.9091640739,rowcol,0.40814431503881443,0.041456745244345304,0.21502865486058914,0.2529448212006261,0.3226020653319108,0.2833894918263692,0.18893194195565605,0.22416281465298035,0.6980307857823935
False,-35.0,0.899999999999999,645257.9091640739,rowcol,0.40814431503881443,0.041456745244345304,0.21502865486058917,0.2529448212006261,0.3226020653319108,0.2833894918263692,0.18893194195565605,0.22416281465298035,0.6980307857823936
True,-10.0,1.4999999999999987,645257.9091640739,rowcol,0.44994310373717733,0.04778548732992685,0.20161339635406567,0.293600282584418,0.07575500713059019,0.2898302905726732,0.21682055374448997,0.29673372977524237,0.698440471646615
False,15.0,-1.0500000000000012,645257.9091640739,rowcol,0.4222966593341099,0.04475683828575536,0.2024373729224955,0.2917122443048059,0.2900530150135799,0.34634442398304266,0.1819768983163874,0.2361788789138376,0.6990243630722924
False,-45.0,1.049999999999999,645257.9091640739,rowcol,0.4222966593351658,0.04475683828580472,0.20243737293619626,0.2917122443232797,0.2900530150426332,0.346344424006414,0.1819768983259658,0.2361788789270214,0.6990243631318684
False,75.0,1.049999999999999,645257.9091640739,rowcol,0.42229665933516586,0.04475683828580472,0.20243737293619626,0.29171224432327975,0.2900530150426332,0.3463444240064141,0.1819768983259658,0.2361788789270214,0.6990243631318686
True,-70.0,1.6499999999999986,645257.9091640739,rowcol,0.5735213282513709,0.056212685452886664,0.19302885006769271,0.3215548834712445,0.09424623175002585,0.2905536102375795,0.20599223578282402,0.3454797819988596,0.7006414336743225
True,50.0,1.6499999999999986,645257.9091640739,rowcol,0.5735213282513709,0.056212685452886664,0.19302885006769271,0.3215548834712445,0.09424623175002585,0.2905536102375795,0.20599223578282402,0.3454797819988596,0.7006414336743225
True,-45.0,-1.200000000000001,645257.9091640739,rowcol,0.5388792157044646,0.05313158745656219,0.20893204169079094,0.2742640784512872,0.3646248822171652,0.2930463651215399,0.16545498029909597,0.2574096265610967,0.7010602035236599
True,75.0,-1.200000000000001,645257.9091640739,rowcol,0.5388792157044647,0.053131587456562185,0.20893204169079096,0.27426407845128725,0.3646248822171652,0.2930463651215399,0.16545498029909597,0.2574096265610967,0.7010602035236602
True,-10.0,-1.200000000000001,645257.9091640739,rowcol,0.5213436943931481,0.05136594389275688,0.20632347676931845,0.2828383357090126,0.3646621946549536,0.2917457088763468,0.16152312961184284,0.275124173569529,0.701808766016968
False,-75.0,1.3499999999999988,645257.9091640739,rowcol,0.5655606546061117,0.056274286809431785,0.19079754345882882,0.33128346166372735,0.255546863530091,0.37531338793902147,0.17645327735305366,0.28910960769688127,0.7036760920402139
False,45.0,1.3499999999999988,645257.9091640739,rowcol,0.5655606546061117,0.056274286809431785,0.19079754345882882,0.33128346166372735,0.255546863530091,0.37531338793902147,0.17645327735305366,0.2891096076968813,0.7036760920402139
False,-15.0,-1.350000000000001,645257.9091640739,rowcol,0.5655606546086471,0.056274286810021966,0.19079754348058747,0.3312834616884952,0.2555468635793719,0.3753133879694831,0.17645327736786032,0.2891096077158738,0.7036760921302576
True,-65.0,1.6499999999999986,645257.9091640739,rowcol,0.5456133205076286,0.054026807648283263,0.1943833484194744,0.3207284214873294,0.0942472084564996,0.28318059810668744,0.20749257191780568,0.34919414629580436,0.7038784667457525
True,55.0,1.6499999999999986,645257.9091640739,rowcol,0.5456133205076285,0.054026807648283263,0.1943833484194744,0.32072842148732944,0.09424720845649966,0.2831805981066875,0.20749257191780565,0.34919414629580436,0.7038784667457527
True,-55.0,-1.200000000000001,645257.9091640739,rowcol,0.4992097689042955,0.049695551968110686,0.20837845147000486,0.27883687313791544,0.3646792587395376,0.2978249319315373,0.1646055680610658,0.2618041806248193,0.70397222754793
True,65.0,-1.200000000000001,645257.9091640739,rowcol,0.4992097689042955,0.049695551968110686,0.2083784514700049,0.2788368731379154,0.36467925873953766,0.2978249319315373,0.1646055680610658,0.26180418062481925,0.7039722275479301
True,-15.0,-1.200000000000001,645257.9091640739,rowcol,0.5388792158902834,0.05313158557192247,0.20889851084415084,0.2790241416408482,0.36462494558029507,0.2925072957044125,0.1654048914283037,0.2671586934927937,0.7057196741733007
False,-60.0,-1.200000000000001,645257.9091640739,rowcol,0.49004575582295434,0.050348999383843344,0.19605905467206608,0.3177472936533142,0.31420456281568326,0.37354897115860913,0.16568168280826373,0.26176661290372977,0.7059244576695125
False,60.0,-1.200000000000001,645257.9091640739,rowcol,0.4900457558229543,0.05034899938384334,0.19605905467206608,0.3177472936533142,0.31420456281568326,0.37354897115860913,0.16568168280826373,0.26176661290372977,0.7059244576695125
False,0.0,1.1999999999999988,645257.9091640739,rowcol,0.49004575583281207,0.05034899938460192,0.1960590546749557,0.3177472936477493,0.3142045628333726,0.373548971141344,0.1656816828061916,0.26176661291201425,0.7059244576726165
True,-50.0,1.4999999999999987,645257.9091640739,rowcol,0.4499431044930128,0.0477854802130591,0.20160378072049354,0.301591257703574,0.0757552217048949,0.2893969803539635,0.21680996905775712,0.3114771649393828,0.7064025998650546
True,70.0,1.4999999999999987,645257.9091640739,rowcol,0.4499431044930128,0.0477854802130591,0.20160378072049354,0.301591257703574,0.0757552217048949,0.2893969803539635,0.21680996905775712,0.31147716493938277,0.7064025998650546
False,25.0,1.3499999999999988,645257.9091640739,rowcol,0.5933550880633932,0.060610896450723185,0.18171037009852478,0.3626751819859565,0.09519037276348266,0.4533292013883969,0.1933535375444315,0.26329045861663036,0.7078062922815308
False,-35.0,-1.350000000000001,645257.9091640739,rowcol,0.5933550880723835,0.06061089645105228,0.18171037012498362,0.3626751819842186,0.09519037277173102,0.45332920136705473,0.19335353757308932,0.2632904586431268,0.7078062923591695
False,85.0,-1.350000000000001,645257.9091640739,rowcol,0.5933550880723835,0.06061089645105228,0.18171037012498362,0.3626751819842186,0.09519037277173105,0.45332920136705473,0.19335353757308935,0.2632904586431268,0.7078062923591695
False,-85.0,1.3499999999999988,645257.9091640739,rowcol,0.5933550880045935,0.06061089702634789,0.1817811639049254,0.36380975938598054,0.09626648934736046,0.45377268610022464,0.19333509548186073,0.2655202238906234,0.7091532511007568
False,35.0,1.3499999999999988,645257.9091640739,rowcol,0.5933550880045935,0.0606108970263479,0.1817811639049254,0.36380975938598054,0.09626648934736041,0.45377268610022464,0.19333509548186073,0.26552022389062346,0.7091532511007568
False,-25.0,-1.350000000000001,645257.9091640739,rowcol,0.5933550880135837,0.06061089702667698,0.1817811639314347,0.3638097593851771,0.09626648935598621,0.45377268607908544,0.1933350955105463,0.26552022391897906,0.7091532511794812
True,-25.0,1.1999999999999988,645257.9091640739,rowcol,0.41814506655925,0.043188236120542164,0.21226947839351157,0.2739868530006167,0.051745877281340405,0.28953733496043604,0.22974644146989148,0.26019059070812756,0.7107952881811515
True,0.0,1.6499999999999986,645257.9091640739,rowcol,0.5138787794614886,0.052190459797235675,0.2001903317253926,0.31096611150752845,0.09425184963445193,0.2845169595062787,0.2139204119136724,0.3315803459418056,0.7115371066837063
True,-35.0,1.1999999999999988,645257.9091640739,rowcol,0.4181450665112963,0.04318823658482625,0.2122501997624888,0.27487068932972897,0.05174626669960857,0.28920539951924995,0.22972536661499984,0.26220939420314743,0.7116212886171953
True,85.0,1.1999999999999988,645257.9091640739,rowcol,0.4181450665112963,0.04318823658482625,0.2122501997624888,0.2748706893297289,0.05174626669960857,0.28920539951924995,0.22972536661499982,0.2622093942031474,0.7116212886171953
True,-5.0,-1.200000000000001,645257.9091640739,rowcol,0.4992097703819549,0.049695537124485926,0.20840782094748894,0.2868581871032955,0.3646792746348113,0.29773656924015857,0.16464951549914142,0.2773795106381368,0.7120816499457623
False,30.0,-0.9000000000000011,645257.9091640739,rowcol,0.40538573585721777,0.040849291533683475,0.22127650905183718,0.24997269498253966,0.3371933190711695,0.273655658663947,0.1927778395506791,0.22816042060011363,0.7138022221380512
False,-90.0,-0.9000000000000011,645257.9091640739,rowcol,0.40538573585721777,0.040849291533683475,0.2212765090518372,0.24997269498253966,0.3371933190711695,0.273655658663947,0.1927778395506791,0.22816042060011357,0.7138022221380513
False,-30.0,0.899999999999999,645257.9091640739,rowcol,0.4053857358503841,0.04084929153343171,0.22127650905651533,0.24997269498603034,0.33719331904373384,0.27365565866633174,0.19277783956577485,0.22816042060474873,0.7138022221555763
False,90.0,0.899999999999999,645257.9091640739,rowcol,0.4053857358503841,0.04084929153343171,0.22127650905651533,0.24997269498603034,0.33719331904373384,0.27365565866633174,0.19277783956577485,0.22816042060474873,0.7138022221555763
False,0.0,-1.200000000000001,645257.9091640739,rowcol,0.49004575747720125,0.05034898328308887,0.19649749287173277,0.3263095290089684,0.3155942145659269,0.375811147525671,0.16581427458917622,0.2779359374564845,0.7158020076241667
False,-60.0,1.1999999999999988,645257.9091640739,rowcol,0.49004575748705914,0.050348983283847445,0.19649749287461593,0.3263095290035741,0.3155942145835383,0.37581114750855643,0.16581427458710574,0.27793593746428685,0.7158020076274219
False,60.0,1.1999999999999988,645257.9091640739,rowcol,0.49004575748705914,0.050348983283847445,0.19649749287461593,0.326309529003574,0.3155942145835383,0.37581114750855643,0.1658142745871057,0.2779359374642868,0.7158020076274219
True,-85.0,-0.9000000000000011,645257.9091640739,rowcol,0.407704471292555,0.042347076646116845,0.21481378037524057,0.27313639468718715,0.3189164624940716,0.32327275668424754,0.18978160425689938,0.2223879557469826,0.7175777358129088
True,35.0,-0.9000000000000011,645257.9091640739,rowcol,0.40770447129255505,0.042347076646116845,0.21481378037524057,0.27313639468718715,0.3189164624940716,0.32327275668424754,0.18978160425689938,0.22238795574698267,0.7175777358129088
True,-60.0,-1.200000000000001,645257.9091640739,rowcol,0.47410282975253937,0.04826543982020677,0.21251077951969133,0.28024138567081547,0.36467843733528305,0.30145337035355896,0.17073776145360878,0.2610715394583924,0.7177737242298894
True,60.0,-1.200000000000001,645257.9091640739,rowcol,0.47410282975253937,0.04826543982020677,0.21251077951969133,0.28024138567081547,0.3646784373352831,0.30145337035355896,0.1707377614536088,0.2610715394583924,0.7177737242298894
True,25.0,-0.9000000000000011,645257.9091640739,rowcol,0.40770447125329656,0.04234707702408509,0.21479949281365454,0.2738015998547585,0.3189165098831216,0.3230498356222004,0.18976246949617556,0.22415925483355414,0.7182000782957221
True,-40.0,-1.200000000000001,645257.9091640739,rowcol,0.5505185259266527,0.05455239149736802,0.2145403819222288,0.27518314866961263,0.3645820155829115,0.3031171514810318,0.17374962847471775,0.24927939599880783,0.718804294436299
True,80.0,-1.200000000000001,645257.9091640739,rowcol,0.5505185259266527,0.05455239149736802,0.2145403819222288,0.27518314866961263,0.3645820155829115,0.3031171514810318,0.17374962847471775,0.24927939599880783,0.718804294436299
False,-65.0,-1.200000000000001,645257.9091640739,rowcol,0.46449114551275494,0.04897738105310872,0.20042579543265784,0.3185420859583646,0.3109818297810848,0.3769834860172667,0.17281380360252532,0.25939342674768934,0.7198194722563381
False,55.0,-1.200000000000001,645257.9091640739,rowcol,0.46449114551275494,0.04897738105310872,0.20042579543265784,0.3185420859583646,0.3109818297810848,0.3769834860172667,0.17281380360252532,0.25939342674768934,0.7198194722563381
False,-5.0,1.1999999999999988,645257.9091640739,rowcol,0.4644911455224944,0.0489773810539221,0.20042579544379624,0.3185420859669591,0.3109818298226954,0.37698348602427556,0.17281380360414925,0.2593934267585532,0.7198194722983478
True,-20.0,-1.200000000000001,645257.9091640739,rowcol,0.5505185258714019,0.0545523920549349,0.214506406885644,0.2776822812362547,0.36458209307134914,0.30259799154636513,0.17369999758676571,0.2548496480541344,0.7212015018931868
True,60.0,1.6499999999999986,645257.9091640739,rowcol,0.5138787816305859,0.05219043843982169,0.20025744071346357,0.3213387594282091,0.09425190110621814,0.2845525515531285,0.21399465647805596,0.349289200227743,0.7221110815685998
True,-60.0,1.6499999999999986,645257.9091640739,rowcol,0.5138787816305859,0.05219043843982169,0.2002574407134636,0.3213387594282091,0.09425190110621808,0.2845525515531285,0.213994656478056,0.349289200227743,0.7221110815685999
True,-30.0,1.1999999999999988,645257.9091640739,rowcol,0.416661624269174,0.04287977045959012,0.2162515504397593,0.2738629529079995,0.0517413031811711,0.28158897296969726,0.23409603977968574,0.2671925656257021,0.7226176042272774
True,90.0,1.1999999999999988,645257.9091640739,rowcol,0.416661624269174,0.04287977045959012,0.21625155043975933,0.2738629529079995,0.0517413031811711,0.28158897296969726,0.23409603977968574,0.26719256562570215,0.7226176042272775
False,-90.0,1.3499999999999988,645257.9091640739,rowcol,0.5971362748698165,0.06137708927025192,0.1824350575397775,0.3763150364948956,0.07339576527034328,0.4785675098122077,0.19587578880400225,0.2609576074552571,0.7236202091142281
False,30.0,1.3499999999999988,645257.9091640739,rowcol,0.5971362748698165,0.06137708927025192,0.1824350575397775,0.3763150364948956,0.07339576527034328,0.4785675098122077,0.19587578880400225,0.2609576074552571,0.7236202091142281
False,90.0,-1.350000000000001,645257.9091640739,rowcol,0.5971362748795784,0.0613770892704514,0.18243505756644143,0.37631503648789777,0.0733957652391352,0.47856750978189455,0.19587578883549484,0.26095760748343066,0.723620209187222
False,-30.0,-1.350000000000001,645257.9091640739,rowcol,0.5971362748795784,0.0613770892704514,0.1824350575664414,0.3763150364878978,0.07339576523913521,0.47856750978189466,0.19587578883549484,0.26095760748343066,0.7236202091872221
True,15.0,1.6499999999999986,645257.9091640739,rowcol,0.5957767927612767,0.058559781675461935,0.20127908197664068,0.32148341694156757,0.09425847878374782,0.31917739664141487,0.2151243564892305,0.32341002732814544,0.7253206628714897
True,-90.0,-0.9000000000000011,645257.9091640739,rowcol,0.40649485217556725,0.042121630055450845,0.21727789664413383,0.273703583246654,0.3189251134437078,0.31953102250184334,0.19306696278443977,0.2281450314547347,0.7255372731790555
True,30.0,-0.9000000000000011,645257.9091640739,rowcol,0.40649485217556725,0.04212163005545084,0.21727789664413383,0.27370358324665406,0.3189251134437078,0.3195310225018434,0.19306696278443977,0.2281450314547347,0.7255372731790555
True,25.0,1.4999999999999987,645257.9091640739,rowcol,0.6060005502632818,0.06035267410023841,0.20185819985990416,0.3200373594301233,0.075783591211978,0.3585065702613985,0.2170878580728131,0.2836750270154442,0.7256119590098358
True,0.0,-1.200000000000001,645257.9091640739,rowcol,0.4741028314624148,0.048265423024402336,0.2125567591985736,0.2886263679612716,0.36467844701017854,0.3014778017249976,0.17080541240914812,0.2773578575371727,0.7262966455569925
True,-85.0,1.4999999999999987,645257.9091640739,rowcol,0.606000550197982,0.06035267475591195,0.20183285793354744,0.32098333101111076,0.07578392358639513,0.3581715083440069,0.21705997757301426,0.2859891987504053,0.726481904811753
True,35.0,1.4999999999999987,645257.9091640739,rowcol,0.606000550197982,0.06035267475591195,0.20183285793354744,0.32098333101111076,0.07578392358639513,0.35817150834400696,0.21705997757301426,0.2859891987504053,0.726481904811753
True,-75.0,-1.0500000000000012,645257.9091640739,rowcol,0.4119113819054961,0.04358309176141954,0.21721062582821216,0.27689862138727966,0.34177826286773855,0.3267610454024297,0.18570956575802872,0.22662550149226726,0.7285304988719161
True,45.0,-1.0500000000000012,645257.9091640739,rowcol,0.4119113819054961,0.04358309176141954,0.21721062582821216,0.27689862138727966,0.34177826286773855,0.3267610454024297,0.18570956575802872,0.22662550149226726,0.7285304988719161
False,5.0,-1.200000000000001,645257.9091640739,rowcol,0.4644911467947317,0.04897736889510991,0.20082627574091813,0.3267226105237285,0.3123491212926498,0.3791232272348064,0.17291397779220546,0.27503125252750715,0.7292014377464828
False,-55.0,1.1999999999999988,645257.9091640739,rowcol,0.46449114680447123,0.0489773688959233,0.20082627575208103,0.326722610533216,0.31234912133424875,0.3791232272420587,0.17291397779383638,0.2750312525398489,0.7292014377894591
False,65.0,1.1999999999999988,645257.9091640739,rowcol,0.46449114680447123,0.0489773688959233,0.200826275752081,0.32672261053321605,0.31234912133424875,0.3791232272420587,0.17291397779383635,0.2750312525398489,0.7292014377894591
True,45.0,1.6499999999999986,645257.9091640739,rowcol,0.5957767930072312,0.05855977917316439,0.20123122239721006,0.3270671177016268,0.0942588158105636,0.3184967600772627,0.21507138765712122,0.33410455438737485,0.7307607848932569
True,-75.0,1.6499999999999986,645257.9091640739,rowcol,0.5957767930072312,0.05855977917316439,0.20123122239721006,0.32706711770162683,0.09425881581056364,0.3184967600772627,0.21507138765712122,0.33410455438737496,0.730760784893257
True,-35.0,-1.200000000000001,645257.9091640739,rowcol,0.5564069615572124,0.0553357643361453,0.21884130783127545,0.2752886784557799,0.36454986469465656,0.3101428722075755,0.17999140501302072,0.24212327540718348,0.7318126019496063
True,85.0,-1.200000000000001,645257.9091640739,rowcol,0.5564069615572124,0.0553357643361453,0.21884130783127545,0.27528867845578,0.3645498646946566,0.3101428722075755,0.17999140501302072,0.24212327540718342,0.7318126019496063
True,-5.0,1.6499999999999986,645257.9091640739,rowcol,0.4802195395780991,0.050264360834377624,0.20740072390849426,0.31006801323603816,0.09425667341034862,0.28661956444711406,0.22189268890419903,0.3284947361822014,0.732270184961521
False,10.0,1.3499999999999988,645257.9091640739,rowcol,0.5440095157789933,0.05399253438868086,0.20122047353454628,0.32864620847545195,0.3143372236540808,0.3746986652227952,0.17279905748176597,0.284197188389878,0.7323076290790907
False,-50.0,-1.350000000000001,645257.9091640739,rowcol,0.5440095157763175,0.05399253438891559,0.20122047355021264,0.3286462085028206,0.3143372236912906,0.37469866526960444,0.17279905749099625,0.2841971883962419,0.7323076291534585
False,70.0,-1.350000000000001,645257.9091640739,rowcol,0.5440095157763175,0.05399253438891559,0.2012204735502126,0.3286462085028206,0.31433722369129063,0.3746986652696044,0.17279905749099622,0.2841971883962419,0.7323076291534585
True,15.0,-1.0500000000000012,645257.9091640739,rowcol,0.41191138204984373,0.04358309039716484,0.21718240449234166,0.28102908384553593,0.34177832201662045,0.32633814285294954,0.18567051922969705,0.2362920993881402,0.7325762973225609
True,-25.0,-1.200000000000001,645257.9091640739,rowcol,0.5564069615026339,0.05533576488493681,0.21882260800920864,0.2761683640445697,0.3645499199706727,0.3098330130187257,0.17996450339815362,0.2442914636263523,0.7326361880721955
True,-65.0,-1.200000000000001,645257.9091640739,rowcol,0.4476853903968728,0.046778724550502006,0.21733781102852548,0.28115923569613094,0.3646777364333268,0.30551453896645164,0.17777676364956202,0.25890913153574435,0.7331726687817074
True,55.0,-1.200000000000001,645257.9091640739,rowcol,0.4476853903968727,0.046778724550502,0.21733781102852548,0.28115923569613094,0.3646777364333268,0.30551453896645164,0.17777676364956202,0.25890913153574435,0.7331726687817074
True,-90.0,1.4999999999999987,645257.9091640739,rowcol,0.6079724501800309,0.06061529193519948,0.20456525914424178,0.3201963169330772,0.07579739259003568,0.3610607177036339,0.2200625238826219,0.2812707588419836,0.7338920943658025
True,30.0,1.4999999999999987,645257.9091640739,rowcol,0.6079724501800309,0.06061529193519948,0.20456525914424178,0.3201963169330772,0.07579739259003568,0.3610607177036339,0.2200625238826219,0.28127075884198366,0.7338920943658025
True,-30.0,-1.200000000000001,645257.9091640739,rowcol,0.5580574281819015,0.05555445677287472,0.22018501930702017,0.2745566908258167,0.3645381969806193,0.31098624296081484,0.18192281846497851,0.23967096882035946,0.7351117487468772
True,90.0,-1.200000000000001,645257.9091640739,rowcol,0.5580574281819015,0.05555445677287472,0.22018501930702017,0.2745566908258167,0.3645381969806193,0.31098624296081484,0.18192281846497851,0.23967096882035946,0.7351117487468772
False,-80.0,-1.0500000000000012,645257.9091640739,rowcol,0.4058586901005225,0.04219447017809012,0.22084781715412802,0.27425727445449954,0.31204130446382045,0.3194991169943617,0.19978924393516087,0.22940326984467954,0.7368007259168836
False,40.0,-1.0500000000000012,645257.9091640739,rowcol,0.4058586901005225,0.04219447017809012,0.22084781715412802,0.27425727445449954,0.31204130446382045,0.3194991169943616,0.1997892439351609,0.22940326984467954,0.7368007259168836
False,-20.0,1.049999999999999,645257.9091640739,rowcol,0.4058586900969855,0.042194470177874435,0.2208478171647418,0.2742572744669294,0.3120413044644232,0.3194991170106451,0.19978924394886038,0.22940326985296455,0.7368007259611548
False,-70.0,-1.200000000000001,645257.9091640739,rowcol,0.4384800286282852,0.04700892651140112,0.20796331155183356,0.3149981525189163,0.3075361119915399,0.375825402525964,0.1840989591353469,0.2527542342881976,0.738888087174417
False,50.0,-1.200000000000001,645257.9091640739,rowcol,0.4384800286282852,0.04700892651140112,0.2079633115518336,0.3149981525189163,0.3075361119915399,0.375825402525964,0.18409895913534693,0.2527542342881976,0.738888087174417
False,-10.0,1.1999999999999988,645257.9091640739,rowcol,0.4384800286348999,0.047008926511925606,0.2079633115678991,0.31499815253737606,0.3075361120418007,0.3758254025501998,0.1840989591414988,0.2527542343002444,0.7388880872410732
False,20.0,-1.0500000000000012,645257.9091640739,rowcol,0.4058586900561924,0.04219447060449101,0.22095221518984323,0.27717929170600086,0.3125917094290872,0.3204709890906718,0.19976887819167166,0.2346682558466882,0.7400359372755305
False,-40.0,1.049999999999999,645257.9091640739,rowcol,0.40585869005265546,0.042194470604275336,0.22095221520051875,0.2771792917200156,0.31259170942989706,0.3204709891072907,0.19976887820540049,0.23466825585807669,0.7400359373215718
False,80.0,1.049999999999999,645257.9091640739,rowcol,0.40585869005265546,0.042194470604275336,0.22095221520051875,0.2771792917200156,0.31259170942989706,0.32047098910729077,0.19976887820540049,0.23466825585807669,0.7400359373215718
False,-70.0,1.3499999999999988,645257.9091640739,rowcol,0.5440095166484659,0.05399252562818463,0.20158437116488667,0.3362961076364394,0.3157084188092097,0.37681064565082834,0.1728448408093804,0.29798973822350383,0.7410492211310994
False,50.0,1.3499999999999988,645257.9091640739,rowcol,0.5440095166484659,0.05399252562818463,0.20158437116488667,0.3362961076364394,0.3157084188092097,0.3768106456508283,0.1728448408093804,0.29798973822350383,0.7410492211310994
False,-10.0,-1.350000000000001,645257.9091640739,rowcol,0.5440095166457901,0.05399252562841936,0.20158437118061623,0.3362961076651751,0.3157084188465696,0.37681064569782863,0.17284484081863066,0.29798973823322455,0.7410492212070239
True,5.0,-1.200000000000001,645257.9091640739,rowcol,0.4476853917269739,0.046778711821062434,0.21736596745403605,0.28911632907178875,0.3646777523286669,0.3054284009433767,0.1778174522420407,0.2746490851711639,0.7412142314338969
True,65.0,1.6499999999999986,645257.9091640739,rowcol,0.48021954120674426,0.050264345274498565,0.2074412919126611,0.31997123339919414,0.09425675797122549,0.28649330668500156,0.22193751242284138,0.34562457596030155,0.7422951091371774
True,-55.0,1.6499999999999986,645257.9091640739,rowcol,0.4802195412067442,0.05026434527449855,0.20744129191266114,0.31997123339919414,0.09425675797122544,0.28649330668500156,0.2219375124228414,0.34562457596030155,0.7422951091371777
False,10.0,-1.200000000000001,645257.9091640739,rowcol,0.4384800292843818,0.04700892039160036,0.2082763333301516,0.3220918523431936,0.30878209970238146,0.3776909396101533,0.18413715533738534,0.26650055099806164,0.7469208523336484
False,-50.0,1.1999999999999988,645257.9091640739,rowcol,0.43848002929099644,0.04700892039212484,0.20827633334627174,0.32209185236311194,0.3087820997527228,0.37769093963470646,0.18413715534355468,0.26650055101311615,0.7469208524019272
False,70.0,1.1999999999999988,645257.9091640739,rowcol,0.43848002929099644,0.04700892039212484,0.20827633334627174,0.32209185236311194,0.3087820997527228,0.37769093963470646,0.18413715534355465,0.26650055101311615,0.7469208524019272
True,-20.0,1.3499999999999988,645257.9091640739,rowcol,0.4174326353409974,0.04362809013802834,0.22108289885953256,0.2841870067393179,0.06058016238822911,0.30265467208048497,0.23899381826800617,0.26767134812656945,0.7474357033179155
True,-40.0,1.3499999999999988,645257.9091640739,rowcol,0.41743263528912294,0.04362809063436162,0.221045808089866,0.2869087639881076,0.06058068701735921,0.30206966020904036,0.23895322873231753,0.2735088169491518,0.7500461882577056
True,80.0,1.3499999999999988,645257.9091640739,rowcol,0.41743263528912294,0.04362809063436162,0.221045808089866,0.2869087639881076,0.06058068701735921,0.30206966020904036,0.23895322873231753,0.2735088169491518,0.7500461882577056
True,-15.0,1.4999999999999987,645257.9091640739,rowcol,0.42627464210750526,0.04523169860112714,0.22113435159291625,0.29326643689943155,0.07575522478010631,0.3008863939603005,0.23826000495890948,0.28670139715665527,0.7566694916781803
True,-70.0,-1.200000000000001,645257.9091640739,rowcol,0.4224969381440093,0.0449201567129038,0.22510104871191167,0.2840234360840332,0.36469498185066435,0.3173224992915318,0.18884683214252662,0.2526442617348605,0.7593265822197681
True,50.0,-1.200000000000001,645257.9091640739,rowcol,0.4224969381440093,0.0449201567129038,0.22510104871191167,0.2840234360840332,0.36469498185066435,0.3173224992915318,0.18884683214252662,0.2526442617348605,0.7593265822197681
True,-45.0,1.4999999999999987,645257.9091640739,rowcol,0.42627464228789436,0.04523169690109645,0.22109474964141645,0.2988266249200042,0.0757556060032778,0.300230002634872,0.2382165276143504,0.2976412767107123,0.7621108738442535
True,75.0,1.4999999999999987,645257.9091640739,rowcol,0.42627464228789436,0.04523169690109645,0.22109474964141645,0.2988266249200042,0.0757556060032778,0.300230002634872,0.23821652761435036,0.2976412767107123,0.7621108738442535
True,-50.0,-1.350000000000001,645257.9091640739,rowcol,0.5269737889104043,0.0517391228282695,0.22480587182185346,0.28839014000404084,0.38763642281008226,0.2942990964284996,0.1798890392506641,0.2833253858527251,0.7628077554696011
True,70.0,-1.350000000000001,645257.9091640739,rowcol,0.5269737889104043,0.0517391228282695,0.22480587182185344,0.28839014000404084,0.38763642281008226,0.29429909642849966,0.17988903925066407,0.2833253858527251,0.7628077554696011
True,5.0,1.7999999999999985,645257.9091640739,rowcol,0.5521466010069991,0.05457797961944586,0.21245946690633127,0.32590136343364223,0.11447314148591221,0.28540869050139245,0.22578376357438293,0.35641155688178555,0.7632797641526361
True,10.0,1.7999999999999985,645257.9091640739,rowcol,0.5822378344887116,0.056938668885787726,0.21173242463480882,0.32870695024760344,0.11447646096979404,0.2951585431299823,0.2249745501175982,0.35447131282223293,0.7639042241520299
False,5.0,1.3499999999999988,645257.9091640739,rowcol,0.519197983654697,0.05215729639702962,0.2099640153715629,0.3351307079441371,0.3384063086483826,0.3866165192156453,0.1767661846063844,0.28471325759201405,0.7650227540588257
False,65.0,-1.350000000000001,645257.9091640739,rowcol,0.5191979836469184,0.052157296396663354,0.20996401537873885,0.33513070796533156,0.33840630866145616,0.3866165192580384,0.1767661846118997,0.28471325758952976,0.7650227541015481
False,-55.0,-1.350000000000001,645257.9091640739,rowcol,0.5191979836469184,0.052157296396663354,0.20996401537873888,0.33513070796533156,0.33840630866145616,0.3866165192580384,0.1767661846118997,0.28471325758952976,0.7650227541015482
True,10.0,-1.200000000000001,645257.9091640739,rowcol,0.42249693882492606,0.04492015030853465,0.2250941591869519,0.29064450431556355,0.3646950175080791,0.31700596284667726,0.18883711043458978,0.2664634935426589,0.7659269818764192
True,-10.0,1.6499999999999986,645257.9091640739,rowcol,0.4479345023391988,0.0477753411976559,0.21999837665465802,0.3071517046027633,0.09425808475875196,0.29180187932745955,0.23580070331121247,0.31949035434645345,0.7671468345667374
True,-10.0,-1.350000000000001,645257.9091640739,rowcol,0.5269737898079847,0.051739113686224324,0.2247981134617712,0.29571824219336224,0.3876364605505765,0.29391507544310874,0.17987756140526112,0.29722621830736917,0.7701125825786759
False,-75.0,-1.200000000000001,645257.9091640739,rowcol,0.4142726518373604,0.04428446115044256,0.2221715500520916,0.3038901344455961,0.31004074629997685,0.36132627904117737,0.20207900561368455,0.24539180116491907,0.7704047846018709
False,45.0,-1.200000000000001,645257.9091640739,rowcol,0.4142726518373604,0.04428446115044255,0.22217155005209163,0.3038901344455961,0.31004074629997685,0.36132627904117737,0.20207900561368458,0.24539180116491907,0.770404784601871
False,-15.0,1.1999999999999988,645257.9091640739,rowcol,0.41427265183885964,0.0442844611505435,0.22217155006819686,0.3038901344660993,0.3100407463349179,0.3613262790692127,0.20207900562484699,0.245391801176947,0.7704047846706898
False,20.0,1.4999999999999987,645257.9091640739,rowcol,0.5937428613461518,0.059801766812705485,0.20396564566053085,0.35851037640276306,0.18139487972890903,0.42534423438908237,0.20781583871889353,0.2906405148186104,0.7704073133843556
False,-40.0,-1.5000000000000009,645257.9091640739,rowcol,0.5937428613535672,0.05980176681334934,0.20396564568822403,0.35851037641597683,0.18139487977764557,0.4253442343927564,0.20781583874327383,0.2906405148440956,0.770407313480649
False,80.0,-1.5000000000000009,645257.9091640739,rowcol,0.5937428613535671,0.05980176681334934,0.20396564568822403,0.35851037641597683,0.1813948797776456,0.4253442343927564,0.20781583874327383,0.2906405148440957,0.770407313480649
True,-55.0,-1.350000000000001,645257.9091640739,rowcol,0.5022367927716798,0.04987519086355104,0.2265220661860548,0.2917771997843732,0.3876554564584459,0.3008292541364059,0.18240923774562903,0.28394120773197284,0.7713433983425375
True,65.0,-1.350000000000001,645257.9091640739,rowcol,0.5022367927716798,0.04987519086355104,0.2265220661860548,0.2917771997843732,0.3876554564584459,0.30082925413640593,0.182409237745629,0.28394120773197284,0.7713433983425375
True,-80.0,-1.0500000000000012,645257.9091640739,rowcol,0.40065424596069227,0.04211357951556554,0.22928406575821889,0.2839504406039278,0.34181638502622713,0.3374753189355556,0.20213023982638456,0.2294669480373068,0.7718026378785845
True,40.0,-1.0500000000000012,645257.9091640739,rowcol,0.40065424596069227,0.04211357951556554,0.22928406575821889,0.2839504406039278,0.3418163850262271,0.3374753189355556,0.20213023982638456,0.2294669480373068,0.7718026378785845
True,-45.0,-1.350000000000001,645257.9091640739,rowcol,0.5465728844822273,0.053704364070972434,0.2285437880689334,0.28623716040817465,0.38759478383231344,0.2959664219429207,0.18538991271320288,0.2777912919888616,0.7718685246149749
True,75.0,-1.350000000000001,645257.9091640739,rowcol,0.5465728844822273,0.053704364070972434,0.2285437880689334,0.28623716040817465,0.38759478383231344,0.2959664219429207,0.18538991271320285,0.2777912919888616,0.7718685246149749
True,-70.0,1.7999999999999985,645257.9091640739,rowcol,0.5822378356322493,0.056938657192310935,0.21172144197448295,0.33727650052314084,0.1144766313638349,0.2946478974440522,0.22496231401135747,0.36933732358249793,0.7724408264465896
True,50.0,1.7999999999999985,645257.9091640739,rowcol,0.5822378356322494,0.056938657192310935,0.21172144197448292,0.33727650052314084,0.1144766313638349,0.29464789744405223,0.22496231401135744,0.3693373235824979,0.7724408264465896
True,-65.0,1.7999999999999985,645257.9091640739,rowcol,0.5521466031075575,0.05457795836881624,0.21250267452345098,0.3361816188909357,0.1144732174427015,0.28527036735023237,0.2258318251561951,0.3736657090859769,0.7736896424612886
True,55.0,1.7999999999999985,645257.9091640739,rowcol,0.5521466031075575,0.05457795836881624,0.21250267452345098,0.3361816188909357,0.11447321744270153,0.28527036735023237,0.2258318251561951,0.37366570908597685,0.7736896424612886
True,20.0,-1.0500000000000012,645257.9091640739,rowcol,0.4006542459157863,0.04211357994278546,0.22925624987432117,0.28607135307365744,0.34181645734437965,0.33706740532987894,0.2020929123600519,0.23475982866334377,0.773840102696621
False,-80.0,1.4999999999999987,645257.9091640739,rowcol,0.5937428612793498,0.05980176747594995,0.20412710398675352,0.3617111901859445,0.18274366428971328,0.42639620446575716,0.20778786775004282,0.2965845609210039,0.7740925021462051
False,40.0,1.4999999999999987,645257.9091640739,rowcol,0.5937428612793498,0.05980176747594996,0.20412710398675352,0.3617111901859445,0.18274366428971328,0.4263962044657572,0.20778786775004282,0.2965845609210038,0.7740925021462051
False,-20.0,-1.5000000000000009,645257.9091640739,rowcol,0.5937428612867652,0.059801767476593805,0.204127104014528,0.36171119020095677,0.1827436643385989,0.42639620446990406,0.2077878677744647,0.29658456094969615,0.7740925022445406
False,55.0,1.3499999999999988,645257.9091640739,rowcol,0.5191979852723225,0.05215728029443129,0.21039408095694775,0.3438812667925603,0.3398200100657855,0.38897298641166167,0.17687636271350457,0.300771132094861,0.7750635096634035
False,-65.0,1.3499999999999988,645257.9091640739,rowcol,0.5191979852723225,0.05215728029443129,0.21039408095694778,0.3438812667925603,0.3398200100657855,0.38897298641166167,0.17687636271350457,0.30077113209486106,0.7750635096634038
False,-5.0,-1.350000000000001,645257.9091640739,rowcol,0.5191979852645439,0.05215728029406502,0.2103940809641592,0.3438812668143735,0.339820010078981,0.38897298645405676,0.17687636271902504,0.30077113209466527,0.7750635097068511
True,-50.0,1.6499999999999986,645257.9091640739,rowcol,0.44793450315037375,0.047775333592198536,0.21998868321086143,0.3155534113859755,0.09425827445699543,0.29132842836572714,0.23578999715241813,0.3345712669060514,0.7755194610185597
True,70.0,1.6499999999999986,645257.9091640739,rowcol,0.44793450315037386,0.047775333592198536,0.21998868321086143,0.3155534113859755,0.09425827445699543,0.29132842836572714,0.23578999715241813,0.3345712669060513,0.7755194610185597
False,15.0,1.4999999999999987,645257.9091640739,rowcol,0.5751841128552152,0.05718709140776289,0.21020651432066972,0.34502451762884134,0.27346743789174927,0.39166597818063853,0.19649294743586315,0.3002419839383829,0.7756440605908506
False,-45.0,-1.5000000000000009,645257.9091640739,rowcol,0.5751841128582275,0.057187091408449915,0.21020651434504198,0.34502451765538894,0.2734674379484132,0.39166597821561344,0.1964929474523142,0.30024198395617635,0.7756440606905148
False,75.0,-1.5000000000000009,645257.9091640739,rowcol,0.5751841128582275,0.057187091408449915,0.21020651434504198,0.3450245176553889,0.2734674379484132,0.3916659782156134,0.1964929474523142,0.30024198395617635,0.7756440606905148
False,15.0,-1.200000000000001,645257.9091640739,rowcol,0.4142726519962101,0.044284459664434325,0.2223754988670182,0.3092163044711724,0.31101641075371705,0.3628440299931226,0.20207094070262002,0.25554757676585593,0.776342801072227
False,75.0,1.1999999999999988,645257.9091640739,rowcol,0.4142726519977093,0.04428445966453527,0.22237549888319497,0.3092163044934589,0.3110164107888489,0.36284403002152726,0.2020709407138109,0.2555475767815841,0.7763428011430438
False,-45.0,1.1999999999999988,645257.9091640739,rowcol,0.4142726519977093,0.04428445966453527,0.222375498883195,0.3092163044934589,0.3110164107888489,0.36284403002152726,0.2020709407138109,0.255547576781584,0.7763428011430439
True,-15.0,-1.350000000000001,645257.9091640739,rowcol,0.5465728846927467,0.05370436192842322,0.22850930308131087,0.2913667924499263,0.38759485089138285,0.2953658952692861,0.1853396228836584,0.28796059857293654,0.7768947016938589
True,20.0,1.6499999999999986,645257.9091640739,rowcol,0.6107363264456556,0.0604599823508085,0.21478748252157312,0.3325812575205841,0.09429080617500364,0.3551210313310719,0.23004836296437836,0.31236902150991896,0.7769437050853034
True,-80.0,1.6499999999999986,645257.9091640739,rowcol,0.6107363263727389,0.06045998308737584,0.21474081916739945,0.33542526828956415,0.09429121814405689,0.3545117208524363,0.22999682271066166,0.31848953323488716,0.7796477257917624
True,40.0,1.6499999999999986,645257.9091640739,rowcol,0.6107363263727389,0.06045998308737584,0.21474081916739945,0.33542526828956415,0.09429121814405687,0.3545117208524363,0.22999682271066166,0.3184895332348871,0.7796477257917624
True,-5.0,-1.350000000000001,645257.9091640739,rowcol,0.5022367944439344,0.04987517402415672,0.22655246068029816,0.3003976462932217,0.38765547328075833,0.30073083737787937,0.18245385378956142,0.3001171497334225,0.7800550283341161
True,0.0,1.7999999999999985,645257.9091640739,rowcol,0.5178598044089222,0.05259207139217432,0.21823441630390075,0.3259946089990043,0.11447778408269303,0.2864557840824644,0.23220404697024277,0.35586166440118755,0.7806978579107066
False,-85.0,-1.0500000000000012,645257.9091640739,rowcol,0.39587042024504854,0.04022268188293442,0.23806545237921456,0.2665435866802493,0.3462943002051292,0.29462513905421955,0.21247828729112275,0.24040124767428148,0.780739943817893
False,35.0,-1.0500000000000012,645257.9091640739,rowcol,0.39587042024504854,0.04022268188293442,0.23806545237921456,0.26654358668024936,0.3462943002051292,0.2946251390542195,0.21247828729112278,0.24040124767428148,0.780739943817893
False,-25.0,1.049999999999999,645257.9091640739,rowcol,0.3958704202382155,0.04022268188262657,0.2380654523867268,0.2665435866861442,0.3462943001817121,0.29462513905912774,0.2124782873080305,0.2404012476812552,0.7807399438463246
False,25.0,-1.0500000000000012,645257.9091640739,rowcol,0.39587042019930296,0.04022268233316114,0.23810748455656888,0.2677339481483539,0.34652559477731437,0.2951367615563163,0.2124652349382648,0.24230113964673722,0.7820564018180605
False,-35.0,1.049999999999999,645257.9091640739,rowcol,0.3958704201924699,0.04022268233285328,0.2381074845641159,0.267733948155236,0.34652559475401445,0.2951367615614963,0.21246523495519132,0.2423011396554308,0.7820564018475837
False,85.0,1.049999999999999,645257.9091640739,rowcol,0.3958704201924699,0.04022268233285328,0.2381074845641159,0.267733948155236,0.34652559475401445,0.2951367615614963,0.21246523495519132,0.2423011396554308,0.7820564018475837
False,45.0,1.4999999999999987,645257.9091640739,rowcol,0.5751841130821528,0.05718708912523831,0.21047591331978882,0.3508921319498436,0.27484881085230395,0.39342021148549977,0.19648258074951577,0.31065166974738856,0.7823198719092099
False,-75.0,1.4999999999999987,645257.9091640739,rowcol,0.5751841130821528,0.05718708912523831,0.2104759133197888,0.35089213194984364,0.27484881085230395,0.39342021148549977,0.19648258074951577,0.3106516697473886,0.78231987190921
False,-15.0,-1.5000000000000009,645257.9091640739,rowcol,0.575184113085165,0.05718708912592533,0.21047591334424393,0.35089213197829294,0.27484881090910807,0.39342021152086487,0.19648258076600378,0.3106516697688818,0.7823198720110247
False,-60.0,-1.350000000000001,645257.9091640739,rowcol,0.4921543004489995,0.05070859263542652,0.2153360810739707,0.33852805703666056,0.3407828372121208,0.3936079718650749,0.18344826296320868,0.28405547210010673,0.7845363002585727
False,60.0,-1.350000000000001,645257.9091640739,rowcol,0.4921543004489995,0.05070859263542652,0.2153360810739707,0.33852805703666056,0.3407828372121208,0.3936079718650749,0.18344826296320868,0.2840554721001067,0.7845363002585727
False,0.0,1.3499999999999988,645257.9091640739,rowcol,0.492154300460042,0.05070859263628501,0.2153360810769305,0.33852805703000843,0.3407828372304692,0.39360797184518054,0.18344826296110334,0.2840554721086954,0.7845363002607999
True,-60.0,-1.350000000000001,645257.9091640739,rowcol,0.47407198653834043,0.04827142253204538,0.23075043844006446,0.293430708536753,0.38765449054324963,0.30500084588370036,0.18857153551488598,0.28333482641798735,0.7856820238569464
True,60.0,-1.350000000000001,645257.9091640739,rowcol,0.4740719865383404,0.04827142253204538,0.23075043844006446,0.293430708536753,0.38765449054324963,0.3050008458837004,0.188571535514886,0.28333482641798735,0.7856820238569464
True,-25.0,1.3499999999999988,645257.9091640739,rowcol,0.41115114412046094,0.04250727991057924,0.23437908826436654,0.2860616652673325,0.06056489806484756,0.2929666803045841,0.25353136682718197,0.28012288839453575,0.7891989300604321
True,-35.0,1.3499999999999988,645257.9091640739,rowcol,0.4111511440673595,0.042507280424201974,0.234359445815998,0.287013960457058,0.06056527236835717,0.2925976031868217,0.2535098819719723,0.2822326739977398,0.790092297905052
True,85.0,1.3499999999999988,645257.9091640739,rowcol,0.41115114406735953,0.042507280424201974,0.234359445815998,0.287013960457058,0.0605652723683572,0.2925976031868217,0.2535098819719723,0.28223267399773977,0.790092297905052
True,-60.0,1.7999999999999985,645257.9091640739,rowcol,0.5178598067570193,0.05259204827109625,0.21830157389012245,0.33678985162284597,0.11447783031295235,0.2864943487879386,0.23227866456578256,0.3738864437553691,0.7916945732932132
True,60.0,1.7999999999999985,645257.9091640739,rowcol,0.5178598067570193,0.05259204827109625,0.21830157389012245,0.33678985162284586,0.11447783031295237,0.2864943487879386,0.23227866456578256,0.3738864437553691,0.7916945732932132
True,-40.0,-1.350000000000001,645257.9091640739,rowcol,0.5596191579621781,0.05528501780229815,0.2356776494029978,0.2873377297192722,0.3875467450582895,0.30810686690336864,0.195682265947559,0.26863090421525676,0.7943706779282655
True,80.0,-1.350000000000001,645257.9091640739,rowcol,0.5596191579621781,0.05528501780229815,0.23567764940299774,0.28733772971927224,0.3875467450582895,0.30810686690336864,0.195682265947559,0.2686309042152568,0.7943706779282655
True,0.0,-1.350000000000001,645257.9091640739,rowcol,0.4740719884620753,0.04827140363910684,0.230798077045352,0.30243639001809064,0.38765450078240354,0.3050280113852118,0.18864044620327422,0.30023954658997054,0.7948306211541465
False,0.0,-1.350000000000001,645257.9091640739,rowcol,0.49215430230205415,0.050708574650525834,0.21578520239236684,0.34757519054461694,0.34222440478915833,0.39603247244698353,0.18358298676210377,0.3008404313603455,0.7949307977217175
False,-60.0,1.3499999999999988,645257.9091640739,rowcol,0.49215430231309665,0.05070857465138432,0.2157852023953205,0.34757519053813607,0.3422244048074295,0.3960324724272073,0.18358298675999993,0.30084043136845484,0.7949307977240976
False,60.0,1.3499999999999988,645257.9091640739,rowcol,0.4921543023130967,0.05070857465138432,0.2157852023953205,0.34757519053813607,0.3422244048074295,0.3960324724272073,0.18358298675999996,0.30084043136845484,0.7949307977240976
True,-20.0,-1.350000000000001,645257.9091640739,rowcol,0.559619157899711,0.055285018434617327,0.23564285567796162,0.2900299398953883,0.38754682706711185,0.30753222679854114,0.19563269010323256,0.27444800127734925,0.7969585069292731
False,25.0,1.4999999999999987,645257.9091640739,rowcol,0.6057504976197031,0.06191509606501293,0.20424010841871715,0.38504440049905414,0.11135970665439184,0.4785782356115706,0.2169266298971099,0.28341805426980576,0.7977647257552056
False,-35.0,-1.5000000000000009,645257.9091640739,rowcol,0.6057504976297007,0.06191509606537558,0.20424010844729318,0.38504440049755034,0.11135970665624217,0.4785782355879919,0.21692662992874578,0.2834180542995284,0.7977647258394298
False,85.0,-1.5000000000000009,645257.9091640739,rowcol,0.6057504976297007,0.06191509606537558,0.2042401084472932,0.38504440049755034,0.11135970665624217,0.4785782355879919,0.21692662992874578,0.2834180542995284,0.7977647258394299
False,-65.0,-1.350000000000001,645257.9091640739,rowcol,0.4634312981535747,0.04917153385271521,0.21976536368632713,0.3392296936530477,0.3371001102250005,0.397143500107215,0.1907532135899192,0.2814459096914144,0.7985257847120291
False,55.0,-1.350000000000001,645257.9091640739,rowcol,0.4634312981535747,0.0491715338527152,0.21976536368632713,0.3392296936530477,0.3371001102250005,0.39714350010721494,0.1907532135899192,0.2814459096914144,0.7985257847120291
False,-5.0,1.3499999999999988,645257.9091640739,rowcol,0.46343129816469003,0.04917153385366765,0.21976536369883348,0.33922969366302813,0.33710011027150827,0.39714350011583677,0.19075321359197278,0.28144590970332894,0.7985257847595286
False,-85.0,1.4999999999999987,645257.9091640739,rowcol,0.6057504975543764,0.0619150967041406,0.20431009286518967,0.3862296719287488,0.11238285626450557,0.4790411872005942,0.21690836554771636,0.2857200240798731,0.7991599505243178
False,35.0,1.4999999999999987,645257.9091640739,rowcol,0.6057504975543764,0.0619150967041406,0.20431009286518967,0.38622967192874885,0.11238285626450556,0.4790411872005943,0.21690836554771636,0.28572002407987307,0.7991599505243179
False,-25.0,-1.5000000000000009,645257.9091640739,rowcol,0.605750497564374,0.061915096704503264,0.20431009289381608,0.3862296719282219,0.11238285626678599,0.47904118717722993,0.2169083655793797,0.2857200241115058,0.79915995060967
False,-90.0,-1.0500000000000012,645257.9091640739,rowcol,0.392624544608367,0.03950029822214588,0.2451554139708446,0.2651608608142439,0.36313914391468116,0.2854887169651493,0.21683921707800707,0.24677245551006746,0.8006271027267776
False,30.0,-1.0500000000000012,645257.9091640739,rowcol,0.392624544608367,0.03950029822214588,0.2451554139708446,0.2651608608142439,0.36313914391468116,0.2854887169651493,0.21683921707800707,0.24677245551006752,0.8006271027267776
False,-30.0,1.049999999999999,645257.9091640739,rowcol,0.39262454460035623,0.03950029822183794,0.24515541397712803,0.2651608608178241,0.36313914388265134,0.28548871696535927,0.21683921709618345,0.24677245551694535,0.8006271027492082
False,90.0,1.049999999999999,645257.9091640739,rowcol,0.3926245446003563,0.03950029822183794,0.24515541397712803,0.2651608608178241,0.36313914388265145,0.28548871696535927,0.21683921709618345,0.24677245551694535,0.8006271027492082
True,-85.0,-1.0500000000000012,645257.9091640739,rowcol,0.39532496302805636,0.041252680495503555,0.23777703237377276,0.28781700168736774,0.341844790429147,0.3355914445893821,0.21340777713840337,0.2403985100473648,0.801148098808686
True,35.0,-1.0500000000000012,645257.9091640739,rowcol,0.39532496302805636,0.041252680495503555,0.23777703237377276,0.28781700168736774,0.341844790429147,0.3355914445893821,0.21340777713840337,0.2403985100473648,0.801148098808686
True,-5.0,1.7999999999999985,645257.9091640739,rowcol,0.48133601320080155,0.05050126494236656,0.2255286632180026,0.3248871700399428,0.11448255282942942,0.28854622960172316,0.24030284813633956,0.3525615393872437,0.8014731596939506
True,25.0,-1.0500000000000012,645257.9091640739,rowcol,0.3953249629822477,0.041252680934488986,0.23776197337187757,0.28855344329068133,0.34184484200812876,0.3353409095379943,0.2133879247967459,0.24231021345920387,0.801839363406314
True,-65.0,-1.350000000000001,645257.9091640739,rowcol,0.44424662031645884,0.04659609928247692,0.23580298914122141,0.2944399895555096,0.38765366059192913,0.3096950959935697,0.19582213572522272,0.2809701519153989,0.8018489569791738
True,55.0,-1.350000000000001,645257.9091640739,rowcol,0.44424662031645884,0.04659609928247692,0.23580298914122141,0.2944399895555096,0.38765366059192924,0.3096950959935697,0.1958221357252227,0.2809701519153989,0.8018489569791738
True,15.0,1.7999999999999985,645257.9091640739,rowcol,0.6062646154053184,0.05947354488280243,0.22139256113185019,0.33795375373382547,0.11449751330815354,0.32837108556254035,0.23571036964327452,0.34580717232331926,0.802131437129376
True,-30.0,1.3499999999999988,645257.9091640739,rowcol,0.4095049878160274,0.042152575227528175,0.23877875685642694,0.2858106568299833,0.06055526480950841,0.2836435658449523,0.25834000985245764,0.28762051788879067,0.8021469273992641
True,90.0,1.3499999999999988,645257.9091640739,rowcol,0.4095049878160274,0.042152575227528175,0.23877875685642694,0.2858106568299833,0.06055526480950841,0.2836435658449523,0.2583400098524577,0.28762051788879067,0.8021469273992641
True,-75.0,-1.200000000000001,645257.9091640739,rowcol,0.4021084779759882,0.04286451710494939,0.23753534688938568,0.2906828749448734,0.3647319129464966,0.3365697458966331,0.20605665055863234,0.2455414811271759,0.8032889156130304
True,45.0,-1.200000000000001,645257.9091640739,rowcol,0.40210847797598814,0.04286451710494939,0.23753534688938568,0.2906828749448734,0.3647319129464966,0.3365697458966331,0.20605665055863234,0.24554148112717583,0.8032889156130304
True,15.0,-1.200000000000001,645257.9091640739,rowcol,0.40210847813964323,0.042864515569715156,0.23750585370981186,0.29517833459931075,0.3647319762910327,0.336100490601133,0.20601643267185146,0.25574347139291276,0.8076958957287463
True,-75.0,1.7999999999999985,645257.9091640739,rowcol,0.606264615674299,0.0594735421408537,0.22134509460334287,0.3437488316959039,0.11449781598387927,0.32764933805460117,0.23565763275995255,0.35672630715450193,0.8077841155059325
True,45.0,1.7999999999999985,645257.9091640739,rowcol,0.606264615674299,0.0594735421408537,0.22134509460334287,0.3437488316959039,0.11449781598387922,0.32764933805460117,0.23565763275995258,0.3567263071545019,0.8077841155059325
False,5.0,-1.350000000000001,645257.9091640739,rowcol,0.46343129957752277,0.0491715204323037,0.22017628220770458,0.34787760176622057,0.3385192665444519,0.39943829850411133,0.19085531307675307,0.2976805509550218,0.8084064483893343
False,-55.0,1.3499999999999988,645257.9091640739,rowcol,0.46343129958863816,0.049171520433256136,0.22017628222023544,0.34787760177709415,0.33851926659094167,0.3994382985129292,0.19085531307881365,0.2976805509684647,0.8084064484378004
False,65.0,1.3499999999999988,645257.9091640739,rowcol,0.46343129958863816,0.049171520433256136,0.22017628222023544,0.34787760177709415,0.3385192665909417,0.3994382985129292,0.19085531307881365,0.2976805509684647,0.8084064484378004
True,-90.0,-1.0500000000000012,645257.9091640739,rowcol,0.393910810770517,0.040982531629451424,0.2406373065014992,0.28844587070214567,0.34185492537975476,0.3312568245513868,0.21716224774064222,0.24675801012193768,0.8103577902066432
True,30.0,-1.0500000000000012,645257.9091640739,rowcol,0.393910810770517,0.04098253162945143,0.2406373065014992,0.28844587070214567,0.34185492537975476,0.3312568245513868,0.21716224774064222,0.24675801012193768,0.8103577902066432
False,10.0,1.4999999999999987,645257.9091640739,rowcol,0.5515634785041871,0.054704454756008596,0.22060677564118253,0.34861547526178877,0.3389700650725981,0.39279552737838297,0.19129668827078683,0.30657079698725076,0.8104358021853364
False,70.0,-1.5000000000000009,645257.9091640739,rowcol,0.5515634785014688,0.054704454756309785,0.2206067756591129,0.34861547529333414,0.33897006511656513,0.3927955274323368,0.19129668828103263,0.3065707969951536,0.8104358022706728
False,-50.0,-1.5000000000000009,645257.9091640739,rowcol,0.5515634785014688,0.054704454756309785,0.22060677565911294,0.34861547529333414,0.33897006511656513,0.3927955274323368,0.19129668828103266,0.3065707969951536,0.8104358022706729
True,5.0,-1.350000000000001,645257.9091640739,rowcol,0.4442466218018998,0.046596085120299426,0.23583218456963842,0.30298493142600597,0.3876536774143196,0.30959949755818245,0.19586369228622258,0.2973082505813976,0.8104814851349212
True,-35.0,-1.350000000000001,645257.9091640739,rowcol,0.5662434103521121,0.056154205575718374,0.24108274906456742,0.2874642920603206,0.3875105752299437,0.3158018369476463,0.20333056163825725,0.2612641108497796,0.8107125392540229
True,85.0,-1.350000000000001,645257.9091640739,rowcol,0.5662434103521121,0.05615420557571837,0.24108274906456742,0.2874642920603206,0.38751057522994375,0.3158018369476463,0.20333056163825727,0.2612641108497796,0.8107125392540229
True,-25.0,-1.350000000000001,645257.9091640739,rowcol,0.5662434102904971,0.05615420619702765,0.24106365263960117,0.2884119748339619,0.3875106337308562,0.315459477336618,0.20330377141099257,0.26352496138623416,0.8116029327527654
True,25.0,1.6499999999999986,645257.9091640739,rowcol,0.6184030027225931,0.06149878303811603,0.2246433964343864,0.3378635218566613,0.0943278059807109,0.37368437325229725,0.2409178649541912,0.30449369065615883,0.8117937111598206
True,-55.0,1.7999999999999985,645257.9091640739,rowcol,0.4813360149456889,0.05050124831155031,0.2255693620171059,0.3351989282093541,0.11448262877997402,0.2884094112397907,0.24034800036857454,0.36999593655910573,0.8119070142606718
True,65.0,1.7999999999999985,645257.9091640739,rowcol,0.48133601494568895,0.05050124831155031,0.2255693620171059,0.3351989282093541,0.11448262877997405,0.2884094112397907,0.2403480003685745,0.36999593655910573,0.8119070142606718
True,-85.0,1.6499999999999986,645257.9091640739,rowcol,0.6184030026507704,0.06149878376033136,0.2246183479033153,0.33884920869040536,0.09432809971591426,0.3733307730802206,0.2408902301081115,0.3068656708417251,0.8127042524003512
True,35.0,1.6499999999999986,645257.9091640739,rowcol,0.6184030026507704,0.06149878376033136,0.2246183479033153,0.33884920869040536,0.09432809971591426,0.3733307730802206,0.24089023010811153,0.3068656708417251,0.8127042524003512
True,-30.0,-1.350000000000001,645257.9091640739,rowcol,0.5681048908941667,0.05639517195697916,0.24278919476160354,0.2865584556369558,0.38749740841006797,0.3163088328826561,0.20572162315369505,0.2589056908441108,0.8149260399217664
True,90.0,-1.350000000000001,645257.9091640739,rowcol,0.5681048908941667,0.05639517195697916,0.24278919476160354,0.2865584556369558,0.38749740841006797,0.31630883288265615,0.20572162315369508,0.2589056908441108,0.8149260399217664
False,-90.0,1.4999999999999987,645257.9091640739,rowcol,0.6099339202583215,0.0627578974360015,0.20574175073484768,0.3999839517911285,0.09547768832346999,0.5061572631445757,0.21996320717292886,0.2812067440043589,0.8172092039956715
False,30.0,1.4999999999999987,645257.9091640739,rowcol,0.6099339202583215,0.06275789743600152,0.20574175073484768,0.3999839517911285,0.09547768832346999,0.5061572631445757,0.2199632071729289,0.2812067440043589,0.8172092039956715
False,-30.0,-1.5000000000000009,645257.9091640739,rowcol,0.6099339202691437,0.06275789743621452,0.20574175076342852,0.39998395178356794,0.09547768828427139,0.5061572631107506,0.21996320720763612,0.28120674403576323,0.8172092040738534
False,90.0,-1.5000000000000009,645257.9091640739,rowcol,0.6099339202691437,0.0627578974362145,0.20574175076342852,0.39998395178356794,0.09547768828427136,0.5061572631107506,0.21996320720763612,0.2812067440357632,0.8172092040738534
False,-70.0,-1.350000000000001,645257.9091640739,rowcol,0.433984810446323,0.046949413528534156,0.22748636611976286,0.33476706224025093,0.33191572501675576,0.3950585431900894,0.20273552323936264,0.27397726527311816,0.8172261605995395
False,50.0,-1.350000000000001,645257.9091640739,rowcol,0.4339848104463229,0.04694941352853415,0.22748636611976286,0.334767062240251,0.33191572501675576,0.3950585431900893,0.20273552323936264,0.27397726527311816,0.8172261605995395
False,-10.0,1.3499999999999988,645257.9091640739,rowcol,0.43398481045408643,0.04694941352918049,0.22748636613807735,0.33476706226188235,0.3319157250743181,0.39505854321878603,0.20273552324648098,0.27397726528697847,0.8172261606761144
False,-80.0,-1.200000000000001,645257.9091640739,rowcol,0.39518300753363594,0.04130203724387791,0.24240947061461002,0.29016257990596755,0.33287206673572073,0.33364189647508347,0.22198266647607887,0.24775897057017904,0.8173909917497976
False,40.0,-1.200000000000001,645257.9091640739,rowcol,0.39518300753363594,0.04130203724387791,0.24240947061461002,0.2901625799059675,0.33287206673572073,0.33364189647508347,0.2219826664760789,0.24775897057017904,0.8173909917497976
False,-20.0,1.1999999999999988,645257.9091640739,rowcol,0.3951830075297645,0.04130203724364812,0.2424094706274118,0.2901625799210451,0.3328720667376675,0.3336418964941643,0.22198266649207482,0.24775897058107815,0.8173909918032805
False,-70.0,1.4999999999999987,645257.9091640739,rowcol,0.5515634794747352,0.054704444970353906,0.22097560023367885,0.3566266302275425,0.3403830359499346,0.3950281051160945,0.19134264047202082,0.3207922778201062,0.819553430928579
False,50.0,1.4999999999999987,645257.9091640739,rowcol,0.551563479474735,0.054704444970353906,0.22097560023367885,0.35662663022754243,0.3403830359499346,0.3950281051160945,0.19134264047202082,0.3207922778201062,0.819553430928579
False,-10.0,-1.5000000000000009,645257.9091640739,rowcol,0.5515634794720168,0.05470444497065508,0.22097560025167207,0.3566266302604639,0.34038303599404035,0.39502810517022446,0.19134264048228664,0.32079227783142733,0.8195534310154802
False,20.0,-1.200000000000001,645257.9091640739,rowcol,0.3951830074832668,0.04130203772581633,0.2425181715092415,0.29333898040098166,0.33346173449114513,0.334744495540582,0.22196171843898568,0.25333156876764074,0.8208934949287061
False,-40.0,1.1999999999999988,645257.9091640739,rowcol,0.39518300747939533,0.041302037725586535,0.24251817152210703,0.29333898041774714,0.33346173449331146,0.3347444955600174,0.2219617184550119,0.2533315687817824,0.8208934949840683
False,80.0,1.1999999999999988,645257.9091640739,rowcol,0.39518300747939533,0.041302037725586535,0.24251817152210703,0.29333898041774714,0.33346173449331146,0.3347444955600174,0.2219617184550119,0.2533315687817824,0.8208934949840683
True,30.0,1.6499999999999986,645257.9091640739,rowcol,0.6205700738765478,0.06178225905430163,0.2277569576737006,0.33803040389512257,0.09434409805101536,0.376203332362177,0.2443484948386157,0.3022176128415742,0.8213012769162243
True,-90.0,1.6499999999999986,645257.9091640739,rowcol,0.6205700738765478,0.06178225905430164,0.2277569576737006,0.3380304038951226,0.09434409805101536,0.376203332362177,0.24434849483861568,0.3022176128415743,0.8213012769162245
True,-20.0,1.4999999999999987,645257.9091640739,rowcol,0.41133634647147715,0.04310101275575993,0.24234112858128323,0.2969884654977514,0.07573966640198534,0.30759455874434327,0.2615122654411041,0.2877664018205046,0.824011851241601
False,10.0,-1.350000000000001,645257.9091640739,rowcol,0.43398481117183285,0.04694940682216052,0.22780830820248155,0.34228026167929365,0.33321459158604444,0.39706201897453436,0.20277454395740882,0.28825965058987874,0.8257051862867384
False,-50.0,1.3499999999999988,645257.9091640739,rowcol,0.43398481117959636,0.046949406822806856,0.22780830822085113,0.3422802617024032,0.3332145916436778,0.397062019003513,0.2027745439645448,0.2882596506068268,0.8257051863649565
False,70.0,1.3499999999999988,645257.9091640739,rowcol,0.43398481117959636,0.046949406822806856,0.22780830822085113,0.3422802617024032,0.3332145916436778,0.397062019003513,0.2027745439645448,0.2882596506068268,0.8257051863649565
True,-40.0,1.4999999999999987,645257.9091640739,rowcol,0.4113363464149812,0.04310101329493206,0.24230353199030863,0.2998820457261786,0.07574013265052087,0.30695493769693033,0.261471049675367,0.29380203657245724,0.8267926416971045
True,80.0,1.4999999999999987,645257.9091640739,rowcol,0.4113363464149811,0.04310101329493206,0.24230353199030863,0.29988204572617855,0.07574013265052087,0.30695493769693033,0.261471049675367,0.29380203657245724,0.8267926416971045
True,-15.0,1.6499999999999986,645257.9091640739,rowcol,0.42188332726078903,0.04495286190471395,0.24096257214382544,0.3065142345100954,0.09424727957060179,0.3045744114690178,0.2588966977262503,0.3081361519419571,0.8294019509415718
True,-70.0,-1.350000000000001,645257.9091640739,rowcol,0.4156246391062345,0.04449437984227624,0.2442292559171459,0.29771590756023447,0.38767286214208796,0.32373200553292325,0.20766745085380456,0.27393053487485014,0.8304036753116721
True,50.0,-1.350000000000001,645257.9091640739,rowcol,0.4156246391062345,0.044494379842276235,0.2442292559171459,0.29771590756023447,0.38767286214208796,0.3237320055329233,0.20766745085380456,0.27393053487485014,0.8304036753116721
True,-50.0,-1.5000000000000009,645257.9091640739,rowcol,0.532746862887461,0.05212855891969553,0.24357760049300278,0.3016052196606184,0.41063454234115165,0.2967065779555946,0.19851622117724155,0.30566415780202527,0.8323380211396267
True,70.0,-1.5000000000000009,645257.9091640739,rowcol,0.532746862887461,0.05212855891969553,0.24357760049300278,0.3016052196606184,0.41063454234115165,0.2967065779555946,0.19851622117724155,0.30566415780202527,0.8323380211396267
True,5.0,1.9499999999999984,645257.9091640739,rowcol,0.5587871561910073,0.05514303152902545,0.23086140144439635,0.3415928282595781,0.13565041245358253,0.2878204694775194,0.24424940877134332,0.3809842274250554,0.8341770325927671
True,-45.0,1.6499999999999986,645257.9091640739,rowcol,0.42188332745428997,0.044952860088704055,0.24092259483615155,0.312365718404687,0.09424761663746484,0.3038610665659075,0.25885268501406655,0.3193427546801162,0.8351335029131417
True,75.0,1.6499999999999986,645257.9091640739,rowcol,0.42188332745428997,0.044952860088704055,0.24092259483615155,0.31236571840468713,0.09424761663746484,0.3038610665659075,0.2588526850140665,0.3193427546801162,0.8351335029131418
True,10.0,1.9499999999999984,645257.9091640739,rowcol,0.5910082885332035,0.05767460905499589,0.2307032793422629,0.3447415457937802,0.13565737006763035,0.29977472947706946,0.24407200306573076,0.3784443956969842,0.8368513838205689
True,10.0,-1.350000000000001,645257.9091640739,rowcol,0.41562463986379367,0.044494372765869906,0.24422211210996972,0.30482010927565156,0.38767289987903497,0.32338293835723464,0.2076575049567311,0.28828515499276236,0.8374864456055607
True,-10.0,1.7999999999999985,645257.9091640739,rowcol,0.4461586697044809,0.047785852091120934,0.23870017820843867,0.3214092203768002,0.11447959192607,0.2939766998141372,0.2549014320102442,0.3427843698869385,0.8375097550021162
True,-10.0,-1.5000000000000009,645257.9091640739,rowcol,0.5327468638922888,0.052128548650489555,0.24356964459996983,0.30938924832858417,0.4106345819264729,0.29628332438169963,0.1985046649260875,0.3199959318500014,0.8400981821284936
True,-55.0,-1.5000000000000009,645257.9091640739,rowcol,0.505448757408939,0.050075037340042663,0.2449284173947364,0.3055910666148621,0.4106554887506183,0.30404242532505,0.20046375965526808,0.3068874080259048,0.8403763187990713
True,65.0,-1.5000000000000009,645257.9091640739,rowcol,0.505448757408939,0.05007503734004266,0.2449284173947364,0.3055910666148621,0.41065548875061836,0.30404242532505,0.20046375965526805,0.3068874080259048,0.8403763187990713
True,-45.0,-1.5000000000000009,645257.9091640739,rowcol,0.5543794108806293,0.05428857183362097,0.24848669423373024,0.2990507846012277,0.4105885729477407,0.2992023470270669,0.20560027110511234,0.298923262704048,0.8445108673024184
True,75.0,-1.5000000000000009,645257.9091640739,rowcol,0.5543794108806293,0.05428857183362097,0.24848669423373024,0.2990507846012277,0.4105885729477407,0.2992023470270669,0.2056002711051123,0.29892326270404806,0.8445108673024184
False,5.0,1.4999999999999987,645257.9091640739,rowcol,0.5243226204354946,0.052699760208224436,0.22950577577409617,0.3561106123170546,0.36544093125528726,0.4062467749072227,0.19475950853277219,0.3076861092987066,0.8446279396393431
False,-55.0,-1.5000000000000009,645257.9091640739,rowcol,0.524322620427067,0.05269976020784655,0.22950577578253786,0.35611061234172703,0.36544093127214444,0.40624677495627204,0.19475950853876772,0.3076861092968134,0.8446279396893406
False,65.0,-1.5000000000000009,645257.9091640739,rowcol,0.524322620427067,0.052699760207846544,0.22950577578253786,0.35611061234172703,0.36544093127214444,0.40624677495627204,0.19475950853876772,0.3076861092968134,0.8446279396893406
True,55.0,1.9499999999999984,645257.9091640739,rowcol,0.5587871584654139,0.055143008481516445,0.2309044792172264,0.352220426748132,0.13565048189382375,0.287671872708377,0.24429753980672866,0.3984916089416541,0.8449338643998112
True,-65.0,1.9499999999999984,645257.9091640739,rowcol,0.5587871584654139,0.055143008481516445,0.23090447921722645,0.352220426748132,0.13565048189382373,0.287671872708377,0.2442975398067287,0.39849160894165414,0.8449338643998114
True,-70.0,1.9499999999999984,645257.9091640739,rowcol,0.5910082897751244,0.05767459632867481,0.23069236006519556,0.35359510705124997,0.13565752583962595,0.29923002491244577,0.2440597847468976,0.39354411074326157,0.8456721872468367
True,50.0,1.9499999999999984,645257.9091640739,rowcol,0.5910082897751244,0.05767459632867481,0.23069236006519556,0.35359510705124997,0.13565752583962595,0.29923002491244577,0.2440597847468976,0.39354411074326157,0.8456721872468367
True,-50.0,1.7999999999999985,645257.9091640739,rowcol,0.44615867056666575,0.04778584404122183,0.23869043187928693,0.3301685923447049,0.11447976231544998,0.29346399765401193,0.25489062755731706,0.3581364287145312,0.8462398879825657
True,70.0,1.7999999999999985,645257.9091640739,rowcol,0.44615867056666575,0.04778584404122183,0.23869043187928693,0.3301685923447049,0.11447976231544998,0.29346399765401193,0.254890627557317,0.3581364287145312,0.8462398879825657
False,45.0,-1.350000000000001,645257.9091640739,rowcol,0.4063989297281519,0.04384985688599747,0.2424477236172864,0.3218535955524805,0.3316458071031901,0.3782445456456217,0.22236628766761304,0.265307642081497,0.8491967664043396
False,-75.0,-1.350000000000001,645257.9091640739,rowcol,0.4063989297281519,0.04384985688599747,0.2424477236172864,0.32185359555248055,0.3316458071031901,0.3782445456456217,0.22236628766761302,0.265307642081497,0.8491967664043398
False,-15.0,1.3499999999999988,645257.9091640739,rowcol,0.4063989297301798,0.04384985688616133,0.24244772363587347,0.3218535955766543,0.33164580714433334,0.3782445456785827,0.22236628768038746,0.26530764209596625,0.8491967664842748
True,-5.0,-1.5000000000000009,645257.9091640739,rowcol,0.5054487592771709,0.05007501848242937,0.244959651395251,0.3147346559080563,0.41065550639520354,0.3039342274672799,0.2005088689642341,0.323538718094562,0.8496136100938094
True,-15.0,-1.5000000000000009,645257.9091640739,rowcol,0.5543794111160834,0.054288569429230174,0.24845145297847812,0.3045052970360423,0.410588643285103,0.29854225308690807,0.20554988696279922,0.30943120940435215,0.8498596559714766
True,0.0,1.9499999999999984,645257.9091640739,rowcol,0.5220058052247418,0.05301076130602292,0.23655490991350495,0.34166036542517303,0.13565502071451463,0.28866406801179056,0.25060700612109765,0.3805587243706302,0.8513250951656879
True,-80.0,-1.200000000000001,645257.9091640739,rowcol,0.389083286923364,0.041165353614711755,0.25130299480458096,0.29915109571966214,0.3647753455946667,0.35049091330690435,0.22452279488978877,0.24787552110669497,0.853060080133405
True,40.0,-1.200000000000001,645257.9091640739,rowcol,0.38908328692336397,0.041165353614711755,0.25130299480458096,0.29915109571966214,0.3647753455946667,0.35049091330690435,0.22452279488978877,0.24787552110669492,0.853060080133405
False,-65.0,1.4999999999999987,645257.9091640739,rowcol,0.5243226222364764,0.05269974228981895,0.22994297029613012,0.36525957425501404,0.36689565019853415,0.4087328032658573,0.1948706217657872,0.32421749767411184,0.8550884851434044
False,55.0,1.4999999999999987,645257.9091640739,rowcol,0.5243226222364764,0.05269974228981895,0.22994297029613012,0.36525957425501404,0.36689565019853415,0.40873280326585726,0.1948706217657872,0.3242174976741118,0.8550884851434044
False,-5.0,-1.5000000000000009,645257.9091640739,rowcol,0.5243226222280488,0.05269974228944106,0.22994297030460667,0.3652595742802771,0.366895650215506,0.4087328033148767,0.19487062177178804,0.3242174976745374,0.8550884851940971
True,-60.0,-1.5000000000000009,645257.9091640739,rowcol,0.47425616525852116,0.048299490131350285,0.249223938798017,0.30749745494525815,0.4106543742942381,0.3087716136908308,0.20662874949597926,0.3064217993814554,0.8551692713393091
True,60.0,-1.5000000000000009,645257.9091640739,rowcol,0.47425616525852116,0.048299490131350285,0.24922393879801705,0.30749745494525815,0.4106543742942381,0.3087716136908308,0.20662874949597926,0.3064217993814554,0.8551692713393093
True,20.0,-1.200000000000001,645257.9091640739,rowcol,0.3890832868722052,0.041165354098250374,0.25127399069145623,0.301451577089903,0.36477542304203575,0.3500420221582079,0.22448438985141,0.25347659401882433,0.8552735491642716
False,20.0,1.6499999999999986,645257.9091640739,rowcol,0.6050406030547328,0.06093457673890194,0.225273172829464,0.3795113988906897,0.19688222344703107,0.44710596618653703,0.23007104019662566,0.31151042622233543,0.8553309173790816
False,-40.0,-1.6500000000000008,645257.9091640739,rowcol,0.6050406030629889,0.06093457673962878,0.22527317285963552,0.37951139890611046,0.19688222349944848,0.4471059661915903,0.23007104022337665,0.3115104262508227,0.855330917485017
False,80.0,-1.6500000000000008,645257.9091640739,rowcol,0.6050406030629889,0.06093457673962878,0.22527317285963552,0.37951139890611046,0.1968822234994485,0.4471059661915902,0.23007104022337665,0.31151042625082276,0.855330917485017
False,15.0,-1.350000000000001,645257.9091640739,rowcol,0.4063989299043811,0.04384985525271157,0.24265798280290768,0.32751275925656476,0.33267195205636035,0.3798789255163788,0.2223580423700622,0.2758831365676247,0.8554867076652877
False,75.0,1.3499999999999988,645257.9091640739,rowcol,0.4063989299064091,0.04384985525287543,0.24265798282156764,0.32751275928258283,0.33267195209769274,0.37987892554970704,0.2223580423828658,0.2758831365858934,0.8554867077472856
False,-45.0,1.3499999999999988,645257.9091640739,rowcol,0.4063989299064091,0.04384985525287543,0.24265798282156764,0.3275127592825829,0.33267195209769274,0.3798789255497071,0.2223580423828658,0.27588313658589336,0.8554867077472859
False,15.0,1.6499999999999986,645257.9091640739,rowcol,0.584863720777709,0.05811662127610635,0.23029093464733627,0.36489575640106353,0.2937436462583645,0.4100625665514155,0.21673230395934379,0.3220438884281091,0.8557685603430724
False,-45.0,-1.6500000000000008,645257.9091640739,rowcol,0.5848637207812297,0.058116621276898074,0.23029093467436038,0.36489575643100264,0.2937436463224577,0.4100625665908579,0.21673230397745857,0.322043888448324,0.8557685604540838
False,75.0,-1.6500000000000008,645257.9091640739,rowcol,0.5848637207812297,0.05811662127689807,0.23029093467436038,0.36489575643100264,0.29374364632245775,0.4100625665908579,0.2167323039774586,0.322043888448324,0.8557685604540838
False,-80.0,1.6499999999999986,645257.9091640739,rowcol,0.6050406029811297,0.06093457746973245,0.22543398448161653,0.38284878124458593,0.19824951147538633,0.4482274813390283,0.23004324855732294,0.31761342736563886,0.8591507346894355
False,40.0,1.6499999999999986,645257.9091640739,rowcol,0.6050406029811297,0.06093457746973245,0.22543398448161653,0.382848781244586,0.19824951147538628,0.4482274813390284,0.23004324855732294,0.3176134273656388,0.8591507346894356
False,-20.0,-1.6500000000000008,645257.9091640739,rowcol,0.6050406029893859,0.06093457747045929,0.22543398451186936,0.38284878126186345,0.19824951152795814,0.4482274813445745,0.23004324858411526,0.31761342739739745,0.8591507347974716
True,20.0,1.7999999999999985,645257.9091640739,rowcol,0.6224702218499539,0.06152672039667534,0.23664317042925143,0.35049048457771714,0.11453899844165888,0.36934324100244903,0.25261877566071456,0.3338122788981643,0.8604199958654715
False,-75.0,1.6499999999999986,645257.9091640739,rowcol,0.5848637210282528,0.05811661875472788,0.23056144337424547,0.3709963318773423,0.29515843521910706,0.41189942111040034,0.21672196558453638,0.3327272060646625,0.8626806620000788
False,45.0,1.6499999999999986,645257.9091640739,rowcol,0.5848637210282528,0.05811661875472787,0.23056144337424547,0.3709963318773423,0.295158435219107,0.41189942111040034,0.2167219655845364,0.33272720606466244,0.8626806620000788
False,-15.0,-1.6500000000000008,645257.9091640739,rowcol,0.5848637210317734,0.05811661875551959,0.23056144340135243,0.3709963319092323,0.29515843528332825,0.41189942115024625,0.216721965602688,0.33272720608864037,0.8626806621132896
True,-60.0,1.9499999999999984,645257.9091640739,rowcol,0.52200580774831,0.05301073645602094,0.23662203017936323,0.3528214387153432,0.1356550629788261,0.28870552665071775,0.2506819066373623,0.3988415981076435,0.8626875292534328
True,60.0,1.9499999999999984,645257.9091640739,rowcol,0.5220058077483101,0.05301073645602094,0.23662203017936323,0.3528214387153432,0.13565506297882615,0.28870552665071775,0.2506819066373623,0.3988415981076435,0.8626875292534328
True,-80.0,1.7999999999999985,645257.9091640739,rowcol,0.6224702217703248,0.06152672120228871,0.23659696692909524,0.3534347309715023,0.11453936841409514,0.36870412951720805,0.25256757398837887,0.34006298290193276,0.863225631758788
True,40.0,1.7999999999999985,645257.9091640739,rowcol,0.6224702217703248,0.06152672120228871,0.23659696692909524,0.35343473097150224,0.11453936841409508,0.36870412951720805,0.25256757398837887,0.34006298290193276,0.863225631758788
True,0.0,-1.5000000000000009,645257.9091640739,rowcol,0.4742561673951743,0.048299469151394776,0.24927294730107535,0.31704434602683246,0.4106543850338832,0.3088014288592443,0.20669862667869696,0.3238141591472081,0.8648631879300586
False,-60.0,-1.5000000000000009,645257.9091640739,rowcol,0.4945002696257004,0.051107512311695816,0.23501992528254897,0.3599637085592457,0.36823343607280157,0.41407640187014155,0.20146012019479456,0.3071623253076337,0.8650234844068926
False,60.0,-1.5000000000000009,645257.9091640739,rowcol,0.4945002696257004,0.051107512311695816,0.23501992528254903,0.3599637085592457,0.36823343607280157,0.41407640187014155,0.20146012019479456,0.3071623253076337,0.8650234844068928
False,0.0,1.4999999999999987,645257.9091640739,rowcol,0.49450026963791166,0.0511075123126507,0.23501992528556223,0.359963708551099,0.3682334360916689,0.41407640184685435,0.2014601201926644,0.3071623253164589,0.8650234844077856
False,-85.0,-1.200000000000001,645257.9091640739,rowcol,0.38361072143115826,0.03899825335051557,0.2613947744709321,0.28314537685973984,0.37028904242277416,0.3089169405400382,0.2361966826564654,0.25949792691306944,0.8673297002725362
False,35.0,-1.200000000000001,645257.9091640739,rowcol,0.38361072143115826,0.03899825335051557,0.2613947744709321,0.2831453768597399,0.37028904242277416,0.3089169405400382,0.2361966826564654,0.2594979269130695,0.8673297002725362
False,-25.0,1.1999999999999988,645257.9091640739,rowcol,0.38361072142336833,0.038998253350151335,0.2613947744802642,0.28314537686635943,0.3702890423963063,0.30891694054387403,0.23619668267623903,0.2594979269225264,0.8673297003071521
False,25.0,-1.200000000000001,645257.9091640739,rowcol,0.3836107213788875,0.03899825386468247,0.2614385242030474,0.28442191600937344,0.37053625009057894,0.3094663912514744,0.23618326365768838,0.261509593028781,0.8687374886185157
False,-35.0,1.1999999999999988,645257.9091640739,rowcol,0.3836107213710976,0.038998253864318225,0.2614385242124155,0.2844219160170447,0.37053625006423724,0.30946639125559094,0.23618326367748135,0.2615095930400441,0.8687374886542911
False,85.0,1.1999999999999988,645257.9091640739,rowcol,0.3836107213710976,0.038998253864318225,0.2614385242124155,0.28442191601704464,0.37053625006423724,0.30946639125559094,0.23618326367748133,0.26150959304004406,0.8687374886542911
True,-25.0,1.4999999999999987,645257.9091640739,rowcol,0.4044176472856078,0.041838365647855626,0.25688780798595395,0.29899526383839786,0.07571391322097795,0.2969032529829394,0.27744410111559076,0.3007433578832845,0.8696586877962598
True,-35.0,1.4999999999999987,645257.9091640739,rowcol,0.40441764722761675,0.04183836620840833,0.2568678954373114,0.30000756949083834,0.07571424590127097,0.2964985836403319,0.27742228665222674,0.30292712570462943,0.8706112558027725
True,85.0,1.4999999999999987,645257.9091640739,rowcol,0.40441764722761675,0.041838366208408334,0.2568678954373114,0.30000756949083834,0.075714245901271,0.2964985836403319,0.2774222866522267,0.3029271257046294,0.8706112558027725
True,-40.0,-1.5000000000000009,645257.9091640739,rowcol,0.5688208347564265,0.05602529699802552,0.2571696513274654,0.30033804894756677,0.41053538335840084,0.3135512756455894,0.217876882974655,0.2887581894467198,0.871847002929963
True,80.0,-1.5000000000000009,645257.9091640739,rowcol,0.5688208347564265,0.05602529699802552,0.2571696513274654,0.30033804894756677,0.41053538335840084,0.3135512756455894,0.217876882974655,0.2887581894467199,0.871847002929963
True,-65.0,-1.5000000000000009,645257.9091640739,rowcol,0.44101377743237685,0.046435806397152946,0.25447468750212615,0.3085921040626191,0.41065341129352834,0.3141193466827252,0.2140618341418952,0.30386593104993415,0.8720161665689976
True,55.0,-1.5000000000000009,645257.9091640739,rowcol,0.44101377743237685,0.04643580639715294,0.25447468750212615,0.3085921040626191,0.41065341129352834,0.3141193466827252,0.2140618341418952,0.30386593104993415,0.8720161665689976
True,-5.0,1.9499999999999984,645257.9091640739,rowcol,0.4826625702584372,0.05075763459516858,0.24392275693587614,0.3403368992949754,0.13565977913190347,0.2907096226476142,0.25882234103305457,0.37704983001015846,0.8721051701026038
True,-20.0,-1.5000000000000009,645257.9091640739,rowcol,0.5688208346866978,0.05602529770597698,0.25713422263646957,0.3031996866956523,0.41053546937684166,0.3129238304545941,0.2178274106443788,0.2947735601973617,0.874602354605061
False,0.0,-1.5000000000000009,645257.9091640739,rowcol,0.49450027167488214,0.05110749248445154,0.23547718575751772,0.36941629494725453,0.36971592426969396,0.4166306959646815,0.20159643369389466,0.3244333155084374,0.8758478522198077
False,-60.0,1.4999999999999987,645257.9091640739,rowcol,0.49450027168709343,0.05110749248540642,0.23547718576052512,0.3694162949393193,0.3697159242884857,0.41663069594154284,0.20159643369176586,0.3244333155167926,0.8758478522208948
False,60.0,1.4999999999999987,645257.9091640739,rowcol,0.49450027168709343,0.05110749248540643,0.23547718576052512,0.3694162949393193,0.3697159242884857,0.4166306959415429,0.20159643369176586,0.3244333155167926,0.8758478522208948
False,-65.0,-1.5000000000000009,645257.9091640739,rowcol,0.462631135964604,0.049407707038999674,0.23948448895309188,0.36056722335990044,0.3640970893010415,0.41769877605745614,0.20890892250709575,0.3043276987405735,0.879020690219176
False,55.0,-1.5000000000000009,645257.9091640739,rowcol,0.4626311359646039,0.049407707038999674,0.23948448895309188,0.3605672233599004,0.3640970893010415,0.41769877605745614,0.20890892250709575,0.3043276987405735,0.879020690219176
False,-5.0,1.4999999999999987,645257.9091640739,rowcol,0.46263113597712413,0.04940770704009401,0.23948448896694316,0.3605672233708164,0.3640970893523034,0.4176987760668983,0.20890892250958348,0.30432769875348475,0.8790206902716459
True,-75.0,-1.350000000000001,645257.9091640739,rowcol,0.39237099526725305,0.04216224487635656,0.2580686492140768,0.30548479563763514,0.38771413578564007,0.3470436683399529,0.22658010645090942,0.26554606951200654,0.8796907432798655
True,45.0,-1.350000000000001,645257.9091640739,rowcol,0.39237099526725305,0.042162244876356565,0.2580686492140768,0.30548479563763514,0.38771413578564,0.3470436683399529,0.22658010645090945,0.2655460695120065,0.8796907432798655
True,15.0,1.9499999999999984,645257.9091640739,rowcol,0.616771521181961,0.06039341172897546,0.2417640689591978,0.35506989695357233,0.135685650304476,0.33828187944633226,0.25641405758933344,0.368597003456046,0.8803621038311658
True,5.0,-1.5000000000000009,645257.9091640739,rowcol,0.44101377906977596,0.046435790846314745,0.2545047465954494,0.31764961051763924,0.41065342893820295,0.3140146209797608,0.21410407380505042,0.320674702859312,0.8811638503039876
True,-55.0,1.9499999999999984,645257.9091640739,rowcol,0.48266257211361563,0.05075761695397338,0.2439635225138035,0.3510029713984154,0.13565984856734972,0.29056250342583767,0.25886775597562195,0.3947324789444996,0.8828935389398258
True,65.0,1.9499999999999984,645257.9091640739,rowcol,0.48266257211361563,0.05075761695397338,0.2439635225138035,0.3510029713984154,0.13565984856734978,0.29056250342583767,0.2588677559756219,0.3947324789444996,0.8828935389398258
True,-30.0,1.4999999999999987,645257.9091640739,rowcol,0.4026158902237135,0.04143553379127511,0.2616952954864382,0.2986034623116452,0.07570069688230466,0.28614630929214574,0.2827067586319423,0.3086908844160076,0.8836893487709598
True,90.0,1.4999999999999987,645257.9091640739,rowcol,0.4026158902237135,0.04143553379127511,0.2616952954864382,0.2986034623116452,0.07570069688230466,0.28614630929214574,0.2827067586319423,0.30869088441600767,0.8836893487709598
True,15.0,-1.350000000000001,645257.9091640739,rowcol,0.3923709954497827,0.042162243177695756,0.25803810940208993,0.31029645861992033,0.3877142028240664,0.3465316679690676,0.22653895982863312,0.27616677200490447,0.8844107868261901
True,-75.0,1.9499999999999984,645257.9091640739,rowcol,0.6167715214740451,0.06039340874604776,0.24171698032738712,0.36104619984492003,0.13568592699989188,0.337522876405459,0.2563615395135277,0.3797025918023635,0.8861971408270813
True,45.0,1.9499999999999984,645257.9091640739,rowcol,0.616771521474045,0.06039340874604776,0.24171698032738717,0.3610461998449199,0.13568592699989182,0.337522876405459,0.25636153951352775,0.37970259180236343,0.8861971408270815
True,-85.0,-1.200000000000001,645257.9091640739,rowcol,0.382948060077571,0.04016373439365775,0.26098621946109246,0.3037295228348229,0.3648078408318583,0.34909552895671414,0.2372150692626895,0.25950881134198417,0.8866881812181002
True,35.0,-1.200000000000001,645257.9091640739,rowcol,0.382948060077571,0.04016373439365775,0.26098621946109246,0.3037295228348229,0.3648078408318583,0.34909552895671414,0.2372150692626895,0.25950881134198417,0.8866881812181002
True,25.0,-1.200000000000001,645257.9091640739,rowcol,0.38294806002520976,0.040163734892904424,0.260970539698164,0.3045270485134885,0.3648078960687857,0.3488202733681516,0.2371946579997407,0.261532877624362,0.8874386676079804
False,5.0,-1.5000000000000009,645257.9091640739,rowcol,0.4626311375254924,0.0494076924235532,0.23990349563976202,0.36960583089250254,0.36555715604452904,0.42011645568310296,0.20901250908036137,0.3210326031176877,0.8893163178117885
False,-55.0,1.4999999999999987,645257.9091640739,rowcol,0.4626311375380125,0.04940769242464753,0.23990349565363794,0.3696058309043508,0.3655571560957683,0.4201164556927613,0.209012509082856,0.32103260313217113,0.8893163178652645
False,65.0,1.4999999999999987,645257.9091640739,rowcol,0.4626311375380125,0.04940769242464753,0.23990349565363794,0.3696058309043508,0.3655571560957683,0.4201164556927613,0.209012509082856,0.32103260313217113,0.8893163178652645
False,25.0,1.6499999999999986,645257.9091640739,rowcol,0.6181498673338842,0.06322144186882572,0.2271705551229226,0.408056322178584,0.13019213107770639,0.5044386719005953,0.24067321338104894,0.30421418695027247,0.8895679875473519
False,-35.0,-1.6500000000000008,645257.9091640739,rowcol,0.6181498673448904,0.06322144186922707,0.227170555153577,0.40805632217761634,0.13019213107381727,0.5044386718752951,0.2406732134156411,0.3042141869831641,0.8895679876383473
False,85.0,-1.6500000000000008,645257.9091640739,rowcol,0.6181498673448904,0.06322144186922707,0.227170555153577,0.40805632217761634,0.1301921310738173,0.5044386718752951,0.24067321341564113,0.30421418698316405,0.8895679876383473
False,10.0,1.6499999999999986,645257.9091640739,rowcol,0.5592316846784552,0.05544083436539965,0.2403591784319084,0.3690233796662113,0.364361065672163,0.4110488289809976,0.2100097751085988,0.3295575711389552,0.8901009149619366
False,-50.0,-1.6500000000000008,645257.9091640739,rowcol,0.5592316846757384,0.05544083436577417,0.24035917845208368,0.3690233797019126,0.364361065722915,0.41104882904213585,0.2100097751198485,0.3295575711484211,0.8901009150581637
False,70.0,-1.6500000000000008,645257.9091640739,rowcol,0.5592316846757384,0.055440834365774176,0.24035917845208368,0.3690233797019126,0.36436106572291505,0.41104882904213585,0.2100097751198485,0.32955757114842116,0.8901009150581637
False,-90.0,-1.200000000000001,645257.9091640739,rowcol,0.379867710036207,0.038155222080095676,0.26925939746380945,0.282438659770566,0.3891137056009405,0.3003859839587652,0.2410751420431821,0.26641082236264585,0.8902168521619944
False,30.0,-1.200000000000001,645257.9091640739,rowcol,0.379867710036207,0.03815522208009567,0.26925939746380945,0.282438659770566,0.3891137056009405,0.3003859839587652,0.2410751420431821,0.26641082236264585,0.8902168521619944
False,-30.0,1.1999999999999988,645257.9091640739,rowcol,0.3798677100270054,0.03815522207972638,0.26925939747176,0.2824386597741293,0.3891137055643164,0.3003859839563244,0.2410751420644561,0.266410822371915,0.8902168521894092
False,90.0,1.1999999999999988,645257.9091640739,rowcol,0.3798677100270054,0.03815522207972638,0.26925939747176003,0.28243865977412935,0.38911370556431646,0.3003859839563244,0.2410751420644561,0.26641082237191505,0.8902168521894094
False,-85.0,1.6499999999999986,645257.9091640739,rowcol,0.6181498672620321,0.06322144257136211,0.22723976871076138,0.4092847017798614,0.13115565303170365,0.504918385244132,0.24065510496516004,0.3065736868037229,0.8910040079121455
False,35.0,1.6499999999999986,645257.9091640739,rowcol,0.6181498672620321,0.06322144257136211,0.22723976871076143,0.4092847017798615,0.13115565303170362,0.504918385244132,0.24065510496516004,0.3065736868037229,0.8910040079121457
False,-25.0,-1.6500000000000008,645257.9091640739,rowcol,0.6181498672730383,0.06322144257176346,0.22723976874146598,0.40928470177990267,0.13115565302826435,0.5049183852190499,0.2406551049997794,0.306573686838565,0.8910040080043006
True,-35.0,-1.5000000000000009,645257.9091640739,rowcol,0.5761795693758257,0.056977870100478396,0.2636907831134829,0.3004862601575353,0.41049519692297237,0.3218655894753544,0.22691865810584358,0.2812511974989083,0.8915586094979839
True,85.0,-1.5000000000000009,645257.9091640739,rowcol,0.5761795693758257,0.056977870100478396,0.2636907831134829,0.3004862601575353,0.4104951969229725,0.3218655894753544,0.22691865810584358,0.2812511974989083,0.8915586094979839
True,-25.0,-1.5000000000000009,645257.9091640739,rowcol,0.5761795693071464,0.056977870794987534,0.26367138409382085,0.3014935818556237,0.41049525828442185,0.32149234229945345,0.22689198561853258,0.28358514937402773,0.8925077341370862
True,-30.0,-1.5000000000000009,645257.9091640739,rowcol,0.5782525703130061,0.057240127108484716,0.2657636445307664,0.29939873426864977,0.4104805278721638,0.32195469764775736,0.2297646761869977,0.27902140569066153,0.8966896678609491
True,90.0,-1.5000000000000009,645257.9091640739,rowcol,0.5782525703130061,0.057240127108484716,0.2657636445307664,0.29939873426864977,0.4104805278721638,0.32195469764775736,0.22976467618699772,0.27902140569066153,0.8966896678609491
True,-90.0,-1.200000000000001,645257.9091640739,rowcol,0.3813283276271013,0.03984642536223533,0.26423840980410374,0.30441156904680194,0.3648194646676029,0.3441913541560181,0.24143100328539127,0.26639781105732485,0.8971267984591131
True,30.0,-1.200000000000001,645257.9091640739,rowcol,0.3813283276271013,0.03984642536223533,0.26423840980410374,0.304411569046802,0.3648194646676029,0.3441913541560181,0.24143100328539127,0.26639781105732485,0.8971267984591131
False,-70.0,-1.5000000000000009,645257.9091640739,rowcol,0.42972407968535437,0.04693220896190736,0.24734362597901732,0.35513497691704177,0.3571037708700251,0.41457062496062996,0.22155300054449634,0.2960528758293304,0.8971658548540937
False,50.0,-1.5000000000000009,645257.9091640739,rowcol,0.4297240796853543,0.046932208961907355,0.24734362597901732,0.35513497691704177,0.357103770870025,0.41457062496062996,0.22155300054449634,0.2960528758293304,0.8971658548540937
False,-10.0,1.4999999999999987,645257.9091640739,rowcol,0.42972407969434084,0.04693220896268426,0.24734362599956414,0.3551349769415012,0.3571037709348136,0.4145706249932102,0.2215530005525813,0.2960528758449779,0.8971658549401936
False,-70.0,1.6499999999999986,645257.9091640739,rowcol,0.5592316857506203,0.05544082355046908,0.24073156798108128,0.3773564380963255,0.3658071663317228,0.4134084240918027,0.21005581917647836,0.34412557503892227,0.8995511420395693
False,50.0,1.6499999999999986,645257.9091640739,rowcol,0.5592316857506203,0.05544082355046908,0.24073156798108128,0.3773564380963255,0.3658071663317227,0.4134084240918026,0.21005581917647836,0.3441255750389222,0.8995511420395693
False,-10.0,-1.6500000000000008,645257.9091640739,rowcol,0.5592316857479035,0.0554408235508436,0.24073156800131906,0.3773564381334058,0.3658071663826029,0.4134084241530976,0.21005581918774813,0.344125575051852,0.899551142137363
True,25.0,1.7999999999999985,645257.9091640739,rowcol,0.6308061354143676,0.0626465364066901,0.24772063097862518,0.3564512132975736,0.11458213892367865,0.3897214247304829,0.2648735262352723,0.3258521641163795,0.8996131062334491
False,-80.0,-1.350000000000001,645257.9091640739,rowcol,0.38457153973008673,0.040435127810261914,0.26422404231798047,0.3070828076802963,0.353994896220404,0.34870069054592717,0.2443322255951388,0.2671091454816495,0.8997549346342377
False,40.0,-1.350000000000001,645257.9091640739,rowcol,0.38457153973008673,0.040435127810261914,0.26422404231798047,0.3070828076802963,0.353994896220404,0.34870069054592717,0.24433222559513884,0.2671091454816495,0.8997549346342377
False,-20.0,1.3499999999999988,645257.9091640739,rowcol,0.38457153972593494,0.04043512781002132,0.2642240423330003,0.3070828076982519,0.3539948962238396,0.34870069056815667,0.24433222561343493,0.2671091454952475,0.8997549346972527
True,-85.0,1.7999999999999985,645257.9091640739,rowcol,0.6308061353360229,0.06264653719556479,0.24769585104871117,0.3574704657685876,0.11458240271927646,0.38935155201508237,0.2648461058282648,0.32827061525493056,0.9005580189147211
True,35.0,1.7999999999999985,645257.9091640739,rowcol,0.6308061353360229,0.06264653719556479,0.24769585104871117,0.3574704657685876,0.11458240271927646,0.38935155201508237,0.2648461058282648,0.32827061525493056,0.9005580189147211
True,-20.0,1.6499999999999986,645257.9091640739,rowcol,0.40549446399896233,0.04259008437863385,0.2639255448373413,0.3105556467550252,0.0942200929927455,0.31299153618115544,0.2841398527091521,0.3084922000959264,0.9023322812670491
True,-70.0,-1.5000000000000009,645257.9091640739,rowcol,0.40890064390019515,0.044089487383722696,0.26353849951739494,0.3122761249092948,0.41067454821915367,0.33050944850473774,0.2266501898538504,0.2960741166914272,0.9028916234614797
True,50.0,-1.5000000000000009,645257.9091640739,rowcol,0.40890064390019515,0.044089487383722696,0.26353849951739494,0.3122761249092948,0.41067454821915367,0.33050944850473774,0.2266501898538504,0.2960741166914272,0.9028916234614797
True,-50.0,-1.6500000000000008,645257.9091640739,rowcol,0.5386583184280693,0.052533898477863904,0.2625825205684757,0.315568089991627,0.4336527221482606,0.2993072876736954,0.21734595207541785,0.3286209686460691,0.903315651697054
True,70.0,-1.6500000000000008,645257.9091640739,rowcol,0.5386583184280693,0.052533898477863904,0.2625825205684757,0.315568089991627,0.4336527221482606,0.2993072876736954,0.21734595207541785,0.3286209686460691,0.903315651697054
False,20.0,-1.350000000000001,645257.9091640739,rowcol,0.3845715396737797,0.0404351283457882,0.2643362359223924,0.3104661118553421,0.3546186917685586,0.34990075903969353,0.2443108148181374,0.27292621298509323,0.9034748196225193
False,-40.0,1.3499999999999988,645257.9091640739,rowcol,0.3845715396696279,0.04043512834554759,0.2643362359374778,0.31046611187508205,0.3546186917722242,0.34990075906231977,0.2443108148364645,0.2729262130020378,0.9034748196875155
False,80.0,1.3499999999999988,645257.9091640739,rowcol,0.3845715396696279,0.0404351283455476,0.2643362359374778,0.3104661118750821,0.3546186917722242,0.3499007590623198,0.2443108148364645,0.2729262130020378,0.9034748196875155
True,-15.0,1.7999999999999985,645257.9091640739,rowcol,0.4177373784599926,0.04469351411878546,0.26107322732238364,0.32044575353596866,0.11446000782169315,0.30855225313555296,0.2796339620675756,0.33011651478964865,0.9036654355031195
True,-40.0,1.6499999999999986,645257.9091640739,rowcol,0.4054944639381491,0.042590084957628095,0.2638875710200017,0.31359944349688207,0.09422050527098401,0.3123000401043499,0.2840981260624377,0.31468807457923736,0.9052621565568872
True,80.0,1.6499999999999986,645257.9091640739,rowcol,0.4054944639381491,0.04259008495762809,0.2638875710200017,0.31359944349688207,0.094220505270984,0.3123000401043499,0.2840981260624377,0.31468807457923736,0.9052621565568872
False,10.0,-1.5000000000000009,645257.9091640739,rowcol,0.42972408047675276,0.046932201715647236,0.24767263525676822,0.36300205446793243,0.35844526683548833,0.41668569215003076,0.22159267451686115,0.31075655437504535,0.906019960238237
False,-50.0,1.4999999999999987,645257.9091640739,rowcol,0.42972408048573923,0.04693220171642413,0.2476726352773705,0.3630020544939123,0.3584452669003394,0.416685692182906,0.2215926745249641,0.310756554393843,0.9060199603260237
False,70.0,1.4999999999999987,645257.9091640739,rowcol,0.42972408048573923,0.04693220171642413,0.2476726352773705,0.3630020544939123,0.3584452669003394,0.4166856921829061,0.2215926745249641,0.310756554393843,0.9060199603260237
True,5.0,2.0999999999999983,645257.9091640739,rowcol,0.5655312053059698,0.055721559985035043,0.24948334526514196,0.35783992427391337,0.15739543574227904,0.2905359137905892,0.2628148936157793,0.40589254554149834,0.9062899600693393
True,-10.0,1.9499999999999984,645257.9091640739,rowcol,0.4446183949191301,0.047817006388153886,0.25764981977014517,0.33628303234354284,0.13565320630515926,0.29635027770724703,0.27409753301060424,0.3665133279178479,0.9092324916539782
True,-45.0,1.7999999999999985,645257.9091640739,rowcol,0.41773737866547583,0.04469351219819244,0.2610329753358049,0.3265517796768916,0.11446031059659663,0.30778403436349466,0.27958950903422064,0.3415378300476562,0.9096507056843062
True,75.0,1.7999999999999985,645257.9091640739,rowcol,0.41773737866547583,0.04469351219819244,0.2610329753358049,0.3265517796768916,0.11446031059659663,0.3077840343634946,0.27958950903422064,0.3415378300476562,0.9096507056843062
True,-90.0,1.7999999999999985,645257.9091640739,rowcol,0.6331680958613788,0.06295009917763983,0.25123398120898444,0.35662507026125895,0.11460044818112179,0.3921717068902862,0.2687559436010062,0.3237231058153147,0.9103270138882122
True,30.0,1.7999999999999985,645257.9091640739,rowcol,0.6331680958613788,0.06295009917763983,0.25123398120898444,0.35662507026125895,0.11460044818112179,0.3921717068902862,0.2687559436010062,0.32372310581531477,0.9103270138882122
True,10.0,-1.5000000000000009,645257.9091640739,rowcol,0.4089006447318958,0.044089479670251334,0.2635311433953354,0.31980078013767665,0.4106745878006188,0.33012953587275684,0.22664006423742,0.3108488386089422,0.9103942103236828
True,-55.0,-1.6500000000000008,645257.9091640739,rowcol,0.5088421606229695,0.05029485051382749,0.26354246066224263,0.32016542421649313,0.43367556342481195,0.30745789767030196,0.21870701817101615,0.33047427171011895,0.9107928062032211
True,65.0,-1.6500000000000008,645257.9091640739,rowcol,0.5088421606229695,0.05029485051382749,0.26354246066224263,0.32016542421649313,0.43367556342481195,0.30745789767030196,0.21870701817101612,0.33047427171011895,0.9107928062032211
True,10.0,2.0999999999999983,645257.9091640739,rowcol,0.5998303229868972,0.0584201399389486,0.24988907641039013,0.36133277803066194,0.15740553437013877,0.30485480573262985,0.2632691235704221,0.40274500907159444,0.9110000072618323
True,-10.0,-1.6500000000000008,645257.9091640739,rowcol,0.5386583195411844,0.052533887064494654,0.2625744026555753,0.3237511525737429,0.4336527633808169,0.2988457275076752,0.2173343417422763,0.3433004886918586,0.9114743605404687
False,-90.0,1.6499999999999986,645257.9091640739,rowcol,0.622732727022406,0.06413968167519433,0.2294304869751351,0.4242625333953808,0.11922153413758746,0.5342986360351455,0.24421778761378787,0.30214931252895405,0.9125539943207861
False,30.0,1.6499999999999986,645257.9091640739,rowcol,0.6227327270224061,0.06413968167519433,0.2294304869751351,0.4242625333953808,0.11922153413758745,0.5342986360351455,0.24421778761378787,0.30214931252895405,0.9125539943207861
False,-30.0,-1.6500000000000008,645257.9091640739,rowcol,0.6227327270342847,0.06413968167541953,0.2294304870056069,0.4242625333872857,0.11922153409200704,0.5342986359978346,0.24421778765168872,0.3021493125635149,0.9125539944041063
False,90.0,-1.6500000000000008,645257.9091640739,rowcol,0.6227327270342847,0.06413968167541953,0.2294304870056069,0.4242625333872857,0.11922153409200703,0.5342986359978344,0.24421778765168872,0.30214931256351496,0.9125539944041063
True,-65.0,2.0999999999999983,645257.9091640739,rowcol,0.5655312077536226,0.055721535143225094,0.24952627451160966,0.368768443288294,0.15739550019257414,0.2903773798392115,0.2628630660777423,0.4236095520143549,0.917347266823123
True,55.0,2.0999999999999983,645257.9091640739,rowcol,0.5655312077536226,0.055721535143225094,0.24952627451160966,0.368768443288294,0.15739550019257426,0.29037737983921147,0.26286306607774224,0.4236095520143548,0.917347266823123
True,-50.0,1.9499999999999984,645257.9091640739,rowcol,0.44461839582785734,0.04781699793850538,0.25764003763082344,0.34535390329905824,0.13565336208193557,0.2957992671949682,0.27408664772495267,0.38208550231395894,0.9182740161915286
True,70.0,1.9499999999999984,645257.9091640739,rowcol,0.4446183958278573,0.04781699793850538,0.25764003763082344,0.34535390329905824,0.13565336208193557,0.2957992671949682,0.2740866477249526,0.38208550231395894,0.9182740161915286
True,-45.0,-1.6500000000000008,645257.9091640739,rowcol,0.5622940943933636,0.05488384571123205,0.26868703073280586,0.31260160595390135,0.4336024493422687,0.30274401192654166,0.22601218049882713,0.3206572330210258,0.9186626981523189
True,75.0,-1.6500000000000008,645257.9091640739,rowcol,0.5622940943933636,0.05488384571123205,0.26868703073280586,0.31260160595390135,0.4336024493422687,0.30274401192654166,0.2260121804988271,0.3206572330210258,0.9186626981523189
True,-70.0,2.0999999999999983,645257.9091640739,rowcol,0.5998303243274636,0.05842012617464499,0.2498782202604746,0.3704318140502404,0.15740567894657403,0.3042779542536688,0.2632569251109622,0.41803947815827736,0.9200664748316641
True,50.0,2.0999999999999983,645257.9091640739,rowcol,0.5998303243274636,0.05842012617464499,0.2498782202604746,0.3704318140502404,0.15740567894657403,0.3042779542536688,0.2632569251109622,0.4180394781582774,0.9200664748316641
True,-5.0,-1.6500000000000008,645257.9091640739,rowcol,0.5088421626883348,0.050294829618146,0.2635743916738407,0.32976520844587975,0.4336755818035979,0.30734020057795053,0.21875250002242994,0.3475059546947775,0.9204883834674018
True,0.0,2.0999999999999983,645257.9091640739,rowcol,0.5263128831583751,0.05344612817239992,0.2550922651715831,0.35787970482308695,0.15740005066463753,0.29113567975627086,0.2691048102434788,0.40559558839753296,0.9231565003378364
True,-15.0,-1.6500000000000008,645257.9091640739,rowcol,0.562294094653964,0.05488384304133899,0.2686511799902159,0.31834113174354617,0.4336025226068202,0.3020263439010748,0.22596176395066794,0.3314405958503649,0.924294671714194
False,5.0,1.6499999999999986,645257.9091640739,rowcol,0.5296265952274082,0.05327390591630138,0.2493804407545238,0.3775173107593577,0.3931650276976655,0.4260008585243236,0.21295591073341014,0.33129525496102763,0.9256586330229291
False,65.0,-1.6500000000000008,645257.9091640739,rowcol,0.5296265952183733,0.053273905915919774,0.24938044076423108,0.37751731078760237,0.3931650277183829,0.42600085858028064,0.21295591073987793,0.3312952549597687,0.9256586330802956
False,-55.0,-1.6500000000000008,645257.9091640739,rowcol,0.5296265952183733,0.053273905915919774,0.24938044076423113,0.3775173107876024,0.3931650277183829,0.42600085858028064,0.21295591073987793,0.3312952549597687,0.9256586330802958
True,-60.0,-1.6500000000000008,645257.9091640739,rowcol,0.47465511561058016,0.048349604156408946,0.26788290707175433,0.32232676975235747,0.43367429705164834,0.3127575974967205,0.22485557925406277,0.3301597106549324,0.9259754909676206
True,60.0,-1.6500000000000008,645257.9091640739,rowcol,0.47465511561058016,0.04834960415640894,0.26788290707175433,0.32232676975235747,0.43367429705164845,0.3127575974967205,0.22485557925406277,0.3301597106549323,0.9259754909676206
False,-75.0,-1.5000000000000009,645257.9091640739,rowcol,0.398684397032688,0.043452200924335806,0.2629898501976829,0.3403595307802624,0.35382422480550096,0.3953179594331967,0.2427982035596935,0.28608039586676337,0.929329081373311
False,45.0,-1.5000000000000009,645257.9091640739,rowcol,0.39868439703268793,0.043452200924335806,0.26298985019768295,0.3403595307802623,0.353824224805501,0.3953179594331967,0.24279820355969353,0.28608039586676326,0.9293290813733113
False,-15.0,1.4999999999999987,645257.9091640739,rowcol,0.39868439703533437,0.043452200924573366,0.2629898502187542,0.34035953080798204,0.3538242248529278,0.3953179594708794,0.24279820357407936,0.286080395883686,0.9293290814642448
True,-60.0,2.0999999999999983,645257.9091640739,rowcol,0.5263128858538236,0.05344610162885582,0.2551592964620396,0.36935794115456466,0.15740008989203527,0.29117994829508037,0.26917992850471006,0.42409148549199044,0.9348358305406834
True,60.0,2.0999999999999983,645257.9091640739,rowcol,0.5263128858538237,0.05344610162885582,0.2551592964620396,0.36935794115456466,0.1574000898920353,0.29117994829508037,0.26917992850471006,0.42409148549199044,0.9348358305406834
False,15.0,-1.5000000000000009,645257.9091640739,rowcol,0.3986843972255605,0.04345219915468377,0.2632052285206822,0.34630297865450843,0.3548929575224923,0.39704979440055366,0.2427898130306678,0.2969870131831796,0.9359186642165549
False,-45.0,1.4999999999999987,645257.9091640739,rowcol,0.3986843972282069,0.04345219915492133,0.2632052285418275,0.34630297868413135,0.35489295757010536,0.39704979443861693,0.24278981304508335,0.2969870132039749,0.9359186643096138
False,75.0,1.4999999999999987,645257.9091640739,rowcol,0.398684397228207,0.04345219915492133,0.2632052285418275,0.34630297868413135,0.35489295757010536,0.39704979443861693,0.24278981304508335,0.29698701320397497,0.9359186643096138
True,-80.0,-1.350000000000001,645257.9091640739,rowcol,0.37752937723778,0.04022824581484179,0.2735166175884282,0.3153955485457637,0.387762859506757,0.36443060773340197,0.24706360735517666,0.2672820636392209,0.9359454013110482
True,40.0,-1.350000000000001,645257.9091640739,rowcol,0.37752937723778,0.04022824581484179,0.2735166175884282,0.3153955485457637,0.387762859506757,0.36443060773340197,0.24706360735517666,0.26728206363922086,0.9359454013110482
True,0.0,-1.6500000000000008,645257.9091640739,rowcol,0.47465511795892323,0.048349581102377526,0.2679330616889185,0.33234503502194396,0.43367430823817815,0.31278997608718057,0.22492621432266627,0.34794087733492546,0.9361442200886996
False,-65.0,1.6499999999999986,645257.9091640739,rowcol,0.5296265972117212,0.05327388618909845,0.24982305667625065,0.38701910034725334,0.3946525272846571,0.42862069961138033,0.21306769439991372,0.3482059671962668,0.9364882703760053
False,55.0,1.6499999999999986,645257.9091640739,rowcol,0.5296265972117212,0.05327388618909845,0.24982305667625065,0.3870191003472534,0.3946525272846571,0.42862069961138033,0.2130676943999137,0.3482059671962668,0.9364882703760053
False,-5.0,-1.6500000000000008,645257.9091640739,rowcol,0.5296265972026863,0.05327388618871684,0.2498230566859923,0.38701910037605314,0.394652527305482,0.4286206996672645,0.21306769440638687,0.34820596719734515,0.93648827043403
False,15.0,1.7999999999999985,645257.9091640739,rowcol,0.5945967359573043,0.05906041486035669,0.25068528492847114,0.38519267796926904,0.3148415212999207,0.4287438126008846,0.237127950991935,0.344328510486893,0.9372485327546825
False,-45.0,-1.8000000000000007,645257.9091640739,rowcol,0.5945967359613636,0.05906041486125272,0.2506852849581119,0.3851926780026868,0.31484152137132837,0.4287438126449946,0.2371279510117004,0.34432851050952545,0.9372485328770224
False,75.0,-1.8000000000000007,645257.9091640739,rowcol,0.5945967359613635,0.05906041486125272,0.2506852849581119,0.38519267800268675,0.3148415213713284,0.42874381264499456,0.2371279510117004,0.34432851050952545,0.9372485328770224
True,20.0,-1.350000000000001,645257.9091640739,rowcol,0.3775293771804227,0.04022824635312212,0.2734866380702605,0.31785017869291865,0.38776294146987295,0.3639449092095855,0.2470243438016211,0.2731278526300017,0.9383100929037003
False,20.0,1.7999999999999985,645257.9091640739,rowcol,0.6163562313340432,0.062075390862978766,0.24689556532699333,0.401103194246558,0.2137654182574556,0.4694950450782971,0.25246646168979264,0.3328809441893285,0.941789890227538
False,-40.0,-1.8000000000000007,645257.9091640739,rowcol,0.6163562313431538,0.06207539086379111,0.2468955653596035,0.4011031942641566,0.21376541831316068,0.4694950450846848,0.2524664617188989,0.3328809442207906,0.9417898903429671
False,80.0,-1.8000000000000007,645257.9091640739,rowcol,0.6163562313431538,0.06207539086379111,0.2468955653596035,0.4011031942641566,0.21376541831316073,0.4694950450846848,0.2524664617188989,0.3328809442207907,0.9417898903429671
True,-65.0,-1.6500000000000008,645257.9091640739,rowcol,0.4379914216540486,0.046298077852174505,0.2733105829944761,0.3235012419423914,0.4336731976502609,0.31877714465380164,0.23245011869716556,0.3274213978179134,0.9434329909258197
True,55.0,-1.6500000000000008,645257.9091640739,rowcol,0.4379914216540486,0.046298077852174505,0.2733105829944761,0.3235012419423914,0.4336731976502609,0.31877714465380164,0.23245011869716553,0.32742139781791335,0.9434329909258197
True,-5.0,2.0999999999999983,645257.9091640739,rowcol,0.48419748405574886,0.051033176432994785,0.2625270662858694,0.35633519069495595,0.1574048372754353,0.2931045017932972,0.2774292731045482,0.40188256676070605,0.9439163895525642
False,-75.0,1.7999999999999985,645257.9091640739,rowcol,0.5945967362315633,0.0590604120992279,0.2509563903130824,0.39150306503385524,0.31628167607729946,0.4306699178797343,0.23711764290144807,0.35523677523436664,0.9443722359731024
False,45.0,1.7999999999999985,645257.9091640739,rowcol,0.5945967362315633,0.05906041209922791,0.2509563903130824,0.39150306503385524,0.31628167607729946,0.43066991787973424,0.23711764290144807,0.35523677523436664,0.9443722359731024
False,-15.0,-1.8000000000000007,645257.9091640739,rowcol,0.5945967362356224,0.059060412100123943,0.2509563903428059,0.39150306506927135,0.3162816761488252,0.4306699179242739,0.23711764292125015,0.3552367752608124,0.9443722360976892
True,20.0,1.9499999999999984,645257.9091640739,rowcol,0.6342082787992879,0.06259678780782159,0.25873239087337163,0.3690478494580437,0.13573495856536916,0.3843558384842331,0.2752931735675913,0.3556643123689218,0.9452450220781585
False,-80.0,1.7999999999999985,645257.9091640739,rowcol,0.6163562312536242,0.06207539166147151,0.24705563772110675,0.40455689634722913,0.21513955326295583,0.47067628641305975,0.25243883309487103,0.3391140184784011,0.9457238095105494
False,40.0,1.7999999999999985,645257.9091640739,rowcol,0.6163562312536242,0.06207539166147151,0.24705563772110675,0.4045568963472291,0.21513955326295578,0.47067628641305975,0.252438833094871,0.3391140184784011,0.9457238095105494
False,-20.0,-1.8000000000000007,645257.9091640739,rowcol,0.6163562312627349,0.06207539166228383,0.2470556377537981,0.40455689636672415,0.21513955331882378,0.4706762864199396,0.25243883312401827,0.3391140185131868,0.9457238096281184
False,0.0,1.6499999999999986,645257.9091640739,rowcol,0.4970803018041595,0.05154281740963213,0.25501640206665105,0.3818401752124559,0.3963751647371425,0.43469682560087847,0.21965692466043835,0.3309158627388373,0.9468893814124091
False,60.0,-1.6500000000000008,645257.9091640739,rowcol,0.4970803017907968,0.05154281740859311,0.2550164020635964,0.3818401752219048,0.39637516471786194,0.43469682562720424,0.21965692466258743,0.3309158627298265,0.946889381412694
False,-60.0,-1.6500000000000008,645257.9091640739,rowcol,0.4970803017907968,0.05154281740859311,0.25501640206359644,0.3818401752219048,0.39637516471786194,0.4346968256272042,0.21965692466258743,0.33091586272982654,0.9468893814126942
True,-80.0,1.9499999999999984,645257.9091640739,rowcol,0.6342082787129363,0.06259678868270502,0.25868661081613836,0.37207735234460226,0.13573529678070997,0.38369051088931594,0.2752422741606589,0.36202253487470865,0.9481371847930173
True,40.0,1.9499999999999984,645257.9091640739,rowcol,0.6342082787129363,0.06259678868270502,0.25868661081613836,0.37207735234460226,0.13573529678070992,0.383690510889316,0.2752422741606589,0.36202253487470865,0.9481371847930173
True,-40.0,-1.6500000000000008,645257.9091640739,rowcol,0.5781187314666051,0.056772929720349474,0.2789344024724078,0.3140791038702489,0.43354412721009294,0.3194271287788086,0.2402608877454742,0.30950994344068217,0.9508823112874722
True,80.0,-1.6500000000000008,645257.9091640739,rowcol,0.5781187314666051,0.056772929720349474,0.2789344024724078,0.31407910387024895,0.43354412721009294,0.31942712877880863,0.2402608877454742,0.3095099434406822,0.9508823112874722
True,-25.0,1.6499999999999986,645257.9091640739,rowcol,0.3979577955779059,0.04118208012310329,0.27969929940211025,0.31268109953114004,0.09418654441320562,0.30132717422343536,0.30145423069483607,0.32191978444682723,0.9517789977374709
True,-35.0,1.6499999999999986,645257.9091640739,rowcol,0.397957795515308,0.04118208072801015,0.27967918207984654,0.31374588541726556,0.09418683858895326,0.3008885528584284,0.30143214607622215,0.3241642331529547,0.9527834316568051
True,85.0,1.6499999999999986,645257.9091640739,rowcol,0.397957795515308,0.04118208072801015,0.27967918207984654,0.31374588541726556,0.09418683858895333,0.3008885528584284,0.30143214607622215,0.3241642331529547,0.9527834316568051
True,5.0,-1.6500000000000008,645257.9091640739,rowcol,0.43799142343971653,0.04629806095930479,0.27334136915111634,0.3330052115332521,0.43367321602914727,0.318663628306055,0.23249290680283047,0.3446045959585679,0.953029318986601
True,-20.0,-1.6500000000000008,645257.9091640739,rowcol,0.5781187313895745,0.05677293050475233,0.278898471941637,0.31708910615539593,0.4335442168087578,0.31874959439662454,0.24021153872090448,0.3156858917851784,0.9537845219803069
True,-55.0,2.0999999999999983,645257.9091640739,rowcol,0.4841974860151796,0.0510331578421155,0.26256785656285236,0.36730897562740394,0.1574049017218806,0.292947357884532,0.27747490125862634,0.41976964885279444,0.955012545315961
True,65.0,2.0999999999999983,645257.9091640739,rowcol,0.4841974860151796,0.0510331578421155,0.26256785656285236,0.367308975627404,0.15740490172188062,0.29294735788453197,0.2774749012586263,0.41976964885279444,0.955012545315961
False,-85.0,-1.350000000000001,645257.9091640739,rowcol,0.3713666245789107,0.03778484398659098,0.28491467594015535,0.30128375279143044,0.3943569918884296,0.3253263008170896,0.26004919501370904,0.2794675986155778,0.9560277806118964
False,35.0,-1.350000000000001,645257.9091640739,rowcol,0.3713666245789107,0.03778484398659098,0.2849146759401554,0.3012837527914305,0.3943569918884296,0.3253263008170895,0.26004919501370904,0.2794675986155778,0.9560277806118966
False,-25.0,1.3499999999999988,645257.9091640739,rowcol,0.3713666245701705,0.03778484398616611,0.28491467595134884,0.3012837527989228,0.3943569918589499,0.3253263008199756,0.26004919503635693,0.2794675986276224,0.9560277806529693
True,-75.0,-1.5000000000000009,645257.9091640739,rowcol,0.38270392752602156,0.04147710316071249,0.27876444541697903,0.32116370633187763,0.4107201349679291,0.3581244510477745,0.24723601479886576,0.28641125355695435,0.9574570425828146
True,45.0,-1.5000000000000009,645257.9091640739,rowcol,0.38270392752602156,0.04147710316071249,0.278764445416979,0.32116370633187763,0.41072013496792903,0.3581244510477745,0.2472360147988658,0.2864112535569543,0.9574570425828146
False,25.0,-1.350000000000001,645257.9091640739,rowcol,0.3713666245201205,0.03778484456440745,0.2849598315824515,0.3026415610990522,0.3946181280120132,0.3259297976548319,0.2600354833665833,0.28156924971710856,0.9575210558464067
False,-35.0,1.3499999999999988,645257.9091640739,rowcol,0.3713666245113803,0.03778484456398258,0.284959831593682,0.3026415611076222,0.39461812798266743,0.32592979765795466,0.2600354833892511,0.28156924973102654,0.9575210558886682
False,85.0,1.3499999999999988,645257.9091640739,rowcol,0.3713666245113803,0.03778484456398258,0.284959831593682,0.3026415611076222,0.39461812798266743,0.32592979765795466,0.2600354833892511,0.28156924973102654,0.9575210558886682
False,-60.0,1.6499999999999986,645257.9091640739,rowcol,0.49708030404655984,0.05154279578385928,0.25547997774528625,0.39165012741209726,0.3978902770345992,0.43738309801577724,0.21979445126162045,0.348574839235327,0.9580900606479559
False,60.0,1.6499999999999986,645257.9091640739,rowcol,0.49708030404655984,0.05154279578385928,0.25547997774528625,0.39165012741209726,0.3978902770345992,0.43738309801577724,0.21979445126162045,0.348574839235327,0.9580900606479559
False,0.0,-1.6500000000000008,645257.9091640739,rowcol,0.4970803040331971,0.05154279578282025,0.2554799777422372,0.39165012742128563,0.3978902770153921,0.43738309804189457,0.21979445126376818,0.34857483922677285,0.9580900606479972
True,15.0,2.0999999999999983,645257.9091640739,rowcol,0.6272965511929485,0.061319107526889786,0.26233350069505496,0.3727428920153109,0.15744016722875853,0.3488486647694903,0.2772090555358469,0.39171098702483614,0.9597433941004758
False,-65.0,-1.6500000000000008,645257.9091640739,rowcol,0.46209200796651795,0.049683420491174426,0.2594966581550394,0.38233405607203785,0.3917911648127622,0.43838021513802466,0.22722908911527012,0.3278652074496854,0.960824030537156
False,55.0,-1.6500000000000008,645257.9091640739,rowcol,0.46209200796651795,0.049683420491174426,0.2594966581550394,0.38233405607203785,0.3917911648127622,0.43838021513802466,0.22722908911527012,0.3278652074496854,0.960824030537156
False,-5.0,1.6499999999999986,645257.9091640739,rowcol,0.46209200798046973,0.049683420492402736,0.259496658170217,0.38233405608408016,0.3917911648686586,0.4383802151486853,0.22722908911819484,0.32786520746355047,0.9608240305947311
True,15.0,-1.5000000000000009,645257.9091640739,rowcol,0.38270392772694783,0.041477101306791414,0.2787330315789828,0.32624879312081007,0.41072020528276104,0.3575731461533675,0.24719411619056783,0.29736180762126907,0.9624478878577585
True,-75.0,2.0999999999999983,645257.9091640739,rowcol,0.6272965515082082,0.06131910430177262,0.2622867665139786,0.3788749092670653,0.15744042403472772,0.34805602463957264,0.2771567408163182,0.4029727698969484,0.965735208809001
True,45.0,2.0999999999999983,645257.9091640739,rowcol,0.6272965515082082,0.06131910430177262,0.2622867665139786,0.3788749092670653,0.15744042403472763,0.34805602463957264,0.2771567408163182,0.4029727698969484,0.965735208809001
True,-30.0,1.6499999999999986,645257.9091640739,rowcol,0.3960082943347426,0.040729182430213076,0.2849072339009672,0.3121374783909105,0.09417074222834032,0.28908556402379987,0.30716706838032976,0.3302807390060881,0.9668591800938122
True,90.0,1.6499999999999986,645257.9091640739,rowcol,0.3960082943347426,0.040729182430213076,0.2849072339009672,0.3121374783909105,0.09417074222834032,0.2890855640237998,0.30716706838032976,0.3302807390060882,0.9668591800938122
False,10.0,1.7999999999999985,645257.9091640739,rowcol,0.5670094992538375,0.056199099611255944,0.26039438273982757,0.38980400398428855,0.39036231075995836,0.42944452431793145,0.22888547870052306,0.3530377589968811,0.9709871522037712
False,-50.0,-1.8000000000000007,645257.9091640739,rowcol,0.5670094992511644,0.056199099611709734,0.2603943827622307,0.38980400402414506,0.39036231081750006,0.42944452438633085,0.22888547871276785,0.35303775900792533,0.9709871523108371
False,70.0,-1.8000000000000007,645257.9091640739,rowcol,0.5670094992511644,0.056199099611709734,0.2603943827622307,0.3898040040241451,0.39036231081750006,0.4294445243863309,0.22888547871276785,0.3530377590079254,0.9709871523108373
False,5.0,-1.6500000000000008,645257.9091640739,rowcol,0.4620920096590538,0.04968340474935612,0.2599220439825736,0.3917175336633167,0.3932838607329341,0.4409230530700076,0.227333849180564,0.3449447135553026,0.9714836656110375
False,-55.0,1.6499999999999986,645257.9091640739,rowcol,0.46209200967300534,0.04968340475058443,0.25992204399777596,0.3917175336763384,0.3932838607888046,0.44092305308093555,0.22733384918349567,0.3449447135707784,0.9714836656696664
False,65.0,1.6499999999999986,645257.9091640739,rowcol,0.4620920096730054,0.04968340475058443,0.25992204399777596,0.3917175336763384,0.3932838607888046,0.44092305308093555,0.22733384918349567,0.3449447135707784,0.9714836656696664
True,-85.0,-1.350000000000001,645257.9091640739,rowcol,0.3705740234879722,0.03908069392440028,0.2843811335364006,0.3206906294954745,0.38779944561112706,0.3636529763141941,0.2611539518000194,0.27949336567212407,0.9738340301046764
True,35.0,-1.350000000000001,645257.9091640739,rowcol,0.3705740234879722,0.03908069392440028,0.2843811335364006,0.3206906294954745,0.38779944561112706,0.36365297631419413,0.2611539518000194,0.27949336567212407,0.9738340301046764
True,-35.0,-1.6500000000000008,645257.9091640739,rowcol,0.5862103684396018,0.05780653463671959,0.28657866218670414,0.31424938581816186,0.43349992640628726,0.3283117018742908,0.25068543272365074,0.30191651482360965,0.9739853723782743
True,85.0,-1.6500000000000008,645257.9091640739,rowcol,0.5862103684396018,0.05780653463671959,0.2865786621867042,0.31424938581816186,0.4334999264062873,0.3283117018742908,0.25068543272365074,0.3019165148236096,0.9739853723782743
True,25.0,-1.350000000000001,645257.9091640739,rowcol,0.3705740234290563,0.03908069448305733,0.28436494498968745,0.32154038161218507,0.3877995040684625,0.36335570561657454,0.26113309409751917,0.28160786765116835,0.9746352165812475
True,-25.0,-1.6500000000000008,645257.9091640739,rowcol,0.5862103683638349,0.05780653540506463,0.28655902755622004,0.31530890142299706,0.4334999903219575,0.32790917782726353,0.25065887474275855,0.3043085838689497,0.974985984091657
True,-50.0,-1.8000000000000007,645257.9091640739,rowcol,0.5447036501480045,0.05295477630727736,0.2817734514536082,0.33018389654077845,0.4566879289817119,0.3020962351900901,0.23632982224374896,0.35207494269796247,0.9755042509016032
True,70.0,-1.8000000000000007,645257.9091640739,rowcol,0.5447036501480045,0.05295477630727736,0.2817734514536082,0.33018389654077845,0.4566879289817119,0.3020962351900901,0.23632982224374893,0.3520749426979625,0.9755042509016032
True,-70.0,-1.6500000000000008,645257.9091640739,rowcol,0.4023323881947393,0.043706059759990826,0.28299172422054,0.3275884032850294,0.433696252379196,0.33763267168660643,0.24575748464751773,0.31889646736976385,0.9765635759466493
True,50.0,-1.6500000000000008,645257.9091640739,rowcol,0.4023323881947393,0.043706059759990826,0.28299172422054,0.32758840328502936,0.433696252379196,0.3376326716866065,0.24575748464751773,0.31889646736976385,0.9765635759466493
False,50.0,-1.6500000000000008,645257.9091640739,rowcol,0.4257048771105912,0.04695496575420481,0.2674606636083607,0.37591628909508223,0.38294075801284366,0.4341567457536339,0.24050893072007198,0.3188040042901815,0.9782982799201643
False,-70.0,-1.6500000000000008,645257.9091640739,rowcol,0.42570487711059124,0.04695496575420481,0.26746066360836074,0.37591628909508223,0.38294075801284366,0.43415674575363394,0.24050893072007198,0.3188040042901815,0.9782982799201645
False,-10.0,1.6499999999999986,645257.9091640739,rowcol,0.4257048771208749,0.04695496575511942,0.2674606636311249,0.37591628912216224,0.3829407580847818,0.43415674578976055,0.24050893072912338,0.3188040043075913,0.9782982800155369
True,-15.0,1.9499999999999984,645257.9091640739,rowcol,0.41384417010495755,0.04445399634373253,0.28140577109485454,0.33497569765202867,0.1356262700723318,0.3128088624870088,0.300450974215725,0.35254044695804837,0.9791930109365923
True,5.0,2.2499999999999982,645257.9091640739,rowcol,0.5723750900903635,0.056313149638471977,0.2682794881118724,0.37457035646972137,0.17950199581809154,0.2935465964192714,0.28146046215619835,0.43107833257700534,0.9794088208053386
True,-30.0,-1.6500000000000008,645257.9091640739,rowcol,0.5884952822208293,0.05808913720605532,0.2890200818474314,0.3129743395729437,0.43348375260320265,0.3279071393618859,0.2539826223370734,0.2998408536902018,0.9800345851152379
True,90.0,-1.6500000000000008,645257.9091640739,rowcol,0.5884952822208291,0.058089137206055325,0.2890200818474314,0.3129743395729437,0.43348375260320265,0.327907139361886,0.2539826223370734,0.2998408536902018,0.9800345851152379
False,-70.0,1.7999999999999985,645257.9091640739,rowcol,0.5670095004280875,0.05619908776389524,0.2607693894419526,0.3984082208748181,0.39183494106378775,0.43190054051285526,0.2289315668834447,0.3678886540070004,0.9807163892006758
False,50.0,1.7999999999999985,645257.9091640739,rowcol,0.5670095004280875,0.05619908776389524,0.2607693894419526,0.3984082208748181,0.39183494106378775,0.43190054051285526,0.2289315668834447,0.3678886540070004,0.9807163892006758
False,-10.0,-1.8000000000000007,645257.9091640739,rowcol,0.5670095004254144,0.056199087764349016,0.26076938946441786,0.3984082209160501,0.39183494112144807,0.4319005405813873,0.2289315668957096,0.3678886540215423,0.9807163893093036
False,-90.0,-1.350000000000001,645257.9091640739,rowcol,0.36711568630905794,0.036814492470123,0.2935330165896851,0.3014469961909753,0.4151116097586951,0.3179169939657266,0.26543780734145506,0.28686481476270276,0.9820460459600306
False,30.0,-1.350000000000001,645257.9091640739,rowcol,0.36711568630905794,0.036814492470123,0.29353301658968517,0.3014469961909753,0.4151116097586951,0.3179169939657266,0.26543780734145506,0.28686481476270276,0.9820460459600309
False,-30.0,1.3499999999999988,645257.9091640739,rowcol,0.3671156862986505,0.03681449246968664,0.29353301659934744,0.30144699619443827,0.41511160971747707,0.3179169939602954,0.26543780736583733,0.28686481477446435,0.9820460459924805
False,90.0,1.3499999999999988,645257.9091640739,rowcol,0.3671156862986505,0.03681449246968664,0.29353301659934744,0.30144699619443827,0.41511160971747707,0.31791699396029527,0.26543780736583733,0.28686481477446435,0.9820460459924805
True,-20.0,1.7999999999999985,645257.9091640739,rowcol,0.3999181369525993,0.042095893024294416,0.2857622438585032,0.3247926077939924,0.11442352313059126,0.3188223925446309,0.30685243674222495,0.3297298244287437,0.982079339369502
True,-10.0,2.0999999999999983,645257.9091640739,rowcol,0.44331613328395786,0.04786876378290151,0.276796404209355,0.35169495637159826,0.15739514853488915,0.2989178783038755,0.29337028541919674,0.3905979677728927,0.9820841689996631
True,-55.0,-1.8000000000000007,645257.9091640739,rowcol,0.5124133977534326,0.0505343698336133,0.28232311850512304,0.3354011492537911,0.4567126498515918,0.31106900757095035,0.23709545040202212,0.35457396777078454,0.9823705047691602
True,65.0,-1.8000000000000007,645257.9091640739,rowcol,0.5124133977534326,0.0505343698336133,0.28232311850512304,0.3354011492537911,0.4567126498515919,0.31106900757095035,0.2370954504020221,0.35457396777078454,0.9823705047691602
False,25.0,1.7999999999999985,645257.9091640739,rowcol,0.6305529635850261,0.06453035496267469,0.2503916457976291,0.43163391362932313,0.1506924923546565,0.5308670003365873,0.2645465726916009,0.32555076373087166,0.9828088510222104
False,-35.0,-1.8000000000000007,645257.9091640739,rowcol,0.630552963597042,0.06453035496310917,0.250391645830338,0.43163391362866915,0.15069249234568466,0.5308670003091657,0.26454657272913445,0.32555076376688086,0.9828088511196833
False,85.0,-1.8000000000000007,645257.9091640739,rowcol,0.630552963597042,0.06453035496310917,0.250391645830338,0.43163391362866915,0.1506924923456847,0.5308670003091656,0.26454657272913445,0.32555076376688086,0.9828088511196833
False,-80.0,-1.5000000000000009,645257.9091640739,rowcol,0.37402975217385,0.03959352759574622,0.28623371154938854,0.3246503856744589,0.3753604892673654,0.36415416841631615,0.2667986857867078,0.28725289297282514,0.9833515203226244
False,40.0,-1.5000000000000009,645257.9091640739,rowcol,0.37402975217385,0.03959352759574622,0.28623371154938854,0.32465038567445886,0.3753604892673654,0.36415416841631615,0.2667986857867078,0.28725289297282514,0.9833515203226244
False,-20.0,1.4999999999999987,645257.9091640739,rowcol,0.3740297521694767,0.039593527595504184,0.2862337115666474,0.32465038569535365,0.37536048927240767,0.3641541684417606,0.2667986858073058,0.28725289298917317,0.9833515203952958
True,-10.0,-1.8000000000000007,645257.9091640739,rowcol,0.5447036513703406,0.052954763734076975,0.2817651988697348,0.338716081992624,0.4566879716938553,0.3015973361976011,0.2363181740926718,0.36703802562657517,0.9840116786018283
False,-85.0,1.7999999999999985,645257.9091640739,rowcol,0.63055296350665,0.06453035572851995,0.25046015024758556,0.4328987577844645,0.1516012328158244,0.5313606082993144,0.2645286008139981,0.32795650494478457,0.9842792085272212
False,35.0,1.7999999999999985,645257.9091640739,rowcol,0.63055296350665,0.06453035572851995,0.25046015024758556,0.43289875778446457,0.1516012328158244,0.5313606082993144,0.2645286008139981,0.3279565049447845,0.9842792085272212
False,-25.0,-1.8000000000000007,645257.9091640739,rowcol,0.630552963518666,0.06453035572895444,0.25046015028034446,0.43289875778485004,0.1516012328073039,0.5313606082721195,0.2645286008515585,0.32795650498277673,0.9842792086258834
True,10.0,-1.6500000000000008,645257.9091640739,rowcol,0.4023323890978565,0.04370605144642223,0.28298418858211044,0.33547868451271096,0.43369629360761397,0.33722357181157625,0.24574721226363203,0.3340041961067857,0.9844312502590422
True,80.0,1.7999999999999985,645257.9091640739,rowcol,0.3999181368877968,0.04209589363992974,0.285723983672487,0.3279676015875539,0.11442389347639904,0.31808178733898246,0.30681028627337575,0.3360564174565293,0.9851395526050148
True,-40.0,1.7999999999999985,645257.9091640739,rowcol,0.3999181368877968,0.04209589363992974,0.2857239836724871,0.3279676015875539,0.11442389347639904,0.31808178733898246,0.30681028627337575,0.3360564174565293,0.9851395526050151
True,-45.0,1.9499999999999984,645257.9091640739,rowcol,0.41384417032123433,0.044453994330304905,0.2813653156471779,0.3413041460165516,0.1356265468888902,0.3119878949344495,0.3004061535615632,0.36413625576549374,0.9854000929580855
True,75.0,1.9499999999999984,645257.9091640739,rowcol,0.41384417032123433,0.044453994330304905,0.2813653156471779,0.3413041460165516,0.1356265468888902,0.3119878949344495,0.3004061535615632,0.3641362557654938,0.9854000929580855
True,-90.0,-1.350000000000001,645257.9091640739,rowcol,0.3687475622593644,0.0387135746824789,0.28802179809280737,0.32141841984445896,0.38781256215723303,0.35820369586693146,0.2658257222875092,0.28685360361666973,0.985483814122881
True,30.0,-1.350000000000001,645257.9091640739,rowcol,0.3687475622593644,0.0387135746824789,0.28802179809280737,0.32141841984445896,0.38781256215723303,0.35820369586693146,0.2658257222875092,0.28685360361666973,0.985483814122881
True,10.0,2.2499999999999982,645257.9091640739,rowcol,0.6087016951586067,0.059174899045157145,0.2692438706296317,0.37840743701768353,0.17951490385541125,0.3103759945909178,0.2825455970912942,0.427317278736522,0.9861390489065784
False,20.0,-1.5000000000000009,645257.9091640739,rowcol,0.37402975211171896,0.039593528182682185,0.28634878684149734,0.32820269352388887,0.37601415046405096,0.3654238505225233,0.26677689938992644,0.2932655661724685,0.9872490540483809
False,-40.0,1.4999999999999987,645257.9091640739,rowcol,0.3740297521073457,0.03959352818244014,0.2863487868588229,0.32820269354663745,0.3760141504693317,0.3654238505483803,0.2667768994105561,0.2932655661922415,0.9872490541231063
False,80.0,1.4999999999999987,645257.9091640739,rowcol,0.3740297521073457,0.03959352818244015,0.2863487868588229,0.32820269354663745,0.3760141504693317,0.3654238505483802,0.2667768994105561,0.2932655661922415,0.9872490541231063
False,10.0,-1.6500000000000008,645257.9091640739,rowcol,0.42570487796412454,0.0469549580158684,0.26779536577827184,0.3840989021183414,0.38431695371053004,0.4363891232329073,0.2405491324926068,0.333842138545788,0.9874849994531569
False,-50.0,1.6499999999999986,645257.9091640739,rowcol,0.4257048779744081,0.046954958016783004,0.2677953658010918,0.3840989021469854,0.3843169537825234,0.4363891232693507,0.24054913250167634,0.3338421385663971,0.9874849995502608
False,70.0,1.6499999999999986,645257.9091640739,rowcol,0.42570487797440815,0.046954958016783004,0.2677953658010918,0.3840989021469854,0.3843169537825234,0.43638912326935075,0.24054913250167637,0.33384213856639705,0.9874849995502608
True,25.0,1.9499999999999984,645257.9091640739,rowcol,0.6432099089874705,0.06379584545098554,0.27101531175063687,0.3756874174240907,0.13578345788260018,0.4065160453949841,0.2889235882743164,0.3476509694822829,0.9887333526760014
True,-85.0,1.9499999999999984,645257.9091640739,rowcol,0.6432099089026051,0.06379584630662684,0.2709907743400411,0.37673510824859385,0.13578369903957382,0.4061319048942791,0.28889635563047533,0.35010711574891606,0.9897074312687171
True,35.0,1.9499999999999984,645257.9091640739,rowcol,0.643209908902605,0.06379584630662684,0.2709907743400411,0.3767351082485938,0.13578369903957382,0.4061319048942791,0.28889635563047533,0.350107115748916,0.9897074312687171
True,-65.0,2.2499999999999982,645257.9091640739,rowcol,0.5723750927106045,0.05631312300595182,0.2683222617056097,0.38576014324971003,0.17950205636765298,0.2933784784410058,0.2815086569004446,0.4489705253459391,0.9907269283665392
True,55.0,2.2499999999999982,645257.9091640739,rowcol,0.5723750927106045,0.05631312300595182,0.2683222617056097,0.38576014324971003,0.17950205636765304,0.29337847844100584,0.2815086569004446,0.4489705253459391,0.9907269283665392
True,-50.0,2.0999999999999983,645257.9091640739,rowcol,0.44331613423463406,0.04786875497861845,0.27678659812195316,0.3610374120452904,0.15739529312086378,0.2983295473734768,0.29335933271460013,0.4063506135807545,0.9913972064111498
True,70.0,2.0999999999999983,645257.9091640739,rowcol,0.4433161342346341,0.04786875497861845,0.27678659812195316,0.3610374120452904,0.15739529312086378,0.2983295473734768,0.29335933271460013,0.4063506135807545,0.9913972064111498
True,-5.0,-1.8000000000000007,645257.9091640739,rowcol,0.5124134000168711,0.05053434688257084,0.282355635403218,0.34539877404803176,0.4567126688898535,0.3109420996672666,0.23714121944719585,0.3719133808970613,0.9924656802576857
True,-45.0,-1.8000000000000007,645257.9091640739,rowcol,0.570312432088869,0.055489829565676774,0.28909083846312206,0.32679793270701696,0.4566333758882231,0.30658082097599154,0.2465755918614515,0.3428787456434741,0.9940704480963831
True,75.0,-1.8000000000000007,645257.9091640739,rowcol,0.5703124320888688,0.055489829565676774,0.28909083846312206,0.32679793270701696,0.4566333758882231,0.30658082097599154,0.2465755918614515,0.3428787456434741,0.9940704480963831
True,-70.0,2.2499999999999982,645257.9091640739,rowcol,0.6087016965980502,0.05917488423834097,0.2692330754124233,0.3877191318403529,0.17951503968058152,0.3097689144754285,0.2825334192442992,0.44277553363471195,0.9954183580776228
True,50.0,2.2499999999999982,645257.9091640739,rowcol,0.6087016965980502,0.05917488423834097,0.2692330754124233,0.3877191318403529,0.17951503968058152,0.30976891447542854,0.28253341924429926,0.44277553363471184,0.9954183580776228
True,0.0,2.2499999999999982,645257.9091640739,rowcol,0.5307771169642659,0.05389776786147041,0.27380243880954164,0.37458072369224366,0.1795066487933215,0.29386397505034584,0.2876791642906301,0.4309130307721065,0.9959880401208685
True,-60.0,-1.8000000000000007,645257.9091640739,rowcol,0.47526829674315024,0.048421696156437544,0.28669113263917195,0.3378182437582605,0.4567112287070397,0.31695067771155766,0.24321389396304188,0.35441779028718384,0.9978916416757764
True,60.0,-1.8000000000000007,645257.9091640739,rowcol,0.4752682967431502,0.04842169615643754,0.28669113263917195,0.3378182437582605,0.45671122870703973,0.31695067771155766,0.24321389396304188,0.35441779028718384,0.9978916416757764
True,-15.0,-1.8000000000000007,645257.9091640739,rowcol,0.5703124323748058,0.05548982662687856,0.2890544890911778,0.33278733216998935,0.45663345178206405,0.3058076498133353,0.24652517928700568,0.35388824790193096,0.9999507994435228
True,-90.0,1.9499999999999984,645257.9091640739,rowcol,0.6457664928243415,0.06411876460331266,0.2749232436240345,0.3758674523306747,0.1358035580616766,0.40886910262719156,0.2932545401021104,0.3456829920038108,1.000637183202778
True,30.0,1.9499999999999984,645257.9091640739,rowcol,0.6457664928243415,0.06411876460331266,0.27492324362403453,0.3758674523306747,0.1358035580616766,0.40886910262719156,0.29325454010211033,0.34568299200381075,1.0006371832027783
False,5.0,1.7999999999999985,645257.9091640739,rowcol,0.5351045752435712,0.05387689031244422,0.26951437272008794,0.39928390279102943,0.4214425512882483,0.4458657201569958,0.2313074691344962,0.35541391554299956,1.0078270209512932
False,65.0,-1.8000000000000007,645257.9091640739,rowcol,0.5351045752339699,0.053876890312069776,0.269514372731059,0.3992839028226385,0.4214425513128764,0.4458657202195241,0.23130746914143033,0.35541391554240603,1.0078270210158153
False,-55.0,-1.8000000000000007,645257.9091640739,rowcol,0.5351045752339698,0.05387689031206978,0.26951437273105905,0.39928390282263854,0.42144255131287633,0.44586572021952403,0.23130746914143033,0.35541391554240603,1.0078270210158158
True,60.0,2.2499999999999982,645257.9091640739,rowcol,0.5307771198279565,0.053897739660269145,0.27386935092723175,0.3863345278207231,0.17950668564667913,0.2939109650877238,0.2877544522606664,0.44958644984170615,1.0079425806024183
True,-60.0,2.2499999999999982,645257.9091640739,rowcol,0.5307771198279565,0.053897739660269145,0.2738693509272318,0.3863345278207231,0.1795066856466791,0.2939109650877238,0.2877544522606664,0.4495864498417062,1.0079425806024185
True,0.0,-1.8000000000000007,645257.9091640739,rowcol,0.4752682993016737,0.04842167104402858,0.2867422575019797,0.34824716061389566,0.4567112402949717,0.31698553240635635,0.24328513476941085,0.372512441007953,1.0084739331198347
False,-90.0,1.7999999999999985,645257.9091640739,rowcol,0.6355326249962585,0.06552238023539131,0.25339414218597117,0.449051904962011,0.14380644652865204,0.5629089036006504,0.26859424876774124,0.3236507306547161,1.0092343315199244
False,30.0,1.7999999999999985,645257.9091640739,rowcol,0.6355326249962585,0.06552238023539131,0.2533941421859712,0.449051904962011,0.14380644652865207,0.5629089036006504,0.26859424876774124,0.3236507306547161,1.0092343315199246
False,90.0,-1.8000000000000007,645257.9091640739,rowcol,0.6355326250091903,0.06552238023562747,0.25339414221832074,0.4490519049534053,0.1438064464774357,0.5629089035598801,0.2685942488088213,0.32365073069236894,1.0092343316083674
False,-30.0,-1.8000000000000007,645257.9091640739,rowcol,0.6355326250091903,0.06552238023562747,0.25339414221832074,0.44905190495340536,0.1438064464774357,0.5629089035598801,0.26859424880882127,0.32365073069236894,1.0092343316083676
False,-75.0,-1.6500000000000008,645257.9091640739,rowcol,0.39113847307539396,0.043089780263164415,0.2837401725380739,0.35924137046320703,0.37647468233137377,0.412369435256172,0.2633410902081781,0.3075364692784974,1.0104618880774285
False,45.0,-1.6500000000000008,645257.9091640739,rowcol,0.3911384730753939,0.043089780263164415,0.2837401725380739,0.3592413704632069,0.37647468233137377,0.412369435256172,0.2633410902081781,0.30753646927849737,1.0104618880774285
False,-15.0,1.6499999999999986,645257.9091640739,rowcol,0.39113847307875316,0.04308978026348614,0.2837401725616291,0.3592413704943747,0.37647468238513704,0.4123694352984277,0.2633410902241742,0.3075364692978735,1.010461888179262
True,-65.0,-1.8000000000000007,645257.9091640739,rowcol,0.43518393850724507,0.046183115523953884,0.29227893232383656,0.33906755668284544,0.45670999007016944,0.32365840706246507,0.25095432926807587,0.35150395354240493,1.015904353654355
True,55.0,-1.8000000000000007,645257.9091640739,rowcol,0.43518393850724507,0.046183115523953884,0.29227893232383656,0.33906755668284544,0.45670999007016944,0.32365840706246507,0.25095432926807587,0.351503953542405,1.015904353654355
True,-5.0,2.2499999999999982,645257.9091640739,rowcol,0.48593878021449505,0.05132758169067252,0.28129988531334205,0.37281143031597075,0.1795114934290043,0.2957252431432032,0.29610716116787567,0.42699965869020856,1.016711086255997
False,15.0,-1.6500000000000008,645257.9091640739,rowcol,0.3911384732841047,0.04308977836863533,0.2839597675803743,0.36544300718664546,0.37757960564673165,0.4142087702383595,0.2633325805723677,0.3187066156547858,1.0173223099277682
False,-45.0,1.6499999999999986,645257.9091640739,rowcol,0.39113847328746393,0.04308977836895705,0.2839597676040043,0.36544300721976775,0.3775796057006778,0.4142087702810092,0.26333258058839387,0.3187066156780894,1.0173223100317808
False,75.0,1.6499999999999986,645257.9091640739,rowcol,0.39113847328746393,0.04308977836895705,0.2839597676040043,0.36544300721976775,0.3775796057006778,0.41420877028100916,0.26333258058839387,0.3187066156780894,1.0173223100317808
False,-65.0,1.7999999999999985,645257.9091640739,rowcol,0.5351045774110282,0.053876868785284256,0.2699611814263177,0.4090830315114956,0.4229565423466058,0.4485877251518245,0.23141974244927932,0.3726318602598268,1.0189665757904487
False,55.0,1.7999999999999985,645257.9091640739,rowcol,0.5351045774110282,0.053876868785284256,0.2699611814263177,0.4090830315114956,0.4229565423466058,0.4485877251518246,0.23141974244927932,0.37263186025982675,1.0189665757904487
False,-5.0,-1.8000000000000007,645257.9091640739,rowcol,0.5351045774014269,0.05387686878490981,0.2699611814373227,0.40908303154365855,0.42295654237133457,0.4485877252142984,0.23141974245621894,0.37263186026158085,1.0189665758556266
False,15.0,1.9499999999999984,645257.9091640739,rowcol,0.6043805781694546,0.06001684600054965,0.2713196844307857,0.4058508924421361,0.3366065968440685,0.44767303236777073,0.2576427741629043,0.3670079292058064,1.0198099457344931
False,-45.0,-1.9500000000000006,645257.9091640739,rowcol,0.6043805781740806,0.06001684600155317,0.27131968446301513,0.40585089247900275,0.3366065969226801,0.4476730324165225,0.25764277418431036,0.3670079292308497,1.019809945868048
False,75.0,-1.9500000000000006,645257.9091640739,rowcol,0.6043805781740806,0.06001684600155317,0.2713196844630152,0.40585089247900275,0.33660659692268013,0.4476730324165224,0.25764277418431036,0.3670079292308497,1.0198099458680483
True,40.0,-1.5000000000000009,645257.9091640739,rowcol,0.3659941315782297,0.039303051395013625,0.2958810867703594,0.3325308626816329,0.410774133131388,0.3791925019265824,0.26971550903677,0.28748454389676487,1.020174122992711
True,-80.0,-1.5000000000000009,645257.9091640739,rowcol,0.3659941315782297,0.03930305139501363,0.29588108677035946,0.3325308626816329,0.4107741331313881,0.3791925019265824,0.26971550903677,0.28748454389676487,1.0201741229927113
True,20.0,-1.5000000000000009,645257.9091640739,rowcol,0.3659941315147345,0.039303051986287446,0.29585029410383923,0.33511769178123807,0.4107742190998334,0.37867383686322376,0.26967554701372665,0.2935259744123485,1.0226685740927557
True,5.0,-1.8000000000000007,645257.9091640739,rowcol,0.43518394043718095,0.046183097338145615,0.29231033753233365,0.34896053675181626,0.4567100091085421,0.32353643741722393,0.25099756540079327,0.3689883241639911,1.0258915493488172
False,-75.0,1.9499999999999984,645257.9091640739,rowcol,0.6043805784675269,0.06001684299890606,0.2715910567236512,0.41234479216574466,0.33806605722957084,0.4496801964153561,0.2576324963255432,0.37810286746702587,1.0271179623366982
False,45.0,1.9499999999999984,645257.9091640739,rowcol,0.6043805784675269,0.06001684299890607,0.2715910567236512,0.41234479216574466,0.3380660572295708,0.4496801964153561,0.2576324963255432,0.37810286746702587,1.0271179623366982
False,-15.0,-1.9500000000000006,645257.9091640739,rowcol,0.604380578472153,0.06001684299990958,0.27159105675596334,0.4123447922046345,0.33806605730829214,0.44968019646452917,0.2576324963469859,0.37810286749592287,1.0271179624725244
True,65.0,2.2499999999999982,645257.9091640739,rowcol,0.4859387822720709,0.05132756221077355,0.2813406725463042,0.38405300989643054,0.17951155397536195,0.29555836441386174,0.2961529647244193,0.44505671274932523,1.028075027535343
True,-55.0,2.2499999999999982,645257.9091640739,rowcol,0.4859387822720709,0.05132756221077355,0.28134067254630424,0.3840530098964305,0.17951155397536186,0.29555836441386174,0.2961529647244193,0.4450567127493251,1.0280750275353432
False,20.0,1.9499999999999984,645257.9091640739,rowcol,0.6276887788370323,0.06322365009050399,0.26875683796726635,0.4231787785949123,0.2317395839986776,0.49239473741677614,0.27496784365713717,0.3546615864898536,1.0294492924967114
False,-40.0,-1.9500000000000006,645257.9091640739,rowcol,0.6276887788470105,0.06322365009140399,0.26875683800228634,0.42317877861462877,0.2317395840573808,0.4923947374243978,0.27496784368858723,0.35466158652426466,1.0294492926214878
False,80.0,-1.9500000000000006,645257.9091640739,rowcol,0.6276887788470105,0.06322365009140399,0.26875683800228634,0.42317877861462877,0.23173958405738082,0.4923947374243978,0.27496784368858723,0.35466158652426466,1.0294492926214878
False,0.0,1.7999999999999985,645257.9091640739,rowcol,0.4998907728399817,0.05201199644372315,0.2752573848944586,0.4040611014392378,0.425070776982384,0.4554004950900183,0.23799625785537523,0.35518636458909647,1.0298332561226136
False,-60.0,-1.8000000000000007,645257.9091640739,rowcol,0.4998907728254861,0.0520119964425978,0.27525738489137125,0.40406110145043406,0.42507077696277046,0.4554004951202582,0.237996257857539,0.3551863645799382,1.0298332561245478
False,60.0,-1.8000000000000007,645257.9091640739,rowcol,0.4998907728254861,0.0520119964425978,0.2752573848913713,0.40406110145043406,0.42507077696277046,0.4554004951202582,0.237996257857539,0.35518636457993824,1.029833256124548
True,20.0,2.0999999999999983,645257.9091640739,rowcol,0.6459502704258334,0.06367001671996331,0.2810000757592165,0.38816040380778766,0.15749649700010646,0.4000698559024642,0.2980478251764018,0.3778542076622688,1.031160631085437
True,80.0,-1.8000000000000007,645257.9091640739,rowcol,0.5875082797858883,0.05752762926928891,0.30091272552746845,0.3284679443220424,0.4565699369786311,0.32571107726895276,0.26278588878181175,0.33076865336338357,1.0312061209044476
True,-40.0,-1.8000000000000007,645257.9091640739,rowcol,0.5875082797858883,0.05752762926928891,0.3009127255274685,0.32846794432204235,0.4565699369786311,0.3257110772689527,0.26278588878181175,0.3307686533633835,1.0312061209044479
False,-80.0,1.9499999999999984,645257.9091640739,rowcol,0.6276887787497838,0.06322365095671295,0.26891614844332784,0.4267292069799124,0.2331131111111,0.4936219113755842,0.27494036212711814,0.36100205904339233,1.0334776523098959
False,40.0,1.9499999999999984,645257.9091640739,rowcol,0.6276887787497838,0.06322365095671295,0.26891614844332784,0.4267292069799124,0.2331131111110999,0.4936219113755841,0.27494036212711814,0.36100205904339233,1.0334776523098959
False,-20.0,-1.9500000000000006,645257.9091640739,rowcol,0.6276887787597619,0.06322365095761293,0.26891614847842904,0.42672920700154815,0.23311311116997585,0.4936219113836766,0.27494036215860906,0.3610020590811698,1.0334776524368352
True,-80.0,2.0999999999999983,645257.9091640739,rowcol,0.64595027033275,0.06367001766432112,0.2809546813690143,0.3912626379041826,0.15749681090559556,0.39938149593107364,0.29799719566007266,0.384302007581309,1.0341266820112254
True,40.0,2.0999999999999983,645257.9091640739,rowcol,0.64595027033275,0.06367001766432112,0.2809546813690143,0.39126263790418253,0.1574968109055955,0.39938149593107364,0.29799719566007266,0.38430200758130895,1.0341266820112254
True,-20.0,-1.8000000000000007,645257.9091640739,rowcol,0.5875082797015205,0.05752763013090529,0.30087639161891777,0.331607779953941,0.45657002979318795,0.3249861709435967,0.26273666846657845,0.3370758028210556,1.0342369548106942
True,-25.0,1.7999999999999985,645257.9091640739,rowcol,0.39178512502029,0.0405390366800006,0.30274512976800255,0.3270247436420494,0.11438370669551806,0.30621732258246936,0.3255402061884076,0.343549375672017,1.0352601329460571
True,85.0,1.7999999999999985,645257.9091640739,rowcol,0.39178512495339407,0.040539037326509444,0.30272485426630713,0.32813538378333557,0.11438397094874585,0.3057464485684535,0.3255178964784322,0.3458440428514548,1.036309946582257
True,-35.0,1.7999999999999985,645257.9091640739,rowcol,0.391785124953394,0.040539037326509444,0.3027248542663072,0.32813538378333557,0.1143839709487458,0.3057464485684535,0.3255178964784322,0.34584404285145476,1.0363099465822572
True,45.0,-1.6500000000000008,645257.9091640739,rowcol,0.373112747987319,0.04080995475876065,0.2995890618601316,0.3375974399834801,0.4337461272009413,0.3697575394270955,0.26799375060325736,0.3079621605757744,1.036364625563875
True,-75.0,-1.6500000000000008,645257.9091640739,rowcol,0.3731127479873191,0.04080995475876065,0.2995890618601317,0.3375974399834801,0.43374612720094136,0.3697575394270955,0.26799375060325736,0.30796216057577447,1.0363646255638752
True,15.0,2.2499999999999982,645257.9091640739,rowcol,0.6378388082305205,0.06225037223834795,0.2830577110169657,0.3908972181261142,0.17955531801972213,0.3600136840214009,0.2980762536370851,0.41509497663526934,1.0400703511770113
False,-60.0,1.7999999999999985,645257.9091640739,rowcol,0.4998907752724832,0.05201197306478219,0.2757259429540405,0.4141770829664785,0.4266121973225121,0.4581967718832101,0.23813472911819722,0.3731585348589847,1.0413549118286
False,60.0,1.7999999999999985,645257.9091640739,rowcol,0.4998907752724832,0.05201197306478219,0.27572594295404057,0.4141770829664785,0.4266121973225121,0.45819677188321023,0.23813472911819722,0.3731585348589847,1.0413549118286
False,0.0,-1.8000000000000007,645257.9091640739,rowcol,0.49989077525798775,0.05201197306365684,0.2757259429509585,0.41417708297742983,0.42661219730296973,0.4581967719133218,0.23813472912035977,0.37315853485026773,1.0413549118303052
True,15.0,-1.6500000000000008,645257.9091640739,rowcol,0.373112748206113,0.04080995275839474,0.2995569086411504,0.3429189373000364,0.4337462004412242,0.3691701689141506,0.2679512321446315,0.319174872407959,1.0415896632234876
False,-65.0,-1.8000000000000007,645257.9091640739,rowcol,0.46181482836326654,0.04999603054817559,0.2797389863957349,0.4044515756324641,0.42004447797496236,0.4591528164654658,0.24567692526185736,0.3519268932433322,1.0436685348196688
False,55.0,-1.8000000000000007,645257.9091640739,rowcol,0.46181482836326654,0.04999603054817559,0.2797389863957349,0.4044515756324641,0.42004447797496236,0.4591528164654658,0.24567692526185736,0.3519268932433322,1.0436685348196688
False,-5.0,1.7999999999999985,645257.9091640739,rowcol,0.46181482837867416,0.04999603054954685,0.2797389864122236,0.4044515756451151,0.4200444780353942,0.4591528164763857,0.24567692526522092,0.351926893258117,1.043668534881786
True,-75.0,2.2499999999999982,645257.9091640739,rowcol,0.6378388085690225,0.062250368769938336,0.283011305135089,0.3971634105016548,0.17955555927991457,0.3591907589294057,0.2980241265276319,0.42648873770247214,1.0461973259069217
True,45.0,2.2499999999999982,645257.9091640739,rowcol,0.6378388085690226,0.06225036876993833,0.283011305135089,0.3971634105016548,0.17955555927991448,0.3591907589294058,0.29802412652763194,0.42648873770247214,1.0461973259069217
False,-85.0,-1.5000000000000009,645257.9091640739,rowcol,0.3591397254378733,0.03658385646807466,0.30858158232895694,0.3206006991247896,0.4184855179015254,0.3433508672708508,0.2840020340741348,0.3001360586378819,1.0463454461116604
False,35.0,-1.5000000000000009,645257.9091640739,rowcol,0.3591397254378733,0.03658385646807466,0.308581582328957,0.32060069912478967,0.41848551790152544,0.34335086727085085,0.2840020340741348,0.3001360586378819,1.0463454461116606
False,-25.0,1.4999999999999987,645257.9091640739,rowcol,0.3591397254281903,0.036583856467585316,0.3085815823420422,0.3206006991333508,0.4184855178690664,0.3433508672730684,0.2840020340996623,0.3001360586525839,1.0463454461594774
False,25.0,-1.5000000000000009,645257.9091640739,rowcol,0.3591397253725711,0.03658385710913909,0.3086279074159559,0.3220325529277618,0.4187589411694087,0.3440149509117096,0.2839880838881422,0.3023107138270789,1.0479162751756295
False,85.0,1.4999999999999987,645257.9091640739,rowcol,0.3591397253628881,0.036583857108649746,0.308627907429079,0.3220325529374407,0.41875894113709067,0.3440149509141686,0.28398808391368996,0.30231071384370695,1.0479162752246776
False,-35.0,1.4999999999999987,645257.9091640739,rowcol,0.3591397253628881,0.03658385710864974,0.308627907429079,0.32203255293744076,0.4187589411370907,0.3440149509141686,0.28398808391368996,0.30231071384370695,1.0479162752246778
True,-50.0,-1.9500000000000006,645257.9091640739,rowcol,0.5508784505994443,0.05339082494640803,0.3011148302058265,0.3453697538410007,0.47973771012580696,0.30506825791361064,0.255433467002795,0.37593303937071026,1.0487142444584803
True,70.0,-1.9500000000000006,645257.9091640739,rowcol,0.5508784505994443,0.053390824946408025,0.3011148302058265,0.3453697538410007,0.47973771012580696,0.30506825791361064,0.25543346700279496,0.37593303937071026,1.0487142444584803
True,-70.0,-1.8000000000000007,645257.9091640739,rowcol,0.39592762300406925,0.04334466660965451,0.3025611594275532,0.3435521982899001,0.45673494760057315,0.34508026272790276,0.2649623902416771,0.3422618309361115,1.0512356765725597
True,50.0,-1.8000000000000007,645257.9091640739,rowcol,0.39592762300406925,0.043344666609654504,0.3025611594275532,0.3435521982899001,0.45673494760057315,0.34508026272790276,0.2649623902416771,0.3422618309361115,1.0512356765725597
True,-30.0,1.7999999999999985,645257.9091640739,rowcol,0.3896965196278267,0.04003408698733429,0.30834786763329397,0.3263204938289785,0.11436581502468084,0.292448168846321,0.33170024156477285,0.35229458642055267,1.0513640967288604
True,90.0,1.7999999999999985,645257.9091640739,rowcol,0.3896965196278267,0.04003408698733429,0.30834786763329397,0.3263204938289785,0.11436581502468084,0.292448168846321,0.33170024156477285,0.3522945864205527,1.0513640967288604
False,10.0,1.9499999999999984,645257.9091640739,rowcol,0.5748924735174328,0.056977304249838163,0.28065182909929615,0.41091874755274194,0.4168596256146925,0.4480011026088584,0.24788665373468713,0.3769191601829169,1.0528742348506304
False,-50.0,-1.9500000000000006,645257.9091640739,rowcol,0.5748924735148436,0.056977304250377885,0.2806518291239124,0.41091874759669433,0.4168596256790153,0.44800110268447263,0.24788665374792018,0.3769191601955486,1.0528742349684315
False,70.0,-1.9500000000000006,645257.9091640739,rowcol,0.5748924735148436,0.05697730425037788,0.2806518291239124,0.41091874759669433,0.4168596256790153,0.44800110268447263,0.24788665374792018,0.3769191601955486,1.0528742349684315
True,5.0,2.399999999999998,645257.9091640739,rowcol,0.5793152722545982,0.05691739322323477,0.2872156318996541,0.39172219996173285,0.20185134215396205,0.2968435342935355,0.30017119121906566,0.45649566528096197,1.0533690956606951
False,5.0,-1.8000000000000007,645257.9091640739,rowcol,0.46181483018191133,0.04999601374929675,0.2801694851880048,0.41413223084302037,0.42156349006372323,0.46180331105158773,0.24578262880678797,0.36930810964908173,1.0546406864070348
False,-55.0,1.7999999999999985,645257.9091640739,rowcol,0.4618148301973189,0.049996013750668,0.28016948520451834,0.4141322308566225,0.4215634901241269,0.4618033110626667,0.24578262881015844,0.36930810966551153,1.0546406864701776
False,65.0,1.7999999999999985,645257.9091640739,rowcol,0.46181483019731895,0.049996013750668,0.28016948520451834,0.4141322308566225,0.42156349012412697,0.4618033110626667,0.24578262881015844,0.36930810966551153,1.0546406864701776
True,-55.0,-1.9500000000000006,645257.9091640739,rowcol,0.5161587775825742,0.05079331652317187,0.30123922994712105,0.35121218111836555,0.47976429745127247,0.3148690240267229,0.2555977256302698,0.3790887023903635,1.0549298709597288
True,65.0,-1.9500000000000006,645257.9091640739,rowcol,0.5161587775825742,0.05079331652317187,0.30123922994712105,0.35121218111836555,0.4797642974512726,0.3148690240267229,0.2555977256302698,0.3790887023903635,1.0549298709597288
True,-15.0,2.0999999999999983,645257.9091640739,rowcol,0.4102108983466137,0.04423463070210729,0.301915377410728,0.35002955179812384,0.1573617645301179,0.31733302180496237,0.32133223552930573,0.3753284539535278,1.0557756840303079
True,-10.0,2.2499999999999982,645257.9091640739,rowcol,0.4422539873654067,0.04794105754580212,0.2961017297208196,0.3675773121785115,0.17949901997478612,0.30167454756938916,0.31270551695516685,0.41497636426606127,1.0558825013409703
True,-10.0,-1.9500000000000006,645257.9091640739,rowcol,0.5508784519318354,0.05339081119899717,0.3011064643329042,0.35420761313691057,0.47973775417410647,0.3045330217929791,0.25542179216984523,0.3911297183287245,1.0575270061356232
True,-35.0,-1.8000000000000007,645257.9091640739,rowcol,0.5963310317827974,0.05863998721348645,0.30968434487666124,0.32866057116823594,0.4565217239160932,0.33511811039890893,0.27458449272672164,0.3231299631790912,1.0577136057982197
True,85.0,-1.8000000000000007,645257.9091640739,rowcol,0.5963310317827974,0.05863998721348645,0.30968434487666124,0.32866057116823594,0.45652172391609325,0.33511811039890893,0.27458449272672164,0.32312996317909115,1.0577136057982197
True,-25.0,-1.8000000000000007,645257.9091640739,rowcol,0.5963310316999235,0.05863998805626061,0.3096645234378523,0.3297657312046792,0.45652179012607796,0.33468789951233857,0.274558042166114,0.3255686365209711,1.058759301518236
True,10.0,-1.8000000000000007,645257.9091640739,rowcol,0.39592762397563885,0.043344657734945696,0.3025534702959503,0.35176060805035786,0.4567349903083197,0.3446435921498404,0.2649519960639457,0.3576363212069447,1.0594210189382087
False,50.0,-1.8000000000000007,645257.9091640739,rowcol,0.4219341049276382,0.047016155371844226,0.287783006041887,0.39701510347465785,0.40930381313515557,0.4537479649625827,0.259572982994507,0.3420959009991906,1.0603641216003188
False,-70.0,-1.8000000000000007,645257.9091640739,rowcol,0.4219341049276382,0.04701615537184423,0.287783006041887,0.39701510347465796,0.4093038131351556,0.4537479649625827,0.25957298299450693,0.3420959009991906,1.060364121600319
False,-10.0,1.7999999999999985,645257.9091640739,rowcol,0.42193410493929295,0.04701615537289559,0.2877830060668556,0.3970151035046299,0.40930381321417114,0.4537479650028235,0.2595729830045241,0.3420959010183396,1.0603641217051967
True,10.0,2.399999999999998,645257.9091640739,rowcol,0.6176202790211267,0.059938537763289015,0.28873367864944044,0.39590297943952707,0.2018668309090719,0.3163151984225799,0.30188622312210844,0.4521169138160826,1.0621040153878485
True,-45.0,2.0999999999999983,645257.9091640739,rowcol,0.4102108985724375,0.04423462860792455,0.3018747697511402,0.35655253170928886,0.15736202146403516,0.31646145437359613,0.32128710392102955,0.3870673910244045,1.0621768409627095
True,75.0,2.0999999999999983,645257.9091640739,rowcol,0.4102108985724375,0.04423462860792455,0.3018747697511402,0.3565525317092889,0.15736202146403516,0.31646145437359613,0.32128710392102955,0.3870673910244046,1.0621768409627095
True,-85.0,-1.5000000000000009,645257.9091640739,rowcol,0.35820315031250344,0.0380040639875423,0.3079194443568673,0.33854275486932195,0.41081481058407904,0.379142472186116,0.2851912896803602,0.30017761159819917,1.0623010879399237
True,35.0,-1.5000000000000009,645257.9091640739,rowcol,0.3582031503125034,0.0380040639875423,0.30791944435686736,0.33854275486932195,0.41081481058407904,0.379142472186116,0.2851912896803603,0.30017761159819917,1.062301087939924
False,-70.0,1.9499999999999984,645257.9091640739,rowcol,0.574892474794168,0.056977291367768634,0.281028781160455,0.4197480797721501,0.418353708551683,0.450520351824212,0.24793275600498668,0.3920033629481421,1.062834423253515
False,50.0,1.9499999999999984,645257.9091640739,rowcol,0.574892474794168,0.056977291367768634,0.281028781160455,0.4197480797721501,0.41835370855168297,0.450520351824212,0.24793275600498668,0.39200336294814214,1.062834423253515
False,-10.0,-1.9500000000000006,645257.9091640739,rowcol,0.5748924747915789,0.05697729136830835,0.28102878118513297,0.4197480798174746,0.41835370861611604,0.4505203518999393,0.2479327560182399,0.39200336296429705,1.0628344233728735
True,-20.0,1.9499999999999984,645257.9091640739,rowcol,0.39461862312617724,0.04161903491160319,0.3077975357180877,0.33961512580755193,0.13558188386672487,0.32506378046416806,0.32963244847454876,0.351386483533552,1.063007732961815
True,25.0,-1.5000000000000009,645257.9091640739,rowcol,0.35820315024703053,0.03800406460465024,0.30790283212013553,0.33943713825659616,0.41081487189778937,0.3788256626526636,0.2851700678490841,0.3023654654227567,1.0631456346170027
True,-30.0,-1.8000000000000007,645257.9091640739,rowcol,0.5988281501612953,0.058942027025735644,0.3124955551099072,0.3271937559694398,0.45650404330164696,0.3341497746231431,0.2783298121127032,0.32122723246277723,1.0646804212991612
True,90.0,-1.8000000000000007,645257.9091640739,rowcol,0.5988281501612953,0.058942027025735644,0.3124955551099072,0.3271937559694398,0.45650404330164696,0.3341497746231431,0.2783298121127032,0.32122723246277723,1.0646804212991612
True,-65.0,2.399999999999998,645257.9091640739,rowcol,0.5793152750467206,0.0569173648045126,0.28725824946916667,0.4031394288368871,0.20185139958906148,0.2966661979696483,0.30021939504622663,0.4745355651705431,1.064914177244387
True,55.0,2.399999999999998,645257.9091640739,rowcol,0.5793152750467206,0.0569173648045126,0.28725824946916667,0.4031394288368871,0.20185139958906156,0.2966661979696483,0.3002193950462266,0.4745355651705431,1.064914177244387
True,-5.0,-1.9500000000000006,645257.9091640739,rowcol,0.5161587800448189,0.05079329150197519,0.3012722448298917,0.36155713914559745,0.47976431708507933,0.31473319810390626,0.2556437200829234,0.39667975135130595,1.0653738736352725
True,-50.0,2.2499999999999982,645257.9091640739,rowcol,0.4422539883533254,0.04794104843229778,0.2960919080273132,0.37715697327277464,0.179499155811975,0.30104992112276635,0.3126945073158825,0.43087837240831034,1.0654326973547144
True,70.0,2.2499999999999982,645257.9091640739,rowcol,0.4422539883533254,0.04794104843229778,0.2960919080273132,0.37715697327277464,0.179499155811975,0.30104992112276635,0.3126945073158825,0.43087837240831034,1.0654326973547144
True,-40.0,1.9499999999999984,645257.9091640739,rowcol,0.394618623057737,0.04161903556053176,0.3077590546767002,0.34290472661882765,0.13558222246391627,0.3242768245485263,0.32958994130771707,0.3578206687547713,1.0661818906489282
True,80.0,1.9499999999999984,645257.9091640739,rowcol,0.39461862305773704,0.04161903556053176,0.3077590546767003,0.34290472661882765,0.13558222246391627,0.3242768245485263,0.32958994130771707,0.3578206687547713,1.0661818906489284
False,-80.0,-1.6500000000000008,645257.9091640739,rowcol,0.3635637062000493,0.038775931688040506,0.3083967099518239,0.3426447205413816,0.3969296459975423,0.37971504536126244,0.2893548185801507,0.3080345666673724,1.0678348503968533
False,40.0,-1.6500000000000008,645257.9091640739,rowcol,0.3635637062000493,0.038775931688040506,0.3083967099518239,0.3426447205413816,0.3969296459975424,0.37971504536126244,0.2893548185801507,0.30803456666737233,1.0678348503968533
False,-20.0,1.6499999999999986,645257.9091640739,rowcol,0.36356370619551875,0.03877593168780487,0.3083967099713364,0.342644720565245,0.3969296460042876,0.37971504538995093,0.2893548186030515,0.3080345666864998,1.067834850479254
True,0.0,2.399999999999998,645257.9091640739,rowcol,0.5353945754596144,0.05436527481517216,0.2926522862498036,0.391701814669141,0.20185605683355323,0.296841876386821,0.30631614310922256,0.45646436769980825,1.0696586734185518
False,10.0,-1.8000000000000007,645257.9091640739,rowcol,0.42193410583932384,0.04701614719016103,0.2881223634463932,0.40546791369273283,0.41070853268904217,0.45607565195421196,0.25961361849364833,0.3574023479267068,1.0698350040319125
False,-50.0,1.7999999999999985,645257.9091640739,rowcol,0.42193410585097857,0.047016147191212394,0.2881223634714178,0.40546791372425206,0.41070853276810687,0.4560756519946922,0.25961361850368375,0.3574023479490947,1.0698350041385054
False,70.0,1.7999999999999985,645257.9091640739,rowcol,0.42193410585097857,0.047016147191212394,0.2881223634714178,0.40546791372425206,0.41070853276810687,0.4560756519946922,0.25961361850368375,0.3574023479490947,1.0698350041385054
True,-45.0,-1.9500000000000006,645257.9091640739,rowcol,0.5784301133453863,0.0561061763735047,0.30965789899355833,0.341559286362522,0.47967889669407404,0.31070184029920106,0.26725553648609,0.36549888694995875,1.070532983343197
True,75.0,-1.9500000000000006,645257.9091640739,rowcol,0.5784301133453863,0.0561061763735047,0.30965789899355833,0.341559286362522,0.47967889669407404,0.31070184029920106,0.26725553648609,0.3654988869499588,1.070532983343197
True,60.0,-1.9500000000000006,645257.9091640739,rowcol,0.4760948809084626,0.04851566815682504,0.30562106041329845,0.3538849286824598,0.479762719100338,0.32134274746899905,0.26167602145253815,0.3790961958831473,1.070748109922355
True,-60.0,-1.9500000000000006,645257.9091640739,rowcol,0.47609488090846264,0.04851566815682504,0.30562106041329845,0.35388492868245985,0.479762719100338,0.321342747468999,0.26167602145253815,0.3790961958831473,1.0707481099223553
True,50.0,2.399999999999998,645257.9091640739,rowcol,0.6176202805596502,0.059938521909990654,0.2887229412411108,0.4053994187638165,0.20186695974724356,0.31567978807735786,0.3018740658680214,0.46771409082973053,1.0715682424871489
True,-70.0,2.399999999999998,645257.9091640739,rowcol,0.6176202805596502,0.059938521909990654,0.28872294124111086,0.4053994187638165,0.20186695974724356,0.31567978807735786,0.3018740658680214,0.46771409082973053,1.071568242487149
False,20.0,-1.6500000000000008,645257.9091640739,rowcol,0.3635637061322223,0.038775932323986906,0.30851419711922756,0.34635306878346844,0.3976096110037041,0.38106591068932705,0.28933272176750013,0.31420504044094505,1.0718956601411511
False,-40.0,1.6499999999999986,645257.9091640739,rowcol,0.36356370612769173,0.038775932323751254,0.30851419713880784,0.34635306880924155,0.397609611010695,0.38106591071843665,0.28933272179043307,0.31420504046355746,1.071895660225665
False,80.0,1.6499999999999986,645257.9091640739,rowcol,0.36356370612769173,0.038775932323751254,0.30851419713880784,0.34635306880924155,0.397609611010695,0.3810659107184366,0.289332721790433,0.3142050404635575,1.071895660225665
True,-90.0,-1.5000000000000009,645257.9091640739,rowcol,0.3561686966956977,0.03758427397731701,0.31194578080611024,0.3393099056355973,0.4108294228827846,0.3731724563560329,0.29031465290374875,0.3079628290468579,1.0751472480539281
True,30.0,-1.5000000000000009,645257.9091640739,rowcol,0.3561686966956977,0.03758427397731701,0.31194578080611024,0.3393099056355973,0.4108294228827846,0.3731724563560329,0.29031465290374875,0.3079628290468579,1.0751472480539281
False,-90.0,-1.5000000000000009,645257.9091640739,rowcol,0.35436899278433487,0.035478602159504935,0.3179374201257478,0.3218794293620762,0.4411287293443568,0.33767178530992487,0.28989526113460373,0.30797196597931414,1.0756916897393196
False,30.0,-1.5000000000000009,645257.9091640739,rowcol,0.35436899278433487,0.035478602159504935,0.3179374201257478,0.3218794293620762,0.4411287293443569,0.3376717853099249,0.2898952611346037,0.30797196597931414,1.0756916897393196
False,-30.0,1.4999999999999987,645257.9091640739,rowcol,0.3543689927727049,0.03547860215899519,0.31793742013715465,0.32187942936537484,0.4411287292985454,0.33767178530127556,0.28989526116210107,0.30797196599363674,1.0756916897768387
False,90.0,1.4999999999999987,645257.9091640739,rowcol,0.3543689927727049,0.03547860215899519,0.31793742013715465,0.32187942936537484,0.4411287292985454,0.33767178530127556,0.28989526116210107,0.3079719659936368,1.0756916897768387
True,-15.0,-1.9500000000000006,645257.9091640739,rowcol,0.5784301136568313,0.05610617316264285,0.3096211361454451,0.3477678432549212,0.47967897496233397,0.3098752905614176,0.26720514926699707,0.37669582374881844,1.0766312516912566
False,25.0,1.9499999999999984,645257.9091640739,rowcol,0.6429595707114093,0.06584114231043088,0.273829449471847,0.4556653291130352,0.1722663433136688,0.5577394930195018,0.2885152391289852,0.3473281994855847,1.0771536775285762
False,-35.0,-1.9500000000000006,645257.9091640739,rowcol,0.6429595707244361,0.06584114231090563,0.2738294495065956,0.4556653291130322,0.17226634330013788,0.5577394929905573,0.28851523916944916,0.3473281995246659,1.077153677632819
False,85.0,-1.9500000000000006,645257.9091640739,rowcol,0.6429595707244361,0.06584114231090561,0.2738294495065956,0.45566532911303215,0.17226634330013785,0.5577394929905573,0.28851523916944916,0.3473281995246659,1.077153677632819
False,-85.0,1.9499999999999984,645257.9091640739,rowcol,0.6429595706265108,0.06584114313949244,0.2738973113806537,0.4569615994466892,0.17312796362657307,0.5582453110249962,0.2884973870818241,0.3497714442971542,1.0786535335886502
False,35.0,1.9499999999999984,645257.9091640739,rowcol,0.6429595706265108,0.06584114313949244,0.2738973113806537,0.4569615994466892,0.17312796362657304,0.5582453110249963,0.2884973870818241,0.3497714442971541,1.0786535335886502
False,-25.0,-1.9500000000000006,645257.9091640739,rowcol,0.6429595706395376,0.06584114313996718,0.2738973114154519,0.4569615994477523,0.17312796361348665,0.5582453109962875,0.2884973871223147,0.34977144433824503,1.078653533694108
True,25.0,2.0999999999999983,645257.9091640739,rowcol,0.6556142870667949,0.06494662758237041,0.2944758396441328,0.39547751370943773,0.15754992098959175,0.4239782183341737,0.3130462945589414,0.36981224806290347,1.0789050326418361
True,-85.0,2.0999999999999983,645257.9091640739,rowcol,0.6556142869754095,0.06494662850487627,0.29445152006200287,0.39654937889362524,0.15755014481699706,0.4235815688603344,0.313019227099646,0.37229924377530593,1.079903939079634
True,35.0,2.0999999999999983,645257.9091640739,rowcol,0.6556142869754095,0.06494662850487626,0.29445152006200287,0.39654937889362524,0.15755014481699706,0.4235815688603344,0.313019227099646,0.37229924377530593,1.079903939079634
True,0.0,-1.9500000000000006,645257.9091640739,rowcol,0.47609488367538416,0.04851564100440948,0.3056730153778152,0.3646720513876704,0.47976273105075984,0.3213799905228661,0.2617477545301823,0.3974463528824129,1.081691097521116
True,-60.0,2.399999999999998,645257.9091640739,rowcol,0.5353945784878735,0.05436524499257041,0.2927190625584608,0.4036956820362725,0.20185609179138958,0.2968914960851569,0.3063915647883428,0.4752870541309292,1.081852869711655
True,60.0,2.399999999999998,645257.9091640739,rowcol,0.5353945784878735,0.05436524499257041,0.29271906255846086,0.4036956820362725,0.20185609179138966,0.2968914960851569,0.3063915647883428,0.4752870541309291,1.081852869711655
True,-65.0,-1.9500000000000006,645257.9091640739,rowcol,0.4325955114903566,0.04609108976616246,0.3113555284398354,0.3552046594001959,0.47976133880929556,0.32875318019165506,0.26955059251350705,0.3760123360656643,1.0892712447197022
True,55.0,-1.9500000000000006,645257.9091640739,rowcol,0.4325955114903566,0.04609108976616246,0.3113555284398354,0.3552046594001959,0.4797613388092956,0.32875318019165506,0.26955059251350705,0.3760123360656643,1.0892712447197022
True,-5.0,2.399999999999998,645257.9091640739,rowcol,0.4878842489564335,0.0516405277452808,0.3002096037522802,0.38970500171489464,0.20186098211475234,0.29856589906040376,0.3148433772156747,0.45235374153071134,1.090333812971735
False,5.0,1.9499999999999984,645257.9091640739,rowcol,0.5407512723273254,0.05450685693877682,0.2898535487604308,0.4213571255344579,0.4501692229953718,0.46583215438094644,0.2497799876836739,0.3799450724264207,1.0909177718157503
False,-55.0,-1.9500000000000006,645257.9091640739,rowcol,0.5407512723171976,0.05450685693841281,0.2898535487726631,0.42135712556959243,0.45016922302394374,0.46583215445042403,0.24977998769106982,0.37994507242651493,1.0909177718875818
False,65.0,-1.9500000000000006,645257.9091640739,rowcol,0.5407512723171977,0.05450685693841282,0.2898535487726631,0.42135712556959243,0.45016922302394374,0.46583215445042403,0.24977998769106982,0.37994507242651493,1.0909177718875818
True,-90.0,2.0999999999999983,645257.9091640739,rowcol,0.6583652432388291,0.06528821101235527,0.2987742650910744,0.3956630598193521,0.15757169737535717,0.4262098467588235,0.3178232073634586,0.36801593807556676,1.0919858550925754
True,30.0,2.0999999999999983,645257.9091640739,rowcol,0.6583652432388291,0.06528821101235527,0.2987742650910744,0.3956630598193521,0.15757169737535717,0.4262098467588235,0.3178232073634586,0.36801593807556676,1.0919858550925754
False,-75.0,-1.8000000000000007,645257.9091640739,rowcol,0.3837711038255557,0.0427611087363881,0.3046561525753463,0.3784561589375889,0.39951690139593793,0.42942725686155475,0.2839708652515745,0.32954241920858096,1.0924246166636278
False,45.0,-1.8000000000000007,645257.9091640739,rowcol,0.3837711038255557,0.0427611087363881,0.30465615257534634,0.3784561589375888,0.39951690139593793,0.42942725686155475,0.28397086525157456,0.32954241920858096,1.0924246166636278
False,-15.0,1.7999999999999985,645257.9091640739,rowcol,0.38377110382972635,0.04276110873680086,0.3046561526013839,0.37845615897231877,0.3995169014560709,0.4294272569086435,0.28397086526917964,0.3295424192304041,1.0924246167764704
False,15.0,-1.8000000000000007,645257.9091640739,rowcol,0.38377110404922554,0.0427611067290021,0.30487926867696846,0.38487374478246256,0.40065280429422795,0.4313437641512267,0.2839622563738956,0.34092428430719673,1.099511550813368
False,-45.0,1.7999999999999985,645257.9091640739,rowcol,0.38377110405339626,0.04276110672941486,0.3048792687030814,0.3848737448191672,0.4006528043545403,0.43134376419867937,0.28396225639153116,0.3409242843329893,1.0995115509284115
False,75.0,1.7999999999999985,645257.9091640739,rowcol,0.3837711040533963,0.04276110672941486,0.3048792687030814,0.38487374481916725,0.4006528043545403,0.4313437641986793,0.28396225639153116,0.3409242843329893,1.0995115509284115
True,5.0,-1.9500000000000006,645257.9091640739,rowcol,0.43259551356024667,0.04609107033886367,0.31138746611929286,0.36543704104460617,0.47976135844322365,0.32862309289429403,0.26959420021655905,0.39374158085558647,1.0995994394024846
True,-55.0,2.399999999999998,645257.9091640739,rowcol,0.4878842511059978,0.051640507436836326,0.3002503696979099,0.40118023185680723,0.20186103954710863,0.2983895863590032,0.314889326817519,0.4705533852065894,1.101931340950537
True,65.0,2.399999999999998,645257.9091640739,rowcol,0.4878842511059978,0.051640507436836326,0.3002503696979099,0.40118023185680723,0.20186103954710868,0.29838958635900314,0.31488932681751897,0.4705533852065893,1.101931340950537
False,-65.0,1.9499999999999984,645257.9091640739,rowcol,0.5407512746775912,0.054506833622269636,0.29030364978534323,0.43140424567838614,0.4517048554083656,0.46862292155044677,0.24989262418601266,0.39741453026644236,1.1023151950344159
False,55.0,1.9499999999999984,645257.9091640739,rowcol,0.5407512746775912,0.054506833622269636,0.29030364978534323,0.43140424567838614,0.4517048554083656,0.4686229215504469,0.24989262418601266,0.39741453026644236,1.1023151950344159
False,-5.0,-1.9500000000000006,645257.9091640739,rowcol,0.5407512746674634,0.05450683362190563,0.29030364979760903,0.4314042457140616,0.4517048554370319,0.4686229216198733,0.24989262419341418,0.39741453026888934,1.1023151951068888
False,15.0,2.0999999999999983,645257.9091640739,rowcol,0.6142128185360815,0.060984769061025235,0.2921432727628702,0.42682624913600353,0.3589175145219996,0.46683668640915216,0.2782504148958214,0.3900132779423436,1.1032560674246141
False,75.0,-2.1000000000000005,645257.9091640739,rowcol,0.6142128185413013,0.060984769062144145,0.29214327279766605,0.42682624917613776,0.3589175146077135,0.4668366864622142,0.2782504149188605,0.3900132779697898,1.1032560675691359
False,-45.0,-2.1000000000000005,645257.9091640739,rowcol,0.6142128185413013,0.060984769062144145,0.29214327279766605,0.4268262491761379,0.3589175146077134,0.46683668646221427,0.2782504149188605,0.3900132779697898,1.103256067569136
True,-80.0,-1.6500000000000008,645257.9091640739,rowcol,0.3544793720085251,0.03839063168383014,0.31836461397576005,0.35042637721809383,0.4338053854721811,0.3946843514809289,0.2924526878521641,0.3083265448721319,1.105520219145374
True,40.0,-1.6500000000000008,645257.9091640739,rowcol,0.3544793720085251,0.03839063168383015,0.31836461397576005,0.35042637721809383,0.43380538547218106,0.3946843514809289,0.2924526878521641,0.3083265448721318,1.105520219145374
False,-90.0,1.9499999999999984,645257.9091640739,rowcol,0.6483335495493828,0.06690593642970329,0.277561518977307,0.4742719789438134,0.1688654747153132,0.5919200781234032,0.2930621786621449,0.3456067100742825,1.1069565358757345
False,30.0,1.9499999999999984,645257.9091640739,rowcol,0.6483335495493828,0.06690593642970329,0.277561518977307,0.47427197894381345,0.16886547471531324,0.5919200781234031,0.2930621786621449,0.3456067100742825,1.1069565358757345
False,-30.0,-1.9500000000000006,645257.9091640739,rowcol,0.6483335495633642,0.06690593642994924,0.2775615190115272,0.4742719789347175,0.16886547465884325,0.5919200780791992,0.29306217870639395,0.34560671011497224,1.106956535969299
False,90.0,-1.9500000000000006,645257.9091640739,rowcol,0.6483335495633641,0.06690593642994924,0.2775615190115272,0.4742719789347175,0.16886547465884325,0.5919200780791992,0.29306217870639395,0.34560671011497224,1.106956535969299
True,20.0,-1.6500000000000008,645257.9091640739,rowcol,0.35447937193895995,0.03839063232615909,0.31833313423687687,0.35312667285123545,0.43380547501688543,0.3941362082225294,0.29241214743329896,0.3145256826281632,1.108126075561866
False,45.0,2.0999999999999983,645257.9091640739,rowcol,0.6142128188580567,0.06098476581822692,0.29241469855448,0.43346853488959264,0.36039170796015374,0.46889166184627584,0.27824016627762793,0.40126453790389016,1.1107126305530326
False,-75.0,2.0999999999999983,645257.9091640739,rowcol,0.6142128188580567,0.06098476581822692,0.29241469855448005,0.4334685348895927,0.3603917079601538,0.46889166184627595,0.27824016627762793,0.4012645379038903,1.1107126305530328
False,-15.0,-2.1000000000000005,645257.9091640739,rowcol,0.6142128188632765,0.060984765819345824,0.2924146985893584,0.43346853493174275,0.36039170804597076,0.46889166189969117,0.27824016630070353,0.4012645379352231,1.110712630699818
True,-40.0,-1.9500000000000006,645257.9091640739,rowcol,0.5969851551640531,0.058289121151858005,0.323061034588019,0.34342315664972284,0.47961035469655855,0.33237997567010674,0.28541850609685704,0.35244259511310955,1.1126062604137799
True,80.0,-1.9500000000000006,645257.9091640739,rowcol,0.5969851551640531,0.058289121151858005,0.323061034588019,0.3434231566497229,0.47961035469655855,0.33237997567010674,0.28541850609685704,0.3524425951131096,1.1126062604137799
False,0.0,1.9499999999999984,645257.9091640739,rowcol,0.5029278195312791,0.05251238916612301,0.2956926666811,0.426609853836894,0.454215308117097,0.47624948800371275,0.25644754362965744,0.37987475597531195,1.113687853880194
False,-60.0,-1.9500000000000006,645257.9091640739,rowcol,0.5029278195156704,0.052512389164922874,0.2956926666779866,0.4266098538494919,0.4542153080972124,0.47624948803721445,0.2564475436318328,0.3798747559660353,1.1136878538834516
False,60.0,-1.9500000000000006,645257.9091640739,rowcol,0.5029278195156704,0.052512389164922874,0.29569266667798655,0.42660985384949196,0.4542153080972124,0.47624948803721445,0.2564475436318328,0.37987475596603526,1.1136878538834516
True,-20.0,-1.9500000000000006,645257.9091640739,rowcol,0.5969851550723173,0.05828912209139682,0.323024371522618,0.3466766583763634,0.47961045041529654,0.33161038252153624,0.2853694126825635,0.3588579043537915,1.1157497729442174
True,-75.0,-1.8000000000000007,645257.9091640739,rowcol,0.36360346206744726,0.04016169637150514,0.3205173904485869,0.3546810905891096,0.45678908904354276,0.38189246432678126,0.28883136028768286,0.33006449912187574,1.1162332619348703
True,45.0,-1.8000000000000007,645257.9091640739,rowcol,0.36360346206744726,0.04016169637150514,0.3205173904485869,0.3546810905891096,0.45678908904354265,0.38189246432678126,0.28883136028768286,0.33006449912187574,1.1162332619348703
True,20.0,2.2499999999999982,645257.9091640739,rowcol,0.657695985989642,0.06474624991889148,0.30340693396774976,0.4077500845657505,0.17961816426994376,0.41640589182778703,0.3208656570197557,0.40032578609034725,1.117970886469
False,20.0,2.0999999999999983,645257.9091640739,rowcol,0.639037345438978,0.0643787395372061,0.2908031219308641,0.445649574437274,0.2505700543894509,0.5157054562563044,0.2975511482737617,0.3767812355022267,1.1180589402298664
False,-40.0,-2.1000000000000005,645257.9091640739,rowcol,0.6390373454498359,0.06437873953819555,0.2908031219682727,0.4456495744590293,0.2505700544509432,0.5157054562650233,0.29755114830754714,0.3767812355395626,1.1180589403638472
False,80.0,-2.1000000000000005,645257.9091640739,rowcol,0.6390373454498359,0.06437873953819555,0.2908031219682727,0.4456495744590293,0.25057005445094327,0.5157054562650232,0.29755114830754714,0.37678123553956266,1.1180589403638472
True,-25.0,1.9499999999999984,645257.9091640739,rowcol,0.3859134162138445,0.03990987540839823,0.32597560097109796,0.3419434260930155,0.13553663077541223,0.3115517449865078,0.34968635542149007,0.3655516995309093,1.1198702290063094
True,-35.0,1.9499999999999984,645257.9091640739,rowcol,0.3859134161429862,0.039909876093571474,0.32595520123401683,0.3430941418545631,0.13553687237155826,0.3110503477150781,0.34966385551015905,0.3678882972428664,1.1209597455566136
True,85.0,1.9499999999999984,645257.9091640739,rowcol,0.3859134161429862,0.039909876093571474,0.32595520123401683,0.3430941418545631,0.13553687237155831,0.3110503477150781,0.34966385551015905,0.36788829724286637,1.1209597455566136
True,-80.0,2.2499999999999982,645257.9091640739,rowcol,0.6576959858898178,0.0647462509329102,0.30336188927239965,0.4109145849599508,0.17961845917543204,0.41569730400852484,0.3208152690237551,0.40684884682386013,1.1210002527771497
True,40.0,2.2499999999999982,645257.9091640739,rowcol,0.6576959858898178,0.0647462509329102,0.30336188927239965,0.4109145849599508,0.17961845917543195,0.41569730400852484,0.32081526902375507,0.40684884682386013,1.1210002527771497
True,15.0,2.399999999999998,645257.9091640739,rowcol,0.6483974520155057,0.06318695963584083,0.3039050371044097,0.4094688590051899,0.20191263857168723,0.3717230357071748,0.3190014834811225,0.43870579865368403,1.121183970318419
True,15.0,-1.8000000000000007,645257.9091640739,rowcol,0.36360346230352325,0.040161694234193746,0.32048460457267164,0.36020724572205287,0.4567891649115126,0.38127204618707505,0.2887883230084101,0.3414875540838254,1.1216610594400678
False,-80.0,2.0999999999999983,645257.9091640739,rowcol,0.6390373453448877,0.06437874047116784,0.29096168416252216,0.44928076505641334,0.2519383940199763,0.5169673323242117,0.29752379908786875,0.3832111644484627,1.1221658175439797
False,40.0,2.0999999999999983,645257.9091640739,rowcol,0.6390373453448877,0.06437874047116784,0.2909616841625221,0.44928076505641334,0.2519383940199763,0.5169673323242117,0.29752379908786875,0.3832111644484627,1.1221658175439797
False,-20.0,-2.1000000000000005,645257.9091640739,rowcol,0.6390373453557456,0.06437874047215728,0.2909616842000118,0.44928076508011855,0.25193839408165136,0.5169673323334028,0.29752379912169474,0.38321116448920056,1.1221658176801539
True,-50.0,-2.1000000000000005,645257.9091640739,rowcol,0.5571784153775247,0.05384167580411217,0.3205794272649266,0.36105374035036614,0.5028000612013086,0.3082180599280991,0.2746318926007825,0.40012297544387515,1.122792022145146
True,70.0,-2.1000000000000005,645257.9091640739,rowcol,0.5571784153775247,0.05384167580411217,0.3205794272649266,0.36105374035036614,0.5028000612013086,0.3082180599280991,0.2746318926007825,0.40012297544387515,1.122792022145146
False,-60.0,1.9499999999999984,645257.9091640739,rowcol,0.5029278221505759,0.05251236408028041,0.29616521534640994,0.43697969976204365,0.45577817818485455,0.4791193795092967,0.2565867636836311,0.39810249558088534,1.1254753458012734
False,60.0,1.9499999999999984,645257.9091640739,rowcol,0.5029278221505759,0.05251236408028041,0.29616521534640994,0.43697969976204365,0.45577817818485455,0.4791193795092967,0.2565867636836311,0.39810249558088534,1.1254753458012734
False,0.0,-1.9500000000000006,645257.9091640739,rowcol,0.5029278221349672,0.052512364079080276,0.2961652153433015,0.4369796997743887,0.45577817816503813,0.47911937954268946,0.25658676368580535,0.39810249557203364,1.1254753458042932
True,-70.0,-1.9500000000000006,645257.9091640739,rowcol,0.38969440948453965,0.04300586342621282,0.322225632714676,0.36008086749691215,0.47978818623515834,0.3528316819012625,0.2842451222232495,0.3660662434848132,1.1267577656409402
True,50.0,-1.9500000000000006,645257.9091640739,rowcol,0.3896944094845396,0.04300586342621282,0.322225632714676,0.36008086749691215,0.47978818623515834,0.3528316819012625,0.2842451222232495,0.3660662434848132,1.1267577656409402
False,-65.0,-1.9500000000000006,645257.9091640739,rowcol,0.46180006883162594,0.050343411762174446,0.30016491333492457,0.4268838747119129,0.4487514126921981,0.4800409543519392,0.2642256912205367,0.376412247431415,1.1273786147166867
False,55.0,-1.9500000000000006,645257.9091640739,rowcol,0.46180006883162594,0.050343411762174446,0.30016491333492457,0.4268838747119129,0.44875141269219815,0.4800409543519392,0.2642256912205367,0.37641224743141494,1.1273786147166867
False,-5.0,1.9499999999999984,645257.9091640739,rowcol,0.4618000688485113,0.05034341176368046,0.3001649133527122,0.42688387472553646,0.4487514127570834,0.48004095436384253,0.26422569122434025,0.3764122474470923,1.127378614783673
True,-75.0,2.399999999999998,645257.9091640739,rowcol,0.6483974523773124,0.06318695592313443,0.30385893341535114,0.4158510451231245,0.2019128674207865,0.3708728988941545,0.31894952889077693,0.45021198179004496,1.127427845369178
True,45.0,2.399999999999998,645257.9091640739,rowcol,0.6483974523773125,0.06318695592313443,0.30385893341535114,0.4158510451231245,0.20191286742078646,0.3708728988941545,0.3189495288907769,0.45021198179004496,1.127427845369178
True,5.0,2.549999999999998,645257.9091640739,rowcol,0.5863483324008228,0.05753389205099931,0.30626580932669234,0.4092424726190786,0.22437093544515743,0.3004173030132404,0.31893561285681116,0.48210792291246146,1.1280399005991557
True,-55.0,-2.1000000000000005,645257.9091640739,rowcol,0.5200745377947389,0.05107139507626953,0.32026679475390474,0.3675242775643458,0.5028285036025495,0.3188511930367156,0.27419079859715223,0.40394291829441753,1.12832466182606
True,65.0,-2.1000000000000005,645257.9091640739,rowcol,0.5200745377947389,0.05107139507626953,0.32026679475390474,0.3675242775643458,0.5028285036025496,0.3188511930367156,0.27419079859715223,0.40394291829441753,1.12832466182606
True,-10.0,2.399999999999998,645257.9091640739,rowcol,0.4414336904142544,0.04803379495152147,0.31553666111703466,0.3838717130965028,0.20184595252230522,0.3046151525149032,0.3320923147323208,0.43959964849270666,1.1304816964476068
True,-10.0,-2.1000000000000005,645257.9091640739,rowcol,0.5571784168207112,0.05384166086935118,0.32057096505581445,0.37015963556817894,0.5028001064621233,0.3076475147505896,0.2746201988689696,0.41551396901696036,1.1318725307356223
True,-15.0,2.2499999999999982,645257.9091640739,rowcol,0.4068445272337475,0.04403571836084609,0.32256827395024895,0.3655425943755819,0.1794597804452006,0.3221134578799578,0.3422659869032551,0.3984180695628137,1.1332474162263286
True,10.0,-1.9500000000000006,645257.9091640739,rowcol,0.38969441052134396,0.04300585403128681,0.32221781102414865,0.3685665093540131,0.47978823027882406,0.3523690042119574,0.2842346255583743,0.3816566600401708,1.135219942426459
False,10.0,2.0999999999999983,645257.9091640739,rowcol,0.5828763408622938,0.05777455253788914,0.3010866627724254,0.43232364581566896,0.443764157627738,0.46670948922548905,0.26698651250691185,0.4011301220319584,1.135583634132945
False,-50.0,-2.1000000000000005,645257.9091640739,rowcol,0.5828763408598274,0.057774552538519645,0.3010866627992419,0.43232364586373234,0.4437641576988267,0.466709489308414,0.26698651252112815,0.40113012204618287,1.135583634261458
False,70.0,-2.1000000000000005,645257.9091640739,rowcol,0.5828763408598274,0.057774552538519645,0.3010866627992419,0.43232364586373234,0.4437641576988268,0.466709489308414,0.2669865125211281,0.4011301220461829,1.135583634261458
True,-30.0,1.9499999999999984,645257.9091640739,rowcol,0.3836951651311498,0.03935084394260835,0.3319687550273836,0.34107155485932716,0.13551689330757097,0.2962197068483793,0.3562912270130528,0.3746576961841285,1.136977819941478
True,90.0,1.9499999999999984,645257.9091640739,rowcol,0.38369516513114976,0.03935084394260835,0.3319687550273836,0.34107155485932716,0.13551689330757097,0.2962197068483793,0.3562912270130529,0.3746576961841285,1.136977819941478
False,-85.0,-1.6500000000000008,645257.9091640739,rowcol,0.3469318423066784,0.03539640266245755,0.33236409144248247,0.3407672574743677,0.44266471495300597,0.3624852111947833,0.30803179623347793,0.3213685098580037,1.1378595318018152
False,35.0,-1.6500000000000008,645257.9091640739,rowcol,0.3469318423066784,0.03539640266245754,0.33236409144248247,0.3407672574743677,0.44266471495300597,0.3624852111947832,0.308031796233478,0.3213685098580037,1.1378595318018152
False,-25.0,1.6499999999999986,645257.9091640739,rowcol,0.34693184229606105,0.03539640266190101,0.33236409145748236,0.3407672574842692,0.44266471491759535,0.3624852111968106,0.3080317962618885,0.32136850987540955,1.1378595318567164
False,5.0,-1.9500000000000006,645257.9091640739,rowcol,0.4618000707706147,0.05034339397582842,0.30059957030487483,0.4368104570954273,0.45029188029596884,0.4827618871210632,0.2643321657911496,0.39403909145287114,1.1386091680100519
False,-55.0,1.9499999999999984,645257.9091640739,rowcol,0.4618000707875002,0.05034339397733442,0.3005995703226874,0.4368104571100021,0.45029188036082435,0.4827618871330899,0.26433216579496005,0.39403909147022387,1.1386091680780643
False,65.0,1.9499999999999984,645257.9091640739,rowcol,0.4618000707875002,0.05034339397733442,0.3005995703226874,0.4368104571100021,0.4502918803608244,0.4827618871330899,0.26433216579496005,0.3940390914702238,1.1386091680780643
True,10.0,2.549999999999998,645257.9091640739,rowcol,0.6265840585923682,0.06071072102253759,0.3083328987534013,0.41376601926180817,0.22438884195857825,0.32264933408070673,0.321279416164971,0.4771084609262935,1.1387647155220122
True,-5.0,-2.1000000000000005,645257.9091640739,rowcol,0.5200745404563267,0.05107136797255601,0.32030023716646994,0.37817303970689314,0.5028285237767919,0.31870674423514794,0.27423697277512044,0.4217418348633235,1.139073751206303
False,25.0,-1.6500000000000008,645257.9091640739,rowcol,0.3469318422348738,0.03539640336623875,0.33241140293140603,0.3422569976418798,0.4429490537206779,0.36319329581508786,0.3080176481539569,0.32360290970760175,1.1394912064360978
False,-35.0,1.6499999999999986,645257.9091640739,rowcol,0.3469318422242564,0.03539640336568221,0.33241140294644445,0.3422569976529611,0.4429490536854147,0.3631932958174219,0.30801764818238797,0.32360290972697525,1.1394912064922944
False,85.0,1.6499999999999986,645257.9091640739,rowcol,0.3469318422242564,0.03539640336568221,0.33241140294644445,0.342256997652961,0.4429490536854147,0.3631932958174219,0.30801764818238797,0.32360290972697525,1.1394912064922944
True,-65.0,2.549999999999998,645257.9091640739,rowcol,0.5863483353640774,0.05753386185141056,0.3063082743829689,0.42085828690184524,0.22437099034503394,0.3002311225348004,0.31898381661752334,0.5002733877638874,1.139783110050752
True,55.0,2.549999999999998,645257.9091640739,rowcol,0.5863483353640774,0.05753386185141055,0.3063082743829689,0.42085828690184524,0.22437099034503402,0.30023112253480044,0.31898381661752334,0.5002733877638874,1.139783110050752
True,-45.0,2.2499999999999982,645257.9091640739,rowcol,0.4068445274678161,0.04403571619829389,0.3225275515391924,0.37223598449208656,0.17946002183383003,0.321193443838657,0.34222058925044735,0.41027545216383615,1.1398186391096636
True,75.0,2.2499999999999982,645257.9091640739,rowcol,0.4068445274678161,0.04403571619829389,0.3225275515391924,0.37223598449208656,0.17946002183383003,0.321193443838657,0.34222058925044735,0.41027545216383615,1.1398186391096636
True,-50.0,2.399999999999998,645257.9091640739,rowcol,0.44143369143461036,0.048033785574382565,0.31552682974416946,0.39365902415625403,0.20184608137380297,0.3039552845221829,0.332081256480102,0.455626363409589,1.1402395133887624
True,70.0,2.399999999999998,645257.9091640739,rowcol,0.44143369143461036,0.04803378557438257,0.31552682974416946,0.39365902415625403,0.20184608137380297,0.3039552845221829,0.332081256480102,0.455626363409589,1.1402395133887624
True,-35.0,-1.9500000000000006,645257.9091640739,rowcol,0.6065370610022424,0.05947802654982567,0.3329624913138103,0.34363829269171886,0.4795581313417856,0.3422633206721745,0.2985840749186027,0.34479038507073784,1.1425257666331496
True,85.0,-1.9500000000000006,645257.9091640739,rowcol,0.6065370610022424,0.05947802654982567,0.3329624913138103,0.34363829269171886,0.4795581313417857,0.3422633206721745,0.2985840749186028,0.34479038507073784,1.1425257666331496
False,-70.0,-1.9500000000000006,645257.9091640739,rowcol,0.41841847972748025,0.047113529117870166,0.3082700525164393,0.41842897378387534,0.4360975407729016,0.47343184911206837,0.2787229722931574,0.36582528927590413,1.143239131333193
False,50.0,-1.9500000000000006,645257.9091640739,rowcol,0.41841847972748025,0.047113529117870166,0.3082700525164393,0.41842897378387534,0.4360975407729015,0.47343184911206837,0.2787229722931574,0.3658252892759041,1.143239131333193
False,-10.0,1.9499999999999984,645257.9091640739,rowcol,0.4184184797405793,0.04711352911906459,0.30827005254360085,0.41842897381667005,0.43609754085892855,0.4734318491563449,0.2787229723041395,0.3658252892967715,1.1432391314474726
True,-25.0,-1.9500000000000006,645257.9091640739,rowcol,0.6065370609122456,0.059478027467582406,0.33294251935736324,0.34478338472332476,0.4795581996237151,0.3418069772358032,0.2985577234476971,0.34726676425319686,1.1436109427954144
True,0.0,2.549999999999998,645257.9091640739,rowcol,0.5401613292290831,0.054848243294214255,0.3116164616927704,0.40919025194173336,0.22437572976455325,0.3000619523707084,0.3250049734746252,0.48221241999630293,1.1440396370200445
True,-60.0,-2.1000000000000005,645257.9091640739,rowcol,0.4771337590127296,0.0486313933194584,0.3246514022823056,0.3704519905426504,0.5028267659518624,0.3259257623129049,0.2802214436501432,0.40411793021693404,1.1444061973895672
True,60.0,-2.1000000000000005,645257.9091640739,rowcol,0.47713375901272953,0.0486313933194584,0.3246514022823056,0.3704519905426504,0.5028267659518626,0.3259257623129049,0.2802214436501431,0.40411793021693404,1.1444061973895672
True,-20.0,2.0999999999999983,645257.9091640739,rowcol,0.38960721848663354,0.04116011248478759,0.32999163952277644,0.35494985072599156,0.15731032923893132,0.33169252609361266,0.3524668145451899,0.37338927220371554,1.144924769294321
False,-70.0,2.0999999999999983,645257.9091640739,rowcol,0.582876342241853,0.05777453861977971,0.30146507581216847,0.4413464744459338,0.445275752990322,0.4692778692615823,0.267032609850293,0.41640861643652394,1.1457417018824392
False,50.0,2.0999999999999983,645257.9091640739,rowcol,0.582876342241853,0.05777453861977971,0.30146507581216847,0.4413464744459337,0.445275752990322,0.4692778692615823,0.267032609850293,0.41640861643652394,1.1457417018824392
False,-10.0,-2.1000000000000005,645257.9091640739,rowcol,0.5828763422393867,0.057774538620410196,0.3014650758390465,0.4413464744953658,0.4452757530615132,0.46927786934460597,0.26703260986452937,0.41640861645429117,1.1457417020125054
True,-45.0,-2.1000000000000005,645257.9091640739,rowcol,0.5866430141734923,0.05673254838393221,0.3303577228723331,0.35681554882269934,0.5027370047562851,0.3150959188602254,0.2880269146725049,0.388448024234324,1.1478887174396988
True,75.0,-2.1000000000000005,645257.9091640739,rowcol,0.5866430141734923,0.05673254838393221,0.3303577228723331,0.35681554882269934,0.5027370047562851,0.3150959188602254,0.28802691467250496,0.38844802423432406,1.1478887174396988
True,-40.0,2.0999999999999983,645257.9091640739,rowcol,0.38960721841493157,0.04116011316349322,0.32995298575448273,0.3583396747513112,0.15731064351590837,0.3308619373042488,0.3524240034055704,0.3799127927637759,1.1481986320147595
True,80.0,2.0999999999999983,645257.9091640739,rowcol,0.38960721841493157,0.04116011316349321,0.32995298575448273,0.3583396747513112,0.15731064351590837,0.3308619373042488,0.3524240034055704,0.3799127927637759,1.1481986320147595
True,50.0,2.549999999999998,645257.9091640739,rowcol,0.6265840602301491,0.060710704119303106,0.30832221565952905,0.42342345173308693,0.2243889651093731,0.32198745025332676,0.3212672790377593,0.492824408916987,1.148390098711674
True,-70.0,2.549999999999998,645257.9091640739,rowcol,0.626584060230149,0.060710704119303106,0.3083222156595291,0.4234234517330869,0.2243889651093731,0.3219874502533267,0.3212672790377593,0.49282440891698703,1.1483900987116742
True,90.0,-1.9500000000000006,645257.9091640739,rowcol,0.6092465869923889,0.059798630561839594,0.3361441766732464,0.34197668374390183,0.47953894221596055,0.3406666506220781,0.3027750683390963,0.3430745353937991,1.150409213763641
True,-30.0,-1.9500000000000006,645257.9091640739,rowcol,0.6092465869923889,0.0597986305618396,0.3361441766732465,0.34197668374390183,0.47953894221596055,0.3406666506220781,0.30277506833909623,0.3430745353937992,1.1504092137636412
True,-85.0,-1.6500000000000008,645257.9091640739,rowcol,0.3458357800262837,0.036934405184244484,0.33157061397743764,0.3571523122232131,0.4338501543957407,0.3954545099467848,0.30930412960651454,0.3214264990854558,1.151864154155526
True,35.0,-1.6500000000000008,645257.9091640739,rowcol,0.3458357800262837,0.036934405184244484,0.33157061397743764,0.3571523122232131,0.4338501543957407,0.3954545099467848,0.3093041296065146,0.3214264990854558,1.151864154155526
True,25.0,-1.6500000000000008,645257.9091640739,rowcol,0.34583577995425147,0.03693440585871921,0.33155364400981646,0.358084884821868,0.43385021825981473,0.3951203927323477,0.3092826055178923,0.323674368386387,1.1527458168513174
False,10.0,-1.9500000000000006,645257.9091640739,rowcol,0.4184184806931089,0.047113520542055434,0.30861326836654895,0.42710590729180975,0.4375259341564766,0.4758213999922696,0.2787639695025078,0.3813492239288595,1.1529457123914566
False,-50.0,1.9499999999999984,645257.9091640739,rowcol,0.41841848070620785,0.04711352054324986,0.30861326839376674,0.4271059073261555,0.4375259342425476,0.47582140003675305,0.2787639695135084,0.3813492239529988,1.1529457125074556
False,70.0,1.9499999999999984,645257.9091640739,rowcol,0.41841848070620785,0.04711352054324986,0.30861326839376674,0.4271059073261555,0.4375259342425476,0.47582140003675305,0.2787639695135084,0.3813492239529988,1.1529457125074556
False,-80.0,-1.8000000000000007,645257.9091640739,rowcol,0.35318013539045756,0.03798172225631541,0.33068220965780165,0.36096861546959064,0.41867090591082357,0.39530390530967163,0.31198117468588754,0.32933342499969936,1.1530152444429955
False,40.0,-1.8000000000000007,645257.9091640739,rowcol,0.35318013539045756,0.0379817222563154,0.3306822096578017,0.36096861546959064,0.41867090591082357,0.3953039053096716,0.31198117468588754,0.3293334249996993,1.1530152444429957
False,-20.0,1.7999999999999985,645257.9091640739,rowcol,0.3531801353858398,0.03798172225609588,0.3306822096795787,0.3609686154963263,0.41867090591935135,0.39530390534139676,0.3119811747110912,0.32933342502162205,1.1530152445350623
True,-15.0,-2.1000000000000005,645257.9091640739,rowcol,0.586643014510599,0.0567325448980795,0.33032061298507936,0.3632165596553158,0.5027370851792577,0.314218146291319,0.2879765651656766,0.39980173018353987,1.1541783986105538
True,0.0,-2.1000000000000005,645257.9091640739,rowcol,0.4771337619860033,0.048631364147978084,0.3247040742345269,0.38155220202049817,0.5028267782312308,0.32596530613123226,0.28029358268606935,0.42267849278391395,1.1556644247240788
True,-60.0,2.549999999999998,645257.9091640739,rowcol,0.5401613324182147,0.05484821188671644,0.3116830941748455,0.42139387468109857,0.224375763179394,0.3001141073588218,0.32508050148023343,0.5011616624367494,1.156443157205635
True,60.0,2.549999999999998,645257.9091640739,rowcol,0.5401613324182147,0.05484821188671644,0.3116830941748455,0.4213938746810985,0.22437576317939412,0.3001141073588218,0.32508050148023343,0.5011616624367493,1.156443157205635
False,20.0,-1.8000000000000007,645257.9091640739,rowcol,0.3531801353170793,0.03798172293863621,0.3308017411036279,0.36480698783604126,0.4193741775450521,0.3967152448428964,0.31195881739255654,0.3356323332792845,1.157212211146925
False,-40.0,1.7999999999999985,645257.9091640739,rowcol,0.3531801353124616,0.03798172293841669,0.33080174112547345,0.36480698786474647,0.41937417755383166,0.39671524487507376,0.31195881741779274,0.3356323333047386,1.157212211241167
False,80.0,1.7999999999999985,645257.9091640739,rowcol,0.3531801353124616,0.03798172293841668,0.33080174112547345,0.36480698786474647,0.4193741775538316,0.3967152448750738,0.3119588174177927,0.3356323333047386,1.157212211241167
True,-65.0,-2.1000000000000005,645257.9091640739,rowcol,0.43023009439521,0.04602213817074061,0.3305216289531477,0.3718382440423166,0.5028252419268374,0.33405169513920174,0.2882210910400295,0.4008684501203443,1.1634031309017596
True,55.0,-2.1000000000000005,645257.9091640739,rowcol,0.43023009439521,0.046022138170740606,0.3305216289531477,0.3718382440423166,0.5028252419268374,0.33405169513920174,0.2882210910400295,0.4008684501203443,1.1634031309017596
True,-5.0,2.549999999999998,645257.9091640739,rowcol,0.4900314585373197,0.051971679669186546,0.31923189479760655,0.4069639363502729,0.2243807529164857,0.3016202561507079,0.33362809447098135,0.47790709801384,1.1646596207430926
True,-90.0,-1.6500000000000008,645257.9091640739,rowcol,0.34359193959105916,0.03645885312604694,0.33598032557600904,0.3579534015914963,0.4338662648997833,0.3889872383844385,0.3148758144574381,0.32959996395048113,1.1658943783195235
True,30.0,-1.6500000000000008,645257.9091640739,rowcol,0.34359193959105916,0.03645885312604694,0.33598032557600904,0.3579534015914963,0.4338662648997833,0.3889872383844385,0.3148758144574381,0.32959996395048113,1.1658943783195235
True,25.0,2.2499999999999982,645257.9091640739,rowcol,0.6680192359773066,0.06609880586142237,0.3180655181010896,0.4157424108487839,0.1796762562726012,0.4420288364673597,0.33722605612205864,0.3922745716528532,1.1699389651520526
False,-90.0,-1.6500000000000008,645257.9091640739,rowcol,0.3416282260975985,0.034148119099893,0.3424446480622836,0.34348191092789054,0.46716185393932835,0.3592837290853012,0.31442538494422234,0.3296068201856772,1.1708158551147414
False,30.0,-1.6500000000000008,645257.9091640739,rowcol,0.3416282260975985,0.034148119099893,0.3424446480622836,0.34348191092789054,0.46716185393932835,0.35928372908530115,0.31442538494422234,0.32960682018567733,1.1708158551147414
False,-30.0,1.6499999999999986,645257.9091640739,rowcol,0.34162822608472754,0.03414811909930282,0.3424446480754601,0.34348191093097674,0.4671618538889242,0.35928372907329115,0.31442538497483946,0.32960682020260773,1.170815855157357
False,90.0,1.6499999999999986,645257.9091640739,rowcol,0.34162822608472754,0.03414811909930283,0.3424446480754601,0.34348191093097674,0.4671618538889242,0.3592837290732911,0.31442538497483946,0.32960682020260773,1.170815855157357
True,-85.0,2.2499999999999982,645257.9091640739,rowcol,0.6680192358794019,0.06609880685088228,0.31804139399608405,0.4168349052542647,0.1796764665555399,0.4416212120946329,0.3371991347629255,0.39478703131279524,1.1709590872425168
True,35.0,2.2499999999999982,645257.9091640739,rowcol,0.668019235879402,0.06609880685088228,0.31804139399608405,0.41683490525426464,0.1796764665555399,0.4416212120946329,0.3371991347629255,0.39478703131279524,1.1709590872425168
False,25.0,2.0999999999999983,645257.9091640739,rowcol,0.6553694893230233,0.06715439811400321,0.2974327393769646,0.48011131353139785,0.19455690261301048,0.5850468451302357,0.31255728738826255,0.369468546317881,1.1724095316622918
False,-35.0,-2.1000000000000005,645257.9091640739,rowcol,0.6553694893370619,0.06715439811451081,0.29743273941374326,0.4801113135317634,0.19455690259531322,0.5850468450992682,0.31255728743164907,0.36946854635999477,1.1724095317729932
False,85.0,-2.1000000000000005,645257.9091640739,rowcol,0.6553694893370619,0.06715439811451081,0.29743273941374326,0.4801113135317634,0.1945569025953132,0.5850468450992682,0.31255728743164907,0.36946854635999477,1.1724095317729932
False,-85.0,2.0999999999999983,645257.9091640739,rowcol,0.6553694892316037,0.06715439900618073,0.2975000225920046,0.4814348560658793,0.1953788097946942,0.5855635989307967,0.3125395409529441,0.3719424791157678,1.173934923841893
False,35.0,2.0999999999999983,645257.9091640739,rowcol,0.6553694892316037,0.06715439900618073,0.29750002259200464,0.4814348560658795,0.19537880979469419,0.5855635989307968,0.3125395409529442,0.3719424791157678,1.1739349238418935
False,-25.0,-2.1000000000000005,645257.9091640739,rowcol,0.6553694892456421,0.06715439900668832,0.2975000226288328,0.4814348560673337,0.1953788097774313,0.5855635989000718,0.31253954099635717,0.3719424791599131,1.1739349239538321
True,5.0,-2.1000000000000005,645257.9091640739,rowcol,0.4302300966004286,0.046022117555625804,0.33055402882613255,0.38236735632147034,0.5028252621012108,0.3339138220342597,0.28826501101151947,0.41879884781561305,1.1740294427998679
False,5.0,2.0999999999999983,645257.9091640739,rowcol,0.5465614572975598,0.05516232580003594,0.3103576197064598,0.44371515593746397,0.47926428501634993,0.48593549061992564,0.2683484876533633,0.40481374242758505,1.1747880150568435
False,-55.0,-2.1000000000000005,645257.9091640739,rowcol,0.5465614572869448,0.055162325799691464,0.3103576197199506,0.4437151559759109,0.4792642850488872,0.48593549069598524,0.2683484876612176,0.4048137424283837,1.1747880151357626
False,65.0,-2.1000000000000005,645257.9091640739,rowcol,0.5465614572869448,0.05516232579969146,0.3103576197199506,0.44371515597591094,0.4792642850488872,0.48593549069598524,0.2683484876612176,0.4048137424283837,1.1747880151357626
False,-75.0,-1.9500000000000006,645257.9091640739,rowcol,0.3765927687469879,0.042466069622506895,0.325705877560154,0.3979511807380001,0.4228868480488865,0.4464819357183008,0.30466987906733195,0.35199512960261803,1.1750688134184621
False,45.0,-1.9500000000000006,645257.9091640739,rowcol,0.3765927687469878,0.04246606962250689,0.32570587756015407,0.3979511807380001,0.42288684804888654,0.4464819357183008,0.304669879067332,0.351995129602618,1.1750688134184624
False,-15.0,1.9499999999999984,645257.9091640739,rowcol,0.3765927687520734,0.04246606962302497,0.32570587758867153,0.397951180776093,0.4228868481154096,0.44648193576988193,0.30466987908654475,0.3519951296268787,1.1750688135421077
True,65.0,2.549999999999998,645257.9091640739,rowcol,0.4900314607726853,0.05197165859232928,0.319272627584616,0.4186436141194253,0.2243808078139599,0.3014348186740009,0.33367416698639685,0.49622735756549613,1.1764614968732732
True,-55.0,2.549999999999998,645257.9091640739,rowcol,0.4900314607726852,0.05197165859232928,0.31927262758461605,0.4186436141194253,0.2243808078139598,0.3014348186740009,0.33367416698639685,0.49622735756549613,1.1764614968732734
False,15.0,-1.9500000000000006,645257.9091640739,rowcol,0.3765927689846581,0.04246606751482647,0.3259319697647553,0.4045471727977945,0.42404945969134794,0.44844541488747197,0.3046611863589144,0.3635487151733686,1.1823430820920604
False,-45.0,1.9499999999999984,645257.9091640739,rowcol,0.37659276898974364,0.042466067515344534,0.3259319697933487,0.40454717283788594,0.42404945975804675,0.4484454149393998,0.304661186378158,0.363548715201631,1.1823430822179322
False,75.0,1.9499999999999984,645257.9091640739,rowcol,0.37659276898974364,0.042466067515344534,0.3259319697933487,0.40454717283788594,0.42404945975804675,0.4484454149393998,0.304661186378158,0.363548715201631,1.1823430822179322
True,-90.0,2.2499999999999982,645257.9091640739,rowcol,0.6709643271944797,0.06645839717666319,0.32275118605819303,0.4159329108053708,0.17969964668282992,0.4441185864814545,0.3424468641493955,0.39065796854731055,1.18418646897995
True,30.0,2.2499999999999982,645257.9091640739,rowcol,0.6709643271944797,0.06645839717666319,0.32275118605819303,0.4159329108053708,0.17969964668282992,0.4441185864814545,0.3424468641493955,0.3906579685473106,1.18418646897995
False,55.0,2.0999999999999983,645257.9091640739,rowcol,0.5465614598301645,0.05516230070638028,0.31081034161021587,0.4539761434435897,0.48081777873666015,0.4887816516617208,0.2684613969991552,0.42249119795527285,1.1864071682742372
False,-65.0,2.0999999999999983,645257.9091640739,rowcol,0.5465614598301645,0.05516230070638028,0.3108103416102159,0.4539761434435897,0.48081777873666015,0.4887816516617208,0.2684613969991552,0.42249119795527285,1.1864071682742374
False,-5.0,-2.1000000000000005,645257.9091640739,rowcol,0.5465614598195495,0.055162300706035804,0.3108103416237397,0.45397614348256066,0.48081777876928633,0.4887816517377159,0.26846139700701516,0.4224911979584255,1.1864071683537798
False,15.0,2.2499999999999982,645257.9091640739,rowcol,0.6240911695961254,0.06196313237441945,0.3131183068148648,0.4480836588613463,0.3816785651691251,0.48622611322861203,0.2989316779393777,0.41329013265297676,1.1874385793059408
False,-45.0,-2.2500000000000004,645257.9091640739,rowcol,0.6240911696019648,0.061963132375652465,0.31311830685220876,0.4480836589049039,0.38167856526185,0.48622611328632287,0.29893167796404374,0.4132901326828174,1.1874385794615303
False,75.0,-2.2500000000000004,645257.9091640739,rowcol,0.6240911696019648,0.061963132375652465,0.3131183068522088,0.4480836589049039,0.38167856526185007,0.4862261132863228,0.29893167796404374,0.4132901326828174,1.1874385794615303
True,-80.0,-1.8000000000000007,645257.9091640739,rowcol,0.34298716181092465,0.03749191936554591,0.3409436461757157,0.36897149711827837,0.4568535949922358,0.4108235864853398,0.31525669307776333,0.32968680201519757,1.1918024356454255
True,40.0,-1.8000000000000007,645257.9091640739,rowcol,0.34298716181092465,0.03749191936554591,0.3409436461757157,0.36897149711827837,0.45685359499223577,0.4108235864853398,0.31525669307776333,0.3296868020151975,1.1918024356454255
True,20.0,-1.8000000000000007,645257.9091640739,rowcol,0.3429871617353658,0.03749192005678071,0.34091157900283986,0.37176938456214503,0.4568536877491647,0.410249100744324,0.31521566642351945,0.3360142050810592,1.1945041215706647
True,-40.0,-2.1000000000000005,645257.9091640739,rowcol,0.606545264329367,0.059057142624456924,0.3453466257787589,0.3588739412610979,0.5026633716283931,0.3394111337480706,0.30813502725167113,0.3744596740576556,1.1949138185973747
True,80.0,-2.1000000000000005,645257.9091640739,rowcol,0.606545264329367,0.05905714262445692,0.3453466257787589,0.35887394126109795,0.5026633716283931,0.3394111337480706,0.30813502725167113,0.3744596740576556,1.1949138185973747
False,45.0,2.2499999999999982,645257.9091640739,rowcol,0.6240911699420842,0.06196312888993148,0.313389647809697,0.4548513736215183,0.3831640261941794,0.4883139504105351,0.2989214570367136,0.42467342683080317,1.1950203170506093
False,-75.0,2.2499999999999982,645257.9091640739,rowcol,0.6240911699420841,0.061963128889931475,0.313389647809697,0.4548513736215184,0.3831640261941794,0.48831395041053516,0.2989214570367136,0.4246734268308031,1.1950203170506095
False,-15.0,-2.2500000000000004,645257.9091640739,rowcol,0.6240911699479234,0.061963128891164496,0.31338964784712364,0.45485137366710826,0.3831640262870021,0.48831395046858983,0.29892145706141604,0.42467342686455783,1.1950203172084792
True,-75.0,-1.9500000000000006,645257.9091640739,rowcol,0.3541826659990536,0.0395332572738324,0.34153036586788343,0.37232520714970535,0.47984657578263207,0.3944829165850853,0.3097327234622167,0.3526145911137155,1.1969163047533558
True,45.0,-1.9500000000000006,645257.9091640739,rowcol,0.3541826659990536,0.0395332572738324,0.34153036586788343,0.37232520714970535,0.47984657578263196,0.3944829165850853,0.3097327234622167,0.35261459111371546,1.1969163047533558
True,-50.0,-2.2500000000000004,645257.9091640739,rowcol,0.5635993472031836,0.05430696022210395,0.3401460900715351,0.3771737201784343,0.5258733284351524,0.31154024901160726,0.29390652593472866,0.42458803732377265,1.1976119903930396
True,70.0,-2.2500000000000004,645257.9091640739,rowcol,0.5635993472031836,0.05430696022210395,0.3401460900715351,0.3771737201784343,0.5258733284351524,0.31154024901160726,0.2939065259347286,0.42458803732377265,1.1976119903930396
True,-20.0,-2.1000000000000005,645257.9091640739,rowcol,0.6065452642302362,0.05905714364257726,0.3453096904856075,0.3622270813364034,0.5026634699826042,0.33859947932994444,0.30808605542654505,0.3809649305138347,1.1981561527932258
False,0.0,2.0999999999999983,645257.9091640739,rowcol,0.5061873636367391,0.05304320484713203,0.31628458845342405,0.4494206008622718,0.4837276230182663,0.4971928911365691,0.2749882473722284,0.404904603732832,1.198274366222544
False,-60.0,-2.1000000000000005,645257.9091640739,rowcol,0.5061873636200381,0.053043204845852975,0.3162845884502894,0.4494206008765285,0.4837276229981587,0.49719289117385546,0.2749882473744132,0.4049046037234593,1.1982743662273967
False,60.0,-2.1000000000000005,645257.9091640739,rowcol,0.506187363620038,0.053043204845852975,0.3162845884502894,0.4494206008765286,0.4837276229981587,0.49719289117385557,0.2749882473744132,0.4049046037234593,1.1982743662273967
True,-55.0,-2.2500000000000004,645257.9091640739,rowcol,0.5241568598786431,0.051368294786962296,0.33938706771306665,0.38427363456342917,0.5259036159918098,0.32300877774352155,0.2928573759789395,0.429077626428272,1.202434837702629
True,65.0,-2.2500000000000004,645257.9091640739,rowcol,0.5241568598786431,0.05136829478696229,0.33938706771306665,0.38427363456342917,0.5259036159918099,0.32300877774352155,0.29285737597893946,0.429077626428272,1.202434837702629
True,15.0,-1.9500000000000006,645257.9091640739,rowcol,0.35418266625176187,0.039533255009791685,0.34149703315488394,0.3780289168143469,0.4798466540235418,0.3938322404435006,0.3096892461384264,0.36420803929119794,1.2025200162789986
True,15.0,2.549999999999998,645257.9091640739,rowcol,0.6589716948582656,0.0641286365091272,0.32485177700103185,0.42840354528968266,0.22443977012657812,0.38392691842269366,0.3399740297634324,0.46250871536606436,1.2029588762927783
True,-70.0,-2.1000000000000005,645257.9091640739,rowcol,0.3836411095907703,0.04269018805697397,0.34196874934706867,0.3771001412481212,0.5028539680674037,0.36086735108205853,0.30359085140309594,0.39022936590029245,1.2030063892893272
True,50.0,-2.1000000000000005,645257.9091640739,rowcol,0.3836411095907703,0.04269018805697397,0.34196874934706867,0.3771001412481212,0.5028539680674037,0.36086735108205853,0.30359085140309594,0.39022936590029245,1.2030063892893272
True,5.0,2.699999999999998,645257.9091640739,rowcol,0.593470968524469,0.05816225641967535,0.3254099937104224,0.4270858348194264,0.24701421726737835,0.3042581478990393,0.33774477803307534,0.5078856166119993,1.2033158159506936
True,-25.0,2.0999999999999983,645257.9091640739,rowcol,0.3803566075951009,0.039295263121399346,0.3493538815824187,0.3573651369205545,0.15726011230484707,0.31730803549416475,0.3738810200747513,0.38786332919496574,1.2054267816678106
False,-90.0,2.0999999999999983,645257.9091640739,rowcol,0.6611354410518042,0.06829029813134631,0.3018836943627874,0.49985756693970007,0.19421518391982134,0.6212759997514831,0.3176004377519972,0.36793588415216066,1.2055086500280623
False,30.0,2.0999999999999983,645257.9091640739,rowcol,0.6611354410518042,0.06829029813134631,0.3018836943627874,0.4998575669397001,0.19421518391982137,0.6212759997514832,0.3176004377519972,0.3679358841521607,1.2055086500280623
False,-30.0,-2.1000000000000005,645257.9091640739,rowcol,0.661135441066832,0.06829029813160098,0.30188369439887536,0.499857566930131,0.19421518385831255,0.6212759997038702,0.3176004377994079,0.36793588419584045,1.2055086501267571
False,90.0,-2.1000000000000005,645257.9091640739,rowcol,0.661135441066832,0.06829029813160098,0.30188369439887536,0.49985756693013106,0.19421518385831257,0.6212759997038702,0.3176004377994079,0.3679358841958405,1.2055086501267571
True,20.0,2.399999999999998,645257.9091640739,rowcol,0.6694452294763142,0.06582534004602553,0.3259242628220954,0.4277513440388734,0.2019816676877938,0.43329359794271916,0.3437340871952119,0.423034161002606,1.2055241325051596
True,-10.0,2.549999999999998,645257.9091640739,rowcol,0.44085659244960734,0.04814685786848318,0.3350786473037394,0.40052787343581336,0.22436333014889892,0.30773442030610887,0.3515221470649595,0.46442887140509576,1.2057638153470316
True,-35.0,2.0999999999999983,645257.9091640739,rowcol,0.3803566075206436,0.03929526384210507,0.34933338281891474,0.3585509180982675,0.15726033654473462,0.3167778484136577,0.3738583574772339,0.39023523914799557,1.2065510665550117
True,85.0,2.0999999999999983,645257.9091640739,rowcol,0.3803566075206436,0.03929526384210507,0.34933338281891474,0.3585509180982675,0.15726033654473467,0.3167778484136577,0.3738583574772339,0.39023523914799557,1.2065510665550117
True,-10.0,-2.2500000000000004,645257.9091640739,rowcol,0.5635993487578195,0.054306944088041764,0.3401375451422002,0.38651513812513627,0.525873374801167,0.3109354420310469,0.2938948188403883,0.4401421564913034,1.2069277735517367
False,20.0,2.2499999999999982,645257.9091640739,rowcol,0.6504010926094891,0.065539999410066,0.3129953250287555,0.46844635466331663,0.2700777779406175,0.5393504156579632,0.32019904225168827,0.399183539853076,1.207432329749583
False,-40.0,-2.2500000000000004,645257.9091640739,rowcol,0.6504010926212384,0.06553999941114637,0.31299532506853656,0.4684463546870401,0.2700777780047498,0.5393504156676557,0.32019904228780244,0.399183539893315,1.2074323298926497
False,80.0,-2.2500000000000004,645257.9091640739,rowcol,0.6504010926212384,0.06553999941114637,0.31299532506853656,0.4684463546870401,0.2700777780047498,0.5393504156676556,0.32019904228780244,0.399183539893315,1.2074323298926497
True,-80.0,2.399999999999998,645257.9091640739,rowcol,0.6694452293697412,0.06582534112987534,0.3258795348818429,0.4309693597774404,0.20198194742480738,0.43256723864613844,0.34368391602994947,0.42962095985851356,1.208607964422969
True,40.0,2.399999999999998,645257.9091640739,rowcol,0.6694452293697412,0.06582534112987534,0.3258795348818429,0.43096935977744044,0.2019819474248073,0.43256723864613844,0.34368391602994947,0.42962095985851356,1.208607964422969
True,-75.0,2.549999999999998,645257.9091640739,rowcol,0.6589716952434351,0.06412863255121011,0.3248059507375186,0.4348863623272107,0.22443998887345928,0.38305236429177214,0.3399222336670485,0.4741113885567757,1.2093042145397666
True,45.0,2.549999999999998,645257.9091640739,rowcol,0.6589716952434351,0.06412863255121011,0.3248059507375186,0.4348863623272106,0.2244399888734592,0.38305236429177214,0.3399222336670485,0.4741113885567756,1.2093042145397666
False,60.0,2.0999999999999983,645257.9091640739,rowcol,0.5061873664393561,0.05304317810195949,0.3167603771285223,0.46000855744423325,0.4853081649572351,0.5001202773541328,0.2751280702904084,0.4233430442286824,1.2102896888298
False,-60.0,2.0999999999999983,645257.9091640739,rowcol,0.5061873664393561,0.05304317810195949,0.31676037712852234,0.46000855744423325,0.4853081649572351,0.5001202773541327,0.2751280702904084,0.4233430442286824,1.2102896888298003
False,0.0,-2.1000000000000005,645257.9091640739,rowcol,0.506187366422655,0.05304317810068043,0.31676037712539235,0.46000855745822194,0.4853081649371929,0.5001202773913218,0.2751280702925922,0.4233430442197182,1.210289688834399
True,-15.0,2.399999999999998,645257.9091640739,rowcol,0.40375173285449556,0.04385753761373773,0.34333860361461166,0.3814588071207302,0.2018012604468939,0.32713893609437616,0.36324315342339525,0.4217597611940019,1.2114746179645652
False,-80.0,2.2499999999999982,645257.9091640739,rowcol,0.6504010925085453,0.06554000041180401,0.31315317083030597,0.4721467109118759,0.27143824860654886,0.5406406495504391,0.32017181222831437,0.4056886087896759,1.2116062234027938
False,40.0,2.2499999999999982,645257.9091640739,rowcol,0.6504010925085453,0.06554000041180401,0.313153170830306,0.4721467109118759,0.2714382486065488,0.5406406495504391,0.32017181222831437,0.4056886087896759,1.211606223402794
False,-20.0,-2.2500000000000004,645257.9091640739,rowcol,0.6504010925202947,0.06554000041288438,0.3131531708701681,0.47214671093757155,0.27143824867087346,0.5406406495605969,0.3201718122644689,0.40568860883334656,1.2116062235480758
True,10.0,-2.1000000000000005,645257.9091640739,rowcol,0.38364111068932333,0.04269017818467838,0.34196081215058816,0.38582792419252404,0.5028540133233665,0.3603801686323764,0.303580267440865,0.4059963136983942,1.2117103606442885
False,-65.0,-2.1000000000000005,645257.9091640739,rowcol,0.46204775451962943,0.05072440296129654,0.32073936405839293,0.44958651701893637,0.47783021835511374,0.5010354423786695,0.2828555317201801,0.40124371613948095,1.211804609194115
False,55.0,-2.1000000000000005,645257.9091640739,rowcol,0.46204775451962943,0.05072440296129653,0.32073936405839293,0.44958651701893637,0.4778302183551137,0.5010354423786694,0.2828555317201801,0.40124371613948084,1.211804609194115
False,-5.0,2.0999999999999983,645257.9091640739,rowcol,0.46204775453801206,0.05072440296294855,0.32073936407746945,0.44958651703319763,0.4778302184243842,0.5010354423909251,0.2828555317244244,0.40124371615602883,1.2118046092656058
True,-5.0,-2.2500000000000004,645257.9091640739,rowcol,0.5241568627399253,0.05136826559072032,0.3394208804951737,0.3951887680538134,0.5259036366586551,0.32285600171323153,0.29290369546658385,0.44704990025223046,1.2134514095393345
True,-65.0,2.699999999999998,645257.9091640739,rowcol,0.5934709716580703,0.05816222444529729,0.3254523119121451,0.43887559038195534,0.2470142700680693,0.3040635022073169,0.33779297537955205,0.5261586379681502,1.2152325261183905
True,55.0,2.699999999999998,645257.9091640739,rowcol,0.5934709716580703,0.05816222444529729,0.3254523119121451,0.43887559038195534,0.24701427006806936,0.3040635022073169,0.337792975379552,0.5261586379681502,1.2152325261183905
True,-50.0,2.549999999999998,645257.9091640739,rowcol,0.44085659349751205,0.04814684827334532,0.33506881049625775,0.4104974388841934,0.22436345331369645,0.3070403862342469,0.3515110468966771,0.48056056312528694,1.2157038703729666
True,70.0,2.549999999999998,645257.9091640739,rowcol,0.44085659349751205,0.04814684827334532,0.33506881049625775,0.4104974388841934,0.22436345331369645,0.3070403862342469,0.3515110468966771,0.48056056312528694,1.2157038703729666
True,10.0,2.699999999999998,645257.9091640739,rowcol,0.6355911216818649,0.06149112692600479,0.3280219195013292,0.431950966071726,0.24703442195155212,0.32935561648030776,0.3407162001678164,0.5022632734865439,1.2160167245757136
True,-45.0,2.399999999999998,645257.9091640739,rowcol,0.40375173309545387,0.043857535395479985,0.3432977942223392,0.38830179105375734,0.2018014894222988,0.3261726159071048,0.3631975258458355,0.43371598670595013,1.218195173720775
True,75.0,2.399999999999998,645257.9091640739,rowcol,0.4037517330954538,0.043857535395479985,0.3432977942223392,0.38830179105375734,0.2018014894222988,0.3261726159071047,0.3631975258458354,0.43371598670595013,1.218195173720775
True,-60.0,-2.2500000000000004,645257.9091640739,rowcol,0.47838354797824945,0.048768716787838985,0.34376548232928583,0.38745524833351036,0.5259017172288675,0.33069178348847067,0.29883465336384474,0.4294229819668317,1.218751695321368
True,60.0,-2.2500000000000004,645257.9091640739,rowcol,0.4783835479782494,0.048768716787838985,0.3437654823292859,0.38745524833351036,0.5259017172288675,0.33069178348847067,0.29883465336384474,0.42942298196683165,1.218751695321368
False,10.0,2.2499999999999982,645257.9091640739,rowcol,0.5909570120864647,0.05858987358037099,0.3216650781953534,0.45402902628805203,0.47100612951866916,0.4856572671059327,0.2861652960133983,0.42561440734857103,1.2190242608741122
False,-50.0,-2.2500000000000004,645257.9091640739,rowcol,0.590957012084158,0.058589873581097636,0.32166507822435914,0.45402902634021636,0.4710061295965051,0.4856572671962021,0.2861652960285934,0.42561440736439116,1.2190242610132938
False,70.0,-2.2500000000000004,645257.9091640739,rowcol,0.590957012084158,0.05858987358109764,0.32166507822435914,0.45402902634021636,0.4710061295965051,0.4856572671962021,0.2861652960285934,0.42561440736439116,1.2190242610132938
True,0.0,2.699999999999998,645257.9091640739,rowcol,0.5450734614542753,0.05534626853406953,0.33067529564530107,0.4270009023045834,0.24701910501409471,0.30351649524104607,0.343737198057981,0.5081272843948825,1.2190267892404867
False,5.0,-2.1000000000000005,645257.9091640739,rowcol,0.46204775657299174,0.05072438425724939,0.32117744730751285,0.45972425187638044,0.4793883592978856,0.5038110565498229,0.28296264546622557,0.41907258635113276,1.223256593798919
False,65.0,2.0999999999999983,645257.9091640739,rowcol,0.46204775659137437,0.0507243842589014,0.32117744732661435,0.4597242518916016,0.4793883593671255,0.503811056562176,0.2829626454704768,0.4190725863693833,1.2232565938714446
False,-55.0,2.0999999999999983,645257.9091640739,rowcol,0.4620477565913743,0.0507243842589014,0.3211774473266144,0.4597242518916016,0.4793883593671254,0.503811056562176,0.2829626454704768,0.4190725863693833,1.2232565938714448
True,-30.0,2.0999999999999983,645257.9091640739,rowcol,0.3780190156418718,0.038680081381659195,0.3557339911371914,0.356320120033023,0.1572386557697079,0.30038477511065514,0.38092882862075494,0.3973110967802422,1.2235220934445972
True,90.0,2.0999999999999983,645257.9091640739,rowcol,0.3780190156418718,0.038680081381659195,0.3557339911371914,0.356320120033023,0.1572386557697079,0.30038477511065514,0.38092882862075494,0.3973110967802422,1.2235220934445972
True,50.0,2.699999999999998,645257.9091640739,rowcol,0.6355911234190569,0.06149110896985407,0.32801128716384337,0.4417491566778611,0.24703454039324405,0.3286690568573564,0.3407040824524705,0.518081513834061,1.2257830181693912
True,-70.0,2.699999999999998,645257.9091640739,rowcol,0.6355911234190569,0.06149110896985407,0.3280112871638434,0.4417491566778611,0.24703454039324405,0.3286690568573564,0.3407040824524705,0.5180815138340611,1.2257830181693914
True,-45.0,-2.2500000000000004,645257.9091640739,rowcol,0.5949471912334173,0.05736861722116921,0.3511668333430371,0.3725059169531223,0.525806044115229,0.31975179959070077,0.3088712804417223,0.4116711402609077,1.2260064169822336
True,75.0,-2.2500000000000004,645257.9091640739,rowcol,0.5949471912334173,0.05736861722116921,0.3511668333430371,0.3725059169531223,0.525806044115229,0.31975179959070077,0.3088712804417223,0.4116711402609078,1.2260064169822336
False,-70.0,-2.1000000000000005,645257.9091640739,rowcol,0.415164483337447,0.047247053148334515,0.32889102559020233,0.44009500503782556,0.4632472180283806,0.4931642704208616,0.29794232848977525,0.38991230235978275,1.2267680818084326
False,50.0,-2.1000000000000005,645257.9091640739,rowcol,0.415164483337447,0.047247053148334515,0.32889102559020233,0.44009500503782556,0.4632472180283806,0.4931642704208616,0.2979423284897753,0.38991230235978275,1.2267680818084326
False,-10.0,2.0999999999999983,645257.9091640739,rowcol,0.41516448335206246,0.04724705314968791,0.3288910256195473,0.44009500507314725,0.46324721812135994,0.49316427046864597,0.2979423285017216,0.3899123023823507,1.2267680819317892
True,-20.0,2.2499999999999982,645257.9091640739,rowcol,0.3848951768992599,0.04071973216849795,0.35231454340894636,0.37073322839610034,0.17940183946339464,0.3386858861511621,0.3753456150530641,0.3956804524841296,1.2276768586229394
True,-35.0,-2.1000000000000005,645257.9091640739,rowcol,0.6168242186980017,0.06032046147285347,0.35637930790291134,0.35911167062271454,0.5026071398024182,0.34972656728967344,0.3226617495565042,0.3668186084736644,1.2282495943314484
True,85.0,-2.1000000000000005,645257.9091640739,rowcol,0.6168242186980017,0.06032046147285347,0.35637930790291134,0.35911167062271454,0.5026071398024183,0.34972656728967344,0.32266174955650423,0.3668186084736644,1.2282495943314484
False,-70.0,2.2499999999999982,645257.9091640739,rowcol,0.5909570135691304,0.05858985862570731,0.32204459745762776,0.46321713626672667,0.47253215050927166,0.4882608523313995,0.2862113764080678,0.44105618642851413,1.2293509286396098
False,50.0,2.2499999999999982,645257.9091640739,rowcol,0.5909570135691303,0.05858985862570731,0.32204459745762776,0.4632171362667266,0.4725321505092716,0.4882608523313995,0.2862113764080679,0.44105618642851413,1.2293509286396098
False,-10.0,-2.2500000000000004,645257.9091640739,rowcol,0.5909570135668237,0.05858985862643394,0.3220445974866948,0.4632171363202531,0.4725321505872033,0.4882608524217487,0.2862113764232831,0.44105618644789185,1.2293509287803375
True,-25.0,-2.1000000000000005,645257.9091640739,rowcol,0.6168242186008692,0.060320462466109184,0.3563592129215613,0.36029174016277893,0.5026072099645982,0.3492455980032372,0.3226354887854896,0.3693257635511083,1.229369378927463
False,-85.0,-1.8000000000000007,645257.9091640739,rowcol,0.3347450556875762,0.034222887091803815,0.3562390511290356,0.3614852724983549,0.4668867106318674,0.38223985790487064,0.3321217852309732,0.34306024977687666,1.2302024258854616
False,35.0,-1.8000000000000007,645257.9091640739,rowcol,0.3347450556875762,0.034222887091803815,0.3562390511290356,0.3614852724983549,0.4668867106318674,0.3822398579048706,0.3321217852309732,0.34306024977687666,1.2302024258854616
False,-25.0,1.7999999999999985,645257.9091640739,rowcol,0.3347450556760341,0.03422288709117915,0.35623905114596754,0.3614852725099133,0.46688671059352915,0.3822398579073057,0.33212178526226893,0.34306024979701666,1.230202425947816
True,0.0,-2.2500000000000004,645257.9091640739,rowcol,0.4783835511555773,0.048768685620689485,0.34381877889425544,0.39882981117995475,0.5259017298080683,0.33073354113726117,0.2989071315307984,0.4481584911985409,1.230286147862721
True,-40.0,2.2499999999999982,645257.9091640739,rowcol,0.38489517682469626,0.040719732873295694,0.35227575287561447,0.3742108504321061,0.17940213472448233,0.33781431480784907,0.37530254203603014,0.402278775311471,1.2310381090589495
True,80.0,2.2499999999999982,645257.9091640739,rowcol,0.38489517682469626,0.040719732873295694,0.35227575287561447,0.3742108504321061,0.17940213472448233,0.337814314807849,0.37530254203603014,0.402278775311471,1.2310381090589495
True,-60.0,2.699999999999998,645257.9091640739,rowcol,0.5450734648005722,0.055346235578311656,0.3307417817651828,0.43938838077322395,0.24701913715131563,0.303571089471801,0.34381281128458346,0.5271846546486323,1.2316137260687723
True,60.0,2.699999999999998,645257.9091640739,rowcol,0.5450734648005722,0.055346235578311656,0.3307417817651828,0.43938838077322395,0.2470191371513157,0.303571089471801,0.34381281128458346,0.5271846546486323,1.2316137260687723
False,25.0,-1.8000000000000007,645257.9091640739,rowcol,0.33474505560928125,0.034222887857631834,0.35628720479989223,0.36301548000013906,0.4671808077220902,0.38296842182557916,0.3321074704989358,0.3453439862166712,1.2318770943998156
False,-35.0,1.7999999999999985,645257.9091640739,rowcol,0.3347450555977391,0.03422288785700717,0.35628720481686327,0.36301548001291944,0.46718080768390513,0.3829684218283578,0.3321074705302523,0.34534398623881224,1.2318770944635093
False,85.0,1.7999999999999985,645257.9091640739,rowcol,0.3347450555977391,0.03422288785700717,0.35628720481686327,0.3630154800129194,0.4671808076839051,0.3829684218283578,0.33210747053025236,0.3453439862388123,1.2318770944635093
True,-15.0,-2.2500000000000004,645257.9091640739,rowcol,0.594947191596323,0.057368613457616915,0.3511294289977543,0.379076242555256,0.5258061265022169,0.3188249707269568,0.30882097547277965,0.4231571002440487,1.2324645295485188
False,10.0,-2.1000000000000005,645257.9091640739,rowcol,0.41516448435258707,0.04724704422819837,0.32923747844703605,0.44896492261551263,0.46469544178642014,0.49560129948162684,0.29798363126056837,0.40561428763258234,1.2366773579566208
False,-50.0,2.0999999999999983,645257.9091640739,rowcol,0.4151644843672025,0.04724704422955176,0.3292374784764373,0.4489649226523944,0.4646954418794392,0.49560129952959336,0.2979836312725333,0.40561428765844953,1.2366773580817063
False,70.0,2.0999999999999983,645257.9091640739,rowcol,0.41516448436720255,0.04724704422955176,0.3292374784764373,0.4489649226523944,0.4646954418794392,0.49560129952959336,0.29798363127253324,0.4056142876584494,1.2366773580817063
True,-30.0,-2.1000000000000005,645257.9091640739,rowcol,0.6197462772820829,0.060658790482916794,0.3599318190362631,0.35725317642868104,0.5025864407477642,0.3474423361373775,0.3272964184655429,0.36530007312016377,1.2370486335374702
True,90.0,-2.1000000000000005,645257.9091640739,rowcol,0.6197462772820829,0.0606587904829168,0.3599318190362631,0.35725317642868104,0.5025864407477642,0.3474423361373775,0.32729641846554297,0.36530007312016377,1.2370486335374702
True,-65.0,-2.2500000000000004,645257.9091640739,rowcol,0.42809138395884805,0.045976364552036415,0.34976252033021105,0.38890461171535,0.5259000476687361,0.33954441400198954,0.30695227897208494,0.4260114336974158,1.2381921727059833
True,55.0,-2.2500000000000004,645257.9091640739,rowcol,0.428091383958848,0.045976364552036415,0.34976252033021105,0.38890461171535007,0.5259000476687361,0.3395444140019896,0.30695227897208494,0.4260114336974158,1.2381921727059833
False,-80.0,-1.9500000000000006,645257.9091640739,rowcol,0.3428865325683559,0.03720990419979991,0.353067014676406,0.3796219561777524,0.4405587902384901,0.4110138327617421,0.3346635111660929,0.3510553463508104,1.2388230002069704
False,40.0,-1.9500000000000006,645257.9091640739,rowcol,0.34288653256835583,0.0372099041997999,0.353067014676406,0.3796219561777524,0.4405587902384901,0.4110138327617421,0.3346635111660929,0.3510553463508104,1.2388230002069704
False,-20.0,1.9499999999999984,645257.9091640739,rowcol,0.3428865325637277,0.037209904199603364,0.35306701470045515,0.3796219562073992,0.44055879024886685,0.41101383279657316,0.3346635111935992,0.3510553463755356,1.2388230003087646
True,-5.0,2.699999999999998,645257.9091640739,rowcol,0.49237776965013397,0.05232069177379947,0.3383477721076447,0.4245436773272554,0.24702423931715967,0.30488189180094144,0.35245355811255136,0.5036293965676387,1.2395869936501895
True,-85.0,-1.8000000000000007,645257.9091640739,rowcol,0.3334723023608149,0.03587234112581537,0.3553121059469369,0.3764069760270613,0.4569024552770793,0.4124915185161119,0.33347609387639177,0.3431351466745009,1.242343293867872
True,35.0,-1.8000000000000007,645257.9091640739,rowcol,0.3334723023608149,0.03587234112581537,0.3553121059469369,0.3764069760270613,0.4569024552770793,0.4124915185161118,0.33347609387639177,0.3431351466745009,1.242343293867872
False,20.0,-1.9500000000000006,645257.9091640739,rowcol,0.3428865324895899,0.037209904925622296,0.3531882982274575,0.3835599406427407,0.44128282930159174,0.4124510420018986,0.3346409324019124,0.3574597311788574,1.2431248353251132
False,-40.0,1.9499999999999984,645257.9091640739,rowcol,0.34288653248496176,0.03720990492542574,0.353188298251576,0.3835599406744067,0.44128282931222534,0.41245104203720556,0.3346409324294516,0.3574597312071501,1.2431248354291347
False,80.0,1.9499999999999984,645257.9091640739,rowcol,0.34288653248496176,0.037209904925425745,0.353188298251576,0.3835599406744067,0.44128282931222534,0.41245104203720556,0.3346409324294516,0.3574597312071501,1.2431248354291347
True,25.0,-1.8000000000000007,645257.9091640739,rowcol,0.33347230228222113,0.035872341856429686,0.35529483028148795,0.3773723078572384,0.4569025214318922,0.41214208109622075,0.3334543151161771,0.3454325655363963,1.2432567987017022
True,5.0,-2.2500000000000004,645257.9091640739,rowcol,0.42809138629446125,0.045976342804859086,0.3497953246960981,0.39969381887716887,0.5259000683357218,0.33939908135258057,0.30699646445247797,0.44410866990010067,1.2490797929654631
True,-55.0,2.699999999999998,645257.9091640739,rowcol,0.4923777719651014,0.052320669988178525,0.3383884641827598,0.4364028025132125,0.24702429211570817,0.3046876445798049,0.35249973507293575,0.5220524722328181,1.2515681950614919
True,65.0,2.699999999999998,645257.9091640739,rowcol,0.4923777719651014,0.052320669988178525,0.3383884641827598,0.4364028025132125,0.24702429211570828,0.30468764457980485,0.35249973507293575,0.5220524722328181,1.2515681950614919
True,30.0,-1.8000000000000007,645257.9091640739,rowcol,0.33101753127338485,0.03533768282287018,0.36010329519583095,0.3772374286318421,0.45692006598815366,0.4055490797205673,0.33949353034853064,0.3516675793881377,1.257547314219335
True,-90.0,-1.8000000000000007,645257.9091640739,rowcol,0.33101753127338485,0.035337682822870184,0.360103295195831,0.3772374286318421,0.45692006598815366,0.4055490797205673,0.33949353034853064,0.3516675793881377,1.2575473142193352
False,-75.0,-2.1000000000000005,645257.9091640739,rowcol,0.3696144817818442,0.04220458510904736,0.3468649991532557,0.41771638720069526,0.4465330689788161,0.46359139246956854,0.3254249198963659,0.3748143214374864,1.2583113846604623
False,45.0,-2.1000000000000005,645257.9091640739,rowcol,0.3696144817818442,0.04220458510904735,0.3468649991532557,0.4177163872006952,0.4465330689788161,0.46359139246956854,0.3254249198963659,0.3748143214374864,1.2583113846604623
False,-15.0,2.0999999999999983,645257.9091640739,rowcol,0.36961448178795225,0.042204585109677464,0.3468649991842504,0.4177163872422996,0.44653306905174067,0.46359139252597475,0.3254249199171852,0.3748143214641738,1.258311384795051
False,5.0,2.2499999999999982,645257.9091640739,rowcol,0.5525299726579872,0.05584299658092876,0.3309959429437687,0.4663575129999663,0.508664526693455,0.5062410592181017,0.28699433968839666,0.4299613649537989,1.2593453418312723
False,65.0,-2.2500000000000004,645257.9091640739,rowcol,0.5525299726469233,0.055842996580605105,0.3309959429585152,0.46635751304167183,0.5086645267299714,0.5062410593006758,0.2869943396967067,0.42996136495531395,1.2593453419172174
False,-55.0,-2.2500000000000004,645257.9091640739,rowcol,0.5525299726469233,0.05584299658060511,0.3309959429585152,0.4663575130416719,0.5086645267299714,0.5062410593006758,0.28699433969670674,0.4299613649553139,1.2593453419172176
True,25.0,2.399999999999998,645257.9091640739,rowcol,0.6804247244982194,0.0672523085310437,0.341757604473825,0.4364159719768107,0.20204426699980488,0.4605987224300339,0.36145142278454206,0.41498905868256875,1.2616887853982857
True,-85.0,2.399999999999998,645257.9091640739,rowcol,0.6804247243937968,0.06725230958753953,0.3417336560274095,0.43752614413234237,0.2020444664695162,0.4601814562260275,0.36142463135346425,0.4175227083996041,1.262727112214571
True,35.0,2.399999999999998,645257.9091640739,rowcol,0.6804247243937968,0.06725230958753951,0.3417336560274095,0.43752614413234237,0.2020444664695162,0.46018145622602763,0.36142463135346425,0.4175227083996041,1.262727112214571
False,15.0,-2.1000000000000005,645257.9091640739,rowcol,0.36961448203247127,0.04220458291413418,0.3470936342566525,0.4244665075382199,0.4477188656148265,0.46559116760544406,0.32541615552535796,0.3865084848792141,1.2657474103081774
False,-45.0,2.0999999999999983,645257.9091640739,rowcol,0.3696144820385793,0.04220458291476428,0.34709363428772366,0.4244665075818491,0.44771886568792313,0.4655911676621974,0.3254161555462083,0.38650848490992856,1.2657474104450201
False,75.0,2.0999999999999983,645257.9091640739,rowcol,0.3696144820385793,0.04220458291476428,0.34709363428772366,0.4244665075818491,0.4477188656879232,0.4655911676621973,0.3254161555462083,0.38650848490992856,1.2657474104450201
False,-90.0,-1.8000000000000007,645257.9091640739,rowcol,0.3288940750347965,0.03282370083395364,0.36703410391828095,0.36604734636003106,0.4932084491628726,0.38243810639807857,0.33901240445344527,0.35167199803238314,1.267149658114874
False,30.0,-1.8000000000000007,645257.9091640739,rowcol,0.3288940750347965,0.03282370083395364,0.36703410391828095,0.3660473463600311,0.4932084491628726,0.38243810639807857,0.33901240445344527,0.35167199803238314,1.267149658114874
False,90.0,1.7999999999999985,645257.9091640739,rowcol,0.32889407502066415,0.0328237008332752,0.3670341039332465,0.36604734636286856,0.4932084491078763,0.38243810638262565,0.3390124044871854,0.3516719980519532,1.2671496581626078
False,-30.0,1.7999999999999985,645257.9091640739,rowcol,0.32889407502066415,0.032823700833275196,0.3670341039332465,0.3660473463628686,0.4932084491078763,0.38243810638262565,0.3390124044871854,0.3516719980519532,1.267149658162608
False,25.0,2.2499999999999982,645257.9091640739,rowcol,0.6677825348002303,0.0684692175103543,0.32116503148838743,0.5048820405518107,0.2173437673345503,0.6126774977649813,0.33665699635152807,0.3919103028076756,1.268377135016973
False,-35.0,-2.2500000000000004,645257.9091640739,rowcol,0.6677825348152815,0.06846921751089438,0.32116503152719006,0.5048820405525588,0.21734376731297805,0.6126774977320177,0.3366569963978311,0.3919103028527878,1.2683771351341289
False,85.0,-2.2500000000000004,645257.9091640739,rowcol,0.6677825348152815,0.06846921751089438,0.32116503152719006,0.5048820405525588,0.21734376731297805,0.6126774977320175,0.3366569963978311,0.3919103028527878,1.2683771351341289
False,-85.0,2.2499999999999982,645257.9091640739,rowcol,0.6677825347022911,0.068469218465559,0.32123179426096754,0.5062293534567717,0.21813229099149817,0.6132039349610408,0.3366393434622923,0.3944095621442219,1.2699247362396742
False,35.0,2.2499999999999982,645257.9091640739,rowcol,0.6677825347022911,0.068469218465559,0.32123179426096754,0.5062293534567717,0.2181322909914981,0.6132039349610409,0.3366393434622923,0.3944095621442219,1.2699247362396742
False,-25.0,-2.2500000000000004,645257.9091640739,rowcol,0.6677825347173422,0.06846921846609907,0.32123179429981946,0.5062293534586281,0.21813229097034925,0.6132039349283259,0.3366393435086216,0.3944095621913839,1.2699247363580863
False,-65.0,2.2499999999999982,645257.9091640739,rowcol,0.5525299753723389,0.055842969724184136,0.33145077703423304,0.4768005117506786,0.5102329042340241,0.509125896657473,0.2871074561271259,0.4478124760757035,1.2711528428533776
False,55.0,2.2499999999999982,645257.9091640739,rowcol,0.5525299753723389,0.055842969724184136,0.33145077703423304,0.4768005117506786,0.5102329042340241,0.509125896657473,0.28710745612712585,0.4478124760757035,1.2711528428533776
False,-5.0,-2.2500000000000004,645257.9091640739,rowcol,0.552529975361275,0.05584296972386048,0.33145077704901227,0.4768005117929001,0.5102329042706242,0.5091258967399855,0.28710745613544164,0.44781247607957153,1.271152842939937
False,15.0,2.399999999999998,645257.9091640739,rowcol,0.6340134760475614,0.06295128065381844,0.3342162741184846,0.46959743355866757,0.40481382841459596,0.505840986189599,0.3196722745816761,0.43679508975134357,1.2722462559141212
False,-45.0,-2.4000000000000004,645257.9091640739,rowcol,0.6340134760540442,0.06295128065516278,0.3342162741583623,0.4695974336057741,0.40481382851425163,0.5058409862522408,0.3196722746079644,0.4367950897835703,1.272246256080861
False,75.0,-2.4000000000000004,645257.9091640739,rowcol,0.6340134760540442,0.06295128065516278,0.3342162741583623,0.4695974336057741,0.4048138285142517,0.5058409862522407,0.3196722746079644,0.4367950897835703,1.272246256080861
True,-50.0,-2.4000000000000004,645257.9091640739,rowcol,0.5701371590683949,0.0547863104613568,0.3597981672913541,0.39367613870406765,0.5489561353724274,0.3150293714109278,0.31324329957026814,0.44928328254196187,1.2730706405781298
True,70.0,-2.4000000000000004,645257.9091640739,rowcol,0.5701371590683949,0.0547863104613568,0.3597981672913541,0.39367613870406765,0.5489561353724274,0.3150293714109278,0.31324329957026814,0.44928328254196187,1.2730706405781298
True,-90.0,2.399999999999998,645257.9091640739,rowcol,0.6835637262483325,0.06762928469640112,0.34682789643933865,0.436610959411008,0.20206923564649687,0.46252934959360253,0.3671144456043319,0.4135583200666179,1.277094648729024
True,30.0,2.399999999999998,645257.9091640739,rowcol,0.6835637262483325,0.06762928469640112,0.34682789643933865,0.436610959411008,0.20206923564649687,0.46252934959360253,0.3671144456043319,0.4135583200666179,1.277094648729024
True,-55.0,-2.4000000000000004,645257.9091640739,rowcol,0.5284018833821676,0.05168369129884855,0.3585852191403548,0.401405519431535,0.5489882593855342,0.32733509418762513,0.3115842474149555,0.4544462884250872,1.2771611768525994
True,65.0,-2.4000000000000004,645257.9091640739,rowcol,0.5284018833821675,0.05168369129884854,0.35858521914035485,0.4014055194315349,0.5489882593855342,0.32733509418762513,0.3115842474149555,0.4544462884250872,1.2771611768525994
True,-40.0,-2.2500000000000004,645257.9091640739,rowcol,0.6161847331761579,0.05983144223794996,0.3677445417507218,0.37475900793201744,0.5257273303592531,0.34678251731131365,0.3309181734709143,0.39676277041039687,1.2779926331841829
True,80.0,-2.2500000000000004,645257.9091640739,rowcol,0.6161847331761579,0.059831442237949964,0.3677445417507218,0.3747590079320175,0.5257273303592531,0.3467825173113137,0.3309181734709143,0.3967627704103969,1.2779926331841829
True,45.0,-2.1000000000000005,645257.9091640739,rowcol,0.344857611937071,0.038925597402458045,0.36261327288982254,0.39045381680318075,0.5029165896300082,0.4074866739745735,0.33068575151564533,0.3755317845451345,1.2782936354726484
True,-75.0,-2.1000000000000005,645257.9091640739,rowcol,0.344857611937071,0.03892559740245805,0.3626132728898226,0.39045381680318075,0.5029165896300082,0.40748667397457355,0.33068575151564533,0.37553178454513453,1.2782936354726486
True,-80.0,-1.9500000000000006,645257.9091640739,rowcol,0.3315198460309244,0.03660792398984629,0.3636003916601024,0.3880731041212578,0.4799163185679665,0.42753689810776474,0.33811400371779793,0.3514708386626048,1.278874279101565
True,40.0,-1.9500000000000006,645257.9091640739,rowcol,0.33151984603092444,0.03660792398984629,0.3636003916601024,0.3880731041212578,0.47991631856796646,0.42753689810776474,0.338114003717798,0.3514708386626048,1.278874279101565
True,5.0,2.849999999999998,645257.9091640739,rowcol,0.6006799941598318,0.058802105941916816,0.34463251927200295,0.44521344169616806,0.2697500415354882,0.3083560891104491,0.3565916065454397,0.5338047799518626,1.2791109995121768
True,-70.0,-2.2500000000000004,645257.9091640739,rowcol,0.37777637195998975,0.04239815709932803,0.3617776342575923,0.3945465360713426,0.5259306427758601,0.36916870898747955,0.32298825812469206,0.41468849886550346,1.2798794388441195
True,50.0,-2.2500000000000004,645257.9091640739,rowcol,0.37777637195998975,0.042398157099328024,0.3617776342575923,0.3945465360713426,0.5259306427758601,0.36916870898747955,0.32298825812469206,0.41468849886550346,1.2798794388441195
False,-75.0,2.399999999999998,645257.9091640739,rowcol,0.6340134764175767,0.06295127692721231,0.3344874412635025,0.4764734258084239,0.40630791582177966,0.5079536791742806,0.3196620797079006,0.44829080808976257,1.2799357495989314
False,45.0,2.399999999999998,645257.9091640739,rowcol,0.6340134764175768,0.06295127692721231,0.33448744126350255,0.4764734258084239,0.40630791582177966,0.5079536791742805,0.3196620797079006,0.44829080808976257,1.2799357495989314
False,-15.0,-2.4000000000000004,645257.9091640739,rowcol,0.6340134764240594,0.06295127692855663,0.3344874413034627,0.47647342585757985,0.40630791592152893,0.5079536792372675,0.3196620797342252,0.44829080812592603,1.279935749767968
True,-20.0,-2.2500000000000004,645257.9091640739,rowcol,0.6161847330696089,0.05983144333526445,0.3677073785915527,0.3781996545443215,0.5257274311157056,0.3459313459689224,0.3308693163734096,0.40334345803558874,1.2813217903189795
True,-10.0,2.699999999999998,645257.9091640739,rowcol,0.4405236492643677,0.04828010350133111,0.3547099948601865,0.41750249852964055,0.24700454301390917,0.3110269755978941,0.3709882524458998,0.48943269181632953,1.2816324831102002
True,20.0,-1.9500000000000006,645257.9091640739,rowcol,0.3315198459494578,0.03660792472760408,0.36356781699806223,0.39095517901798255,0.4799164142256804,0.4269388677705459,0.3380725629712697,0.35790350739459215,1.2816586300121693
True,-10.0,-2.4000000000000004,645257.9091640739,rowcol,0.5701371607350525,0.05478629311717831,0.35978955070805035,0.40322502624703943,0.5489561827499113,0.31439136231590037,0.31323158311133387,0.4649755208370328,1.2825936783711904
False,0.0,2.2499999999999982,645257.9091640739,rowcol,0.5096651362528448,0.05360324530238708,0.3370044379996371,0.4725030257519836,0.5135443183147739,0.5183143121640031,0.29360142954464086,0.4302163145212363,1.2835163397508949
False,-60.0,-2.2500000000000004,645257.9091640739,rowcol,0.5096651362350729,0.053603245301038785,0.3370044379964851,0.4725030257674626,0.5135443182944807,0.5183143122042211,0.2936014295468333,0.430216314511785,1.2835163397569178
False,60.0,-2.2500000000000004,645257.9091640739,rowcol,0.5096651362350729,0.053603245301038785,0.3370044379964851,0.4725030257674626,0.5135443182944807,0.5183143122042211,0.2936014295468333,0.430216314511785,1.2835163397569178
True,15.0,-2.1000000000000005,645257.9091640739,rowcol,0.3448576122056902,0.03892559502265128,0.36257946325061086,0.39631200308654463,0.502916670024263,0.4068083023283904,0.33064189663616006,0.3872645582120734,1.2840503928383773
True,15.0,2.699999999999998,645257.9091640739,rowcol,0.6695607977005944,0.06507518191528959,0.3458798694576639,0.447655211635033,0.24709027222380658,0.3965796804240294,0.36098564560604196,0.4864755304015157,1.2852948200080248
True,-5.0,-2.4000000000000004,645257.9091640739,rowcol,0.5284018864433208,0.05168366000232869,0.35861935539860174,0.4125548547422111,0.5489882805032048,0.3271742854390779,0.31163068584655385,0.47256442868361676,1.2884129209380162
True,10.0,-2.2500000000000004,645257.9091640739,rowcol,0.3777763731165231,0.042398146794374286,0.3617695956055597,0.4034863952897152,0.5259306891368222,0.3686584571828867,0.32297759900300005,0.4306011379425697,1.2887951821063943
True,-15.0,2.549999999999998,645257.9091640739,rowcol,0.4009388462735998,0.04370034205021511,0.36420627566727615,0.3977297912068108,0.22431346971945026,0.33239834237342336,0.3842566248545369,0.4453138919592927,1.2903486182086392
True,-65.0,2.849999999999998,645257.9091640739,rowcol,0.6006799974629637,0.05880207219948799,0.3446746973721077,0.4571560539032524,0.26975009257201804,0.3081533584531972,0.35663979309323984,0.5521705823592498,1.2911801460195755
True,55.0,2.849999999999998,645257.9091640739,rowcol,0.6006799974629637,0.05880207219948799,0.3446746973721077,0.4571560539032524,0.26975009257201815,0.3081533584531972,0.3566397930932398,0.5521705823592498,1.2911801460195755
True,-75.0,2.699999999999998,645257.9091640739,rowcol,0.6695607981091806,0.06507517771133087,0.34583429773351315,0.4542256530249067,0.24709048260632402,0.39568323349160367,0.36093399518083485,0.4981616043241296,1.2917285462254462
True,45.0,2.699999999999998,645257.9091640739,rowcol,0.6695607981091806,0.06507517771133085,0.34583429773351315,0.45422565302490675,0.24709048260632388,0.39568323349160367,0.36093399518083485,0.4981616043241295,1.2917285462254462
True,-50.0,2.699999999999998,645257.9091640739,rowcol,0.4405236503348653,0.04828009373375571,0.3547001556754211,0.4276324854133092,0.247004661469928,0.31029986525579883,0.37097711581781745,0.5056534259763028,1.2917329524395726
True,70.0,2.699999999999998,645257.9091640739,rowcol,0.44052365033486535,0.04828009373375571,0.3547001556754211,0.4276324854133093,0.247004661469928,0.3102998652557988,0.37097711581781745,0.5056534259763028,1.2917329524395726
True,-25.0,2.2499999999999982,645257.9091640739,rowcol,0.3751286933432378,0.03869589307589174,0.3728521691541397,0.37322752613948473,0.1793469438768176,0.32346367246517893,0.3981153549634916,0.4104338251623897,1.2917840336019037
True,-35.0,2.2499999999999982,645257.9091640739,rowcol,0.3751286932655731,0.03869589382879523,0.37283159041469516,0.3744440441150202,0.17934715454587197,0.3229064107569992,0.3980925517311027,0.4128357177495085,1.2929388153591057
True,85.0,2.2499999999999982,645257.9091640739,rowcol,0.3751286932655731,0.038695893828795236,0.3728315904146952,0.37444404411502014,0.17934715454587208,0.32290641075699916,0.3980925517311027,0.4128357177495085,1.2929388153591057
True,-60.0,-2.4000000000000004,645257.9091640739,rowcol,0.4798425998045244,0.04892745670403196,0.3629500710563455,0.4048397451351589,0.5489861979308202,0.3356330149635715,0.3175037289739852,0.4549640793386602,1.2936899583041954
True,60.0,-2.4000000000000004,645257.9091640739,rowcol,0.4798425998045243,0.048927456704031945,0.3629500710563455,0.4048397451351589,0.5489861979308203,0.3356330149635715,0.3175037289739852,0.4549640793386602,1.2936899583041954
True,20.0,2.549999999999998,645257.9091640739,rowcol,0.6811978183379117,0.0669071488704041,0.34853065163043123,0.44810907341325124,0.22451475231266682,0.45067096135603685,0.36664364801261873,0.44594315932308426,1.293701028304545
True,10.0,2.849999999999998,645257.9091640739,rowcol,0.6446396539884242,0.06227944636765933,0.347785489699358,0.45041883210263056,0.2697724543417078,0.3364117904091893,0.36018951834750007,0.5275579977371831,1.2937753012007045
True,0.0,2.849999999999998,645257.9091640739,rowcol,0.550127077858586,0.05585894780857619,0.3498133166473133,0.44509508699767236,0.2697550334732537,0.3071975951167403,0.362506089832763,0.5341846838155009,1.2945350369396122
False,60.0,2.2499999999999982,645257.9091640739,rowcol,0.5096651392351587,0.053603216946234496,0.33748288968501744,0.4832782343442247,0.5151395623501498,0.521285233329569,0.29374174457242264,0.448830146564758,1.2957269033992769
False,-60.0,2.2499999999999982,645257.9091640739,rowcol,0.5096651392351587,0.05360321694623449,0.3374828896850175,0.4832782343442246,0.5151395623501498,0.521285233329569,0.29374174457242264,0.448830146564758,1.295726903399277
False,0.0,-2.2500000000000004,645257.9091640739,rowcol,0.5096651392173867,0.05360321694488619,0.3374828896818699,0.48327823435943823,0.5151395623299195,0.5212852333697193,0.2937417445746141,0.44883014655569897,1.295726903405048
True,-80.0,2.549999999999998,645257.9091640739,rowcol,0.6811978182245819,0.06690715002424043,0.3484862108589435,0.45137327194046856,0.22451501970317464,0.44992897379709895,0.36659367222847516,0.4525843435146224,1.2968319045172991
True,40.0,2.549999999999998,645257.9091640739,rowcol,0.6811978182245819,0.06690715002424043,0.34848621085894355,0.45137327194046856,0.22451501970317458,0.44992897379709895,0.36659367222847516,0.45258434351462234,1.2968319045172991
False,-65.0,-2.2500000000000004,645257.9091640739,rowcol,0.462557463832771,0.05113851950645808,0.3414354900817602,0.47254259492457024,0.5072169407831476,0.5221671489563513,0.3015514207847915,0.42636083000559316,1.296849065169851
False,55.0,-2.2500000000000004,645257.9091640739,rowcol,0.46255746383277097,0.05113851950645808,0.3414354900817602,0.47254259492457024,0.5072169407831476,0.5221671489563513,0.3015514207847915,0.42636083000559316,1.296849065169851
False,-5.0,2.2499999999999982,645257.9091640739,rowcol,0.4625574638526677,0.051138519508249054,0.34143549010211727,0.4725425949399628,0.5072169408567465,0.5221671489699496,0.30155142078947716,0.4263608300229942,1.2968490652463147
True,-45.0,2.549999999999998,645257.9091640739,rowcol,0.40093884652004325,0.04370033978916305,0.3641654001418524,0.40470441833836235,0.22431368858949682,0.331387828853887,0.38421079678582853,0.45735325146178446,1.2972006187639196
True,75.0,2.549999999999998,645257.9091640739,rowcol,0.40093884652004325,0.04370033978916306,0.3641654001418524,0.4047044183383624,0.22431368858949682,0.331387828853887,0.38421079678582853,0.45735325146178446,1.2972006187639196
False,20.0,2.399999999999998,645257.9091640739,rowcol,0.6617792383292855,0.06670674177104996,0.33530447543914665,0.49151736917716915,0.29012617381702677,0.5632753107382099,0.34289872776819813,0.42182346795862796,1.2974307954946092
False,-40.0,-2.4000000000000004,645257.9091640739,rowcol,0.661779238341937,0.06670674177222247,0.33530447548128794,0.49151736920278566,0.2901261738836926,0.5632753107487433,0.34289872780663583,0.42182346800175036,1.2974307956466495
False,80.0,-2.4000000000000004,645257.9091640739,rowcol,0.661779238341937,0.06670674177222247,0.33530447548128794,0.49151736920278566,0.2901261738836926,0.5632753107487433,0.34289872780663583,0.4218234680017504,1.2974307956466495
False,-80.0,2.399999999999998,645257.9091640739,rowcol,0.6617792382214779,0.06670674284057877,0.33546164481911267,0.4952773486321698,0.29147731961093193,0.5645888006269807,0.3428716052580679,0.42839215546603665,1.301662283089508
False,40.0,2.399999999999998,645257.9091640739,rowcol,0.6617792382214779,0.06670674284057877,0.33546164481911267,0.4952773486321698,0.2914773196109319,0.5645888006269807,0.3428716052580679,0.42839215546603654,1.301662283089508
False,-20.0,-2.4000000000000004,645257.9091640739,rowcol,0.6617792382341295,0.06670674284175127,0.3354616448613348,0.49527734865980044,0.29147731967779916,0.5645888006380153,0.34287160529654587,0.428392155512616,1.3016622832438047
False,10.0,2.399999999999998,645257.9091640739,rowcol,0.59913057032539,0.05942372127367678,0.34236118540182126,0.47604532605722666,0.4985302265810229,0.5049238614890174,0.3054081358531204,0.4503274365802065,1.3031288822626905
False,-50.0,-2.4000000000000004,645257.9091640739,rowcol,0.5991305703232785,0.05942372127450744,0.34236118543300714,0.4760453261134787,0.49853022666558583,0.5049238615866436,0.3054081358692911,0.4503274365976235,1.3031288824125
False,70.0,-2.4000000000000004,645257.9091640739,rowcol,0.5991305703232785,0.05942372127450744,0.34236118543300714,0.4760453261134787,0.4985302266655859,0.5049238615866436,0.30540813586929105,0.4503274365976235,1.3031288824125
True,-70.0,2.849999999999998,645257.9091640739,rowcol,0.6446396558251596,0.06227942735604696,0.34777490466098676,0.460340507209782,0.2697725688259147,0.33570228036932154,0.36017741920066776,0.5434649405594861,1.3036652211927422
True,50.0,2.849999999999998,645257.9091640739,rowcol,0.6446396558251596,0.06227942735604697,0.34777490466098676,0.460340507209782,0.2697725688259147,0.33570228036932154,0.36017741920066776,0.5434649405594861,1.3036652211927422
False,-90.0,2.2499999999999982,645257.9091640739,rowcol,0.6739382444000489,0.06967541732712612,0.32632605720286706,0.5257553090524127,0.2197550031415528,0.6509300274973141,0.3421938967387923,0.39057425138982327,1.3047334806610138
False,30.0,2.2499999999999982,645257.9091640739,rowcol,0.6739382444000489,0.06967541732712611,0.32632605720286706,0.5257553090524127,0.21975500314155277,0.6509300274973141,0.3421938967387923,0.39057425138982327,1.3047334806610138
False,-30.0,-2.2500000000000004,645257.9091640739,rowcol,0.6739382444161199,0.06967541732738848,0.32632605724082164,0.5257553090423853,0.21975500307513535,0.650930027446315,0.34219389678935896,0.39057425143645325,1.3047334807648503
False,90.0,-2.2500000000000004,645257.9091640739,rowcol,0.6739382444161199,0.06967541732738848,0.32632605724082164,0.5257553090423853,0.21975500307513537,0.650930027446315,0.34219389678935896,0.39057425143645313,1.3047334807648503
True,-45.0,-2.4000000000000004,645257.9091640739,rowcol,0.6033388756401104,0.05801406393674112,0.37206689418094463,0.3885778081038626,0.5488846364801984,0.3246582192747873,0.3297747939129183,0.4351243695061869,1.3047784906466966
True,75.0,-2.4000000000000004,645257.9091640739,rowcol,0.6033388756401104,0.05801406393674112,0.37206689418094463,0.38857780810386267,0.5488846364801984,0.3246582192747873,0.3297747939129183,0.4351243695061869,1.3047784906466966
True,0.0,-2.4000000000000004,645257.9091640739,rowcol,0.47984260318336863,0.04892742356693158,0.3630039159811825,0.41645541336466463,0.5489862107844248,0.33567690061183986,0.31757649370903596,0.4738463657488004,1.305467161308212
True,-60.0,2.849999999999998,645257.9091640739,rowcol,0.5501270813583407,0.05585891334121786,0.3498796573359341,0.45764424864083003,0.2697550645367549,0.3072545316665388,0.3625817718194819,0.5533350959647788,1.3072832206486324
True,60.0,2.849999999999998,645257.9091640739,rowcol,0.5501270813583407,0.05585891334121787,0.3498796573359341,0.45764424864083003,0.269755064536755,0.3072545316665388,0.36258177181948187,0.5533350959647788,1.3072832206486324
False,5.0,-2.2500000000000004,645257.9091640739,rowcol,0.46255746599435305,0.051138499954540714,0.3418764300225976,0.4828624173577513,0.5087897806208624,0.5249848997765325,0.30165907113062346,0.4443574697995393,1.3084917074255442
False,-55.0,2.2499999999999982,645257.9091640739,rowcol,0.4625574660142497,0.051138499956331684,0.3418764300429797,0.4828624173740916,0.5087897806944303,0.5249848997901807,0.301659071135316,0.44435746981866747,1.3084917075030307
False,65.0,2.2499999999999982,645257.9091640739,rowcol,0.4625574660142497,0.05113849995633169,0.3418764300429797,0.48286241737409163,0.5087897806944303,0.5249848997901807,0.301659071135316,0.44435746981866747,1.3084917075030307
True,-30.0,2.2499999999999982,645257.9091640739,rowcol,0.3726829305663586,0.038022459823086635,0.37961646682130684,0.3720050159760687,0.17932383872716667,0.3049272481107315,0.4056045516730178,0.4202078421036299,1.3108544164399891
True,90.0,2.2499999999999982,645257.9091640739,rowcol,0.3726829305663586,0.038022459823086635,0.37961646682130684,0.3720050159760687,0.17932383872716667,0.30492724811073146,0.4056045516730178,0.4202078421036299,1.3108544164399891
False,-70.0,-2.2500000000000004,645257.9091640739,rowcol,0.4121783121942101,0.047416146102455724,0.3496222288018391,0.46202372873867087,0.4906937652707261,0.5130303325315541,0.317218443610389,0.4142945682163492,1.310890415144188
False,50.0,-2.2500000000000004,645257.9091640739,rowcol,0.41217831219421003,0.04741614610245572,0.3496222288018391,0.4620237287386709,0.49069376527072606,0.513030332531554,0.317218443610389,0.4142945682163492,1.310890415144188
False,-10.0,2.2499999999999982,645257.9091640739,rowcol,0.41217831221041273,0.047416146103967285,0.3496222288333588,0.4620237287769188,0.49069376537060555,0.5130303325836688,0.31721844362329876,0.4142945682406022,1.3108904152769951
True,-20.0,2.399999999999998,645257.9091640739,rowcol,0.3804936204830027,0.04029850184950755,0.374743230788363,0.38691035653889344,0.20173717601279156,0.34602175394700946,0.398261192233332,0.41821391231491895,1.3111400489039826
True,-15.0,-2.4000000000000004,645257.9091640739,rowcol,0.6033388760289377,0.058014059892986636,0.37202923753966877,0.3952974300296962,0.5488847206646423,0.32368449329771615,0.3297245368740583,0.446722808593204,1.3113851426487027
True,-65.0,-2.4000000000000004,645257.9091640739,rowcol,0.426182793236746,0.04595383817133753,0.36906650532898005,0.4063492363750553,0.5489843812656938,0.3452220671536912,0.3257336867165226,0.4513933527320495,1.3135487523619953
True,55.0,-2.4000000000000004,645257.9091640739,rowcol,0.42618279323674596,0.04595383817133753,0.3690665053289801,0.4063492363750553,0.5489843812656938,0.3452220671536912,0.3257336867165226,0.4513933527320495,1.3135487523619958
False,-70.0,2.399999999999998,645257.9091640739,rowcol,0.5991305719113938,0.05942370528303358,0.34274154736792256,0.48537910556951214,0.5000682319947979,0.5075609163290812,0.3054541917965016,0.46590761723275687,1.3136037476732798
False,50.0,2.399999999999998,645257.9091640739,rowcol,0.5991305719113938,0.05942370528303359,0.34274154736792256,0.4853791055695121,0.5000682319947979,0.5075609163290812,0.3054541917965016,0.46590761723275687,1.3136037476732798
False,-10.0,-2.4000000000000004,645257.9091640739,rowcol,0.5991305719092823,0.05942370528386423,0.34274154739916957,0.4853791056271375,0.5000682320794506,0.5075609164268083,0.3054541918126924,0.4659076172537431,1.313603747824646
True,-40.0,2.399999999999998,645257.9091640739,rowcol,0.3804936204060014,0.040298502576544694,0.374704330776741,0.39046506345416726,0.20173745608882648,0.3451117618053655,0.3982178914339666,0.4248753698082385,1.31457805578439
True,80.0,2.399999999999998,645257.9091640739,rowcol,0.3804936204060014,0.0402985025765447,0.374704330776741,0.39046506345416726,0.20173745608882648,0.3451117618053655,0.3982178914339666,0.4248753698082386,1.31457805578439
True,-35.0,-2.2500000000000004,645257.9091640739,rowcol,0.627188512870431,0.06116711036583756,0.3799091534828603,0.3750193573146643,0.5256670917418632,0.3574879319492611,0.3468012516436329,0.38915217943640534,1.314746817763245
True,85.0,-2.2500000000000004,645257.9091640739,rowcol,0.627188512870431,0.06116711036583756,0.37990915348286036,0.3750193573146643,0.5256670917418633,0.3574879319492611,0.3468012516436329,0.38915217943640534,1.3147468177632455
True,-5.0,2.849999999999998,645257.9091640739,rowcol,0.4949203506101418,0.05268720913056872,0.3575422253210251,0.44240598297053507,0.2697602893179229,0.30834422836313025,0.37131357071099663,0.529496016738611,1.3150326589336103
True,-25.0,-2.2500000000000004,645257.9091640739,rowcol,0.6271885127661527,0.06116711143507424,0.37988895665724676,0.3762301216299814,0.5256671636179066,0.3569837870165352,0.34677507364115756,0.391684668182577,1.3158969916017216
False,10.0,-2.2500000000000004,645257.9091640739,rowcol,0.41217831325421483,0.04741613688806204,0.34997142701193823,0.471059803423568,0.4921587452197939,0.5155026672510584,0.31726000744922656,0.4301436940432277,1.3209740844593827
False,-50.0,2.2499999999999982,645257.9091640739,rowcol,0.41217831327041754,0.04741613688957361,0.3499714270435144,0.47105980346336784,0.4921587453197094,0.5155026673033121,0.31726000746215505,0.43014369407080316,1.320974084593911
False,70.0,2.2499999999999982,645257.9091640739,rowcol,0.41217831327041754,0.04741613688957361,0.3499714270435144,0.4710598034633679,0.4921587453197094,0.515502667303312,0.31726000746215505,0.43014369407080316,1.320974084593911
False,-85.0,-1.9500000000000006,645257.9091640739,rowcol,0.3225817565990187,0.03306283188319874,0.38018904476513965,0.3825431218505282,0.4911451728297502,0.4022694276526862,0.3562597838106392,0.3651294308057618,1.3231102561459471
False,35.0,-1.9500000000000006,645257.9091640739,rowcol,0.3225817565990187,0.03306283188319874,0.38018904476513965,0.38254312185052824,0.4911451728297502,0.40226942765268614,0.3562597838106392,0.3651294308057618,1.3231102561459471
False,-25.0,1.9499999999999984,645257.9091640739,rowcol,0.32258175658656274,0.03306283188250665,0.38018904478401727,0.38254312186396483,0.49114517278850484,0.4022694276559482,0.3562597838448217,0.3651294308286559,1.3231102562160166
True,-30.0,-2.2500000000000004,645257.9091640739,rowcol,0.6303231605731907,0.06152235762094634,0.3838326360455874,0.37296258991634307,0.5256448815659317,0.3544619897313355,0.3518779545646114,0.3878388255879917,1.3244604980531052
True,90.0,-2.2500000000000004,645257.9091640739,rowcol,0.6303231605731907,0.06152235762094634,0.3838326360455874,0.37296258991634307,0.5256448815659317,0.3544619897313355,0.3518779545646114,0.3878388255879917,1.3244604980531052
True,5.0,-2.4000000000000004,645257.9091640739,rowcol,0.42618279569751766,0.04595381534976515,0.3690996663157211,0.4173670949805117,0.5489844023835139,0.3450695941629121,0.32577810029060633,0.4696302159581634,1.324666093927675
False,25.0,-1.9500000000000006,645257.9091640739,rowcol,0.3225817565142489,0.03306283271026578,0.3802379251887378,0.38411199201225055,0.4914480435862844,0.40302420236021147,0.35624532691837313,0.3674542755623074,1.324825767578464
False,-35.0,1.9499999999999984,645257.9091640739,rowcol,0.32258175650179294,0.03306283270957369,0.38023792520765504,0.38411199202690544,0.49144804354519717,0.4030242023637679,0.3562453269525767,0.36745427558722976,1.3248257676498705
False,85.0,1.9499999999999984,645257.9091640739,rowcol,0.32258175650179294,0.03306283270957369,0.38023792520765504,0.38411199202690544,0.4914480435451971,0.40302420236376785,0.3562453269525767,0.3674542755872297,1.3248257676498705
False,-80.0,-2.1000000000000005,645257.9091640739,rowcol,0.3326912487771515,0.03646188311583932,0.37553336724469477,0.39854863335360624,0.4625724856413005,0.42681131368828146,0.3573911695585744,0.3731264509523822,1.3251487350876907
False,40.0,-2.1000000000000005,645257.9091640739,rowcol,0.3326912487771515,0.03646188311583932,0.37553336724469477,0.39854863335360635,0.4625724856413005,0.42681131368828146,0.3573911695585744,0.3731264509523822,1.3251487350876907
False,-20.0,2.0999999999999983,645257.9091640739,rowcol,0.3326912487725967,0.03646188311567542,0.37553336727102216,0.39854863338607366,0.46257248565358194,0.42681131372603126,0.35739116958838313,0.37312645097991176,1.3251487351991402
True,-55.0,2.849999999999998,645257.9091640739,rowcol,0.49492035299851744,0.05268718669521748,0.35758287208041384,0.45442311740042074,0.2697603403525137,0.3081414899022559,0.37135983719414556,0.5480073616597393,1.3271717336416624
True,65.0,2.849999999999998,645257.9091640739,rowcol,0.4949203529985175,0.05268718669521748,0.35758287208041384,0.45442311740042074,0.26976034035251373,0.3081414899022559,0.37135983719414556,0.5480073616597393,1.3271717336416624
False,20.0,-2.1000000000000005,645257.9091640739,rowcol,0.33269124869318295,0.03646188388199833,0.3756561673751265,0.40256935084773343,0.4633151267733481,0.42826214834382986,0.3573684003307598,0.37961822434439135,1.329537852973113
False,-40.0,2.0999999999999983,645257.9091640739,rowcol,0.33269124868862815,0.03646188388183442,0.37565616740152374,0.4025693508822611,0.46331512678589076,0.4282621483820722,0.35736840036060175,0.379618224375517,1.3295378530868325
False,80.0,2.0999999999999983,645257.9091640739,rowcol,0.3326912486886282,0.036461883881834425,0.37565616740152374,0.4025693508822611,0.46331512678589076,0.4282621483820722,0.35736840036060175,0.379618224375517,1.3295378530868325
True,-85.0,-1.9500000000000006,645257.9091640739,rowcol,0.32111316693668274,0.034818566802324966,0.37912695228677545,0.3962127071420824,0.479969269956191,0.43016736794743976,0.357695196355479,0.3652215796085926,1.3335935640024088
True,35.0,-1.9500000000000006,645257.9091640739,rowcol,0.32111316693668274,0.03481856680232497,0.37912695228677545,0.3962127071420824,0.479969269956191,0.43016736794743976,0.357695196355479,0.3652215796085926,1.3335935640024088
True,25.0,-1.9500000000000006,645257.9091640739,rowcol,0.3211131668515253,0.034818567587686956,0.37910941261499953,0.39720623462711546,0.47996933817963067,0.42980436649283477,0.35767320025134514,0.367560275912007,1.334534472472114
False,45.0,-2.2500000000000004,645257.9091640739,rowcol,0.36284778508694565,0.0419778745002501,0.3681146535837531,0.43775845987485945,0.4704139037249707,0.48083603920243784,0.34622591201076847,0.3979369534610762,1.3421024206261187
False,-75.0,-2.2500000000000004,645257.9091640739,rowcol,0.36284778508694565,0.041977874500250104,0.3681146535837531,0.43775845987485956,0.47041390372497077,0.48083603920243784,0.34622591201076847,0.39793695346107627,1.342102420626119
False,-15.0,2.2499999999999982,645257.9091640739,rowcol,0.3628477850941882,0.04197787450101064,0.3681146536172226,0.4377584599199623,0.4704139038043023,0.480836039263686,0.34622591203319303,0.39793695349017927,1.3421024207716301
False,5.0,2.399999999999998,645257.9091640739,rowcol,0.5586517437279082,0.056548802674131336,0.35174488785928487,0.48930356104851774,0.5383199483619265,0.5268451031048427,0.3057033902482126,0.4553417243623057,1.3445382246263722
False,-55.0,-2.4000000000000004,645257.9091640739,rowcol,0.5586517437164328,0.05654880267383199,0.3517448878752842,0.4893035610933288,0.5383199484024309,0.5268451031936449,0.30570339025697624,0.4553417243645462,1.3445382247191813
False,65.0,-2.4000000000000004,645257.9091640739,rowcol,0.5586517437164327,0.056548802673832,0.3517448878752842,0.48930356109332884,0.5383199484024309,0.526845103193645,0.3057033902569762,0.4553417243645462,1.3445382247191813
True,-50.0,-2.5500000000000003,645257.9091640739,rowcol,0.5767878765289595,0.05527936061139,0.3795223906060109,0.4105148771921705,0.5720473271983141,0.31867994407852424,0.3326313765257721,0.474172748139052,1.3490820490102031
True,70.0,-2.5500000000000003,645257.9091640739,rowcol,0.5767878765289594,0.055279360611389994,0.3795223906060109,0.4105148771921705,0.5720473271983141,0.31867994407852424,0.3326313765257721,0.474172748139052,1.3490820490102031
False,15.0,-2.2500000000000004,645257.9091640739,rowcol,0.362847785349396,0.041977872231685046,0.36834548259653704,0.44463910814946017,0.47161995788721417,0.48285778538497415,0.346217085734951,0.4097472261878414,1.3496755559390712
False,-45.0,2.2499999999999982,645257.9091640739,rowcol,0.36284778535663853,0.041977872232445576,0.36834548263008327,0.444639108196601,0.4716199579667143,0.4828577854465513,0.3462170857574069,0.4097472262209917,1.3496755560868507
False,75.0,2.2499999999999982,645257.9091640739,rowcol,0.36284778535663853,0.041977872232445576,0.36834548263008327,0.444639108196601,0.4716199579667144,0.4828577854465513,0.3462170857574069,0.4097472262209917,1.3496755560868507
True,-90.0,-1.9500000000000006,645257.9091640739,rowcol,0.31844574998114306,0.03422118084565992,0.3842980383412567,0.39706867367240317,0.47998838252585996,0.42277019229309043,0.3641563311895663,0.37408950071367314,1.3499627886961731
True,30.0,-1.9500000000000006,645257.9091640739,rowcol,0.31844574998114306,0.03422118084565992,0.3842980383412567,0.39706867367240317,0.47998838252585996,0.4227701922930904,0.3641563311895663,0.37408950071367314,1.3499627886961731
True,-55.0,-2.5500000000000003,645257.9091640739,rowcol,0.5328057194459893,0.05201724815769913,0.3778493784395145,0.418872998685439,0.5720812799986308,0.33182354265981484,0.330361159567778,0.48001181227784784,1.3524211340039825
True,65.0,-2.5500000000000003,645257.9091640739,rowcol,0.5328057194459893,0.05201724815769913,0.3778493784395145,0.418872998685439,0.5720812799986309,0.33182354265981484,0.330361159567778,0.48001181227784784,1.3524211340039825
True,25.0,2.549999999999998,645257.9091640739,rowcol,0.6928307236435333,0.06840706859432866,0.36553218649858427,0.4574427932584737,0.22458175322558938,0.4796275660638108,0.38571380174046044,0.4379164721722435,1.3540393527542265
True,-85.0,2.549999999999998,645257.9091640739,rowcol,0.6928307235325933,0.06840706971793531,0.36550839630231013,0.45856817986409637,0.22458194389366876,0.47920181398373907,0.3856871264722553,0.44046789068600367,1.3550933687710267
True,35.0,2.549999999999998,645257.9091640739,rowcol,0.6928307235325933,0.06840706971793531,0.36550839630231013,0.45856817986409637,0.22458194389366876,0.47920181398373907,0.38568712647225534,0.44046789068600367,1.3550933687710267
True,5.0,2.999999999999998,645257.9091640739,rowcol,0.6079723362264756,0.05945306980017993,0.3639209721381619,0.46359195041113443,0.2925568334547683,0.312701019082704,0.37547042687605736,0.559845764429173,1.3553548668256201
False,-65.0,2.399999999999998,645257.9091640739,rowcol,0.5586517466233062,0.05654877407017309,0.35220144308748175,0.49991560287404935,0.5399008400076675,0.5297847452979922,0.3058166651406137,0.47333910994656886,1.3565199321364945
False,55.0,2.399999999999998,645257.9091640739,rowcol,0.5586517466233062,0.05654877407017309,0.35220144308748175,0.4999156028740493,0.5399008400076675,0.5297847452979921,0.3058166651406137,0.47333910994656886,1.3565199321364945
False,-5.0,-2.4000000000000004,645257.9091640739,rowcol,0.5586517466118307,0.05654877406987376,0.3522014431035135,0.4999156029193178,0.5399008400482506,0.5297847453866239,0.305816665149383,0.4733391099511597,1.3565199322298582
True,-70.0,-2.4000000000000004,645257.9091640739,rowcol,0.3721091123758586,0.04213026223835496,0.3816420466031476,0.4123658435503064,0.5490168367903768,0.37771823838514307,0.3424285604326954,0.43939421236541537,1.3572919833597492
True,50.0,-2.4000000000000004,645257.9091640739,rowcol,0.37210911237585853,0.04213026223835496,0.3816420466031476,0.4123658435503064,0.5490168367903768,0.37771823838514307,0.34242856043269543,0.43939421236541526,1.3572919833597492
False,15.0,2.549999999999998,645257.9091640739,rowcol,0.6439777061204783,0.06394887688991396,0.35541528285894475,0.49135076489617585,0.42826266231018734,0.5256905789451216,0.3404613613486982,0.4604932214691537,1.3575966134730102
False,-45.0,-2.5500000000000003,645257.9091640739,rowcol,0.6439777061276275,0.06394887689137854,0.3554152829013438,0.49135076494671326,0.4282626624167033,0.5256905790124808,0.34046136137660477,0.4604932215037587,1.3575966136507445
False,75.0,-2.5500000000000003,645257.9091640739,rowcol,0.6439777061276275,0.06394887689137853,0.3554152829013438,0.49135076494671326,0.42826266241670335,0.5256905790124806,0.34046136137660477,0.46049322150375877,1.3575966136507445
True,-10.0,2.849999999999998,645257.9091640739,rowcol,0.44043541455870366,0.04843336527559056,0.37441664791154217,0.4347582877347784,0.26973840959651174,0.31448737568777885,0.39048520616200283,0.5145856591732931,1.3580082314694049
True,-10.0,-2.5500000000000003,645257.9091640739,rowcol,0.5767878783081359,0.05527934204736229,0.3795137114609057,0.42024702875816317,0.5720473755049301,0.3180097987415325,0.3326196536262638,0.48998286665840896,1.35878816314088
True,-75.0,-2.2500000000000004,645257.9091640739,rowcol,0.3356362800378713,0.03833970478257037,0.3837545858723096,0.4090025006681287,0.5259974822881874,0.4208654277530253,0.35168121004976755,0.39875279007507447,1.3602662582850575
True,45.0,-2.2500000000000004,645257.9091640739,rowcol,0.3356362800378713,0.03833970478257038,0.3837545858723096,0.4090025006681287,0.5259974822881873,0.4208654277530253,0.35168121004976755,0.39875279007507447,1.3602662582850575
True,-40.0,-2.4000000000000004,645257.9091640739,rowcol,0.6258998950656744,0.06061177938799578,0.3902354420360917,0.39102543325595573,0.5488008513674958,0.3544729016840686,0.35375507228077396,0.4193062464537896,1.3617317593642306
True,80.0,-2.4000000000000004,645257.9091640739,rowcol,0.6258998950656744,0.06061177938799578,0.3902354420360917,0.3910254332559558,0.5488008513674958,0.3544729016840686,0.35375507228077396,0.4193062464537897,1.3617317593642309
True,-5.0,-2.5500000000000003,645257.9091640739,rowcol,0.5328057227070268,0.05201721475531737,0.3778837993088162,0.43022887546930166,0.5720813015304275,0.33165499310566565,0.33040769643956364,0.4982537035472135,1.3638802733957505
False,-90.0,-1.9500000000000006,645257.9091640739,rowcol,0.31616733896180904,0.03150611220575562,0.391690301735949,0.38940836787887784,0.5192664879441125,0.4068716705720809,0.36364477922314786,0.37409136142216537,1.3644792730867248
False,30.0,-1.9500000000000006,645257.9091640739,rowcol,0.31616733896180904,0.03150611220575562,0.391690301735949,0.3894083678788778,0.5192664879441125,0.40687167057208085,0.36364477922314786,0.37409136142216537,1.3644792730867248
False,-30.0,1.9499999999999984,645257.9091640739,rowcol,0.3161673389463924,0.03150611220498016,0.39169030175271874,0.3894083678814398,0.5192664878845249,0.4068716705531437,0.3636447792600132,0.37409136144439653,1.364479273139596
False,90.0,1.9499999999999984,645257.9091640739,rowcol,0.3161673389463923,0.03150611220498016,0.39169030175271874,0.3894083678814398,0.5192664878845249,0.4068716705531437,0.3636447792600132,0.37409136144439653,1.364479273139596
False,25.0,2.399999999999998,645257.9091640739,rowcol,0.6801985359551291,0.06978630259637436,0.3449997049143803,0.5299608062350163,0.2404858989069482,0.6406418304911973,0.36080281191868085,0.4146045276447974,1.364959920978157
False,-35.0,-2.4000000000000004,645257.9091640739,rowcol,0.680198535971194,0.06978630259695695,0.34499970495520277,0.529960806236537,0.24048589888171862,0.6406418304569509,0.3608028119678958,0.41460452769287853,1.3649599211021453
False,85.0,-2.4000000000000004,645257.9091640739,rowcol,0.680198535971194,0.06978630259695695,0.34499970495520277,0.529960806236537,0.24048589888171862,0.640641830456951,0.3608028119678958,0.41460452769287853,1.3649599211021453
True,-20.0,-2.4000000000000004,645257.9091640739,rowcol,0.6258998949516869,0.06061178056507361,0.39019808607910755,0.3945431106924387,0.5488009543224788,0.35358466024442015,0.35370632253629436,0.4259506967869436,1.3651373689297615
False,-75.0,2.549999999999998,645257.9091640739,rowcol,0.6439777065146158,0.06394887292087122,0.35568621980175835,0.49832131756459735,0.42976335073706645,0.527823289758702,0.3404511907878827,0.47208539149595274,1.3653799769698725
False,45.0,2.549999999999998,645257.9091640739,rowcol,0.6439777065146158,0.06394887292087122,0.35568621980175835,0.49832131756459735,0.42976335073706645,0.527823289758702,0.34045119078788266,0.47208539149595274,1.3653799769698725
False,-15.0,-2.5500000000000003,645257.9091640739,rowcol,0.6439777065217651,0.0639488729223358,0.35568621984423987,0.49832131761719767,0.4297633508436726,0.527823289826402,0.3404511908158256,0.47208539153451373,1.3653799771499173
True,15.0,-2.2500000000000004,645257.9091640739,rowcol,0.33563628032159964,0.03833970229873435,0.3837203569275953,0.41499552455248273,0.5259975646451905,0.420161703270727,0.3516370279394945,0.4106005066761541,1.3661565953352688
True,10.0,-2.4000000000000004,645257.9091640739,rowcol,0.3721091135863087,0.042130251547237554,0.38163391819249365,0.42149202140601727,0.5490168841626227,0.3771862821686724,0.3424178359857091,0.4554281567220805,1.366393775983498
False,-85.0,2.399999999999998,645257.9091640739,rowcol,0.6801985358506717,0.06978630361450801,0.34506599917578484,0.5313286240492395,0.24124622890049288,0.6411763778852042,0.3607852423201069,0.4171248590838933,1.366526621576594
False,35.0,2.399999999999998,645257.9091640739,rowcol,0.6801985358506717,0.06978630361450802,0.3450659991757849,0.5313286240492395,0.24124622890049288,0.6411763778852042,0.36078524232010695,0.4171248590838932,1.366526621576594
False,-25.0,-2.4000000000000004,645257.9091640739,rowcol,0.6801985358667365,0.0697863036150906,0.34506599921665665,0.5313286240518814,0.241246228875676,0.6411763778512051,0.36078524236934806,0.41712485913403957,1.3665266217018512
True,40.0,-2.1000000000000005,645257.9091640739,rowcol,0.3200801003113463,0.03573973761074363,0.3863211776168882,0.4076529789171331,0.5029915597464513,0.4447595725745728,0.36101449495998283,0.3736045332893419,1.3666165117677977
True,-80.0,-2.1000000000000005,645257.9091640739,rowcol,0.3200801003113463,0.03573973761074363,0.3863211776168883,0.4076529789171331,0.5029915597464513,0.4447595725745728,0.36101449495998283,0.3736045332893419,1.366616511767798
True,-65.0,2.999999999999998,645257.9091640739,rowcol,0.6079723396982962,0.05945303429702454,0.3639630173441441,0.4756693378974585,0.2925568829893853,0.3124905819264368,0.3755185996316781,0.5782921248366771,1.3675583899298909
True,55.0,2.999999999999998,645257.9091640739,rowcol,0.6079723396982963,0.05945303429702454,0.3639630173441441,0.47566933789745863,0.29255688298938537,0.3124905819264368,0.3755185996316781,0.5782921248366772,1.3675583899298909
True,15.0,2.849999999999998,645257.9091640739,rowcol,0.6801640665011959,0.06602638647076024,0.3669753299656532,0.46718467350366183,0.26983307850312127,0.40963972949702593,0.38202988459442283,0.5105831640800286,1.3681106634006215
True,-50.0,2.849999999999998,645257.9091640739,rowcol,0.4404354156467881,0.048433355380944544,0.37440680855825625,0.44502990129934006,0.26973852409516763,0.3137282865564328,0.3904740375693736,0.5308824541691741,1.3682503269741089
True,70.0,2.849999999999998,645257.9091640739,rowcol,0.4404354156467881,0.048433355380944544,0.37440680855825625,0.44502990129934006,0.26973852409516763,0.3137282865564328,0.39047403756937366,0.5308824541691741,1.3682503269741089
True,-60.0,-2.5500000000000003,645257.9091640739,rowcol,0.4815090121922309,0.04910740538217511,0.38219455087694104,0.4225584298493721,0.572079054467481,0.3407418344428852,0.33621936450070833,0.48070359855568523,1.3691420824801952
True,60.0,-2.5500000000000003,645257.9091640739,rowcol,0.4815090121922309,0.04910740538217512,0.38219455087694104,0.4225584298493721,0.572079054467481,0.34074183444288525,0.33621936450070833,0.48070359855568523,1.3691420824801952
False,0.0,2.399999999999998,645257.9091640739,rowcol,0.5133567021836203,0.05419294039952777,0.3578299933542163,0.4958661956079383,0.54361531153506,0.5396874008618519,0.3122741301278504,0.4557629292690265,1.3693561756705872
False,-60.0,-2.4000000000000004,645257.9091640739,rowcol,0.5133567021647999,0.05419294039810078,0.3578299933510497,0.49586619562453604,0.5436153115146115,0.5396874009047913,0.3122741301300492,0.45576292925951006,1.369356175677685
False,60.0,-2.4000000000000004,645257.9091640739,rowcol,0.5133567021647999,0.05419294039810078,0.3578299933510497,0.49586619562453604,0.5436153115146115,0.5396874009047913,0.3122741301300492,0.45576292925951006,1.369356175677685
True,20.0,-2.1000000000000005,645257.9091640739,rowcol,0.3200801002240694,0.035739738392383404,0.3862881604821124,0.41060793610058666,0.502991658036489,0.44414048125231803,0.36097269757139844,0.38012435965088626,1.3694724175469237
True,-15.0,2.699999999999998,645257.9091640739,rowcol,0.39841179619163325,0.04356435883669006,0.3851554684402553,0.4143137508617832,0.24694972106951352,0.3378807530154701,0.40530075437598606,0.46904845888531865,1.3697801561825491
True,0.0,2.999999999999998,645257.9091640739,rowcol,0.5553183157694105,0.05638588140101233,0.3690182045089107,0.4634395969117774,0.2925619381155919,0.311097209802376,0.3813062342717524,0.5603647346401602,1.3704942104385094
True,30.0,2.549999999999998,645257.9091640739,rowcol,0.696163423292129,0.06880083776351209,0.37098496791704416,0.45764187708942167,0.22460827844099557,0.48138453922593655,0.3918176557477471,0.43667635360536095,1.3705967808405541
True,-90.0,2.549999999999998,645257.9091640739,rowcol,0.696163423292129,0.06880083776351209,0.3709849679170442,0.4576418770894217,0.22460827844099557,0.48138453922593655,0.3918176557477471,0.43667635360536095,1.3705967808405544
True,10.0,2.999999999999998,645257.9091640739,rowcol,0.6537279335339712,0.06307538263675266,0.3676115857395308,0.46913620662123706,0.29258138504242853,0.3437963127206308,0.3796937495707961,0.5529734340242736,1.3719709638398294
True,-75.0,2.849999999999998,645257.9091640739,rowcol,0.6801640669332494,0.06602638202000495,0.36692999193211406,0.47383169893235505,0.26983328185642114,0.4087236591692692,0.381978368219535,0.522341798383003,1.3746216747286972
True,45.0,2.849999999999998,645257.9091640739,rowcol,0.6801640669332494,0.06602638202000495,0.36692999193211406,0.473831698932355,0.2698332818564211,0.4087236591692693,0.381978368219535,0.522341798383003,1.3746216747286972
True,-45.0,2.699999999999998,645257.9091640739,rowcol,0.39841179644211233,0.04356435654596846,0.3851145426097566,0.4214045372464589,0.24694993157176917,0.33682811877776014,0.40525475008408984,0.48115825374121074,1.3767481650757285
True,75.0,2.699999999999998,645257.9091640739,rowcol,0.3984117964421123,0.04356435654596846,0.3851145426097566,0.4214045372464589,0.24694993157176917,0.33682811877776014,0.40525475008408984,0.48115825374121074,1.3767481650757285
True,-25.0,2.399999999999998,645257.9091640739,rowcol,0.3702436058844152,0.03811248439286512,0.39644912514369635,0.3894767543693573,0.2016777834800209,0.3299963088439343,0.42238253186498526,0.43322272925092753,1.3788241298004464
True,-35.0,2.399999999999998,645257.9091640739,rowcol,0.3702436058039627,0.038112485174420944,0.39642848105281514,0.39072027601241915,0.20167798331220274,0.3294136509023507,0.4223596059223063,0.43565027622949054,1.3800057191708646
True,85.0,2.399999999999998,645257.9091640739,rowcol,0.3702436058039627,0.038112485174420944,0.39642848105281514,0.39072027601241915,0.20167798331220285,0.3294136509023507,0.4223596059223063,0.43565027622949043,1.3800057191708646
True,0.0,-2.5500000000000003,645257.9091640739,rowcol,0.4815090157698287,0.049107370303021786,0.382248880595497,0.4343866503144141,0.5720790675731517,0.34078776373978537,0.3362923738722875,0.4997100594965656,1.3811332921009052
False,-60.0,2.399999999999998,645257.9091640739,rowcol,0.5133567053418794,0.054192910482089615,0.3583106581108402,0.5068078769260923,0.5452228983470336,0.5427020116118643,0.3124148518009649,0.47452407641059785,1.381739851258613
False,60.0,2.399999999999998,645257.9091640739,rowcol,0.5133567053418794,0.054192910482089615,0.3583106581108402,0.5068078769260923,0.5452228983470336,0.5427020116118643,0.3124148518009649,0.47452407641059785,1.381739851258613
False,0.0,-2.4000000000000004,645257.9091640739,rowcol,0.513356705323059,0.05419291048066264,0.35831065810767787,0.506807876942355,0.5452228983266453,0.5427020116546125,0.31241485180316275,0.47452407640145805,1.3817398512653885
True,-70.0,2.999999999999998,645257.9091640739,rowcol,0.6537279354703632,0.06307536256753152,0.3676010447270689,0.4791665837005283,0.2925814961574811,0.3430654958599212,0.3796816680946641,0.5689577822181341,1.381969717881735
True,50.0,2.999999999999998,645257.9091640739,rowcol,0.6537279354703632,0.06307536256753152,0.3676010447270689,0.4791665837005283,0.2925814961574811,0.34306549585992124,0.3796816680946641,0.5689577822181341,1.381969717881735
True,20.0,2.699999999999998,645257.9091640739,rowcol,0.6929535823603871,0.06799154662113613,0.3712098297043473,0.46877683337387377,0.2471710434252601,0.46848349695926106,0.3895870835114353,0.46902338419793027,1.3824063224869156
False,-65.0,-2.4000000000000004,645257.9091640739,rowcol,0.4633283320122082,0.05158542249716762,0.36223243627501267,0.4957753379508451,0.5368610180722769,0.543536754736585,0.3203017929372738,0.451715942691071,1.3824726467758832
False,55.0,-2.4000000000000004,645257.9091640739,rowcol,0.4633283320122082,0.05158542249716761,0.36223243627501267,0.4957753379508451,0.5368610180722769,0.543536754736585,0.3203017929372738,0.451715942691071,1.3824726467758832
False,-5.0,2.399999999999998,645257.9091640739,rowcol,0.4633283320336331,0.051585422499115706,0.36223243629664326,0.4957753379674604,0.5368610181501567,0.5435367547517368,0.32030179294240113,0.4517159427093104,1.3824726468573902
True,-60.0,2.999999999999998,645257.9091640739,rowcol,0.5553183194189242,0.05638584545863697,0.36908440285565336,0.4761314157722552,0.2925619682649822,0.3111563916029464,0.3813819720433556,0.5795957357369239,1.3833846243392154
True,60.0,2.999999999999998,645257.9091640739,rowcol,0.5553183194189243,0.05638584545863697,0.36908440285565336,0.47613141577225515,0.29256196826498226,0.3111563916029464,0.38138197204335555,0.5795957357369238,1.3833846243392154
True,-45.0,-2.5500000000000003,645257.9091640739,rowcol,0.6118144666359082,0.058668579017196,0.39304339681163303,0.40498580251509014,0.5719716254841676,0.3298039964674811,0.3507268795395619,0.4587724219859691,1.3841159929499893
True,75.0,-2.5500000000000003,645257.9091640739,rowcol,0.6118144666359082,0.058668579017196,0.39304339681163303,0.40498580251509014,0.5719716254841676,0.32980399646748115,0.3507268795395619,0.4587724219859691,1.3841159929499893
True,40.0,2.699999999999998,645257.9091640739,rowcol,0.6929535822402935,0.0679915478451009,0.3711656497777955,0.47208105320867355,0.24717130059324038,0.467727746767766,0.38953728445376884,0.47571129973581494,1.3855780025420599
True,-80.0,2.699999999999998,645257.9091640739,rowcol,0.6929535822402935,0.0679915478451009,0.3711656497777955,0.4720810532086736,0.24717130059324047,0.467727746767766,0.38953728445376884,0.47571129973581505,1.38557800254206
False,10.0,2.549999999999998,645257.9091640739,rowcol,0.6073932657099618,0.06027617558277915,0.36315486327101365,0.4983799663777571,0.5262921868196048,0.5245752794956462,0.32470364375708805,0.4752335257366083,1.3878445561907982
False,-50.0,-2.5500000000000003,645257.9091640739,rowcol,0.6073932657080796,0.06027617558371684,0.3631548633043716,0.4983799664380864,0.5262921869108748,0.5245752796006345,0.32470364377423155,0.47523352575562217,1.387844556351201
False,70.0,-2.5500000000000003,645257.9091640739,rowcol,0.6073932657080796,0.06027617558371684,0.3631548633043716,0.4983799664380864,0.5262921869108749,0.5245752796006345,0.3247036437742315,0.47523352575562217,1.387844556351201
False,20.0,2.549999999999998,645257.9091640739,rowcol,0.6731710524925384,0.06787882867224747,0.35770869293844687,0.5148130311205955,0.31061056637827167,0.5874215362932838,0.3656405589885855,0.4446647257424613,1.3879391099359362
False,-40.0,-2.5500000000000003,645257.9091640739,rowcol,0.6731710525061025,0.067878828673502,0.3577086929829388,0.514813031148241,0.31061056644739543,0.5874215363049269,0.3656405590293426,0.44466472578844973,1.3879391100970573
False,80.0,-2.5500000000000003,645257.9091640739,rowcol,0.6731710525061025,0.067878828673502,0.3577086929829388,0.514813031148241,0.31061056644739554,0.5874215363049269,0.3656405590293426,0.44466472578844973,1.3879391100970573
True,-65.0,-2.5500000000000003,645257.9091640739,rowcol,0.42450742610363196,0.04595459321519366,0.388424177143824,0.42412544653656853,0.5720770893209024,0.35107568234657577,0.3445571021001427,0.4769760644425936,1.3893979779680405
True,55.0,-2.5500000000000003,645257.9091640739,rowcol,0.4245074261036319,0.04595459321519366,0.388424177143824,0.42412544653656853,0.5720770893209025,0.35107568234657577,0.3445571021001427,0.4769760644425936,1.3893979779680405
True,-15.0,-2.5500000000000003,645257.9091640739,rowcol,0.6118144670507657,0.05866857469093087,0.3930055220871757,0.41183740816329134,0.5719717113197539,0.32878550939148143,0.3506766716780292,0.4704672487528731,1.3908539744248185
True,-5.0,2.999999999999998,645257.9091640739,rowcol,0.4976561931328582,0.05307086905708825,0.3768032465995777,0.4605179745877883,0.29256732375194133,0.31200058424723875,0.3902031226479306,0.5554867975901177,1.3909277143865213
False,-80.0,2.549999999999998,645257.9091640739,rowcol,0.6731710523778575,0.06787882980956672,0.357865228656963,0.5186281001699663,0.3119517102121947,0.5887605787698711,0.3656135337535013,0.45128768124927715,1.3922237861408555
False,40.0,2.549999999999998,645257.9091640739,rowcol,0.6731710523778575,0.06787882980956672,0.357865228656963,0.5186281001699663,0.31195171021219453,0.5887605787698711,0.3656135337535013,0.4512876812492771,1.3922237861408555
False,-20.0,-2.5500000000000003,645257.9091640739,rowcol,0.6731710523914216,0.06787882981082126,0.35786522870153553,0.5186281001996494,0.311951710281528,0.5887605787820234,0.3656135337942985,0.45128768129874425,1.392223786304256
False,5.0,-2.4000000000000004,645257.9091640739,rowcol,0.4633283342756972,0.05158540216702899,0.36267578345617874,0.506253365413653,0.5384461931912968,0.5463889569033743,0.32040989883316157,0.4698531585504848,1.394280715782189
False,-55.0,2.399999999999998,645257.9091640739,rowcol,0.46332833429712206,0.051585402168977085,0.3626757834778345,0.5062533654312988,0.5384461932691452,0.5463889569187264,0.32040989883829574,0.46985315857047333,1.3942807158648023
False,65.0,2.399999999999998,645257.9091640739,rowcol,0.46332833429712206,0.051585402168977085,0.36267578347783447,0.5062533654312988,0.5384461932691452,0.5463889569187264,0.3204098988382957,0.46985315857047333,1.3942807158648023
True,-20.0,2.549999999999998,645257.9091640739,rowcol,0.37641344128596643,0.03989702808583664,0.3972597849363412,0.4034338714220452,0.2242434931799811,0.35367881763835185,0.42120754368160285,0.4409525105087122,1.3952132262310688
False,-70.0,-2.4000000000000004,645257.9091640739,rowcol,0.40946582596440323,0.047621597979925726,0.3704451562029922,0.4842298772455904,0.5183900306350017,0.5331153561153832,0.3365415648415472,0.43892288552773445,1.395565345854567
False,50.0,-2.4000000000000004,645257.9091640739,rowcol,0.40946582596440323,0.047621597979925726,0.37044515620299223,0.4842298772455904,0.5183900306350017,0.5331153561153832,0.3365415648415472,0.43892288552773445,1.3955653458545672
False,-10.0,2.399999999999998,645257.9091640739,rowcol,0.40946582598226217,0.047621597981618406,0.3704451562366796,0.48422987728683714,0.5183900307417351,0.5331153561720161,0.3365415648554197,0.438922885553659,1.395565345996876
False,-70.0,2.549999999999998,645257.9091640739,rowcol,0.607393267399489,0.060276158557685165,0.36353586969647683,0.5078637817777295,0.5278402280591694,0.5272898634608385,0.3247496707087148,0.49093195095502085,1.39847139086716
False,50.0,2.549999999999998,645257.9091640739,rowcol,0.607393267399489,0.060276158557685165,0.36353586969647683,0.5078637817777295,0.5278402280591694,0.5272898634608385,0.3247496707087148,0.49093195095502085,1.39847139086716
False,-10.0,-2.5500000000000003,645257.9091640739,rowcol,0.6073932673976067,0.060276158558622846,0.36353586972989566,0.507863781839443,0.527840228150524,0.5272898635659454,0.3247496707258783,0.49093195097761294,1.39847139102913
True,-40.0,2.549999999999998,645257.9091640739,rowcol,0.37641344120697456,0.039897028831095076,0.3972207964402052,0.4070564310907219,0.22424376089394063,0.3527328622323714,0.42116404306948396,0.4476676563214537,1.3987188204113374
True,80.0,2.549999999999998,645257.9091640739,rowcol,0.37641344120697456,0.039897028831095076,0.3972207964402052,0.4070564310907219,0.22424376089394063,0.3527328622323714,0.42116404306948396,0.4476676563214538,1.3987188204113374
True,-30.0,2.399999999999998,645257.9091640739,rowcol,0.3677017152408444,0.03737867286187261,0.4035953699052085,0.3880733402943066,0.20165307132419807,0.3098305267265542,0.4303118381324579,0.44331022786758384,1.3988594500099323
True,90.0,2.399999999999998,645257.9091640739,rowcol,0.3677017152408444,0.0373786728618726,0.4035953699052085,0.3880733402943066,0.20165307132419807,0.3098305267265542,0.4303118381324579,0.44331022786758384,1.3988594500099323
True,5.0,-2.5500000000000003,645257.9091640739,rowcol,0.424507428684033,0.04595456937862675,0.3884576546530801,0.4353449489219321,0.5720771108528572,0.350916379959487,0.3446017134336044,0.4953307603138621,1.4007179128811722
True,-35.0,-2.4000000000000004,645257.9091640739,rowcol,0.6376261820862641,0.06201780064535848,0.4035322564777387,0.3913083890665774,0.548736607504883,0.3655284250793184,0.3709905124651792,0.41174141320721425,1.4019051584997935
True,85.0,-2.4000000000000004,645257.9091640739,rowcol,0.6376261820862641,0.06201780064535848,0.4035322564777387,0.3913083890665774,0.548736607504883,0.3655284250793184,0.3709905124651792,0.41174141320721425,1.4019051584997935
True,-25.0,-2.4000000000000004,645257.9091640739,rowcol,0.6376261819748325,0.06201780179102604,0.4035119743752331,0.39254615213734234,0.5487366809494613,0.36500249189719436,0.3709644099576223,0.41429492460678835,1.4030820752630417
True,-55.0,2.999999999999998,645257.9091640739,rowcol,0.49765619558847163,0.05307084603030259,0.37684384546482497,0.4726746940577272,0.292567373284782,0.31178967434442983,0.3902494664662377,0.5740744240976493,1.4032062304522022
True,65.0,2.999999999999998,645257.9091640739,rowcol,0.49765619558847163,0.05307084603030259,0.37684384546482497,0.4726746940577272,0.2925673732847821,0.3117896743444298,0.3902494664662377,0.5740744240976493,1.4032062304522022
False,-90.0,2.399999999999998,645257.9091640739,rowcol,0.6867419085959956,0.07106124972204314,0.35086349037670217,0.55192126550899,0.24542558907544584,0.6808432105683092,0.36683145350045965,0.41347102807093394,1.4045117366390967
False,30.0,2.399999999999998,645257.9091640739,rowcol,0.6867419085959956,0.07106124972204314,0.35086349037670217,0.55192126550899,0.24542558907544584,0.6808432105683092,0.36683145350045965,0.41347102807093394,1.4045117366390967
False,90.0,-2.4000000000000004,645257.9091640739,rowcol,0.6867419086131074,0.07106124972231222,0.3508634904165233,0.5519212654985166,0.24542558900420347,0.6808432105139455,0.36683145355417823,0.41347102812048026,1.4045117367480866
False,-30.0,-2.4000000000000004,645257.9091640739,rowcol,0.6867419086131074,0.07106124972231222,0.3508634904165233,0.5519212654985167,0.24542558900420347,0.6808432105139455,0.3668314535541782,0.4134710281204802,1.4045117367480868
False,10.0,-2.4000000000000004,645257.9091640739,rowcol,0.40946582706442053,0.04762158852162137,0.3707967056807722,0.4934125386462385,0.5198692852027661,0.535620210328948,0.3365833539780926,0.4548946825052408,1.405802655688555
False,-50.0,2.399999999999998,645257.9091640739,rowcol,0.40946582708227947,0.047621588523314044,0.3707967057145161,0.4934125386891142,0.5198692853095322,0.5356202103858545,0.33658335399198386,0.4548946825345074,1.4058026558326624
False,70.0,2.399999999999998,645257.9091640739,rowcol,0.40946582708227947,0.047621588523314044,0.3707967057145161,0.4934125386891142,0.5198692853095321,0.5356202103858545,0.33658335399198386,0.4548946825345074,1.4058026558326624
False,-80.0,-2.2500000000000004,645257.9091640739,rowcol,0.3226036057189581,0.035739194778010325,0.3980674603243203,0.4177723522542639,0.4846948502966556,0.44281267411482794,0.3801560212276937,0.3954882822771513,1.4119747332272248
False,40.0,-2.2500000000000004,645257.9091640739,rowcol,0.322603605718958,0.035739194778010325,0.39806746032432033,0.4177723522542639,0.4846948502966556,0.44281267411482783,0.3801560212276937,0.3954882822771513,1.4119747332272248
False,-20.0,2.2499999999999982,645257.9091640739,rowcol,0.3226036057145686,0.03573919477788692,0.3980674603529303,0.4177723522895095,0.48469485031088894,0.44281267415540726,0.38015602125980447,0.39548828230748384,1.4119747333483004
True,-30.0,-2.4000000000000004,645257.9091640739,rowcol,0.6409734155265744,0.0623891904919356,0.40782673027670496,0.38905248547033927,0.548712885196322,0.36171140777857985,0.37650788851278166,0.41063922178878415,1.412532676300454
True,90.0,-2.4000000000000004,645257.9091640739,rowcol,0.6409734155265744,0.0623891904919356,0.40782673027670496,0.38905248547033927,0.548712885196322,0.36171140777857985,0.37650788851278166,0.4106392217887842,1.412532676300454
False,20.0,-2.2500000000000004,645257.9091640739,rowcol,0.32260360562999696,0.035739195581027186,0.3981915847474383,0.42185980102429493,0.48545423530271764,0.4442637011190119,0.3801330865596904,0.4020530731909404,1.41643455526661
False,80.0,2.2499999999999982,645257.9091640739,rowcol,0.32260360562560747,0.03573919558090377,0.39819158477611877,0.4218598010616387,0.4854542353172161,0.4442637011601028,0.3801330865918346,0.4020530732248919,1.4164345553899949
False,-40.0,2.2499999999999982,645257.9091640739,rowcol,0.32260360562560747,0.03573919558090377,0.3981915847761188,0.4218598010616387,0.48545423531721615,0.4442637011601028,0.3801330865918346,0.4020530732248919,1.416434555389995
False,35.0,-2.1000000000000005,645257.9091640739,rowcol,0.3104447057947617,0.031915306496921196,0.4042007346736617,0.4038656212862388,0.5154349527849139,0.4224887207980152,0.38043665372596136,0.3875115713356875,1.4164678253072238
False,-85.0,-2.1000000000000005,645257.9091640739,rowcol,0.3104447057947617,0.031915306496921196,0.4042007346736617,0.4038656212862389,0.5154349527849139,0.4224887207980152,0.38043665372596136,0.3875115713356875,1.416467825307224
False,-25.0,2.0999999999999983,645257.9091640739,rowcol,0.31044470578140443,0.03191530649616294,0.40420073469449597,0.40386562130153375,0.515434952740779,0.4224887208020343,0.3804366537630315,0.38751157136134834,1.4164678253850216
False,25.0,-2.1000000000000005,645257.9091640739,rowcol,0.31044470570353666,0.03191530738427977,0.4042502481656293,0.4054669470504051,0.5157457527840722,0.4232644872605739,0.3804220742073547,0.38987096661616877,1.418217691547293
False,-35.0,2.0999999999999983,645257.9091640739,rowcol,0.31044470569017946,0.03191530738352151,0.4042502481865037,0.4054669470669774,0.5157457527401001,0.4232644872649755,0.380422074244446,0.38987096664388,1.4182176916264884
False,85.0,2.0999999999999983,645257.9091640739,rowcol,0.31044470569017946,0.03191530738352151,0.4042502481865037,0.4054669470669774,0.5157457527401001,0.42326448726497545,0.3804220742444461,0.38987096664388,1.4182176916264884
True,-85.0,-2.1000000000000005,645257.9091640739,rowcol,0.3087588951937053,0.03377385816392985,0.4030021488860943,0.4164908969274719,0.5030486018879037,0.44840651671731135,0.3819524702339669,0.3876212252956814,1.425497343585755
True,35.0,-2.1000000000000005,645257.9091640739,rowcol,0.3087588951937053,0.033773858163929846,0.4030021488860943,0.4164908969274719,0.5030486018879037,0.44840651671731135,0.3819524702339669,0.3876212252956814,1.425497343585755
True,70.0,-2.7,645257.9091640739,rowcol,0.5835476392279145,0.055785747422374375,0.39930806897207266,0.4276502096652303,0.5951459279324515,0.3224864841713454,0.35206228107865367,0.4992273858239698,1.4255744165814481
True,-50.0,-2.7,645257.9091640739,rowcol,0.5835476392279145,0.055785747422374375,0.3993080689720727,0.4276502096652303,0.5951459279324515,0.3224864841713454,0.3520622810786537,0.4992273858239698,1.4255744165814486
False,-75.0,-2.4000000000000004,645257.9091640739,rowcol,0.35630473400089063,0.04178795678101982,0.38944002145866535,0.4580998652747182,0.49449536259817395,0.4983201905747708,0.3670650435349288,0.4213130681449152,1.4264199296507143
False,45.0,-2.4000000000000004,645257.9091640739,rowcol,0.35630473400089063,0.04178795678101982,0.3894400214586654,0.4580998652747182,0.494495362598174,0.4983201905747708,0.36706504353492886,0.4213130681449152,1.4264199296507145
False,-15.0,2.399999999999998,645257.9091640739,rowcol,0.3563047340093837,0.04178795678191658,0.389440021494607,0.45809986532342545,0.494495362683914,0.4983201906411132,0.36706504355895775,0.4213130681764231,1.4264199298072464
True,25.0,-2.1000000000000005,645257.9091640739,rowcol,0.3087588951019822,0.03377385900245771,0.4029843790791449,0.4175087867402898,0.5030486719885112,0.4480314945301439,0.3819302865723751,0.38999460770206634,1.4264619239777245
True,-55.0,-2.7,645257.9091640739,rowcol,0.5373644635584391,0.052368618352933466,0.3971699408747435,0.4366357981355653,0.5951817027248074,0.3364676347419309,0.3491800398171952,0.5057443445952694,1.4281456207597958
True,65.0,-2.7,645257.9091640739,rowcol,0.5373644635584391,0.05236861835293346,0.39716994087474355,0.4366357981355653,0.5951817027248075,0.3364676347419309,0.3491800398171952,0.5057443445952694,1.428145620759796
False,5.0,2.549999999999998,645257.9091640739,rowcol,0.56492178826597,0.05728092423753133,0.3725859736753091,0.5125607883426503,0.5681905958008855,0.5478128243392035,0.32446470719334586,0.4809179741235917,1.4303187093685776
False,65.0,-2.5500000000000003,645257.9091640739,rowcol,0.5649217882541192,0.0572809242372635,0.372585973692559,0.5125607883904375,0.5681905958453825,0.5478128244339783,0.32446470720256126,0.48091797412656456,1.4303187094681145
False,-55.0,-2.5500000000000003,645257.9091640739,rowcol,0.5649217882541192,0.057280924237263504,0.37258597369255897,0.5125607883904376,0.5681905958453825,0.5478128244339784,0.32446470720256126,0.48091797412656456,1.4303187094681147
False,15.0,-2.4000000000000004,645257.9091640739,rowcol,0.35630473427393583,0.04178795445290116,0.38967275981018734,0.4651032918719221,0.495719225383539,0.5003777902955389,0.36705616328746815,0.4332200477346589,1.4341215713024842
False,-45.0,2.399999999999998,645257.9091640739,rowcol,0.356304734282429,0.04178795445379791,0.3896727598462059,0.46510329192272715,0.49571922546944436,0.5003777903622941,0.36705616331152857,0.4332200477702304,1.434121571461345
False,75.0,2.399999999999998,645257.9091640739,rowcol,0.356304734282429,0.04178795445379791,0.3896727598462059,0.46510329192272715,0.49571922546944436,0.5003777903622941,0.36705616331152857,0.4332200477702304,1.434121571461345
True,-10.0,2.999999999999998,645257.9091640739,rowcol,0.4405920353515071,0.04860645385199923,0.39418731234999216,0.4522630593203105,0.2925433300246991,0.3181101431790196,0.4100086074861313,0.5398669271397484,1.434824996370287
True,-70.0,-2.5500000000000003,645257.9091640739,rowcol,0.3666484881650651,0.041886966575530135,0.40155374582894243,0.43051176050432644,0.5721113977252844,0.38649947065534496,0.3619048457763628,0.4643071465287188,1.4351729979911538
True,50.0,-2.5500000000000003,645257.9091640739,rowcol,0.36664848816506507,0.041886966575530135,0.40155374582894243,0.43051176050432644,0.5721113977252844,0.386499470655345,0.3619048457763628,0.4643071465287189,1.4351729979911538
True,-10.0,-2.7,645257.9091640739,rowcol,0.5835476411200373,0.05578572762979242,0.39929933481005797,0.4375447201879022,0.5951459770954873,0.32178526893161113,0.35205055389999673,0.5151388568572377,1.435442724618076
True,-5.0,-2.7,645257.9091640739,rowcol,0.5373644670192214,0.05236858284116795,0.3972046138412672,0.44817440103661627,0.5951817246383211,0.3362916324268238,0.349226658967922,0.5240920289795041,1.4397882425604178
False,-65.0,2.549999999999998,645257.9091640739,rowcol,0.5649217913416159,0.05728089390457309,0.373043945401587,0.5233494525648892,0.5697820967553738,0.550861232454108,0.3245781040374539,0.49903958778593316,1.44248128876965
False,55.0,2.549999999999998,645257.9091640739,rowcol,0.5649217913416159,0.05728089390457308,0.373043945401587,0.5233494525648892,0.5697820967553738,0.5508612324541081,0.32457810403745385,0.49903958778593316,1.44248128876965
False,-5.0,-2.5500000000000003,645257.9091640739,rowcol,0.5649217913297652,0.057280893904305255,0.373043945418869,0.5233494526131074,0.5697820967999453,0.5508612325486599,0.32457810404667503,0.4990395877912524,1.4424812888697143
True,-75.0,-2.4000000000000004,645257.9091640739,rowcol,0.32652745794857735,0.03777659221936548,0.4049451571711,0.4279166360039107,0.5490878818874254,0.4345845463314419,0.37271192860321317,0.42222748493353907,1.4427521075172107
True,45.0,-2.4000000000000004,645257.9091640739,rowcol,0.3265274579485774,0.03777659221936548,0.4049451571711,0.4279166360039107,0.5490878818874253,0.4345845463314419,0.37271192860321317,0.422227484933539,1.4427521075172107
True,-90.0,-2.1000000000000005,645257.9091640739,rowcol,0.3058769196329222,0.03310981946207841,0.40855180376579864,0.4173691410065131,0.5030692176923636,0.44057327417123787,0.38885563866433054,0.3968056711926354,1.443024552303909
True,30.0,-2.1000000000000005,645257.9091640739,rowcol,0.3058769196329222,0.03310981946207841,0.4085518037657987,0.4173691410065131,0.5030692176923636,0.44057327417123787,0.38885563866433054,0.3968056711926354,1.4430245523039091
False,15.0,2.699999999999998,645257.9091640739,rowcol,0.6539819435417952,0.06495564567612179,0.37669827484976964,0.5133439025260819,0.451976264719227,0.5458124993024518,0.3612905677999508,0.48435617422799493,1.4434387270753908
False,-45.0,-2.7,645257.9091640739,rowcol,0.6539819435496328,0.06495564567771038,0.3766982748946801,0.5133439025801259,0.45197626483254183,0.5458124993747043,0.36129056782947244,0.4843561742649706,1.4434387272641662
False,75.0,-2.7,645257.9091640739,rowcol,0.6539819435496328,0.06495564567771038,0.37669827489468016,0.5133439025801259,0.45197626483254183,0.5458124993747041,0.3612905678294725,0.4843561742649706,1.4434387272641662
True,10.0,-2.5500000000000003,645257.9091640739,rowcol,0.36664848942506123,0.04188695554642512,0.4015455374894909,0.4398021667316325,0.5721114460264909,0.38594710279360434,0.3618940640707539,0.48044292538260225,1.4444387792001052
True,-60.0,-2.7,645257.9091640739,rowcol,0.48338064057404834,0.04930833062136185,0.40149030967353094,0.440570983665721,0.5951793118967424,0.34601081873936007,0.3549741955547083,0.5066112967246367,1.4450419126863139
True,60.0,-2.7,645257.9091640739,rowcol,0.4833806405740483,0.04930833062136185,0.40149030967353094,0.440570983665721,0.5951793118967424,0.34601081873936007,0.3549741955547083,0.5066112967246367,1.4450419126863139
True,70.0,2.999999999999998,645257.9091640739,rowcol,0.44059203645213985,0.048606443875338516,0.39417747442390627,0.46266008984965484,0.2925434411542054,0.3173201742758891,0.4099974106699513,0.5562291197524917,1.4451925131213736
True,-50.0,2.999999999999998,645257.9091640739,rowcol,0.4405920364521398,0.048606443875338516,0.3941774744239063,0.46266008984965484,0.2925434411542054,0.3173201742758891,0.4099974106699513,0.5562291197524917,1.4451925131213739
True,-40.0,-2.5500000000000003,645257.9091640739,rowcol,0.635687279573793,0.061397923872743676,0.41280412865878735,0.40762756530530175,0.5718827772383839,0.3624619826392916,0.37663594612375584,0.442053327653649,1.446039951281664
True,80.0,-2.5500000000000003,645257.9091640739,rowcol,0.635687279573793,0.061397923872743676,0.41280412865878735,0.40762756530530186,0.5718827772383839,0.3624619826392916,0.37663594612375584,0.44205332765364913,1.446039951281664
True,25.0,2.699999999999998,645257.9091640739,rowcol,0.7052372064656948,0.06956302343234859,0.38937415329880276,0.4787763336896573,0.24724237345429023,0.49906287113051706,0.4100066223708665,0.4610250458337877,1.4468987935860655
True,-85.0,2.699999999999998,645257.9091640739,rowcol,0.7052372063482384,0.06956302462313471,0.3893505061148022,0.4799148722346463,0.24724255683479454,0.49862963468382915,0.4099800514868736,0.46359147121240185,1.4479663905790527
True,35.0,2.699999999999998,645257.9091640739,rowcol,0.7052372063482384,0.06956302462313471,0.3893505061148022,0.4799148722346463,0.24724255683479454,0.49862963468382926,0.4099800514868736,0.46359147121240185,1.4479663905790527
True,15.0,-2.4000000000000004,645257.9091640739,rowcol,0.32652745824652263,0.03777658964403201,0.4049105569162259,0.434027771890453,0.5490879660407088,0.4338576031014109,0.3726674603378699,0.434170830423815,1.4487594426391308
True,-20.0,-2.5500000000000003,645257.9091640739,rowcol,0.6356872794523498,0.06139792513011352,0.41276660798888215,0.41121323050912995,0.5718828822129454,0.36153900883775275,0.3765872963902435,0.4487520820463552,1.4495130544757764
True,-15.0,2.849999999999998,645257.9091640739,rowcol,0.39617605235970854,0.0434497871361726,0.40617356835969143,0.43117457433064127,0.2696787808377783,0.3435754927902527,0.4263710024947775,0.4929373990627016,1.4496952794097155
False,-75.0,2.699999999999998,645257.9091640739,rowcol,0.6539819439601146,0.06495564146442663,0.3769689471771714,0.520393880664207,0.4534819913748185,0.5479544821806771,0.361280419887479,0.49603167660398606,1.451300722195721
False,45.0,2.699999999999998,645257.9091640739,rowcol,0.6539819439601146,0.06495564146442663,0.3769689471771714,0.5203938806642069,0.45348199137481837,0.5479544821806772,0.361280419887479,0.49603167660398595,1.451300722195721
False,-15.0,-2.7,645257.9091640739,rowcol,0.6539819439679522,0.06495564146601521,0.3769689472221642,0.5203938807203132,0.45348199148822055,0.5479544822532442,0.3612804199170368,0.49603167664493414,1.4513007223868057
True,15.0,2.999999999999998,645257.9091640739,rowcol,0.6907808489313643,0.06698205168367297,0.38812717392985574,0.4869585090897581,0.29264666971448955,0.42306934876100327,0.40310163740977084,0.5348125737837314,1.4513400308793254
True,-80.0,-2.2500000000000004,645257.9091640739,rowcol,0.3086709900135977,0.034888540448518565,0.4090953339349522,0.4276454336466315,0.526077671358844,0.4624347020628967,0.3839504404395496,0.3960292640897445,1.454931435451488
True,40.0,-2.2500000000000004,645257.9091640739,rowcol,0.3086709900135977,0.034888540448518565,0.4090953339349522,0.4276454336466315,0.5260776713588439,0.4624347020628967,0.3839504404395496,0.3960292640897444,1.454931435451488
False,0.0,2.549999999999998,645257.9091640739,rowcol,0.5172574840455635,0.05481253315052018,0.37874381794351875,0.5195184815778845,0.5739006302983349,0.5613771056317737,0.33099627632678374,0.4815070605619264,1.4557499354084409
False,-60.0,-2.5500000000000003,645257.9091640739,rowcol,0.5172574840257177,0.0548125331490111,0.37874381794034007,0.5195184815953511,0.573900630277755,0.561377105676919,0.33099627632898787,0.48150706055235576,1.4557499354163714
False,60.0,-2.5500000000000003,645257.9091640739,rowcol,0.5172574840257176,0.0548125331490111,0.37874381794034007,0.5195184815953511,0.5739006302777548,0.561377105676919,0.33099627632898787,0.48150706055235576,1.4557499354163714
True,75.0,2.849999999999998,645257.9091640739,rowcol,0.39617605261273375,0.0434497848290835,0.406132604361018,0.43836814928035733,0.2696789843074268,0.3424827598993838,0.4263248422005067,0.5051072783936014,1.4567659623634113
True,-45.0,2.849999999999998,645257.9091640739,rowcol,0.39617605261273375,0.0434497848290835,0.40613260436101806,0.4383681492803573,0.2696789843074268,0.3424827598993838,0.4263248422005067,0.5051072783936014,1.4567659623634115
True,0.0,-2.7,645257.9091640739,rowcol,0.4833806443474259,0.04930829363007979,0.401545070716661,0.4525871962813005,0.595179325234753,0.3460587091294923,0.35504741568467896,0.5257236240835084,1.4572224084312837
True,20.0,-2.2500000000000004,645257.9091640739,rowcol,0.3086709899206211,0.034888541271114626,0.4090619278470715,0.4306637329299022,0.5260777720481978,0.46179674693858697,0.3839083328515427,0.40262187049413056,1.4578495164711167
True,-75.0,2.999999999999998,645257.9091640739,rowcol,0.6907808493869321,0.06698204698543596,0.38808205073915825,0.4936727187923705,0.2926468670836247,0.42213568752778363,0.4030502446005645,0.5466347223739372,1.4579188710098454
True,45.0,2.999999999999998,645257.9091640739,rowcol,0.6907808493869321,0.06698204698543596,0.38808205073915825,0.4936727187923705,0.2926468670836246,0.42213568752778363,0.4030502446005645,0.5466347223739371,1.4579188710098454
False,25.0,2.549999999999998,645257.9091640739,rowcol,0.6926173338354746,0.07110497424948341,0.3689169164913734,0.5552868961499782,0.2638898472395096,0.6688634995616629,0.38498605895212834,0.4375119351612398,1.4620376456240984
False,-35.0,-2.5500000000000003,645257.9091640739,rowcol,0.6926173338525539,0.07110497425009837,0.3689169165342134,0.5552868961519161,0.2638898472107879,0.6688634995254983,0.3849860590042516,0.4375119352122645,1.462037645754556
False,85.0,-2.5500000000000003,645257.9091640739,rowcol,0.6926173338525539,0.07110497425009837,0.3689169165342134,0.5552868961519161,0.26388984721078784,0.6688634995254983,0.3849860590042516,0.4375119352122644,1.462037645754556
False,-90.0,-2.1000000000000005,645257.9091640739,rowcol,0.3034489508404718,0.03019624724555687,0.4164013857940572,0.41343013282208635,0.5453343298422834,0.43236761124272893,0.38831387812716556,0.39680488074709375,1.462634290204258
False,30.0,-2.1000000000000005,645257.9091640739,rowcol,0.3034489508404718,0.03019624724555687,0.4164013857940572,0.41343013282208624,0.5453343298422835,0.43236761124272893,0.3883138781271655,0.39680488074709375,1.462634290204258
False,-30.0,2.0999999999999983,645257.9091640739,rowcol,0.3034489508237453,0.030196247244674592,0.4164013858126434,0.4134301328243528,0.5453343297781053,0.43236761122029305,0.3883138781671578,0.39680488077200066,1.462634290262283
False,90.0,2.0999999999999983,645257.9091640739,rowcol,0.3034489508237453,0.030196247244674592,0.4164013858126434,0.4134301328243528,0.5453343297781054,0.432367611220293,0.3883138781671578,0.39680488077200066,1.462634290262283
False,-85.0,2.549999999999998,645257.9091640739,rowcol,0.6926173337245005,0.07110497533045754,0.368982788042247,0.5566726957611493,0.2646261874292101,0.669405165029401,0.3849685638943032,0.4400499333435539,1.4636210598878903
False,35.0,2.549999999999998,645257.9091640739,rowcol,0.6926173337245005,0.07110497533045754,0.368982788042247,0.5566726957611493,0.2646261874292101,0.6694051650294011,0.3849685638943032,0.4400499333435539,1.4636210598878903
False,-25.0,-2.5500000000000003,645257.9091640739,rowcol,0.6926173337415797,0.07110497533107249,0.3689827880851359,0.5566726957642234,0.264626187400891,0.6694051649934881,0.3849685639464525,0.4400499333966567,1.463621060019631
True,-45.0,-2.7,645257.9091640739,rowcol,0.6203705251988181,0.05933186235228998,0.4140847243445404,0.4216906686530477,0.5950660338257516,0.33517810723737773,0.3717193240544012,0.48258665795260247,1.463944841686669
True,75.0,-2.7,645257.9091640739,rowcol,0.6203705251988181,0.05933186235228998,0.4140847243445404,0.4216906686530477,0.5950660338257516,0.3351781072373777,0.3717193240544012,0.4825866579526026,1.463944841686669
True,-90.0,2.699999999999998,645257.9091640739,rowcol,0.7087634024337547,0.06997302294837508,0.3952076645481353,0.478979184991805,0.2472704415540582,0.5006339430853087,0.41655015582593047,0.45997924898278264,1.464602178636211
True,30.0,2.699999999999998,645257.9091640739,rowcol,0.7087634024337547,0.06997302294837508,0.3952076645481353,0.478979184991805,0.2472704415540582,0.5006339430853087,0.41655015582593047,0.45997924898278275,1.464602178636211
True,-65.0,-2.7,645257.9091640739,rowcol,0.42306805329399266,0.04597862853664826,0.40782789106444556,0.44219325470344556,0.5951771970552775,0.3570966064466208,0.36341599772614297,0.502728916139028,1.4656769278967823
True,55.0,-2.7,645257.9091640739,rowcol,0.4230680532939926,0.04597862853664826,0.40782789106444556,0.44219325470344556,0.5951771970552775,0.35709660644662083,0.36341599772614297,0.502728916139028,1.4656769278967823
True,-25.0,2.549999999999998,645257.9091640739,rowcol,0.3657150835389774,0.037545781131128816,0.42012812442095276,0.4060663847992265,0.22417972507903697,0.33688401376000066,0.44667719806706274,0.4561973115229596,1.4664507580620847
True,-35.0,2.549999999999998,645257.9091640739,rowcol,0.36571508345618453,0.03754578193757376,0.4201074263658998,0.4073336919665989,0.2241799160890466,0.3362775864135609,0.44665416416817477,0.458646968659046,1.4676559710642985
True,85.0,2.549999999999998,645257.9091640739,rowcol,0.36571508345618453,0.03754578193757376,0.4201074263658998,0.4073336919665989,0.2241799160890467,0.3362775864135609,0.4466541641681748,0.45864696865904586,1.4676559710642985
False,-60.0,2.549999999999998,645257.9091640739,rowcol,0.5172574873759079,0.0548125017225605,0.37922634029774993,0.5306309767216261,0.575518666530519,0.56448204151854,0.33113733771024584,0.500392974551776,1.468309997614876
False,60.0,2.549999999999998,645257.9091640739,rowcol,0.5172574873759079,0.0548125017225605,0.37922634029774993,0.5306309767216261,0.575518666530519,0.56448204151854,0.33113733771024584,0.500392974551776,1.468309997614876
False,0.0,-2.5500000000000003,645257.9091640739,rowcol,0.5172574873560621,0.05481250172105142,0.37922634029457536,0.5306309767386529,0.5755186665099968,0.5644820415632849,0.331137337712449,0.5003929745425669,1.468309997622379
False,-65.0,-2.5500000000000003,645257.9091640739,rowcol,0.46435905843437686,0.052065979815601016,0.38311378422560105,0.5192866820131209,0.5667220665351363,0.5651958571445577,0.33909761038559877,0.4772711245152948,1.468628034689924
False,55.0,-2.5500000000000003,645257.9091640739,rowcol,0.4643590584343768,0.05206597981560102,0.38311378422560105,0.5192866820131209,0.5667220665351363,0.5651958571445577,0.33909761038559877,0.4772711245152948,1.468628034689924
False,-5.0,2.549999999999998,645257.9091640739,rowcol,0.4643590584573417,0.05206597981769819,0.38311378424849934,0.519286682031192,0.566722066617257,0.5651958571617594,0.339097610391168,0.4772711245343609,1.46862803477669
True,-15.0,-2.7,645257.9091640739,rowcol,0.6203705256398019,0.05933185774138835,0.4140466596028614,0.4286592765746891,0.5950661211832695,0.3341169584326646,0.3716691652788315,0.4943646678131881,1.4707992553832732
True,20.0,2.849999999999998,645257.9091640739,rowcol,0.7047123626430041,0.06907841137488632,0.3939492260757962,0.4897153722575233,0.26991951798208924,0.4866834253998767,0.4125587421601444,0.49225075125128614,1.471563050484912
False,10.0,2.699999999999998,645257.9091640739,rowcol,0.6157415098304789,0.06114834453680181,0.38403026296552195,0.5210436645213838,0.554256268635245,0.5446780418578587,0.34404295823921693,0.5003038429635718,1.4731344534179496
False,-50.0,-2.7,645257.9091640739,rowcol,0.6157415098288582,0.06114834453785631,0.384030263001045,0.5210436645857961,0.5542562687332026,0.5446780419702332,0.34404295825733083,0.5003038429841818,1.473134453588931
False,70.0,-2.7,645257.9091640739,rowcol,0.6157415098288582,0.06114834453785631,0.384030263001045,0.5210436645857961,0.5542562687332027,0.5446780419702332,0.3440429582573308,0.5003038429841817,1.473134453588931
True,-80.0,2.849999999999998,645257.9091640739,rowcol,0.7047123625161397,0.06907841266910922,0.39390528367013994,0.49305441849361403,0.26991976655930383,0.48591553468989657,0.41250910356336906,0.498979084987618,1.4747702695040337
True,40.0,2.849999999999998,645257.9091640739,rowcol,0.7047123625161397,0.06907841266910922,0.39390528367014,0.493054418493614,0.2699197665593038,0.4859155346898967,0.41250910356336906,0.4989790849876179,1.4747702695040341
True,5.0,-2.7,645257.9091640739,rowcol,0.42306805598821284,0.04597860374602566,0.40786165121500895,0.4535911667864792,0.5951772189689574,0.3569307764081407,0.3634607819333199,0.5211838234222443,1.4771761204315061
False,20.0,2.699999999999998,645257.9091640739,rowcol,0.6845758527426198,0.06905547020854373,0.3801911713237021,0.5383085172589728,0.33145012863734236,0.6117712478824749,0.38841713308787984,0.4676778154740253,1.478882031230079
False,-40.0,-2.7,645257.9091640739,rowcol,0.6845758527571063,0.0690554702098919,0.3801911713705369,0.5383085172884465,0.33145012870887025,0.6117712478948525,0.38841713313095316,0.4676778155228642,1.478882031400057
False,80.0,-2.7,645257.9091640739,rowcol,0.6845758527571063,0.06905547020989192,0.3801911713705369,0.5383085172884466,0.3314501287088703,0.6117712478948525,0.38841713313095316,0.4676778155228642,1.4788820314000573
True,-20.0,2.699999999999998,645257.9091640739,rowcol,0.3726651953936049,0.03951591305001098,0.41985006920966145,0.42026291827565754,0.2468740329534116,0.3616366754112355,0.44417990002372476,0.46386608055407674,1.4798131259046419
False,5.0,-2.5500000000000003,645257.9091640739,rowcol,0.46435906079332606,0.05206595877691746,0.38355917947644147,0.5299261459684387,0.5683176799328352,0.5681248814254787,0.33920610689358716,0.49552711482892947,1.4806036843977632
False,-55.0,2.549999999999998,645257.9091640739,rowcol,0.4643590608162909,0.05206595877901463,0.3835591794993651,0.5299261459876221,0.5683176800149244,0.5681248814430403,0.33920610689916314,0.4955271148497645,1.4806036844857173
False,65.0,2.549999999999998,645257.9091640739,rowcol,0.4643590608162909,0.05206595877901463,0.3835591794993651,0.5299261459876221,0.5683176800149244,0.5681248814430403,0.33920610689916314,0.4955271148497645,1.4806036844857173
False,-70.0,-2.5500000000000003,645257.9091640739,rowcol,0.4070324962373141,0.047864244121146954,0.39134516652113704,0.5067207960102971,0.5462980347480859,0.5534833250868392,0.3559040359480466,0.4637580555535083,1.4807562955737081
False,50.0,-2.5500000000000003,645257.9091640739,rowcol,0.4070324962373141,0.04786424412114695,0.39134516652113704,0.5067207960102971,0.5462980347480859,0.5534833250868391,0.3559040359480466,0.46375805555350835,1.4807562955737081
False,-10.0,2.549999999999998,645257.9091640739,rowcol,0.40703249625689597,0.04786424412303668,0.39134516655698576,0.5067207960547715,0.5462980348616324,0.5534833251484887,0.35590403596288117,0.46375805558109284,1.4807562957257288
False,-80.0,2.699999999999998,645257.9091640739,rowcol,0.6845758526210565,0.06905547141365115,0.3803471159506044,0.5421748597048748,0.332781080857686,0.6131379248168355,0.38839019614299963,0.4743473879439411,1.483216207556688
False,40.0,2.699999999999998,645257.9091640739,rowcol,0.6845758526210565,0.06905547141365115,0.38034711595060444,0.5421748597048748,0.33278108085768593,0.6131379248168355,0.38839019614299963,0.47434738794394105,1.4832162075566881
False,-20.0,-2.7,645257.9091640739,rowcol,0.6845758526355431,0.0690554714149993,0.3803471159975197,0.5421748597364272,0.3327810809294307,0.6131379248297673,0.3883901961861128,0.4743473879962772,1.4832162077289863
True,-40.0,2.699999999999998,645257.9091640739,rowcol,0.3726651953130917,0.03951591380931123,0.4198110085851941,0.42394537091854956,0.24687429043078626,0.36065709916180727,0.44413622280587006,0.47062720385254425,1.4833783966741318
True,80.0,2.699999999999998,645257.9091640739,rowcol,0.3726651953130917,0.03951591380931123,0.41981100858519405,0.42394537091854956,0.24687429043078626,0.36065709916180727,0.44413622280587,0.47062720385254425,1.4833783966741318
False,-70.0,2.699999999999998,645257.9091640739,rowcol,0.6157415116236726,0.06114832647999337,0.3844117630134295,0.5306763115738198,0.5558127763792196,0.5474992873107098,0.3440889536202736,0.5161040375794957,1.4839116006141082
False,50.0,2.699999999999998,645257.9091640739,rowcol,0.6157415116236726,0.06114832647999337,0.3844117630134295,0.5306763115738198,0.5558127763792194,0.5474992873107098,0.3440889536202736,0.5161040375794957,1.4839116006141082
False,-10.0,-2.7,645257.9091640739,rowcol,0.6157415116220519,0.06114832648104785,0.3844117630490133,0.5306763116396206,0.555812776477257,0.5474992874232063,0.3440889536384076,0.5161040376036913,1.4839116007866604
True,-30.0,2.549999999999998,645257.9091640739,rowcol,0.3630899752863455,0.03674944758008943,0.42765448042956894,0.4044793994109275,0.22415343179208833,0.31507776670544374,0.45504554670008046,0.4665877091443568,1.4874428406996343
True,90.0,2.549999999999998,645257.9091640739,rowcol,0.36308997528634546,0.03674944758008944,0.42765448042956894,0.4044793994109275,0.22415343179208833,0.3150777667054438,0.45504554670008046,0.4665877091443568,1.4874428406996343
True,-35.0,-2.5500000000000003,645257.9091640739,rowcol,0.648133681417845,0.0628723682665177,0.4272331476550175,0.40793308637197495,0.5718145295523942,0.3738300362772372,0.3952203957535869,0.43454644089195404,1.4896325293370276
True,85.0,-2.5500000000000003,645257.9091640739,rowcol,0.648133681417845,0.0628723682665177,0.4272331476550176,0.40793308637197495,0.5718145295523943,0.3738300362772372,0.3952203957535869,0.43454644089195404,1.4896325293370276
True,-25.0,-2.5500000000000003,645257.9091640739,rowcol,0.6481336812992543,0.06287236948903625,0.42721279341362944,0.4091946595911197,0.5718146044378416,0.373283635350014,0.3951943621725666,0.43711753044182056,1.490833039832008
False,10.0,-2.5500000000000003,645257.9091640739,rowcol,0.40703249737229885,0.04786423446935473,0.3916987475994593,0.5160556547234301,0.5477895428171434,0.5560646257517243,0.35594602125127117,0.4798329649689115,1.4911518975218079
False,-50.0,2.549999999999998,645257.9091640739,rowcol,0.4070324973918807,0.04786423447124445,0.3916987476353646,0.5160556547696565,0.5477895429307202,0.5560646258138864,0.35594602126612457,0.4798329649998552,1.4911518976757505
False,70.0,2.549999999999998,645257.9091640739,rowcol,0.4070324973918807,0.04786423447124445,0.3916987476353646,0.5160556547696565,0.5477895429307202,0.5560646258138864,0.35594602126612457,0.4798329649998552,1.4911518976757505
False,-80.0,-2.4000000000000004,645257.9091640739,rowcol,0.31263402317512956,0.03504525797062179,0.42065840775771496,0.43731262947103994,0.506911656949789,0.4591189805666127,0.40295176249483333,0.41809419423871597,1.4992878527441849
False,40.0,-2.4000000000000004,645257.9091640739,rowcol,0.31263402317512956,0.03504525797062178,0.42065840775771496,0.43731262947103994,0.506911656949789,0.4591189805666126,0.4029517624948334,0.41809419423871597,1.4992878527441849
False,-20.0,2.399999999999998,645257.9091640739,rowcol,0.31263402317100625,0.0350452579705484,0.42065840778861113,0.43731262950899535,0.5069116569660144,0.4591189806098775,0.40295176252924575,0.418094194271848,1.4992878528748288
True,-30.0,-2.5500000000000003,645257.9091640739,rowcol,0.6516934449382463,0.06325915484614568,0.43189855598068955,0.4054775714993484,0.5717892942470457,0.3691770550822361,0.40117730637675336,0.43365999462144733,1.501173239441417
True,90.0,-2.5500000000000003,645257.9091640739,rowcol,0.6516934449382463,0.06325915484614567,0.43189855598068955,0.4054775714993484,0.5717892942470457,0.3691770550822361,0.40117730637675336,0.4336599946214472,1.501173239441417
True,70.0,-2.85,645257.9091640739,rowcol,0.5904127017295943,0.056305111060850704,0.41914649958090966,0.44504787885887315,0.6182511071583787,0.326443535695649,0.37152929366645343,0.5244235225543973,1.5024873776016021
True,-50.0,-2.85,645257.9091640739,rowcol,0.5904127017295943,0.056305111060850704,0.4191464995809097,0.44504787885887315,0.6182511071583787,0.32644353569564893,0.37152929366645343,0.5244235225543973,1.5024873776016023
False,20.0,-2.4000000000000004,645257.9091640739,rowcol,0.3126340230814146,0.03504525880664097,0.4207836976819913,0.44146691992183906,0.5076861816766792,0.4605879232835596,0.4029286828535716,0.4247204864827387,1.503818012967813
False,-40.0,2.399999999999998,645257.9091640739,rowcol,0.31263402307729116,0.035045258806567586,0.42078369771295826,0.44146691996192283,0.507686181693173,0.46058792332734616,0.4029286828880176,0.42472048651950817,1.5038180131007977
False,80.0,2.399999999999998,645257.9091640739,rowcol,0.3126340230772912,0.035045258806567586,0.4207836977129583,0.44146691996192283,0.507686181693173,0.46058792332734616,0.4029286828880176,0.42472048651950817,1.5038180131007979
True,-55.0,-2.85,645257.9091640739,rowcol,0.5420742074892457,0.05273744583463738,0.41653905798603774,0.4546593060604296,0.6182886978942326,0.34126101620809224,0.3680344502956993,0.531619634282672,1.5042764800185429
True,65.0,-2.85,645257.9091640739,rowcol,0.5420742074892457,0.05273744583463738,0.4165390579860378,0.45465930606042954,0.6182886978942327,0.34126101620809224,0.3680344502956993,0.531619634282672,1.5042764800185429
False,30.0,2.549999999999998,645257.9091640739,rowcol,0.6995463863718517,0.07244775438836132,0.37547735581707786,0.5783190315039075,0.27118980948197,0.7109828393886395,0.3915047828522688,0.4365855591551039,1.5047510989551411
False,-90.0,2.549999999999998,645257.9091640739,rowcol,0.6995463863718517,0.07244775438836132,0.3754773558170779,0.5783190315039076,0.27118980948197,0.7109828393886395,0.39150478285226886,0.4365855591551039,1.5047510989551414
False,-30.0,-2.5500000000000003,645257.9091640739,rowcol,0.6995463863900014,0.07244775438863621,0.3754773558587666,0.5783190314929991,0.2711898094059593,0.7109828393309305,0.39150478290913593,0.43658555920753783,1.5047510990692992
False,90.0,-2.5500000000000003,645257.9091640739,rowcol,0.6995463863900014,0.07244775438863621,0.3754773558587666,0.5783190314929991,0.27118980940595927,0.7109828393309305,0.39150478290913593,0.43658555920753783,1.5047510990692992
False,-85.0,-2.2500000000000004,645257.9091640739,rowcol,0.29833710681667014,0.030779770996317596,0.4282637435076792,0.42543330921129663,0.5397518224516789,0.4429145028383974,0.4046454275501202,0.4101554400620758,1.5102245397343341
False,35.0,-2.2500000000000004,645257.9091640739,rowcol,0.29833710681667014,0.030779770996317592,0.4282637435076792,0.42543330921129674,0.5397518224516789,0.4429145028383974,0.4046454275501202,0.4101554400620757,1.5102245397343343
False,-25.0,2.2499999999999982,645257.9091640739,rowcol,0.2983371068024262,0.030779770995493436,0.42826374353047886,0.42543330922839945,0.53975182240467,0.44291450284304806,0.40464542759007877,0.4101554400905113,1.510224539819836
False,-75.0,-2.5500000000000003,645257.9091640739,rowcol,0.3499978716073723,0.04163767993236886,0.4108293125246853,0.47875565779399687,0.518749506150744,0.5161275564861584,0.3879361682060449,0.4449027117629661,1.5112435953680528
False,45.0,-2.5500000000000003,645257.9091640739,rowcol,0.3499978716073722,0.04163767993236886,0.41082931252468535,0.4787556577939968,0.518749506150744,0.5161275564861584,0.3879361682060449,0.44490271176296603,1.511243595368053
False,-15.0,2.549999999999998,645257.9091640739,rowcol,0.3499978716172357,0.04163767993342665,0.41082931256309646,0.47875565784637,0.5187495062428913,0.516127556557756,0.38793616823167715,0.4449027117968688,1.5112435955356593
False,25.0,-2.2500000000000004,645257.9091640739,rowcol,0.2983371067190146,0.030779771942857213,0.42831381307930133,0.4270501928209427,0.5400698223507152,0.4436821832134622,0.40463074122012044,0.4125441149254673,1.5119916320588467
False,-35.0,2.2499999999999982,645257.9091640739,rowcol,0.29833710670477065,0.03077977194203305,0.4283138131021413,0.4270501928393601,0.5400698223038736,0.4436821832185417,0.40463074126010024,0.41254411495597143,1.5119916321457838
False,85.0,2.2499999999999982,645257.9091640739,rowcol,0.29833710670477065,0.030779771942033053,0.4283138131021413,0.4270501928393601,0.5400698223038735,0.4436821832185417,0.40463074126010024,0.41254411495597143,1.5119916321457838
True,-10.0,-2.85,645257.9091640739,rowcol,0.5904127037350262,0.05630509003198297,0.41913771672025696,0.4550866650921132,0.6182511571133086,0.3257123121960936,0.37151756382027046,0.5404227342126148,1.512499815252884
True,-70.0,-2.7,645257.9091640739,rowcol,0.36140386590764095,0.04166870100327538,0.4215060305742584,0.44894468494752376,0.5952133516599171,0.3954969725797413,0.3814116019153549,0.48939565635953225,1.513462776670299
True,50.0,-2.7,645257.9091640739,rowcol,0.36140386590764095,0.04166870100327538,0.42150603057425845,0.44894468494752376,0.5952133516599171,0.39549697257974137,0.3814116019153549,0.4893956563595322,1.513462776670299
True,-5.0,-2.85,645257.9091640739,rowcol,0.5420742111494924,0.05273740821192014,0.41657395561494504,0.46636008999722134,0.618288720160703,0.34107784421991955,0.368081138831357,0.5500584009731055,1.5160819568420565
False,5.0,2.699999999999998,645257.9091640739,rowcol,0.571335224669023,0.0580399218936976,0.3935045605562234,0.536116529210747,0.598244230872986,0.5691614187477152,0.3432697208138478,0.50666044943595,1.5166302108794172
False,-55.0,-2.7,645257.9091640739,rowcol,0.5713352246568324,0.058039921893459724,0.3935045605747215,0.5361165292614221,0.5982442309214782,0.5691614188482786,0.34326972082351365,0.5066604494396602,1.5166302109855865
False,65.0,-2.7,645257.9091640739,rowcol,0.5713352246568323,0.058039921893459724,0.3935045605747215,0.5361165292614221,0.5982442309214783,0.5691614188482786,0.34326972082351365,0.5066604494396602,1.5166302109855865
True,-85.0,-2.2500000000000004,645257.9091640739,rowcol,0.2964100952822248,0.03273908308390323,0.42692757090881334,0.4371758060204315,0.5261388038488611,0.467142989041793,0.4062410777521029,0.4102827868033471,1.5179585187468714
True,35.0,-2.2500000000000004,645257.9091640739,rowcol,0.2964100952822248,0.03273908308390323,0.42692757090881334,0.4371758060204315,0.5261388038488611,0.467142989041793,0.4062410777521029,0.41028278680334707,1.5179585187468714
True,25.0,-2.2500000000000004,645257.9091640739,rowcol,0.29641009518393435,0.032739083973795984,0.42690959882660573,0.4382148346115081,0.5261388756604637,0.4667572976549437,0.40621873066028347,0.41268555845533345,1.5189436310913254
False,15.0,-2.5500000000000003,645257.9091640739,rowcol,0.3499978718896846,0.041637677559308015,0.4110637256045921,0.4858965014121489,0.5199891151162512,0.518277951460107,0.38792724051611305,0.45689087324589445,1.519087678225925
False,-45.0,2.549999999999998,645257.9091640739,rowcol,0.3499978718995481,0.04163767756036579,0.4110637256430806,0.48589650146670565,0.5199891152085607,0.5182779515322627,0.38792724054177696,0.4568908732838739,1.5190876783959475
False,75.0,2.549999999999998,645257.9091640739,rowcol,0.3499978718995482,0.04163767756036579,0.4110637256430806,0.48589650146670565,0.5199891152085607,0.5182779515322627,0.38792724054177696,0.4568908732838739,1.5190876783959475
True,60.0,-2.85,645257.9091640739,rowcol,0.48545511138053005,0.049529977139240296,0.42083029382991133,0.4588427990884714,0.6182861406880765,0.351432763937963,0.3737623218647675,0.5326626346970211,1.5213336805782054
True,-60.0,-2.85,645257.9091640739,rowcol,0.4854551113805301,0.049529977139240296,0.4208302938299114,0.4588427990884714,0.6182861406880765,0.351432763937963,0.37376232186476754,0.5326626346970212,1.5213336805782056
True,10.0,-2.7,645257.9091640739,rowcol,0.3614038672124955,0.04166868968591832,0.4214977506380285,0.45838034037534037,0.595213400817384,0.3949254133986839,0.38140076964169284,0.5056175786522836,1.522873592289426
True,-75.0,-2.5500000000000003,645257.9091640739,rowcol,0.3175408280222218,0.03723729318598457,0.42617763912571277,0.447149850167183,0.5721866374806385,0.4486128045029087,0.3937722576803005,0.44591580542249226,1.5256827675443212
True,45.0,-2.5500000000000003,645257.9091640739,rowcol,0.3175408280222217,0.03723729318598457,0.42617763912571277,0.44714985016718295,0.5721866374806384,0.4486128045029087,0.3937722576803005,0.44591580542249226,1.5256827675443212
False,55.0,2.699999999999998,645257.9091640739,rowcol,0.5713352279240322,0.05803988985192502,0.3939637085573107,0.5470637803507707,0.59984479558381,0.572314828550788,0.3433832118672307,0.5248883740822278,1.5289549060227028
False,-65.0,2.699999999999998,645257.9091640739,rowcol,0.5713352279240322,0.05803988985192502,0.3939637085573108,0.5470637803507706,0.59984479558381,0.5723148285507881,0.34338321186723075,0.5248883740822278,1.528954906022703
False,-5.0,-2.7,645257.9091640739,rowcol,0.5713352279118417,0.058039889851687156,0.3939637085758409,0.5470637804018741,0.5998447956323727,0.5723148286511213,0.3433832118769023,0.5248883740882799,1.5289549061293968
False,15.0,2.849999999999998,645257.9091640739,rowcol,0.6640243800535067,0.06597153408253395,0.3980517790952689,0.5355755164716843,0.47591505912009946,0.5662361308398811,0.38215333384078753,0.5083607379726589,1.5297308537574912
False,75.0,-2.85,645257.9091640739,rowcol,0.6640243800620533,0.0659715340842507,0.39805177914268236,0.5355755165293177,0.47591505924015925,0.5662361309172174,0.3821533338719218,0.5083607380119982,1.5297308539573646
False,-45.0,-2.85,645257.9091640739,rowcol,0.6640243800620533,0.0659715340842507,0.39805177914268236,0.5355755165293178,0.4759150592401592,0.5662361309172175,0.3821533338719218,0.5083607380119981,1.5297308539573649
True,-15.0,2.999999999999998,645257.9091640739,rowcol,0.39423657086480757,0.04335679669078703,0.42725040611948556,0.44828102235267914,0.29247901290707773,0.3494721819771799,0.44746367959486355,0.5169593119462677,1.5300322407111357
True,-40.0,-2.7,645257.9091640739,rowcol,0.645543601707503,0.06218965545961495,0.43543850683805946,0.424526020000365,0.5949721297735412,0.37073045033314933,0.3995532402293959,0.4649741331592843,1.5308415405145432
True,80.0,-2.7,645257.9091640739,rowcol,0.645543601707503,0.06218965545961495,0.43543850683805946,0.42452602000036505,0.5949721297735412,0.3707304503331494,0.3995532402293959,0.4649741331592844,1.5308415405145435
True,15.0,-2.5500000000000003,645257.9091640739,rowcol,0.3175408283333903,0.037237290532495554,0.4261427079228298,0.4533648287100267,0.5721867232839702,0.44786458161361237,0.3937275371888894,0.457939340712025,1.5317929524785163
True,0.0,-2.85,645257.9091640739,rowcol,0.4854551153465193,0.04952993826761867,0.42088544084903523,0.47102583381371754,0.6182861542409214,0.35148253491914994,0.3738357250660479,0.5518658663168586,1.5336821563608232
True,-20.0,-2.7,645257.9091640739,rowcol,0.6455436015785896,0.06218965679776769,0.43540084421509584,0.42817186146465863,0.5949722366096469,0.3697749653201772,0.3995046834750496,0.4717194614207418,1.5343743941099461
True,-90.0,-2.2500000000000004,645257.9091640739,rowcol,0.2933114195859815,0.03200413420653599,0.432854670152633,0.4380736037681613,0.5261609240451678,0.4588905962530539,0.41358491229166766,0.41976832280677145,1.5366376142260605
True,30.0,-2.2500000000000004,645257.9091640739,rowcol,0.2933114195859815,0.03200413420653599,0.432854670152633,0.4380736037681613,0.5261609240451678,0.4588905962530539,0.41358491229166766,0.41976832280677145,1.5366376142260605
True,-45.0,2.999999999999998,645257.9091640739,rowcol,0.39423657111885524,0.04335679438077121,0.42720941334092716,0.45556582081774155,0.29247921038934954,0.34834131365558024,0.4474173803078148,0.5291807718080521,1.537194060840523
True,75.0,2.999999999999998,645257.9091640739,rowcol,0.39423657111885524,0.04335679438077122,0.42720941334092716,0.45556582081774155,0.29247921038934954,0.34834131365558024,0.4474173803078148,0.529180771808052,1.537194060840523
False,-75.0,2.849999999999998,645257.9091640739,rowcol,0.6640243804960615,0.06597152962807806,0.39832216722146646,0.5426948414278769,0.47742461085808996,0.568384549919915,0.3821432070032615,0.5201087103767785,1.5376613430922763
False,45.0,2.849999999999998,645257.9091640739,rowcol,0.6640243804960616,0.06597152962807806,0.3983221672214665,0.5426948414278769,0.47742461085808996,0.568384549919915,0.3821432070032615,0.5201087103767784,1.5376613430922765
False,-15.0,-2.85,645257.9091640739,rowcol,0.6640243805046082,0.0659715296297948,0.39832216726896225,0.5426948414875823,0.47742461097823496,0.5683845499975652,0.38214320703443183,0.5201087104201043,1.537661343294469
True,25.0,2.849999999999998,645257.9091640739,rowcol,0.7176441478795901,0.07072011445759667,0.4132718426022498,0.5003773639844735,0.26999512565189393,0.5188589642112769,0.4343247766794233,0.48428884736800704,1.5401928917912229
True,-85.0,2.849999999999998,645257.9091640739,rowcol,0.717644147755618,0.07072011571562516,0.4132483250963734,0.5015273211139101,0.26999530290802154,0.5184191111766385,0.4342983000441628,0.4868680318072308,1.54127229640303
True,35.0,2.849999999999998,645257.9091640739,rowcol,0.717644147755618,0.07072011571562516,0.4132483250963734,0.5015273211139101,0.26999530290802154,0.5184191111766386,0.4342983000441628,0.4868680318072307,1.54127229640303
True,-65.0,-2.85,645257.9091640739,rowcol,0.42186709038936565,0.046025907663933864,0.42727137439383367,0.46051834080602977,0.6182838750766338,0.3632765206445424,0.3823051229696735,0.5286270425396439,1.5423324639875309
True,55.0,-2.85,645257.9091640739,rowcol,0.42186709038936565,0.046025907663933864,0.4272713743938337,0.46051834080602977,0.6182838750766341,0.3632765206445424,0.3823051229696735,0.5286270425396439,1.5423324639875309
False,0.0,2.699999999999998,645257.9091640739,rowcol,0.5213627858646448,0.05546294249151882,0.39973205737233014,0.5434573655203794,0.6043680554412046,0.5834199548094695,0.34975992797335936,0.5074186459971137,1.5426535376373698
False,-60.0,-2.7,645257.9091640739,rowcol,0.521362785843797,0.05546294248992394,0.39973205736914125,0.5434573655386353,0.6043680554205124,0.5834199548566406,0.34975992797556793,0.5074186459874976,1.542653537646059
False,60.0,-2.7,645257.9091640739,rowcol,0.521362785843797,0.05546294248992395,0.39973205736914125,0.5434573655386353,0.6043680554205124,0.5834199548566406,0.34975992797556793,0.5074186459874976,1.542653537646059
True,-80.0,-2.4000000000000004,645257.9091640739,rowcol,0.29729604217736705,0.034055606429422194,0.43191441829549054,0.4479952357321644,0.5491732824950224,0.48051235995493297,0.4069158450313985,0.4186982715435396,1.543738490618636
True,40.0,-2.4000000000000004,645257.9091640739,rowcol,0.29729604217736705,0.034055606429422194,0.43191441829549054,0.4479952357321644,0.5491732824950223,0.48051235995493297,0.40691584503139855,0.4186982715435396,1.543738490618636
True,-45.0,-2.85,645257.9091640739,rowcol,0.6290037676438051,0.06000362316842734,0.4351814738936573,0.4386584916784249,0.61816702995738,0.34076974894876183,0.39274565590470323,0.5065436394972569,1.5442029133593969
True,75.0,-2.85,645257.9091640739,rowcol,0.6290037676438051,0.06000362316842734,0.4351814738936573,0.43865849167842497,0.61816702995738,0.34076974894876183,0.39274565590470323,0.506543639497257,1.5442029133593969
True,20.0,-2.4000000000000004,645257.9091640739,rowcol,0.2972960420788171,0.034055607289735994,0.4318806677922295,0.4510688118435887,0.5491733853801848,0.479857480926637,0.40687346528939305,0.42535214353043904,1.546710815220277
True,-15.0,-2.85,645257.9091640739,rowcol,0.6290037681109998,0.0600036182709349,0.4351432423882623,0.44573112083487937,0.618167118722165,0.3396679899266874,0.3926955452974498,0.5183939097021093,1.5511608479996664
True,5.0,-2.85,645257.9091640739,rowcol,0.42186709319132815,0.046025881981526275,0.4273053883280231,0.4720746318932114,0.6182838973432783,0.3631044547869085,0.382350059416197,0.5471677866913152,1.5539907968772808
True,-25.0,2.699999999999998,645257.9091640739,rowcol,0.36155652456882326,0.03699655096615862,0.44387603714296553,0.4229563645078226,0.24680597367010704,0.3441054664400751,0.4709950997651746,0.4793308737614267,1.5545844759367191
False,-65.0,-2.7,645257.9091640739,rowcol,0.46564791748910805,0.05258114486485817,0.4040664490020912,0.5430829567762581,0.5967675166546657,0.5871984974090972,0.35793171389037276,0.5029958822967556,1.5552823037825316
False,55.0,-2.7,645257.9091640739,rowcol,0.46564791748910805,0.05258114486485817,0.4040664490020912,0.5430829567762581,0.5967675166546657,0.5871984974090972,0.35793171389037276,0.5029958822967556,1.5552823037825316
False,-5.0,2.699999999999998,645257.9091640739,rowcol,0.46564791751362195,0.05258114486713042,0.40406644902625216,0.5430829567959591,0.5967675167409932,0.587198497428732,0.35793171389638406,0.5029958823166385,1.5552823038747154
False,-60.0,2.699999999999998,645257.9091640739,rowcol,0.5213627893631255,0.055462909605087984,0.40021615310923414,0.5547333263023716,0.6059950070979832,0.5866337166395599,0.34990127594005993,0.5264110467378817,1.555381785630074
False,60.0,2.699999999999998,645257.9091640739,rowcol,0.5213627893631256,0.055462909605087984,0.40021615310923414,0.5547333263023716,0.6059950070979832,0.5866337166395599,0.3499012759400599,0.5264110467378817,1.555381785630074
False,0.0,-2.7,645257.9091640739,rowcol,0.5213627893422778,0.0554629096034931,0.40021615310604913,0.5547333263202068,0.6059950070773467,0.5866337166863692,0.34990127594226755,0.526411046728613,1.555381785638354
True,-35.0,2.699999999999998,645257.9091640739,rowcol,0.36155652448416437,0.03699655179350563,0.44385529410491903,0.4242446814574914,0.2468061573748625,0.34347683368447196,0.47097197019096104,0.4817997155391992,1.5558105637722484
True,85.0,2.699999999999998,645257.9091640739,rowcol,0.36155652448416437,0.03699655179350563,0.44385529410491903,0.4242446814574914,0.2468061573748626,0.343476833684472,0.47097197019096104,0.4817997155391992,1.5558105637722484
False,10.0,2.849999999999998,645257.9091640739,rowcol,0.6241718700758178,0.06203991330777993,0.40497474703699504,0.5440071663021839,0.582393357669226,0.5652090026288688,0.3634190858772593,0.5255148846960588,1.558931407413169
False,-50.0,-2.85,645257.9091640739,rowcol,0.6241718700744896,0.06203991330895827,0.40497474707467723,0.5440071663705927,0.582393357773853,0.5652090027484534,0.363419085896342,0.5255148847182641,1.5589314075946243
False,70.0,-2.85,645257.9091640739,rowcol,0.6241718700744896,0.06203991330895827,0.40497474707467723,0.5440071663705927,0.582393357773853,0.5652090027484534,0.3634190858963419,0.5255148847182642,1.5589314075946243
True,-90.0,2.849999999999998,645257.9091640739,rowcol,0.7213636488910953,0.07114580900703159,0.4194846181209509,0.5005837051345702,0.2700247276845083,0.5202338035206971,0.4413070213130725,0.4834402746838483,1.5590375594974228
True,30.0,2.849999999999998,645257.9091640739,rowcol,0.7213636488910953,0.07114580900703159,0.4194846181209509,0.5005837051345702,0.2700247276845083,0.5202338035206971,0.44130702131307253,0.4834402746838483,1.5590375594974228
False,25.0,2.699999999999998,645257.9091640739,rowcol,0.7050387806538031,0.07242515161141477,0.392901593402747,0.5808276646790955,0.2874916779807749,0.6973107248128312,0.4092001010381433,0.46060071932391294,1.5595324448873367
False,-35.0,-2.7,645257.9091640739,rowcol,0.7050387806718975,0.07242515161207477,0.39290159344760256,0.5808276646818675,0.2874916779486882,0.6973107247755146,0.40920010109317195,0.460600719377859,1.5595324450246753
False,85.0,-2.7,645257.9091640739,rowcol,0.7050387806718975,0.07242515161207477,0.3929015934476026,0.5808276646818675,0.28749167794868813,0.6973107247755146,0.40920010109317195,0.460600719377859,1.5595324450246753
True,20.0,2.999999999999998,645257.9091640739,rowcol,0.7164740106770822,0.07016762849347345,0.4167389834125168,0.510891398075116,0.2927386862805681,0.505228883098455,0.4355541584113788,0.5156053751620349,1.5611083483126664
False,35.0,2.699999999999998,645257.9091640739,rowcol,0.7050387805363135,0.07242515275514291,0.39296708245966566,0.5822295787972074,0.28820743348676997,0.6978591480589721,0.40918267301941696,0.4631536354391726,1.5611308261762042
False,-85.0,2.699999999999998,645257.9091640739,rowcol,0.7050387805363135,0.0724251527551429,0.3929670824596657,0.5822295787972074,0.28820743348676997,0.697859148058972,0.40918267301941696,0.4631536354391726,1.5611308261762047
False,-25.0,-2.7,645257.9091640739,rowcol,0.7050387805544079,0.07242515275580289,0.39296708250457,0.5822295788011429,0.28820743345507666,0.6978591480219385,0.40918267307447154,0.4631536354952081,1.561130826314853
False,-90.0,-2.2500000000000004,645257.9091640739,rowcol,0.2907400062134024,0.02889515635216915,0.4411581329758446,0.438003941798256,0.5714106331998061,0.4587488311028501,0.41301312066692036,0.41976480829408147,1.56147834072579
False,30.0,-2.2500000000000004,645257.9091640739,rowcol,0.2907400062134024,0.02889515635216915,0.4411581329758446,0.438003941798256,0.5714106331998062,0.4587488311028501,0.4130131206669204,0.41976480829408147,1.56147834072579
False,-30.0,2.2499999999999982,645257.9091640739,rowcol,0.29074000619533724,0.028895156351169043,0.4411581329962571,0.4380039418002122,0.5714106331310382,0.4587488310769173,0.41301312071004054,0.41976480832167373,1.5614783407889834
False,90.0,2.2499999999999982,645257.9091640739,rowcol,0.29074000619533724,0.028895156351169043,0.4411581329962571,0.4380039418002122,0.5714106331310382,0.4587488310769173,0.41301312071004054,0.41976480832167373,1.5614783407889834
True,-80.0,2.999999999999998,645257.9091640739,rowcol,0.7164740105434406,0.07016762985807291,0.41669525788478207,0.5142608744738805,0.29273892754422326,0.504450261900676,0.43550466604512134,0.5223688808407216,1.5643466481282267
True,40.0,2.999999999999998,645257.9091640739,rowcol,0.7164740105434406,0.07016762985807291,0.416695257884782,0.5142608744738805,0.29273892754422315,0.504450261900676,0.43550466604512134,0.5223688808407215,1.5643466481282267
True,-20.0,2.849999999999998,645257.9091640739,rowcol,0.369258991033791,0.039155751219926,0.44250279172539536,0.4373622292768683,0.26959751468621124,0.3698759130760626,0.46717442506145956,0.48692992200905727,1.5648706044530543
False,-70.0,-2.7,645257.9091640739,rowcol,0.40488335619616694,0.04814619072807722,0.4123105379297952,0.5295046490765081,0.574386914892001,0.5741938659932673,0.3752997665612531,0.4887685476847973,1.5664362628658939
False,50.0,-2.7,645257.9091640739,rowcol,0.40488335619616683,0.04814619072807722,0.4123105379297952,0.5295046490765081,0.574386914892001,0.5741938659932673,0.3752997665612531,0.48876854768479727,1.5664362628658939
False,-10.0,2.699999999999998,645257.9091640739,rowcol,0.40488335621753574,0.048146190730157454,0.41231053796779993,0.5295046491242336,0.574386915012325,0.5741938660600207,0.375299766577049,0.4887685477140317,1.5664362630276334
False,5.0,-2.7,645257.9091640739,rowcol,0.4656479199369629,0.052581123187149185,0.404513601959514,0.5538822360936925,0.5983720313904628,0.590233278261516,0.3580405483269613,0.5213530030210782,1.5674230419722346
False,-55.0,2.699999999999998,645257.9091640739,rowcol,0.46564791996147675,0.05258112318942145,0.4045136019837004,0.5538822361145599,0.5983720314767591,0.5902332782816231,0.35804054833297944,0.5213530030427483,1.567423042065661
False,65.0,2.699999999999998,645257.9091640739,rowcol,0.4656479199614768,0.05258112318942145,0.4045136019837004,0.5538822361145599,0.5983720314767591,0.5902332782816231,0.35804054833297944,0.5213530030427483,1.567423042065661
True,-40.0,2.849999999999998,645257.9091640739,rowcol,0.36925899095224646,0.03915575198893295,0.44246367186134733,0.4410977035432394,0.2695977635603221,0.3688649364847644,0.4671305906906636,0.4937306789524534,1.5684887191272814
True,80.0,2.849999999999998,645257.9091640739,rowcol,0.36925899095224646,0.03915575198893295,0.44246367186134733,0.4410977035432394,0.2695977635603221,0.3688649364847644,0.4671305906906636,0.4937306789524534,1.5684887191272814
False,50.0,2.849999999999998,645257.9091640739,rowcol,0.6241718719727832,0.06203989422276464,0.40535662478059464,0.5537668291553753,0.5839570572712208,0.5681179659678176,0.36346504841632604,0.5414032685601086,1.5698367034971592
False,-70.0,2.849999999999998,645257.9091640739,rowcol,0.6241718719727832,0.06203989422276464,0.40535662478059475,0.5537668291553755,0.5839570572712208,0.5681179659678176,0.36346504841632604,0.5414032685601086,1.5698367034971596
False,-10.0,-2.85,645257.9091640739,rowcol,0.6241718719714552,0.062039894223942973,0.40535662481833745,0.553766829225143,0.5839570573759236,0.5681179660874547,0.3634650484354287,0.5414032685859049,1.5698367036801555
False,20.0,2.849999999999998,645257.9091640739,rowcol,0.6959930006952719,0.07023583750245091,0.4027388043084388,0.5619859186500624,0.35258188866892715,0.6363149156548854,0.41122267714854477,0.49083856859608943,1.5702023315753788
False,-40.0,-2.85,645257.9091640739,rowcol,0.6959930007106901,0.07023583750389369,0.40273880435761034,0.5619859186813796,0.3525818887428208,0.6363149156680349,0.4112226771939314,0.490838568647765,1.5702023317542106
False,80.0,-2.85,645257.9091640739,rowcol,0.6959930007106901,0.07023583750389369,0.4027388043576104,0.5619859186813796,0.35258188874282087,0.6363149156680349,0.4112226771939314,0.49083856864776504,1.5702023317542106
False,-80.0,2.849999999999998,645257.9091640739,rowcol,0.6959930005668182,0.07023583877534612,0.4028941986867901,0.5658986738965956,0.3539027587700657,0.6377079752901501,0.4111958206026294,0.4975484483650897,1.574581269956966
False,40.0,2.849999999999998,645257.9091640739,rowcol,0.6959930005668182,0.07023583877534612,0.4028941986867901,0.5658986738965958,0.35390275877006566,0.6377079752901501,0.4111958206026294,0.4975484483650897,1.5745812699569661
False,-20.0,-2.85,645257.9091640739,rowcol,0.6959930005822365,0.07023583877678889,0.4028941987360421,0.5658986739300016,0.3539027588441827,0.6377079753038428,0.4111958206480559,0.49754844842027895,1.5745812701381279
True,-30.0,2.699999999999998,645257.9091640739,rowcol,0.35886195538489324,0.036135544669740165,0.4517809844931276,0.4211837285713762,0.24677811605754627,0.320652082453384,0.4798015912247386,0.4900153335795714,1.5765266820507589
True,90.0,2.699999999999998,645257.9091640739,rowcol,0.35886195538489324,0.036135544669740165,0.4517809844931276,0.4211837285713762,0.24677811605754627,0.320652082453384,0.4798015912247386,0.4900153335795714,1.5765266820507589
False,10.0,-2.7,645257.9091640739,rowcol,0.40488335736089615,0.0481461809333345,0.4126658884698219,0.5389915254649985,0.5758890162731553,0.5768808691702928,0.3753419240307275,0.5049307911220038,1.5769891908744642
False,-50.0,2.699999999999998,645257.9091640739,rowcol,0.40488335738226505,0.04814618093541473,0.41266588850788327,0.5389915255144806,0.575889016393507,0.5768808692375607,0.3753419240465425,0.504930791154612,1.5769891910381304
False,70.0,2.699999999999998,645257.9091640739,rowcol,0.40488335738226505,0.04814618093541472,0.4126658885078833,0.5389915255144806,0.5758890163935071,0.5768808692375607,0.3753419240465424,0.504930791154612,1.5769891910381306
True,-35.0,-2.7,645257.9091640739,rowcol,0.6587076691489571,0.06373065725509298,0.4509995634273487,0.42485404690312134,0.5948998795714474,0.3823757588231509,0.4194838623629366,0.45753499602333825,1.5778527371851676
True,85.0,-2.7,645257.9091640739,rowcol,0.658707669148957,0.06373065725509298,0.4509995634273487,0.42485404690312134,0.5948998795714475,0.3823757588231509,0.4194838623629366,0.45753499602333825,1.5778527371851676
True,-25.0,-2.7,645257.9091640739,rowcol,0.6587076690232037,0.06373065855485492,0.45097914759594426,0.4261366776773469,0.5948999557850198,0.3818101415357498,0.41945789182247467,0.4601208883360221,1.5790741204651797
True,-50.0,-3.0,645257.9091640739,rowcol,0.5973794337406383,0.05683709579059652,0.43903053135912234,0.46267829249523174,0.6413621539026784,0.33054569325697547,0.3910270214849564,0.5497417028322696,1.5797698865725986
True,70.0,-3.0,645257.9091640739,rowcol,0.5973794337406383,0.05683709579059652,0.43903053135912234,0.4626782924952318,0.6413621539026784,0.3305456932569755,0.3910270214849564,0.5497417028322696,1.5797698865725986
True,-55.0,-3.0,645257.9091640739,rowcol,0.5469310503740786,0.05312336699417677,0.43595025801973414,0.4729137153322365,0.6414015551749981,0.3461974860205675,0.3869191969185886,0.5576178084678552,1.5807644893914388
True,65.0,-3.0,645257.9091640739,rowcol,0.5469310503740786,0.05312336699417676,0.43595025801973414,0.4729137153322365,0.6414015551749982,0.3461974860205675,0.3869191969185886,0.5576178084678552,1.5807644893914388
False,-80.0,-2.5500000000000003,645257.9091640739,rowcol,0.3027941628966518,0.034385014880633225,0.4432975175418241,0.45718472445480873,0.5292110114262747,0.4758163590112414,0.425773431938292,0.440906645349204,1.5870772770802812
False,40.0,-2.5500000000000003,645257.9091640739,rowcol,0.3027941628966518,0.034385014880633225,0.4432975175418241,0.45718472445480873,0.5292110114262747,0.4758163590112414,0.425773431938292,0.440906645349204,1.5870772770802812
False,-20.0,2.549999999999998,645257.9091640739,rowcol,0.30279416289290506,0.03438501488061911,0.4432975175750091,0.4571847244954046,0.5292110114445268,0.4758163590570433,0.42577343197500556,0.4409066453851313,1.587077277220432
True,-10.0,-3.0,645257.9091640739,rowcol,0.5973794358596827,0.05683707351863079,0.43902170513538197,0.47284567981649056,0.6413622045919816,0.32978551384170723,0.3910152901811111,0.5658173548485081,1.5899107952226366
True,-30.0,-2.7,645257.9091640739,rowcol,0.6624798616154348,0.06413212324622068,0.4560358041686573,0.4221987293824889,0.5948731305258715,0.37684608079478327,0.4258793467951189,0.45686783211865445,1.590306141888461
True,90.0,-2.7,645257.9091640739,rowcol,0.6624798616154348,0.0641321232462207,0.4560358041686574,0.4221987293824889,0.5948731305258715,0.3768460807947833,0.4258793467951189,0.45686783211865445,1.5903061418884612
False,20.0,-2.5500000000000003,645257.9091640739,rowcol,0.30279416279845434,0.03438501574535867,0.44342384047401895,0.4614303584830887,0.5299992831818765,0.4773710461491567,0.425750224264318,0.44758513177042875,1.5917018799051457
False,80.0,2.549999999999998,645257.9091640739,rowcol,0.3027941627947076,0.03438501574534455,0.4434238405072753,0.46143035852583947,0.5299992832003996,0.4773710461954895,0.42575022430106535,0.4475851318100085,1.5917018800476652
False,-40.0,2.549999999999998,645257.9091640739,rowcol,0.3027941627947076,0.03438501574534455,0.44342384050727535,0.4614303585258393,0.5299992832003995,0.4773710461954895,0.42575022430106535,0.4475851318100085,1.5917018800476654
True,-70.0,-2.85,645257.9091640739,rowcol,0.35638478190143036,0.04147586068395577,0.44149339836409485,0.4676306785886128,0.6183218699354494,0.4046963196242488,0.40094438147663414,0.5146340644555432,1.5921108736808973
True,50.0,-2.85,645257.9091640739,rowcol,0.35638478190143036,0.04147586068395577,0.44149339836409485,0.46763067858861285,0.6183218699354494,0.40469631962424885,0.40094438147663414,0.5146340644555432,1.5921108736808973
True,-5.0,-3.0,645257.9091640739,rowcol,0.5469310542333784,0.05312332726078159,0.43598535697858204,0.4847589139774946,0.6414015777687874,0.3460074215737985,0.38696594443823257,0.5761355066494547,1.5927149849132407
False,-75.0,-2.7,645257.9091640739,rowcol,0.3439401911920704,0.04152948442436718,0.4322730379406352,0.4997227307129314,0.5431532015181256,0.5342992796309309,0.4088343862726776,0.46867364291472546,1.596541844534837
False,45.0,-2.7,645257.9091640739,rowcol,0.34394019119207037,0.04152948442436718,0.43227303794063526,0.4997227307129314,0.5431532015181256,0.5342992796309308,0.4088343862726776,0.46867364291472546,1.5965418445348372
False,-15.0,2.699999999999998,645257.9091640739,rowcol,0.3439401912034275,0.041529484425603856,0.43227303798151373,0.49972273076893153,0.5431532016166772,0.5342992797077367,0.4088343862999125,0.46867364295101366,1.5965418447134727
True,-60.0,-3.0,645257.9091640739,rowcol,0.48772983635764455,0.04977206810665688,0.4402086744371264,0.47734410493715496,0.6413988306285219,0.3570007008294016,0.3925789631059586,0.5588375246567185,1.5979701282485341
True,60.0,-3.0,645257.9091640739,rowcol,0.48772983635764455,0.04977206810665688,0.4402086744371264,0.47734410493715496,0.641398830628522,0.35700070082940166,0.3925789631059586,0.5588375246567184,1.5979701282485341
True,10.0,-2.85,645257.9091640739,rowcol,0.3563847832461312,0.04147584912949942,0.4414850539492088,0.47719523871393876,0.6183219198846625,0.40410671788063424,0.40093350423982027,0.5309293736565048,1.601650400561565
False,5.0,2.849999999999998,645257.9091640739,rowcol,0.5778872788357408,0.05882584239567809,0.41448891460694803,0.5598960699715667,0.6284546019030515,0.5907727583186068,0.3621116234670063,0.5325450455198465,1.603362813792411
False,-55.0,-2.85,645257.9091640739,rowcol,0.5778872788232445,0.058825842395473206,0.4144889146266923,0.5598960700251104,0.6284546019555399,0.5907727584249204,0.3621116234771214,0.5325450455242982,1.6033628139051872
False,65.0,-2.85,645257.9091640739,rowcol,0.5778872788232445,0.058825842395473206,0.4144889146266923,0.5598960700251104,0.6284546019555399,0.5907727584249204,0.3621116234771214,0.532545045524298,1.6033628139051872
False,-85.0,-2.4000000000000004,645257.9091640739,rowcol,0.28626269672058896,0.029657343547000156,0.45236988188525484,0.44719725515592934,0.5640922784939819,0.4634910529546203,0.42888070273426976,0.43301997935536857,1.604306900811694
False,35.0,-2.4000000000000004,645257.9091640739,rowcol,0.28626269672058896,0.02965734354700015,0.45236988188525484,0.44719725515592934,0.5640922784939819,0.4634910529546204,0.42888070273426976,0.43301997935536857,1.604306900811694
False,-25.0,2.399999999999998,645257.9091640739,rowcol,0.2862626967054751,0.02965734354611569,0.45236988191002686,0.4471972551745022,0.5640922784441127,0.4634910529591721,0.4288807027771171,0.4330199793865833,1.6043069009045827
False,15.0,-2.7,645257.9091640739,rowcol,0.3439401914822191,0.04152948202140411,0.4325089303803959,0.5069934855479786,0.5444068083254613,0.5365517260863544,0.4088254165731278,0.4807304548883477,1.6045202766891662
False,-45.0,2.699999999999998,645257.9091640739,rowcol,0.3439401914935762,0.041529482022640785,0.432508930421352,0.5069934856061503,0.5444068084241721,0.5365517261636668,0.4088254166003946,0.4807304549287234,1.6045202768702063
False,75.0,2.699999999999998,645257.9091640739,rowcol,0.3439401914935762,0.041529482022640785,0.4325089304213521,0.5069934856061504,0.5444068084241722,0.5365517261636668,0.4088254166003946,0.4807304549287234,1.6045202768702067
False,-90.0,2.699999999999998,645257.9091640739,rowcol,0.7123516338554688,0.07383489345345087,0.4001535494853896,0.6049182602901948,0.29702329940133765,0.7413212949067095,0.4162075229042672,0.4598850117963619,1.6053789087463637
False,30.0,2.699999999999998,645257.9091640739,rowcol,0.7123516338554688,0.07383489345345087,0.4001535494853896,0.6049182602901947,0.29702329940133765,0.7413212949067095,0.4162075229042672,0.45988501179636193,1.6053789087463637
False,-30.0,-2.7,645257.9091640739,rowcol,0.712351633874654,0.0738348934537307,0.40015354952894666,0.6049182602788606,0.2970232993205983,0.7413212948456734,0.41620752296428026,0.459885011851659,1.6053789088657007
False,90.0,-2.7,645257.9091640739,rowcol,0.712351633874654,0.0738348934537307,0.40015354952894666,0.6049182602788606,0.29702329932059823,0.7413212948456734,0.41620752296428026,0.459885011851659,1.6053789088657007
False,25.0,-2.4000000000000004,645257.9091640739,rowcol,0.2862626966165341,0.029657344551373123,0.4524204435583227,0.4488231115031853,0.564416844222564,0.464241852041828,0.4288659225673361,0.43543366093729396,1.6060844421781535
False,-35.0,2.399999999999998,645257.9091640739,rowcol,0.28626269660142023,0.029657344550488657,0.4524204435831354,0.4488231115230936,0.5644168441728659,0.4642418520468241,0.428865922610205,0.43543366097059255,1.6060844422724998
False,85.0,2.399999999999998,645257.9091640739,rowcol,0.28626269660142023,0.029657344550488657,0.4524204435831354,0.4488231115230936,0.5644168441728659,0.4642418520468241,0.428865922610205,0.43543366097059244,1.6060844422724998
True,-75.0,-2.7,645257.9091640739,rowcol,0.3086870623749805,0.036722856848928516,0.44744606546638205,0.46666269291606643,0.5952927763721422,0.4629220988884808,0.4148576877540197,0.46978543726846256,1.6090008893152126
True,45.0,-2.7,645257.9091640739,rowcol,0.3086870623749805,0.036722856848928516,0.44744606546638205,0.4666626929160664,0.5952927763721421,0.4629220988884808,0.4148576877540197,0.4697854372684625,1.6090008893152126
True,0.0,-3.0,645257.9091640739,rowcol,0.4877298405128995,0.04977202738818215,0.4402641686783355,0.48967566778204863,0.6413988443805962,0.35705227415775753,0.39265252651488697,0.5781193302602305,1.6104681738170552
True,-85.0,-2.4000000000000004,645257.9091640739,rowcol,0.284067480807019,0.03171521388640425,0.4508952232349875,0.4582123565982802,0.5492385048999078,0.48631930701533255,0.4305557161412062,0.43316515874892536,1.6108980263032426
True,35.0,-2.4000000000000004,645257.9091640739,rowcol,0.284067480807019,0.03171521388640425,0.4508952232349875,0.4582123565982802,0.5492385048999078,0.48631930701533255,0.4305557161412062,0.43316515874892536,1.6108980263032426
True,25.0,-2.4000000000000004,645257.9091640739,rowcol,0.28406748070216,0.03171521482560757,0.45087707204820066,0.45926980701040976,0.5492385782773722,0.48592412774629884,0.4305332254217144,0.43559302656403504,1.6119010231550117
True,15.0,-2.7,645257.9091640739,rowcol,0.30868706269826524,0.03672285413144336,0.447410837554728,0.4729693106490447,0.5952928636963863,0.46215435514605097,0.414812743363282,0.4818767118519961,1.6152018233132286
False,-65.0,2.849999999999998,645257.9091640739,rowcol,0.5778872822691531,0.05882580866686448,0.4149490473434625,0.5709702433597045,0.630062965154343,0.59399232217443,0.3622251874081204,0.5508645915398827,1.6158173853900921
False,55.0,2.849999999999998,645257.9091640739,rowcol,0.5778872822691531,0.05882580866686448,0.4149490473434625,0.5709702433597045,0.6300629651543428,0.59399232217443,0.3622251874081203,0.5508645915398827,1.6158173853900921
False,-5.0,-2.85,645257.9091640739,rowcol,0.5778872822566569,0.058825808666659596,0.4149490473632386,0.5709702434136839,0.630062965206898,0.5939923222805289,0.3622251874182413,0.5508645915466712,1.6158173855033997
True,-40.0,-2.85,645257.9091640739,rowcol,0.6554657516025677,0.06298676346254214,0.458128839978404,0.44168678770693903,0.6180680766532258,0.379260031989352,0.42250102811732126,0.4880441869009983,1.616073307642151
True,80.0,-2.85,645257.9091640739,rowcol,0.6554657516025676,0.06298676346254214,0.458128839978404,0.44168678770693903,0.6180680766532258,0.37926003198935204,0.42250102811732126,0.4880441869009983,1.616073307642151
False,15.0,2.999999999999998,645257.9091640739,rowcol,0.6741033084479064,0.06699661513390591,0.4194650271334337,0.5580396126337989,0.5000467046309158,0.5869768220005739,0.40304444807571993,0.5324877615654829,1.6164346940341
False,-45.0,-3.0,645257.9091640739,rowcol,0.6741033084571819,0.0669966151357553,0.41946502718334294,0.5580396126950824,0.5000467047576738,0.5869768220831367,0.4030444481084645,0.5324877616071795,1.616434694245111
False,75.0,-3.0,645257.9091640739,rowcol,0.6741033084571819,0.06699661513575529,0.41946502718334294,0.5580396126950824,0.5000467047576738,0.5869768220831365,0.4030444481084645,0.5324877616071795,1.616434694245111
True,-65.0,-3.0,645257.9091640739,rowcol,0.4209065781429322,0.04609635907647765,0.44674943461500183,0.4790711821226366,0.6413964132901603,0.36960744998288314,0.40122020829509053,0.5546500942006692,1.619319485967642
True,55.0,-3.0,645257.9091640739,rowcol,0.4209065781429322,0.04609635907647765,0.4467494346150019,0.4790711821226366,0.6413964132901604,0.3696074499828832,0.40122020829509053,0.5546500942006691,1.619319485967642
True,-20.0,-2.85,645257.9091640739,rowcol,0.6554657514661717,0.06298676488193339,0.458091054046584,0.4453860485106532,0.6180681852106316,0.37827413625388495,0.42245255775069973,0.49482972174243006,1.6196592106504053
False,-75.0,2.999999999999998,645257.9091640739,rowcol,0.6741033089147451,0.06699661043669017,0.41973512153414966,0.5652303864236276,0.5015591343918822,0.589152171439668,0.4030343408481227,0.5442991421172642,1.6244357510260765
False,45.0,2.999999999999998,645257.9091640739,rowcol,0.6741033089147452,0.06699661043669017,0.41973512153414966,0.5652303864236276,0.501559134391882,0.589152171439668,0.4030343408481227,0.544299142117264,1.6244357510260765
False,-15.0,-3.0,645257.9091640739,rowcol,0.6741033089240206,0.06699661043853956,0.4197351215841412,0.5652303864870375,0.5015591345187235,0.5891521715226422,0.4030343408809033,0.5442991421629595,1.6244357512394612
True,-45.0,-3.0,645257.9091640739,rowcol,0.6377110592650207,0.060683579931803684,0.456325958752636,0.4558599095296719,0.6412739019316583,0.3465683926269612,0.41380070940154523,0.5306240326433271,1.6248377857875798
True,75.0,-3.0,645257.9091640739,rowcol,0.6377110592650206,0.060683579931803684,0.456325958752636,0.455859909529672,0.6412739019316583,0.3465683926269612,0.41380070940154523,0.5306240326433271,1.6248377857875798
False,0.0,2.849999999999998,645257.9091640739,rowcol,0.5256678159513225,0.056144454489192225,0.42078357658768745,0.5676292001645552,0.634991374648688,0.6057417288799924,0.36855874588497367,0.5334732856475163,1.6299799299276174
False,-60.0,-2.85,645257.9091640739,rowcol,0.5256678159294967,0.056144454487509356,0.4207835765844898,0.5676292001837676,0.6349913746278999,0.6057417289295141,0.36855874588718596,0.5334732856378618,1.6299799299372368
False,60.0,-2.85,645257.9091640739,rowcol,0.5256678159294967,0.056144454487509356,0.4207835765844897,0.5676292001837676,0.6349913746278999,0.6057417289295141,0.36855874588718596,0.5334732856378617,1.6299799299372368
True,-90.0,-2.4000000000000004,645257.9091640739,rowcol,0.2807496970030571,0.030904734313159606,0.45719880753443487,0.45912741039246324,0.549262130468837,0.4776630022705258,0.43833908040263897,0.44293912332093827,1.6307238329957678
True,30.0,-2.4000000000000004,645257.9091640739,rowcol,0.2807496970030571,0.030904734313159606,0.45719880753443487,0.45912741039246324,0.549262130468837,0.4776630022705258,0.43833908040263897,0.44293912332093827,1.6307238329957678
True,5.0,-3.0,645257.9091640739,rowcol,0.42090658104631096,0.04609633256567209,0.44678367757289283,0.49076853915365676,0.641396435884131,0.36942942971589443,0.40126527970576165,0.5732648507453069,1.6311195718723352
True,-15.0,-3.0,645257.9091640739,rowcol,0.6377110597585004,0.060683574745927074,0.45628757992592794,0.4630252917759497,0.6412739920014947,0.3454280179595161,0.41375064554798535,0.5425374592151975,1.6318880315537336
True,40.0,-2.5500000000000003,645257.9091640739,rowcol,0.2859593335954929,0.03324230841003918,0.4547716676837345,0.4686558376673853,0.57227724302842,0.49894879555831567,0.42990598767973737,0.44157393608386375,1.6329708407185888
True,-80.0,-2.5500000000000003,645257.9091640739,rowcol,0.2859593335954929,0.03324230841003918,0.4547716676837346,0.4686558376673853,0.5722772430284201,0.49894879555831567,0.4299059876797373,0.44157393608386375,1.632970840718589
True,25.0,2.999999999999998,645257.9091640739,rowcol,0.7300515245044557,0.07187828679933511,0.4372161173361903,0.5222126915006331,0.2928185339340618,0.5389760925425052,0.4586642351460087,0.5076865381283447,1.633861043509204
True,-85.0,2.999999999999998,645257.9091640739,rowcol,0.7300515243739685,0.07187828812466365,0.43719271782224656,0.5233726046316953,0.29281870597627824,0.5385303754386069,0.45863784398873575,0.5102766380800514,1.634950758098435
True,35.0,2.999999999999998,645257.9091640739,rowcol,0.7300515243739685,0.07187828812466364,0.43719271782224656,0.5233726046316952,0.29281870597627824,0.5385303754386069,0.45863784398873575,0.5102766380800513,1.634950758098435
True,20.0,-2.5500000000000003,645257.9091640739,rowcol,0.28595933349151453,0.03324230930448962,0.4547376101937822,0.4717778541425928,0.5722773479306237,0.49827870378095634,0.42986336731945024,0.4482797731520314,1.6359906847239396
False,-65.0,-2.85,645257.9091640739,rowcol,0.4671927728260163,0.053131217570487915,0.4250798848760414,0.5671247129970362,0.6269708585210043,0.6095001724464694,0.3767983623593145,0.5288654713776233,1.6423643676251605
False,55.0,-2.85,645257.9091640739,rowcol,0.4671927728260163,0.053131217570487915,0.4250798848760414,0.5671247129970362,0.6269708585210043,0.6095001724464694,0.37679836235931446,0.5288654713776234,1.6423643676251605
False,-5.0,2.849999999999998,645257.9091640739,rowcol,0.46719277285208577,0.053131217572944936,0.4250798849014609,0.5671247130182118,0.6269708586115094,0.609500172468253,0.37679836236576797,0.528865471398315,1.6423643677225945
False,-60.0,2.849999999999998,645257.9091640739,rowcol,0.5256678196139202,0.05614442019710798,0.4212690159715176,0.5790391820407308,0.6366259876802026,0.6090314203123607,0.3687003377565263,0.5525572210495716,1.6428462299552835
False,60.0,2.849999999999998,645257.9091640739,rowcol,0.5256678196139202,0.05614442019710798,0.4212690159715176,0.5790391820407308,0.6366259876802026,0.6090314203123607,0.3687003377565263,0.5525572210495716,1.6428462299552835
False,0.0,-2.85,645257.9091640739,rowcol,0.5256678195920944,0.056144420195425114,0.4212690159683237,0.5790391820595677,0.6366259876594679,0.6090314203616206,0.3687003377587378,0.5525572210402507,1.6428462299645388
True,-25.0,2.849999999999998,645257.9091640739,rowcol,0.3577808296840243,0.03646558342507654,0.4676823655944593,0.44011211575616804,0.2695252249004258,0.35164010546480795,0.4953328147962437,0.502601464024899,1.643159212539546
True,85.0,2.849999999999998,645257.9091640739,rowcol,0.35778082959799906,0.036465584269110105,0.46766158473985764,0.4414190452265351,0.26952540246558837,0.3509907603657926,0.4953095998718376,0.5050870571291601,1.644403799446108
True,-35.0,2.849999999999998,645257.9091640739,rowcol,0.35778082959799906,0.0364655842691101,0.46766158473985764,0.44141904522653524,0.2695254024655883,0.3509907603657926,0.4953095998718376,0.5050870571291602,1.6444037994461083
False,10.0,2.999999999999998,645257.9091640739,rowcol,0.6326810639071547,0.06295154787906657,0.42597812538946095,0.5672144161700212,0.61067954044218,0.5860815456960425,0.38282643700082125,0.550847329341832,1.645148792338404
False,-50.0,-3.0,645257.9091640739,rowcol,0.632681063906149,0.06295154788036712,0.4259781254292971,0.5672144162423136,0.6106795405534596,0.5860815458226035,0.38282643702087094,0.5508473293656314,1.6451487925302049
False,70.0,-3.0,645257.9091640739,rowcol,0.632681063906149,0.06295154788036712,0.4259781254292971,0.5672144162423136,0.6106795405534596,0.5860815458226036,0.38282643702087094,0.5508473293656314,1.6451487925302049
True,-20.0,2.999999999999998,645257.9091640739,rowcol,0.36620437270104056,0.03881712583827094,0.4652088315325725,0.4547013151201114,0.2923922700217284,0.3783781498185929,0.49018799903052174,0.5101236529522738,1.6503278097178287
False,-70.0,-2.85,645257.9091640739,rowcol,0.40302295223372836,0.04846784263261598,0.4333317836713125,0.5525392990575079,0.6026313794935907,0.5951992270252915,0.39472385384780695,0.5139287662559842,1.6525346500714453
False,50.0,-2.85,645257.9091640739,rowcol,0.40302295223372836,0.048467842632615984,0.4333317836713125,0.5525392990575079,0.6026313794935906,0.5951992270252915,0.394723853847807,0.5139287662559842,1.6525346500714453
False,-10.0,2.849999999999998,645257.9091640739,rowcol,0.40302295225694534,0.048467842634920606,0.4333317837114684,0.55253929910835,0.6026313796206605,0.5951992270969113,0.394723853864564,0.5139287662868595,1.6525346502427554
True,-90.0,2.999999999999998,645257.9091640739,rowcol,0.7339641488968137,0.07231916670672225,0.44380692489851487,0.5224222872719452,0.2928496638695177,0.5401459716365281,0.4660843695947002,0.5070374807378288,1.6538430619674898
True,30.0,2.999999999999998,645257.9091640739,rowcol,0.7339641488968138,0.07231916670672225,0.44380692489851487,0.5224222872719452,0.2928496638695177,0.5401459716365282,0.46608436959470023,0.5070374807378288,1.6538430619674898
True,-40.0,2.999999999999998,645257.9091640739,rowcol,0.3662043726189732,0.03881712661250148,0.4651696626906311,0.45848386856668644,0.2923925115712238,0.377337868063808,0.49014402396322515,0.5169587851218916,1.6539928566385798
True,80.0,2.999999999999998,645257.9091640739,rowcol,0.3662043726189732,0.03881712661250148,0.4651696626906311,0.45848386856668644,0.2923925115712238,0.377337868063808,0.49014402396322515,0.5169587851218916,1.6539928566385798
False,5.0,-2.85,645257.9091640739,rowcol,0.46719277535614057,0.05313119532262513,0.42552855830650227,0.5780586251112622,0.6285830182565584,0.6126164243337084,0.3769074914980852,0.5473093159129556,1.6546443000307691
False,-55.0,2.849999999999998,645257.9091640739,rowcol,0.46719277538221,0.05313119532508215,0.42552855833194725,0.5780586251335259,0.6285830183470327,0.6126164243557993,0.3769074915045454,0.5473093159354507,1.6546443001293676
False,65.0,2.849999999999998,645257.9091640739,rowcol,0.46719277538221005,0.05313119532508214,0.42552855833194725,0.5780586251335259,0.6285830183470327,0.6126164243557992,0.3769074915045454,0.5473093159354507,1.6546443001293676
False,-70.0,2.999999999999998,645257.9091640739,rowcol,0.6326810659079632,0.06295152777036636,0.42636029093624794,0.5770745688471712,0.6122493882471574,0.589044171354919,0.3828723662995034,0.5668126191905376,1.656155441655915
False,50.0,2.999999999999998,645257.9091640739,rowcol,0.6326810659079632,0.06295152777036636,0.42636029093624794,0.5770745688471712,0.6122493882471574,0.5890441713549189,0.38287236629950333,0.5668126191905376,1.656155441655915
False,-10.0,-3.0,645257.9091640739,rowcol,0.6326810659069574,0.0629515277716669,0.42636029097614453,0.577074568920807,0.6122493883585086,0.5890441714814932,0.3828723663195731,0.5668126192179325,1.6561554418492406
False,25.0,2.849999999999998,645257.9091640739,rowcol,0.7174627388267781,0.07374740867394555,0.4169420929406782,0.6065765647986099,0.3112463780824003,0.72599461615584,0.4334397771257642,0.4838449152808005,1.6574028436206445
False,-35.0,-2.85,645257.9091640739,rowcol,0.7174627388458884,0.07374740867463792,0.41694209298754836,0.6065765648018261,0.3112463780470482,0.7259946161166715,0.4334397771836959,0.4838449153376489,1.6574028437644712
False,85.0,-2.85,645257.9091640739,rowcol,0.7174627388458884,0.07374740867463792,0.41694209298754836,0.6065765648018261,0.3112463780470482,0.7259946161166715,0.4334397771836959,0.4838449153376489,1.6574028437644712
False,-85.0,2.849999999999998,645257.9091640739,rowcol,0.7174627387027745,0.0737474098803326,0.41700723478553514,0.6079936760038445,0.31194432177849224,0.7265507764519942,0.4334224096806681,0.4864105124484104,1.65901538036045
False,35.0,2.849999999999998,645257.9091640739,rowcol,0.7174627387027745,0.07374740988033258,0.4170072347855352,0.6079936760038445,0.3119443217784922,0.7265507764519942,0.4334224096806681,0.4864105124484104,1.65901538036045
False,-25.0,-2.85,645257.9091640739,rowcol,0.7174627387218849,0.07374740988102496,0.41700723483245394,0.607993676008236,0.31194432174352515,0.7265507764131129,0.4334224097386257,0.48641051250735795,1.6590153805055978
False,-90.0,-2.4000000000000004,645257.9091640739,rowcol,0.278041800034725,0.02760408022423795,0.46595326490171063,0.463041911591875,0.5974942901732422,0.48587114822098537,0.43773740432690766,0.44293282716800775,1.660901706297007
False,30.0,-2.4000000000000004,645257.9091640739,rowcol,0.278041800034725,0.02760408022423795,0.46595326490171074,0.463041911591875,0.5974942901732423,0.48587114822098537,0.43773740432690766,0.44293282716800775,1.6609017062970073
False,90.0,2.399999999999998,645257.9091640739,rowcol,0.2780418000152889,0.027604080223107588,0.4659532649239577,0.46304191159350966,0.5974942900998849,0.485871148191568,0.4377374043731568,0.4429328271982918,1.6609017063653828
False,-30.0,2.399999999999998,645257.9091640739,rowcol,0.2780418000152889,0.027604080223107588,0.4659532649239577,0.4630419115935097,0.5974942900998849,0.485871148191568,0.4377374043731567,0.4429328271982918,1.660901706365383
False,20.0,2.999999999999998,645257.9091640739,rowcol,0.7074218985085796,0.07142042998868418,0.4253412303476339,0.5858148115567828,0.373956314663547,0.6610147041703931,0.43405262486536217,0.5141270293656258,1.6618385025996845
False,-40.0,-3.0,645257.9091640739,rowcol,0.7074218985249382,0.07142042999021034,0.42534123039913735,0.5858148115900607,0.3739563147397789,0.6610147041845492,0.43405262491306,0.5141270294201257,1.6618385027874727
False,80.0,-3.0,645257.9091640739,rowcol,0.7074218985249382,0.07142042999021034,0.42534123039913735,0.5858148115900607,0.37395631473977897,0.6610147041845492,0.43405262491306,0.5141270294201258,1.6618385027874727
False,10.0,-2.85,645257.9091640739,rowcol,0.40302295342281935,0.04846783274500848,0.4336886865604417,0.5621525157629632,0.604142699393096,0.5979646619374995,0.39476616350261867,0.5301655032423851,1.6632185754442883
False,-50.0,2.849999999999998,645257.9091640739,rowcol,0.4030229534460363,0.0484678327473131,0.4336886866006543,0.5621525158154858,0.6041426995201918,0.5979646620094681,0.3947661635193946,0.5301655032766477,1.6632185756174487
False,70.0,2.849999999999998,645257.9091640739,rowcol,0.40302295344603634,0.0484678327473131,0.4336886866006543,0.5621525158154858,0.6041426995201918,0.5979646620094681,0.39476616351939453,0.5301655032766477,1.6632185756174487
True,-30.0,2.849999999999998,645257.9091640739,rowcol,0.3550313648098566,0.035537758206251956,0.4759646337315489,0.43815221492486744,0.269495814284204,0.3265367238465822,0.5045766841101388,0.5135725543558263,1.6660461161195141
True,90.0,2.849999999999998,645257.9091640739,rowcol,0.3550313648098566,0.035537758206251956,0.4759646337315489,0.43815221492486744,0.269495814284204,0.3265367238465822,0.5045766841101388,0.5135725543558263,1.6660461161195141
False,-80.0,2.999999999999998,645257.9091640739,rowcol,0.707421898373228,0.07142043132934692,0.4254961128521448,0.5897680436960191,0.3752673902287194,0.6624295390915328,0.43402584177320436,0.5208719740119978,1.6662563822524534
False,40.0,2.999999999999998,645257.9091640739,rowcol,0.707421898373228,0.07142043132934692,0.4254961128521447,0.5897680436960191,0.37526739022871936,0.6624295390915329,0.43402584177320436,0.5208719740119977,1.6662563822524534
False,-20.0,-3.0,645257.9091640739,rowcol,0.7074218983895866,0.07142043133087304,0.4254961129037286,0.5897680437314022,0.37526739030518047,0.6624295391062385,0.4340258418209419,0.5208719740700255,1.666256382442588
True,-35.0,-2.85,645257.9091640739,rowcol,0.6693449942325073,0.06459251926549989,0.4748216647198722,0.44203724955354534,0.6179918251374025,0.39114959322308723,0.4437754038126631,0.4806807477240051,1.666502243713162
True,85.0,-2.85,645257.9091640739,rowcol,0.6693449942325073,0.06459251926549987,0.4748216647198722,0.44203724955354534,0.6179918251374025,0.39114959322308723,0.4437754038126631,0.4806807477240051,1.666502243713162
True,-25.0,-2.85,645257.9091640739,rowcol,0.6693449940995894,0.06459252064287173,0.47480119586460906,0.443338558474015,0.6179919025790469,0.3905659411283103,0.443749491056301,0.4832791884052808,1.667742146067842
True,-70.0,-3.0,645257.9091640739,rowcol,0.35160089491859053,0.041308801694351006,0.4615112910374826,0.4865405843055436,0.6414362430872573,0.41408405935253817,0.42049955800517036,0.5400013535362717,1.6710744574179914
True,50.0,-3.0,645257.9091640739,rowcol,0.3516008949185905,0.041308801694351006,0.4615112910374826,0.4865405843055436,0.6414362430872573,0.4140840593525382,0.42049955800517036,0.5400013535362715,1.6710744574179914
False,-80.0,-2.7,645257.9091640739,rowcol,0.2930970902887349,0.033763060036290156,0.4659777699563767,0.4773795955626885,0.5515829021043146,0.4929337499067284,0.44861707258655126,0.4638951663786061,1.6753129054318185
False,40.0,-2.7,645257.9091640739,rowcol,0.2930970902887349,0.03376306003629015,0.46597776995637674,0.4773795955626885,0.5515829021043145,0.4929337499067284,0.44861707258655126,0.463895166378606,1.6753129054318188
False,-20.0,2.699999999999998,645257.9091640739,rowcol,0.2930970902854861,0.033763060036345986,0.46597776999185264,0.4773795956058414,0.5515829021246228,0.4929337499548866,0.44861707262556555,0.46389516641732353,1.6753129055813993
True,-30.0,-2.85,645257.9091640739,rowcol,0.6733294750888175,0.06500797467156194,0.4802286101481627,0.439182143034283,0.6179635617079855,0.3847063222131265,0.45060864476521356,0.4802356148188867,1.6798679734787711
True,90.0,-2.85,645257.9091640739,rowcol,0.6733294750888175,0.06500797467156194,0.4802286101481627,0.439182143034283,0.6179635617079855,0.38470632221312656,0.45060864476521356,0.4802356148188867,1.6798679734787711
False,20.0,-2.7,645257.9091640739,rowcol,0.29309709018636454,0.0337630609249668,0.4661050143058673,0.48171091117146764,0.5523837053144459,0.4945772136046745,0.4485937510514453,0.47061826281364544,1.6800259540890696
False,-40.0,2.699999999999998,645257.9091640739,rowcol,0.29309709018311575,0.033763060925022625,0.4661050143414149,0.4817109112167942,0.5523837053350278,0.49457721365336216,0.44859375109049365,0.47061826285602776,1.6800259542410387
False,80.0,2.699999999999998,645257.9091640739,rowcol,0.29309709018311575,0.033763060925022625,0.4661050143414149,0.48171091121679427,0.5523837053350278,0.49457721365336216,0.4485937510904936,0.47061826285602776,1.6800259542410387
True,10.0,-3.0,645257.9091640739,rowcol,0.3516008962977964,0.04130878995520348,0.46150288826894487,0.49621993519785057,0.6414362937707062,0.41347749396936745,0.42048864054322094,0.5563595927612498,1.680728600004685
False,-75.0,-2.85,645257.9091640739,rowcol,0.3381450848882582,0.04146538265231743,0.4537634804790781,0.5209432779117846,0.5676871622595902,0.5527577077099392,0.429755745249559,0.4925996176170239,1.682233719349019
False,45.0,-2.85,645257.9091640739,rowcol,0.3381450848882581,0.04146538265231743,0.4537634804790781,0.5209432779117846,0.5676871622595902,0.5527577077099392,0.429755745249559,0.4925996176170239,1.682233719349019
False,-15.0,2.849999999999998,645257.9091640739,rowcol,0.3381450849012348,0.04146538265374954,0.45376348052242194,0.5209432779711278,0.5676871623645419,0.5527577077913971,0.4297557452783957,0.49259961765568894,1.6822337195383936
False,15.0,-2.85,645257.9091640739,rowcol,0.33814508518470643,0.04146538023481822,0.45400068809495003,0.5283171196623385,0.5689532755420754,0.5550773471012561,0.4297467381057738,0.5047148802685584,1.6903191839471885
False,-45.0,2.849999999999998,645257.9091640739,rowcol,0.338145085197683,0.04146538023625032,0.45400068813837174,0.5283171197238166,0.5689532756471838,0.5550773471831146,0.42974673813464237,0.5047148803113198,1.6903191841389318
False,75.0,2.849999999999998,645257.9091640739,rowcol,0.33814508519768305,0.04146538023625032,0.45400068813837174,0.5283171197238166,0.5689532756471839,0.5550773471831147,0.42974673813464237,0.5047148803113198,1.6903191841389318
False,5.0,2.999999999999998,645257.9091640739,rowcol,0.5845732897895216,0.05963789216675394,0.4355295296992804,0.5837952696030005,0.6588001470836984,0.6124588002548998,0.3809849420658847,0.5585520041056424,1.6903838587008417
False,-55.0,-3.0,645257.9091640739,rowcol,0.5845732897767532,0.05963789216658566,0.4355295297202689,0.5837952696594111,0.6588001471401826,0.6124588003669728,0.380984942076448,0.5585520041108383,1.6903838588202178
False,65.0,-3.0,645257.9091640739,rowcol,0.5845732897767532,0.05963789216658566,0.4355295297202689,0.5837952696594111,0.6588001471401826,0.6124588003669728,0.380984942076448,0.5585520041108382,1.6903838588202178
True,45.0,-2.85,645257.9091640739,rowcol,0.2999779255950855,0.03623434218654994,0.46874554349675224,0.48642151343698364,0.6184054709524972,0.47748716394910484,0.43596457680990425,0.4938100886627303,1.6926581439272403
True,-75.0,-2.85,645257.9091640739,rowcol,0.29997792559508557,0.03623434218654994,0.46874554349675224,0.4864215134369837,0.6184054709524973,0.47748716394910484,0.4359645768099042,0.4938100886627303,1.6926581439272406
False,-85.0,-2.5500000000000003,645257.9091640739,rowcol,0.2742258595501236,0.02854974464160064,0.4765126042527442,0.4691764286895017,0.5884533940782876,0.48429730966608064,0.4531382271670218,0.456072001381668,1.6987142414477345
False,35.0,-2.5500000000000003,645257.9091640739,rowcol,0.2742258595501236,0.028549744641600636,0.4765126042527442,0.4691764286895017,0.5884533940782877,0.48429730966608064,0.4531382271670218,0.456072001381668,1.6987142414477345
False,-25.0,2.549999999999998,645257.9091640739,rowcol,0.2742258595341594,0.028549744640645053,0.47651260427949477,0.469176428709575,0.5884533940255701,0.48429730967058277,0.4531382272127583,0.456072001415664,1.6987142415480592
True,15.0,-2.85,645257.9091640739,rowcol,0.2999779259292519,0.036234339420043775,0.46871004815244904,0.4928093033678171,0.6184055596830571,0.47670149288467717,0.43591943239767267,0.505958977538187,1.6989394478251643
False,25.0,-2.5500000000000003,645257.9091640739,rowcol,0.27422585943970873,0.028549745702156716,0.4765636043246581,0.4708048238149633,0.5887839710789383,0.48502199154673653,0.4531233639328158,0.4585071968498172,1.7004956367889377
False,-35.0,2.549999999999998,645257.9091640739,rowcol,0.27422585942374456,0.028549745701201123,0.4765636043514494,0.4708048238364012,0.5887839710263955,0.4850219915517192,0.453123363978574,0.4585071968859102,1.7004956368907496
False,85.0,2.549999999999998,645257.9091640739,rowcol,0.27422585942374456,0.028549745701201123,0.4765636043514494,0.4708048238364012,0.5887839710263955,0.4850219915517192,0.453123363978574,0.4585071968859101,1.7004956368907496
True,-40.0,-3.0,645257.9091640739,rowcol,0.665450784707029,0.06378904633073834,0.48086720722621407,0.4590804530028489,0.6411699052618968,0.3880335089136501,0.44547459732255124,0.5112432846224492,1.7016820746814911
True,80.0,-3.0,645257.9091640739,rowcol,0.665450784707029,0.06378904633073834,0.48086720722621407,0.4590804530028489,0.6411699052618968,0.3880335089136502,0.44547459732255124,0.5112432846224494,1.7016820746814911
False,55.0,2.999999999999998,645257.9091640739,rowcol,0.5845732934003108,0.05963785677362561,0.43599049289386393,0.5949858149404892,0.6604152645065451,0.6157434373823898,0.3810985623461805,0.5769510283158401,1.702957293622081
False,-65.0,2.999999999999998,645257.9091640739,rowcol,0.5845732934003108,0.05963785677362561,0.435990492893864,0.5949858149404893,0.6604152645065451,0.6157434373823899,0.38109856234618056,0.5769510283158402,1.7029572936220811
False,-5.0,-3.0,645257.9091640739,rowcol,0.5845732933875424,0.059637856773457336,0.43599049291488406,0.5949858149973103,0.6604152645630929,0.6157434374941954,0.3810985623567497,0.5769510283233679,1.7029572937419624
True,-85.0,-2.5500000000000003,645257.9091640739,rowcol,0.2717318946346253,0.03070334163139579,0.47489871194697686,0.4795542746474655,0.5723465549026236,0.5058854541588145,0.45489221125873314,0.45623511824530577,1.7042504104883962
True,35.0,-2.5500000000000003,645257.9091640739,rowcol,0.2717318946346253,0.03070334163139579,0.47489871194697686,0.4795542746474655,0.5723465549026236,0.5058854541588145,0.45489221125873314,0.45623511824530577,1.7042504104883962
True,25.0,-2.5500000000000003,645257.9091640739,rowcol,0.27173189452319707,0.03070334261756224,0.47488040111926977,0.48062784987837687,0.5723466297184613,0.5054818187892428,0.4548695933556948,0.45868457346804864,1.7052690532361863
True,-20.0,-3.0,645257.9091640739,rowcol,0.6654507845631406,0.06378904783179085,0.4808293134091602,0.4628272774148301,0.6411700154155829,0.38701918099060423,0.44542620724126625,0.5180637420731031,1.7053152176423105
False,-90.0,2.849999999999998,645257.9091640739,rowcol,0.7251576102710297,0.07522263182152643,0.42488121184919064,0.6316935029108179,0.32290943410528916,0.7718351316881407,0.4409347306064377,0.48334264439477154,1.7063371384583899
False,30.0,2.849999999999998,645257.9091640739,rowcol,0.7251576102710297,0.07522263182152643,0.42488121184919064,0.6316935029108179,0.32290943410528916,0.7718351316881407,0.4409347306064377,0.48334264439477154,1.7063371384583899
False,-30.0,-2.85,645257.9091640739,rowcol,0.7251576102912478,0.07522263182181041,0.42488121189461747,0.6316935028990661,0.3229094340198499,0.7718351316237938,0.44093473066959454,0.4833426444529107,1.7063371385829187
False,90.0,-2.85,645257.9091640739,rowcol,0.7251576102912478,0.0752226318218104,0.42488121189461747,0.6316935028990661,0.32290943401985,0.7718351316237936,0.44093473066959454,0.4833426444529106,1.7063371385829187
False,0.0,2.999999999999998,645257.9091640739,rowcol,0.5301677088701426,0.05685653687412273,0.4418893317730857,0.5919353557776101,0.6657490756870559,0.6281681142390161,0.38738761053926546,0.5596510001358198,1.7176033510968671
False,-60.0,-3.0,645257.9091640739,rowcol,0.5301677088473631,0.05685653687236757,0.4418893317698805,0.5919353557976998,0.6657490756661844,0.6281681142907195,0.38738761054148113,0.5596510001261326,1.7176033511073412
False,60.0,-3.0,645257.9091640739,rowcol,0.5301677088473631,0.05685653687236757,0.4418893317698805,0.5919353557976998,0.6657490756661844,0.6281681142907195,0.38738761054148113,0.5596510001261324,1.7176033511073412
True,-80.0,-2.7,645257.9091640739,rowcol,0.27466559923683437,0.03245012283621273,0.4776616032677208,0.48958789378600726,0.5953885809686806,0.5177056801223108,0.45291710127742374,0.4646257346731993,1.7225727035891696
True,40.0,-2.7,645257.9091640739,rowcol,0.27466559923683437,0.03245012283621273,0.4776616032677208,0.48958789378600726,0.5953885809686806,0.5177056801223108,0.45291710127742374,0.4646257346731993,1.7225727035891696
True,-90.0,-2.5500000000000003,645257.9091640739,rowcol,0.2681922826768494,0.0298123151530115,0.48157795710993795,0.48048464057689794,0.5723716866817483,0.49683891065393804,0.4631141510684151,0.46628704367543,1.7252185119067116
True,30.0,-2.5500000000000003,645257.9091640739,rowcol,0.26819228267684947,0.0298123151530115,0.48157795710993795,0.48048464057689794,0.5723716866817483,0.49683891065393804,0.4631141510684151,0.46628704367543,1.7252185119067116
True,20.0,-2.7,645257.9091640739,rowcol,0.2746655991275945,0.03245012376084537,0.47762727052612186,0.4927525370663518,0.5953886877300588,0.5170218848406497,0.45287426671506037,0.4713759620876789,1.7256343486447174
False,-65.0,-3.0,645257.9091640739,rowcol,0.46899109469884,0.05371588716057078,0.44614550498113015,0.5913300712386068,0.6573103271659595,0.6319628418499159,0.3956929005854264,0.5548596344302281,1.7297665861819973
False,55.0,-3.0,645257.9091640739,rowcol,0.46899109469884,0.05371588716057078,0.44614550498113015,0.5913300712386068,0.6573103271659595,0.6319628418499159,0.3956929005854264,0.5548596344302281,1.7297665861819973
False,-5.0,2.999999999999998,645257.9091640739,rowcol,0.46899109472646916,0.05371588716321887,0.4461455050078044,0.5913300712607897,0.6573103272606178,0.6319628418729148,0.39569290059232193,0.5548596344517214,1.7297665862842029
False,60.0,2.999999999999998,645257.9091640739,rowcol,0.5301677126927855,0.05685650122927668,0.4423759272381301,0.6034576588298213,0.6673903162403494,0.6315103043358171,0.3875294116550551,0.5788141378714177,1.7305854405442114
False,-60.0,2.999999999999998,645257.9091640739,rowcol,0.5301677126927855,0.05685650122927668,0.44237592723813013,0.6034576588298213,0.6673903162403494,0.631510304335817,0.38752941165505517,0.5788141378714178,1.7305854405442118
False,0.0,-3.0,645257.9091640739,rowcol,0.530167712670006,0.056856501227521526,0.44237592723492847,0.6034576588495215,0.6673903162195293,0.6315103043872345,0.38752941165726995,0.5788141378620515,1.7305854405543069
True,-25.0,2.999999999999998,645257.9091640739,rowcol,0.3544002359215204,0.03595368762958207,0.491538622230569,0.4575037413366179,0.29231579463251584,0.3594682377333596,0.5196875595071824,0.5259908956797765,1.732119608028325
True,-35.0,2.999999999999998,645257.9091640739,rowcol,0.3544002358346521,0.03595368848585519,0.4915178093386571,0.45882720913471625,0.29231596697061873,0.35879959709686166,0.5196642679920411,0.5284912014569011,1.7333806371506875
True,85.0,2.999999999999998,645257.9091640739,rowcol,0.3544002358346521,0.03595368848585519,0.4915178093386571,0.45882720913471625,0.29231596697061885,0.35879959709686166,0.5196642679920411,0.5284912014569011,1.7333806371506875
False,-70.0,-3.0,645257.9091640739,rowcol,0.40145529850872935,0.04882918522201914,0.4544011493326889,0.5757429744093651,0.6310105366974568,0.6163636151928122,0.4141723081649836,0.5392177527022333,1.7389464224074316
False,50.0,-3.0,645257.9091640739,rowcol,0.40145529850872924,0.048829185222019136,0.4544011493326889,0.5757429744093651,0.6310105366974568,0.6163636151928122,0.4141723081649837,0.5392177527022333,1.7389464224074316
False,-10.0,2.999999999999998,645257.9091640739,rowcol,0.4014552985338521,0.048829185224559694,0.4544011493749917,0.5757429744628058,0.6310105368312444,0.6163636152682709,0.4141723081827011,0.539217752734742,1.7389464225877809
False,5.0,-3.0,645257.9091640739,rowcol,0.4689910973045424,0.053715864410289915,0.4465955031715967,0.6023740120595982,0.6589290963334127,0.6351315524922115,0.3958022885952377,0.5733783411576652,1.7421605215743883
False,-55.0,2.999999999999998,645257.9091640739,rowcol,0.46899109733217154,0.053715864412938,0.4465955031982965,0.6023740120828532,0.6589290964280402,0.6351315525154687,0.39580228860213995,0.573378341180977,1.7421605216777427
False,65.0,2.999999999999998,645257.9091640739,rowcol,0.46899109733217165,0.053715864412938,0.4465955031982965,0.6023740120828532,0.6589290964280402,0.6351315525154687,0.39580228860213995,0.573378341180977,1.7421605216777427
False,10.0,-3.0,645257.9091640739,rowcol,0.4014552997166596,0.04882917529086638,0.45475942310499234,0.5854591154803511,0.632529927922433,0.6191794034017233,0.414214753212719,0.5555184472961574,1.7497373847953281
False,-50.0,2.999999999999998,645257.9091640739,rowcol,0.4014552997417824,0.048829175293406926,0.454759423147352,0.5854591155354575,0.6325299280562452,0.6191794034774791,0.41421475323045537,0.5555184473320648,1.7497373849775135
False,70.0,2.999999999999998,645257.9091640739,rowcol,0.4014552997417824,0.04882917529340693,0.454759423147352,0.5854591155354575,0.6325299280562452,0.6191794034774791,0.41421475323045537,0.5555184473320648,1.7497373849775135
True,-35.0,-3.0,645257.9091640739,rowcol,0.6800426844791722,0.06545781316339654,0.4986914714352842,0.45945327229836586,0.6410896535390596,0.4001365342630677,0.46809064929575006,0.5039620374900892,1.7555276866042184
True,85.0,-3.0,645257.9091640739,rowcol,0.6800426844791722,0.06545781316339654,0.4986914714352843,0.4594532722983657,0.6410896535390598,0.4001365342630677,0.46809064929575006,0.503962037490089,1.7555276866042187
False,25.0,2.999999999999998,645257.9091640739,rowcol,0.7298890801117809,0.07507085135258482,0.4410292865281282,0.6324849541304562,0.335121441211577,0.7548455977347053,0.4577010145314384,0.507223157606856,1.7555728137148408
False,-35.0,-3.0,645257.9091640739,rowcol,0.7298890801319077,0.07507085135330925,0.4410292865770123,0.6324849541341212,0.3351214411730385,0.7548455976936996,0.4577010145922713,0.5072231576665904,1.755572813865158
False,85.0,-3.0,645257.9091640739,rowcol,0.7298890801319077,0.07507085135330924,0.4410292865770123,0.6324849541341212,0.3351214411730385,0.7548455976936996,0.45770101459227125,0.5072231576665903,1.755572813865158
True,-30.0,2.999999999999998,645257.9091640739,rowcol,0.35161119305516997,0.034956915005238454,0.5001971396083428,0.45535532854976674,0.292284838880763,0.3327152253630604,0.5293681509015725,0.5372423239637656,1.7559467473747952
True,90.0,2.999999999999998,645257.9091640739,rowcol,0.35161119305516997,0.034956915005238454,0.5001971396083428,0.45535532854976674,0.292284838880763,0.3327152253630604,0.5293681509015725,0.5372423239637656,1.7559467473747952
True,-25.0,-3.0,645257.9091640739,rowcol,0.6800426843390892,0.0654578146187208,0.4986709565841706,0.46077119868941907,0.6410897321195842,0.3995359595703526,0.4680647896335461,0.506571181185,1.756784068441931
False,-85.0,2.999999999999998,645257.9091640739,rowcol,0.7298890799812646,0.07507085262155064,0.4410941121476005,0.6339156672312185,0.33580384838735416,0.7554087827000204,0.45768370205753184,0.5097996014465643,1.75719800367402
False,35.0,2.999999999999998,645257.9091640739,rowcol,0.7298890799812646,0.07507085262155062,0.4410941121476005,0.6339156672312185,0.33580384838735416,0.7554087827000204,0.45768370205753184,0.5097996014465643,1.75719800367402
False,-25.0,-3.0,645257.9091640739,rowcol,0.7298890800013915,0.07507085262227506,0.4410941121965332,0.6339156672360696,0.33580384834919313,0.7554087826593057,0.45768370211839055,0.5097996015084061,1.7571980038256692
False,-90.0,-2.5500000000000003,645257.9091640739,rowcol,0.2653558739258005,0.026324492415702744,0.4907809638084018,0.48847267201434225,0.623584377989059,0.5136171717902217,0.46248271303655325,0.46627792000838614,1.7608155634395475
False,30.0,-2.5500000000000003,645257.9091640739,rowcol,0.2653558739258005,0.026324492415702744,0.4907809638084018,0.48847267201434225,0.623584377989059,0.5136171717902217,0.4624827130365533,0.4662779200083862,1.7608155634395475
False,90.0,2.549999999999998,645257.9091640739,rowcol,0.2653558739049565,0.026324492414428115,0.49078096383248987,0.4884726720156472,0.6235843779111132,0.5136171717573376,0.46248271308593186,0.466277920041366,1.7608155635131166
False,-30.0,2.549999999999998,645257.9091640739,rowcol,0.2653558739049565,0.02632449241442811,0.49078096383248987,0.4884726720156473,0.6235843779111132,0.5136171717573376,0.46248271308593186,0.46627792004136587,1.7608155635131169
False,-80.0,-2.85,645257.9091640739,rowcol,0.28355745484995387,0.033183662283101795,0.4886934367490299,0.497817207660611,0.5740188479384383,0.5103418707104024,0.4714794908715962,0.48703482594693215,1.7638975179077008
False,40.0,-2.85,645257.9091640739,rowcol,0.2835574548499538,0.033183662283101795,0.4886934367490299,0.497817207660611,0.5740188479384382,0.5103418707104024,0.4714794908715962,0.48703482594693215,1.7638975179077008
False,-20.0,2.849999999999998,645257.9091640739,rowcol,0.28355745484733613,0.0331836622832388,0.48869343678679855,0.4978172077061947,0.5740188479608286,0.5103418707606432,0.4714794909129108,0.48703482598843484,1.7638975180665903
False,45.0,-3.0,645257.9091640739,rowcol,0.33262627689381186,0.041446157172623226,0.4752943032350464,0.5423231622854225,0.592335202192568,0.5713412786346552,0.4506970225445576,0.5166590965757561,1.7682060719905617
False,-75.0,-3.0,645257.9091640739,rowcol,0.33262627689381186,0.041446157172623226,0.4752943032350464,0.5423231622854227,0.592335202192568,0.5713412786346553,0.4506970225445576,0.5166590965757561,1.768206071990562
False,-15.0,2.999999999999998,645257.9091640739,rowcol,0.33262627690853613,0.041446157174242514,0.4752943032808535,0.542323162348007,0.5923352023039153,0.5713412787205763,0.45069702257499544,0.5166590966167903,1.7682060721905675
False,20.0,-2.85,645257.9091640739,rowcol,0.28355745474376354,0.03318366319050752,0.4888215077264533,0.5022091784069506,0.5748311162735428,0.5120328537807692,0.4714560674442331,0.49379630311848033,1.7686737015863105
False,-40.0,2.849999999999998,645257.9091640739,rowcol,0.28355745474114585,0.03318366319064453,0.48882150776429406,0.5022091784547213,0.5748311162962089,0.5120328538315304,0.47145606748558183,0.493796303163658,1.7686737017476035
False,80.0,2.849999999999998,645257.9091640739,rowcol,0.28355745474114585,0.03318366319064453,0.48882150776429406,0.5022091784547213,0.5748311162962089,0.5120328538315304,0.47145606748558183,0.493796303163658,1.7686737017476035
True,-30.0,-3.0,645257.9091640739,rowcol,0.6842392791323876,0.06588659414735774,0.5044689808317758,0.4563985363615893,0.6410598751653711,0.3927462987989539,0.4753609463168208,0.5037410843698368,1.7698054788569169
True,90.0,-3.0,645257.9091640739,rowcol,0.6842392791323876,0.06588659414735774,0.5044689808317758,0.4563985363615893,0.6410598751653711,0.3927462987989539,0.4753609463168208,0.5037410843698368,1.7698054788569169
False,15.0,-3.0,645257.9091640739,rowcol,0.33262627719491517,0.041446154756117265,0.47553268689293005,0.5497821846091674,0.5936125421823616,0.5737069743380887,0.4506879818272606,0.5288244419251426,1.7763802452879576
False,-45.0,2.999999999999998,645257.9091640739,rowcol,0.33262627720963944,0.04144615475773654,0.4755326869388151,0.5497821846739089,0.5936125422938626,0.5737069744244289,0.45068798185773046,0.5288244419702806,1.7763802454903543
False,75.0,2.999999999999998,645257.9091640739,rowcol,0.33262627720963944,0.04144615475773654,0.4755326869388151,0.5497821846739089,0.5936125422938627,0.5737069744244289,0.4506879818577304,0.5288244419702806,1.7763802454903543
True,-75.0,-3.0,645257.9091640739,rowcol,0.29142638446260305,0.03577281117628671,0.49007202453407367,0.5063975195718148,0.6415240126610848,0.4922852980279767,0.4570899521450045,0.5179681894791504,1.7766135931740357
True,45.0,-3.0,645257.9091640739,rowcol,0.29142638446260305,0.03577281117628671,0.49007202453407367,0.5063975195718148,0.6415240126610847,0.4922852980279767,0.4570899521450045,0.5179681894791504,1.7766135931740357
True,15.0,-3.0,645257.9091640739,rowcol,0.2914263848062743,0.03577280837653786,0.49003628697143026,0.5128574752515496,0.6415241026958058,0.4914831426183296,0.45704462801442003,0.5301663930789579,1.7829663361658403
False,-85.0,-2.7,645257.9091640739,rowcol,0.2622317693196647,0.027460860946293963,0.5006866184828295,0.4913798277721826,0.6128327054564581,0.5053855271660829,0.4774146093951365,0.47928445497698313,1.793439683220671
False,35.0,-2.7,645257.9091640739,rowcol,0.26223176931966463,0.027460860946293963,0.5006866184828295,0.4913798277721826,0.6128327054564581,0.505385527166083,0.4774146093951365,0.47928445497698313,1.793439683220671
False,-25.0,2.699999999999998,645257.9091640739,rowcol,0.2622317693028732,0.02746086094525966,0.500686618511563,0.4913798277935787,0.6128327054009027,0.505385527170149,0.4774146094437624,0.4792844550137614,1.793439683328268
False,25.0,-2.7,645257.9091640739,rowcol,0.2622317692029397,0.027460862060934395,0.5007380114658064,0.4930244989522295,0.6131688060280881,0.5061172080750055,0.4773996721271603,0.48173828601960395,1.7952385333496488
False,85.0,2.699999999999998,645257.9091640739,rowcol,0.26223176918614827,0.02746086205990008,0.5007380114945811,0.49302449897492595,0.6131688059727106,0.5061172080793935,0.477399672175808,0.48173828605849,1.7952385334586691
False,-35.0,2.699999999999998,645257.9091640739,rowcol,0.26223176918614827,0.02746086205990008,0.5007380114945811,0.493024498974926,0.6131688059727107,0.5061172080793935,0.477399672175808,0.48173828605849,1.7952385334586693
True,35.0,-2.7,645257.9091640739,rowcol,0.2594043394283307,0.029704692349799184,0.4989328648429622,0.5011625496278982,0.5954619818663138,0.5257979129586676,0.47924723341837766,0.47946558817719137,1.7979611441567847
True,-85.0,-2.7,645257.9091640739,rowcol,0.2594043394283307,0.02970469234979918,0.4989328648429623,0.5011625496278982,0.5954619818663138,0.5257979129586676,0.47924723341837766,0.4794655881771913,1.797961144156785
True,25.0,-2.7,645257.9091640739,rowcol,0.2594043393103335,0.029704693380241967,0.49891441087185906,0.5022503007620692,0.5954620580079423,0.5253867228200428,0.4792245021301636,0.4819337398404881,1.7989935333776466
False,-90.0,2.999999999999998,645257.9091640739,rowcol,0.737964277670823,0.07661093692508768,0.4496518517491357,0.6586232930600686,0.348836493944787,0.802504344276589,0.46568250836250974,0.506936498892659,1.8075788483074757
False,30.0,2.999999999999998,645257.9091640739,rowcol,0.7379642776708231,0.07661093692508768,0.4496518517491357,0.6586232930600686,0.348836493944787,0.802504344276589,0.46568250836250974,0.506936498892659,1.8075788483074757
False,-30.0,-3.0,645257.9091640739,rowcol,0.737964277692072,0.076610936925375,0.4496518517964335,0.6586232930479062,0.3488364938546693,0.8025043442089467,0.4656825084288089,0.5069364989536219,1.8075788484372068
False,90.0,-3.0,645257.9091640739,rowcol,0.737964277692072,0.076610936925375,0.4496518517964335,0.6586232930479062,0.3488364938546693,0.8025043442089466,0.4656825084288089,0.5069364989536219,1.8075788484372068
True,-80.0,-2.85,645257.9091640739,rowcol,0.26342036651629563,0.031680633520292815,0.500579741157056,0.5107580307004658,0.6185064693157436,0.5367494201160264,0.47594614411462355,0.48782869889910085,1.8124972541716335
True,40.0,-2.85,645257.9091640739,rowcol,0.26342036651629563,0.031680633520292815,0.500579741157056,0.5107580307004657,0.6185064693157435,0.5367494201160264,0.47594614411462366,0.4878286988991008,1.8124972541716335
True,20.0,-2.85,645257.9091640739,rowcol,0.26342036640198757,0.03168063447074873,0.5005451602893639,0.513960339321817,0.6185065777962044,0.5360532532210786,0.47590311768789684,0.49461709822496397,1.8155958201899087
True,30.0,-2.7,645257.9091640739,rowcol,0.2556398114924121,0.02872767310027825,0.5059870580980907,0.5021065772207014,0.5954886205758227,0.5163733702802478,0.48790694011262964,0.4897867548492535,1.8200677515149737
True,-90.0,-2.7,645257.9091640739,rowcol,0.2556398114924121,0.02872767310027825,0.5059870580980907,0.5021065772207015,0.5954886205758227,0.5163733702802478,0.4879069401126296,0.4897867548492535,1.820067751514974
False,-80.0,-3.0,645257.9091640739,rowcol,0.2741916896626637,0.03264962967458203,0.511439799138593,0.5183801559305554,0.596511621260712,0.5278212878063419,0.4943580815904084,0.5103050644470037,1.8526995533463346
False,40.0,-3.0,645257.9091640739,rowcol,0.2741916896626637,0.03264962967458203,0.511439799138593,0.5183801559305554,0.596511621260712,0.5278212878063419,0.4943580815904085,0.5103050644470037,1.8526995533463346
False,-20.0,2.999999999999998,645257.9091640739,rowcol,0.2741916896608233,0.03264962967481166,0.511439799178656,0.5183801559783856,0.596511621285207,0.527821287858265,0.49435808163402306,0.5103050644912864,1.8526995535143538
False,20.0,-3.0,645257.9091640739,rowcol,0.27419168955305645,0.03264963059506429,0.5115686155985324,0.5228286896189404,0.5973344148727873,0.5295601546911901,0.49433456646672236,0.5170997671834578,1.8575345364145377
False,-40.0,2.999999999999998,645257.9091640739,rowcol,0.274191689551216,0.0326496305952939,0.5115686156386676,0.5228286896689958,0.5973344148975597,0.5295601547436789,0.4943345665103713,0.517099767231424,1.8575345365849987
False,80.0,2.999999999999998,645257.9091640739,rowcol,0.274191689551216,0.0326496305952939,0.5115686156386676,0.5228286896689958,0.5973344148975597,0.5295601547436789,0.4943345665103713,0.517099767231424,1.8575345365849987
False,-90.0,-2.7,645257.9091640739,rowcol,0.25268407744473176,0.025058152932149264,0.5156365254548527,0.5142379519962818,0.6496801218914801,0.541891104827209,0.4872458434665243,0.4897747668011034,1.86114752836084
False,30.0,-2.7,645257.9091640739,rowcol,0.25268407744473176,0.02505815293214926,0.5156365254548527,0.5142379519962818,0.6496801218914801,0.541891104827209,0.4872458434665243,0.4897747668011033,1.86114752836084
False,-30.0,2.699999999999998,645257.9091640739,rowcol,0.252684077422438,0.025058152930714492,0.5156365254807879,0.5142379519972509,0.6496801218089464,0.5418911047908789,0.48724584351903294,0.4897747668367812,1.8611475284396146
False,90.0,2.699999999999998,645257.9091640739,rowcol,0.252684077422438,0.025058152930714492,0.5156365254807879,0.5142379519972509,0.6496801218089464,0.5418911047908788,0.48724584351903294,0.4897747668367813,1.8611475284396146
False,-85.0,-2.85,645257.9091640739,rowcol,0.250286571588044,0.026396430979731936,0.5248876010966474,0.5138063329092936,0.6372281242074994,0.5267815195894416,0.5017071119780534,0.502635113711562,1.8884691361992358
False,35.0,-2.85,645257.9091640739,rowcol,0.250286571588044,0.026396430979731936,0.5248876010966474,0.5138063329092936,0.6372281242074994,0.5267815195894416,0.5017071119780534,0.502635113711562,1.8884691361992358
False,-25.0,2.849999999999998,645257.9091640739,rowcol,0.2502865715704524,0.02639643097860894,0.5248876011273682,0.5138063329318758,0.637228124149116,0.5267815195927744,0.5017071120295687,0.5026351137511222,1.8884691363139805
False,25.0,-2.85,645257.9091640739,rowcol,0.25028657146507227,0.026396432145729568,0.5249393481431658,0.5154892526725063,0.6375693172522022,0.5275707464262587,0.5016921083249363,0.505105190073652,1.8903072971020038
False,-35.0,2.849999999999998,645257.9091640739,rowcol,0.2502865714474807,0.026396432144606564,0.5249393481739282,0.5154892526963732,0.6375693171939996,0.5275707464298617,0.5016921083764735,0.5051051901153294,1.8903072972181578
False,85.0,2.849999999999998,645257.9091640739,rowcol,0.2502865714474807,0.026396432144606564,0.5249393481739282,0.5154892526963732,0.6375693171939996,0.5275707464298617,0.5016921083764736,0.5051051901153293,1.8903072972181578
True,-85.0,-2.85,645257.9091640739,rowcol,0.24708601722805473,0.02872064540790156,0.5229934544242908,0.5230041684250574,0.6185839587982009,0.5460187963820802,0.5036180947184028,0.5028343227459295,1.8919845316979298
True,35.0,-2.85,645257.9091640739,rowcol,0.24708601722805473,0.02872064540790156,0.5229934544242908,0.5230041684250574,0.6185839587982009,0.5460187963820802,0.5036180947184028,0.5028343227459295,1.8919845316979298
True,25.0,-2.85,645257.9091640739,rowcol,0.2470860171034901,0.028720646479540993,0.5229748714078003,0.5241044354344002,0.6185840361657151,0.5456008395276829,0.5035952617320866,0.5053187704493438,1.8930290496578013
True,40.0,-3.0,645257.9091640739,rowcol,0.25223012259587274,0.03093553414624645,0.5235223775442384,0.5321378343336584,0.6416302000379908,0.5560505434590032,0.4989906338269211,0.5111622437891264,1.9027049669663734
True,-80.0,-3.0,645257.9091640739,rowcol,0.25223012259587274,0.03093553414624645,0.5235223775442384,0.5321378343336585,0.641630200037991,0.5560505434590032,0.49899063382692105,0.5111622437891264,1.9027049669663736
True,20.0,-3.0,645257.9091640739,rowcol,0.252230122476722,0.030935535117731363,0.5234875719072686,0.5353735578928062,0.6416303101126547,0.5553431815515532,0.4989474345863362,0.5179836712527077,1.905836273614612
True,-90.0,-2.85,645257.9091640739,rowcol,0.24309304919038505,0.027651723343923764,0.5304219755785459,0.523960450938448,0.6186121050612617,0.5362271971118794,0.5127148771773472,0.5134174143393391,1.9152263776740857
True,30.0,-2.85,645257.9091640739,rowcol,0.24309304919038505,0.027651723343923764,0.5304219755785459,0.523960450938448,0.6186121050612617,0.5362271971118794,0.5127148771773472,0.5134174143393391,1.9152263776740857
False,-90.0,-2.85,645257.9091640739,rowcol,0.2400286484319313,0.0238071759624264,0.5405161060615227,0.540289896070762,0.6757808666397761,0.5706144790248321,0.5120242098769552,0.5134025320411159,1.9618382142553301
False,30.0,-2.85,645257.9091640739,rowcol,0.2400286484319313,0.023807175962426395,0.5405161060615227,0.540289896070762,0.6757808666397761,0.5706144790248321,0.5120242098769552,0.513402532041116,1.9618382142553301
False,-30.0,2.849999999999998,645257.9091640739,rowcol,0.24002864840813945,0.023807175960813498,0.5405161060893094,0.5402898960713906,0.675780866552655,0.5706144789850771,0.5120242099325941,0.5134025320794929,1.961838214339319
False,90.0,2.849999999999998,645257.9091640739,rowcol,0.24002864840813945,0.023807175960813498,0.5405161060893094,0.5402898960713906,0.675780866552655,0.5706144789850771,0.5120242099325941,0.5134025320794929,1.961838214339319
False,-85.0,-3.0,645257.9091640739,rowcol,0.23839761591997916,0.025362808754402066,0.549111986377461,0.5364119341204523,0.6616378686366402,0.5484149485851781,0.5260135014963173,0.5261055756253049,1.9837478932528352
False,35.0,-3.0,645257.9091640739,rowcol,0.23839761591997916,0.025362808754402066,0.549111986377461,0.5364119341204523,0.6616378686366402,0.5484149485851781,0.5260135014963173,0.5261055756253049,1.9837478932528352
False,-25.0,2.999999999999998,645257.9091640739,rowcol,0.23839761590161967,0.02536280875318018,0.5491119864101724,0.5364119341442388,0.6616378685754368,0.5484149485878101,0.526013501550722,0.526105575667646,1.983747893374756
False,25.0,-3.0,645257.9091640739,rowcol,0.23839761579084123,0.025362809968233552,0.5491640540618393,0.5381228073725255,0.6619837712860251,0.5492428577434714,0.5259984379891156,0.5285898977749958,1.9856149695580436
False,-35.0,2.999999999999998,645257.9091640739,rowcol,0.23839761577248175,0.02536280996701165,0.5491640540945925,0.5381228073976413,0.6619837712250054,0.5492428577464528,0.5259984380435425,0.5285898978194621,1.9856149696814187
False,85.0,2.999999999999998,645257.9091640739,rowcol,0.23839761577248172,0.025362809967011655,0.5491640540945925,0.5381228073976412,0.6619837712250054,0.5492428577464527,0.5259984380435426,0.528589897819462,1.9856149696814187
True,-85.0,-3.0,645257.9091640739,rowcol,0.2347783813468459,0.02775275414233331,0.5470769926250226,0.5450510796741969,0.6417117776788818,0.5665150791655985,0.5280026019156868,0.5263229054260138,1.9862820575492648
True,35.0,-3.0,645257.9091640739,rowcol,0.23477838134684587,0.02775275414233331,0.5470769926250226,0.5450510796741969,0.6417117776788818,0.5665150791655985,0.5280026019156868,0.5263229054260138,1.9862820575492648
True,25.0,-3.0,645257.9091640739,rowcol,0.2347783812157172,0.02775275525163496,0.5470582927004871,0.5461624428299503,0.6417118561832246,0.5660910455568647,0.5279796772138978,0.5288216414377893,1.9873373209314118
True,-90.0,-3.0,645257.9091640739,rowcol,0.23055292781014086,0.02658552126966525,0.5548792989613522,0.5460184132502415,0.6417414320378556,0.5563662025172209,0.5375358649676858,0.5371617405055594,2.0106563101342982
True,30.0,-3.0,645257.9091640739,rowcol,0.23055292781014086,0.02658552126966525,0.5548792989613524,0.5460184132502415,0.6417414320378556,0.5563662025172209,0.5375358649676858,0.5371617405055594,2.0106563101342987
False,-90.0,-3.0,645257.9091640739,rowcol,0.22739231967860896,0.022574115658188,0.5654165349748614,0.5665889628940058,0.701886054341043,0.5997227206831234,0.5368157024825162,0.53714393957375,2.0628385678185905
False,30.0,-3.0,645257.9091640739,rowcol,0.22739231967860896,0.022574115658188,0.5654165349748614,0.5665889628940058,0.701886054341043,0.5997227206831234,0.5368157024825162,0.53714393957375,2.0628385678185905
False,-30.0,2.999999999999998,645257.9091640739,rowcol,0.22739231965326354,0.022574115656376563,0.565416535004504,0.5665889628942904,0.701886054249335,0.5997227206399653,0.5368157025412859,0.5371439396148266,2.0628385679078023
False,90.0,2.999999999999998,645257.9091640739,rowcol,0.2273923196532635,0.022574115656376566,0.565416535004504,0.5665889628942904,0.701886054249335,0.5997227206399651,0.536815702541286,0.5371439396148266,2.0628385679078023
