apply_s1_correction,s1_theta_offset_deg,s1_scale,s1_condition,solver,Br_rms,Bt_rms,Br_L2_all,Bt_L2_all,Br_L2_edge,Bt_L2_edge,Br_L2_middle,Bt_L2_middle,objective
True,-90.0,0.29999999999999893,724840.9577377684,rowcol,0.5098473550948992,0.051560811935595155,0.07396626935657226,0.22674343497088445,0.13430811745849291,0.28518454867206655,0.05639319701351299,0.162025192503349,0.3007097043274567
True,30.0,0.29999999999999893,724840.9577377684,rowcol,0.5098473550948992,0.051560811935595155,0.07396626935657226,0.22674343497088445,0.13430811745849291,0.28518454867206655,0.05639319701351299,0.162025192503349,0.3007097043274567
True,20.0,0.29999999999999893,724840.9577377684,rowcol,0.5078548658880815,0.05126480493022148,0.07559337579961299,0.22642403673538128,0.13431925894584024,0.28115912122615944,0.0588842423688579,0.1670418021768354,0.30201741253499426
True,-80.0,0.29999999999999893,724840.9577377684,rowcol,0.5078548658725422,0.05126480508416124,0.07556652390677157,0.2272553749972801,0.1343193180128065,0.2810030724702479,0.05884345606284136,0.16932539317455558,0.30282189890405165
True,40.0,0.29999999999999893,724840.9577377684,rowcol,0.5078548658725422,0.05126480508416124,0.07556652390677157,0.22725537499728013,0.13431931801280653,0.28100307247024797,0.05884345606284135,0.16932539317455558,0.3028218989040517
True,-90.0,0.14999999999999894,724840.9577377684,rowcol,0.4959356817489666,0.05028306349403876,0.07941028538163347,0.22349553494125182,0.15834058272519727,0.28240719988671104,0.053715905292073915,0.15775221947248017,0.30290582032288527
True,30.0,0.14999999999999894,724840.9577377684,rowcol,0.4959356817489666,0.05028306349403876,0.07941028538163347,0.22349553494125182,0.15834058272519727,0.28240719988671104,0.053715905292073915,0.1577522194724802,0.30290582032288527
True,20.0,0.14999999999999894,724840.9577377684,rowcol,0.4949350090705679,0.050132263511679306,0.08070527939089545,0.22340422440181798,0.15834631627453488,0.28047339542374283,0.05594829262912548,0.16039344137121825,0.3041095037927134
True,-80.0,0.14999999999999894,724840.9577377684,rowcol,0.49493500906281257,0.050132263588243894,0.0806927051081596,0.2238258875063541,0.1583463413266878,0.28039519108759664,0.055926832648751125,0.16158625690317793,0.3045185926145137
True,40.0,0.14999999999999894,724840.9577377684,rowcol,0.49493500906281257,0.050132263588243894,0.0806927051081596,0.2238258875063541,0.1583463413266878,0.28039519108759664,0.05592683264875112,0.16158625690317793,0.3045185926145137
True,10.0,0.29999999999999893,724840.9577377684,rowcol,0.49967909515472636,0.05032213368154919,0.07975184647381511,0.22524866235013286,0.1343443408892092,0.27822453444507245,0.06503749679493234,0.1682443029257636,0.30500050882394797
True,10.0,0.14999999999999894,724840.9577377684,rowcol,0.4907967219239101,0.04965543641498255,0.08359175766351574,0.22308911630578446,0.15835863191317748,0.2797754355231068,0.06074688557101946,0.1606110009322116,0.3066808739693002
True,-70.0,0.29999999999999893,724840.9577377684,rowcol,0.49967909535527566,0.05032213169017292,0.07974597243166487,0.22757988328689713,0.1343443671313737,0.2781240598450469,0.06502897070456666,0.17405914007743975,0.30732585571856197
True,50.0,0.29999999999999893,724840.9577377684,rowcol,0.49967909535527566,0.05032213169017292,0.07974597243166487,0.22757988328689716,0.13434436713137374,0.2781240598450469,0.06502897070456666,0.17405914007743975,0.307325855718562
True,-70.0,0.14999999999999894,724840.9577377684,rowcol,0.49079672202358443,0.04965543542979627,0.08358895556071046,0.22426898245816992,0.15835864304451422,0.27972548126851277,0.06074232146209055,0.163679915761206,0.3078579380188804
True,50.0,0.14999999999999894,724840.9577377684,rowcol,0.49079672202358443,0.04965543542979627,0.08358895556071044,0.22426898245816992,0.15835864304451422,0.27972548126851277,0.06074232146209055,0.163679915761206,0.3078579380188804
True,0.0,0.14999999999999894,724840.9577377684,rowcol,0.48416959305309226,0.04921809672344541,0.08670549237956739,0.2231226160977031,0.1583614220322644,0.28068264593346737,0.065703414284329,0.15936062486457533,0.3098281084772705
False,-30.0,-0.15000000000000105,724840.9577377684,rowcol,0.4961642560843153,0.05052406002971595,0.07834831591177922,0.2325971819928549,0.15472602992132217,0.298066666133611,0.05379211276907811,0.1577452040781877,0.3109454979046341
False,90.0,-0.15000000000000105,724840.9577377684,rowcol,0.4961642560843153,0.05052406002971595,0.07834831591177922,0.2325971819928549,0.15472602992132217,0.29806666613361105,0.05379211276907811,0.1577452040781877,0.3109454979046341
False,-90.0,0.14999999999999894,724840.9577377684,rowcol,0.49616425608528925,0.05052406002978097,0.07834831591313472,0.23259718199203924,0.15472602992434512,0.29806666613109767,0.0537921127698273,0.1577452040799675,0.31094549790517395
False,30.0,0.14999999999999894,724840.9577377684,rowcol,0.49616425608528925,0.05052406002978097,0.07834831591313472,0.23259718199203924,0.15472602992434512,0.29806666613109767,0.053792112769827295,0.1577452040799675,0.31094549790517395
True,0.0,0.29999999999999893,724840.9577377684,rowcol,0.48656270468881363,0.049454559531834086,0.08584403345344727,0.2252402379869074,0.13435028044823602,0.2797013145408444,0.07363637915259447,0.1661512536742971,0.31108427144035466
True,-90.0,0.44999999999999896,724840.9577377684,rowcol,0.5237599306179902,0.052840433711398904,0.07825505207192436,0.23305520835915283,0.11099248584995877,0.2902769593535075,0.07067212806433205,0.17067651552522764,0.3113102604310772
True,30.0,0.44999999999999896,724840.9577377684,rowcol,0.5237599306179902,0.052840433711398904,0.07825505207192437,0.23305520835915283,0.11099248584995879,0.2902769593535075,0.07067212806433205,0.17067651552522764,0.31131026043107723
True,-60.0,0.14999999999999894,724840.9577377684,rowcol,0.48416959328759474,0.04921809441659135,0.086721551256342,0.2245948917623534,0.1583614251201547,0.28068751593321345,0.06572846543043832,0.16311659280488958,0.3113164430186954
True,60.0,0.14999999999999894,724840.9577377684,rowcol,0.48416959328759474,0.04921809441659135,0.086721551256342,0.2245948917623534,0.1583614251201547,0.28068751593321345,0.06572846543043834,0.16311659280488958,0.3113164430186954
True,20.0,0.44999999999999896,724840.9577377684,rowcol,0.5207838270647048,0.05240446559845386,0.07894210201170902,0.23238529954597445,0.11100839347013101,0.2840543787651128,0.07156531823927195,0.1776569590497928,0.31132740155768346
False,-40.0,-0.15000000000000105,724840.9577377684,rowcol,0.4942494169051323,0.05014939977920211,0.08394761119982658,0.2275608362322708,0.16760256330427045,0.2877378384607454,0.056669530405981966,0.16032960409172206,0.3115084474320974
False,80.0,-0.15000000000000105,724840.9577377684,rowcol,0.4942494169051323,0.05014939977920211,0.08394761119982658,0.22756083623227077,0.16760256330427045,0.2877378384607454,0.056669530405981966,0.16032960409172206,0.3115084474320974
False,20.0,0.14999999999999894,724840.9577377684,rowcol,0.4942494169055899,0.05014939977921944,0.08394761120089436,0.22756083623206377,0.16760256330652304,0.28773783845994105,0.056669530406637726,0.16032960409239508,0.31150844743295814
True,10.0,0.44999999999999896,724840.9577377684,rowcol,0.5086663124040911,0.051006697536459894,0.0821409254908361,0.22985289835339245,0.11104673775178583,0.27737214010477845,0.07569176156811744,0.18044951570913037,0.3119938238442286
False,-20.0,-0.15000000000000105,724840.9577377684,rowcol,0.4942494168973663,0.05014939985574054,0.08399070467016559,0.22811832414922903,0.16776396452369036,0.287915012796129,0.056657968531175454,0.16151620841971756,0.3121090288193946
False,-80.0,0.14999999999999894,724840.9577377684,rowcol,0.4942494168978238,0.05014939985575787,0.08399070467125212,0.22811832414927763,0.16776396452599143,0.28791501279537696,0.05665796853183781,0.16151620842097153,0.31210902882052977
False,40.0,0.14999999999999894,724840.9577377684,rowcol,0.4942494168978238,0.05014939985575787,0.08399070467125212,0.22811832414927763,0.16776396452599143,0.28791501279537696,0.05665796853183781,0.16151620842097153,0.31210902882052977
True,-80.0,0.44999999999999896,724840.9577377684,rowcol,0.5207838270413554,0.05240446583049525,0.07890353017077771,0.23359937776803236,0.11100850067593052,0.2838226612327035,0.07151497923415921,0.180870625700488,0.3125029079388101
True,40.0,0.44999999999999896,724840.9577377684,rowcol,0.5207838270413554,0.05240446583049525,0.07890353017077772,0.23359937776803236,0.11100850067593053,0.2838226612327035,0.07151497923415921,0.180870625700488,0.3125029079388101
True,-10.0,0.14999999999999894,724840.9577377684,rowcol,0.4774646034116283,0.048776258728392204,0.09001687003686408,0.22339791210837723,0.15836418420495124,0.2817741379372677,0.0707717607780738,0.1584481466033719,0.3134147821452413
True,-60.0,0.29999999999999893,724840.9577377684,rowcol,0.48656270515551187,0.04945455494018592,0.08587647038975718,0.2281479607432843,0.13435028772775473,0.27971108862711874,0.07368107880011641,0.1732878163046587,0.31402443113304146
True,60.0,0.29999999999999893,724840.9577377684,rowcol,0.48656270515551187,0.04945455494018592,0.08587647038975718,0.2281479607432843,0.13435028772775473,0.27971108862711874,0.0736810788001164,0.1732878163046587,0.31402443113304146
True,-50.0,0.14999999999999894,724840.9577377684,rowcol,0.47746460350912096,0.04877625777404959,0.09001426784408989,0.22457616032008768,0.15836419533589777,0.2817245380847153,0.07076784306561687,0.1615581628819529,0.3145904281641776
True,70.0,0.14999999999999894,724840.9577377684,rowcol,0.47746460350912096,0.04877625777404959,0.09001426784408989,0.22457616032008768,0.1583641953358978,0.2817245380847153,0.07076784306561687,0.1615581628819529,0.3145904281641776
True,-70.0,0.44999999999999896,724840.9577377684,rowcol,0.5086663127065907,0.05100669451977088,0.08213237073404302,0.23327198075279926,0.11104678537343536,0.27722095114290296,0.07568077274871186,0.18854092511383005,0.31540435148684226
True,50.0,0.44999999999999896,724840.9577377684,rowcol,0.5086663127065907,0.05100669451977088,0.08213237073404302,0.23327198075279923,0.11104678537343539,0.27722095114290296,0.07568077274871186,0.18854092511383005,0.31540435148684226
False,-40.0,-1.0547118733938987e-15,724840.9577377684,rowcol,0.48202498869312377,0.0490073349150095,0.09289136903055077,0.223445153566082,0.1828073879324502,0.28201331949254677,0.06411058509300799,0.15821274341870187,0.31633652259663275
False,-30.0,-1.0547118733938987e-15,724840.9577377684,rowcol,0.48202498869312377,0.0490073349150095,0.09289136903055073,0.22344515356608202,0.18280738793245008,0.2820133194925469,0.06411058509300797,0.15821274341870184,0.31633652259663275
False,-20.0,-1.0547118733938987e-15,724840.9577377684,rowcol,0.48202498869312377,0.0490073349150095,0.09289136903055077,0.223445153566082,0.1828073879324502,0.28201331949254677,0.064110585093008,0.15821274341870187,0.31633652259663275
False,80.0,-1.0547118733938987e-15,724840.9577377684,rowcol,0.48202498869312377,0.0490073349150095,0.09289136903055077,0.223445153566082,0.1828073879324502,0.28201331949254677,0.06411058509300799,0.15821274341870187,0.31633652259663275
False,90.0,-1.0547118733938987e-15,724840.9577377684,rowcol,0.48202498869312377,0.0490073349150095,0.09289136903055073,0.22344515356608202,0.18280738793245008,0.2820133194925469,0.06411058509300797,0.15821274341870184,0.31633652259663275
False,-50.0,-1.0547118733938987e-15,724840.9577377684,rowcol,0.4820249886931237,0.04900733491500949,0.09289136903055084,0.22344515356608197,0.18280738793245033,0.2820133194925467,0.06411058509300804,0.15821274341870187,0.3163365225966328
False,-10.0,-1.0547118733938987e-15,724840.9577377684,rowcol,0.48202498869312377,0.04900733491500949,0.09289136903055084,0.22344515356608197,0.18280738793245033,0.2820133194925467,0.06411058509300806,0.1582127434187019,0.3163365225966328
False,0.0,-1.0547118733938987e-15,724840.9577377684,rowcol,0.48202498869312366,0.04900733491500949,0.09289136903055085,0.22344515356608197,0.18280738793245033,0.2820133194925467,0.06411058509300809,0.1582127434187019,0.3163365225966328
False,70.0,-1.0547118733938987e-15,724840.9577377684,rowcol,0.4820249886931237,0.04900733491500949,0.09289136903055084,0.22344515356608197,0.18280738793245033,0.2820133194925467,0.06411058509300804,0.15821274341870187,0.3163365225966328
False,-70.0,-1.0547118733938987e-15,724840.9577377684,rowcol,0.4820249886931236,0.049007334915009484,0.09289136903055087,0.223445153566082,0.18280738793245033,0.2820133194925467,0.0641105850930081,0.1582127434187019,0.31633652259663286
False,-60.0,-1.0547118733938987e-15,724840.9577377684,rowcol,0.48202498869312366,0.04900733491500949,0.09289136903055085,0.223445153566082,0.18280738793245033,0.2820133194925467,0.06411058509300807,0.15821274341870184,0.31633652259663286
False,10.0,-1.0547118733938987e-15,724840.9577377684,rowcol,0.4820249886931236,0.04900733491500949,0.09289136903055088,0.223445153566082,0.18280738793245033,0.2820133194925467,0.06411058509300811,0.1582127434187019,0.31633652259663286
False,20.0,-1.0547118733938987e-15,724840.9577377684,rowcol,0.4820249886931236,0.049007334915009484,0.09289136903055092,0.22344515356608194,0.1828073879324504,0.2820133194925467,0.06411058509300815,0.1582127434187019,0.31633652259663286
False,50.0,-1.0547118733938987e-15,724840.9577377684,rowcol,0.4820249886931236,0.049007334915009484,0.09289136903055087,0.223445153566082,0.18280738793245033,0.2820133194925467,0.0641105850930081,0.1582127434187019,0.31633652259663286
False,60.0,-1.0547118733938987e-15,724840.9577377684,rowcol,0.48202498869312366,0.04900733491500949,0.09289136903055085,0.223445153566082,0.18280738793245033,0.2820133194925467,0.06411058509300807,0.15821274341870184,0.31633652259663286
True,-60.0,-1.0547118733938987e-15,724840.9577377684,rowcol,0.48202498869312366,0.04900733491500949,0.09289136903055091,0.22344515356608197,0.18280738793245047,0.2820133194925467,0.06411058509300809,0.15821274341870184,0.31633652259663286
True,-50.0,-1.0547118733938987e-15,724840.9577377684,rowcol,0.48202498869312366,0.04900733491500949,0.09289136903055088,0.22344515356608197,0.18280738793245047,0.2820133194925467,0.06411058509300806,0.15821274341870187,0.31633652259663286
True,-40.0,-1.0547118733938987e-15,724840.9577377684,rowcol,0.48202498869312377,0.04900733491500949,0.09289136903055088,0.22344515356608197,0.18280738793245047,0.2820133194925467,0.06411058509300802,0.15821274341870187,0.31633652259663286
True,-30.0,-1.0547118733938987e-15,724840.9577377684,rowcol,0.48202498869312377,0.04900733491500949,0.09289136903055087,0.223445153566082,0.18280738793245047,0.2820133194925467,0.06411058509300799,0.15821274341870184,0.31633652259663286
True,-20.0,-1.0547118733938987e-15,724840.9577377684,rowcol,0.48202498869312377,0.04900733491500949,0.09289136903055088,0.22344515356608197,0.18280738793245047,0.2820133194925467,0.06411058509300802,0.15821274341870187,0.31633652259663286
True,-10.0,-1.0547118733938987e-15,724840.9577377684,rowcol,0.4820249886931237,0.04900733491500949,0.0928913690305509,0.22344515356608197,0.18280738793245047,0.2820133194925467,0.06411058509300806,0.1582127434187019,0.31633652259663286
True,60.0,-1.0547118733938987e-15,724840.9577377684,rowcol,0.48202498869312366,0.04900733491500949,0.09289136903055091,0.22344515356608197,0.18280738793245047,0.2820133194925467,0.06411058509300809,0.15821274341870184,0.31633652259663286
True,70.0,-1.0547118733938987e-15,724840.9577377684,rowcol,0.48202498869312366,0.04900733491500949,0.09289136903055088,0.22344515356608197,0.18280738793245047,0.2820133194925467,0.06411058509300806,0.15821274341870187,0.31633652259663286
True,80.0,-1.0547118733938987e-15,724840.9577377684,rowcol,0.48202498869312377,0.04900733491500949,0.09289136903055088,0.22344515356608197,0.18280738793245047,0.2820133194925467,0.06411058509300802,0.15821274341870187,0.31633652259663286
True,90.0,-1.0547118733938987e-15,724840.9577377684,rowcol,0.48202498869312377,0.04900733491500949,0.09289136903055087,0.223445153566082,0.18280738793245047,0.2820133194925467,0.06411058509300799,0.15821274341870184,0.31633652259663286
False,-90.0,-1.0547118733938987e-15,724840.9577377684,rowcol,0.4820249886931236,0.04900733491500948,0.09289136903055098,0.22344515356608194,0.18280738793245055,0.28201331949254665,0.06411058509300818,0.1582127434187019,0.3163365225966329
False,-80.0,-1.0547118733938987e-15,724840.9577377684,rowcol,0.4820249886931236,0.049007334915009484,0.09289136903055092,0.22344515356608197,0.1828073879324504,0.2820133194925467,0.06411058509300815,0.15821274341870187,0.3163365225966329
False,30.0,-1.0547118733938987e-15,724840.9577377684,rowcol,0.4820249886931236,0.04900733491500948,0.09289136903055098,0.22344515356608194,0.18280738793245055,0.28201331949254665,0.06411058509300818,0.1582127434187019,0.3163365225966329
False,40.0,-1.0547118733938987e-15,724840.9577377684,rowcol,0.4820249886931236,0.049007334915009484,0.09289136903055092,0.22344515356608197,0.1828073879324504,0.2820133194925467,0.06411058509300815,0.15821274341870187,0.3163365225966329
True,-80.0,-1.0547118733938987e-15,724840.9577377684,rowcol,0.4820249886931236,0.049007334915009484,0.09289136903055095,0.223445153566082,0.18280738793245047,0.2820133194925467,0.06411058509300815,0.15821274341870187,0.3163365225966329
True,-70.0,-1.0547118733938987e-15,724840.9577377684,rowcol,0.4820249886931236,0.04900733491500949,0.09289136903055092,0.223445153566082,0.18280738793245047,0.2820133194925467,0.06411058509300811,0.1582127434187019,0.3163365225966329
True,0.0,-1.0547118733938987e-15,724840.9577377684,rowcol,0.48202498869312366,0.04900733491500949,0.09289136903055091,0.223445153566082,0.18280738793245047,0.2820133194925467,0.0641105850930081,0.1582127434187019,0.3163365225966329
True,10.0,-1.0547118733938987e-15,724840.9577377684,rowcol,0.4820249886931236,0.04900733491500949,0.09289136903055092,0.223445153566082,0.18280738793245047,0.2820133194925467,0.06411058509300811,0.1582127434187019,0.3163365225966329
True,20.0,-1.0547118733938987e-15,724840.9577377684,rowcol,0.4820249886931236,0.049007334915009484,0.09289136903055095,0.223445153566082,0.18280738793245047,0.2820133194925467,0.06411058509300815,0.1582127434187019,0.3163365225966329
True,40.0,-1.0547118733938987e-15,724840.9577377684,rowcol,0.4820249886931236,0.049007334915009484,0.09289136903055095,0.223445153566082,0.18280738793245047,0.2820133194925467,0.06411058509300815,0.15821274341870187,0.3163365225966329
True,50.0,-1.0547118733938987e-15,724840.9577377684,rowcol,0.4820249886931236,0.04900733491500949,0.09289136903055092,0.223445153566082,0.18280738793245047,0.2820133194925467,0.06411058509300811,0.1582127434187019,0.3163365225966329
True,-90.0,-1.0547118733938987e-15,724840.9577377684,rowcol,0.4820249886931236,0.049007334915009484,0.09289136903055098,0.223445153566082,0.18280738793245047,0.2820133194925467,0.06411058509300818,0.1582127434187019,0.316336522596633
True,30.0,-1.0547118733938987e-15,724840.9577377684,rowcol,0.4820249886931236,0.049007334915009484,0.09289136903055098,0.223445153566082,0.18280738793245047,0.2820133194925467,0.06411058509300818,0.1582127434187019,0.316336522596633
False,70.0,-0.15000000000000105,724840.9577377684,rowcol,0.48898415467181977,0.04947012992026377,0.09222828055617498,0.2242636061041896,0.18381932480887408,0.28191659797009333,0.06242928511828883,0.16047346829937859,0.3164918866603646
False,-50.0,-0.15000000000000105,724840.9577377684,rowcol,0.48898415467181977,0.04947012992026377,0.09222828055617499,0.22426360610418963,0.18381932480887408,0.28191659797009333,0.06242928511828883,0.1604734682993786,0.31649188666036465
False,10.0,0.14999999999999894,724840.9577377684,rowcol,0.48898415467135875,0.04947012992023459,0.09222828055626785,0.2242636061048637,0.1838193248080588,0.28191659797170276,0.062429285118888594,0.16047346829873507,0.31649188666113154
False,-40.0,-0.30000000000000104,724840.9577377684,rowcol,0.5065137315442408,0.05130511739103398,0.08225901792069755,0.23516592164748173,0.15515686074475202,0.2965490466163497,0.06009850457173884,0.1668967376125983,0.3174249395681793
False,80.0,-0.30000000000000104,724840.9577377684,rowcol,0.5065137315442408,0.05130511739103398,0.08225901792069755,0.23516592164748173,0.15515686074475202,0.2965490466163497,0.06009850457173884,0.16689673761259832,0.3174249395681793
False,20.0,0.29999999999999893,724840.9577377684,rowcol,0.506513731545183,0.051305117391074156,0.08225901792403367,0.23516592164764857,0.15515686075041754,0.2965490466152424,0.06009850457447132,0.16689673761468587,0.3174249395716823
False,-30.0,-0.30000000000000104,724840.9577377684,rowcol,0.5103063829135217,0.052043232088686796,0.07205876933100615,0.24554801624248768,0.12711864216562635,0.31745485721386163,0.05651083165726095,0.1620105333025398,0.3176067855734938
False,90.0,-0.30000000000000104,724840.9577377684,rowcol,0.5103063829135217,0.052043232088686796,0.07205876933100615,0.24554801624248768,0.12711864216562635,0.3174548572138616,0.05651083165726095,0.1620105333025398,0.3176067855734938
False,-90.0,0.29999999999999893,724840.9577377684,rowcol,0.510306382915464,0.05204323208881437,0.07205876933526502,0.24554801624105488,0.12711864217157592,0.317454857208809,0.056510831661241996,0.16201053330686815,0.3176067855763199
False,30.0,0.29999999999999893,724840.9577377684,rowcol,0.510306382915464,0.05204323208881437,0.07205876933526502,0.2455480162410549,0.12711864217157592,0.317454857208809,0.05651083166124199,0.16201053330686818,0.31760678557631994
False,-10.0,-0.15000000000000105,724840.9577377684,rowcol,0.4889841547718635,0.04947012893138716,0.09232592296682139,0.2256563690584132,0.18410858630515464,0.28226092322625285,0.062444545303664695,0.16352976985185272,0.3179822920252346
False,-70.0,0.14999999999999894,724840.9577377684,rowcol,0.48898415477140256,0.04947012893135797,0.09232592296693211,0.22565636905932368,0.18410858630438107,0.28226092322791196,0.062444545304273937,0.16352976985175743,0.3179822920262558
False,50.0,0.14999999999999894,724840.9577377684,rowcol,0.48898415477140256,0.04947012893135797,0.09232592296693211,0.22565636905932368,0.18410858630438107,0.28226092322791196,0.062444545304273937,0.16352976985175743,0.3179822920262558
True,-10.0,0.29999999999999893,724840.9577377684,rowcol,0.47313977821041386,0.04856917511840001,0.09268910942455677,0.22560718026072085,0.13435616592286231,0.28181066106014263,0.08286651190176691,0.16405704974164287,0.3182962896852776
True,-20.0,0.14999999999999894,724840.9577377684,rowcol,0.473256862352894,0.048288831529306776,0.09423995414965695,0.22409186721683177,0.15837647771555607,0.2821055082297257,0.07699286515786634,0.15975096445573325,0.31833182136648874
False,-20.0,-0.30000000000000104,724840.9577377684,rowcol,0.5065137315286604,0.05130511754485278,0.08234694965386657,0.236243147082047,0.1555053329286635,0.296891823707069,0.06007669842043958,0.1691695262834094,0.31859009673591354
False,-80.0,0.29999999999999893,724840.9577377684,rowcol,0.5065137315296026,0.05130511754489296,0.0823469496572385,0.2362431470827056,0.1555053329344256,0.29689182370606304,0.06007669842318525,0.1691695262865876,0.3185900967399441
False,40.0,0.29999999999999893,724840.9577377684,rowcol,0.5065137315296026,0.05130511754489296,0.08234694965723849,0.2362431470827056,0.1555053329344256,0.29689182370606304,0.06007669842318524,0.1691695262865876,0.3185900967399441
True,-40.0,0.14999999999999894,724840.9577377684,rowcol,0.4732568623452377,0.048288831604342296,0.0942291860088358,0.22451223844437712,0.15837650276293802,0.2820277564674899,0.07697727228977026,0.1609485405349988,0.3187414244532129
True,80.0,0.14999999999999894,724840.9577377684,rowcol,0.4732568623452377,0.048288831604342296,0.09422918600883581,0.22451223844437712,0.15837650276293808,0.2820277564674899,0.07697727228977026,0.1609485405349988,0.31874142445321296
True,0.0,0.44999999999999896,724840.9577377684,rowcol,0.4892006766096059,0.049716356621335306,0.09045923641447606,0.22973055006793727,0.11105635816107785,0.27907301061585604,0.08617598377290087,0.17793977408384598,0.32018978648241336
True,-50.0,0.29999999999999893,724840.9577377684,rowcol,0.473139778402171,0.0485691732503853,0.09268405491930796,0.2279347517509277,0.13435619216271727,0.2817114654831541,0.0828598198787186,0.170015201856197,0.3206188066702357
True,70.0,0.29999999999999893,724840.9577377684,rowcol,0.473139778402171,0.0485691732503853,0.09268405491930796,0.2279347517509277,0.1343561921627173,0.2817114654831541,0.0828598198787186,0.17001520185619698,0.3206188066702357
True,-30.0,0.14999999999999894,724840.9577377684,rowcol,0.4722554129207383,0.04813230675586918,0.09621705081441781,0.2244679639296381,0.15838227573014182,0.28010186619813565,0.07982954214869789,0.1636407406967491,0.3206850147440559
True,90.0,0.14999999999999894,724840.9577377684,rowcol,0.4722554129207383,0.04813230675586917,0.09621705081441781,0.2244679639296381,0.15838227573014182,0.28010186619813565,0.07982954214869789,0.1636407406967491,0.3206850147440559
False,0.0,0.14999999999999894,724840.9577377684,rowcol,0.4821801778595202,0.04903196753599072,0.09586788435229059,0.2248331126052587,0.18603515143255586,0.28374750048407854,0.06750862805561166,0.1592218560987216,0.3207009969575493
False,-60.0,-0.15000000000000105,724840.9577377684,rowcol,0.48218017786040707,0.04903196753601999,0.0958678843531848,0.22483311260453434,0.18603515143599347,0.2837475004820766,0.06750862805538625,0.15922185609983888,0.32070099695771914
False,60.0,-0.15000000000000105,724840.9577377684,rowcol,0.48218017786040707,0.04903196753601999,0.0958678843531848,0.22483311260453434,0.18603515143599342,0.2837475004820766,0.06750862805538624,0.15922185609983888,0.32070099695771914
True,-30.0,-0.15000000000000105,724840.9577377684,rowcol,0.4919947996466511,0.049890310331056925,0.09740225624571518,0.22457937959275295,0.20751428099754887,0.28449055742733675,0.058027562825384814,0.15743753131106286,0.3219816358384681
True,90.0,-0.15000000000000105,724840.9577377684,rowcol,0.4919947996466511,0.049890310331056925,0.09740225624571518,0.22457937959275295,0.20751428099754887,0.28449055742733675,0.058027562825384814,0.15743753131106286,0.3219816358384681
False,-60.0,0.14999999999999894,724840.9577377684,rowcol,0.4821801780949902,0.049031965220379656,0.0959921743768765,0.22652125948181265,0.18635958418199672,0.2841607863593292,0.06755431485073896,0.1629630590034568,0.32251343385868914
False,60.0,0.14999999999999894,724840.9577377684,rowcol,0.4821801780949902,0.049031965220379656,0.0959921743768765,0.22652125948181265,0.18635958418199672,0.2841607863593292,0.06755431485073897,0.1629630590034568,0.32251343385868914
False,0.0,-0.15000000000000105,724840.9577377684,rowcol,0.48218017809587704,0.04903196522040893,0.09599217437776957,0.22652125948109367,0.1863595841854283,0.28416078635733,0.0675543148505137,0.16296305900454847,0.3225134338588632
True,-40.0,-0.15000000000000105,724840.9577377684,rowcol,0.4909861246766871,0.0497393398258618,0.09846149364251568,0.22458248126064936,0.2075201941425324,0.28274237347500486,0.060100196133319204,0.16007213798970485,0.32304397490316505
True,80.0,-0.15000000000000105,724840.9577377684,rowcol,0.4909861246766871,0.0497393398258618,0.09846149364251566,0.22458248126064936,0.2075201941425324,0.28274237347500486,0.060100196133319204,0.16007213798970488,0.32304397490316505
True,-20.0,-0.15000000000000105,724840.9577377684,rowcol,0.4909861246688695,0.04973933990303122,0.09845118722709656,0.2250019362728224,0.20752021325834077,0.28266479689344604,0.060080219184606064,0.16126733006248462,0.32345312349991895
True,-60.0,0.44999999999999896,724840.9577377684,rowcol,0.4892006773058782,0.04971634977013105,0.09050540637585952,0.23399490680119045,0.11105637137065943,0.2790877046231793,0.08623327511404018,0.1878728438975546,0.32450031317704997
True,60.0,0.44999999999999896,724840.9577377684,rowcol,0.4892006773058782,0.04971634977013105,0.0905054063758595,0.23399490680119045,0.11105637137065943,0.2790877046231793,0.08623327511404018,0.1878728438975546,0.32450031317704997
False,-10.0,0.14999999999999894,724840.9577377684,rowcol,0.475276414022144,0.048586199087316505,0.09935970198416284,0.22537346747253412,0.18737403727749116,0.2853007108012086,0.07261020975366973,0.15829134381111185,0.32473316945669695
False,-70.0,-0.15000000000000105,724840.9577377684,rowcol,0.47527641402266074,0.04858619908735393,0.0993597019848423,0.2253734674723165,0.18737403727966528,0.28530071080038355,0.07261020975374632,0.15829134381179183,0.3247331694571588
False,50.0,-0.15000000000000105,724840.9577377684,rowcol,0.47527641402266074,0.04858619908735393,0.0993597019848423,0.2253734674723165,0.1873740372796653,0.2853007108003836,0.07261020975374632,0.15829134381179183,0.3247331694571588
False,-50.0,0.14999999999999894,724840.9577377684,rowcol,0.4752764141200855,0.048586198129240685,0.09945034277230343,0.22675941917385667,0.18765781951136185,0.2856409586257746,0.0726233305266222,0.16138898585117703,0.3262097619461601
False,70.0,0.14999999999999894,724840.9577377684,rowcol,0.4752764141200854,0.048586198129240685,0.09945034277230343,0.22675941917385667,0.18765781951136185,0.2856409586257746,0.0726233305266222,0.16138898585117703,0.3262097619461601
False,10.0,-0.15000000000000105,724840.9577377684,rowcol,0.4752764141206022,0.04858619812927812,0.09945034277299895,0.22675941917387973,0.18765781951357238,0.28564095862500144,0.07262333052670707,0.16138898585238742,0.3262097619468787
False,-50.0,-0.30000000000000104,724840.9577377684,rowcol,0.4961450505702653,0.049974515861425414,0.09758134329606405,0.22925692679131443,0.1906002793682995,0.28550631193105747,0.06808739747572487,0.16795174991035497,0.3268382700873785
False,70.0,-0.30000000000000104,724840.9577377684,rowcol,0.4961450505702653,0.049974515861425414,0.09758134329606405,0.22925692679131443,0.1906002793682995,0.28550631193105747,0.06808739747572486,0.16795174991035497,0.3268382700873785
False,10.0,0.29999999999999893,724840.9577377684,rowcol,0.4961450505693976,0.0499745158613748,0.09758134329703597,0.2292569267932849,0.19060027936811688,0.28550631193499787,0.06808739747746491,0.16795174990967346,0.32683827009032085
True,10.0,0.599999999999999,724840.9577377684,rowcol,0.5177529140156015,0.05170841838133289,0.09026575110638745,0.2367592422417512,0.08903024435823359,0.2772246957605451,0.0904891399361285,0.19637601782931044,0.32702499334813867
True,70.0,-0.15000000000000105,724840.9577377684,rowcol,0.4868143139513335,0.04926206704270609,0.100841698274437,0.2245753897022684,0.20753205662586732,0.2825769644205688,0.06459093029797477,0.16029929950266328,0.3271004845255794
True,-50.0,-0.15000000000000105,724840.9577377684,rowcol,0.4868143139513335,0.04926206704270609,0.10084169827443701,0.2245753897022684,0.20753205662586735,0.2825769644205688,0.06459093029797477,0.16029929950266328,0.32710048452557944
True,-10.0,-0.15000000000000105,724840.9577377684,rowcol,0.4868143140518232,0.049262066049652865,0.1008393755103947,0.22574748800054584,0.2075320651197035,0.28252750551034717,0.06458663783463606,0.163374069619438,0.32826561453172987
False,-10.0,-0.30000000000000104,724840.9577377684,rowcol,0.49614505077224313,0.049974513856197327,0.09776583867741355,0.23197301556926198,0.19115784381358317,0.28618392041219887,0.0681153794095925,0.17374777658638205,0.32973885424667554
False,-70.0,0.29999999999999893,724840.9577377684,rowcol,0.49614505077137544,0.04997451385614671,0.09776583867841754,0.23197301557167788,0.191157843813479,0.2861839204162325,0.06811537941134951,0.17374777658673274,0.3297388542500954
False,50.0,0.29999999999999893,724840.9577377684,rowcol,0.49614505077137544,0.04997451385614671,0.09776583867841754,0.23197301557167788,0.191157843813479,0.2861839204162325,0.06811537941134951,0.1737477765867327,0.3297388542500954
True,20.0,0.599999999999999,724840.9577377684,rowcol,0.5337212309638436,0.053550790985587425,0.08980998350572818,0.24106989978252943,0.08897840282278753,0.2890927904348829,0.08996073462414517,0.19158066266694732,0.3308798832882576
True,-10.0,0.44999999999999896,724840.9577377684,rowcol,0.4690570289064373,0.04838639213560107,0.10046645601603216,0.23000794465540417,0.11106590174514125,0.2821227817844528,0.09841146851042384,0.1745221286935749,0.3314073127035006
True,50.0,0.599999999999999,724840.9577377684,rowcol,0.517752914421013,0.05170841432197493,0.0902553715947019,0.2411767353522988,0.08903032355570407,0.27702298484882926,0.09047688442604708,0.2062629472746832,0.3314321069470007
True,-70.0,0.599999999999999,724840.9577377684,rowcol,0.517752914421013,0.05170841432197493,0.0902553715947019,0.24117673535229883,0.08903032355570405,0.27702298484882926,0.09047688442604708,0.20626294727468325,0.33143210694700076
True,-80.0,0.599999999999999,724840.9577377684,rowcol,0.5337212309326601,0.05355079129638205,0.0897647774566776,0.24262938693278593,0.08897858115426295,0.2887891827259697,0.08990734347343081,0.19554897550916603,0.33239416438946356
True,40.0,0.599999999999999,724840.9577377684,rowcol,0.5337212309326601,0.05355079129638205,0.0897647774566776,0.24262938693278593,0.08897858115426295,0.2887891827259697,0.08990734347343081,0.195548975509166,0.33239416438946356
True,-90.0,0.599999999999999,724840.9577377684,rowcol,0.5376733382853432,0.054121795945795484,0.09090943813017574,0.24219142978535305,0.08895911778722827,0.2975655987148638,0.09126044887330129,0.1830865712900633,0.3331008679155288
True,30.0,0.599999999999999,724840.9577377684,rowcol,0.5376733382853432,0.054121795945795484,0.09090943813017574,0.24219142978535307,0.0889591177872283,0.2975655987148638,0.0912604488733013,0.1830865712900633,0.33310086791552884
True,-20.0,0.29999999999999893,724840.9577377684,rowcol,0.4646926712740956,0.047584441353985284,0.10222389065039156,0.22692323862528457,0.13438132959414037,0.2829406361939779,0.0951989245213359,0.1657541768368966,0.33359491057645924
False,-40.0,-0.45000000000000107,724840.9577377684,rowcol,0.5188151039821701,0.05247439103470415,0.0882430747975791,0.24599600053578405,0.14617673451236518,0.30828551750601707,0.07287901513427728,0.1774206566683611,0.33423907533336317
False,80.0,-0.45000000000000107,724840.9577377684,rowcol,0.5188151039821701,0.05247439103470415,0.08824307479757912,0.24599600053578405,0.1461767345123652,0.30828551750601707,0.07287901513427729,0.17742065666836113,0.33423907533336317
False,20.0,0.44999999999999896,724840.9577377684,rowcol,0.5188151039836216,0.052474391034772666,0.08824307480386152,0.24599600053686155,0.14617673452265792,0.30828551750511635,0.0728790151395076,0.1774206566724277,0.33423907534072306
True,-40.0,0.29999999999999893,724840.9577377684,rowcol,0.4646926712589634,0.04758444150175997,0.10220403561928719,0.22775275314822122,0.13438138863382368,0.28278557052813147,0.09517370203937782,0.16805526151066372,0.3343648600060828
True,80.0,0.29999999999999893,724840.9577377684,rowcol,0.46469267125896346,0.04758444150175997,0.10220403561928719,0.2277527531482212,0.13438138863382368,0.28278557052813147,0.09517370203937782,0.1680552615106637,0.3343648600060828
True,-50.0,0.44999999999999896,724840.9577377684,rowcol,0.4690570291889957,0.04838638939648359,0.10045946099150242,0.23342479402818347,0.11106594935857396,0.28197414003426907,0.09840301588614837,0.18287607493958136,0.3348031770026907
True,70.0,0.44999999999999896,724840.9577377684,rowcol,0.4690570291889957,0.04838638939648359,0.10045946099150242,0.23342479402818347,0.11106594935857399,0.28197414003426907,0.09840301588614837,0.18287607493958136,0.3348031770026907
True,-60.0,-0.15000000000000105,724840.9577377684,rowcol,0.48013222140285783,0.04882260927834655,0.10343744549626974,0.22473563520412004,0.20753457582371126,0.2836836008871675,0.06927271636460834,0.15906418602257594,0.3350479716929292
True,60.0,-0.15000000000000105,724840.9577377684,rowcol,0.48013222140285783,0.04882260927834655,0.10343744549626974,0.22473563520412004,0.20753457582371126,0.2836836008871675,0.06927271636460833,0.15906418602257594,0.3350479716929292
False,-20.0,-0.45000000000000107,724840.9577377684,rowcol,0.5188151039587321,0.05247439126643634,0.08836600805335923,0.24753707375839168,0.14673112625591972,0.3087759201226295,0.07285204187962169,0.18062060043662373,0.3359030818117509
False,-80.0,0.44999999999999896,724840.9577377684,rowcol,0.5188151039601835,0.052474391266504855,0.08836600805968793,0.247537073760166,0.14673112626634732,0.3087759201218718,0.07285204188486906,0.18062060044218992,0.33590308181985395
False,40.0,0.44999999999999896,724840.9577377684,rowcol,0.5188151039601835,0.052474391266504855,0.0883660080596879,0.24753707376016604,0.14673112626634732,0.3087759201218718,0.07285204188486905,0.18062060044218992,0.33590308181985395
True,0.0,0.599999999999999,724840.9577377684,rowcol,0.4920795708427698,0.05000309007166093,0.09979413073013714,0.23645841979645815,0.08904431751957424,0.27880012091671746,0.1016311476968849,0.1938163591331663,0.3362525505265953
True,0.0,-0.15000000000000105,724840.9577377684,rowcol,0.48013222163933217,0.048822606952805825,0.10345090707343703,0.2261974122797597,0.20753457817995816,0.28368841937036393,0.06929647719584042,0.16282699212990734,0.3365501335000708
False,90.0,-0.45000000000000107,724840.9577377684,rowcol,0.5244511378616177,0.053564642895511265,0.0760974988697496,0.2617343582355613,0.10037706727704974,0.33960721296404817,0.0707800481510859,0.1706542195610318,0.3378318571053109
False,-30.0,-0.45000000000000107,724840.9577377684,rowcol,0.5244511378616177,0.053564642895511265,0.0760974988697496,0.26173435823556135,0.10037706727704976,0.33960721296404817,0.07078004815108589,0.17065421956103183,0.33783185710531094
False,-90.0,0.44999999999999896,724840.9577377684,rowcol,0.5244511378645234,0.05356464289569906,0.07609749887766165,0.26173435823370345,0.10037706728567496,0.33960721295649693,0.07078004815891328,0.17065421956842375,0.3378318571113651
False,30.0,0.44999999999999896,724840.9577377684,rowcol,0.5244511378645234,0.05356464289569905,0.07609749887766165,0.26173435823370345,0.10037706728567496,0.33960721295649693,0.0707800481589133,0.17065421956842378,0.3378318571113651
True,60.0,0.599999999999999,724840.9577377684,rowcol,0.4920795717657015,0.050003080989104325,0.0998499309077189,0.24196949943841906,0.08904433948628285,0.27881973192971704,0.10169592056260007,0.20593600324331232,0.34181943034613793
True,-60.0,0.599999999999999,724840.9577377684,rowcol,0.4920795717657015,0.050003080989104325,0.09984993090771892,0.24196949943841906,0.08904433948628285,0.27881973192971704,0.10169592056260007,0.20593600324331232,0.341819430346138
True,-70.0,-0.15000000000000105,724840.9577377684,rowcol,0.47337004601220556,0.0483785775017293,0.10622852237036234,0.22513570075605246,0.20753711173495223,0.2849710426790831,0.07409709538158064,0.15816781061242288,0.34382126786713946
True,50.0,-0.15000000000000105,724840.9577377684,rowcol,0.47337004601220556,0.0483785775017293,0.10622852237036234,0.22513570075605246,0.20753711173495223,0.2849710426790831,0.07409709538158064,0.1581678106124229,0.34382126786713946
False,0.0,0.29999999999999893,724840.9577377684,rowcol,0.4826454461990388,0.049106827624955995,0.10440321820334211,0.2306852363698906,0.19570770060299505,0.2894343250587028,0.07684613638870597,0.1658853231556969,0.34389489097991693
False,-60.0,-0.30000000000000104,724840.9577377684,rowcol,0.4826454462008108,0.049106827625015115,0.10440321820498434,0.23068523636852992,0.19570770060953047,0.28943432505486705,0.07684613638830995,0.16588532315784169,0.3438948909834829
False,60.0,-0.30000000000000104,724840.9577377684,rowcol,0.4826454462008108,0.049106827625015115,0.10440321820498434,0.23068523636852992,0.19570770060953047,0.28943432505486705,0.07684613638830994,0.16588532315784169,0.3438948909834829
False,-20.0,0.14999999999999894,724840.9577377684,rowcol,0.4698435602312182,0.04787915860126356,0.1072572795917993,0.22238244016197706,0.20000822092902176,0.27927912284656375,0.07943132166699038,0.159529584768231,0.34415427893737494
False,-80.0,-0.15000000000000105,724840.9577377684,rowcol,0.4698435602307893,0.04787915860125183,0.10725727959183602,0.22238244016250572,0.20000822092771212,0.279279122847783,0.0794313216676501,0.15952958476779253,0.34415427893801376
False,40.0,-0.15000000000000105,724840.9577377684,rowcol,0.4698435602307893,0.04787915860125183,0.10725727959183602,0.22238244016250572,0.20000822092771212,0.279279122847783,0.0794313216676501,0.15952958476779253,0.34415427893801376
False,-40.0,0.14999999999999894,724840.9577377684,rowcol,0.4698435602235063,0.047879158676941105,0.10729101114220051,0.22295287493431018,0.2001434910401446,0.2794616571930775,0.07942307338147538,0.16072209468930987,0.34482590836091165
False,80.0,0.14999999999999894,724840.9577377684,rowcol,0.4698435602235063,0.047879158676941105,0.10729101114220051,0.22295287493431018,0.2001434910401446,0.2794616571930775,0.07942307338147538,0.16072209468930987,0.34482590836091165
False,20.0,-0.15000000000000105,724840.9577377684,rowcol,0.4698435602230775,0.04787915867692938,0.1072910111422523,0.22295287493509858,0.20014349103887827,0.2794616571943493,0.07942307338213979,0.16072209468946339,0.34482590836185545
True,10.0,-0.15000000000000105,724840.9577377684,rowcol,0.47337004611054145,0.0483785765395418,0.10622631731009569,0.22630490141564885,0.20753712022858153,0.28492199935133256,0.07409335349758937,0.16128323268663575,0.3449838533459359
True,-30.0,0.29999999999999893,724840.9577377684,rowcol,0.46269875600042537,0.04726566723782399,0.10664868870698219,0.2276187344528299,0.134392668573287,0.2787678361912219,0.10077184171961293,0.17328483999602495,0.3475648005737764
True,90.0,0.29999999999999893,724840.9577377684,rowcol,0.46269875600042537,0.047265667237823994,0.10664868870698219,0.2276187344528299,0.134392668573287,0.2787678361912219,0.10077184171961293,0.17328483999602495,0.3475648005737764
False,-60.0,0.29999999999999893,724840.9577377684,rowcol,0.4826454466695248,0.049106823000793755,0.10463137461606661,0.23396391833011082,0.19632406416742956,0.29024234815577077,0.0769263925052729,0.17299901363578427,0.3478580421783106
False,60.0,0.29999999999999893,724840.9577377684,rowcol,0.4826454466695248,0.049106823000793755,0.10463137461606661,0.23396391833011076,0.19632406416742956,0.2902423481557707,0.0769263925052729,0.17299901363578424,0.3478580421783106
False,0.0,-0.30000000000000104,724840.9577377684,rowcol,0.48264544667129683,0.049106823000852874,0.10463137461770529,0.23396391832876848,0.19632406417394446,0.29024234815194444,0.0769263925048773,0.17299901363784087,0.3478580421818843
True,10.0,0.749999999999999,724840.9577377684,rowcol,0.5269337585743179,0.05242660729088704,0.10277489753296065,0.24577369999010057,0.0695228111088347,0.2777833239538383,0.10773579266259359,0.21519917156785234,0.3540983925889825
True,-30.0,-0.30000000000000104,724840.9577377684,rowcol,0.5021529194350699,0.05078081844567749,0.10877913454142843,0.22783842978963165,0.23241310735668794,0.2875189561229189,0.06437273164259241,0.16138216838154826,0.3541758334139169
True,90.0,-0.30000000000000104,724840.9577377684,rowcol,0.5021529194350699,0.05078081844567749,0.10877913454142844,0.22783842978963165,0.23241310735668794,0.2875189561229189,0.06437273164259241,0.16138216838154826,0.354175833413917
True,-80.0,-0.15000000000000105,724840.9577377684,rowcol,0.46912561684075244,0.04789055553331233,0.10983069190096854,0.22612857331094405,0.20754905686328248,0.2858196534463395,0.08006011400166017,0.15948213082974017,0.3556206490138497
True,40.0,-0.15000000000000105,724840.9577377684,rowcol,0.46912561684075244,0.04789055553331233,0.10983069190096854,0.22612857331094405,0.20754905686328248,0.2858196534463395,0.08006011400166017,0.15948213082974017,0.3556206490138497
True,20.0,-0.15000000000000105,724840.9577377684,rowcol,0.4691256168330288,0.04789055560897188,0.10982145246355124,0.22654516531217705,0.20754907597643246,0.28574291231929494,0.08004511863889736,0.1606817105646866,0.35600952270283076
False,-30.0,0.14999999999999894,724840.9577377684,rowcol,0.4678888399705577,0.047493291178793105,0.1125322608853708,0.21856964799367531,0.21117371860259235,0.2698905539330202,0.08272364395392098,0.16337252281880843,0.3561664306497877
False,90.0,0.14999999999999894,724840.9577377684,rowcol,0.4678888399705577,0.047493291178793105,0.1125322608853708,0.21856964799367531,0.21117371860259235,0.26989055393302014,0.08272364395392098,0.16337252281880846,0.3561664306497877
False,-90.0,-0.15000000000000105,724840.9577377684,rowcol,0.46788883996957714,0.04749329117872528,0.11253226088526733,0.21856964799466944,0.21117371859953005,0.26989055393540384,0.0827236439551795,0.16337252281794537,0.3561664306504714
False,30.0,-0.15000000000000105,724840.9577377684,rowcol,0.46788883996957714,0.04749329117872528,0.11253226088526733,0.21856964799466944,0.21117371859953005,0.26989055393540384,0.0827236439551795,0.16337252281794534,0.3561664306504714
True,80.0,-0.30000000000000104,724840.9577377684,rowcol,0.5001298955852721,0.05048425903422259,0.10989411888596806,0.22789121949378557,0.23242501223023648,0.2842091968591226,0.06656650668361891,0.16637272685724513,0.3575735761516898
True,-40.0,-0.30000000000000104,724840.9577377684,rowcol,0.5001298955852721,0.05048425903422259,0.10989411888596808,0.22789121949378557,0.23242501223023648,0.2842091968591226,0.06656650668361891,0.1663727268572451,0.35757357615168983
True,-20.0,-0.30000000000000104,724840.9577377684,rowcol,0.5001298955694927,0.05048425919054244,0.10987564987882421,0.2287172249214606,0.23242504636525593,0.2840548237020019,0.06653043013632821,0.16866537682870186,0.3583441745579332
True,-70.0,0.749999999999999,724840.9577377684,rowcol,0.5269337590834999,0.052426602173157276,0.1027635025531057,0.25108525502198065,0.0695229378831758,0.27753166992368267,0.10772292599860872,0.2264657880817264,0.3593757626812978
True,50.0,0.749999999999999,724840.9577377684,rowcol,0.5269337590834999,0.052426602173157276,0.1027635025531057,0.25108525502198065,0.06952293788317583,0.27753166992368267,0.10772292599860873,0.2264657880817264,0.3593757626812978
True,-90.0,-0.15000000000000105,724840.9577377684,rowcol,0.46811536331939074,0.047733788146730335,0.11153227358241022,0.2265944236800117,0.20755498849711015,0.2840128241318474,0.08279189929133922,0.1633667386602385,0.3611912444272424
True,30.0,-0.15000000000000105,724840.9577377684,rowcol,0.46811536331939074,0.047733788146730335,0.11153227358241022,0.2265944236800117,0.20755498849711015,0.2840128241318474,0.08279189929133922,0.16336673866023846,0.3611912444272424
False,-40.0,-0.6000000000000011,724840.9577377684,rowcol,0.531150959466835,0.053656938728430255,0.10053896800503652,0.25968029934459114,0.14132437176848997,0.3226853559926698,0.09115918747983234,0.19124928002196578,0.3612972033597007
False,80.0,-0.6000000000000011,724840.9577377684,rowcol,0.531150959466835,0.053656938728430255,0.10053896800503652,0.25968029934459114,0.14132437176848997,0.3226853559926698,0.09115918747983232,0.1912492800219658,0.3612972033597007
False,20.0,0.599999999999999,724840.9577377684,rowcol,0.531150959468819,0.05365693872853264,0.10053896801428167,0.2596802993470357,0.14132437178443968,0.32268535599245424,0.09115918748738015,0.19124928002838235,0.3612972033898807
False,-50.0,-0.45000000000000107,724840.9577377684,rowcol,0.5034990692944498,0.050520678818360976,0.1080601448995757,0.2382555326820991,0.20257173556282662,0.2928122587760253,0.07953364875873642,0.1799984471872695,0.3624359673808262
False,70.0,-0.45000000000000107,724840.9577377684,rowcol,0.5034990692944498,0.050520678818360976,0.1080601448995757,0.2382555326820991,0.20257173556282662,0.2928122587760253,0.07953364875873642,0.17999844718726954,0.3624359673808262
False,10.0,0.44999999999999896,724840.9577377684,rowcol,0.5034990692932276,0.05052067881829618,0.10806014490197108,0.23825553268586713,0.20257173556453065,0.29281225878287337,0.07953364876179306,0.17999844718708297,0.36243596739178036
False,-10.0,0.29999999999999893,724840.9577377684,rowcol,0.468747526522947,0.04820893217816718,0.11070098403225904,0.23142274879146096,0.19740171691306638,0.29215101213689015,0.08593920849468946,0.1637578018421313,0.3635257008882381
False,-70.0,-0.30000000000000104,724840.9577377684,rowcol,0.46874752652403817,0.04820893217825089,0.11070098403418083,0.2314227487917448,0.19740171691853584,0.2921510121361313,0.08593920849532613,0.1637578018440082,0.36352570089428726
False,50.0,-0.30000000000000104,724840.9577377684,rowcol,0.46874752652403817,0.04820893217825089,0.11070098403418081,0.2314227487917448,0.19740171691853584,0.29215101213613126,0.08593920849532613,0.16375780184400823,0.36352570089428726
False,-20.0,-0.6000000000000011,724840.9577377684,rowcol,0.5311509594355007,0.05365693903861004,0.10068283000075391,0.26161970330186923,0.1420883257763796,0.3232995014708289,0.09113043584263594,0.19520221212804348,0.3636681933041309
False,-80.0,0.599999999999999,724840.9577377684,rowcol,0.5311509594374845,0.05365693903871243,0.10068283001005023,0.26161970330518086,0.1420883257924828,0.3232995014707896,0.09113043585020225,0.19520221213626915,0.3636681933353315
False,40.0,0.599999999999999,724840.9577377684,rowcol,0.5311509594374845,0.05365693903871243,0.10068283001005021,0.26161970330518086,0.14208832579248276,0.3232995014707896,0.09113043585020225,0.19520221213626915,0.3636681933353315
True,-50.0,-0.30000000000000104,724840.9577377684,rowcol,0.49182589117900893,0.049540089260971434,0.11279757722138965,0.2279332332227598,0.2324484000771282,0.28341383295255845,0.07206629641885179,0.1676150939405794,0.3663259648869287
True,70.0,-0.30000000000000104,724840.9577377684,rowcol,0.49182589117900893,0.049540089260971434,0.11279757722138964,0.22793323322275977,0.23244840007712816,0.28341383295255845,0.07206629641885177,0.1676150939405794,0.3663259648869287
False,70.0,0.29999999999999893,724840.9577377684,rowcol,0.46874752671650094,0.04820893029619368,0.11086364799078433,0.23411375089440536,0.1979401237657763,0.29281328297751585,0.08596137904788508,0.1696971766118397,0.36670469486675833
False,-50.0,0.29999999999999893,724840.9577377684,rowcol,0.46874752671650094,0.04820893029619367,0.11086364799078434,0.23411375089440536,0.1979401237657763,0.29281328297751585,0.08596137904788508,0.1696971766118397,0.3667046948667584
False,10.0,-0.30000000000000104,724840.9577377684,rowcol,0.4687475267175922,0.048208930296277375,0.11086364799273317,0.2341137508951493,0.19794012377130618,0.2928132829768573,0.08596137904853558,0.16969717661468456,0.3667046948733488
False,-10.0,-0.45000000000000107,724840.9577377684,rowcol,0.5034990696000538,0.050520675772650826,0.1083099991793823,0.24216056882314962,0.20335828034091064,0.29379138550709555,0.07956958051140992,0.18806962780525263,0.36709056636129656
False,50.0,0.44999999999999896,724840.9577377684,rowcol,0.5034990695988316,0.050520675772586024,0.10830999918181805,0.24216056882753198,0.20335828034271805,0.2937913855140741,0.07956958051448783,0.18806962780647302,0.36709056637298615
False,-70.0,0.44999999999999896,724840.9577377684,rowcol,0.5034990695988315,0.050520675772586024,0.10830999918181806,0.24216056882753198,0.20335828034271805,0.2937913855140741,0.07956958051448784,0.18806962780647304,0.3670905663729862
True,-10.0,-0.30000000000000104,724840.9577377684,rowcol,0.49182589138276056,0.049540087238159114,0.11279342414388739,0.23023727368421928,0.23244841524387716,0.28331519868579663,0.07205860199221709,0.17345102621166167,0.3686175461158815
False,-30.0,-0.6000000000000011,724840.9577377684,rowcol,0.5385983138684091,0.05508810696281476,0.08907046590430032,0.2805968408091896,0.07542787072787029,0.3640194440488184,0.09133791524435761,0.18305709128221045,0.3696673067134899
False,90.0,-0.6000000000000011,724840.9577377684,rowcol,0.5385983138684091,0.05508810696281476,0.0890704659043003,0.2805968408091897,0.07542787072787027,0.3640194440488184,0.09133791524435761,0.18305709128221045,0.36966730671348996
False,-90.0,0.599999999999999,724840.9577377684,rowcol,0.538598313872273,0.05508810696306065,0.08907046591543531,0.28059684080707586,0.07542787073842543,0.3640194440388447,0.09133791525560665,0.18305709129292527,0.3696673067225112
False,30.0,0.599999999999999,724840.9577377684,rowcol,0.538598313872273,0.05508810696306065,0.08907046591543531,0.28059684080707586,0.07542787073842544,0.3640194440388447,0.09133791525560667,0.18305709129292527,0.3696673067225112
True,20.0,0.749999999999999,724840.9577377684,rowcol,0.5466664781696438,0.054703362109666295,0.10590699441773332,0.25219665307018824,0.06945892000300709,0.2961649972668024,0.11127160912666449,0.20815001633856706,0.3699176363233882
True,-80.0,0.749999999999999,724840.9577377684,rowcol,0.5466664781306043,0.05470336249979898,0.10585907675140926,0.2540591580605931,0.0694592055608796,0.2957945128440994,0.1112176550201507,0.2127128217054933,0.3716363883148209
True,40.0,0.749999999999999,724840.9577377684,rowcol,0.5466664781306043,0.05470336249979898,0.10585907675140926,0.2540591580605931,0.06945920556087962,0.2957945128440994,0.1112176550201507,0.2127128217054933,0.3716363883148209
True,-10.0,0.599999999999999,724840.9577377684,rowcol,0.4652227288467619,0.048228186076132995,0.11229314416626368,0.23647788816845522,0.0890582981299818,0.282709587305101,0.11602808773080034,0.18903859040803853,0.37335732066724625
True,-50.0,0.599999999999999,724840.9577377684,rowcol,0.4652227292164203,0.048228182510303266,0.11228479957127441,0.24090060609749872,0.08905837730250489,0.28251179258438747,0.11601852855310398,0.1992900142081974,0.3777550048113219
True,70.0,0.599999999999999,724840.9577377684,rowcol,0.46522272921642027,0.048228182510303266,0.11228479957127442,0.24090060609749872,0.08905837730250493,0.28251179258438747,0.11601852855310396,0.1992900142081974,0.37775500481132196
True,-20.0,0.44999999999999896,724840.9577377684,rowcol,0.45634389734042874,0.04689480036195042,0.11547498008266237,0.23185924712755157,0.11110463641268212,0.28451216121654355,0.11625389866741109,0.17576547346704002,0.3782841873755387
True,-40.0,0.44999999999999896,724840.9577377684,rowcol,0.456343897318022,0.046894800579995836,0.11544861473102319,0.23307606208712034,0.11110474352561621,0.2842808168232783,0.11622291707356315,0.1790130912623048,0.3794219062801899
True,80.0,0.44999999999999896,724840.9577377684,rowcol,0.456343897318022,0.04689480057999583,0.11544861473102322,0.23307606208712034,0.11110474352561622,0.2842808168232783,0.11622291707356316,0.1790130912623048,0.37942190628019
True,-60.0,-0.30000000000000104,724840.9577377684,rowcol,0.478494279984814,0.048664213975189705,0.11718414365253382,0.2284249825238723,0.23245326025894597,0.28569231827977354,0.07991156050616997,0.16558216127691447,0.3799774134814738
True,60.0,-0.30000000000000104,724840.9577377684,rowcol,0.478494279984814,0.048664213975189705,0.11718414365253382,0.2284249825238723,0.23245326025894597,0.28569231827977354,0.07991156050616997,0.16558216127691447,0.3799774134814738
True,-90.0,0.749999999999999,724840.9577377684,rowcol,0.5515875151261982,0.05540477788265701,0.10905515715280487,0.2538473180020465,0.06943953184051783,0.3068940273487623,0.11481268309577193,0.1985518116525301,0.38101278946046113
True,30.0,0.749999999999999,724840.9577377684,rowcol,0.5515875151261982,0.05540477788265701,0.10905515715280487,0.2538473180020465,0.06943953184051786,0.3068940273487623,0.11481268309577192,0.19855181165253014,0.38101278946046113
True,0.0,-0.30000000000000104,724840.9577377684,rowcol,0.4784942804593817,0.0486642093089695,0.11720790762838465,0.23129267135806938,0.23245326446626657,0.28570188740917146,0.07995275192872087,0.17274223662796145,0.3829163942432233
True,0.0,0.749999999999999,724840.9577377684,rowcol,0.495195185488125,0.05031433355945653,0.11268177894423513,0.24523976183066584,0.06954225506909538,0.2788836887715236,0.118870039722299,0.21286825197154144,0.38328509866337124
True,-60.0,0.749999999999999,724840.9577377684,rowcol,0.4951951866345311,0.05031432227649119,0.11274355202694805,0.2518697257315039,0.06954229022776116,0.278908194977381,0.11893926576068868,0.22664722180662386,0.3901003818123481
True,60.0,0.749999999999999,724840.9577377684,rowcol,0.49519518663453116,0.05031432227649119,0.11274355202694805,0.2518697257315039,0.06954229022776116,0.27890819497738095,0.11893926576068865,0.22664722180662386,0.3901003818123481
False,0.0,0.44999999999999896,724840.9577377684,rowcol,0.48341989840375643,0.049233053068691024,0.1172900191979756,0.24076298915360622,0.21094032474379593,0.299001399868834,0.09029899539158714,0.17756771980547573,0.392633046747533
False,-60.0,-0.45000000000000107,724840.9577377684,rowcol,0.48341989840641025,0.04923305306878103,0.11729001920016831,0.24076298915175223,0.21094032475289118,0.2990013998634436,0.0902989953910816,0.17756771980848127,0.3926330467522572
False,60.0,-0.45000000000000107,724840.9577377684,rowcol,0.48341989840641025,0.04923305306878102,0.11729001920016831,0.24076298915175223,0.21094032475289112,0.2990013998634436,0.0902989953910816,0.17756771980848124,0.3926330467522572
True,-70.0,-0.30000000000000104,724840.9577377684,rowcol,0.464838417689492,0.047769926989471405,0.12228732994710512,0.2292850143403827,0.23245815713951987,0.2885780540063584,0.08848879525488874,0.1635495864414256,0.39614700418169807
True,50.0,-0.30000000000000104,724840.9577377684,rowcol,0.464838417689492,0.047769926989471405,0.12228732994710512,0.2292850143403827,0.23245815713951987,0.2885780540063584,0.08848879525488874,0.1635495864414256,0.39614700418169807
False,-60.0,0.44999999999999896,724840.9577377684,rowcol,0.4834198991083548,0.0492330461502309,0.11759458949165558,0.24545723202817077,0.21179771421541888,0.30016407576116116,0.09040143996494436,0.1874736582500121,0.3982410005031375
False,60.0,0.44999999999999896,724840.9577377684,rowcol,0.4834198991083548,0.0492330461502309,0.11759458949165558,0.24545723202817077,0.21179771421541888,0.30016407576116116,0.09040143996494436,0.18747365825001208,0.3982410005031375
False,0.0,-0.45000000000000107,724840.9577377684,rowcol,0.4834198991110087,0.049233046150320904,0.11759458949384263,0.24545723202634756,0.2117977142244773,0.30016407575578324,0.0904014399644394,0.1874736582528589,0.3982410005078755
True,10.0,-0.30000000000000104,724840.9577377684,rowcol,0.46483841788467367,0.04776992509020258,0.1222834988702946,0.23157562279269725,0.2324581723056322,0.2884811854378213,0.08848252845184326,0.16952557481921518,0.398426119403581
True,-30.0,0.44999999999999896,724840.9577377684,rowcol,0.45336848262623913,0.04640788632181781,0.12238248341512593,0.2328110843188994,0.11112098534956173,0.2780195416016259,0.12432534726532554,0.18649210023503376,0.3999585345642772
True,90.0,0.44999999999999896,724840.9577377684,rowcol,0.45336848262623913,0.04640788632181781,0.12238248341512593,0.2328110843188994,0.1111209853495617,0.2780195416016259,0.12432534726532554,0.18649210023503376,0.3999585345642772
False,-20.0,0.29999999999999893,724840.9577377684,rowcol,0.4577085647022649,0.0467667292493752,0.12522136888798693,0.22504621564701788,0.21885837855158108,0.2799194571670824,0.0990334722226324,0.16535638569779604,0.4007103223109787
False,-80.0,-0.30000000000000104,724840.9577377684,rowcol,0.45770856470143895,0.046766729249357444,0.12522136888880964,0.22504621564860472,0.21885837854975373,0.2799194571699063,0.09903347222459838,0.16535638569775174,0.4007103223150336
False,40.0,-0.30000000000000104,724840.9577377684,rowcol,0.45770856470143895,0.046766729249357444,0.12522136888880966,0.22504621564860472,0.21885837854975376,0.2799194571699063,0.09903347222459839,0.16535638569775174,0.4007103223150337
False,-40.0,0.29999999999999893,724840.9577377684,rowcol,0.4577085646869019,0.046766729399733725,0.1252791495852152,0.2261714875773016,0.21910556130622355,0.2802822971369263,0.0990202407066794,0.16765005389784637,0.40200893633294715
False,80.0,0.29999999999999893,724840.9577377684,rowcol,0.4577085646869019,0.046766729399733725,0.1252791495852152,0.2261714875773016,0.21910556130622352,0.2802822971369263,0.0990202407066794,0.16765005389784637,0.40200893633294715
False,20.0,-0.30000000000000104,724840.9577377684,rowcol,0.4577085646860759,0.04676672939971597,0.12527914958606343,0.22617148757939562,0.2191055613044758,0.2802822971398534,0.09902024070865306,0.16765005389893162,0.4020089363375859
True,-30.0,-0.45000000000000107,724840.9577377684,rowcol,0.512488150670874,0.051678469856633644,0.12516352587654547,0.2331332102133611,0.2574481851605687,0.29108131332205733,0.0802503502546471,0.16971787236086103,0.40862378784299747
True,90.0,-0.45000000000000107,724840.9577377684,rowcol,0.512488150670874,0.051678469856633644,0.12516352587654547,0.2331332102133611,0.2574481851605687,0.29108131332205733,0.0802503502546471,0.169717872360861,0.40862378784299747
True,-40.0,-0.45000000000000107,724840.9577377684,rowcol,0.5094464674761396,0.05124152932180772,0.12559841299393226,0.23327899123516121,0.2574661280294928,0.28640245430912487,0.08103928572833274,0.17663990722380132,0.410074230216958
True,80.0,-0.45000000000000107,724840.9577377684,rowcol,0.5094464674761396,0.05124152932180772,0.12559841299393226,0.23327899123516121,0.2574661280294928,0.28640245430912487,0.08103928572833274,0.17663990722380135,0.410074230216958
True,-20.0,-0.45000000000000107,724840.9577377684,rowcol,0.5094464674522706,0.05124152955911534,0.12557417310091035,0.23448844235896624,0.25746617425207113,0.28617263804894444,0.08099483509169854,0.1798717458800268,0.4112109616616973
True,10.0,0.899999999999999,724840.9577377684,rowcol,0.5362040052401775,0.05316059682864442,0.11828547189245991,0.2566742553145176,0.05524933055954317,0.2790437841777769,0.12643335197666822,0.23622755325032818,0.41153067099189733
True,70.0,-0.45000000000000107,724840.9577377684,rowcol,0.4970529978010018,0.04984101182226089,0.12763832648855236,0.23342256980535497,0.2575007836800672,0.28452151418540766,0.08470451894252008,0.17952196263150139,0.4163375492710121
True,-50.0,-0.45000000000000107,724840.9577377684,rowcol,0.4970529978010018,0.04984101182226089,0.1276383264885524,0.23342256980535497,0.25750078368006724,0.28452151418540766,0.08470451894252008,0.17952196263150136,0.41633754927101213
True,-70.0,0.899999999999999,724840.9577377684,rowcol,0.5362040058538954,0.053160590638382264,0.1182735912545468,0.2627709646196002,0.05524952199067,0.2787431376389302,0.126420195675432,0.24854522667292336,0.4175917383832406
True,50.0,0.899999999999999,724840.9577377684,rowcol,0.5362040058538955,0.053160590638382264,0.1182735912545468,0.2627709646196002,0.05524952199067002,0.2787431376389302,0.12642019567543203,0.24854522667292336,0.4175917383832406
False,70.0,-0.6000000000000011,724840.9577377684,rowcol,0.5110378735917055,0.051108780487414414,0.12235474981833565,0.25088102824256636,0.21888368791249876,0.30366085184521596,0.09469180751238583,0.19577202584553594,0.4179452776975733
False,-50.0,-0.6000000000000011,724840.9577377684,rowcol,0.5110378735917055,0.051108780487414414,0.12235474981833568,0.25088102824256636,0.21888368791249876,0.30366085184521596,0.09469180751238584,0.19577202584553594,0.4179452776975734
False,10.0,0.599999999999999,724840.9577377684,rowcol,0.5110378735901794,0.051108780487341514,0.12235474982242679,0.25088102824846314,0.21888368791702237,0.30366085185533515,0.09469180751672972,0.19577202584624787,0.4179452777157435
False,-10.0,0.44999999999999896,724840.9577377684,rowcol,0.46244763099350344,0.04787806411149758,0.12560206567710755,0.24137458561219782,0.2121173379673727,0.3024816987982338,0.10222564311185917,0.17410536061818827,0.41818078264352043
False,-70.0,-0.45000000000000107,724840.9577377684,rowcol,0.46244763099522834,0.047878064111636816,0.12560206568057636,0.24137458561364142,0.21211733797688134,0.3024816987984002,0.10222564311330168,0.17410536062162957,0.41818078265537045
False,50.0,-0.45000000000000107,724840.9577377684,rowcol,0.46244763099522834,0.047878064111636816,0.12560206568057636,0.24137458561364142,0.21211733797688134,0.30248169879840026,0.10222564311330168,0.17410536062162957,0.41818078265537045
True,-10.0,-0.45000000000000107,724840.9577377684,rowcol,0.49705299811056913,0.04984100873501729,0.1276328212909965,0.2367901142723794,0.25750080421681937,0.28437412625030556,0.08469469950261796,0.18765337137833873,0.4196885781453689
True,40.0,-0.30000000000000104,724840.9577377684,rowcol,0.4562377967144305,0.046782509059831966,0.1296658628433051,0.2317697412615077,0.23248177042083482,0.2917285535561972,0.10013078851729051,0.1652874830159468,0.420767329791423
True,-80.0,-0.30000000000000104,724840.9577377684,rowcol,0.4562377967144305,0.046782509059831966,0.12966586284330514,0.23176974126150768,0.23248177042083482,0.2917285535561972,0.1001307885172905,0.16528748301594684,0.42076732979142306
True,20.0,-0.30000000000000104,724840.9577377684,rowcol,0.456237796699018,0.04678250921013977,0.129650210428154,0.23258197114787907,0.23248180454752046,0.2915781614748338,0.10010680865433776,0.16759497553526959,0.4215326024323411
False,-50.0,0.44999999999999896,724840.9577377684,rowcol,0.4624476312801002,0.047878061343298514,0.1258170884469103,0.2452302113173133,0.21286861487932246,0.3034300074548416,0.10225360029883206,0.18243753223486525,0.4226814766580442
False,70.0,0.44999999999999896,724840.9577377684,rowcol,0.46244763128010025,0.047878061343298514,0.12581708844691034,0.2452302113173133,0.21286861487932246,0.30343000745484155,0.10225360029883206,0.18243753223486525,0.4226814766580443
False,10.0,-0.45000000000000107,724840.9577377684,rowcol,0.46244763128182514,0.04787806134343776,0.12581708845041273,0.24523021131939515,0.21286861488890244,0.30343000745514576,0.10225360030029179,0.18243753223959167,0.4226814766706333
False,-30.0,0.29999999999999893,724840.9577377684,rowcol,0.45375610139023587,0.04598219368898676,0.1350650528635055,0.2182574447452932,0.2397238815230943,0.2622440345426509,0.10532185832154232,0.17280473519553616,0.42345260333580975
False,90.0,0.29999999999999893,724840.9577377684,rowcol,0.45375610139023587,0.045982193688986754,0.1350650528635055,0.2182574447452932,0.2397238815230943,0.2622440345426509,0.10532185832154232,0.17280473519553616,0.42345260333580975
False,-90.0,-0.30000000000000104,724840.9577377684,rowcol,0.4537561013882682,0.0459821936888481,0.1350650528640327,0.218257444747411,0.2397238815169517,0.26224403454715445,0.10532185832489006,0.17280473519471284,0.42345260333950907
False,30.0,-0.30000000000000104,724840.9577377684,rowcol,0.4537561013882682,0.0459821936888481,0.13506505286403273,0.21825744474741102,0.2397238815169517,0.26224403454715445,0.10532185832489006,0.17280473519471284,0.4234526033395092
False,-10.0,-0.6000000000000011,724840.9577377684,rowcol,0.511037874002444,0.05110877638042971,0.12264895507706003,0.25580688695329434,0.21985399324675697,0.3048994224220185,0.09473204806256676,0.20563966234674844,0.4237537521844744
False,-70.0,0.599999999999999,724840.9577377684,rowcol,0.5110378740009179,0.0511087763803568,0.12264895508119537,0.25580688695993103,0.21985399325139612,0.304899422432296,0.09473204806693415,0.20563966234913209,0.4237537522035172
False,50.0,0.599999999999999,724840.9577377684,rowcol,0.5110378740009179,0.0511087763803568,0.12264895508119537,0.25580688695993103,0.21985399325139612,0.304899422432296,0.09473204806693414,0.20563966234913209,0.4237537522035172
False,-30.0,-0.7500000000000011,724840.9577377684,rowcol,0.5527477250382175,0.056613458531567774,0.1077989885111725,0.30163382876257555,0.05477748924722061,0.39026769788682336,0.1148558780791891,0.19851579520312582,0.42503079429609303
False,90.0,-0.7500000000000011,724840.9577377684,rowcol,0.5527477250382175,0.056613458531567774,0.10779898851117252,0.3016338287625755,0.05477748924722061,0.3902676978868233,0.11485587807918911,0.19851579520312584,0.42503079429609303
False,-90.0,0.749999999999999,724840.9577377684,rowcol,0.5527477250430352,0.05661345853186979,0.10779898852486486,0.30163382876034656,0.05477748925721452,0.3902676978745176,0.11485587809351386,0.19851579521723614,0.4250307943349411
False,30.0,0.749999999999999,724840.9577377684,rowcol,0.5527477250430352,0.05661345853186979,0.10779898852486486,0.30163382876034656,0.05477748925721452,0.3902676978745176,0.11485587809351384,0.19851579521723614,0.4250307943349411
True,-10.0,0.749999999999999,724840.9577377684,rowcol,0.46164306875797434,0.0480947994752412,0.12704328133706763,0.244853039085122,0.0695616067060973,0.28356937236666124,0.13490722300540528,0.20675483391953917,0.42598288309632487
False,-40.0,-0.7500000000000011,724840.9577377684,rowcol,0.5435189500931864,0.05485263021400388,0.1171762669768818,0.2758243683973299,0.14102649561463965,0.3394632530588057,0.11228432703134632,0.20772364842403454,0.4273531693279753
False,80.0,-0.7500000000000011,724840.9577377684,rowcol,0.5435189500931864,0.05485263021400388,0.1171762669768818,0.2758243683973299,0.14102649561463967,0.33946325305880576,0.11228432703134633,0.20772364842403454,0.4273531693279753
False,20.0,0.749999999999999,724840.9577377684,rowcol,0.543518950095724,0.05485263021414425,0.11717626698882773,0.2758243684014248,0.14102649563681718,0.33946325305955505,0.11228432704100781,0.20772364843301486,0.427353169367908
False,-20.0,-0.7500000000000011,724840.9577377684,rowcol,0.5435189500539209,0.054852630603074916,0.11733057039970243,0.278098213912667,0.14198279930352917,0.34017929221033816,0.11225514992915181,0.2122701947418402,0.43008992511177424
False,-80.0,0.749999999999999,724840.9577377684,rowcol,0.5435189500564584,0.05485263060321528,0.1173305704117017,0.27809821391776796,0.14198279932585658,0.3401792922112926,0.11225514993883212,0.21227019475285697,0.43008992515287303
False,40.0,0.749999999999999,724840.9577377684,rowcol,0.5435189500564584,0.05485263060321528,0.1173305704117017,0.27809821391776796,0.14198279932585656,0.3401792922112926,0.11225514993883212,0.21227019475285697,0.43008992515287303
True,-50.0,0.749999999999999,724840.9577377684,rowcol,0.4616430692107925,0.048094795128817106,0.1270340614656538,0.2501842395293599,0.06956173340973476,0.28332285768748255,0.13489694602453833,0.21845759724850916,0.4312864239263213
True,70.0,0.749999999999999,724840.9577377684,rowcol,0.4616430692107925,0.048094795128817106,0.1270340614656538,0.2501842395293599,0.0695617334097348,0.28332285768748255,0.13489694602453833,0.21845759724850916,0.4312864239263213
True,-90.0,-0.30000000000000104,724840.9577377684,rowcol,0.45420690371782113,0.04646260260080802,0.13318377624420794,0.2328135363564507,0.23249373462483955,0.28835592979559155,0.10544379015971163,0.17279473403355067,0.43236486508907446
True,30.0,-0.30000000000000104,724840.9577377684,rowcol,0.45420690371782113,0.04646260260080802,0.13318377624420794,0.2328135363564507,0.23249373462483952,0.28835592979559155,0.10544379015971163,0.17279473403355067,0.43236486508907446
True,-60.0,-0.45000000000000107,724840.9577377684,rowcol,0.47711378891353995,0.04853240680929374,0.13314376297341807,0.23439995175653527,0.25750785465834247,0.2880323910717166,0.0941892346872358,0.17714226699012406,0.43383124067678946
True,60.0,-0.45000000000000107,724840.9577377684,rowcol,0.47711378891353995,0.04853240680929374,0.13314376297341807,0.23439995175653527,0.25750785465834247,0.28803239107171663,0.0941892346872358,0.17714226699012406,0.43383124067678946
True,-20.0,0.599999999999999,724840.9577377684,rowcol,0.4482225780525758,0.046220568760182254,0.1324213373074507,0.23876940277981115,0.08911118987142953,0.2868079785925045,0.1388679317239168,0.1891495022916624,0.4360334147021632
True,-40.0,0.599999999999999,724840.9577377684,rowcol,0.4482225780231181,0.04622056904584808,0.1323906822069397,0.24034381137370403,0.08911136793716908,0.28650194966606124,0.13883335020375193,0.1931677521377526,0.4375158579945231
True,80.0,0.599999999999999,724840.9577377684,rowcol,0.4482225780231181,0.04622056904584808,0.1323906822069397,0.24034381137370403,0.08911136793716909,0.28650194966606124,0.13883335020375195,0.19316775213775264,0.4375158579945231
True,0.0,-0.45000000000000107,724840.9577377684,rowcol,0.47711378962745116,0.048532399790954084,0.13317513562707994,0.23858086293298303,0.2575078603552875,0.2880466280381138,0.09424165474265431,0.18711767695101705,0.43810626981422285
True,0.0,0.899999999999999,724840.9577377684,rowcol,0.49854308245600837,0.05064963524204936,0.12805396435195346,0.25586323515676895,0.055274035140441,0.27932339424599756,0.1372220414635054,0.23432220998095687,0.4400251282126293
True,20.0,0.899999999999999,724840.9577377684,rowcol,0.5596190243823771,0.05586179237562236,0.12523270522480515,0.2654586468002324,0.0551816964045969,0.30512961585117887,0.13411527297534853,0.22678587275299347,0.44115676247464786
True,-80.0,0.899999999999999,724840.9577377684,rowcol,0.5596190243354616,0.055861792845618374,0.12518407905901022,0.267581349250738,0.055182127732503874,0.3046980609335209,0.13406155820389973,0.2318107230629587,0.4431335864277687
True,40.0,0.899999999999999,724840.9577377684,rowcol,0.5596190243354617,0.055861792845618374,0.12518407905901022,0.267581349250738,0.055182127732503895,0.3046980609335209,0.13406155820389973,0.2318107230629587,0.4431335864277687
True,-60.0,0.899999999999999,724840.9577377684,rowcol,0.4985430838224575,0.05064962179212284,0.12811919468756497,0.26347860758256947,0.05527408822168992,0.2793527551472859,0.13729400489003493,0.24934751379680767,0.44783619164526434
True,60.0,0.899999999999999,724840.9577377684,rowcol,0.49854308382245754,0.05064962179212284,0.12811919468756497,0.2634786075825694,0.05527408822168992,0.2793527551472859,0.13729400489003493,0.24934751379680767,0.44783619164526434
False,0.0,0.599999999999999,724840.9577377684,rowcol,0.48450205183128514,0.049411532673343195,0.13327190681807113,0.2546083730955356,0.23063396790510626,0.3121695095724255,0.1063162947742525,0.19336148400045916,0.454424093549749
False,-60.0,-0.6000000000000011,724840.9577377684,rowcol,0.4845020518348157,0.04941153267346549,0.1332719068206441,0.2546083730933394,0.2306339679161977,0.31216950956579387,0.10631629477368001,0.19336148400413924,0.4544240935552717
False,60.0,-0.6000000000000011,724840.9577377684,rowcol,0.4845020518348157,0.04941153267346549,0.1332719068206441,0.2546083730933394,0.2306339679161977,0.3121695095657938,0.10631629477368001,0.19336148400413927,0.4544240935552717
True,-70.0,-0.45000000000000107,724840.9577377684,rowcol,0.45643701867839886,0.04718216152252574,0.14013523019631693,0.2357633109510935,0.2575149846182401,0.2928103595105268,0.10549800541238454,0.17385483862629247,0.4561690015400443
True,50.0,-0.45000000000000107,724840.9577377684,rowcol,0.45643701867839886,0.04718216152252574,0.14013523019631693,0.2357633109510935,0.25751498461824,0.2928103595105268,0.10549800541238454,0.17385483862629247,0.4561690015400443
True,-90.0,0.899999999999999,724840.9577377684,rowcol,0.5655024043640562,0.05668926955159545,0.13041992660715515,0.26769394227252075,0.05516977206222913,0.3180828328956789,0.1398391851321456,0.2164182545976295,0.4589537220939862
True,30.0,0.899999999999999,724840.9577377684,rowcol,0.5655024043640562,0.05668926955159545,0.13041992660715515,0.26769394227252075,0.05516977206222913,0.31808283289567885,0.1398391851321456,0.21641825459762953,0.4589537220939862
True,10.0,-0.45000000000000107,724840.9577377684,rowcol,0.4564370189687697,0.04718215871349774,0.14013021537291181,0.239097926911563,0.2575150051538596,0.29266714588924203,0.1054901206137587,0.18223937635942883,0.45948857303029844
False,-60.0,0.599999999999999,724840.9577377684,rowcol,0.4845020527686514,0.04941152348204974,0.1336292868819955,0.2605061880169766,0.23167929416213368,0.31363557229788114,0.10643231138396446,0.20545096752224942,0.4613940486629631
False,60.0,0.599999999999999,724840.9577377684,rowcol,0.4845020527686514,0.049411523482049746,0.1336292868819955,0.2605061880169766,0.23167929416213368,0.31363557229788114,0.10643231138396445,0.20545096752224942,0.4613940486629631
False,0.0,-0.6000000000000011,724840.9577377684,rowcol,0.4845020527721819,0.04941152348217204,0.13362928688456158,0.2605061880148209,0.23167929417317512,0.3136355722912636,0.10643231138339257,0.20545096752571293,0.46139404866850564
True,-30.0,0.599999999999999,724840.9577377684,rowcol,0.4442788558285991,0.04555946437247982,0.1416626598621832,0.23991249436871498,0.08913134870449962,0.277861714708243,0.14925896779394507,0.20256676689096453,0.46490047395526457
True,90.0,0.599999999999999,724840.9577377684,rowcol,0.4442788558285991,0.04555946437247982,0.1416626598621832,0.23991249436871498,0.08913134870449961,0.27786171470824306,0.14925896779394507,0.20256676689096456,0.46490047395526457
False,-20.0,0.44999999999999896,724840.9577377684,rowcol,0.44562379543488173,0.045672417914761586,0.14545655035993957,0.23138398844622513,0.23896787514599047,0.2840474119819353,0.12085134834616383,0.17524385810696536,0.4677536395260438
False,-80.0,-0.45000000000000107,724840.9577377684,rowcol,0.44562379543369274,0.04567241791474381,0.14545655036198332,0.23138398844933036,0.23896787514425852,0.28404741198668615,0.12085134834969631,0.17524385810803758,0.4677536395352803
False,40.0,-0.45000000000000107,724840.9577377684,rowcol,0.44562379543369274,0.04567241791474381,0.14545655036198332,0.23138398844933036,0.23896787514425852,0.28404741198668615,0.12085134834969631,0.17524385810803758,0.4677536395352803
False,80.0,0.44999999999999896,724840.9577377684,rowcol,0.445623795411936,0.04567241813864279,0.145531162254023,0.23301970531312144,0.23930739865583314,0.2845759858659535,0.12083508420039411,0.17848282475343655,0.46961319207519037
False,-40.0,0.44999999999999896,724840.9577377684,rowcol,0.445623795411936,0.04567241813864279,0.14553116225402302,0.23301970531312144,0.23930739865583317,0.2845759858659535,0.12083508420039411,0.17848282475343655,0.4696131920751905
False,20.0,-0.45000000000000107,724840.9577377684,rowcol,0.4456237954107469,0.04567241813862502,0.1455311622560991,0.23301970531695618,0.23930739865421016,0.284575985870856,0.12083508420393618,0.17848282475607985,0.4696131920852535
True,80.0,-0.6000000000000011,724840.9577377684,rowcol,0.518926533261095,0.05201061119927497,0.1441852893776907,0.24060617277447177,0.28260731288092167,0.2893056247694255,0.1001041039775975,0.19023250801834074,0.4731620409075439
True,-40.0,-0.6000000000000011,724840.9577377684,rowcol,0.518926533261095,0.05201061119927497,0.14418528937769073,0.24060617277447177,0.28260731288092167,0.2893056247694255,0.10010410397759753,0.1902325080183407,0.473162040907544
True,70.0,-0.6000000000000011,724840.9577377684,rowcol,0.502488907772815,0.050164422609706855,0.14447766262028672,0.2408977324953271,0.28265303681308396,0.285896860419335,0.1005778386426137,0.1951814834253374,0.47433072035618723
True,-50.0,-0.6000000000000011,724840.9577377684,rowcol,0.502488907772815,0.05016442260970686,0.14447766262028675,0.2408977324953271,0.282653036813084,0.285896860419335,0.10057783864261371,0.1951814834253374,0.4743307203561873
True,-20.0,-0.6000000000000011,724840.9577377684,rowcol,0.5189265332290224,0.05201061151927309,0.1441571358187833,0.24216864619310233,0.28260736902831585,0.2890022406511123,0.10005612559703722,0.1942283671891549,0.4746400536494522
True,-30.0,-0.6000000000000011,724840.9577377684,rowcol,0.5229899933287582,0.052582898731998035,0.14486622731525595,0.24032920876250716,0.28258330370311524,0.2951582961245695,0.1012719529684647,0.18184177750677435,0.47492789070827496
True,90.0,-0.6000000000000011,724840.9577377684,rowcol,0.5229899933287582,0.052582898731998035,0.14486622731525597,0.24032920876250716,0.2825833037031153,0.2951582961245695,0.1012719529684647,0.18184177750677433,0.47492789070827507
True,10.0,1.049999999999999,724840.9577377684,rowcol,0.5455590966180469,0.053909741614418194,0.1357726987156636,0.2692319148804666,0.050828989748918585,0.28099663201497405,0.14602554180908348,0.25892443065871107,0.4765500110274574
True,-10.0,-0.6000000000000011,724840.9577377684,rowcol,0.5024889081905415,0.05016441842540713,0.14447117800833534,0.24524069076992466,0.28265306175876675,0.28570127229793035,0.10056681259282534,0.2051259966736335,0.4786542247949307
True,-70.0,1.049999999999999,724840.9577377684,rowcol,0.5455590973369816,0.0539097343388974,0.13576062350878496,0.2760082269574208,0.05082923250750667,0.28064828708733924,0.14601225250705036,0.272044726119973,0.4832900974837756
True,50.0,1.049999999999999,724840.9577377684,rowcol,0.5455590973369816,0.0539097343388974,0.13576062350878496,0.2760082269574208,0.05082923250750667,0.28064828708733924,0.14601225250705033,0.27204472611997293,0.4832900974837756
False,-10.0,0.599999999999999,724840.9577377684,rowcol,0.45638621045789307,0.04759601394751856,0.1429540607619089,0.2548190426305935,0.23062526211168047,0.31603447952878916,0.12027404632459318,0.1885320299604169,0.48368122491632015
False,-70.0,-0.6000000000000011,724840.9577377684,rowcol,0.45638621046031236,0.047596013947724294,0.14295406076705994,0.254819042633786,0.23062526212563875,0.3160344795307255,0.12027404632695285,0.18853202996563098,0.4836812249349658
False,50.0,-0.6000000000000011,724840.9577377684,rowcol,0.45638621046031236,0.047596013947724294,0.14295406076705994,0.254819042633786,0.23062526212563875,0.3160344795307255,0.12027404632695285,0.18853202996563098,0.4836812249349658
False,-50.0,-0.7500000000000011,724840.9577377684,rowcol,0.51875340731376,0.051738656709107246,0.13929532735032774,0.2665990017819352,0.23864775056764112,0.317653244111033,0.11206562840706952,0.21445168602615647,0.4844849838329184
False,70.0,-0.7500000000000011,724840.9577377684,rowcol,0.51875340731376,0.051738656709107246,0.1392953273503277,0.26659900178193524,0.23864775056764112,0.3176532441110331,0.11206562840706948,0.21445168602615647,0.4844849838329184
False,10.0,0.749999999999999,724840.9577377684,rowcol,0.5187534073119785,0.05173865670903311,0.13929532735621458,0.2665990017902498,0.23864775057560275,0.3176532441247952,0.11206562841263006,0.21445168602804227,0.48448498385889355
True,-10.0,0.899999999999999,724840.9577377684,rowcol,0.45832401514266136,0.047986439303295,0.14382017974837,0.2549457041693917,0.05529868457419662,0.2846996638080259,0.15458700515913265,0.226922655238852,0.48640624341450167
False,-50.0,0.599999999999999,724840.9577377684,rowcol,0.45638621083470876,0.047596010334327345,0.14320595160756408,0.2596707235993075,0.2315463690850068,0.31722555512334405,0.12030572885592936,0.19875957588962642,0.4892885784219997
False,70.0,0.599999999999999,724840.9577377684,rowcol,0.45638621083470876,0.047596010334327345,0.14320595160756408,0.2596707235993075,0.2315463690850068,0.31722555512334405,0.12030572885592936,0.19875957588962642,0.4892885784219997
False,10.0,-0.6000000000000011,724840.9577377684,rowcol,0.45638621083712805,0.04759601033453307,0.14320595161275235,0.2596707236032706,0.23154636909903825,0.3172255551254459,0.1203057288583084,0.19875957589633728,0.4892885784415276
False,-10.0,-0.7500000000000011,724840.9577377684,rowcol,0.5187534078309716,0.05173865152332884,0.13961837268092164,0.27237965760479704,0.23976005868671316,0.3191184739807235,0.11210813206102785,0.22570057011568814,0.49123477564756196
False,-70.0,0.749999999999999,724840.9577377684,rowcol,0.5187534078291899,0.05173865152325471,0.13961837268685423,0.2723796576139348,0.23976005869479328,0.3191184739946562,0.11210813206661312,0.22570057011942285,0.49123477567449747
False,50.0,0.749999999999999,724840.9577377684,rowcol,0.5187534078291899,0.05173865152325471,0.13961837268685423,0.2723796576139348,0.23976005869479328,0.31911847399465615,0.11210813206661312,0.22570057011942282,0.49123477567449747
True,-50.0,0.899999999999999,724840.9577377684,rowcol,0.4583240156744613,0.04798643422401214,0.1438104063543314,0.26108291698103414,0.05529887583447238,0.28440499620248966,0.15457624258872696,0.23971920007119227,0.49251413604402833
True,70.0,0.899999999999999,724840.9577377684,rowcol,0.4583240156744613,0.04798643422401214,0.1438104063543314,0.26108291698103414,0.05529887583447241,0.28440499620248966,0.15457624258872696,0.23971920007119232,0.49251413604402833
True,-80.0,-0.45000000000000107,724840.9577377684,rowcol,0.44336253568436584,0.04568383094054032,0.15126193093680262,0.24016032258164463,0.2575500510622907,0.29961564772658555,0.12231036745253629,0.1751784180295325,0.4939461153920525
True,40.0,-0.45000000000000107,724840.9577377684,rowcol,0.44336253568436584,0.04568383094054032,0.15126193093680262,0.24016032258164463,0.2575500510622906,0.29961564772658555,0.12231036745253628,0.1751784180295325,0.4939461153920525
True,-60.0,-0.6000000000000011,724840.9577377684,rowcol,0.4759929881930911,0.04842740487972992,0.15061447279802137,0.2424916492539556,0.28266222099798544,0.29069581723782395,0.11070669590336106,0.1928398484204535,0.4943350676480197
True,60.0,-0.6000000000000011,724840.9577377684,rowcol,0.4759929881930911,0.04842740487972992,0.15061447279802137,0.2424916492539556,0.28266222099798544,0.29069581723782395,0.11070669590336107,0.19283984842045354,0.4943350676480197
True,20.0,-0.45000000000000107,724840.9577377684,rowcol,0.44336253566130296,0.0456838311643656,0.1512418043034125,0.24133528706408353,0.2575500972698072,0.299395974081485,0.12228092036000941,0.17843672078385,0.495060699974321
True,0.0,-0.6000000000000011,724840.9577377684,rowcol,0.4759929891472141,0.04842739550165361,0.15065145067445734,0.2478686231126168,0.28266222791794376,0.29071462579263074,0.11076616177663594,0.2050172273322818,0.4998229751359888
False,-30.0,0.44999999999999896,724840.9577377684,rowcol,0.43962710183088327,0.04447434275900553,0.15926701709869223,0.22252775139331885,0.26839921928880556,0.25946980561138333,0.12984084424722314,0.18586004966512804,0.5003288026893955
False,90.0,0.44999999999999896,724840.9577377684,rowcol,0.4396271018308832,0.04447434275900553,0.15926701709869223,0.22252775139331885,0.26839921928880556,0.25946980561138333,0.12984084424722314,0.18586004966512804,0.5003288026893955
False,-90.0,-0.45000000000000107,724840.9577377684,rowcol,0.43962710182792125,0.04447434275879275,0.15926701710025287,0.22252775139662082,0.2683992192795751,0.25946980561759997,0.12984084425296438,0.18586004966510752,0.5003288026973793
False,30.0,-0.45000000000000107,724840.9577377684,rowcol,0.43962710182792125,0.04447434275879275,0.15926701710025287,0.22252775139662082,0.2683992192795751,0.25946980561759997,0.12984084425296438,0.18586004966510752,0.5003288026973793
True,-20.0,0.749999999999999,724840.9577377684,rowcol,0.44034129859075416,0.0455624306370228,0.15183063744616995,0.2474883995342122,0.06962782150270104,0.28981087578364445,0.16239099651069389,0.2052475208160862,0.5029803118727221
True,0.0,1.049999999999999,724840.9577377684,rowcol,0.5021186155114784,0.05100852068601693,0.14512329919356645,0.268109953673893,0.050854416173637305,0.28011756023865253,0.1562955442156915,0.25757872048454705,0.5034798512545924
False,-40.0,-0.9000000000000011,724840.9577377684,rowcol,0.5559169310460068,0.05606098075125406,0.13657752602492954,0.29402198309186456,0.14531111774899166,0.3582829038587379,0.1349246780675779,0.2262665915013689,0.5037545611666532
False,80.0,-0.9000000000000011,724840.9577377684,rowcol,0.5559169310460068,0.05606098075125406,0.13657752602492954,0.2940219830918646,0.1453111177489917,0.3582829038587379,0.1349246780675779,0.22626659150136894,0.5037545611666532
False,20.0,0.899999999999999,724840.9577377684,rowcol,0.555916931049118,0.05606098075143894,0.13657752603931864,0.29402198309792815,0.14531111777738015,0.35828290386088135,0.13492467807922529,0.22626659151302014,0.503754561215884
True,-40.0,0.749999999999999,724840.9577377684,rowcol,0.4403412985544934,0.045562430987467206,0.15179721727551046,0.24938606097653682,0.06962810636787736,0.2894322579553853,0.16235403163151865,0.2098734184917553,0.5047777128030682
True,80.0,0.749999999999999,724840.9577377684,rowcol,0.4403412985544934,0.045562430987467206,0.15179721727551046,0.2493860609765368,0.06962810636787739,0.2894322579553853,0.16235403163151862,0.20987341849175534,0.5047777128030682
False,-20.0,-0.9000000000000011,724840.9577377684,rowcol,0.5559169309987788,0.056060981219580155,0.13673639917506528,0.29657479790110053,0.1464243570609946,0.35908549729882894,0.13489554126164752,0.23127472228987256,0.5067839954262964
False,-80.0,0.899999999999999,724840.9577377684,rowcol,0.55591693100189,0.056060981219765035,0.13673639918950875,0.29657479790828073,0.14642435708951548,0.359085497301201,0.13489554127331368,0.23127472230372623,0.506783995476807
False,40.0,0.899999999999999,724840.9577377684,rowcol,0.55591693100189,0.05606098121976504,0.13673639918950875,0.29657479790828073,0.14642435708951548,0.359085497301201,0.13489554127331368,0.23127472230372623,0.506783995476807
True,-90.0,-0.45000000000000107,724840.9577377684,rowcol,0.4402997203638228,0.04519397752226443,0.15660209785627702,0.24186580216295392,0.2575681099282183,0.2949391230440658,0.13000711521259886,0.1858474067825553,0.511672095731785
True,30.0,-0.45000000000000107,724840.9577377684,rowcol,0.4402997203638228,0.04519397752226443,0.15660209785627702,0.24186580216295392,0.2575681099282183,0.2949391230440658,0.13000711521259886,0.1858474067825553,0.511672095731785
True,-60.0,1.049999999999999,724840.9577377684,rowcol,0.502118617094317,0.05100850510483841,0.14519045172974474,0.27658107744247235,0.0508544834837536,0.28015171722100035,0.15636925777221772,0.27354212817003937,0.5121524326317065
True,60.0,1.049999999999999,724840.9577377684,rowcol,0.502118617094317,0.05100850510483841,0.14519045172974476,0.27658107744247235,0.0508544834837536,0.28015171722100035,0.15636925777221772,0.27354212817003937,0.5121524326317066
False,-30.0,-0.9000000000000011,724840.9577377684,rowcol,0.566899204006709,0.05814054904282136,0.1298154513804111,0.32442258402676005,0.044823928567323805,0.4180062442141483,0.13984845054822137,0.2163763607311632,0.5138689381679933
False,90.0,-0.9000000000000011,724840.9577377684,rowcol,0.566899204006709,0.05814054904282136,0.12981545138041112,0.32442258402676005,0.044823928567323805,0.4180062442141482,0.1398484505482214,0.2163763607311632,0.5138689381679934
False,-90.0,0.899999999999999,724840.9577377684,rowcol,0.5668992040124765,0.05814054904317769,0.12981545139623937,0.3244225840245286,0.044823928569992955,0.41800624419960275,0.13984845056543635,0.21637636074863534,0.5138689382132468
False,30.0,0.899999999999999,724840.9577377684,rowcol,0.5668992040124765,0.05814054904317769,0.12981545139623937,0.3244225840245286,0.044823928569992955,0.41800624419960275,0.13984845056543638,0.21637636074863534,0.5138689382132468
True,20.0,1.049999999999999,724840.9577377684,rowcol,0.5725783742601589,0.05702572471376117,0.14651501667499695,0.2805532402321807,0.050779821969057254,0.3158255405627542,0.15782756450303934,0.24702096802433657,0.5200982902571716
True,-70.0,-0.6000000000000011,724840.9577377684,rowcol,0.44817317282659924,0.04661607110391939,0.15917152381860997,0.24438544703720871,0.2826714881164673,0.2976412863051186,0.12405267560587618,0.18827684238845158,0.5219000184930386
True,50.0,-0.6000000000000011,724840.9577377684,rowcol,0.44817317282659924,0.04661607110391939,0.15917152381860997,0.24438544703720871,0.28267148811646725,0.2976412863051186,0.12405267560587618,0.18827684238845158,0.5219000184930386
True,40.0,1.049999999999999,724840.9577377684,rowcol,0.572578374205349,0.05702572526409261,0.1464665280172305,0.2828960717658406,0.05078036880566446,0.3153390803301141,0.15777431416450047,0.2524040456289492,0.5222956558175321
True,-80.0,1.049999999999999,724840.9577377684,rowcol,0.572578374205349,0.0570257252640926,0.14646652801723054,0.2828960717658406,0.05078036880566446,0.3153390803301141,0.15777431416450047,0.2524040456289492,0.5222956558175322
False,0.0,0.749999999999999,724840.9577377684,rowcol,0.4858898505883311,0.0496429715466443,0.15137169352822905,0.2716414281242435,0.2537520910676758,0.32849779212366476,0.12390749200617056,0.21235123162416952,0.5257565087089306
False,-60.0,-0.7500000000000011,724840.9577377684,rowcol,0.4858898505927317,0.04964297154680305,0.15137169353106075,0.2716414281218737,0.25375209108027696,0.3284977921161551,0.12390749200555655,0.2123512316283583,0.525756508715056
False,60.0,-0.7500000000000011,724840.9577377684,rowcol,0.4858898505927317,0.04964297154680305,0.15137169353106075,0.2716414281218737,0.25375209108027696,0.3284977921161551,0.12390749200555655,0.21235123162835826,0.525756508715056
True,10.0,-0.6000000000000011,724840.9577377684,rowcol,0.4481731732103203,0.04661606741477322,0.15916563694075753,0.2486675635250627,0.2826715130605217,0.2974534207374215,0.12404373482824949,0.19856759675263258,0.5261644743473353
False,60.0,0.749999999999999,724840.9577377684,rowcol,0.48588985175669225,0.049642960111090276,0.1517650192194717,0.2785350880908741,0.25493961826476025,0.33022273736814567,0.12403192951925118,0.226096973163093,0.5338301457492891
False,-60.0,0.749999999999999,724840.9577377684,rowcol,0.48588985175669225,0.04964296011109027,0.15176501921947172,0.2785350880908741,0.25493961826476025,0.3302227373681456,0.12403192951925118,0.226096973163093,0.5338301457492892
False,0.0,-0.7500000000000011,724840.9577377684,rowcol,0.4858898517610928,0.049642960111249024,0.15176501922229607,0.27853508808855815,0.2549396182773027,0.33022273736066654,0.12403192951863778,0.22609697316702707,0.5338301457554464
True,70.0,-0.7500000000000011,724840.9577377684,rowcol,0.5081269198431507,0.05050988965421102,0.16269619310016037,0.2501807808124838,0.30788068398301,0.28753603078342616,0.11839210011541097,0.2137705520689333,0.5382693601129649
True,-50.0,-0.7500000000000011,724840.9577377684,rowcol,0.5081269198431507,0.050509889654211014,0.16269619310016042,0.2501807808124838,0.30788068398301005,0.28753603078342616,0.11839210011541099,0.2137705520689333,0.5382693601129651
True,-30.0,0.749999999999999,724840.9577377684,rowcol,0.4354449458852323,0.044720934053105246,0.16323741501274736,0.24875952281538685,0.06964884189077489,0.27829536011118927,0.1749837322906708,0.22088370371804586,0.5384717678536288
True,90.0,0.749999999999999,724840.9577377684,rowcol,0.4354449458852323,0.044720934053105246,0.16323741501274736,0.2487595228153868,0.06964884189077489,0.27829536011118927,0.17498373229067082,0.22088370371804586,0.5384717678536288
False,-20.0,0.599999999999999,724840.9577377684,rowcol,0.4335934520477586,0.04459876649521764,0.1671399846677342,0.24114411745386308,0.2600447171312656,0.2915835049359911,0.14388048579154053,0.18855427588854087,0.5425640714570656
False,-80.0,-0.6000000000000011,724840.9577377684,rowcol,0.43359345204624383,0.0445987664952061,0.16713998467124444,0.2411441174588401,0.26004471713009725,0.2915835049428985,0.14388048579674637,0.1885542758912759,0.5425640714725735
False,40.0,-0.6000000000000011,724840.9577377684,rowcol,0.43359345204624383,0.0445987664952061,0.16713998467124447,0.24114411745884007,0.26004471713009725,0.2915835049428985,0.14388048579674637,0.1885542758912759,0.5425640714725735
True,-10.0,-0.7500000000000011,724840.9577377684,rowcol,0.5081269203711787,0.05050988434227684,0.16268899515134042,0.2554006984526315,0.3078807126100616,0.28729291975693855,0.11838039168205959,0.22510868188269167,0.5434676839066528
True,-40.0,-0.7500000000000011,724840.9577377684,rowcol,0.5285612959284076,0.052790988440148415,0.1646815907887868,0.2497020941017883,0.3078240486772491,0.29289759924949776,0.12162029936428452,0.20649487909064534,0.5437468664681486
True,80.0,-0.7500000000000011,724840.9577377684,rowcol,0.5285612959284076,0.05279098844014842,0.1646815907887868,0.24970209410178834,0.3078240486772491,0.29289759924949776,0.12162029936428452,0.20649487909064534,0.5437468664681487
True,-90.0,1.049999999999999,724840.9577377684,rowcol,0.579417954673661,0.05797517060431116,0.15366689885893636,0.2834103849176813,0.050786712228554715,0.33094337766501364,0.16567319042281237,0.2361415033925616,0.5444110814944904
True,30.0,1.049999999999999,724840.9577377684,rowcol,0.579417954673661,0.05797517060431116,0.15366689885893636,0.2834103849176813,0.05078671222855471,0.33094337766501364,0.16567319042281237,0.23614150339256154,0.5444110814944904
False,-40.0,0.599999999999999,724840.9577377684,rowcol,0.43359345201730704,0.044598766791271505,0.1672265609003305,0.2432256197829033,0.2604606864270617,0.2922525582534081,0.14386227127944995,0.1925625254335976,0.5449053024838948
False,80.0,0.599999999999999,724840.9577377684,rowcol,0.43359345201730704,0.044598766791271505,0.1672265609003305,0.24322561978290333,0.2604606864270617,0.2922525582534082,0.14386227127944998,0.1925625254335976,0.5449053024838948
False,20.0,-0.6000000000000011,724840.9577377684,rowcol,0.4335934520157922,0.04459876679125996,0.16722656090387758,0.2432256197887985,0.2604606864260257,0.2922525582605102,0.1438622712846666,0.19256252543824134,0.5449053025004312
True,-20.0,-0.7500000000000011,724840.9577377684,rowcol,0.5285612958880309,0.05279098884441381,0.16465077894983426,0.2515830673415268,0.3078241131120463,0.29252297665104726,0.12157093817192,0.21109346343711533,0.5455354041910296
True,10.0,1.1999999999999988,724840.9577377684,rowcol,0.5549947422512492,0.054673418672146805,0.15456713146735915,0.2832263468564426,0.058538143798114256,0.2836275660322144,0.16619626989309447,0.2828884852294152,0.5469277412585201
True,-30.0,-0.7500000000000011,724840.9577377684,rowcol,0.5336486111000849,0.053493761309358005,0.1667148671585783,0.24926181963766836,0.3077939553322662,0.299728905091933,0.12486599939651064,0.19705591038055045,0.5494064211134033
True,90.0,-0.7500000000000011,724840.9577377684,rowcol,0.5336486111000849,0.053493761309358005,0.16671486715857833,0.24926181963766836,0.3077939553322662,0.29972890509193306,0.12486599939651066,0.19705591038055045,0.5494064211134033
True,-10.0,1.049999999999999,724840.9577377684,rowcol,0.4552712677165777,0.04790327539458623,0.16199535961452005,0.26656086653564254,0.05087988433670928,0.28609725555860005,0.17479721730503878,0.24894694012604798,0.5525469453792027
True,50.0,1.1999999999999988,724840.9577377684,rowcol,0.5549947430760056,0.05467341029997132,0.15455500955556728,0.2905850818480619,0.05853838469945893,0.2832331205975282,0.16618292574270707,0.29662697634380136,0.5542501105147637
True,-70.0,1.1999999999999988,724840.9577377684,rowcol,0.5549947430760055,0.05467341029997132,0.15455500955556728,0.290585081848062,0.05853838469945897,0.2832331205975282,0.16618292574270707,0.29662697634380136,0.5542501105147638
False,-10.0,0.749999999999999,724840.9577377684,rowcol,0.4505728894143756,0.0473651858133604,0.16197117528622118,0.27123275477096237,0.25209160480542886,0.3324074429769795,0.13940172124355307,0.20618333307807693,0.5571462806296259
False,-70.0,-0.7500000000000011,724840.9577377684,rowcol,0.45057288941755125,0.047365185813641915,0.1619711752931036,0.2712327547762157,0.2520916048240184,0.3324074429811442,0.13940172124687972,0.20618333308515302,0.5571462806555265
False,50.0,-0.7500000000000011,724840.9577377684,rowcol,0.4505728894175512,0.047365185813641915,0.1619711752931036,0.2712327547762157,0.2520916048240184,0.3324074429811442,0.13940172124687975,0.20618333308515302,0.5571462806555265
False,-50.0,-0.9000000000000011,724840.9577377684,rowcol,0.5266379029692875,0.05240959952744814,0.1580332407163114,0.28478064022630173,0.26108111402281176,0.33417598003410914,0.13077500245002482,0.23534646714411567,0.5588803623752359
False,70.0,-0.9000000000000011,724840.9577377684,rowcol,0.5266379029692875,0.05240959952744814,0.1580332407163114,0.28478064022630173,0.26108111402281176,0.33417598003410914,0.1307750024500248,0.23534646714411567,0.5588803623752359
False,10.0,0.899999999999999,724840.9577377684,rowcol,0.5266379029672971,0.0524095995273789,0.15803324072401342,0.28478064023722366,0.26108111403458917,0.3341759800517744,0.13077500245674298,0.23534646714735136,0.558880362409264
True,-50.0,1.049999999999999,724840.9577377684,rowcol,0.45527126832294673,0.04790326963167319,0.16198523644078336,0.2734035652830199,0.050880126852470293,0.28575512852695045,0.17478611256599505,0.26256661826029026,0.5593592746053699
True,70.0,1.049999999999999,724840.9577377684,rowcol,0.4552712683229467,0.04790326963167319,0.16198523644078336,0.2734035652830199,0.050880126852470293,0.28575512852695045,0.17478611256599505,0.26256661826029026,0.5593592746053699
True,60.0,-0.7500000000000011,724840.9577377684,rowcol,0.4751337155905147,0.04834938282822824,0.1691286401414327,0.2524966541646511,0.3078919065375527,0.29367379910931724,0.12860380734312446,0.2117567597183226,0.5598825745889492
True,-60.0,-0.7500000000000011,724840.9577377684,rowcol,0.4751337155905147,0.04834938282822824,0.1691286401414327,0.25249665416465117,0.3078919065375527,0.29367379910931724,0.12860380734312446,0.2117567597183226,0.5598825745889493
False,-50.0,0.749999999999999,724840.9577377684,rowcol,0.4505728898783191,0.04736518139998395,0.16224907684648177,0.27691679808441083,0.25314484806892196,0.3338079374316348,0.13943589047395027,0.21785976973654392,0.5636640286238561
False,70.0,0.749999999999999,724840.9577377684,rowcol,0.4505728898783191,0.04736518139998394,0.16224907684648177,0.27691679808441083,0.25314484806892196,0.3338079374316348,0.13943589047395027,0.21785976973654392,0.5636640286238561
False,10.0,-0.7500000000000011,724840.9577377684,rowcol,0.4505728898814948,0.04736518140026547,0.16224907685340348,0.276916798090534,0.25314484808758136,0.333807937435995,0.1394358904772977,0.2178597697452536,0.5636640286507444
False,-10.0,-0.9000000000000011,724840.9577377684,rowcol,0.5266379035941532,0.052409593248483335,0.15837495808353005,0.29128601445412483,0.26230118636396926,0.3358755292767917,0.13081871110439428,0.24764776349523557,0.566410888704715
False,50.0,0.899999999999999,724840.9577377684,rowcol,0.5266379035921629,0.052409593248414085,0.15837495809127825,0.29128601446591595,0.2623011863758623,0.33587552929461784,0.13081871111113774,0.2476477635004354,0.5664108887397507
False,-70.0,0.899999999999999,724840.9577377684,rowcol,0.5266379035921628,0.052409593248414085,0.15837495809127827,0.29128601446591595,0.26230118637586236,0.33587552929461784,0.13081871111113774,0.2476477635004354,0.5664108887397508
True,0.0,-0.7500000000000011,724840.9577377684,rowcol,0.47513371678532534,0.04834937108671565,0.169169802664973,0.25894087804293237,0.30789191447869513,0.29369707122480526,0.1286677965120187,0.22560362528480055,0.5664502860378513
True,0.0,1.1999999999999988,724840.9577377684,rowcol,0.5059169582707178,0.05139049580225668,0.16335864180923998,0.281768339678447,0.058557521216830194,0.2812631842343794,0.17585594041255048,0.2821924700726616,0.5718442651061669
True,40.0,-0.6000000000000011,724840.9577377684,rowcol,0.4305009605902339,0.044595213596316595,0.17396433017989385,0.2510247685028774,0.2827178393334711,0.3093296566837341,0.14563850928171124,0.1885129394995011,0.5729177590425589
True,-80.0,-0.6000000000000011,724840.9577377684,rowcol,0.4305009605902339,0.044595213596316595,0.17396433017989388,0.2510247685028774,0.2827178393334711,0.3093296566837341,0.14563850928171124,0.1885129394995011,0.572917759042559
True,20.0,-0.6000000000000011,724840.9577377684,rowcol,0.4305009605595635,0.04459521389239404,0.17394099670826704,0.25252277989150584,0.2827178954589148,0.30904593037634914,0.14560553579215132,0.19254447436442276,0.5743457700163069
True,-20.0,0.899999999999999,724840.9577377684,rowcol,0.4327131751464641,0.04492109335383013,0.172875292347233,0.25783279674837617,0.055370825649654086,0.29349915041546876,0.18647940587299724,0.2234737868632274,0.5764586737900752
True,-40.0,0.899999999999999,724840.9577377684,rowcol,0.4327131751036746,0.044921093766010264,0.1728400704565383,0.26001774929666266,0.05537125550429327,0.29305046862580786,0.18644077833918177,0.2285714348156304,0.5785379606662775
True,80.0,0.899999999999999,724840.9577377684,rowcol,0.4327131751036746,0.044921093766010264,0.1728400704565383,0.26001774929666266,0.05537125550429329,0.29305046862580786,0.18644077833918177,0.2285714348156304,0.5785379606662775
True,-60.0,1.1999999999999988,724840.9577377684,rowcol,0.505916960066095,0.05139047812755144,0.1634268221619225,0.2909754387862158,0.05855758802326809,0.28130206146779024,0.17593081575482947,0.2988683705146734,0.5812559052719832
True,60.0,1.1999999999999988,724840.9577377684,rowcol,0.505916960066095,0.051390478127551445,0.1634268221619225,0.2909754387862158,0.05855758802326809,0.2813020614677902,0.17593081575482947,0.2988683705146734,0.5812559052719832
False,-30.0,0.599999999999999,724840.9577377684,rowcol,0.4255022137604709,0.04297008016254648,0.18448239057279672,0.23112670742332045,0.297163497178695,0.26172285000488305,0.15537391754281332,0.20183663165727753,0.5845738791417106
False,90.0,0.599999999999999,724840.9577377684,rowcol,0.4255022137604709,0.04297008016254648,0.18448239057279672,0.23112670742332045,0.297163497178695,0.26172285000488305,0.1553739175428133,0.20183663165727753,0.5845738791417106
False,-90.0,-0.6000000000000011,724840.9577377684,rowcol,0.42550221375650643,0.04297008016225593,0.1844823905756177,0.2311267074277983,0.2971634971663735,0.26172285001229284,0.15537391755106889,0.20183663165863702,0.5845738791546513
False,30.0,-0.6000000000000011,724840.9577377684,rowcol,0.42550221375650643,0.04297008016225593,0.18448239057561772,0.23112670742779834,0.2971634971663735,0.26172285001229284,0.15537391755106889,0.20183663165863702,0.5845738791546515
False,-40.0,-1.0500000000000012,724840.9577377684,rowcol,0.5683429396783005,0.05728166088380151,0.15772607046673118,0.31391328848718575,0.15379571997979793,0.37883483482907004,0.1584319835962892,0.24641155828022077,0.5870914998873793
False,80.0,-1.0500000000000012,724840.9577377684,rowcol,0.5683429396783005,0.05728166088380151,0.15772607046673118,0.3139132884871858,0.15379571997979796,0.37883483482907004,0.1584319835962892,0.2464115582802208,0.5870914998873793
False,20.0,1.049999999999999,724840.9577377684,rowcol,0.5683429396820038,0.057281660884033615,0.15772607048337928,0.3139132884952862,0.15379572001391278,0.37883483483265334,0.15843198360984775,0.24641155829458575,0.587091499945424
False,-20.0,-1.0500000000000012,724840.9577377684,rowcol,0.568342939623082,0.05728166143167405,0.15788658139338665,0.3166992623760931,0.1550226546344526,0.3797143128492223,0.15840303480943246,0.2517776566799334,0.5903590065562531
False,40.0,1.049999999999999,724840.9577377684,rowcol,0.5683429396267853,0.05728166143190615,0.15788658141008965,0.3166992623854061,0.15502265466868118,0.3797143128530671,0.15840303482300963,0.251777656696623,0.590359006615675
False,-80.0,1.049999999999999,724840.9577377684,rowcol,0.5683429396267853,0.057281661431906154,0.15788658141008968,0.3166992623854061,0.15502265466868123,0.379714312853067,0.15840303482300966,0.251777656696623,0.5903590066156751
True,50.0,-0.7500000000000011,724840.9577377684,rowcol,0.4400546295908928,0.04607245470195079,0.17901749865106178,0.254933994594547,0.3079032372253316,0.30304220710016877,0.14355479240560834,0.2059525688675339,0.5919864905477323
True,-70.0,-0.7500000000000011,724840.9577377684,rowcol,0.4400546295908928,0.046072454701950795,0.1790174986510618,0.254933994594547,0.30790323722533164,0.30304220710016877,0.14355479240560834,0.20595256886753385,0.5919864905477324
True,-90.0,-0.6000000000000011,724840.9577377684,rowcol,0.426393938134956,0.0439281347471518,0.1811031320696049,0.2534478318673785,0.28274203275530846,0.3036167262067671,0.1555791437058234,0.20182271129560184,0.5967572280761932
True,30.0,-0.6000000000000011,724840.9577377684,rowcol,0.426393938134956,0.0439281347471518,0.1811031320696049,0.2534478318673785,0.28274203275530846,0.3036167262067671,0.1555791437058234,0.20182271129560184,0.5967572280761932
True,10.0,-0.7500000000000011,724840.9577377684,rowcol,0.4400546300659256,0.046072450164740916,0.17901095570622627,0.26005861754627085,0.3079032658502862,0.30281154540064426,0.14354513454080706,0.21769846363838452,0.5970914846649497
False,0.0,0.899999999999999,724840.9577377684,rowcol,0.48758068481101086,0.04992772771985669,0.1709178573686784,0.2912146073907393,0.2794460776459592,0.34737795618129125,0.1424908582714354,0.23375936633478778,0.6039681794967745
False,60.0,-0.9000000000000011,724840.9577377684,rowcol,0.48758068481627326,0.04992772772005195,0.17091785737168777,0.2912146073881001,0.2794460776596903,0.3473779561727942,0.14249085827079463,0.23375936633935396,0.6039681795031634
False,-60.0,-0.9000000000000011,724840.9577377684,rowcol,0.48758068481627326,0.04992772772005195,0.1709178573716878,0.2912146073881001,0.2794460776596903,0.3473779561727942,0.14249085827079466,0.23375936633935396,0.6039681795031635
True,20.0,1.1999999999999988,724840.9577377684,rowcol,0.5855440760639379,0.05819482899054577,0.16901642058289146,0.2972013360520111,0.05852566677402553,0.3280834869554529,0.18206941536887394,0.2684939645351006,0.6042505978006855
True,-80.0,1.1999999999999988,724840.9577377684,rowcol,0.5855440760012163,0.05819482962163718,0.16896838363838865,0.29972868173658657,0.058526209017903286,0.3275482797528659,0.1820166620236838,0.27415600902876414,0.6066338326517525
True,40.0,1.1999999999999988,724840.9577377684,rowcol,0.5855440760012163,0.05819482962163718,0.16896838363838865,0.29972868173658657,0.058526209017903244,0.3275482797528659,0.18201666202368377,0.2741560090287641,0.6066338326517525
True,70.0,-0.9000000000000011,724840.9577377684,rowcol,0.5139603830322689,0.050876963655594305,0.18187993607868932,0.2610789397753052,0.3331665989357446,0.28943454292382115,0.1373943912990531,0.23459379242914752,0.6067187480113732
True,-50.0,-0.9000000000000011,724840.9577377684,rowcol,0.5139603830322689,0.050876963655594305,0.18187993607868935,0.2610789397753052,0.33316659893574463,0.28943454292382115,0.1373943912990531,0.23459379242914752,0.6067187480113733
False,-30.0,-1.0500000000000012,724840.9577377684,rowcol,0.5810525996908023,0.05966924498459852,0.1537134879430333,0.3486197444064034,0.052107556212874266,0.44695770293174614,0.16564952138589406,0.23609431226334682,0.6097602082355034
False,90.0,-1.0500000000000012,724840.9577377684,rowcol,0.5810525996908023,0.05966924498459852,0.1537134879430333,0.3486197444064034,0.05210755621287425,0.446957702931746,0.16564952138589406,0.23609431226334687,0.6097602082355034
False,-90.0,1.049999999999999,724840.9577377684,rowcol,0.5810525996975155,0.059669244985007475,0.15371348796078058,0.34861974440425797,0.05210755620352335,0.44695770291504777,0.16564952140590056,0.2360943122841001,0.6097602082865997
False,30.0,1.049999999999999,724840.9577377684,rowcol,0.5810525996975155,0.059669244985007475,0.15371348796078058,0.34861974440425797,0.05210755620352335,0.44695770291504777,0.16564952140590056,0.23609431228410005,0.6097602082865997
True,-10.0,-0.9000000000000011,724840.9577377684,rowcol,0.5139603836725478,0.050876957187479685,0.18187220973917295,0.2670751192070746,0.33316663068100205,0.28914470067780323,0.137382284676704,0.24699295583577047,0.6126917484245935
False,-60.0,0.899999999999999,724840.9577377684,rowcol,0.48758068620818223,0.04992771407545696,0.1713359031726827,0.2989372324191369,0.280740115764434,0.349354583051628,0.14262071465583606,0.24874805766215413,0.6129449419371851
False,60.0,0.899999999999999,724840.9577377684,rowcol,0.4875806862081823,0.04992771407545696,0.1713359031726827,0.2989372324191369,0.28074011576443403,0.349354583051628,0.14262071465583606,0.24874805766215413,0.6129449419371851
False,0.0,-0.9000000000000011,724840.9577377684,rowcol,0.48758068621344464,0.04992771407565222,0.1713359031756848,0.2989372324165819,0.28074011577810176,0.34935458304320904,0.14262071465519593,0.24874805766644517,0.6129449419436364
True,-30.0,0.899999999999999,724840.9577377684,rowcol,0.42688262850658365,0.043892862277180755,0.18631131374476287,0.25917346834331334,0.05538560236728198,0.27931772301236557,0.20119640471693687,0.2409320443791219,0.6181074095776019
True,90.0,0.899999999999999,724840.9577377684,rowcol,0.42688262850658365,0.043892862277180755,0.18631131374476287,0.25917346834331334,0.055385602367281975,0.27931772301236557,0.20119640471693687,0.2409320443791219,0.6181074095776019
True,-40.0,-0.9000000000000011,724840.9577377684,rowcol,0.5383424496705935,0.05358216752553868,0.1864587014917389,0.260381458665191,0.33309917747321766,0.2971534001201495,0.1444969293246744,0.22484848404018584,0.6197575631404078
True,80.0,-0.9000000000000011,724840.9577377684,rowcol,0.5383424496705935,0.05358216752553868,0.1864587014917389,0.2603814586651911,0.3330991774732176,0.2971534001201495,0.1444969293246744,0.22484848404018584,0.6197575631404078
True,10.0,1.3499999999999988,724840.9577377684,rowcol,0.5645069027984528,0.05545102758540398,0.1742462914995969,0.2984555109754074,0.07471193190231912,0.28691793341834154,0.18675817596368255,0.30782391032049927,0.621194385474198
True,-20.0,-0.9000000000000011,724840.9577377684,rowcol,0.5383424496218238,0.05358216801553043,0.1864260458034594,0.2625452138620087,0.3330992489279006,0.2967102442959618,0.14444707517656266,0.22991568024096046,0.6218233512723869
True,-10.0,1.1999999999999988,724840.9577377684,rowcol,0.4524902164551049,0.04784543913609662,0.1811484270818877,0.2795087856054567,0.058577055840789975,0.2877582529515044,0.19537331921113454,0.2723777229538238,0.6229540668511198
False,-20.0,0.749999999999999,724840.9577377684,rowcol,0.42162219344398305,0.04354847530854934,0.18977589552556898,0.25392229272139877,0.2818719896167371,0.30225455970487963,0.16762239111778143,0.20462074612793205,0.6232499792981057
False,-80.0,-0.7500000000000011,724840.9577377684,rowcol,0.421622193442183,0.04354847530855059,0.189775895530687,0.25392229272849853,0.28187198961648957,0.30225455971409637,0.16762239112470795,0.20462074613270234,0.6232499793205595
False,40.0,-0.7500000000000011,724840.9577377684,rowcol,0.421622193442183,0.04354847530855059,0.18977589553068702,0.25392229272849853,0.28187198961648957,0.30225455971409637,0.16762239112470795,0.20462074613270229,0.6232499793205596
False,-40.0,0.749999999999999,724840.9577377684,rowcol,0.42162219340611234,0.04354847567520051,0.18987120837933857,0.25638231933478434,0.28235166258270594,0.30304347491854766,0.16760284795165584,0.20923470787646034,0.6259959444728
False,80.0,0.749999999999999,724840.9577377684,rowcol,0.4216221934061124,0.04354847567520051,0.18987120837933857,0.25638231933478434,0.28235166258270594,0.30304347491854766,0.16760284795165584,0.20923470787646037,0.6259959444728
False,20.0,-0.7500000000000011,724840.9577377684,rowcol,0.42162219340431234,0.04354847567520176,0.18987120838449667,0.2563823193429557,0.28235166258260924,0.30304347492799466,0.16760284795859406,0.20923470788338672,0.6259959444964457
True,50.0,1.3499999999999988,724840.9577377684,rowcol,0.5645069037295664,0.05545101810640816,0.17423419480093433,0.3063103412888838,0.07471214424681276,0.2864792408811931,0.18674481693820813,0.3220441273450269,0.6290129256916868
True,-70.0,1.3499999999999988,724840.9577377684,rowcol,0.5645069037295664,0.05545101810640816,0.17423419480093436,0.3063103412888838,0.0747121442468128,0.2864792408811931,0.18674481693820816,0.32204412734502696,0.6290129256916869
True,-60.0,-0.9000000000000011,724840.9577377684,rowcol,0.474537391800703,0.048298471406025154,0.18837885793876846,0.26419768848872643,0.3331798013178282,0.2969568734306214,0.1473788050124299,0.23311056860884735,0.6293342623050318
True,60.0,-0.9000000000000011,724840.9577377684,rowcol,0.474537391800703,0.048298471406025154,0.18837885793876843,0.2641976884887265,0.3331798013178282,0.2969568734306214,0.14737880501242986,0.23311056860884735,0.6293342623050318
True,-30.0,-0.9000000000000011,724840.9577377684,rowcol,0.5444547966536414,0.05441073447962278,0.18997046495518627,0.2597519434737563,0.3330629884337384,0.30477093249626613,0.14982205030542378,0.21470434440399763,0.6296633383393151
True,90.0,-0.9000000000000011,724840.9577377684,rowcol,0.5444547966536414,0.05441073447962278,0.1899704649551863,0.2597519434737563,0.3330629884337384,0.30477093249626613,0.1498220503054238,0.21470434440399763,0.6296633383393152
True,-50.0,1.1999999999999988,724840.9577377684,rowcol,0.4524902171314013,0.047845432740136314,0.18113808080962776,0.28696308755536315,0.05857729658210791,0.2873694773836444,0.19536196448131443,0.2866208719217946,0.6303773299842464
True,70.0,1.1999999999999988,724840.9577377684,rowcol,0.4524902171314013,0.047845432740136314,0.18113808080962776,0.28696308755536315,0.05857729658210785,0.2873694773836444,0.19536196448131443,0.28662087192179464,0.6303773299842464
True,-90.0,1.1999999999999988,724840.9577377684,rowcol,0.5933341195423826,0.05926238929661186,0.1780603912939188,0.3007036074046766,0.05855431453781543,0.34528891661115524,0.1919890027553741,0.2572949047586176,0.634884781286433
True,30.0,1.1999999999999988,724840.9577377684,rowcol,0.5933341195423826,0.05926238929661186,0.1780603912939188,0.3007036074046766,0.05855431453781542,0.34528891661115524,0.1919890027553741,0.2572949047586176,0.634884781286433
False,-10.0,0.899999999999999,724840.9577377684,rowcol,0.445017390838619,0.047187144750948144,0.18213257069562594,0.29000573899667387,0.2758265073089426,0.35101388838317255,0.15922017180231235,0.2263059834616805,0.6364034510835517
False,-70.0,-0.9000000000000011,724840.9577377684,rowcol,0.44501739084261394,0.04718714475131544,0.18213257070425085,0.2900057390041531,0.27582650733221203,0.3510138883898331,0.15922017180662892,0.22630598347063735,0.6364034511169057
False,50.0,-0.9000000000000011,724840.9577377684,rowcol,0.44501739084261394,0.04718714475131544,0.18213257070425085,0.2900057390041531,0.27582650733221203,0.3510138883898331,0.15922017180662892,0.22630598347063735,0.6364034511169057
True,0.0,-0.9000000000000011,724840.9577377684,rowcol,0.47453739323627747,0.04829845730135763,0.18842320552271022,0.27157945458290417,0.33317981012393283,0.2969844910310378,0.14744581134174264,0.248209229770832,0.6368490711510348
False,-50.0,-1.0500000000000012,724840.9577377684,rowcol,0.5346838860278944,0.05312063877447164,0.17800178553065557,0.30481495500032524,0.28555536517349533,0.3525507902925449,0.15032207754205829,0.2579185684996923,0.6388203115922919
False,70.0,-1.0500000000000012,724840.9577377684,rowcol,0.5346838860278944,0.05312063877447164,0.1780017855306556,0.30481495500032524,0.28555536517349533,0.3525507902925449,0.15032207754205826,0.2579185684996923,0.638820311592292
False,10.0,1.049999999999999,724840.9577377684,rowcol,0.5346838860257399,0.05312063877441196,0.17800178554016147,0.30481495501401307,0.2855553651893053,0.35255079031436803,0.15032207754989194,0.2579185685043865,0.6388203116344975
False,-50.0,0.899999999999999,724840.9577377684,rowcol,0.44501739138632046,0.047187139585628216,0.1824291501662504,0.29639446366447175,0.27698163549738,0.3526284128107636,0.15925607129461183,0.23907317698448471,0.6436819141632228
False,70.0,0.899999999999999,724840.9577377684,rowcol,0.44501739138632046,0.047187139585628216,0.1824291501662504,0.29639446366447175,0.27698163549738,0.3526284128107636,0.15925607129461183,0.23907317698448471,0.6436819141632228
False,10.0,-0.9000000000000011,724840.9577377684,rowcol,0.44501739139031543,0.04718713958599551,0.18242915017491573,0.29639446367290273,0.2769816355207138,0.35262841281766705,0.15925607129895006,0.23907317699516445,0.64368191419765
True,0.0,1.3499999999999988,724840.9577377684,rowcol,0.509933131825078,0.05179504975217689,0.1824106341227229,0.29664346455515084,0.0747238509500196,0.28275599432713533,0.19575733082958083,0.3078380691989222,0.6438753669233195
False,-10.0,-1.0500000000000012,724840.9577377684,rowcol,0.534683886761452,0.05312063139087355,0.17835576316779958,0.3119263601313168,0.28685686016899403,0.3544725989398019,0.15036644117799283,0.2710233808567466,0.6469936496347155
False,50.0,1.049999999999999,724840.9577377684,rowcol,0.5346838867592975,0.05312063139081387,0.17835576317735163,0.31192636014590613,0.2868568601849141,0.35447259896178507,0.15036644118585213,0.2710233808634789,0.646993649677961
False,-70.0,1.049999999999999,724840.9577377684,rowcol,0.5346838867592975,0.05312063139081387,0.17835576317735166,0.31192636014590613,0.28685686018491413,0.3544725989617851,0.15036644118585218,0.27102338086347894,0.6469936496779611
True,60.0,1.3499999999999988,724840.9577377684,rowcol,0.5099331338289695,0.05179503002344081,0.1824793271380681,0.30647971774071026,0.07472390984717965,0.2827994999656801,0.19583300346601787,0.3250618459117507,0.6539176991549146
True,-60.0,1.3499999999999988,724840.9577377684,rowcol,0.5099331338289695,0.05179503002344081,0.18247932713806814,0.30647971774071026,0.07472390984717965,0.2827994999656801,0.19583300346601787,0.3250618459117507,0.6539176991549147
True,-20.0,1.049999999999999,724840.9577377684,rowcol,0.42535182799457427,0.044297286645626016,0.19502662198988768,0.2696155730462886,0.05093612252654444,0.297847342275662,0.21093956874495573,0.24335057028638318,0.6546954390159516
True,40.0,-0.7500000000000011,724840.9577377684,rowcol,0.4176543358002748,0.043517412064884485,0.1973917051436714,0.2640578999814945,0.3079607397114107,0.320704613911863,0.16964204374909037,0.20461892065003584,0.6562330154125087
True,-80.0,-0.7500000000000011,724840.9577377684,rowcol,0.41765433580027483,0.043517412064884485,0.19739170514367144,0.2640578999814945,0.30796073971141075,0.320704613911863,0.1696420437490904,0.20461892065003584,0.6562330154125088
True,-40.0,1.049999999999999,724840.9577377684,rowcol,0.42535182794555815,0.044297287116288865,0.19499019740416865,0.272052596542224,0.05093666768516935,0.2973314695964976,0.210899729376149,0.24881303731664411,0.65702318875473
True,80.0,1.049999999999999,724840.9577377684,rowcol,0.42535182794555815,0.04429728711628886,0.19499019740416867,0.272052596542224,0.05093666768516935,0.2973314695964976,0.21089972937614898,0.24881303731664411,0.65702318875473
True,20.0,-0.7500000000000011,724840.9577377684,rowcol,0.4176543357620444,0.043517412431797374,0.19736600002230767,0.26583730748057877,0.30796080411760784,0.32036250967769336,0.16960665920488407,0.20925871469834226,0.6579353075475017
True,-70.0,-0.9000000000000011,724840.9577377684,rowcol,0.4320895793337029,0.045552116934678526,0.19943158031718175,0.2671808814636454,0.3331931379883365,0.308983233443195,0.16366601797231217,0.22612027472981164,0.6654756224151906
True,50.0,-0.9000000000000011,724840.9577377684,rowcol,0.4320895793337029,0.04555211693467852,0.19943158031718175,0.2671808814636454,0.33319313798833644,0.30898323344319506,0.16366601797231217,0.22612027472981164,0.6654756224151906
True,10.0,-0.9000000000000011,724840.9577377684,rowcol,0.43208957989779123,0.045552111583956834,0.19942453234433585,0.2730432216429598,0.3331931697310653,0.30871174555166153,0.16365585247004555,0.23895979173715465,0.6713168186759674
False,-30.0,0.749999999999999,724840.9577377684,rowcol,0.4113818606858901,0.04146979638775648,0.21034704084640193,0.24359633909252423,0.32599317292605123,0.2688768197989841,0.18149358692144174,0.22009925024337185,0.6746374616317301
False,90.0,0.749999999999999,724840.9577377684,rowcol,0.4113818606858901,0.04146979638775648,0.21034704084640193,0.24359633909252423,0.32599317292605123,0.26887681979898403,0.18149358692144177,0.2200992502433718,0.6746374616317301
False,-90.0,-0.7500000000000011,724840.9577377684,rowcol,0.41138186068091426,0.04146979638738418,0.21034704085061784,0.24359633909811854,0.32599317291063806,0.26887681980701716,0.18149358693226486,0.22009925024651733,0.674637461649972
False,30.0,-0.7500000000000011,724840.9577377684,rowcol,0.41138186068091426,0.04146979638738418,0.21034704085061784,0.24359633909811854,0.32599317291063806,0.26887681980701716,0.18149358693226486,0.22009925024651733,0.674637461649972
False,-40.0,-1.200000000000001,724840.9577377684,rowcol,0.5807951770513292,0.0585138479079172,0.1800070987822294,0.335166484914933,0.1658369081153988,0.4007970158056679,0.18247148851458483,0.2677972572449347,0.6751877812616212
False,80.0,-1.200000000000001,724840.9577377684,rowcol,0.5807951770513292,0.0585138479079172,0.18000709878222942,0.3351664849149331,0.16583690811539886,0.4007970158056679,0.18247148851458483,0.26779725724493475,0.6751877812616214
False,20.0,1.1999999999999988,724840.9577377684,rowcol,0.5807951770556417,0.05851384790820055,0.18000709880101542,0.335166484925154,0.16583690815454744,0.40079701581080324,0.18247148853000975,0.2677972572620212,0.6751877813282002
False,-20.0,-1.200000000000001,724840.9577377684,rowcol,0.5807951769880948,0.05851384853556789,0.1801678437582652,0.33815617948023574,0.16713739445626064,0.40176113749462966,0.18244276318701327,0.2734421497770252,0.6786597107550313
False,-80.0,1.1999999999999988,724840.9577377684,rowcol,0.5807951769924072,0.05851384853585124,0.18016784377710643,0.33815617949175386,0.16713739449551138,0.4017611375000689,0.18244276320245667,0.27344214979652726,0.6786597108230732
False,40.0,1.1999999999999988,724840.9577377684,rowcol,0.5807951769924072,0.05851384853585124,0.18016784377710643,0.33815617949175386,0.16713739449551135,0.4017611375000689,0.18244276320245667,0.27344214979652726,0.6786597108230732
True,-50.0,-1.0500000000000012,724840.9577377684,rowcol,0.5199827193348666,0.051265180479166755,0.2017537476537468,0.27339913430760965,0.35849845250621964,0.29158733119622027,0.15715435023606286,0.2571089399756756,0.67866037726885
True,70.0,-1.0500000000000012,724840.9577377684,rowcol,0.5199827193348666,0.05126518047916675,0.20175374765374676,0.2733991343076097,0.3584984525062196,0.2915873311962202,0.15715435023606283,0.2571089399756756,0.67866037726885
True,-10.0,-1.0500000000000012,724840.9577377684,rowcol,0.5199827200891636,0.05126517282833152,0.20174562169050078,0.28007464004699373,0.3584984869253436,0.2912516533093422,0.15714200208620133,0.2703173676106207,0.685311505118496
True,-90.0,-0.7500000000000011,724840.9577377684,rowcol,0.412489698734718,0.04266532192171483,0.2063014794711095,0.2672309008663366,0.3079910942602605,0.31421526481031653,0.18173456670169044,0.22008513050737277,0.6861353392796651
True,30.0,-0.7500000000000011,724840.9577377684,rowcol,0.412489698734718,0.04266532192171483,0.2063014794711095,0.2672309008663366,0.3079910942602605,0.31421526481031653,0.18173456670169044,0.22008513050737277,0.6861353392796651
False,0.0,1.049999999999999,724840.9577377684,rowcol,0.4895714147259786,0.05026524520139822,0.19146794573664802,0.31269613861384693,0.30707000329425505,0.3681290140495366,0.1617247318177988,0.25698219943350026,0.687099975823791
False,60.0,-1.0500000000000012,724840.9577377684,rowcol,0.4895714147320932,0.050265245201631184,0.19146794573978218,0.3126961386108356,0.30707000330883355,0.3681290140399148,0.1617247318171402,0.2569821994383461,0.6870999758301821
False,-60.0,-1.0500000000000012,724840.9577377684,rowcol,0.4895714147320932,0.05026524520163119,0.1914679457397822,0.3126961386108356,0.30707000330883355,0.3681290140399148,0.1617247318171402,0.25698219943834605,0.6870999758301823
True,20.0,1.3499999999999988,724840.9577377684,rowcol,0.5985157169867602,0.0593687996656891,0.19230946779619978,0.3151568400019024,0.074732922293287,0.34173540860257184,0.20665454781509113,0.29093089063319405,0.6920852433905018
True,-80.0,1.3499999999999988,724840.9577377684,rowcol,0.5985157169161114,0.059368800377922526,0.19226197276033313,0.3178381100055035,0.07473340002295077,0.34115733656702474,0.20660226165401466,0.2968119883649061,0.6946240282865028
True,40.0,1.3499999999999988,724840.9577377684,rowcol,0.5985157169161114,0.059368800377922526,0.19226197276033313,0.31783811000550355,0.07473340002295074,0.34115733656702474,0.20660226165401466,0.2968119883649061,0.6946240282865028
True,-10.0,1.3499999999999988,724840.9577377684,rowcol,0.4499858988840364,0.0478130224394765,0.20100003083498863,0.2936131963342939,0.07473600897968011,0.2896781249646238,0.21621087440284426,0.29688217587254107,0.6966132888392598
False,-60.0,1.049999999999999,724840.9577377684,rowcol,0.4895714163493837,0.05026522938981972,0.19190335662652572,0.32110675131797084,0.3084440083042673,0.3703449342819715,0.1618582189218451,0.27290541366446774,0.696816821197548
False,60.0,1.049999999999999,724840.9577377684,rowcol,0.4895714163493838,0.05026522938981972,0.19190335662652572,0.32110675131797084,0.30844400830426727,0.3703449342819715,0.16185821892184507,0.2729054136644678,0.696816821197548
False,0.0,-1.0500000000000012,724840.9577377684,rowcol,0.4895714163554983,0.05026522939005269,0.19190335662965277,0.32110675131505884,0.3084440083187808,0.37034493427244625,0.161858218921187,0.2729054136690308,0.6968168212040171
True,10.0,1.4999999999999987,724840.9577377684,rowcol,0.57409177493186,0.0562419904863393,0.1945418762901144,0.31474022530340723,0.09512655605371124,0.2908453542947522,0.20759505617751817,0.33351290059121685,0.6983658541737504
True,-40.0,-1.0500000000000012,724840.9577377684,rowcol,0.5482621595676943,0.054383677018597885,0.2091168590159778,0.2724581344547483,0.35842034618812757,0.3020449688271042,0.16817974828606128,0.24482345508646924,0.6998087115026816
True,80.0,-1.0500000000000012,724840.9577377684,rowcol,0.5482621595676943,0.05438367701859789,0.2091168590159778,0.2724581344547483,0.3584203461881275,0.30204496882710424,0.16817974828606128,0.24482345508646927,0.6998087115026816
True,-60.0,-1.0500000000000012,724840.9577377684,rowcol,0.4742050088173737,0.04827475638726166,0.20816102186264193,0.2773801987763934,0.3585135881163907,0.30053504178837076,0.1667353928506852,0.2562928849403231,0.7018632643643192
True,60.0,-1.0500000000000012,724840.9577377684,rowcol,0.47420500881737365,0.04827475638726166,0.20816102186264193,0.2773801987763934,0.3585135881163907,0.30053504178837076,0.16673539285068517,0.2562928849403231,0.7018632643643192
True,-20.0,-1.0500000000000012,724840.9577377684,rowcol,0.5482621595104534,0.05438367759566532,0.20908288892889865,0.2748699726154715,0.3584204236625578,0.301536277594428,0.1681297767401074,0.2502538066949746,0.7021186394021675
True,-30.0,1.049999999999999,724840.9577377684,rowcol,0.4186085696775212,0.04307585220063977,0.21039169448197156,0.27097373389225227,0.05093337452461436,0.2809223759133353,0.22772856557941698,0.2623151032063603,0.7021488173381669
True,90.0,1.049999999999999,724840.9577377684,rowcol,0.41860856967752125,0.04307585220063977,0.21039169448197156,0.27097373389225227,0.05093337452461436,0.28092237591333524,0.22772856557941698,0.2623151032063603,0.7021488173381669
True,-50.0,1.3499999999999988,724840.9577377684,rowcol,0.4499858996253975,0.04781301546225483,0.20098954067228014,0.30159443275506104,0.07473622125576514,0.28924361880916744,0.21619933125022847,0.3116026002338023,0.7045630547719015
True,70.0,1.3499999999999988,724840.9577377684,rowcol,0.4499858996253975,0.04781301546225483,0.20098954067228014,0.3015944327550611,0.0747362212557651,0.28924361880916744,0.21619933125022844,0.3116026002338023,0.7045630547719015
True,-70.0,1.4999999999999987,724840.9577377684,rowcol,0.5740917759698041,0.05624197989149281,0.19452983800209006,0.32301632700497024,0.09512674135860175,0.2903644702824534,0.2075817029914221,0.3481133487778837,0.7066058410112404
True,50.0,1.4999999999999987,724840.9577377684,rowcol,0.5740917759698041,0.05624197989149281,0.19452983800209006,0.32301632700497024,0.09512674135860169,0.2903644702824534,0.2075817029914221,0.3481133487778837,0.7066058410112404
False,-20.0,0.899999999999999,724840.9577377684,rowcol,0.4097151987603824,0.04252435312804237,0.21306092130190693,0.2692005263026218,0.30428824528667503,0.3155772668687071,0.19181257475563016,0.2228479620156153,0.7083832902083426
False,-80.0,-0.9000000000000011,724840.9577377684,rowcol,0.4097151987583414,0.04252435312806267,0.2130609213087173,0.26920052631201435,0.3042882452876224,0.31557726688033433,0.19181257476429991,0.22284796202265628,0.7083832902381662
False,40.0,-0.9000000000000011,724840.9577377684,rowcol,0.4097151987583414,0.042524353128062665,0.2130609213087173,0.26920052631201435,0.3042882452876224,0.31557726688033433,0.19181257476429991,0.22284796202265622,0.7083832902381662
False,-30.0,-1.200000000000001,724840.9577377684,rowcol,0.5952077753582551,0.06119942605122619,0.1787399697873181,0.37395201048280036,0.07154447466462573,0.4769012267104114,0.1919333143913632,0.2572428917281295,0.7101719198447547
False,90.0,-1.200000000000001,724840.9577377684,rowcol,0.5952077753582551,0.06119942605122619,0.17873996978731813,0.37395201048280036,0.07154447466462574,0.4769012267104113,0.19193331439136324,0.2572428917281295,0.7101719198447547
False,-90.0,1.1999999999999988,724840.9577377684,rowcol,0.5952077753659105,0.06119942605168623,0.1787399698068759,0.37395201048080984,0.07154447464682924,0.47690122669163926,0.1919333144141057,0.25724289175207044,0.7101719199014376
False,30.0,1.1999999999999988,724840.9577377684,rowcol,0.5952077753659105,0.06119942605168623,0.1787399698068759,0.37395201048080984,0.07154447464682925,0.47690122669163926,0.1919333144141057,0.25724289175207044,0.7101719199014376
True,0.0,-1.0500000000000012,724840.9577377684,rowcol,0.4742050104933845,0.04827473992373207,0.2082078440586743,0.28557646929229535,0.35851359766419866,0.3005668784988758,0.16680449293597402,0.2723316755509198,0.7102000014683182
False,-40.0,0.899999999999999,724840.9577377684,rowcol,0.4097151987151911,0.04252435356345364,0.21316279809019578,0.27199055739580896,0.30482143562897285,0.3164960009441624,0.19179208066337827,0.22793119371493303,0.7114789516663963
False,80.0,0.899999999999999,724840.9577377684,rowcol,0.4097151987151911,0.04252435356345364,0.21316279809019578,0.27199055739580896,0.30482143562897285,0.31649600094416247,0.19179208066337827,0.22793119371493303,0.7114789516663963
False,20.0,-0.9000000000000011,724840.9577377684,rowcol,0.40971519871315004,0.04252435356347394,0.2131627980970485,0.2719905574063875,0.3048214356300858,0.31649600095603525,0.19179208067206033,0.22793119372430792,0.711478951697533
True,-30.0,-1.0500000000000012,724840.9577377684,rowcol,0.5553999365613391,0.05533351445397169,0.21417519858124837,0.2716191834395146,0.3583780538868996,0.3102613962649281,0.17556023272752166,0.2342374929787116,0.7141447791832597
True,90.0,-1.0500000000000012,724840.9577377684,rowcol,0.5553999365613391,0.05533351445397169,0.21417519858124837,0.2716191834395146,0.35837805388689964,0.31026139626492816,0.17556023272752166,0.23423749297871166,0.7141447791832597
True,0.0,1.4999999999999987,724840.9577377684,rowcol,0.5141620317023373,0.05222165779312232,0.20204839205177635,0.31256165905852884,0.09513245226306946,0.28459052711017757,0.21590544117066057,0.3342781136923081,0.7187068352138579
False,-10.0,1.049999999999999,724840.9577377684,rowcol,0.43972948674940526,0.04706300554059647,0.20309775612278858,0.3105583848234241,0.3012943183777323,0.37123959185651006,0.17950074063515212,0.24829985955516584,0.7198516531917898
False,-70.0,-1.0500000000000012,724840.9577377684,rowcol,0.43972948675428336,0.04706300554105897,0.20309775613315162,0.31055838483314935,0.30129431840566295,0.3712395918657125,0.17950074064046917,0.24829985956598785,0.7198516532326042
False,50.0,-1.0500000000000012,724840.9577377684,rowcol,0.43972948675428336,0.047063005541058966,0.20309775613315162,0.31055838483314935,0.30129431840566295,0.37123959186571254,0.17950074064046917,0.2482998595659878,0.7198516532326042
False,-50.0,-1.200000000000001,724840.9577377684,rowcol,0.5428841764148602,0.05386987841045507,0.19883053000995746,0.32612956791287684,0.3115899617942185,0.37205985324537644,0.17041884362517287,0.28176516956253433,0.7226211579427492
False,70.0,-1.200000000000001,724840.9577377684,rowcol,0.5428841764148602,0.05386987841045507,0.19883053000995746,0.32612956791287684,0.31158996179421855,0.37205985324537644,0.17041884362517287,0.2817651695625344,0.7226211579427492
False,10.0,1.1999999999999988,724840.9577377684,rowcol,0.5428841764125845,0.053869878410412284,0.19883053002124687,0.32612956792944614,0.31158996181417853,0.37205985327157104,0.17041884363409315,0.2817651695687522,0.7226211579931867
False,-50.0,1.049999999999999,724840.9577377684,rowcol,0.4397294873772057,0.047062999674791516,0.20340806339563416,0.31753896747146276,0.3025281109803646,0.3730607136864924,0.17953789146402907,0.26188677526597,0.7277631576583652
False,70.0,1.049999999999999,724840.9577377684,rowcol,0.4397294873772057,0.047062999674791516,0.2034080633956342,0.31753896747146276,0.3025281109803646,0.37306071368649246,0.17953789146402907,0.26188677526597004,0.7277631576583653
False,10.0,-1.0500000000000012,724840.9577377684,rowcol,0.4397294873820839,0.04706299967525402,0.20340806340603843,0.31753896748218874,0.3025281110083539,0.37306071369595645,0.17953789146936847,0.26188677527857485,0.727763157700304
True,-90.0,1.3499999999999988,724840.9577377684,rowcol,0.607250856719285,0.06055084159552218,0.20318789010341742,0.31931753226278786,0.07477738017221852,0.3609424313176172,0.21861269670540923,0.2795539949523621,0.7288812025730402
True,30.0,1.3499999999999988,724840.9577377684,rowcol,0.607250856719285,0.06055084159552218,0.20318789010341742,0.31931753226278786,0.07477738017221852,0.3609424313176172,0.21861269670540923,0.2795539949523621,0.7288812025730402
True,-60.0,1.4999999999999987,724840.9577377684,rowcol,0.5141620339105705,0.05222163605137914,0.20211730051121218,0.32293409022279246,0.09513250366535765,0.284638554743215,0.21598167681384256,0.35192896755477554,0.7292859917564289
True,60.0,1.4999999999999987,724840.9577377684,rowcol,0.5141620339105705,0.05222163605137914,0.20211730051121218,0.3229340902227924,0.09513250366535765,0.284638554743215,0.21598167681384253,0.35192896755477554,0.7292859917564289
False,-10.0,-1.200000000000001,724840.9577377684,rowcol,0.542884177258015,0.05386986991339752,0.1991927275572421,0.3337314095384501,0.3129532286391376,0.3741517525091225,0.17046356691907005,0.29548861563693724,0.7313095922101764
False,-70.0,1.1999999999999988,724840.9577377684,rowcol,0.5428841772557392,0.05386986991335473,0.19919272756857753,0.33373140955594355,0.3129532286592011,0.37415175253548233,0.17046356692801617,0.29548861564524065,0.7313095922616761
False,50.0,1.1999999999999988,724840.9577377684,rowcol,0.5428841772557392,0.05386986991335473,0.19919272756857753,0.33373140955594355,0.3129532286592011,0.37415175253548233,0.17046356692801617,0.29548861564524065,0.7313095922616761
True,-20.0,1.1999999999999988,724840.9577377684,rowcol,0.4182713427233162,0.0436917613943089,0.21794745286248723,0.2826569057248967,0.05859790322149988,0.30282702610682427,0.23565575378170137,0.26450603912255,0.7364992643123585
True,-40.0,1.1999999999999988,724840.9577377684,rowcol,0.4182713426684054,0.04369176191998267,0.21791020296781693,0.28531309717148456,0.05859844479693452,0.30224709907123143,0.23561499879389486,0.2702516086253489,0.7390437060749353
True,80.0,1.1999999999999988,724840.9577377684,rowcol,0.4182713426684054,0.04369176191998267,0.21791020296781693,0.28531309717148456,0.0585984447969345,0.30224709907123143,0.23561499879389486,0.2702516086253489,0.7390437060749353
True,-70.0,-1.0500000000000012,724840.9577377684,rowcol,0.4242866666237064,0.045055864324942484,0.22025586305094155,0.2809040622398514,0.3585288849172484,0.31543384902064114,0.18418693594786917,0.2481731722850266,0.7416716513926761
True,50.0,-1.0500000000000012,724840.9577377684,rowcol,0.4242866666237064,0.045055864324942484,0.22025586305094155,0.2809040622398514,0.35852888491724827,0.31543384902064114,0.18418693594786917,0.24817317228502658,0.7416716513926761
True,-80.0,-0.9000000000000011,724840.9577377684,rowcol,0.40482408460890057,0.04245125016740295,0.22131394670126636,0.2789559122238869,0.33326168453758265,0.3335706446968355,0.19407052545680922,0.22289639102295708,0.7428977523276861
True,40.0,-0.9000000000000011,724840.9577377684,rowcol,0.40482408460890057,0.04245125016740295,0.22131394670126636,0.2789559122238869,0.33326168453758265,0.3335706446968355,0.19407052545680922,0.22289639102295702,0.7428977523276861
True,20.0,-0.9000000000000011,724840.9577377684,rowcol,0.4048240845631632,0.04245125060356402,0.22128643486615318,0.2809766535416656,0.33326175595742236,0.333175930809268,0.19403340914403797,0.22800694842676333,0.7448359581401252
True,10.0,-1.0500000000000012,724840.9577377684,rowcol,0.424286667274357,0.045055858197828584,0.2202484176934279,0.2874054733729994,0.3585289193334506,0.31512357409320474,0.18417639735378102,0.26183310231857615,0.748150726453283
True,70.0,-1.200000000000001,724840.9577377684,rowcol,0.5261874437022478,0.0516740636018419,0.22213248722849052,0.286958262863788,0.3838671501687461,0.2939888096994958,0.17741900259775684,0.2809094652005043,0.7533557245492596
True,-50.0,-1.200000000000001,724840.9577377684,rowcol,0.5261874437022479,0.0516740636018419,0.22213248722849055,0.286958262863788,0.38386715016874623,0.2939888096994958,0.17741900259775686,0.28090946520050425,0.7533557245492597
True,-10.0,-1.200000000000001,724840.9577377684,rowcol,0.5261874445721573,0.05167405474371409,0.22212405257194387,0.2942236748870356,0.38386718690527316,0.29360828431529873,0.17740650260011379,0.2947402172376492,0.7605958326028672
False,80.0,-1.350000000000001,724840.9577377684,rowcol,0.5932719916154378,0.05975768389324205,0.2030481409332463,0.35753197093678135,0.1807251802294683,0.42393774604604684,0.2068577309047447,0.29014947049945944,0.7666763937365202
False,-40.0,-1.350000000000001,724840.9577377684,rowcol,0.5932719916154379,0.05975768389324205,0.20304814093324633,0.35753197093678135,0.1807251802294683,0.4239377460460468,0.2068577309047447,0.29014947049945944,0.7666763937365203
False,20.0,1.3499999999999988,724840.9577377684,rowcol,0.5932719916203755,0.059757683893584955,0.2030481409540914,0.35753197094922246,0.18072518027297002,0.42393774605290335,0.20685773092200782,0.29014947051925716,0.7666763938114967
False,-30.0,0.899999999999999,724840.9577377684,rowcol,0.3972665261800857,0.039973939431139874,0.23664817391999257,0.2593789982727426,0.35487230820621446,0.2805570566847671,0.20797896133470226,0.2401268837476147,0.7693235200327203
False,90.0,0.899999999999999,724840.9577377684,rowcol,0.3972665261800856,0.039973939431139874,0.23664817391999257,0.2593789982727426,0.35487230820621446,0.2805570566847671,0.20797896133470226,0.2401268837476147,0.7693235200327203
False,-90.0,-0.9000000000000011,724840.9577377684,rowcol,0.39726652617408853,0.039973939430681386,0.23664817392568752,0.2593789982793666,0.35487230818770976,0.2805570566928753,0.20797896134811872,0.2401268837528203,0.7693235200564291
False,30.0,-0.9000000000000011,724840.9577377684,rowcol,0.39726652617408853,0.039973939430681386,0.23664817392568752,0.2593789982793666,0.3548723081877098,0.2805570566928753,0.2079789613481187,0.2401268837528203,0.7693235200564291
False,-20.0,-1.350000000000001,724840.9577377684,rowcol,0.5932719915441645,0.0597576846008405,0.2032084665573737,0.36069837087949985,0.18206797595368135,0.4249877569251357,0.20682922486847907,0.2960132763654116,0.7703237705516209
False,-80.0,1.3499999999999988,724840.9577377684,rowcol,0.5932719915491023,0.0597576846011834,0.20320846657827416,0.3606983708933043,0.18206797599728228,0.4249877569323288,0.2068292248857605,0.2960132763876941,0.7703237706281267
False,40.0,1.3499999999999988,724840.9577377684,rowcol,0.5932719915491023,0.05975768460118339,0.20320846657827413,0.36069837089330437,0.18206797599728222,0.4249877569323288,0.2068292248857605,0.2960132763876941,0.7703237706281267
True,-10.0,1.4999999999999987,724840.9577377684,rowcol,0.44776295830374296,0.047806077014804736,0.22136231797871755,0.30871562814545517,0.09513864268437042,0.29185176282167213,0.23724100031188708,0.3222154344007057,0.7728025820816078
False,0.0,1.1999999999999988,724840.9577377684,rowcol,0.49185839898574085,0.05065415463628047,0.21273121640450515,0.3355300084570978,0.3361484100148105,0.3900953167325637,0.18140231295957943,0.28157108161459876,0.7737236576706132
False,-60.0,-1.200000000000001,724840.9577377684,rowcol,0.49185839899269634,0.05065415463655117,0.2127312164077291,0.3355300084535053,0.3361484100300304,0.39009531672146136,0.18140231295890838,0.2815710816196532,0.7737236576766926
False,60.0,-1.200000000000001,724840.9577377684,rowcol,0.49185839899269634,0.05065415463655117,0.2127312164077291,0.3355300084535053,0.3361484100300303,0.39009531672146136,0.18140231295890835,0.2815710816196532,0.7737236576766926
True,-60.0,-1.200000000000001,724840.9577377684,rowcol,0.4741371217298459,0.048278277849806,0.22833691692287528,0.29184350014293536,0.3838841813425422,0.30439789795339034,0.1864925640600422,0.28085128147844374,0.7768542509115612
True,60.0,-1.200000000000001,724840.9577377684,rowcol,0.4741371217298459,0.048278277849806,0.22833691692287528,0.29184350014293536,0.3838841813425422,0.30439789795339034,0.1864925640600422,0.28085128147844374,0.7768542509115612
True,10.0,1.6499999999999986,724840.9577377684,rowcol,0.583745776976986,0.05704575190200049,0.21527961519241656,0.33192516585970105,0.11759371145396341,0.2953844190317465,0.22863174168643702,0.35979408049978434,0.7777640114369508
True,-90.0,-0.9000000000000011,724840.9577377684,rowcol,0.39858716362236984,0.04140581627310162,0.23197000886457397,0.28289347633801265,0.33329821845170615,0.3265477528998015,0.20825368745821454,0.24011337371129288,0.7788035029317346
True,30.0,-0.9000000000000011,724840.9577377684,rowcol,0.39858716362236984,0.04140581627310162,0.23197000886457397,0.28289347633801265,0.3332982184517061,0.3265477528998015,0.20825368745821454,0.24011337371129282,0.7788035029317346
True,-50.0,1.4999999999999987,724840.9577377684,rowcol,0.44776295910509545,0.04780606950914827,0.221351734227571,0.31714929332742736,0.09513882796571979,0.2913725398002979,0.23722931131518216,0.33730579268434746,0.7812044960101404
True,70.0,1.4999999999999987,724840.9577377684,rowcol,0.44776295910509545,0.04780606950914827,0.221351734227571,0.31714929332742736,0.09513882796571968,0.2913725398002979,0.23722931131518216,0.33730579268434746,0.7812044960101404
True,20.0,1.4999999999999987,724840.9577377684,rowcol,0.6114929190679328,0.060547353671710956,0.2161383655057308,0.33420909555460715,0.09517278144858303,0.35662125190671073,0.2314736064363489,0.3141252632982953,0.7826241920717996
True,-40.0,-1.200000000000001,724840.9577377684,rowcol,0.5583130403662508,0.05519506688529984,0.23239850781124696,0.2857550154252164,0.3837784419803992,0.30754197049918497,0.19237123658532515,0.26605485383014615,0.7829505388589573
True,80.0,-1.200000000000001,724840.9577377684,rowcol,0.5583130403662508,0.05519506688529984,0.23239850781124696,0.2857550154252164,0.3837784419803991,0.30754197049918497,0.19237123658532512,0.26605485383014615,0.7829505388589573
False,-60.0,1.1999999999999988,724840.9577377684,rowcol,0.4918584008324343,0.05065413670464434,0.21317912835048472,0.34449815314338766,0.33758301192315193,0.39250290191193105,0.18153832623195584,0.29820319770846215,0.7840355381948418
False,60.0,1.1999999999999988,724840.9577377684,rowcol,0.4918584008324343,0.05065413670464434,0.21317912835048472,0.3444981531433877,0.33758301192315193,0.39250290191193105,0.18153832623195584,0.2982031977084621,0.7840355381948418
False,0.0,-1.200000000000001,724840.9577377684,rowcol,0.49185840083938986,0.05065413670491504,0.21317912835370184,0.3444981531398909,0.3375830119383072,0.39250290190090115,0.18153832623128532,0.2982031977132346,0.7840355382009965
True,-80.0,1.4999999999999987,724840.9577377684,rowcol,0.6114929189893422,0.06054735446543036,0.2160914119774276,0.3370185929136541,0.09517319825974398,0.35600574961196296,0.23142174057121015,0.32018013633189146,0.7852928288459369
True,40.0,1.4999999999999987,724840.9577377684,rowcol,0.6114929189893422,0.06054735446543036,0.2160914119774276,0.33701859291365405,0.09517319825974395,0.35600574961196296,0.23142174057121015,0.32018013633189146,0.7852928288459369
True,-20.0,-1.200000000000001,724840.9577377684,rowcol,0.5583130403004701,0.05519506755069004,0.23236357433042112,0.28838269251867,0.38377852467219387,0.30697095102760635,0.1923213090295644,0.27176771982680936,0.7854734155099333
True,0.0,-1.200000000000001,724840.9577377684,rowcol,0.4741371236455611,0.048278259035715566,0.2283857000296409,0.30074231047087735,0.38388419153317205,0.3044338208195807,0.18656317054409802,0.2976023438020442,0.7858994105598001
True,-70.0,1.6499999999999986,724840.9577377684,rowcol,0.583745778122178,0.05704574018331812,0.21526764894960376,0.3405587420496691,0.11759387634511885,0.2948635464804851,0.22861840498745598,0.37469856420149766,0.7863616888984803
True,50.0,1.6499999999999986,724840.9577377684,rowcol,0.583745778122178,0.05704574018331812,0.21526764894960376,0.3405587420496691,0.11759387634511874,0.2948635464804851,0.22861840498745598,0.37469856420149766,0.7863616888984803
True,-30.0,1.1999999999999988,724840.9577377684,rowcol,0.4106401942787671,0.042270545233833993,0.23516958156430717,0.2839875586897409,0.058573818804650714,0.2830994174479321,0.2544803047308087,0.2847323315898326,0.7894963033826623
True,90.0,1.1999999999999988,724840.9577377684,rowcol,0.4106401942787671,0.042270545233833993,0.23516958156430717,0.2839875586897409,0.05857381880465073,0.2830994174479321,0.2544803047308087,0.2847323315898326,0.7894963033826623
True,0.0,1.6499999999999986,724840.9577377684,rowcol,0.518598453912007,0.052669784035025646,0.22211660388796442,0.32937172646655577,0.11759494891113667,0.2867602242020808,0.23623715338428314,0.36133825081550897,0.795721538130449
False,-20.0,1.049999999999999,724840.9577377684,rowcol,0.39787823756888835,0.041529536358779665,0.23680365593712333,0.28640199382608206,0.327172443789689,0.33089604526603605,0.21630068812335032,0.2427496822686622,0.796812961637452
False,-80.0,-1.0500000000000012,724840.9577377684,rowcol,0.3978782375666546,0.04152953635882715,0.23680365594567873,0.28640199383788123,0.3271724437920436,0.3308960452801463,0.21630068813377468,0.24274968227811486,0.7968129616749174
False,40.0,-1.0500000000000012,724840.9577377684,rowcol,0.3978782375666546,0.04152953635882715,0.23680365594567873,0.28640199383788123,0.3271724437920436,0.3308960452801463,0.21630068813377468,0.24274968227811486,0.7968129616749174
False,-40.0,1.049999999999999,724840.9577377684,rowcol,0.3978782375164876,0.04152953686081001,0.2369105966924782,0.2894840918965786,0.3277509846531747,0.33196218145599293,0.21627948536263863,0.24819493239360216,0.8002158819740132
False,80.0,1.049999999999999,724840.9577377684,rowcol,0.3978782375164876,0.04152953686081001,0.2369105966924782,0.2894840918965786,0.3277509846531747,0.33196218145599293,0.2162794853626386,0.24819493239360216,0.8002158819740132
False,20.0,-1.0500000000000012,724840.9577377684,rowcol,0.3978782375142539,0.04152953686085749,0.23691059670107759,0.28948409190965707,0.3277509846557067,0.3319621814703673,0.21627948537307587,0.24819493240551635,0.8002158820128898
True,-30.0,-1.200000000000001,724840.9577377684,rowcol,0.5664759764796687,0.056261815511679074,0.23904091977689704,0.2846913780762373,0.3837300413951557,0.3161769357503271,0.20178147456630216,0.2552229900477464,0.8018141374069284
True,90.0,-1.200000000000001,724840.9577377684,rowcol,0.5664759764796687,0.056261815511679074,0.23904091977689704,0.28469137807623734,0.38373004139515576,0.3161769357503272,0.2017814745663022,0.2552229900477464,0.8018141374069284
False,-10.0,1.1999999999999988,724840.9577377684,rowcol,0.434718942282791,0.04699294807785414,0.22464179781452823,0.3323616031786723,0.3280917397173127,0.39246512224644825,0.200102969056174,0.2717109367560594,0.806286996622257
False,-70.0,-1.200000000000001,724840.9577377684,rowcol,0.4347189422886169,0.04699294807842438,0.2246417978266198,0.33236160319036995,0.32809173974985645,0.3924651222577135,0.20010296906249644,0.2717109367687172,0.8062869966702293
False,50.0,-1.200000000000001,724840.9577377684,rowcol,0.43471894228861685,0.04699294807842438,0.2246417978266198,0.33236160319036995,0.32809173974985645,0.3924651222577136,0.20010296906249644,0.2717109367687172,0.8062869966702293
True,-60.0,1.6499999999999986,724840.9577377684,rowcol,0.5185984563202837,0.05266976032258968,0.2221855557894738,0.3402007256041976,0.11759499465314138,0.286812654501908,0.23631379636101027,0.3793266224560867,0.8067573929726191
True,60.0,1.6499999999999986,724840.9577377684,rowcol,0.5185984563202838,0.05266976032258969,0.2221855557894738,0.3402007256041976,0.11759499465314138,0.286812654501908,0.23631379636101027,0.3793266224560867,0.8067573929726191
False,-50.0,-1.350000000000001,724840.9577377684,rowcol,0.5512318876073306,0.05465358657453831,0.22027559376180764,0.3482566366381582,0.3388254140911737,0.39208115069192195,0.19089176793079796,0.3065890213335045,0.8090834179235811
False,70.0,-1.350000000000001,724840.9577377684,rowcol,0.5512318876073304,0.0546535865745383,0.22027559376180764,0.3482566366381582,0.3388254140911737,0.39208115069192195,0.19089176793079796,0.3065890213335046,0.8090834179235811
False,10.0,1.3499999999999988,724840.9577377684,rowcol,0.5512318876049745,0.054653586574518596,0.22027559377485953,0.34825663665769657,0.33882541411534245,0.3920811507226783,0.19089176794078472,0.3065890213412847,0.8090834179822751
False,-30.0,-1.350000000000001,724840.9577377684,rowcol,0.6093646069652308,0.06273098356397036,0.2044809836854639,0.4002038891478032,0.0960178519541383,0.5076613001654102,0.21852571664308226,0.27949753606768124,0.813646840204195
False,90.0,-1.350000000000001,724840.9577377684,rowcol,0.6093646069652308,0.06273098356397036,0.2044809836854639,0.4002038891478032,0.0960178519541383,0.5076613001654102,0.21852571664308224,0.2794975360676813,0.813646840204195
False,-90.0,1.3499999999999988,724840.9577377684,rowcol,0.6093646069738252,0.06273098356448004,0.2044809837067765,0.40020388914602134,0.09601785193082682,0.5076613001446343,0.21852571666852721,0.27949753609472006,0.8136468402663508
False,30.0,1.3499999999999988,724840.9577377684,rowcol,0.6093646069738252,0.06273098356448004,0.2044809837067765,0.40020388914602134,0.09601785193082683,0.5076613001446344,0.21852571666852721,0.27949753609472006,0.8136468402663508
False,-50.0,1.1999999999999988,724840.9577377684,rowcol,0.4347189429867344,0.04699294156586579,0.22496243955265408,0.33982416000744786,0.3293867160276362,0.3944486526821119,0.2001410558424444,0.2859177794173032,0.81471147866541
False,70.0,1.1999999999999988,724840.9577377684,rowcol,0.4347189429867344,0.04699294156586579,0.22496243955265408,0.339824160007448,0.3293867160276362,0.39444865268211193,0.20014105584244438,0.28591777941730323,0.8147114786654102
False,10.0,-1.200000000000001,724840.9577377684,rowcol,0.4347189429925602,0.046992941566436026,0.22496243956478737,0.3398241600201655,0.32938671606023295,0.3944486526936136,0.2001410558487897,0.2859177794317862,0.8147114787145276
False,-10.0,-1.350000000000001,724840.9577377684,rowcol,0.5512318885608676,0.05465357695723607,0.2206434243695839,0.35626329160401177,0.3402359587652154,0.3943078378177446,0.19093668641130096,0.3207942670376601,0.8181935647127634
False,-70.0,1.3499999999999988,724840.9577377684,rowcol,0.5512318885585116,0.05465357695721636,0.22064342438268159,0.3562632916244821,0.34023595878948104,0.39430783784865864,0.19093668642131364,0.3207942670475563,0.8181935647725269
False,50.0,1.3499999999999988,724840.9577377684,rowcol,0.5512318885585116,0.054653576957216364,0.22064342438268159,0.3562632916244821,0.340235958789481,0.39430783784865864,0.19093668642131364,0.32079426704755626,0.8181935647725269
True,-70.0,-1.200000000000001,724840.9577377684,rowcol,0.4166550008604449,0.04458450112734584,0.24138420570700714,0.2958982052825126,0.38390140120389166,0.3223634640604232,0.20499454682374119,0.27165252624910435,0.8200508224035341
True,50.0,-1.200000000000001,724840.9577377684,rowcol,0.4166550008604449,0.04458450112734585,0.24138420570700714,0.2958982052825126,0.38390140120389155,0.32236346406042315,0.20499454682374119,0.2716525262491043,0.8200508224035341
True,-20.0,1.3499999999999988,724840.9577377684,rowcol,0.4114862180450936,0.04310528803779085,0.24141870987460765,0.29679093391438566,0.07472352631451319,0.30840761439154774,0.26055511259441416,0.28665722986829983,0.8210470635382086
True,-40.0,1.3499999999999988,724840.9577377684,rowcol,0.41148621798465135,0.04310528861477713,0.24138087823333615,0.29963657044152453,0.07472400410424854,0.30776694984271963,0.2605136450262491,0.29262418575921073,0.8237792051415329
True,80.0,1.3499999999999988,724840.9577377684,rowcol,0.41148621798465135,0.04310528861477714,0.24138087823333615,0.29963657044152453,0.07472400410424851,0.30776694984271963,0.2605136450262491,0.29262418575921073,0.8237792051415329
True,-90.0,1.4999999999999987,724840.9577377684,rowcol,0.6211681277381531,0.06184045039411919,0.22880769876847998,0.33903469880208464,0.09522833949128415,0.37774135012363985,0.24544410355577514,0.30267493100971654,0.8254577951075246
True,30.0,1.4999999999999987,724840.9577377684,rowcol,0.6211681277381531,0.06184045039411919,0.22880769876847998,0.33903469880208464,0.09522833949128409,0.37774135012363985,0.24544410355577514,0.30267493100971654,0.8254577951075246
True,10.0,-1.200000000000001,724840.9577377684,rowcol,0.4166550015949074,0.04458449426358097,0.2413764413731411,0.30294950120251346,0.3839014379371409,0.32201647062082334,0.20498372504640455,0.28593180179656474,0.8270788253219368
True,70.0,-1.350000000000001,724840.9577377684,rowcol,0.5325681813962859,0.05210312648497833,0.2428890955105631,0.3015892682957318,0.409265840541784,0.29663293846216343,0.19803347397454943,0.30569528834730714,0.830256554827421
True,-50.0,-1.350000000000001,724840.9577377684,rowcol,0.5325681813962859,0.05210312648497833,0.24288909551056315,0.3015892682957318,0.4092658405417841,0.29663293846216343,0.19803347397454943,0.30569528834730714,0.8302565548274212
True,-80.0,-1.0500000000000012,724840.9577377684,rowcol,0.3920118147060251,0.0413976272212856,0.24558648458299515,0.2954368184028439,0.3586083883696397,0.34776229433535893,0.21878165580537218,0.24285556136922715,0.8321962721518295
True,40.0,-1.0500000000000012,724840.9577377684,rowcol,0.3920118147060251,0.0413976272212856,0.24558648458299515,0.2954368184028439,0.3586083883696397,0.34776229433535893,0.21878165580537218,0.24285556136922715,0.8321962721518295
True,20.0,-1.0500000000000012,724840.9577377684,rowcol,0.3920118146528402,0.041397627724915606,0.24555755986889416,0.29766251313355224,0.3586084658034449,0.34732056788085425,0.2187432447084191,0.2483289173038843,0.8343351927402347
True,-10.0,-1.350000000000001,724840.9577377684,rowcol,0.5325681823832393,0.05210311639690684,0.24288041760195653,0.30936454208459274,0.4092658793055596,0.29620863444454215,0.19802087561270992,0.3200101084474901,0.8380057948904623
True,-10.0,1.6499999999999986,724840.9577377684,rowcol,0.4458256036735927,0.04782461395943098,0.24210647019436607,0.32467684122746443,0.11759652355327296,0.29427354328752364,0.25841668660595973,0.3481966447385344,0.8509962518105626
True,-60.0,-1.350000000000001,724840.9577377684,rowcol,0.47433384410280677,0.0483090298374895,0.24881077938696486,0.3074068644486167,0.40928473642321656,0.30853474923386615,0.2065353912256728,0.30645511173464085,0.8538392026095113
True,60.0,-1.350000000000001,724840.9577377684,rowcol,0.47433384410280677,0.0483090298374895,0.24881077938696486,0.3074068644486167,0.40928473642321656,0.30853474923386615,0.20653539122567283,0.30645511173464085,0.8538392026095113
True,10.0,1.7999999999999985,724840.9577377684,rowcol,0.5934655353002876,0.05786177848005165,0.23634314748287677,0.349877708567498,0.14113656751250248,0.3005074128747896,0.24981776190047417,0.38654668058432234,0.8589071510161284
True,70.0,1.6499999999999986,724840.9577377684,rowcol,0.4458256045296657,0.047824605979035505,0.2420958254020347,0.3334984719410655,0.11759668844048556,0.29375070096139094,0.25840488212897056,0.3635774692401295,0.8597859481471696
True,-50.0,1.6499999999999986,724840.9577377684,rowcol,0.4458256045296657,0.047824605979035505,0.24209582540203475,0.3334984719410655,0.11759668844048561,0.29375070096139094,0.25840488212897056,0.3635774692401295,0.8597859481471698
False,-40.0,-1.5000000000000009,724840.9577377684,rowcol,0.6057718647560004,0.06101192748866587,0.22661749508418969,0.38078360855880006,0.19781874408457883,0.4480182557584433,0.2314811516500844,0.31326137454800806,0.8606360938113691
False,80.0,-1.5000000000000009,724840.9577377684,rowcol,0.6057718647560004,0.06101192748866587,0.22661749508418969,0.3807836085588,0.19781874408457886,0.4480182557584433,0.2314811516500844,0.31326137454800806,0.8606360938113691
False,20.0,1.4999999999999987,724840.9577377684,rowcol,0.6057718647615784,0.06101192748906794,0.22661749510704163,0.3807836085733881,0.19781874413187187,0.44801825576688603,0.2314811516691673,0.31326137457049885,0.860636093894513
False,0.0,1.3499999999999988,724840.9577377684,rowcol,0.494437526699617,0.051091946673666136,0.23451375766143265,0.35922289751420927,0.3663351064377606,0.4126339640628096,0.20139358353127598,0.30719816222928276,0.8627641704985072
False,-60.0,-1.350000000000001,724840.9577377684,rowcol,0.49443752670740115,0.05109194667397756,0.23451375766472263,0.3592228975094923,0.3663351064534721,0.41263396404920655,0.201393583530596,0.3071981622344947,0.8627641705036602
False,60.0,-1.350000000000001,724840.9577377684,rowcol,0.49443752670740115,0.051091946673977554,0.23451375766472263,0.35922289750949227,0.3663351064534721,0.41263396404920655,0.201393583530596,0.3071981622344947,0.8627641705036602
True,0.0,-1.350000000000001,724840.9577377684,rowcol,0.4743338462570925,0.04830900868511075,0.24886114467882905,0.3169092182838368,0.4092847471761812,0.3085746203719878,0.20660711629017317,0.32375247076698194,0.8634926523203239
False,-20.0,-1.5000000000000009,724840.9577377684,rowcol,0.6057718646766675,0.061011928276341526,0.22677711404015258,0.38409956589979993,0.1991821808712834,0.4491452028821126,0.23145284767742236,0.3192988254487508,0.8644309080202577
False,-80.0,1.4999999999999987,724840.9577377684,rowcol,0.6057718646822455,0.061011928276743586,0.22677711406305992,0.3840995659157993,0.19918218091867929,0.4491452028909067,0.23145284769652338,0.3192988254737798,0.864430908104979
False,40.0,1.4999999999999987,724840.9577377684,rowcol,0.6057718646822455,0.061011928276743586,0.22677711406305992,0.3840995659157993,0.19918218091867926,0.4491452028909068,0.23145284769652338,0.31929882547377975,0.864430908104979
False,-30.0,1.049999999999999,724840.9577377684,rowcol,0.383156764889365,0.03848302551493381,0.2632549986456884,0.27791081278248086,0.38378973809510436,0.2962286341761905,0.23470626971888262,0.26151433402529534,0.867675808719546
False,90.0,1.049999999999999,724840.9577377684,rowcol,0.383156764889365,0.03848302551493381,0.26325499864568846,0.27791081278248086,0.38378973809510436,0.2962286341761905,0.23470626971888262,0.26151433402529534,0.8676758087195462
False,-90.0,-1.0500000000000012,724840.9577377684,rowcol,0.3831567648823359,0.03848302551438423,0.26325499865291757,0.27791081279004143,0.38378973807350886,0.29622863418390083,0.2347062697349058,0.26151433403274194,0.8676758087487941
False,30.0,-1.0500000000000012,724840.9577377684,rowcol,0.3831567648823359,0.03848302551438423,0.26325499865291757,0.27791081279004143,0.38378973807350886,0.29622863418390083,0.2347062697349058,0.261514334032742,0.8676758087487941
True,-70.0,1.7999999999999985,724840.9577377684,rowcol,0.5934655365530939,0.057861765630508294,0.23633125707667474,0.35881492862550485,0.14113671738796718,0.2999488486021958,0.2498044469176904,0.4016973378171108,0.867808699855529
True,50.0,1.7999999999999985,724840.9577377684,rowcol,0.593465536553094,0.057861765630508294,0.23633125707667474,0.35881492862550485,0.14113671738796707,0.2999488486021958,0.2498044469176904,0.4016973378171107,0.867808699855529
True,-40.0,-1.350000000000001,724840.9577377684,rowcol,0.5684881347969017,0.05601590777594829,0.2561336847947631,0.30010995559448617,0.40916659924191073,0.3136125706620051,0.216901261821301,0.28826519740246426,0.8685110099787754
True,80.0,-1.350000000000001,724840.9577377684,rowcol,0.5684881347969016,0.05601590777594829,0.2561336847947631,0.30010995559448617,0.4091665992419107,0.3136125706620051,0.216901261821301,0.2882651974024643,0.8685110099787754
True,-20.0,-1.350000000000001,724840.9577377684,rowcol,0.5684881347225212,0.05601590853081321,0.25609802664639647,0.30292443912287914,0.409166686497919,0.3129825606611919,0.21685144631190295,0.2941995876004518,0.8712185190620685
False,60.0,1.3499999999999988,724840.9577377684,rowcol,0.4944375287663102,0.05109192667343246,0.23497089001668628,0.36864539002242863,0.36781620905058005,0.41518770566823215,0.20153141398944663,0.3243746955901894,0.8735580600724875
False,-60.0,1.3499999999999988,724840.9577377684,rowcol,0.4944375287663102,0.05109192667343246,0.23497089001668633,0.36864539002242863,0.36781620905058005,0.41518770566823215,0.20153141398944666,0.3243746955901894,0.8735580600724876
False,0.0,-1.350000000000001,724840.9577377684,rowcol,0.4944375287740943,0.05109192667374388,0.23497089001996996,0.368645390017834,0.3678162090662282,0.415187705654716,0.20153141398876712,0.32437469559512516,0.873558060077744
True,-90.0,-1.0500000000000012,724840.9577377684,rowcol,0.3846865175763751,0.0401499290415162,0.2579684054054033,0.3001414619951577,0.3586511144900423,0.3404257970318821,0.23501341828354158,0.2615020257826368,0.8740466782113674
True,30.0,-1.0500000000000012,724840.9577377684,rowcol,0.3846865175763752,0.0401499290415162,0.2579684054054033,0.3001414619951577,0.3586511144900423,0.3404257970318821,0.23501341828354158,0.2615020257826368,0.8740466782113674
True,0.0,1.7999999999999985,724840.9577377684,rowcol,0.5232371198604687,0.05313888408438105,0.24250842957946353,0.34694405242013004,0.14113404801210694,0.2892575435812587,0.25670884657439685,0.3888890580542123,0.8744693411585206
True,20.0,1.6499999999999986,724840.9577377684,rowcol,0.624475335608788,0.061730228494202406,0.24034378574231272,0.35418115619754803,0.11765967717888784,0.3725931532772409,0.2564586848689929,0.3379211487086527,0.8752125134244861
True,-80.0,1.6499999999999986,724840.9577377684,rowcol,0.6244753355222421,0.061730229369717615,0.2402973390436929,0.35709758616999665,0.11766004804521271,0.37194511955242826,0.2564071912400423,0.34411539791139584,0.8779896033010753
True,40.0,1.6499999999999986,724840.9577377684,rowcol,0.6244753355222421,0.061730229369717615,0.2402973390436929,0.35709758616999665,0.11766004804521268,0.37194511955242826,0.2564071912400423,0.3441153979113957,0.8779896033010753
True,-30.0,1.3499999999999988,724840.9577377684,rowcol,0.4029956354232887,0.04147762304600261,0.26044597633234345,0.2980560245763407,0.07468343709466596,0.2858357692810828,0.2813890030120239,0.30795797092454,0.879393953573371
True,90.0,1.3499999999999988,724840.9577377684,rowcol,0.40299563542328876,0.04147762304600262,0.26044597633234345,0.2980560245763407,0.07468343709466599,0.2858357692810828,0.2813890030120239,0.30795797092454,0.879393953573371
True,60.0,1.7999999999999985,724840.9577377684,rowcol,0.5232371224643886,0.05313885844462749,0.2425773256909541,0.35816216802898815,0.1411340895898246,0.2893142460875591,0.2567857903783289,0.4071477232735947,0.8858941451018505
True,-60.0,1.7999999999999985,724840.9577377684,rowcol,0.5232371224643886,0.05313885844462749,0.24257732569095417,0.35816216802898815,0.1411340895898246,0.2893142460875591,0.2567857903783289,0.4071477232735947,0.8858941451018506
False,-20.0,1.1999999999999988,724840.9577377684,rowcol,0.3861177508371126,0.04056538589592234,0.2608791604556449,0.304971580131125,0.3504329233926493,0.3475054131031214,0.24099592849007723,0.26394740375124287,0.8876090614980596
False,-80.0,-1.200000000000001,724840.9577377684,rowcol,0.38611775083473915,0.04056538589600504,0.2608791604659792,0.30497158014538545,0.3504329233965771,0.34750541311972977,0.24099592850226229,0.26394740376318765,0.887609061543323
False,40.0,-1.200000000000001,724840.9577377684,rowcol,0.38611775083473915,0.04056538589600504,0.26087916046597925,0.3049715801453855,0.3504329233965771,0.34750541311972977,0.24099592850226226,0.26394740376318765,0.8876090615433232
False,-40.0,1.1999999999999988,724840.9577377684,rowcol,0.38611775077762917,0.04056538646210981,0.2609901009196779,0.30829085131732153,0.3510502276453768,0.3486877915184666,0.2409741799283191,0.26967285583239375,0.8912611540763553
False,80.0,1.1999999999999988,724840.9577377684,rowcol,0.38611775077762917,0.04056538646210981,0.2609901009196779,0.30829085131732153,0.3510502276453767,0.3486877915184666,0.24097417992831907,0.2696728558323937,0.8912611540763553
False,20.0,-1.200000000000001,724840.9577377684,rowcol,0.3861177507752557,0.04056538646219251,0.2609901009300575,0.30829085133293843,0.3510502276494913,0.34868779153535995,0.2409741799405174,0.2696728558468921,0.8912611541231108
True,-30.0,-1.350000000000001,724840.9577377684,rowcol,0.5776753870366317,0.057195368825971996,0.26438119160918566,0.2988104281215579,0.40911208702324087,0.3224941601940334,0.2283194061969986,0.2773313363142196,0.8919540029491149
True,90.0,-1.350000000000001,724840.9577377684,rowcol,0.5776753870366317,0.05719536882597199,0.26438119160918566,0.29881042812155795,0.40911208702324087,0.32249416019403343,0.2283194061969986,0.2773313363142196,0.8919540029491149
False,-10.0,1.3499999999999988,724840.9577377684,rowcol,0.4299954533905353,0.04697544431641063,0.24661303626915626,0.35495102298972253,0.35591857536007016,0.4140976637040718,0.22093689170969572,0.2962033707501976,0.8947901317971914
False,-70.0,-1.350000000000001,724840.9577377684,rowcol,0.42999545339737355,0.04697544431709091,0.24661303628296563,0.35495102300323145,0.35591857539716915,0.41409766371712003,0.22093689171702569,0.296203370764659,0.8947901318521283
False,50.0,-1.350000000000001,724840.9577377684,rowcol,0.4299954533973735,0.04697544431709091,0.24661303628296563,0.3549510230032315,0.35591857539716915,0.41409766371712003,0.22093689171702569,0.296203370764659,0.8947901318521284
False,-50.0,-1.5000000000000009,724840.9577377684,rowcol,0.5597204237102567,0.05546771650490344,0.24217330216464916,0.3709267196084901,0.366994465092822,0.41229569422169593,0.21163171170732925,0.3321710999587825,0.8974466261024376
False,70.0,-1.5000000000000009,724840.9577377684,rowcol,0.5597204237102567,0.05546771650490344,0.24217330216464916,0.37092671960849016,0.366994465092822,0.412295694221696,0.21163171170732925,0.3321710999587826,0.8974466261024376
False,10.0,1.4999999999999987,724840.9577377684,rowcol,0.5597204237078597,0.05546771650491288,0.24217330217944455,0.3709267196310268,0.3669944651212247,0.4122956942571088,0.21163171171836812,0.33217109996814737,0.8974466261693606
True,-70.0,-1.350000000000001,724840.9577377684,rowcol,0.4092041634329493,0.04413882473911896,0.26274326613116333,0.3119801124100308,0.40930384896972594,0.32974188103452856,0.22600968120798037,0.29621933321511257,0.9002099108035209
True,50.0,-1.350000000000001,724840.9577377684,rowcol,0.40920416343294924,0.04413882473911897,0.26274326613116333,0.3119801124100308,0.4093038489697259,0.32974188103452856,0.22600968120798037,0.29621933321511257,0.9002099108035209
False,70.0,1.3499999999999988,724840.9577377684,rowcol,0.4299954541663622,0.04697543721478419,0.24694163621337326,0.3628097282957658,0.35726163898349333,0.41620569276675823,0.22097569896106534,0.31088400495457114,0.9036346369358855
False,-50.0,1.3499999999999988,724840.9577377684,rowcol,0.4299954541663622,0.04697543721478419,0.24694163621337328,0.3628097282957658,0.35726163898349333,0.4162056927667582,0.22097569896106534,0.3108840049545711,0.9036346369358856
False,10.0,-1.350000000000001,724840.9577377684,rowcol,0.4299954541732004,0.046975437215464474,0.24694163622722462,0.3628097283103306,0.3572616390206406,0.4162056927800583,0.2209756989684185,0.31088400497088864,0.9036346369920044
False,-10.0,-1.5000000000000009,724840.9577377684,rowcol,0.559720424774851,0.05546770576216343,0.24254507266216732,0.37928793885480827,0.36844159807178234,0.4146619450026116,0.2116767307603752,0.34675638761327693,0.9069231568413102
False,-70.0,1.4999999999999987,724840.9577377684,rowcol,0.559720424772454,0.055467705762172866,0.24254507267700842,0.37928793887827716,0.3684415981002756,0.41466194503816917,0.21167673077144014,0.346756387624777,0.9069231569093024
False,50.0,1.4999999999999987,724840.9577377684,rowcol,0.559720424772454,0.055467705762172866,0.24254507267700842,0.37928793887827716,0.36844159810027555,0.41466194503816917,0.21167673077144014,0.34675638762477706,0.9069231569093024
True,10.0,-1.350000000000001,724840.9577377684,rowcol,0.40920416424819517,0.04413881718110031,0.2627352411863799,0.319502869075456,0.4093038877299017,0.32936023294715167,0.22599863854179228,0.31097113611016103,0.9077085926345958
True,-20.0,1.4999999999999987,724840.9577377684,rowcol,0.4050112986952233,0.04253865457928633,0.2652943404779079,0.3118691288481096,0.0951007988757065,0.31455712664414776,0.285589738765779,0.3095904846230096,0.9077521502818333
True,-50.0,-1.5000000000000009,724840.9577377684,rowcol,0.5391186828374674,0.05255187485436541,0.2639344373120029,0.31714383647835004,0.43468926627701426,0.29951329114189246,0.21889895566917678,0.3312453049492858,0.9089471484143588
True,70.0,-1.5000000000000009,724840.9577377684,rowcol,0.5391186828374674,0.05255187485436541,0.2639344373120029,0.31714383647835004,0.4346892662770141,0.29951329114189246,0.21889895566917675,0.33124530494928583,0.9089471484143588
True,-40.0,1.4999999999999987,724840.9577377684,rowcol,0.4050112986296456,0.04253865520365323,0.2652560886037888,0.31487798918070997,0.09510121600235442,0.31385914415221655,0.2855477028721807,0.3157322820344644,0.9106462549920764
True,80.0,1.4999999999999987,724840.9577377684,rowcol,0.4050112986296456,0.04253865520365323,0.26525608860378885,0.31487798918070997,0.09510121600235441,0.31385914415221655,0.2855477028721806,0.3157322820344644,0.9106462549920764
True,-10.0,-1.5000000000000009,724840.9577377684,rowcol,0.5391186839427439,0.05255186351556417,0.26392556420672475,0.32535880363528885,0.43468930682881485,0.2990463460037702,0.21888629207997515,0.34594147017345117,0.9171354962554632
False,90.0,-1.5000000000000009,724840.9577377684,rowcol,0.6235229817194722,0.06426381911108989,0.230697472989679,0.4272058829471831,0.1225465035446809,0.5390981683823844,0.2453263926256857,0.302614319312333,0.9192983019162201
False,-30.0,-1.5000000000000009,724840.9577377684,rowcol,0.6235229817194722,0.06426381911108989,0.23069747298967905,0.4272058829471831,0.1225465035446809,0.5390981683823846,0.2453263926256857,0.302614319312333,0.9192983019162202
False,-90.0,1.4999999999999987,724840.9577377684,rowcol,0.6235229817290023,0.06426381911164787,0.23069747301271706,0.4272058829456517,0.12254650351707921,0.539098168359666,0.24532639265381204,0.3026143193423899,0.9192983019838029
False,30.0,1.4999999999999987,724840.9577377684,rowcol,0.6235229817290023,0.06426381911164787,0.23069747301271706,0.4272058829456517,0.12254650351707921,0.539098168359666,0.24532639265381204,0.30261431934238986,0.9192983019838029
True,-80.0,-1.200000000000001,724840.9577377684,rowcol,0.3792193486384873,0.040357525310110956,0.2701149023574121,0.31325087813546393,0.38399178987099253,0.3631241722305858,0.24368946469829836,0.2641154489209143,0.9235955852077002
True,40.0,-1.200000000000001,724840.9577377684,rowcol,0.3792193486384873,0.040357525310110956,0.2701149023574121,0.31325087813546393,0.38399178987099253,0.3631241722305858,0.24368946469829836,0.2641154489209143,0.9235955852077002
True,-90.0,1.6499999999999986,724840.9577377684,rowcol,0.6350858975031529,0.0631311448193969,0.25477134050142014,0.35967371498409084,0.11772403289699902,0.39553976100738303,0.27242185596508867,0.32647465647195384,0.9239877364883513
True,30.0,1.6499999999999986,724840.9577377684,rowcol,0.6350858975031529,0.0631311448193969,0.25477134050142014,0.35967371498409084,0.11772403289699898,0.39553976100738303,0.27242185596508867,0.32647465647195384,0.9239877364883513
True,20.0,-1.200000000000001,724840.9577377684,rowcol,0.3792193485779217,0.040357525879214554,0.2700848474531389,0.31564972630599675,0.38399187251684314,0.36264068389297005,0.24365005350126792,0.2698693342944066,0.9259042686654133
True,-10.0,1.7999999999999985,724840.9577377684,rowcol,0.4441775719016954,0.04786860366949679,0.26314219285941226,0.341376398666112,0.14113190319054142,0.29693739497350224,0.2797048753102035,0.3746910434934726,0.9308029772443487
True,-60.0,-1.5000000000000009,724840.9577377684,rowcol,0.4747948470284135,0.0483669604103732,0.26951471193761184,0.3239117624856861,0.4347100012836755,0.3129347295552603,0.22678815085059148,0.33286321886272624,0.9324558982985216
True,60.0,-1.5000000000000009,724840.9577377684,rowcol,0.4747948470284135,0.048366960410373194,0.26951471193761184,0.3239117624856861,0.4347100012836755,0.3129347295552603,0.22678815085059148,0.33286321886272624,0.9324558982985216
True,-50.0,1.7999999999999985,724840.9577377684,rowcol,0.4441775728070361,0.047868595268748676,0.2631315084786919,0.3505308423743398,0.14113205307095963,0.2963721024636429,0.2796929775952208,0.39030285107130697,0.9399253678104154
True,70.0,1.7999999999999985,724840.9577377684,rowcol,0.4441775728070361,0.047868595268748676,0.2631315084786919,0.3505308423743398,0.1411320530709595,0.2963721024636429,0.2796929775952208,0.39030285107130697,0.9399253678104154
True,10.0,1.9499999999999984,724840.9577377684,rowcol,0.6032478714399157,0.058689558613908545,0.2576525830738589,0.36848567826768863,0.16529613066771823,0.30618502685920235,0.271118110631717,0.4136792508514119,0.9414434274892653
True,0.0,-1.5000000000000009,724840.9577377684,rowcol,0.4747948494197403,0.048366936935879415,0.2695663747318,0.3339318280595399,0.43471001253261604,0.3129784077013642,0.22686072943207292,0.3505853154114384,0.9426309522549399
True,-70.0,1.9499999999999984,724840.9577377684,rowcol,0.603247872800657,0.05868954462735919,0.25764076741574454,0.37768139504879117,0.16529626930165658,0.30559111211979173,0.2711048196166076,0.42903160161160975,0.9506036972960248
True,50.0,1.9499999999999984,724840.9577377684,rowcol,0.603247872800657,0.058689544627359196,0.25764076741574454,0.37768139504879117,0.16529626930165645,0.30559111211979173,0.2711048196166076,0.42903160161160964,0.9506036972960248
False,0.0,1.4999999999999987,724840.9577377684,rowcol,0.49730425253043126,0.05157454257499218,0.2566834052743695,0.38346848601771943,0.39737759987570354,0.4353723784530512,0.22161366813215852,0.3336242818680625,0.953518701840828
False,-60.0,-1.5000000000000009,724840.9577377684,rowcol,0.4973042525390304,0.05157454257533675,0.2566834052777093,0.3834684860118921,0.39737759989179694,0.43537237843695664,0.2216136681314719,0.33362428187339477,0.95351870184502
False,60.0,-1.5000000000000009,724840.9577377684,rowcol,0.4973042525390304,0.05157454257533675,0.2566834052777093,0.3834684860118921,0.39737759989179694,0.43537237843695664,0.2216136681314719,0.33362428187339477,0.95351870184502
True,0.0,1.9499999999999984,724840.9577377684,rowcol,0.5280726999610363,0.05362840755581974,0.26314864775223995,0.36516861126861233,0.16529042915485995,0.29207408156760006,0.27728951898411386,0.41683325348312866,0.9546145545253322
True,80.0,-1.5000000000000009,724840.9577377684,rowcol,0.5787808917884144,0.05684579027980557,0.28020716422970854,0.3153785104431469,0.4345795494273522,0.3202241492609439,0.24166675790534212,0.311244984732574,0.9560000031322724
True,-40.0,-1.5000000000000009,724840.9577377684,rowcol,0.5787808917884143,0.05684579027980557,0.2802071642297086,0.3153785104431469,0.4345795494273522,0.3202241492609439,0.24166675790534212,0.311244984732574,0.9560000031322726
False,-40.0,-1.6500000000000008,724840.9577377684,rowcol,0.6182933979672812,0.06227591238788902,0.25056611949214336,0.40474892429478604,0.2165961087368703,0.47285792181244357,0.25627339370932967,0.3369766930303667,0.956447282771216
False,80.0,-1.6500000000000008,724840.9577377684,rowcol,0.6182933979672812,0.06227591238788902,0.2505661194921434,0.40474892429478604,0.21659610873687032,0.47285792181244357,0.25627339370932967,0.33697669303036676,0.9564472827712163
False,20.0,1.6499999999999986,724840.9577377684,rowcol,0.6182933979735135,0.06227591238835334,0.25056611951696695,0.4047489243114909,0.2165961087875316,0.4728579218224221,0.2562733937302196,0.33697669305552946,0.9564472828623918
True,-20.0,-1.5000000000000009,724840.9577377684,rowcol,0.5787808917053819,0.056845791125208704,0.2801709481237516,0.31835423236767174,0.4345796407090528,0.3195385457425047,0.24161708012645775,0.3173548159057365,0.9588670767389265
False,-20.0,-1.6500000000000008,724840.9577377684,rowcol,0.61829339787987,0.06227591325573265,0.2507249242493571,0.4081895535923368,0.21796625553497667,0.47404877991987604,0.2562452714767419,0.3431533909489749,0.960364326340408
False,-80.0,1.6499999999999986,724840.9577377684,rowcol,0.6182933978861024,0.06227591325619697,0.25072492427423604,0.40818955361048515,0.21796625558574836,0.47404877993020517,0.25624527149765003,0.34315339097671793,0.9603643264331931
False,40.0,1.6499999999999986,724840.9577377684,rowcol,0.6182933978861024,0.06227591325619697,0.25072492427423604,0.40818955361048503,0.2179662555857483,0.47404877993020517,0.25624527149765003,0.34315339097671793,0.9603643264331931
False,-60.0,1.4999999999999987,724840.9577377684,rowcol,0.4973042548135198,0.051574520560451254,0.25714749358570704,0.39328449381316727,0.3988948825975359,0.438072290745385,0.22175284402462359,0.3512246472763576,0.9647269745702884
False,60.0,1.4999999999999987,724840.9577377684,rowcol,0.4973042548135198,0.051574520560451254,0.25714749358570704,0.3932844938131673,0.3988948825975359,0.438072290745385,0.22175284402462356,0.3512246472763576,0.9647269745702884
False,0.0,-1.5000000000000009,724840.9577377684,rowcol,0.49730425482211893,0.05157452056079582,0.2571474935890408,0.3932844938074936,0.39889488261356815,0.4380722907294061,0.22175284402393738,0.35122464728142266,0.9647269745746161
True,-60.0,1.9499999999999984,724840.9577377684,rowcol,0.5280727027561184,0.053628380032964364,0.2632174317548768,0.3767190482904075,0.16529046761464533,0.29213491654824797,0.27736668885850235,0.43531108921432,0.9663713435550378
True,60.0,1.9499999999999984,724840.9577377684,rowcol,0.5280727027561184,0.053628380032964364,0.2632174317548768,0.3767190482904075,0.16529046761464533,0.29213491654824797,0.2773666888585023,0.43531108921432,0.9663713435550378
False,-30.0,1.1999999999999988,724840.9577377684,rowcol,0.36905321604513824,0.036997652220888314,0.29008341191743625,0.2986805011523573,0.4127374136189996,0.3152969539593277,0.2616013687962753,0.28395450298376,0.968930736904666
False,90.0,1.1999999999999988,724840.9577377684,rowcol,0.36905321604513824,0.036997652220888314,0.29008341191743625,0.2986805011523573,0.4127374136189996,0.31529695395932766,0.2616013687962754,0.28395450298376,0.968930736904666
False,-90.0,-1.200000000000001,724840.9577377684,rowcol,0.36905321603706526,0.036997652220242185,0.29008341192623716,0.298680501160767,0.4127374135943143,0.31529695396626556,0.2616013688149125,0.2839545029935664,0.9689307369394784
False,30.0,-1.200000000000001,724840.9577377684,rowcol,0.36905321603706526,0.036997652220242185,0.2900834119262372,0.29868050116076694,0.4127374135943144,0.31529695396626556,0.2616013688149125,0.2839545029935664,0.9689307369394786
True,20.0,1.7999999999999985,724840.9577377684,rowcol,0.6374626480199732,0.06291718043302871,0.26482250340262076,0.37492605852620436,0.141219097823331,0.38951753640301023,0.28156559064791786,0.3622000113634447,0.9693935687340667
True,-30.0,1.4999999999999987,724840.9577377684,rowcol,0.3956936613672376,0.04069780952770561,0.2860887774637869,0.31303697121360685,0.09504935150332822,0.28911555096923247,0.30841357969697986,0.3318223123605402,0.9713033036049676
True,90.0,1.4999999999999987,724840.9577377684,rowcol,0.3956936613672376,0.04069780952770561,0.2860887774637869,0.31303697121360685,0.09504935150332827,0.28911555096923247,0.30841357969697986,0.3318223123605402,0.9713033036049676
True,-90.0,-1.200000000000001,724840.9577377684,rowcol,0.37078797305710637,0.03889801070844597,0.2842061574918751,0.3187175695498895,0.3840407174366245,0.3556685222541694,0.26194002755280577,0.28394382618866526,0.9713360420255148
True,30.0,-1.200000000000001,724840.9577377684,rowcol,0.37078797305710637,0.03889801070844597,0.2842061574918751,0.3187175695498895,0.3840407174366245,0.35566852225416934,0.26194002755280577,0.28394382618866526,0.9713360420255148
True,-80.0,1.7999999999999985,724840.9577377684,rowcol,0.6374626479254596,0.06291718139061894,0.2647765182808674,0.3779319071058797,0.14121943490904523,0.38884130811912154,0.2815144253006429,0.3685072842858851,0.972261461948482
True,40.0,1.7999999999999985,724840.9577377684,rowcol,0.6374626479254596,0.06291718139061894,0.2647765182808674,0.3779319071058797,0.14121943490904518,0.38884130811912154,0.2815144253006429,0.3685072842858851,0.972261461948482
False,-20.0,1.3499999999999988,724840.9577377684,rowcol,0.3744409443917922,0.039632500063993006,0.28520317472037565,0.32439056142281497,0.3739994835374073,0.3646763755979986,0.26584057898082997,0.28615325490192955,0.9800000855839419
False,-80.0,-1.350000000000001,724840.9577377684,rowcol,0.3744409443893371,0.03963250006411936,0.2852031747325118,0.3243905614395648,0.37399948354303975,0.3646763756171044,0.265840578994779,0.2861532549164096,0.9800000856371001
False,40.0,-1.350000000000001,724840.9577377684,rowcol,0.3744409443893371,0.03963250006411936,0.2852031747325118,0.3243905614395648,0.37399948354303975,0.3646763756171044,0.265840578994779,0.2861532549164096,0.9800000856371001
True,-70.0,-1.5000000000000009,724840.9577377684,rowcol,0.40194421050835366,0.04371962071881111,0.2842810451045249,0.3289903040102257,0.4347309813268065,0.337539669593719,0.2471794139701973,0.32162449922334935,0.9818334393238004
True,50.0,-1.5000000000000009,724840.9577377684,rowcol,0.4019442105083537,0.04371962071881111,0.2842810451045249,0.3289903040102257,0.43473098132680643,0.337539669593719,0.2471794139701973,0.32162449922334935,0.9818334393238004
False,-40.0,1.3499999999999988,724840.9577377684,rowcol,0.37444094432537006,0.039632500691537564,0.285317339725917,0.32789764850509256,0.37465019789817783,0.36593669457462624,0.2658183985644751,0.29209724954048627,0.9838496676828437
False,80.0,1.3499999999999988,724840.9577377684,rowcol,0.37444094432537006,0.039632500691537564,0.285317339725917,0.3278976485050926,0.37465019789817783,0.36593669457462624,0.2658183985644751,0.29209724954048627,0.9838496676828437
False,20.0,-1.350000000000001,724840.9577377684,rowcol,0.3744409443229149,0.03963250069166392,0.28531733973809936,0.32789764852326103,0.37465019790400467,0.36593669459403266,0.2658183985784376,0.2920972495575873,0.9838496677375592
True,-30.0,-1.5000000000000009,724840.9577377684,rowcol,0.5889911307569269,0.05813392136467454,0.2900716724088052,0.3138350751940796,0.43451892334616804,0.3291899451511663,0.2550752018902227,0.30031465078432,0.9840500924204951
True,90.0,-1.5000000000000009,724840.9577377684,rowcol,0.5889911307569269,0.05813392136467454,0.2900716724088052,0.3138350751940796,0.4345189233461681,0.3291899451511663,0.2550752018902227,0.30031465078432,0.9840500924204951
False,-10.0,1.4999999999999987,724840.9577377684,rowcol,0.4255685784783524,0.04700730054577722,0.26890677853069855,0.3780556090856452,0.38455141936226095,0.4358294792209005,0.24194266173683632,0.3215301406211963,0.9847759446777409
False,-70.0,-1.5000000000000009,724840.9577377684,rowcol,0.42556857848626756,0.047007300546572324,0.2689067785462152,0.37805560910083114,0.3845514194038577,0.4358294792354957,0.24194266174517456,0.3215301406374307,0.9847759447394766
False,50.0,-1.5000000000000009,724840.9577377684,rowcol,0.42556857848626756,0.047007300546572324,0.2689067785462152,0.37805560910083114,0.3845514194038577,0.4358294792354957,0.24194266174517456,0.3215301406374307,0.9847759447394766
False,-50.0,-1.6500000000000008,724840.9577377684,rowcol,0.5683434748559947,0.05630851964146265,0.2644112192904855,0.3940601087647911,0.3958978818016792,0.4327043141457163,0.23256724892345992,0.3583490556920417,0.9872937666362476
False,70.0,-1.6500000000000008,724840.9577377684,rowcol,0.5683434748559947,0.05630851964146265,0.2644112192904855,0.3940601087647911,0.3958978818016792,0.43270431414571636,0.23256724892345992,0.3583490556920417,0.9872937666362476
False,10.0,1.6499999999999986,724840.9577377684,rowcol,0.5683434748535943,0.056308519641507654,0.26441121930700845,0.39406010879027675,0.39589788183432173,0.43270431418572913,0.23256724893554062,0.35834905570300374,0.987293766711302
True,-50.0,-1.6500000000000008,724840.9577377684,rowcol,0.5458328360916753,0.05301980887107104,0.28520460256824026,0.333492763671054,0.46013332733556983,0.3026231227093818,0.2399499748253078,0.35739565727473466,0.9891065713757747
True,70.0,-1.6500000000000008,724840.9577377684,rowcol,0.5458328360916753,0.053019808871071036,0.2852046025682402,0.333492763671054,0.4601333273355697,0.3026231227093818,0.23994997482530778,0.35739565727473466,0.9891065713757747
True,10.0,-1.5000000000000009,724840.9577377684,rowcol,0.4019442114010546,0.04371961251160367,0.28427280388804355,0.33691683741028255,0.4347310218747157,0.3371253980895043,0.24716819497813433,0.3367413400739699,0.9897352490744131
False,-50.0,1.4999999999999987,724840.9577377684,rowcol,0.4255685793214972,0.04700729291258009,0.269241634434817,0.3862615009602055,0.38593272459646594,0.43806612393350974,0.24198203727582396,0.33657740106582457,0.9939864042646565
False,70.0,1.4999999999999987,724840.9577377684,rowcol,0.4255685793214972,0.04700729291258008,0.26924163443481697,0.3862615009602055,0.38593272459646594,0.43806612393350974,0.24198203727582396,0.33657740106582457,0.9939864042646565
False,10.0,-1.5000000000000009,724840.9577377684,rowcol,0.4255685793294124,0.047007292913375194,0.269241634450376,0.3862615009764824,0.3859327246381069,0.43806612394837796,0.24198203728418574,0.33657740108393913,0.9939864043276103
True,-20.0,1.6499999999999986,724840.9577377684,rowcol,0.39886169210990546,0.04199266416318437,0.289474304637753,0.3277612112164736,0.11753886143621514,0.3212428920062103,0.31072693938259677,0.3331443334837437,0.9961841251297325
False,-10.0,-1.6500000000000008,724840.9577377684,rowcol,0.5683434760322218,0.056308507769350716,0.2647857952707677,0.40271387683264237,0.3973736704590161,0.4351721800272852,0.23261231272181396,0.3732380121720887,0.9970712626449454
False,-70.0,1.6499999999999986,724840.9577377684,rowcol,0.5683434760298214,0.056308507769395715,0.2647857952873361,0.40271387685906584,0.3973736704917437,0.4351721800674443,0.23261231273392075,0.37323801218519803,0.997071262721074
False,50.0,1.6499999999999986,724840.9577377684,rowcol,0.5683434760298214,0.056308507769395715,0.2647857952873361,0.40271387685906584,0.3973736704917437,0.4351721800674442,0.23261231273392072,0.37323801218519803,0.997071262721074
True,-10.0,-1.6500000000000008,724840.9577377684,rowcol,0.5458328373164111,0.05301979626255601,0.2851955702548608,0.342086779158976,0.4601333694759116,0.30211473058209537,0.23993726724102646,0.37239614591034614,0.9976734899235584
True,-40.0,1.6499999999999986,724840.9577377684,rowcol,0.39886169203962213,0.041992664830760904,0.2894357425259162,0.3309105386523233,0.11753923268374505,0.32049104473352613,0.3106844408218684,0.33942570828818697,0.9992177662300719
True,80.0,1.6499999999999986,724840.9577377684,rowcol,0.39886169203962213,0.041992664830760904,0.2894357425259162,0.3309105386523233,0.11753923268374504,0.32049104473352613,0.3106844408218684,0.339425708288187,0.9992177662300719
True,-10.0,1.9499999999999984,724840.9577377684,rowcol,0.4428220932808196,0.04793797607577653,0.2844047961613251,0.3587111959106424,0.16528513717491627,0.2998368660223163,0.30108170368965614,0.4015970744006961,1.0119255843946175
True,-60.0,-1.6500000000000008,724840.9577377684,rowcol,0.47551936186913485,0.04845197208205812,0.2903995104418033,0.34122159555784204,0.460155880029939,0.31758690261013656,0.24719924972005008,0.3598986012728807,1.0124201268832518
True,60.0,-1.6500000000000008,724840.9577377684,rowcol,0.47551936186913485,0.04845197208205812,0.2903995104418033,0.34122159555784204,0.460155880029939,0.31758690261013656,0.24719924972005008,0.3598986012728807,1.0124201268832518
True,40.0,-1.350000000000001,724840.9577377684,rowcol,0.3664487604256524,0.03933201710549037,0.2948353442205543,0.3321836809938046,0.4094050632547205,0.37951420038481887,0.26873927088367755,0.286386524025241,1.0166897136554673
True,-80.0,-1.350000000000001,724840.9577377684,rowcol,0.3664487604256524,0.03933201710549037,0.29483534422055435,0.33218368099380463,0.4094050632547205,0.37951420038481887,0.26873927088367755,0.286386524025241,1.0166897136554678
True,20.0,-1.350000000000001,724840.9577377684,rowcol,0.36644876035778157,0.039332017737829156,0.29480436750637123,0.334728567367171,0.4094051504599052,0.3789937560098688,0.2686990663565243,0.2923590049929114,1.0191416698862847
True,-50.0,1.9499999999999984,724840.9577377684,rowcol,0.4428220942298106,0.04793796730956917,0.2843940865719459,0.36815159413481074,0.16528527581807573,0.2992303516689286,0.3010697294167186,0.4173947963552212,1.0213338538506485
True,70.0,1.9499999999999984,724840.9577377684,rowcol,0.44282209422981056,0.047937967309569174,0.2843940865719459,0.36815159413481074,0.16528527581807556,0.29923035166892853,0.3010697294167186,0.4173947963552212,1.0213338538506485
True,0.0,-1.6500000000000008,724840.9577377684,rowcol,0.47551936449558646,0.04845194630542039,0.2904522527776183,0.35168590642944786,0.4601558917195205,0.3176342445447335,0.2472724949799298,0.37795549764450675,1.0230426647623028
True,30.0,1.7999999999999985,724840.9577377684,rowcol,0.649004133927738,0.06442285962068482,0.2809835181290314,0.3810848320076604,0.1412911547946998,0.4142088405129894,0.2995064107365777,0.3508150487993011,1.0240353863947544
True,-90.0,1.7999999999999985,724840.9577377684,rowcol,0.649004133927738,0.06442285962068482,0.2809835181290314,0.38108483200766047,0.14129115479469986,0.41420884051298945,0.2995064107365777,0.35081504879930114,1.0240353863947547
True,10.0,2.0999999999999983,724840.9577377684,rowcol,0.6130897899664136,0.05952860198532393,0.27915161350949014,0.38765470220140036,0.18983709159972564,0.3123870218926132,0.2925078128208261,0.44112168310497596,1.0251095427298709
False,-30.0,-1.6500000000000008,724840.9577377684,rowcol,0.6376827968341912,0.06579784337285527,0.25724410754012933,0.4548244130992683,0.15004420937329194,0.5711000774301439,0.2722738463869276,0.3264101194809003,1.0265567357196563
False,90.0,-1.6500000000000008,724840.9577377684,rowcol,0.6376827968341912,0.06579784337285527,0.25724410754012933,0.4548244130992683,0.15004420937329196,0.5711000774301439,0.2722738463869276,0.3264101194809003,1.0265567357196563
False,-90.0,1.6499999999999986,724840.9577377684,rowcol,0.6376827968446542,0.0657978433734603,0.25724410756487665,0.4548244130980201,0.15004420934192955,0.5711000774055358,0.272273846417721,0.3264101195139072,1.02655673579265
False,30.0,1.6499999999999986,724840.9577377684,rowcol,0.6376827968446542,0.0657978433734603,0.25724410756487665,0.4548244130980201,0.15004420934192955,0.5711000774055358,0.27227384641772107,0.3264101195139072,1.02655673579265
True,50.0,2.0999999999999983,724840.9577377684,rowcol,0.6130897914353695,0.059528586856428735,0.27913986919407846,0.3970711602104562,0.1898372215974929,0.3117600986809147,0.29249454637225086,0.4566411128346534,1.0344907677926916
True,-70.0,2.0999999999999983,724840.9577377684,rowcol,0.6130897914353695,0.05952858685642873,0.2791398691940785,0.3970711602104562,0.189837221597493,0.31176009868091475,0.29249454637225086,0.4566411128346534,1.0344907677926918
True,0.0,2.0999999999999983,724840.9577377684,rowcol,0.533099835802549,0.05413780043570017,0.28398310321729964,0.383952538257002,0.18982858424156013,0.2952007012171679,0.2979565889953793,0.4450967498280847,1.0359018479089008
True,-40.0,-1.6500000000000008,724840.9577377684,rowcol,0.5891851448624641,0.05768432416340683,0.30453872927795184,0.3314344385363517,0.4600131835771373,0.32734392845524696,0.2666021120617522,0.33483583247567156,1.045050626370207
True,80.0,-1.6500000000000008,724840.9577377684,rowcol,0.5891851448624641,0.05768432416340683,0.30453872927795184,0.3314344385363517,0.4600131835771372,0.32734392845524696,0.2666021120617522,0.3348358324756716,1.045050626370207
False,0.0,1.6499999999999986,724840.9577377684,rowcol,0.500453634196881,0.05209847302978647,0.27914794368797274,0.408136651716559,0.42909019282443744,0.45821913221387844,0.24200521976467682,0.36067384951838416,1.045580482780477
False,-60.0,-1.6500000000000008,724840.9577377684,rowcol,0.5004536342062806,0.052098473030156696,0.2791479436913509,0.40813665170980745,0.4290901928408319,0.4582191321956359,0.24200521976398517,0.3606738495238098,1.0455804827838602
False,60.0,-1.6500000000000008,724840.9577377684,rowcol,0.5004536342062806,0.0520984730301567,0.2791479436913509,0.4081366517098075,0.4290901928408319,0.4582191321956359,0.24200521976398517,0.3606738495238098,1.0455804827838602
True,-60.0,2.0999999999999983,724840.9577377684,rowcol,0.5330998387842522,0.05413777107459003,0.2840517444450066,0.39578762223500397,0.1898286203058718,0.2952655215475523,0.29803393128110695,0.46375436815430676,1.0479428555700236
True,60.0,2.0999999999999983,724840.9577377684,rowcol,0.5330998387842523,0.05413777107459003,0.2840517444450066,0.395787622235004,0.1898286203058718,0.2952655215475523,0.2980339312811069,0.46375436815430676,1.0479428555700239
True,-20.0,-1.6500000000000008,724840.9577377684,rowcol,0.5891851447707344,0.05768432510032955,0.3045020746017336,0.33454922162488093,0.4600132784354543,0.32660612606989975,0.26655257798539134,0.3410861167545921,1.0480554454300819
False,-40.0,-1.8000000000000007,724840.9577377684,rowcol,0.630835301449786,0.06354890716786778,0.2747948707923832,0.4292856408606237,0.23665681311814357,0.4983002878351772,0.2811898061758336,0.3611765825978206,1.0536702532377733
False,80.0,-1.8000000000000007,724840.9577377684,rowcol,0.6308353014497858,0.06354890716786779,0.2747948707923832,0.42928564086062376,0.2366568131181436,0.4983002878351772,0.28118980617583367,0.36117658259782065,1.0536702532377733
False,20.0,1.7999999999999985,724840.9577377684,rowcol,0.6308353014566856,0.06354890716839702,0.27479487081915366,0.4292856408793872,0.2366568131718696,0.49830028784659147,0.2811898061985218,0.36117658262563423,1.0536702533368483
False,-60.0,1.6499999999999986,724840.9577377684,rowcol,0.5004536366924741,0.05209844905732021,0.2796173879979661,0.41828295221692596,0.4306360192849559,0.4610363331574767,0.24214541688078656,0.37860873770830167,1.0571351162108242
False,60.0,1.6499999999999986,724840.9577377684,rowcol,0.5004536366924741,0.05209844905732021,0.2796173879979661,0.41828295221692585,0.4306360192849559,0.4610363331574767,0.24214541688078656,0.37860873770830167,1.0571351162108242
False,0.0,-1.6500000000000008,724840.9577377684,rowcol,0.5004536367018736,0.052098449057690434,0.2796173880013387,0.41828295221032014,0.43063601930129153,0.4610363331393102,0.24214541688009536,0.3786087377134702,1.057135116214336
False,-20.0,-1.8000000000000007,724840.9577377684,rowcol,0.6308353013542795,0.0635489081159388,0.2749528422166169,0.4328271282205024,0.23802518772971187,0.49953719077783726,0.281161845968295,0.3674661741508598,1.057685654870353
False,-80.0,1.7999999999999985,724840.9577377684,rowcol,0.6308353013611792,0.06354890811646804,0.27495284224344263,0.4328271282407284,0.23802518778355744,0.4995371907895855,0.281161845991001,0.3674661741812874,1.0576856549710563
False,40.0,1.7999999999999985,724840.9577377684,rowcol,0.6308353013611792,0.06354890811646804,0.27495284224344263,0.4328271282407283,0.2380251877835574,0.4995371907895856,0.281161845991001,0.3674661741812874,1.0576856549710563
True,-70.0,-1.6500000000000008,724840.9577377684,rowcol,0.39488567043258105,0.04332765745009087,0.30595980273583573,0.3467922096436249,0.46017870645882686,0.34572845454891205,0.2684671754614011,0.34768429704016457,1.064671617851132
True,50.0,-1.6500000000000008,724840.9577377684,rowcol,0.394885670432581,0.043327657450090866,0.30595980273583573,0.3467922096436249,0.46017870645882675,0.34572845454891205,0.2684671754614011,0.3476842970401645,1.064671617851132
True,-30.0,1.6499999999999986,724840.9577377684,rowcol,0.3887535769420947,0.03993187266817024,0.3120076571210729,0.3288056997248802,0.11747843454928666,0.29292050900297495,0.3355260360569639,0.3561970045151849,1.064828671088099
True,90.0,1.6499999999999986,724840.9577377684,rowcol,0.3887535769420948,0.03993187266817024,0.3120076571210729,0.3288056997248802,0.1174784345492867,0.29292050900297495,0.3355260360569639,0.3561970045151849,1.064828671088099
True,20.0,1.9499999999999984,724840.9577377684,rowcol,0.6504545630411129,0.06410798302656862,0.2895052019117134,0.39632246141383065,0.1653933499184475,0.40727567715331126,0.3067644126250338,0.3868709313240474,1.0648380671489708
True,-80.0,1.9499999999999984,724840.9577377684,rowcol,0.6504545629386199,0.06410798406648557,0.2894596323751818,0.39940337135563403,0.1653936617197692,0.40657504421635876,0.3067135370459534,0.39327084074162966,1.0677822684811795
True,40.0,1.9499999999999984,724840.9577377684,rowcol,0.6504545629386199,0.06410798406648557,0.2894596323751818,0.39940337135563403,0.1653936617197691,0.40657504421635876,0.30671353704595344,0.3932708407416296,1.0677822684811795
True,-90.0,-1.350000000000001,724840.9577377684,rowcol,0.35689177558582336,0.037650457186448896,0.3106226172050268,0.3384031541640823,0.40946019903764136,0.37210826144675546,0.2889868718871033,0.3072080615181301,1.0702710057791627
True,30.0,-1.350000000000001,724840.9577377684,rowcol,0.3568917755858233,0.03765045718644889,0.3106226172050268,0.3384031541640823,0.4094601990376413,0.37210826144675546,0.2889868718871033,0.3072080615181301,1.0702710057791627
True,70.0,-1.8000000000000007,724840.9577377684,rowcol,0.5527046771560515,0.053506425180138026,0.30665281198556177,0.3505249177525159,0.4855947799963812,0.30595543574822504,0.2611416659425635,0.38402372411275076,1.0704833537092011
True,-50.0,-1.8000000000000007,724840.9577377684,rowcol,0.5527046771560515,0.053506425180138026,0.3066528119855618,0.3505249177525159,0.48559477999638134,0.30595543574822504,0.2611416659425635,0.38402372411275065,1.0704833537092013
False,-30.0,1.3499999999999988,724840.9577377684,rowcol,0.3549566201686042,0.03551851467711882,0.31707717182544964,0.32125430809031014,0.4417093883233451,0.33718623706497414,0.288617355143549,0.30721679461012835,1.072485823566659
False,90.0,1.3499999999999988,724840.9577377684,rowcol,0.3549566201686042,0.03551851467711882,0.31707717182544964,0.32125430809031014,0.4417093883233451,0.3371862370649741,0.288617355143549,0.30721679461012835,1.072485823566659
False,-90.0,-1.350000000000001,724840.9577377684,rowcol,0.3549566201594739,0.03551851467637008,0.3170771718358491,0.3212543080994932,0.4417093882955713,0.33718623707086187,0.28861735516480447,0.30721679462237206,1.0724858236070405
False,30.0,-1.350000000000001,724840.9577377684,rowcol,0.3549566201594739,0.03551851467637008,0.3170771718358491,0.3212543080994932,0.4417093882955712,0.33718623707086187,0.28861735516480447,0.30721679462237206,1.0724858236070405
True,10.0,-1.6500000000000008,724840.9577377684,rowcol,0.3948856713990868,0.04332764864141386,0.3059513795642635,0.3550648056737643,0.46017874859501295,0.34528353612807244,0.2684558129225663,0.3630868258999989,1.0729189443665548
False,-20.0,1.4999999999999987,724840.9577377684,rowcol,0.3628558968894465,0.03872939537343844,0.30971715321693866,0.34433165562243123,0.39781773168312157,0.38197088091014,0.29079634683888367,0.30915007403100775,1.0734831152732471
False,-80.0,-1.5000000000000009,724840.9577377684,rowcol,0.3628558968869735,0.038729395373618025,0.3097171532308923,0.34433165564163226,0.3978177316905637,0.3819708809316349,0.2907963468545982,0.30915007404804423,1.073483115334309
False,40.0,-1.5000000000000009,724840.9577377684,rowcol,0.3628558968869735,0.038729395373618025,0.3097171532308923,0.3443316556416322,0.3978177316905637,0.38197088093163495,0.29079634685459826,0.30915007404804423,1.073483115334309
False,-10.0,1.6499999999999986,724840.9577377684,rowcol,0.42144766452565524,0.04708604991221003,0.2914490263681477,0.40156052396351644,0.4138229998589923,0.45759661653898404,0.2630791184700646,0.34750887269993125,1.0759076030679595
False,-70.0,-1.6500000000000008,724840.9577377684,rowcol,0.4214476645347116,0.047086049913119474,0.2914490263853626,0.4015605239805598,0.4138229999050333,0.4575966165554882,0.2630791184794111,0.34750887271791137,1.0759076031366475
False,50.0,-1.6500000000000008,724840.9577377684,rowcol,0.4214476645347116,0.047086049913119474,0.2914490263853626,0.4015605239805598,0.4138229999050333,0.4575966165554882,0.2630791184794111,0.3475088727179113,1.0759076031366475
False,-40.0,1.4999999999999987,724840.9577377684,rowcol,0.36285589681625013,0.03872939605921543,0.3098339644645469,0.3480092350602938,0.3984974696368153,0.3833201566968363,0.2907738170098822,0.3152662153082994,1.0775111284539345
False,80.0,1.4999999999999987,724840.9577377684,rowcol,0.36285589681625013,0.03872939605921543,0.3098339644645469,0.34800923506029374,0.3984974696368153,0.3833201566968363,0.2907738170098822,0.3152662153082994,1.0775111284539345
False,20.0,-1.5000000000000009,724840.9577377684,rowcol,0.36285589681377717,0.038729396059395016,0.30983396447854755,0.34800923508096426,0.3984974696444581,0.3833201567186439,0.2907738170256106,0.31526621532800697,1.0775111285166068
True,-30.0,-1.6500000000000008,724840.9577377684,rowcol,0.6004166302625185,0.05907723486213446,0.31602696609598,0.3296415146103441,0.4599464421661851,0.3362416758651215,0.28198685359022463,0.3239867786971314,1.077722412898284
True,90.0,-1.6500000000000008,724840.9577377684,rowcol,0.6004166302625185,0.05907723486213445,0.3160269660959801,0.3296415146103441,0.4599464421661851,0.3362416758651215,0.28198685359022463,0.3239867786971314,1.0777224128982843
False,-50.0,-1.8000000000000007,724840.9577377684,rowcol,0.5770950112365668,0.05717415222432239,0.2869102490730668,0.41757000704517677,0.4253859981862643,0.4532610243609106,0.2536499530429741,0.3850013587052487,1.078300754264377
False,70.0,-1.8000000000000007,724840.9577377684,rowcol,0.5770950112365668,0.057174152224322386,0.2869102490730668,0.4175700070451769,0.4253859981862643,0.45326102436091065,0.2536499530429741,0.38500135870524876,1.0783007542643772
False,10.0,1.7999999999999985,724840.9577377684,rowcol,0.5770950112341986,0.05717415222440749,0.28691024909130364,0.4175700070736282,0.425385998223143,0.45326102440559707,0.2536499530560889,0.3850013587178144,1.0783007543475391
True,-10.0,-1.8000000000000007,724840.9577377684,rowcol,0.5527046785012496,0.053506411284658335,0.30664364791720805,0.35944604604354247,0.4855948235572263,0.30540683562906157,0.26112892836707885,0.3992701286321171,1.0793769897951666
False,-50.0,1.6499999999999986,724840.9577377684,rowcol,0.4214476654312464,0.04708604180663875,0.291788891600867,0.4100579696357862,0.4152350856699249,0.4599341450052199,0.2631189516781509,0.3628435250928631,1.0854246444383873
False,70.0,1.6499999999999986,724840.9577377684,rowcol,0.42144766543124645,0.04708604180663875,0.291788891600867,0.4100579696357862,0.4152350856699249,0.4599341450052198,0.2631189516781509,0.3628435250928631,1.0854246444383873
False,10.0,-1.6500000000000008,724840.9577377684,rowcol,0.42144766544030277,0.0470860418075482,0.2917888916181243,0.4100579696539149,0.4152350857160068,0.4599341450219534,0.26311895168752125,0.3628435251127423,1.0854246445082878
True,-20.0,1.7999999999999985,724840.9577377684,rowcol,0.39305266787926935,0.04146813218773385,0.31388827844509803,0.34435451587369426,0.1410576881550535,0.32843216322455304,0.3359436896391985,0.35719602982874976,1.0860193512089884
False,-10.0,-1.8000000000000007,724840.9577377684,rowcol,0.5770950125249116,0.057174139220239194,0.28728685321637487,0.42646324589396345,0.4268844995897967,0.4557934281667227,0.2536950280768215,0.40013600925550147,1.088323805543088
False,-70.0,1.7999999999999985,724840.9577377684,rowcol,0.5770950125225434,0.057174139220324285,0.287286853234657,0.42646324592335405,0.42688449962675534,0.4557934282115544,0.25369502808996236,0.40013600927022186,1.088323805627325
False,50.0,1.7999999999999985,724840.9577377684,rowcol,0.5770950125225434,0.057174139220324285,0.287286853234657,0.42646324592335394,0.4268844996267553,0.4557934282115544,0.25369502808996236,0.40013600927022186,1.088323805627325
True,-40.0,1.7999999999999985,724840.9577377684,rowcol,0.3930526678047451,0.041468132894105864,0.31384948288493125,0.3476247745889367,0.1410580256264882,0.32762987894080536,0.3359008078354622,0.3635900530487345,1.0891732232437303
True,80.0,1.7999999999999985,724840.9577377684,rowcol,0.3930526678047451,0.041468132894105864,0.3138494828849313,0.3476247745889367,0.14105802562648817,0.32762987894080536,0.3359008078354622,0.3635900530487345,1.0891732232437306
True,-60.0,-1.8000000000000007,724840.9577377684,rowcol,0.4765061866381481,0.04856392263548371,0.31142878974369775,0.35922001963350836,0.48561913224176545,0.32248035401840225,0.2677324763948462,0.3874299648812074,1.0935063888646015
True,60.0,-1.8000000000000007,724840.9577377684,rowcol,0.4765061866381481,0.04856392263548371,0.31142878974369775,0.35922001963350836,0.48561913224176545,0.32248035401840225,0.2677324763948462,0.38742996488120734,1.0935063888646015
True,-10.0,2.0999999999999983,724840.9577377684,rowcol,0.4417618607828053,0.04803262119946907,0.3058469652621874,0.376593521911412,0.18982051988669493,0.30296519165788394,0.32252954746737694,0.42883726480576023,1.0941344176979741
True,-50.0,2.0999999999999983,724840.9577377684,rowcol,0.44176186176968485,0.04803261212301661,0.30583624024230877,0.3862802159210851,0.18982064989581157,0.30231873087667,0.3225175094053246,0.44478632797011014,1.1037889366480114
True,70.0,2.0999999999999983,724840.9577377684,rowcol,0.44176186176968485,0.04803261212301661,0.30583624024230877,0.3862802159210851,0.18982064989581143,0.30231873087667,0.3225175094053246,0.44478632797011014,1.1037889366480114
True,0.0,-1.8000000000000007,724840.9577377684,rowcol,0.47650618949743423,0.048563894580337365,0.3114824418863797,0.3700661908402621,0.4856191443253757,0.3225312158510908,0.2678062530023949,0.40575429360689774,1.104513516499401
True,10.0,2.2499999999999982,724840.9577377684,rowcol,0.6229884670538239,0.060378439040519094,0.30079958883461405,0.4073055733768159,0.21462866138794442,0.3190828223442872,0.31396860688147876,0.46881956703181954,1.109704339880658
True,-80.0,-1.5000000000000009,724840.9577377684,rowcol,0.35370241980541617,0.03832227421283282,0.31970326959249107,0.35205478191022826,0.43484297119752324,0.39680499602214403,0.2938947676420636,0.3094505389261004,1.1111645906877015
True,40.0,-1.5000000000000009,724840.9577377684,rowcol,0.35370241980541617,0.03832227421283282,0.31970326959249107,0.35205478191022826,0.4348429711975232,0.39680499602214403,0.2938947676420637,0.3094505389261004,1.1111645906877015
True,20.0,-1.5000000000000009,724840.9577377684,rowcol,0.3537024197303255,0.03832227490589524,0.31967152835356544,0.354722939783807,0.43484306242392645,0.39625191647915076,0.29385391978780667,0.3155950598363928,1.1137375248445032
True,0.0,2.2499999999999982,724840.9577377684,rowcol,0.5383131607768628,0.05466650728609855,0.30497199004889375,0.4032176663343818,0.21461760361898458,0.2986276630610689,0.3186932485502598,0.47362238752921715,1.118133636481063
True,-70.0,2.2499999999999982,724840.9577377684,rowcol,0.6229884686312368,0.06037842276467359,0.3007879114738185,0.4169112175501593,0.21462878458277815,0.3184251964693601,0.3139553646847264,0.48447881631470463,1.1192749519716148
True,50.0,2.2499999999999982,724840.9577377684,rowcol,0.6229884686312368,0.06037842276467359,0.3007879114738185,0.4169112175501593,0.21462878458277804,0.3184251964693601,0.3139553646847264,0.4844788163147045,1.1192749519716148
True,-90.0,1.9499999999999984,724840.9577377684,rowcol,0.6629228076189921,0.06571553462800037,0.30738065582199364,0.40314504933010104,0.16547254801726374,0.43363615008119716,0.32667120375819825,0.3755910080106605,1.125287016796082
True,30.0,1.9499999999999984,724840.9577377684,rowcol,0.6629228076189921,0.06571553462800037,0.30738065582199364,0.40314504933010104,0.1654725480172637,0.4336361500811971,0.32667120375819825,0.3755910080106605,1.125287016796082
True,-60.0,2.2499999999999982,724840.9577377684,rowcol,0.5383131639406056,0.054666476132014925,0.30504047332645806,0.4152974118821941,0.21461763779623697,0.2986963160695182,0.31877072396920336,0.49242905817447447,1.1304188318615682
True,60.0,2.2499999999999982,724840.9577377684,rowcol,0.5383131639406057,0.05466647613201493,0.30504047332645806,0.4152974118821941,0.21461763779623697,0.2986963160695182,0.31877072396920336,0.49242905817447447,1.1304188318615682
False,-30.0,-1.8000000000000007,724840.9577377684,rowcol,0.6518439584438097,0.06733297510307157,0.28402833159714325,0.4829537181431177,0.17806258899661148,0.6035771579078006,0.29932843893818883,0.3507467636456705,1.1350387129345474
False,90.0,-1.8000000000000007,724840.9577377684,rowcol,0.6518439584438097,0.06733297510307157,0.2840283315971433,0.4829537181431177,0.17806258899661145,0.6035771579078005,0.29932843893818883,0.3507467636456705,1.1350387129345476
False,-90.0,1.7999999999999985,724840.9577377684,rowcol,0.6518439584552029,0.06733297510372246,0.2840283316235909,0.48295371814217836,0.17806258896174676,0.6035771578813492,0.2993284389716395,0.35074676368157,1.1350387130129511
False,30.0,1.7999999999999985,724840.9577377684,rowcol,0.6518439584552029,0.06733297510372246,0.2840283316235909,0.48295371814217836,0.17806258896174676,0.6035771578813492,0.2993284389716395,0.35074676368157,1.1350387130129511
True,-40.0,-1.8000000000000007,724840.9577377684,rowcol,0.5996950909307928,0.058531137601482146,0.3290711362612456,0.34816882692543,0.48546425078276134,0.33493950148808493,0.291663762263323,0.3589172698533313,1.135382235709167
True,80.0,-1.8000000000000007,724840.9577377684,rowcol,0.5996950909307927,0.058531137601482146,0.3290711362612457,0.34816882692543,0.4854642507827613,0.334939501488085,0.291663762263323,0.35891726985333133,1.135382235709167
True,-20.0,-1.8000000000000007,724840.9577377684,rowcol,0.5996950908303268,0.05853113863082958,0.3290341305165345,0.35140362702755823,0.4854643488393998,0.33415284136379003,0.29161436870125784,0.3652812299267044,1.1385060185771618
False,0.0,1.7999999999999985,724840.9577377684,rowcol,0.5038803717122533,0.05266055916012944,0.3018415383912845,0.43318955045685537,0.4613347161163791,0.48122647781036,0.26252828601628087,0.3882165680394611,1.138714165630709
False,-60.0,-1.8000000000000007,724840.9577377684,rowcol,0.5038803717224377,0.05266055916052732,0.30184153839469274,0.4331895504489356,0.46133471613301386,0.48122647778947897,0.2625282860155853,0.3882165680449602,1.1387141656330138
False,60.0,-1.8000000000000007,724840.9577377684,rowcol,0.5038803717224377,0.05266055916052732,0.30184153839469274,0.4331895504489356,0.46133471613301386,0.4812264777894789,0.2625282860155853,0.3882165680449602,1.1387141656330138
True,50.0,-1.8000000000000007,724840.9577377684,rowcol,0.3880395346176412,0.04296368050223131,0.3277515655958993,0.3652700920547381,0.4856437871935407,0.35428112469367556,0.2898469610474648,0.3742620059441451,1.148524788842436
True,-70.0,-1.8000000000000007,724840.9577377684,rowcol,0.38803953461764124,0.042963680502231316,0.32775156559589935,0.3652700920547381,0.4856437871935408,0.35428112469367556,0.2898469610474648,0.3742620059441451,1.1485247888424361
False,-60.0,1.7999999999999985,724840.9577377684,rowcol,0.5038803744162038,0.052660533287485475,0.30231518287280135,0.4436060858652928,0.462903364504529,0.48412082326668665,0.26266927508688265,0.4064190120838877,1.1505516344836968
False,60.0,1.7999999999999985,724840.9577377684,rowcol,0.5038803744162038,0.052660533287485475,0.30231518287280135,0.4436060858652929,0.462903364504529,0.4841208232666867,0.2626692750868826,0.4064190120838877,1.150551634483697
False,0.0,-1.8000000000000007,724840.9577377684,rowcol,0.5038803744263881,0.05266053328788336,0.3023151828762043,0.4436060858575246,0.4629033645211073,0.48412082324586114,0.2626692750861875,0.40641901208914033,1.1505516344861375
False,-40.0,-1.9500000000000006,724840.9577377684,rowcol,0.6433963839546415,0.06483011793484761,0.2992357121193711,0.4542782192612977,0.257701327387046,0.5242140496038575,0.3062000782020913,0.3857698605357637,1.151985355619411
False,80.0,-1.9500000000000006,724840.9577377684,rowcol,0.6433963839546415,0.06483011793484761,0.2992357121193711,0.45427821926129774,0.257701327387046,0.5242140496038575,0.3062000782020913,0.38576986053576373,1.151985355619411
False,20.0,1.9499999999999984,724840.9577377684,rowcol,0.6433963839622211,0.06483011793544409,0.2992357121480709,0.4542782192820446,0.257701327443624,0.5242140496165751,0.3062000782265711,0.38576986056620816,1.1519853557262572
True,-50.0,-1.9500000000000006,724840.9577377684,rowcol,0.5597283982140677,0.0540112188272705,0.32824416600579037,0.3681454829949135,0.5110710249279868,0.3095030441969417,0.28244236688363694,0.41103667303381175,1.1528779810122847
True,70.0,-1.9500000000000006,724840.9577377684,rowcol,0.5597283982140677,0.0540112188272705,0.32824416600579037,0.3681454829949135,0.5110710249279867,0.3095030441969417,0.28244236688363694,0.41103667303381186,1.1528779810122847
False,-20.0,-1.9500000000000006,724840.9577377684,rowcol,0.6433963838510242,0.06483011896318105,0.2993928737659436,0.4579036264681896,0.2590630145391622,0.5254866503837589,0.30617226216677146,0.3921519580581256,1.1560822477660204
False,-80.0,1.9499999999999984,724840.9577377684,rowcol,0.6433963838586038,0.06483011896377754,0.2993928737946986,0.45790362649042315,0.25906301459586933,0.525486650396811,0.306172262191269,0.39215195809121145,1.156082247874519
False,40.0,1.9499999999999984,724840.9577377684,rowcol,0.6433963838586038,0.06483011896377754,0.2993928737946986,0.45790362649042315,0.25906301459586933,0.525486650396811,0.306172262191269,0.3921519580912114,1.156082247874519
True,10.0,-1.8000000000000007,724840.9577377684,rowcol,0.38803953565395843,0.04296367114241656,0.3277429874794929,0.3738398935911625,0.48564383074998985,0.3538074644482496,0.2898354796643166,0.38989099319632087,1.1570688560296412
True,-30.0,1.7999999999999985,724840.9577377684,rowcol,0.38219509676003105,0.03918062629472575,0.33813913574456006,0.345254286376275,0.1409894530279349,0.2972304751324561,0.36270666551344455,0.38098410595698595,1.1596716936099551
True,90.0,1.7999999999999985,724840.9577377684,rowcol,0.38219509676003105,0.039180626294725754,0.33813913574456006,0.345254286376275,0.14098945302793492,0.2972304751324561,0.36270666551344455,0.38098410595698595,1.1596716936099551
True,20.0,2.0999999999999983,724840.9577377684,rowcol,0.6634508102827329,0.0653024256228204,0.3143438343939314,0.4182703952980647,0.1899478335108658,0.42576326282892357,0.3320342242804902,0.41186346106464006,1.1613018984798589
True,-10.0,-1.9500000000000006,724840.9577377684,rowcol,0.5597283996806081,0.054011203629234915,0.32823489148286794,0.37734949016251473,0.5110710697664947,0.30891550867672585,0.2824296087836081,0.4264841605181271,1.1620541646111184
True,-80.0,2.0999999999999983,724840.9577377684,rowcol,0.6634508101722498,0.0653024267452911,0.3142986375678236,0.4214146010440501,0.18994812589002266,0.42504150738263613,0.3319836052944064,0.41834006967696563,1.164310513747521
True,40.0,2.0999999999999983,724840.9577377684,rowcol,0.6634508101722498,0.0653024267452911,0.3142986375678236,0.4214146010440501,0.1899481258900226,0.42504150738263613,0.33198360529440646,0.4183400696769655,1.164310513747521
False,-20.0,1.6499999999999986,724840.9577377684,rowcol,0.35137168457744694,0.03785449994036267,0.33437931864682147,0.3646990003317024,0.4218450374998959,0.39935242838049745,0.3158368934350873,0.33277391859075783,1.1678369562721669
False,-80.0,-1.6500000000000008,724840.9577377684,rowcol,0.3513716845750262,0.03785449994060472,0.33437931866260356,0.36469900035333863,0.4218450375092328,0.3993524284043293,0.31583689345256843,0.332773918610359,1.1678369563411493
False,40.0,-1.6500000000000008,724840.9577377684,rowcol,0.3513716845750262,0.03785449994060471,0.3343793186626036,0.36469900035333863,0.4218450375092328,0.3993524284043292,0.31583689345256843,0.332773918610359,1.1678369563411495
False,-10.0,1.7999999999999985,724840.9577377684,rowcol,0.4176417684746858,0.04720948680959424,0.31418629497710665,0.4254281412133494,0.4436068930062292,0.47945006640382404,0.28431711720961333,0.37400373350496285,1.1679870261446692
False,-70.0,-1.8000000000000007,724840.9577377684,rowcol,0.41764176848494666,0.04720948681062745,0.31418629499601175,0.42542814123201184,0.44360689305666695,0.47945006642179944,0.28431711721996805,0.3740037335246651,1.1679870262200471
False,50.0,-1.8000000000000007,724840.9577377684,rowcol,0.41764176848494666,0.04720948681062745,0.31418629499601175,0.42542814123201184,0.44360689305666695,0.47945006642179944,0.28431711721996805,0.3740037335246651,1.1679870262200471
False,-50.0,-1.9500000000000006,724840.9577377684,rowcol,0.5859692760432312,0.05806239368671981,0.3096134730446891,0.4414543090321439,0.4553452331169957,0.4740649011534128,0.27484595980440274,0.4120359706583349,1.1702947281662113
False,70.0,-1.9500000000000006,724840.9577377684,rowcol,0.5859692760432313,0.0580623936867198,0.3096134730446891,0.4414543090321439,0.4553452331169957,0.4740649011534128,0.27484595980440274,0.41203597065833497,1.1702947281662113
False,10.0,1.9499999999999984,724840.9577377684,rowcol,0.5859692760409294,0.058062393686850046,0.30961347306462866,0.44145430906351407,0.4553452331581008,0.4740649012027138,0.27484595981854576,0.41203597067250713,1.1702947282574
True,30.0,-1.5000000000000009,724840.9577377684,rowcol,0.34299821042689355,0.036407717174543046,0.33717578394128295,0.35901575736146135,0.43490432024190334,0.38959351230247563,0.31612309159487245,0.3311214269442974,1.1705431091853102
True,-90.0,-1.5000000000000009,724840.9577377684,rowcol,0.34299821042689355,0.036407717174543046,0.337175783941283,0.35901575736146135,0.4349043202419034,0.38959351230247563,0.31612309159487245,0.3311214269442974,1.1705431091853105
False,-40.0,1.6499999999999986,724840.9577377684,rowcol,0.3513716844976644,0.0378545006809171,0.33449833533321954,0.3685141573188738,0.42255017441159937,0.4007626541925551,0.3158140755594482,0.3390271363031353,1.1720091633185323
False,80.0,1.6499999999999986,724840.9577377684,rowcol,0.3513716844976644,0.0378545006809171,0.33449833533321954,0.3685141573188738,0.4225501744115994,0.400762654192555,0.3158140755594482,0.3390271363031353,1.1720091633185323
False,20.0,-1.6500000000000008,724840.9577377684,rowcol,0.3513716844952437,0.03785450068115914,0.33449833534904944,0.36851415734202175,0.422550174421142,0.40076265421670837,0.3158140755769434,0.3390271363254453,1.17200916338917
True,-30.0,-1.8000000000000007,724840.9577377684,rowcol,0.6119457379084728,0.06002508485878103,0.34218681881986396,0.3461226562243116,0.4853913930991855,0.3436274394735199,0.3090136440050516,0.3482072658436904,1.1726831126839035
True,90.0,-1.8000000000000007,724840.9577377684,rowcol,0.6119457379084728,0.06002508485878103,0.342186818819864,0.3461226562243116,0.4853913930991856,0.34362743947352,0.30901364400505166,0.3482072658436904,1.1726831126839037
True,-60.0,-1.9500000000000006,724840.9577377684,rowcol,0.4777536958943759,0.048702626301388816,0.33257514368931673,0.37780863617439914,0.5110971612476498,0.3276042719758472,0.28836174317914337,0.4153586955159216,1.1755340672423493
True,60.0,-1.9500000000000006,724840.9577377684,rowcol,0.4777536958943759,0.048702626301388816,0.33257514368931673,0.37780863617439914,0.5110971612476498,0.32760427197584724,0.2883617431791433,0.4153586955159216,1.1755340672423493
True,-20.0,1.9499999999999984,724840.9577377684,rowcol,0.38759953941341824,0.040965882930409016,0.33848563040217583,0.36155250877573564,0.16519632037844323,0.3360926307584855,0.36122333000412965,0.381651462133174,1.177009399982263
True,-10.0,2.2499999999999982,724840.9577377684,rowcol,0.44099900387021856,0.04815239001770576,0.32743342514843315,0.3949490113777194,0.2146070215429986,0.3063153602487009,0.3440351251701369,0.45635177947597594,1.1772492868230189
False,-50.0,1.7999999999999985,724840.9577377684,rowcol,0.4176417694375493,0.04720947829155877,0.31453023756283055,0.43416410184505894,0.4450440473253705,0.4818514163101971,0.28435732562303356,0.38956654748240965,1.1777548145335506
False,70.0,1.7999999999999985,724840.9577377684,rowcol,0.4176417694375493,0.04720947829155877,0.31453023756283055,0.43416410184505894,0.4450440473253705,0.4818514163101971,0.28435732562303356,0.38956654748240965,1.1777548145335506
False,10.0,-1.8000000000000007,724840.9577377684,rowcol,0.4176417694478103,0.047209478292591985,0.3145302375817782,0.43416410186481186,0.4450440473758464,0.481851416328377,0.2843573256334122,0.38956654750402653,1.1777548146101466
False,-30.0,1.4999999999999987,724840.9577377684,rowcol,0.34086783988118025,0.034046425624663694,0.34419737852202714,0.34527856283774844,0.47070117533670586,0.3613842436741133,0.3157231978288431,0.33112798776001495,1.1778706984038299
False,90.0,1.4999999999999987,724840.9577377684,rowcol,0.34086783988118025,0.034046425624663694,0.34419737852202714,0.3452785628377484,0.47070117533670586,0.36138424367411326,0.31572319782884317,0.33112798776001495,1.1778706984038299
False,-90.0,-1.5000000000000009,724840.9577377684,rowcol,0.3408678398709777,0.034046425623805554,0.3441973785340446,0.34527856284764175,0.4707011753058444,0.36138424367875477,0.31572319785271924,0.33112798777474667,1.1778706984497755
False,30.0,-1.5000000000000009,724840.9577377684,rowcol,0.3408678398709777,0.034046425623805554,0.3441973785340446,0.34527856284764175,0.4707011753058444,0.36138424367875477,0.31572319785271924,0.33112798777474667,1.1778706984497755
True,-40.0,1.9499999999999984,724840.9577377684,rowcol,0.387599539335153,0.04096588367091691,0.33844665622253095,0.36492704205224663,0.16519663255164985,0.33524326365954155,0.36118012600742094,0.38813737208084315,1.1802670107198394
True,80.0,1.9499999999999984,724840.9577377684,rowcol,0.387599539335153,0.04096588367091691,0.33844665622253095,0.36492704205224663,0.1651966325516498,0.33524326365954155,0.36118012600742094,0.3881373720808432,1.1802670107198394
False,-10.0,-1.9500000000000006,724840.9577377684,rowcol,0.5859692774440971,0.05806237954909374,0.3099915615530172,0.45055128376834097,0.4568619454907248,0.47664865878916124,0.2748910258060915,0.42737176891887557,1.1805259684273925
False,-70.0,1.9499999999999984,724840.9577377684,rowcol,0.5859692774417952,0.05806237954922397,0.309991561573002,0.45055128380065,0.45686194553190557,0.4766486588386043,0.2748910258202606,0.42737176893520684,1.180525968519656
False,50.0,1.9499999999999984,724840.9577377684,rowcol,0.5859692774417952,0.05806237954922397,0.309991561573002,0.45055128380065,0.45686194553190557,0.4766486588386043,0.2748910258202606,0.42737176893520684,1.180525968519656
True,0.0,-1.9500000000000006,724840.9577377684,rowcol,0.4777536989838475,0.04870259599487152,0.3326295713940214,0.3889839228772095,0.5110971736856665,0.32765851028154225,0.28843595073985184,0.43389933063363356,1.1868726370592737
True,-50.0,2.2499999999999982,724840.9577377684,rowcol,0.4409990048891023,0.0481523806863564,0.3274226914244813,0.40484848807890744,0.21460714475025489,0.3056302638084608,0.34402303327241485,0.4724253381525429,1.1871165623523514
True,70.0,2.2499999999999982,724840.9577377684,rowcol,0.44099900488910226,0.0481523806863564,0.3274226914244813,0.40484848807890755,0.2146071447502547,0.30563026380846076,0.34402303327241485,0.47242533815254284,1.1871165623523516
True,10.0,2.399999999999998,724840.9577377684,rowcol,0.6329412397370123,0.061238620414107256,0.32256652262594615,0.4273718298897104,0.2395930584139161,0.32624202500222166,0.33548685004055123,0.49673017219069043,1.195071397767549
True,0.0,2.399999999999998,724840.9577377684,rowcol,0.5437073190998574,0.05521397328130995,0.3260854891254712,0.42289823727026543,0.2395796300485484,0.30234475448100673,0.3394867458027045,0.5023655133400221,1.201154704646679
True,-70.0,2.399999999999998,724840.9577377684,rowcol,0.632941241423091,0.061238602987377225,0.32255490754266497,0.43714026045519605,0.23959317612970646,0.3255559362961484,0.33547363128834085,0.5125075294684972,1.2048049830831908
True,50.0,2.399999999999998,724840.9577377684,rowcol,0.632941241423091,0.061238602987377225,0.3225549075426649,0.43714026045519605,0.23959317612970635,0.3255559362961484,0.33547363128834085,0.5125075294684971,1.2048049830831908
True,40.0,-1.6500000000000008,724840.9577377684,rowcol,0.34098304599778495,0.03732957598107882,0.34468675871722027,0.3727141361612585,0.4603014295352485,0.4148839526679286,0.31913096277518904,0.33314284481867273,1.2067744123129192
True,-80.0,-1.6500000000000008,724840.9577377684,rowcol,0.34098304599778495,0.03732957598107882,0.34468675871722027,0.3727141361612586,0.4603014295352485,0.41488395266792866,0.31913096277518904,0.33314284481867273,1.2067744123129194
True,20.0,-1.6500000000000008,724840.9577377684,rowcol,0.34098304591557166,0.03732957673204683,0.34465437417941436,0.3754866180153609,0.46030152433416405,0.41430207369883726,0.3190895835224699,0.3394242471753891,1.209449740553604
True,-60.0,2.399999999999998,724840.9577377684,rowcol,0.5437073224410361,0.05521394037978428,0.32615380867708404,0.43518908137689066,0.23957966270592732,0.30241708371537507,0.3395643251038964,0.5212969733752117,1.2136505074081427
True,60.0,2.399999999999998,724840.9577377684,rowcol,0.5437073224410361,0.05521394037978428,0.326153808677084,0.43518908137689066,0.23957966270592732,0.302417083715375,0.3395643251038964,0.5212969733752117,1.2136505074081427
True,-40.0,-1.9500000000000006,724840.9577377684,rowcol,0.6103052696635178,0.05938587640794352,0.3537626042359028,0.3654884948031993,0.5109301458618047,0.3429792592149187,0.31682173861953755,0.38339686512680227,1.2267763075109077
True,80.0,-1.9500000000000006,724840.9577377684,rowcol,0.6103052696635178,0.05938587640794352,0.3537626042359028,0.36548849480319934,0.5109301458618046,0.3429792592149187,0.31682173861953755,0.38339686512680227,1.2267763075109077
True,-90.0,2.0999999999999983,724840.9577377684,rowcol,0.676841891600872,0.06700911427126924,0.3339188917702383,0.4257534804198851,0.19003386301880815,0.4537243037706489,0.3538977585193662,0.400721751121279,1.2275101557306
True,30.0,2.0999999999999983,724840.9577377684,rowcol,0.676841891600872,0.06700911427126925,0.3339188917702383,0.4257534804198851,0.19003386301880812,0.4537243037706489,0.3538977585193662,0.400721751121279,1.2275101557306
True,-20.0,-1.9500000000000006,724840.9577377684,rowcol,0.6103052695542823,0.059385877530550156,0.3537253129146941,0.3688270590145717,0.510930246795189,0.342146988340619,0.3167724783120533,0.3898538096013424,1.2300029977586542
False,0.0,1.9499999999999984,724840.9577377684,rowcol,0.5075788477004236,0.05325922840928928,0.32471616843456885,0.4585718507339461,0.4940070212367191,0.5043878076952093,0.28315427172988294,0.4161545330448331,1.2327203560376527
False,-60.0,-1.9500000000000006,724840.9577377684,rowcol,0.5075788477113762,0.05325922840970857,0.32471616843800094,0.4585718507250895,0.49400702125354823,0.5043878076721307,0.2831542717291844,0.41615453305039035,1.2327203560390922
False,60.0,-1.9500000000000006,724840.9577377684,rowcol,0.5075788477113762,0.05325922840970857,0.32471616843800094,0.4585718507250895,0.49400702125354823,0.5043878076721308,0.28315427172918434,0.41615453305039035,1.2327203560390922
True,-70.0,-1.9500000000000006,724840.9577377684,rowcol,0.3814172406971708,0.04262840675362953,0.349635204444512,0.38432646353490624,0.5111236294773176,0.3631719725388326,0.3112998109143882,0.40125472527527456,1.2332320768684424
True,50.0,-1.9500000000000006,724840.9577377684,rowcol,0.38141724069717076,0.04262840675362953,0.349635204444512,0.38432646353490624,0.5111236294773174,0.3631719725388326,0.31129981091438824,0.40125472527527456,1.2332320768684424
True,70.0,-2.1000000000000005,724840.9577377684,rowcol,0.5668983540346666,0.05453368503662371,0.34995217041856114,0.3862739435600178,0.5365599550921868,0.31325863357334777,0.3038291512962284,0.43836335787868436,1.2361304548157013
True,-50.0,-2.1000000000000005,724840.9577377684,rowcol,0.5668983540346666,0.05453368503662371,0.3499521704185612,0.3862739435600178,0.536559955092187,0.31325863357334777,0.30382915129622845,0.43836335787868436,1.2361304548157015
True,10.0,-1.9500000000000006,724840.9577377684,rowcol,0.38141724179894115,0.04262839689554941,0.34962649296712506,0.3931522666434188,0.5111236743112106,0.36267139227072664,0.3112882296999593,0.4170654150313177,1.242031745544794
False,-30.0,-1.9500000000000006,724840.9577377684,rowcol,0.6660063806575715,0.06886914024350141,0.3109887633035012,0.5115095383042103,0.2063896994333443,0.6364566728971167,0.3264635350406757,0.3755191134656068,1.244475828214714
False,90.0,-1.9500000000000006,724840.9577377684,rowcol,0.6660063806575715,0.0688691402435014,0.3109887633035012,0.5115095383042102,0.20638969943334431,0.6364566728971167,0.3264635350406757,0.3755191134656068,1.244475828214714
False,-90.0,1.9499999999999984,724840.9577377684,rowcol,0.6660063806698922,0.06886914024419707,0.3109887633316443,0.5115095383036005,0.20638969939511784,0.6364566728688619,0.32646353507677667,0.3755191135043511,1.2444758282985333
False,30.0,1.9499999999999984,724840.9577377684,rowcol,0.6660063806698922,0.06886914024419707,0.3109887633316443,0.5115095383036005,0.20638969939511784,0.6364566728688619,0.32646353507677667,0.3755191135043511,1.2444758282985333
False,-60.0,1.9499999999999984,724840.9577377684,rowcol,0.507578850608359,0.05325920069565251,0.32519316080022626,0.4692179119353392,0.4955941471149167,0.5073428931071633,0.2832958865001476,0.4345736579648046,1.244797394336018
False,60.0,1.9499999999999984,724840.9577377684,rowcol,0.507578850608359,0.05325920069565251,0.32519316080022626,0.4692179119353392,0.4955941471149167,0.5073428931071633,0.28329588650014753,0.4345736579648046,1.244797394336018
False,0.0,-1.9500000000000006,724840.9577377684,rowcol,0.5075788506193116,0.0532592006960718,0.3251931608036534,0.4692179119266454,0.4955941471316919,0.507342893084142,0.2832958864994493,0.4345736579701262,1.2447973943376056
True,-10.0,-2.1000000000000005,724840.9577377684,rowcol,0.5668983556233145,0.05453366852202358,0.3499428022254317,0.39572325886164694,0.5365600010859389,0.3126334582075679,0.30381637920569804,0.45397709210235754,1.2455516655379422
False,-40.0,-2.1000000000000005,724840.9577377684,rowcol,0.6559755437224206,0.06611870932692594,0.32384062657224594,0.47963998004227765,0.2795075225202046,0.5505032227334661,0.33128295263201946,0.4106858605892204,1.2511618597590155
False,80.0,-2.1000000000000005,724840.9577377684,rowcol,0.6559755437224207,0.06611870932692594,0.32384062657224594,0.47963998004227765,0.27950752252020467,0.5505032227334661,0.3312829526320194,0.4106858605892205,1.2511618597590155
False,20.0,2.0999999999999983,724840.9577377684,rowcol,0.6559755437306917,0.06611870932759162,0.32384062660286206,0.47963998006493824,0.27950752257948697,0.5505032227473625,0.331282952658286,0.41068586062227763,1.2511618598735244
False,-20.0,-2.1000000000000005,724840.9577377684,rowcol,0.6559755436106787,0.06611871043553892,0.32399702143129194,0.4833357085898884,0.2808598495281935,0.5518033025908323,0.33125526506041547,0.4171445276052841,1.2553267728837643
False,-80.0,2.0999999999999983,724840.9577377684,rowcol,0.6559755436189496,0.06611871043620461,0.3239970214619633,0.48333570861405306,0.280859849587614,0.5518033026050572,0.3312552650866997,0.4171445276410052,1.2553267729999429
False,40.0,2.0999999999999983,724840.9577377684,rowcol,0.6559755436189496,0.06611871043620461,0.32399702146196335,0.48333570861405306,0.28085984958761395,0.5518033026050573,0.33125526508669967,0.4171445276410052,1.255326772999943
True,-30.0,1.9499999999999984,724840.9577377684,rowcol,0.3760381880243268,0.038444931610465714,0.36443748387126057,0.36229014286267425,0.16512089227017562,0.3020238303030969,0.38994121242676255,0.40610810861032537,1.255602594476456
True,90.0,1.9499999999999984,724840.9577377684,rowcol,0.3760381880243268,0.038444931610465714,0.3644374838712606,0.36229014286267425,0.16512089227017568,0.3020238303030969,0.38994121242676255,0.4061081086103254,1.2556025944764562
True,60.0,-2.1000000000000005,724840.9577377684,rowcol,0.4792598539637424,0.04886785527688918,0.35381758156015247,0.3969045306650246,0.5365878621760003,0.33294801632758364,0.3090678195809905,0.4436097473643689,1.258357275345482
True,-60.0,-2.1000000000000005,724840.9577377684,rowcol,0.47925985396374243,0.04886785527688918,0.3538175815601525,0.3969045306650247,0.5365878621760003,0.33294801632758364,0.3090678195809905,0.4436097473643689,1.2583572753454824
True,20.0,2.2499999999999982,724840.9577377684,rowcol,0.676451140047872,0.06650031208280031,0.33930415731470676,0.44068746277497034,0.21475216265433109,0.4448893654467354,0.3573599663616581,0.4371224398283677,1.2585999347190906
False,-10.0,1.9499999999999984,724840.9577377684,rowcol,0.41415957493421174,0.04737682291840031,0.33707912198956924,0.44961256735712696,0.47380649538030073,0.5014018361857814,0.3056354908359,0.4009124088118364,1.2608499333258347
False,-70.0,-1.9500000000000006,724840.9577377684,rowcol,0.41415957494573935,0.04737682291955694,0.3370791220101575,0.4496125673776288,0.47380649543509373,0.501401836205675,0.3056354908472623,0.40091240883324075,1.2608499334081011
False,50.0,-1.9500000000000006,724840.9577377684,rowcol,0.4141595749457393,0.04737682291955693,0.3370791220101575,0.4496125673776288,0.4738064954350937,0.501401836205675,0.3056354908472623,0.40091240883324075,1.2608499334081011
True,-10.0,2.399999999999998,724840.9577377684,rowcol,0.4405350674059013,0.0482970956230125,0.3491374132237901,0.4137146898521173,0.2395667095976331,0.30988017672975404,0.36558824841702486,0.484093845242439,1.2611269295234877
True,-80.0,2.2499999999999982,724840.9577377684,rowcol,0.6764511399293887,0.06650031328802954,0.33925929469888183,0.4438853063318221,0.21475243973516442,0.44414931290670473,0.3573095755552173,0.443663157959796,1.2616631904284676
True,40.0,2.2499999999999982,724840.9577377684,rowcol,0.6764511399293887,0.06650031328802954,0.33925929469888183,0.44388530633182205,0.21475243973516436,0.44414931290670473,0.3573095755552173,0.44366315795979594,1.2616631904284676
False,-20.0,1.7999999999999985,724840.9577377684,rowcol,0.3399985254130698,0.03700789261895748,0.3591591459176628,0.38543447077129717,0.4460476182557202,0.4168292444653175,0.34094353959639995,0.35690029861794864,1.2629119085242855
False,-80.0,-1.8000000000000007,724840.9577377684,rowcol,0.3399985254107787,0.037007892619272384,0.35915914593528164,0.385434470795316,0.44604761826702144,0.4168292444913682,0.3409435396156483,0.3569002986401152,1.2629119086011609
False,40.0,-1.8000000000000007,724840.9577377684,rowcol,0.3399985254107787,0.03700789261927238,0.35915914593528164,0.385434470795316,0.4460476182670214,0.4168292444913682,0.3409435396156483,0.3569002986401152,1.2629119086011609
False,-50.0,-2.1000000000000005,724840.9577377684,rowcol,0.5949607775550192,0.058973685697957884,0.3324790638364419,0.4656993682231131,0.4856884128980188,0.49517529749129785,0.29613094079837,0.4393823283312428,1.2631365597324387
False,70.0,-2.1000000000000005,724840.9577377684,rowcol,0.5949607775550192,0.058973685697957884,0.33247906383644193,0.4656993682231131,0.4856884128980188,0.49517529749129785,0.29613094079837,0.4393823283312429,1.2631365597324389
False,10.0,2.0999999999999983,724840.9577377684,rowcol,0.5949607775528162,0.058973685698137934,0.3324790638580748,0.4656993682573554,0.4856884129433387,0.4951752975451461,0.29613094081353664,0.43938232834702207,1.2631365598315798
False,-40.0,1.7999999999999985,724840.9577377684,rowcol,0.33999852532691666,0.03700789341046237,0.35928002555514427,0.38935321939469103,0.4467751342119761,0.4182627996859398,0.3409204804705921,0.3632638725422255,1.2671932960601238
False,80.0,1.7999999999999985,724840.9577377684,rowcol,0.33999852532691666,0.03700789341046237,0.35928002555514427,0.38935321939469103,0.4467751342119761,0.4182627996859398,0.3409204804705921,0.3632638725422255,1.2671932960601238
False,20.0,-1.8000000000000007,724840.9577377684,rowcol,0.33999852532462554,0.037007893410777266,0.35928002557281125,0.38935321942025847,0.4467751342234872,0.4182627997123213,0.34092048048985457,0.3632638725671297,1.2671932961386922
True,90.0,-1.9500000000000006,724840.9577377684,rowcol,0.6235727069524181,0.06097725980460561,0.36850766906094024,0.36318665918999216,0.5108511713270528,0.3513261699621228,0.3361278006503417,0.37286926813977517,1.2687096663728128
True,-30.0,-1.9500000000000006,724840.9577377684,rowcol,0.6235727069524181,0.06097725980460561,0.36850766906094024,0.3631866591899922,0.5108511713270526,0.3513261699621228,0.3361278006503417,0.3728692681397752,1.268709666372813
True,-20.0,2.0999999999999983,724840.9577377684,rowcol,0.3825175278496729,0.04048674566951281,0.3632291081068583,0.3792729407384026,0.18971832432453256,0.3441928347509784,0.3865535221036002,0.40643775833605,1.2689602650589775
True,0.0,-2.1000000000000005,724840.9577377684,rowcol,0.4792598572804097,0.048867822749453504,0.35387267714588966,0.40836441659731704,0.5365878749344657,0.33300548913210626,0.3091423820340037,0.4623273788468024,1.2699824480349862
False,-50.0,1.9499999999999984,724840.9577377684,rowcol,0.4141595759488791,0.047376814048361894,0.33742643191092175,0.45855172169778363,0.47526429592360686,0.5038526728600354,0.30567601161030405,0.4166585659204344,1.2708310174305488
False,70.0,1.9499999999999984,724840.9577377684,rowcol,0.4141595759488791,0.047376814048361894,0.33742643191092175,0.45855172169778363,0.47526429592360697,0.5038526728600354,0.30567601161030405,0.4166585659204344,1.2708310174305488
False,10.0,-1.9500000000000006,724840.9577377684,rowcol,0.4141595759604067,0.04737681404951852,0.33742643193155286,0.45855172171938646,0.47526429597843556,0.5038526728801317,0.30567601162169034,0.4166585659437664,1.2708310175140451
True,-50.0,2.399999999999998,724840.9577377684,rowcol,0.44053506845080587,0.048297086092063575,0.34912667546234727,0.4237986261506919,0.23956682732637075,0.3091577796371254,0.3655761105677919,0.5002708104243607,1.2711786525377338
True,70.0,2.399999999999998,724840.9577377684,rowcol,0.44053506845080587,0.048297086092063575,0.34912667546234727,0.423798626150692,0.23956682732637055,0.3091577796371254,0.3655761105677919,0.5002708104243607,1.2711786525377338
True,-90.0,-1.6500000000000008,724840.9577377684,rowcol,0.32910761095657914,0.0351703009315113,0.363835727805353,0.38040471474031545,0.46036899565090067,0.4079898742569742,0.34332749494263604,0.3555529712860805,1.2719118981563744
True,30.0,-1.6500000000000008,724840.9577377684,rowcol,0.32910761095657914,0.0351703009315113,0.363835727805353,0.38040471474031545,0.4603689956509006,0.4079898742569742,0.34332749494263604,0.3555529712860805,1.2719118981563744
True,-40.0,2.0999999999999983,724840.9577377684,rowcol,0.3825175277682016,0.040486746439251445,0.3631899952569568,0.3827376006223457,0.18971861705739101,0.3432996279016183,0.38651004375495607,0.41299938285239796,1.2723075863932158
True,80.0,2.0999999999999983,724840.9577377684,rowcol,0.3825175277682016,0.040486746439251445,0.3631899952569568,0.3827376006223457,0.189718617057391,0.3432996279016182,0.38651004375495596,0.41299938285239796,1.2723075863932158
False,-10.0,-2.1000000000000005,724840.9577377684,rowcol,0.5949607790687355,0.05897367042670644,0.33285824908886724,0.4749657110480869,0.48721988641340097,0.49779044253537724,0.2961759855614039,0.4548846256227642,1.2735404583146885
False,-70.0,2.0999999999999983,724840.9577377684,rowcol,0.5949607790665324,0.05897367042688649,0.3328582491105452,0.4749657110832674,0.4872198864587927,0.49779044258936483,0.29617598557659675,0.45488462564070486,1.273540458414903
False,50.0,2.0999999999999983,724840.9577377684,rowcol,0.5949607790665324,0.05897367042688649,0.3328582491105452,0.4749657110832674,0.48721988645879266,0.49779044258936483,0.29617598557659675,0.45488462564070486,1.273540458414903
True,10.0,2.549999999999998,724840.9577377684,rowcol,0.6429455958277642,0.06210871631331154,0.34442986216749305,0.447797633733414,0.2646813846871414,0.3338348177377531,0.3570521557004349,0.5248195612812442,1.2810872202358932
False,-30.0,1.6499999999999986,724840.9577377684,rowcol,0.3267878860430555,0.03258234044231563,0.3714163342335535,0.3704711975778609,0.4997093263008197,0.3874586539305223,0.34289758825008504,0.35555719079661247,1.2847202002785214
False,90.0,1.6499999999999986,724840.9577377684,rowcol,0.3267878860430555,0.03258234044231563,0.3714163342335535,0.3704711975778609,0.4997093263008197,0.38745865393052226,0.34289758825008504,0.35555719079661247,1.2847202002785214
False,-90.0,-1.6500000000000008,724840.9577377684,rowcol,0.326787886031764,0.03258234044134047,0.3714163342472035,0.37047119758841346,0.49970932626687153,0.387458653933784,0.3428975882765832,0.35555719081386544,1.2847202003300238
False,30.0,-1.6500000000000008,724840.9577377684,rowcol,0.32678788603176406,0.03258234044134047,0.3714163342472035,0.37047119758841346,0.49970932626687153,0.387458653933784,0.3428975882765832,0.3555571908138655,1.2847202003300238
True,0.0,2.549999999999998,724840.9577377684,rowcol,0.5492769831917567,0.055779646072381346,0.34730087449410946,0.4429388779058047,0.2646657164203295,0.30634141451932734,0.36032724104394154,0.5312908297543342,1.2848415013881331
True,-70.0,2.549999999999998,724840.9577377684,rowcol,0.6429455976226875,0.062108697732372715,0.3444183047500722,0.457706716409011,0.2646814979048886,0.33312241723256547,0.35703895933624263,0.5406975483978882,1.2909616306592275
True,50.0,2.549999999999998,724840.9577377684,rowcol,0.6429455976226877,0.062108697732372715,0.3444183047500722,0.457706716409011,0.2646814979048885,0.33312241723256547,0.35703895933624263,0.5406975483978881,1.2909616306592275
True,-60.0,2.549999999999998,724840.9577377684,rowcol,0.5492769867057622,0.05577961146902482,0.3473690302319227,0.45541259382594795,0.2646657478299341,0.3064172613985381,0.36040490211027293,0.5503277072153185,1.297519684521716
True,60.0,2.549999999999998,724840.9577377684,rowcol,0.5492769867057622,0.05577961146902482,0.34736903023192267,0.45541259382594795,0.2646657478299341,0.30641726139853803,0.3604049021102729,0.5503277072153185,1.297519684521716
True,-80.0,-1.8000000000000007,724840.9577377684,rowcol,0.32829377341439053,0.036355318673302044,0.3697623876791896,0.39403777915869714,0.48577720728283647,0.43365250631515934,0.3444301185703714,0.35733849244089644,1.3033249421962658
True,40.0,-1.8000000000000007,724840.9577377684,rowcol,0.3282937734143905,0.036355318673302044,0.3697623876791896,0.39403777915869714,0.4857772072828364,0.43365250631515934,0.3444301185703714,0.3573384924408964,1.3033249421962658
True,20.0,-1.8000000000000007,724840.9577377684,rowcol,0.3282937733251658,0.03635531947901436,0.36972945501289134,0.396898882224327,0.48577730527630286,0.4330452031459749,0.3443882934632384,0.3637300113171513,1.306087247263001
True,-70.0,-2.1000000000000005,724840.9577377684,rowcol,0.37503064666409974,0.04232251835935148,0.37159448757930913,0.4038794472862171,0.5366161305712513,0.37237677593449864,0.33281159631369883,0.42858404869467026,1.3186629100241445
True,50.0,-2.1000000000000005,724840.9577377684,rowcol,0.37503064666409974,0.04232251835935148,0.37159448757930913,0.4038794472862171,0.5366161305712512,0.37237677593449864,0.33281159631369883,0.42858404869467015,1.3186629100241445
True,80.0,-2.1000000000000005,724840.9577377684,rowcol,0.6210105435532518,0.06024820327309952,0.37858201216741877,0.38331411455951026,0.5364087569677294,0.3514327179989028,0.3420547875541551,0.40820299298259316,1.3190601510617666
True,-40.0,-2.1000000000000005,724840.9577377684,rowcol,0.6210105435532518,0.06024820327309952,0.3785820121674188,0.38331411455951026,0.5364087569677294,0.3514327179989028,0.3420547875541551,0.40820299298259305,1.3190601510617668
True,-50.0,-2.2500000000000004,724840.9577377684,rowcol,0.5742090666908353,0.05507332084554953,0.3717563910548501,0.40484207592215143,0.562059844698493,0.31721481694127573,0.3252850402199952,0.4659485825038407,1.3201112490867017
True,70.0,-2.2500000000000004,724840.9577377684,rowcol,0.5742090666908352,0.05507332084554953,0.3717563910548501,0.40484207592215143,0.5620598446984928,0.31721481694127573,0.3252850402199952,0.46594858250384075,1.3201112490867017
True,-20.0,-2.1000000000000005,724840.9577377684,rowcol,0.6210105434352183,0.06024820448973431,0.3785444852223303,0.38674261829989587,0.5364088605022526,0.35055795855118105,0.34200565167762864,0.4147367681005254,1.3223760739668868
False,0.0,2.0999999999999983,724840.9577377684,rowcol,0.5115431681577803,0.053894069532806746,0.3477361092818139,0.4842827137852976,0.5270275550567554,0.527785206590651,0.3038622192936335,0.44441320946466767,1.3274910416307393
False,-60.0,-2.1000000000000005,724840.9577377684,rowcol,0.5115431681694841,0.05389406953325265,0.3477361092852654,0.48428271377553117,0.5270275550737435,0.5277852065654226,0.3038622192929324,0.44441320947027196,1.3274910416313273
False,60.0,-2.1000000000000005,724840.9577377684,rowcol,0.511543168169484,0.053894069533252646,0.3477361092852653,0.48428271377553117,0.5270275550737435,0.5277852065654227,0.30386221929293233,0.44441320947027196,1.3274910416313273
True,10.0,-2.1000000000000005,724840.9577377684,rowcol,0.3750306478265801,0.042322508058314785,0.37158566022493433,0.4129265460199507,0.5366161765601882,0.3718510063694457,0.33279993017485193,0.44454219671593764,1.3276835266947538
True,-10.0,-2.2500000000000004,724840.9577377684,rowcol,0.5742090684022502,0.055073303001879355,0.3717469426045428,0.4145048125786397,0.5620598917417909,0.31655331038930085,0.32527225872818427,0.48170117143358676,1.329745640392268
True,-90.0,2.2499999999999982,724840.9577377684,rowcol,0.6907613610708779,0.0683035471526536,0.36056707223855516,0.44882728867252975,0.21484483997247017,0.47438935810562544,0.38117284062864654,0.4261445154331763,1.3305285053881952
True,30.0,2.2499999999999982,724840.9577377684,rowcol,0.6907613610708779,0.0683035471526536,0.36056707223855516,0.44882728867252975,0.21484483997247014,0.47438935810562544,0.38117284062864654,0.42614451543317633,1.3305285053881952
False,-60.0,2.0999999999999983,724840.9577377684,rowcol,0.5115431712651338,0.05389404003891365,0.3482158092021163,0.4951213718986612,0.5286298160910331,0.5307819807640153,0.3040043365086725,0.46300985811327666,1.33976879950501
False,60.0,2.0999999999999983,724840.9577377684,rowcol,0.5115431712651338,0.05389404003891365,0.3482158092021163,0.4951213718986612,0.5286298160910331,0.5307819807640154,0.3040043365086724,0.46300985811327666,1.33976879950501
False,0.0,-2.1000000000000005,724840.9577377684,rowcol,0.5115431712768376,0.05389404003935955,0.34821580920556316,0.49512137188905736,0.5286298161079698,0.5307819807388248,0.30400433650797176,0.4630098581186557,1.3397687995057468
True,60.0,-2.2500000000000004,724840.9577377684,rowcol,0.4810222312391241,0.04905934155567131,0.3751397813409567,0.4164379247725765,0.5620895110183587,0.33850117637428995,0.3298362403227051,0.47212526275960626,1.3418572687954466
True,-60.0,-2.2500000000000004,724840.9577377684,rowcol,0.48102223123912413,0.04905934155567131,0.37513978134095677,0.4164379247725765,0.5620895110183587,0.33850117637428995,0.3298362403227051,0.47212526275960626,1.3418572687954469
True,-10.0,2.549999999999998,724840.9577377684,rowcol,0.4403709961403881,0.04846651465594756,0.37093829996993394,0.43283720932843583,0.2646505879942344,0.31365232244256513,0.3871809771655891,0.5120264766574554,1.3456521092382376
False,-40.0,-2.2500000000000004,724840.9577377684,rowcol,0.6685717603842486,0.06741383278710007,0.3485748715084833,0.5053052840287211,0.3019104009805686,0.5770972347904582,0.3564231018579869,0.43586924207543987,1.351029898554171
False,80.0,-2.2500000000000004,724840.9577377684,rowcol,0.6685717603842486,0.06741383278710007,0.3485748715084833,0.5053052840287211,0.30191040098056865,0.5770972347904582,0.3564231018579869,0.43586924207544,1.351029898554171
False,20.0,2.2499999999999982,724840.9577377684,rowcol,0.6685717603932217,0.06741383278783665,0.34857487154100625,0.5053052840532232,0.30191040104245287,0.5770972348054024,0.3564231018860365,0.43586924211109335,1.351029898676242
True,-30.0,2.0999999999999983,724840.9577377684,rowcol,0.37030288168052605,0.03772569845405455,0.39086902114032124,0.37983425890033423,0.18963605190231916,0.3072779535941795,0.41721911832395037,0.4315101698537664,1.3524413223212979
True,90.0,2.0999999999999983,724840.9577377684,rowcol,0.37030288168052605,0.03772569845405455,0.39086902114032124,0.37983425890033423,0.18963605190231925,0.3072779535941795,0.4172191183239503,0.4315101698537664,1.3524413223212979
True,0.0,-2.2500000000000004,724840.9577377684,rowcol,0.48102223477967654,0.049059306840874846,0.3751954573250959,0.4281448342100999,0.5620895240679536,0.3385617439920882,0.32991109896235626,0.4909892820638257,1.3537312061853877
False,-10.0,2.0999999999999983,724840.9577377684,rowcol,0.41100931149938813,0.04758835815784768,0.3600978402606621,0.47411828179910187,0.5043471362445358,0.5235445550858768,0.32701852078335825,0.42815688385935163,1.354411802581088
False,-70.0,-2.1000000000000005,724840.9577377684,rowcol,0.41100931151224285,0.047588358159140455,0.3600978402829277,0.47411828182146437,0.5043471363036476,0.5235445551077558,0.3270185207957275,0.42815688388244105,1.3544118026702474
False,50.0,-2.1000000000000005,724840.9577377684,rowcol,0.4110093115122428,0.047588358159140455,0.3600978402829277,0.47411828182146437,0.5043471363036476,0.5235445551077558,0.3270185207957276,0.42815688388244105,1.3544118026702474
False,-30.0,-2.1000000000000005,724840.9577377684,rowcol,0.6801699847310118,0.07040627115153467,0.338083250276719,0.5404242671039738,0.23491388222599013,0.6696793495564456,0.35366060494289814,0.4006463567908559,1.3546740179341308
False,90.0,-2.1000000000000005,724840.9577377684,rowcol,0.6801699847310118,0.07040627115153467,0.338083250276719,0.5404242671039738,0.23491388222599016,0.6696793495564456,0.35366060494289814,0.4006463567908559,1.3546740179341308
False,30.0,2.0999999999999983,724840.9577377684,rowcol,0.6801699847442575,0.0704062711522741,0.33808325030655484,0.54042426710371,0.23491388218448517,0.6696793495264222,0.3536606049816441,0.40064635683240524,1.3546740180233745
False,-90.0,2.0999999999999983,724840.9577377684,rowcol,0.6801699847442575,0.0704062711522741,0.3380832503065549,0.54042426710371,0.2349138821844851,0.6696793495264222,0.3536606049816441,0.40064635683240524,1.3546740180233747
False,-20.0,-2.2500000000000004,724840.9577377684,rowcol,0.668571760264369,0.0674138339759973,0.3487305500620105,0.5090640787679392,0.303252071251638,0.5784254612361194,0.3563955290938467,0.4423918910329519,1.3552557289539706
False,-80.0,2.2499999999999982,724840.9577377684,rowcol,0.6685717602733422,0.06741383397673388,0.3487305500945886,0.5090640787939773,0.3032520713136688,0.5784254612514197,0.3563955291219138,0.44239189107128807,1.355255729077743
False,40.0,2.2499999999999982,724840.9577377684,rowcol,0.6685717602733422,0.0674138339767339,0.3487305500945886,0.5090640787939773,0.30325207131366877,0.5784254612514198,0.3563955291219138,0.442391891071288,1.355255729077743
True,-50.0,2.549999999999998,724840.9577377684,rowcol,0.4403709972052558,0.04846650498046459,0.37092756142510014,0.44308163682819246,0.2646507012251566,0.31289397357965293,0.3871687996995339,0.5282900987633982,1.3558643211034929
True,70.0,2.549999999999998,724840.9577377684,rowcol,0.4403709972052558,0.048466504980464585,0.37092756142510014,0.4430816368281925,0.2646507012251564,0.31289397357965293,0.38716879969953377,0.5282900987633982,1.3558643211034929
True,20.0,2.399999999999998,724840.9577377684,rowcol,0.6894553213970847,0.06770145960311601,0.36436116256076706,0.46350560105983835,0.23972879661185473,0.4645751303495396,0.3827305360780059,0.4626042239621442,1.3565890887421395
False,-50.0,-2.2500000000000004,724840.9577377684,rowcol,0.6040642805868149,0.05990763181528598,0.35547569061675155,0.49033478885367293,0.51634785441212,0.5167273199933938,0.31748700148301506,0.46698566809396935,1.3567618607039276
False,70.0,-2.2500000000000004,724840.9577377684,rowcol,0.6040642805868149,0.05990763181528598,0.35547569061675155,0.490334788853673,0.51634785441212,0.5167273199933938,0.31748700148301506,0.4669856680939694,1.3567618607039278
False,10.0,2.2499999999999982,724840.9577377684,rowcol,0.6040642805847418,0.059907631815520085,0.35547569064007,0.49033478889074855,0.5163478544616423,0.5167273200517266,0.3174870014992019,0.46698566811135517,1.3567618608109586
False,-20.0,1.9499999999999984,724840.9577377684,rowcol,0.32874794537495083,0.03619055728153131,0.38403385927491057,0.4065255955999671,0.4703984203910985,0.4344796730703997,0.3661026866170558,0.3814338672055424,1.3586271734246989
False,40.0,-1.9500000000000006,724840.9577377684,rowcol,0.3287479453728746,0.03619055728193025,0.38403385929437206,0.40652559562634205,0.47039842040442126,0.4344796730986076,0.3661026866380714,0.381433867230271,1.3586271735094582
False,-80.0,-1.9500000000000006,724840.9577377684,rowcol,0.3287479453728746,0.03619055728193025,0.38403385929437206,0.4065255956263421,0.47039842040442126,0.4344796730986075,0.36610268663807133,0.381433867230271,1.3586271735094584
True,-80.0,2.399999999999998,724840.9577377684,rowcol,0.689455321270592,0.06770146089128849,0.3643166001742897,0.4667491303289009,0.2397290613719873,0.4638192040566209,0.3826803491228305,0.4691990043448723,1.35969893085177
True,40.0,2.399999999999998,724840.9577377684,rowcol,0.6894553212705918,0.06770146089128849,0.3643166001742897,0.46674913032890086,0.2397290613719872,0.4638192040566209,0.3826803491228305,0.4691990043448723,1.35969893085177
True,-20.0,2.2499999999999982,724840.9577377684,rowcol,0.37782160896804884,0.040031550295471695,0.38809076297596085,0.39744593786525084,0.21449225240423528,0.35270247939534466,0.41192494042322425,0.431497905306564,1.3617182267931334
False,-40.0,1.9499999999999984,724840.9577377684,rowcol,0.32874794528267476,0.03619055811974885,0.3841563312018275,0.41052926100852727,0.4711457792143672,0.43592441733620757,0.36607942267626564,0.38788724179615347,1.3629982546140098
False,80.0,1.9499999999999984,724840.9577377684,rowcol,0.32874794528267476,0.03619055811974885,0.3841563312018275,0.4105292610085273,0.4711457792143672,0.43592441733620757,0.36607942267626564,0.3878872417961535,1.3629982546140098
False,20.0,-1.9500000000000006,724840.9577377684,rowcol,0.32874794528059853,0.03619055812014778,0.3841563312213376,0.41052926103648163,0.47114577922790335,0.4359244173647525,0.3660794226972956,0.3878872418236422,1.3629982547004942
False,-50.0,2.0999999999999983,724840.9577377684,rowcol,0.411009312560108,0.04758834899666162,0.3604479672491974,0.4832281649792602,0.5058221200494849,0.5260278402933252,0.3270593050926781,0.44405204719079994,1.3645720667268524
False,70.0,2.0999999999999983,724840.9577377684,rowcol,0.411009312560108,0.04758834899666162,0.3604479672491974,0.4832281649792602,0.5058221200494849,0.5260278402933252,0.3270593050926781,0.44405204719079994,1.3645720667268524
False,10.0,-2.1000000000000005,724840.9577377684,rowcol,0.41100931257296264,0.047588348997954395,0.36044796727150574,0.48322816500272164,0.5058221201086305,0.5260278403153829,0.32705930510507164,0.44405204721582814,1.364572066817239
True,-40.0,2.2499999999999982,724840.9577377684,rowcol,0.3778216088839406,0.04003155108929273,0.38805154109569967,0.4009887263196474,0.21449252982082034,0.35176853702347033,0.4118812258487643,0.43812251547700376,1.3651433496067464
True,80.0,2.2499999999999982,724840.9577377684,rowcol,0.3778216088839406,0.04003155108929273,0.38805154109569967,0.4009887263196474,0.21449252982082032,0.35176853702347033,0.4118812258487643,0.43812251547700376,1.3651433496067464
True,-30.0,-2.1000000000000005,724840.9577377684,rowcol,0.6352921643076201,0.061933560222865565,0.39495733041410525,0.38075516666231235,0.5363236652579232,0.35931775103933533,0.363309763375525,0.3978906962732394,1.365627157904628
True,90.0,-2.1000000000000005,724840.9577377684,rowcol,0.6352921643076201,0.06193356022286556,0.39495733041410525,0.38075516666231235,0.5363236652579232,0.3593177510393354,0.363309763375525,0.3978906962732395,1.365627157904628
False,-10.0,-2.2500000000000004,724840.9577377684,rowcol,0.604064282213645,0.05990761541153043,0.355855691662016,0.49976379598300674,0.5178914147071597,0.5194051914257181,0.31753201781006324,0.4826271927484603,1.3673308709690548
False,50.0,2.2499999999999982,724840.9577377684,rowcol,0.6040642822115719,0.059907615411764537,0.3558556916853795,0.49976379602102,0.51789141475675,0.5194051914841871,0.3175320178262762,0.48262719276800836,1.3673308710771583
False,-70.0,2.2499999999999982,724840.9577377684,rowcol,0.6040642822115719,0.059907615411764537,0.3558556916853795,0.49976379602102006,0.5178914147567502,0.5194051914841871,0.3175320178262762,0.4826271927680084,1.3673308710771586
True,10.0,2.699999999999998,724840.9577377684,rowcol,0.6529991644600716,0.06298831587336315,0.3663723487713594,0.46853596391922,0.28986146271708124,0.3418323090120971,0.37865648301288274,0.5530604942033345,1.3676530102332982
True,0.0,2.699999999999998,724840.9577377684,rowcol,0.5550168694103148,0.05636297747825092,0.3686005538966384,0.4632928640359267,0.2898436522082489,0.3106068515147109,0.3812070262461114,0.5603701244105279,1.369094525725842
True,-90.0,-1.8000000000000007,724840.9577377684,rowcol,0.31522036923601265,0.03393879077992121,0.3905805844803313,0.4024462617998966,0.4858509933823184,0.4271796533556508,0.370585066287553,0.3804028668240097,1.3741880152408905
True,30.0,-1.8000000000000007,724840.9577377684,rowcol,0.3152203692360127,0.03393879077992121,0.3905805844803313,0.4024462617998966,0.48585099338231835,0.4271796533556508,0.370585066287553,0.3804028668240097,1.3741880152408905
True,-70.0,2.699999999999998,724840.9577377684,rowcol,0.6529991663639914,0.06298829613544529,0.366360844646301,0.4785670863362867,0.2898615721810078,0.34109564254350627,0.37864330787257283,0.5690248998967,1.3776496202751896
True,50.0,2.699999999999998,724840.9577377684,rowcol,0.6529991663639912,0.06298829613544529,0.3663608446463009,0.4785670863362867,0.28986157218100755,0.34109564254350627,0.37864330787257283,0.5690248998966999,1.3776496202751896
True,-60.0,2.699999999999998,724840.9577377684,rowcol,0.5550168730925475,0.05636294121859797,0.36866854912824487,0.4759256480931621,0.2898436825765119,0.3106860568382577,0.3812847521281205,0.5794967903023618,1.3819312954778968
True,60.0,2.699999999999998,724840.9577377684,rowcol,0.5550168730925475,0.05636294121859798,0.36866854912824487,0.4759256480931621,0.2898436825765119,0.3106860568382576,0.3812847521281205,0.5794967903023618,1.3819312954778968
False,-30.0,1.7999999999999985,724840.9577377684,rowcol,0.31271795087458604,0.03112738854318339,0.3987138156058692,0.39660962835640323,0.5287311478615309,0.4150559832784742,0.37012542851230784,0.3804046185814098,1.3927510751740109
False,90.0,1.7999999999999985,724840.9577377684,rowcol,0.31271795087458604,0.031127388543183386,0.3987138156058692,0.39660962835640323,0.5287311478615309,0.41505598327847415,0.37012542851230784,0.3804046185814097,1.3927510751740109
False,-90.0,-1.8000000000000007,724840.9577377684,rowcol,0.31271795086218684,0.031127388542082666,0.3987138156211628,0.39660962836757435,0.5287311478244969,0.4150559832802678,0.370125428541429,0.38040461860120595,1.3927510752310628
False,30.0,-1.8000000000000007,724840.9577377684,rowcol,0.31271795086218684,0.031127388542082666,0.3987138156211628,0.39660962836757435,0.5287311478244969,0.41505598328026777,0.370125428541429,0.38040461860120595,1.3927510752310628
True,-80.0,-1.9500000000000006,724840.9577377684,rowcol,0.3156382324598873,0.03540102483790793,0.39491260515438764,0.41592355282613336,0.5112677154386392,0.45302495629302764,0.36977931253265883,0.38194183512652446,1.4006613682892963
True,40.0,-1.9500000000000006,724840.9577377684,rowcol,0.3156382324598873,0.03540102483790793,0.3949126051543877,0.41592355282613336,0.5112677154386391,0.4530249562930275,0.36977931253265883,0.38194183512652446,1.4006613682892963
True,20.0,-1.9500000000000006,724840.9577377684,rowcol,0.3156382323637787,0.03540102569481983,0.3948792002996386,0.41886027648344315,0.511267816305381,0.45239518167543025,0.3697371083088546,0.3884228964411376,1.4034978773823588
True,-70.0,-2.2500000000000004,724840.9577377684,rowcol,0.3688919946746249,0.04204665665748085,0.3936167549631036,0.4238603216280036,0.5621195682212757,0.38187283245485193,0.354371584533899,0.4561894845485523,1.4047105865173144
True,50.0,-2.2500000000000004,724840.9577377684,rowcol,0.3688919946746249,0.042046656657480856,0.39361675496310355,0.4238603216280036,0.5621195682212755,0.38187283245485193,0.354371584533899,0.4561894845485523,1.4047105865173144
True,-50.0,-2.4000000000000004,724840.9577377684,rowcol,0.5816552287700363,0.05562962659461942,0.39364083965619184,0.4237920923521411,0.587569266863777,0.3213641860937717,0.3467972076753839,0.49374901579516445,1.4047146113207165
True,70.0,-2.4000000000000004,724840.9577377684,rowcol,0.5816552287700363,0.05562962659461942,0.3936408396561918,0.4237920923521411,0.5875692668637766,0.32136418609377165,0.3467972076753839,0.49374901579516456,1.4047146113207165
True,-40.0,-2.2500000000000004,724840.9577377684,rowcol,0.6318060787632783,0.061117797012123797,0.40350575220578727,0.4015783159032984,0.5618983543239529,0.36027075754567256,0.3673474392152896,0.4332795731068242,1.41209557252066
True,80.0,-2.2500000000000004,724840.9577377684,rowcol,0.6318060787632783,0.061117797012123797,0.40350575220578727,0.4015783159032984,0.5618983543239529,0.36027075754567256,0.3673474392152896,0.4332795731068243,1.41209557252066
True,10.0,-2.2500000000000004,724840.9577377684,rowcol,0.368891995892669,0.042046645971095226,0.3936078260691861,0.433099467747973,0.5621196152595753,0.3813235088457648,0.3543598453496102,0.47226856693302377,1.4139229459555314
True,-10.0,-2.4000000000000004,724840.9577377684,rowcol,0.5816552306047807,0.055629607410795937,0.393631321805167,0.433641169477972,0.5875693148647423,0.3206676611131939,0.3467844200524079,0.5096186754752848,1.4145351348934732
True,-20.0,-2.2500000000000004,724840.9577377684,rowcol,0.6318060786364227,0.06111779832349501,0.4034680283884884,0.4050850146975138,0.5618984602216488,0.3593564851377278,0.36729841862369983,0.43987743610934793,1.415489099862979
False,-60.0,-2.2500000000000004,724840.9577377684,rowcol,0.5157672030846241,0.05456512242565842,0.3708743038657008,0.5103436248279072,0.5603347576111453,0.5515327496476571,0.32463644450940055,0.4729351116426492,1.4229665364250095
False,60.0,-2.2500000000000004,724840.9577377684,rowcol,0.5157672030846241,0.05456512242565842,0.3708743038657008,0.5103436248279072,0.5603347576111453,0.5515327496476572,0.32463644450940055,0.4729351116426492,1.4229665364250095
False,0.0,2.2499999999999982,724840.9577377684,rowcol,0.5157672030721872,0.05456512242518345,0.3708743038622335,0.5103436248384053,0.5603347575940255,0.5515327496746754,0.3246364445101036,0.47293511163700674,1.4229665364251058
True,60.0,-2.4000000000000004,724840.9577377684,rowcol,0.48303802326058026,0.049276779036294814,0.39652887633861755,0.43635006788971553,0.5876006823703902,0.3442536180023974,0.3506559281094832,0.5008600735516179,1.4259366969055682
True,-60.0,-2.4000000000000004,724840.9577377684,rowcol,0.48303802326058026,0.049276779036294814,0.39652887633861755,0.43635006788971564,0.5876006823703902,0.3442536180023974,0.3506559281094832,0.5008600735516179,1.4259366969055685
True,-10.0,2.699999999999998,724840.9577377684,rowcol,0.4405071251371446,0.04866038898578131,0.3928199525487343,0.4522713092023654,0.289826413272374,0.31762441067233066,0.4088070357095732,0.5401201088839422,1.4307311668485683
True,30.0,2.399999999999998,724840.9577377684,rowcol,0.70468119318553,0.06959878566532741,0.3873025038370096,0.4722982719657529,0.2398280064007562,0.49555914723912087,0.4084867295377784,0.4518100086703272,1.4342057834767816
True,-90.0,2.399999999999998,724840.9577377684,rowcol,0.7046811931855301,0.06959878566532741,0.3873025038370096,0.47229827196575297,0.23982800640075627,0.495559147239121,0.4084867295377784,0.45181000867032733,1.4342057834767818
False,-60.0,2.2499999999999982,724840.9577377684,rowcol,0.515767206374228,0.054565091213213866,0.37135622202481533,0.5213662197080132,0.5619495495925291,0.5546024316333574,0.32477897099287295,0.4916787639533969,1.4354348857824593
False,60.0,2.2499999999999982,724840.9577377684,rowcol,0.515767206374228,0.05456509121321387,0.37135622202481533,0.5213662197080132,0.5619495495925291,0.5546024316333574,0.32477897099287295,0.4916787639533969,1.4354348857824593
False,0.0,-2.2500000000000004,724840.9577377684,rowcol,0.5157672063866651,0.05456509121368885,0.371356222028278,0.5213662196977631,0.5619495496095995,0.5546024316065424,0.32477897099217024,0.49167876395882415,1.4354348857825971
True,0.0,-2.4000000000000004,724840.9577377684,rowcol,0.4830380270214092,0.0492767421705716,0.3965850608214293,0.448272237831793,0.5876006956856286,0.34431714373303063,0.35073103687281165,0.5198463607017982,1.438027420296081
True,-50.0,2.699999999999998,724840.9577377684,rowcol,0.4405071262158696,0.04866037922042308,0.39280921549244724,0.4626559006445137,0.28982652274953835,0.31683146329326395,0.4087948237816411,0.5564569472968484,1.4410835471218553
True,70.0,2.699999999999998,724840.9577377684,rowcol,0.4405071262158697,0.04866037922042308,0.39280921549244724,0.4626559006445137,0.2898265227495382,0.31683146329326395,0.4087948237816411,0.5564569472968485,1.4410835471218553
False,-10.0,2.2499999999999982,724840.9577377684,rowcol,0.4081986632305466,0.04784488021517976,0.38321976487238363,0.4989679789156523,0.5351704325195332,0.5459951048229056,0.34845430427659746,0.4556769312201081,1.4486272735328032
False,50.0,-2.2500000000000004,724840.9577377684,rowcol,0.4081986632447867,0.04784488021661808,0.38321976489632137,0.4989679789400453,0.5351704325829325,0.5459951048471333,0.34845430428997337,0.45567693124486813,1.4486272736290093
False,-70.0,-2.2500000000000004,724840.9577377684,rowcol,0.4081986632447868,0.04784488021661808,0.3832197648963214,0.49896797894004535,0.5351704325829325,0.5459951048471333,0.3484543042899734,0.45567693124486813,1.4486272736290096
True,-30.0,2.2499999999999982,724840.9577377684,rowcol,0.36500905190454885,0.037023886192369924,0.41740844652739206,0.3978193963570889,0.2144033470263855,0.3129696397890444,0.44453240134591365,0.4571439394942859,1.4500447359392652
True,90.0,2.2499999999999982,724840.9577377684,rowcol,0.36500905190454885,0.037023886192369924,0.41740844652739206,0.3978193963570889,0.2144033470263856,0.3129696397890444,0.4445324013459136,0.457143939494286,1.4500447359392652
False,-50.0,-2.4000000000000004,724840.9577377684,rowcol,0.6132747974787555,0.06086519037281865,0.37857947498575945,0.5153666680885498,0.5472704069472257,0.5387979603339698,0.3389007047181346,0.4948029834009864,1.451105093045828
False,70.0,-2.4000000000000004,724840.9577377684,rowcol,0.6132747974787555,0.06086519037281865,0.37857947498575945,0.5153666680885499,0.5472704069472257,0.5387979603339699,0.3389007047181346,0.4948029834009864,1.4511050930458282
False,10.0,2.399999999999998,724840.9577377684,rowcol,0.6132747974768418,0.06086519037311129,0.3785794750107571,0.5153666681284161,0.5472704070009377,0.5387979603967069,0.3389007047353387,0.49480298341997747,1.4511050931606875
False,-40.0,-2.4000000000000004,724840.9577377684,rowcol,0.6811840877105186,0.06871465553086176,0.3734127478982735,0.5312304473911259,0.324786513515633,0.6039564142255072,0.38160920637663753,0.46127621399364627,1.4514686910859464
False,80.0,-2.4000000000000004,724840.9577377684,rowcol,0.6811840877105186,0.06871465553086176,0.3734127478982735,0.5312304473911259,0.32478651351563304,0.6039564142255072,0.38160920637663753,0.4612762139936464,1.4514686910859464
False,20.0,2.399999999999998,724840.9577377684,rowcol,0.6811840877202043,0.06871465553167082,0.37341274793269585,0.5312304474174341,0.324786513580048,0.6039564142414392,0.38160920640646717,0.46127621403188135,1.4514686912155217
True,0.0,2.849999999999998,724840.9577377684,rowcol,0.5609217521545419,0.056963425004736924,0.38997071549515655,0.48392065879105906,0.3150914200126524,0.3151301515829898,0.40211998114854275,0.5895806142045794,1.4538328052765286
True,10.0,2.849999999999998,724840.9577377684,rowcol,0.66309970723378,0.06387702649347886,0.3883805678629764,0.48954710407547386,0.3151112980295761,0.3502067742479851,0.40029351388975204,0.5814308892719665,1.4546888076644031
False,-20.0,2.0999999999999983,724840.9577377684,rowcol,0.3176329700115563,0.03540591711860634,0.4089861460472018,0.4279857419770642,0.4948755642864257,0.452419975450703,0.3913042079020353,0.4063008695383652,1.4549441801186695
False,-80.0,-2.1000000000000005,724840.9577377684,rowcol,0.31763297000978913,0.03540591711910168,0.40898614606851047,0.42798574200579564,0.4948755643018178,0.45241997548106466,0.39130420792481824,0.4063008695656505,1.454944180211327
False,40.0,-2.1000000000000005,724840.9577377684,rowcol,0.3176329700097891,0.03540591711910169,0.40898614606851047,0.42798574200579564,0.49487556430181784,0.45241997548106466,0.39130420792481824,0.40630086956565037,1.454944180211327
True,20.0,2.549999999999998,724840.9577377684,rowcol,0.7024631404258093,0.06890569764592419,0.3894961913244477,0.4866683991006635,0.264828988474145,0.4847523787768447,0.4081375738145213,0.48827393176216416,1.4551569730740066
True,-20.0,2.399999999999998,724840.9577377684,rowcol,0.3735263447555388,0.03960112241744134,0.4130492561211524,0.41601219507332626,0.23943992051739862,0.3615926587795818,0.4373304098907453,0.456786833431686,1.4551599634367836
False,-20.0,-2.4000000000000004,724840.9577377684,rowcol,0.6811840875824899,0.06871465680004019,0.37356776200903663,0.5350470811627994,0.32611705939178554,0.6053149170830605,0.38158173659627465,0.4678528008154367,1.4557503671899092
False,-80.0,2.399999999999998,724840.9577377684,rowcol,0.6811840875921756,0.06871465680084923,0.37356776204351405,0.5350470811906773,0.32611705945635466,0.6053149170993835,0.3815817366261218,0.4678528008563703,1.4557503673212195
False,40.0,2.399999999999998,724840.9577377684,rowcol,0.6811840875921754,0.06871465680084923,0.37356776204351405,0.5350470811906775,0.3261170594563546,0.6053149170993836,0.3815817366261218,0.4678528008563703,1.4557503673212198
True,-80.0,2.549999999999998,724840.9577377684,rowcol,0.702463140291298,0.06890569901720665,0.3894518993995299,0.48995104084957847,0.2648292431197841,0.48398265329117085,0.40808756982814093,0.494914677231753,1.458306739048168
True,40.0,2.549999999999998,724840.9577377684,rowcol,0.702463140291298,0.06890569901720665,0.3894518993995299,0.4899510408495784,0.26482924311978406,0.48398265329117085,0.408087569828141,0.494914677231753,1.458306739048168
True,-40.0,2.399999999999998,724840.9577377684,rowcol,0.37352634466939605,0.039601123229958256,0.41300994756084225,0.41962293685749674,0.23944018559695532,0.3606209272849126,0.4372864899266896,0.46346430779525033,1.4586527795400235
True,80.0,2.399999999999998,724840.9577377684,rowcol,0.37352634466939605,0.039601123229958256,0.41300994756084225,0.41962293685749674,0.23944018559695526,0.3606209272849125,0.4372864899266896,0.46346430779525044,1.4586527795400235
False,-50.0,2.2499999999999982,724840.9577377684,rowcol,0.40819866433130164,0.04784487082385572,0.3835722758062139,0.5082400608898927,0.5366598573719928,0.5485357501122087,0.34849531353613955,0.4716944721912342,1.4589568883085344
False,70.0,2.2499999999999982,724840.9577377684,rowcol,0.4081986643313017,0.04784487082385572,0.3835722758062139,0.5082400608898927,0.5366598573719928,0.5485357501122087,0.34849531353613955,0.4716944721912342,1.4589568883085344
False,10.0,-2.2500000000000004,724840.9577377684,rowcol,0.40819866434554175,0.047844870825294025,0.38357227583019443,0.5082400609154774,0.5366598574354243,0.5485357501367915,0.34849531354953983,0.4716944722179426,1.4589568884060606
False,-40.0,2.0999999999999983,724840.9577377684,rowcol,0.3176329699134424,0.0354059179988042,0.40910999310616264,0.4320563721802112,0.49564061986425706,0.45386128661636266,0.39128076802921796,0.41282806701030506,1.459386351498699
False,80.0,2.0999999999999983,724840.9577377684,rowcol,0.3176329699134424,0.0354059179988042,0.40910999310616264,0.4320563721802112,0.495640619864257,0.4538612866163627,0.39128076802921796,0.41282806701030506,1.459386351498699
False,20.0,-2.1000000000000005,724840.9577377684,rowcol,0.31763296991167517,0.035405917999299555,0.4091099931275202,0.432056372210562,0.4956406198798654,0.4538612866470954,0.3912807680520154,0.41282806704036773,1.4593863515931225
False,-10.0,-2.4000000000000004,724840.9577377684,rowcol,0.6132747992189032,0.060865172839169285,0.37896008515319185,0.5249630426687729,0.5488239575398085,0.541588791943214,0.3389456885734194,0.510562026129774,1.4618432981283485
False,-70.0,2.399999999999998,724840.9577377684,rowcol,0.6132747992169895,0.06086517283946191,0.37896008517823426,0.5249630427095748,0.5488239575935856,0.5415887920060788,0.33894568859064955,0.5105620261509273,1.4618432982442775
False,50.0,2.399999999999998,724840.9577377684,rowcol,0.6132747992169895,0.06086517283946191,0.3789600851782342,0.5249630427095748,0.5488239575935856,0.5415887920060788,0.3389456885906496,0.5105620261509272,1.4618432982442775
True,-30.0,-2.2500000000000004,724840.9577377684,rowcol,0.647099084892281,0.06289379793037383,0.4215115550579678,0.3987615023182984,0.561807145293811,0.367583082709558,0.3905453745253081,0.42320780375540523,1.4632961674922018
True,90.0,-2.2500000000000004,724840.9577377684,rowcol,0.647099084892281,0.06289379793037383,0.42151155505796783,0.3987615023182984,0.5618071452938111,0.367583082709558,0.39054537452530813,0.42320780375540523,1.4632961674922018
True,-70.0,2.849999999999998,724840.9577377684,rowcol,0.6630997092468234,0.06387700559631411,0.38836911296982607,0.4996845614448066,0.31511140431620466,0.3494477717135448,0.4002803587838355,0.5974700505789317,1.4647919003542849
True,50.0,2.849999999999998,724840.9577377684,rowcol,0.6630997092468235,0.06387700559631411,0.38836911296982607,0.4996845614448066,0.31511140431620455,0.3494477717135448,0.4002803587838355,0.5974700505789317,1.4647919003542849
False,-30.0,-2.2500000000000004,724840.9577377684,rowcol,0.6943346983385285,0.07194430592467986,0.36528196341969216,0.5696432532421538,0.2635711624800343,0.7031965513206732,0.3809063739150862,0.4260657086686085,1.4654891435012303
False,90.0,-2.2500000000000004,724840.9577377684,rowcol,0.6943346983385285,0.07194430592467986,0.36528196341969216,0.5696432532421538,0.26357116248003426,0.7031965513206733,0.3809063739150862,0.4260657086686085,1.4654891435012303
False,-90.0,2.2499999999999982,724840.9577377684,rowcol,0.6943346983526971,0.07194430592546211,0.36528196345121944,0.5696432532422493,0.26357116243530354,0.703196551288911,0.3809063739564732,0.4260657087129295,1.4654891435959077
False,30.0,2.2499999999999982,724840.9577377684,rowcol,0.6943346983526971,0.07194430592546211,0.36528196345121944,0.5696432532422493,0.26357116243530354,0.7031965512889111,0.3809063739564732,0.4260657087129295,1.4654891435959077
True,60.0,2.849999999999998,724840.9577377684,rowcol,0.5609217560004264,0.05696338713410282,0.390038555492587,0.49669237183846265,0.3150914494994946,0.3152125568804125,0.4021977587010217,0.6087843365065877,1.4668080383162234
True,-60.0,2.849999999999998,724840.9577377684,rowcol,0.5609217560004264,0.05696338713410282,0.3900385554925871,0.49669237183846265,0.3150914494994946,0.3152125568804125,0.4021977587010218,0.6087843365065877,1.4668080383162239
True,-90.0,-1.9500000000000006,724840.9577377684,rowcol,0.3013369494955355,0.03271385372945409,0.4173940317163837,0.4250388852257804,0.5113477237721626,0.4470606905809057,0.39788487877122564,0.4055942263818882,1.4772209803749314
True,30.0,-1.9500000000000006,724840.9577377684,rowcol,0.3013369494955355,0.03271385372945409,0.4173940317163837,0.4250388852257803,0.5113477237721625,0.4470606905809056,0.39788487877122564,0.4055942263818882,1.4772209803749314
True,-50.0,-2.5500000000000003,724840.9577377684,rowcol,0.5892317052432803,0.05620210727342457,0.4155928423902137,0.4430749967930417,0.6130870316925291,0.32569935762619595,0.36835579370894217,0.5217302566602218,1.4898535239636828
True,70.0,-2.5500000000000003,724840.9577377684,rowcol,0.5892317052432802,0.05620210727342457,0.41559284239021366,0.4430749967930417,0.6130870316925289,0.3256993576261959,0.36835579370894217,0.5217302566602219,1.4898535239636828
True,-70.0,-2.4000000000000004,724840.9577377684,rowcol,0.36301386322595935,0.04180141612118175,0.4156919964974302,0.44421135004001294,0.5876325184791084,0.391638956658943,0.375971483131255,0.48402379239786436,1.4912873395323034
True,50.0,-2.4000000000000004,724840.9577377684,rowcol,0.36301386322595935,0.04180141612118175,0.4156919964974302,0.44421135004001294,0.5876325184791082,0.391638956658943,0.375971483131255,0.48402379239786436,1.4912873395323034
True,-80.0,-2.1000000000000005,724840.9577377684,rowcol,0.3030206495292946,0.034468352646124904,0.42012401590222515,0.4382872556532058,0.5367708554264045,0.472927096447227,0.39516891527294495,0.4068789215153963,1.4986593033598812
True,40.0,-2.1000000000000005,724840.9577377684,rowcol,0.3030206495292946,0.034468352646124904,0.42012401590222515,0.4382872556532058,0.5367708554264043,0.472927096447227,0.3951689152729449,0.40687892151539623,1.4986593033598812
True,-10.0,-2.5500000000000003,724840.9577377684,rowcol,0.5892317072018274,0.05620208673970525,0.4155832640279933,0.4530873759554465,0.613087080570802,0.32496912297473185,0.3683430023123971,0.5376994770797107,1.4998371680394265
True,10.0,-2.4000000000000004,724840.9577377684,rowcol,0.3630138644940021,0.0418014051091824,0.4156829779517343,0.45361785065591403,0.5876325664749068,0.3910676171111807,0.3759596805046715,0.5002030231526663,1.5006667845111168
True,20.0,-2.1000000000000005,724840.9577377684,rowcol,0.3030206494264494,0.03446835355026479,0.42009020033376293,0.4412888235874689,0.5367709588910844,0.47227742437827513,0.3951263849336809,0.4134335443713081,1.5015594245887576
False,-30.0,1.9499999999999984,724840.9577377684,rowcol,0.2986594503266135,0.02968291300182313,0.4260747301119096,0.4235187754586455,0.5577645060813883,0.44389227727539626,0.3973957323101934,0.40559341465396637,1.5017429657943744
False,90.0,1.9499999999999984,724840.9577377684,rowcol,0.2986594503266135,0.029682913001823137,0.4260747301119096,0.4235187754586455,0.5577645060813883,0.44389227727539626,0.3973957323101934,0.40559341465396637,1.5017429657943744
False,-90.0,-1.9500000000000006,724840.9577377684,rowcol,0.29865945031308516,0.029682913000587202,0.42607473012885555,0.4235187754704026,0.5577645060412695,0.4438922772756653,0.3973957323419379,0.4055934146763197,1.5017429658569692
False,30.0,-1.9500000000000006,724840.9577377684,rowcol,0.29865945031308516,0.0296829130005872,0.4260747301288556,0.4235187754704025,0.5577645060412695,0.4438922772756653,0.3973957323419379,0.40559341467631965,1.5017429658569692
True,-40.0,-2.4000000000000004,724840.9577377684,rowcol,0.6426873268182849,0.06199435182881493,0.42851561994289983,0.4202239164815254,0.5873975077162575,0.369465780064844,0.392688176916297,0.4585822403496606,1.5057707763102248
True,80.0,-2.4000000000000004,724840.9577377684,rowcol,0.6426873268182849,0.06199435182881493,0.42851561994289983,0.4202239164815254,0.5873975077162575,0.369465780064844,0.392688176916297,0.4585822403496607,1.5057707763102248
True,-20.0,-2.4000000000000004,724840.9577377684,rowcol,0.6426873266825872,0.06199435323557466,0.4284777297771302,0.42379883014281255,0.5873976157702695,0.3685148096772595,0.3926392627438754,0.46523403660058377,1.509232019474203
True,-60.0,-2.5500000000000003,724840.9577377684,rowcol,0.4853040722361787,0.04951982587116403,0.41797459695363376,0.45659141049501956,0.6131201875737594,0.35019552092989453,0.37151826410671246,0.5297784976606675,1.5105152013559207
True,60.0,-2.5500000000000003,724840.9577377684,rowcol,0.48530407223617866,0.049519825871164026,0.41797459695363376,0.45659141049501956,0.6131201875737594,0.35019552092989453,0.3715182641067124,0.5297784976606675,1.5105152013559207
True,-10.0,2.849999999999998,724840.9577377684,rowcol,0.4409431763607017,0.048878427610506404,0.4147695884705328,0.47197850231193156,0.31507214516891463,0.32178903737395237,0.4304614006863703,0.5683508675714959,1.51628726772353
False,60.0,-2.4000000000000004,724840.9577377684,rowcol,0.5202446263774351,0.05527348436555056,0.39410992469880607,0.5367586607661152,0.5938803982185327,0.5756994964127168,0.3454649909451342,0.5016753458131267,1.5190884348625333
False,-60.0,-2.4000000000000004,724840.9577377684,rowcol,0.5202446263774352,0.05527348436555056,0.39410992469880607,0.5367586607661153,0.5938803982185327,0.5756994964127168,0.3454649909451342,0.5016753458131267,1.5190884348625335
False,0.0,2.399999999999998,724840.9577377684,rowcol,0.5202446263642831,0.055273484365043056,0.3941099246953257,0.5367586607772061,0.5938803982013031,0.5756994964412324,0.345464990945839,0.5016753458074529,1.5190884348631832
True,0.0,-2.5500000000000003,724840.9577377684,rowcol,0.4853040762134013,0.049519786893580664,0.4180312302190422,0.4687019278738415,0.6131202011323504,0.3502618716227015,0.3715935863166123,0.5488678312047574,1.5227956185309681
True,70.0,2.849999999999998,724840.9577377684,rowcol,0.4409431774471561,0.04887841780935786,0.41475885448348465,0.48248597082995215,0.315072251468751,0.3209628405289564,0.43044915853969357,0.5847500329141558,1.526762534280406
True,-50.0,2.849999999999998,724840.9577377684,rowcol,0.4409431774471561,0.04887841780935786,0.4147588544834847,0.4824859708299521,0.3150722514687513,0.32096284052895646,0.43044915853969357,0.5847500329141558,1.5267625342804063
False,0.0,-2.4000000000000004,724840.9577377684,rowcol,0.5202446298692989,0.05527345149944887,0.3945936814100837,0.5479668201499897,0.5955056676098444,0.5788885830813625,0.3456078550275607,0.5205419280332704,1.5317478643802407
False,-60.0,2.399999999999998,724840.9577377684,rowcol,0.5202446298561468,0.05527345149894137,0.3945936814066076,0.5479668201607998,0.5955056675926622,0.5788885831096091,0.3456078550282651,0.5205419280278024,1.5317478643806226
False,60.0,2.399999999999998,724840.9577377684,rowcol,0.520244629856147,0.05527345149894137,0.3945936814066076,0.5479668201607998,0.595505667592662,0.5788885831096091,0.3456078550282651,0.5205419280278023,1.5317478643806226
True,-90.0,2.549999999999998,724840.9577377684,rowcol,0.7186013668707559,0.07089478565296778,0.41410828773192193,0.4961100624092917,0.26493465471309285,0.5171716927845647,0.43583212916409375,0.47767910727225443,1.5384349256050573
True,30.0,2.549999999999998,724840.9577377684,rowcol,0.7186013668707559,0.07089478565296777,0.41410828773192193,0.4961100624092917,0.26493465471309274,0.5171716927845647,0.4358321291640938,0.47767910727225443,1.5384349256050573
True,0.0,2.999999999999998,724840.9577377684,rowcol,0.566986476377102,0.057580453194895326,0.4114003758591624,0.5047886963620879,0.3403934813841274,0.31990037658029075,0.4230611868002563,0.6189037233067712,1.538989823939575
True,10.0,2.999999999999998,724840.9577377684,rowcol,0.6732451099252321,0.06477447316146608,0.41044394574739984,0.510797390015019,0.3404153685310018,0.3589318281622722,0.42195821747406015,0.6099126807641382,1.5421292272572185
False,-10.0,2.399999999999998,724840.9577377684,rowcol,0.4057346880434301,0.04814835111738515,0.4064272817695852,0.5241707953234904,0.566230226215276,0.5688341588591576,0.3699336710265194,0.4834254905250482,1.5434526406322462
False,-70.0,-2.4000000000000004,724840.9577377684,rowcol,0.40573468805911145,0.04814835111897935,0.40642728179519066,0.5241707953500389,0.5662302262829357,0.5688341588860145,0.3699336710409016,0.48342549055146666,1.5434526407356108
False,50.0,-2.4000000000000004,724840.9577377684,rowcol,0.40573468805911145,0.048148351118979346,0.40642728179519066,0.5241707953500389,0.5662302262829356,0.5688341588860145,0.3699336710409016,0.48342549055146666,1.5434526407356108
False,-50.0,-2.5500000000000003,724840.9577377684,rowcol,0.6225875787823748,0.06184736460399166,0.40177193116576404,0.5407812130147138,0.5784138735507152,0.5614130588085966,0.3603617748061586,0.5228001195311855,1.546097006512006
False,70.0,-2.5500000000000003,724840.9577377684,rowcol,0.6225875787823748,0.06184736460399166,0.40177193116576404,0.5407812130147138,0.5784138735507152,0.5614130588085966,0.3603617748061586,0.5228001195311855,1.546097006512006
False,10.0,2.549999999999998,724840.9577377684,rowcol,0.6225875787806485,0.061847364604345596,0.401771931192435,0.5407812130573064,0.5784138736086047,0.5614130588756047,0.3603617748243776,0.52280011955178,1.5460970066346114
True,-30.0,2.399999999999998,724840.9577377684,rowcol,0.36017616554498266,0.036340504142778535,0.4440364154954735,0.41618838434789873,0.23934451773364632,0.3190754739319936,0.47187491838717543,0.48297252516726363,1.5482976308343193
True,90.0,2.399999999999998,724840.9577377684,rowcol,0.36017616554498266,0.036340504142778535,0.4440364154954735,0.41618838434789873,0.23934451773364637,0.3190754739319936,0.47187491838717543,0.48297252516726363,1.5482976308343193
True,-20.0,2.549999999999998,724840.9577377684,rowcol,0.36964570223649373,0.03919627798522072,0.43808803681569036,0.43492135191178094,0.2645121739586224,0.3708360058420773,0.4627643223805068,0.48226855396036,1.549185462358852
False,-20.0,2.2499999999999982,724840.9577377684,rowcol,0.30666834436145124,0.03465949945335829,0.43400262656254607,0.44984242118545625,0.5194611904807747,0.47078504540778104,0.4165404123411812,0.43144365537385043,1.5518503008730944
False,-80.0,-2.2500000000000004,724840.9577377684,rowcol,0.30666834436009704,0.034659499453963676,0.4340026265857053,0.44984242121653556,0.5194611904982761,0.4707850454402776,0.41654041236573147,0.4314436554036857,1.5518503009736515
False,40.0,-2.2500000000000004,724840.9577377684,rowcol,0.30666834436009704,0.03465949945396367,0.4340026265857054,0.4498424212165355,0.5194611904982761,0.47078504544027766,0.41654041236573147,0.4314436554036857,1.5518503009736515
True,60.0,2.999999999999998,724840.9577377684,rowcol,0.5669864803820991,0.05758041375824758,0.4114680669596643,0.5176822382544541,0.3403935101157402,0.3199858252909444,0.4231390057194969,0.6381740362502614,1.552086439133447
True,-60.0,2.999999999999998,724840.9577377684,rowcol,0.5669864803820991,0.05758041375824758,0.4114680669596643,0.5176822382544543,0.3403935101157402,0.3199858252909444,0.4231390057194969,0.6381740362502614,1.5520864391334472
True,-70.0,2.999999999999998,724840.9577377684,rowcol,0.6732451120475047,0.06477445110324144,0.410432536361299,0.5210278809349614,0.34041547209524825,0.35815229755377864,0.42194508123475444,0.6260169428637787,1.5523254900188583
True,50.0,2.999999999999998,724840.9577377684,rowcol,0.6732451120475047,0.06477445110324144,0.410432536361299,0.5210278809349614,0.34041547209524803,0.35815229755377864,0.42194508123475444,0.6260169428637786,1.5523254900188583
False,-40.0,-2.5500000000000003,724840.9577377684,rowcol,0.6938116471075423,0.07002038366915973,0.3983348706252775,0.5573833584100714,0.34804255856081867,0.6310549219985053,0.40683273130932257,0.4868717739965931,1.552387970285904
False,80.0,-2.5500000000000003,724840.9577377684,rowcol,0.6938116471075423,0.07002038366915973,0.39833487062527756,0.5573833584100715,0.3480425585608187,0.6310549219985054,0.4068327313093226,0.4868717739965932,1.552387970285904
False,20.0,2.549999999999998,724840.9577377684,rowcol,0.6938116471179501,0.07002038367004276,0.3983348706615938,0.5573833584381853,0.3480425586277151,0.6310549220154309,0.40683273134092995,0.4868717740373969,1.5523879704229668
True,-40.0,2.549999999999998,724840.9577377684,rowcol,0.36964570214894965,0.03919627881081693,0.4380486586751919,0.43859140715992523,0.2645124289092587,0.3698292622089039,0.46272022229488746,0.48899076507962913,1.5527373831855007
True,80.0,2.549999999999998,724840.9577377684,rowcol,0.36964570214894965,0.03919627881081692,0.4380486586751919,0.43859140715992523,0.26451242890925863,0.3698292622089039,0.46272022229488746,0.4889907650796292,1.5527373831855007
False,-50.0,2.399999999999998,724840.9577377684,rowcol,0.4057346891779574,0.0481483415569923,0.40678183092583575,0.533612404731568,0.5677318972272724,0.5714846041159501,0.36997487428313686,0.4995445165339649,1.5539578975090753
False,70.0,2.399999999999998,724840.9577377684,rowcol,0.40573468917795746,0.0481483415569923,0.40678183092583575,0.533612404731568,0.5677318972272724,0.5714846041159501,0.36997487428313686,0.4995445165339649,1.5539578975090753
False,10.0,-2.4000000000000004,724840.9577377684,rowcol,0.4057346891936388,0.04814834155858649,0.406781830951484,0.5336124047593416,0.567731897294963,0.5714846041432264,0.36997487429754333,0.49954451656234017,1.5539578976137935
True,20.0,2.699999999999998,724840.9577377684,rowcol,0.7154743987274903,0.07011286696568157,0.4146950566282341,0.5101289104286513,0.2900206596063884,0.5053622447899648,0.4335746686511374,0.5141034143381074,1.5542140803133535
False,-40.0,2.2499999999999982,724840.9577377684,rowcol,0.30666834425782824,0.03465950037021766,0.4341276721582417,0.4540022130841669,0.5202421137449988,0.4722895514717266,0.4165168197947587,0.4380321252877303,1.556385229558892
False,80.0,2.2499999999999982,724840.9577377684,rowcol,0.30666834425782824,0.03465950037021766,0.4341276721582418,0.45400221308416694,0.520242113744999,0.4722895514717266,0.41651681979475874,0.4380321252877303,1.5563852295588922
False,20.0,-2.2500000000000004,724840.9577377684,rowcol,0.30666834425647405,0.034659500370823035,0.43412767218145026,0.4540022131169095,0.5202421137627191,0.47228955150464563,0.4165168198193235,0.4380321253203573,1.5563852296612604
False,-20.0,-2.5500000000000003,724840.9577377684,rowcol,0.6938116469713537,0.07002038501861214,0.39848927048794214,0.5612522992091584,0.34936200165560344,0.6324433016659426,0.4068053542758298,0.4934942054861921,1.5567201106729849
False,-80.0,2.549999999999998,724840.9577377684,rowcol,0.6938116469817616,0.07002038501949516,0.3984892705243135,0.5612522992388512,0.3493620017226608,0.6324433016832505,0.4068053543074547,0.4934942055297079,1.5567201108117916
False,40.0,2.549999999999998,724840.9577377684,rowcol,0.6938116469817616,0.07002038501949516,0.3984892705243135,0.5612522992388512,0.3493620017226607,0.6324433016832505,0.4068053543074547,0.49349420552970785,1.5567201108117916
False,-10.0,-2.5500000000000003,724840.9577377684,rowcol,0.6225875806359904,0.06184734594453435,0.40215299643256935,0.550524274073945,0.5799757534100114,0.5643081335983361,0.3604067241703548,0.5386592138489827,1.556983263371653
False,50.0,2.549999999999998,724840.9577377684,rowcol,0.6225875806342642,0.061847345944888284,0.4021529964592851,0.5505242741174677,0.5799757534679634,0.5643081336654547,0.3604067241885999,0.5386592138717387,1.556983263495323
False,-70.0,2.549999999999998,724840.9577377684,rowcol,0.6225875806342642,0.06184734594488828,0.40215299645928515,0.5505242741174677,0.5799757534679635,0.5643081336654548,0.3604067241885999,0.5386592138717387,1.5569832634953231
True,-80.0,2.699999999999998,724840.9577377684,rowcol,0.7154743985849524,0.07011286842022443,0.41465100915062036,0.5134452068893968,0.2900209058111439,0.5045804951250406,0.4335248296393746,0.5207835384441708,1.557398234341258
True,40.0,2.699999999999998,724840.9577377684,rowcol,0.7154743985849524,0.07011286842022443,0.41465100915062036,0.5134452068893968,0.2900209058111439,0.5045804951250406,0.4335248296393745,0.5207835384441708,1.557398234341258
True,-30.0,-2.4000000000000004,724840.9577377684,rowcol,0.6589887675592566,0.06385779531083512,0.44815175638992644,0.41714897313416754,0.5873001813456962,0.37610411742912664,0.41782414311218957,0.44877055168437974,1.561604242303947
True,90.0,-2.4000000000000004,724840.9577377684,rowcol,0.6589887675592566,0.06385779531083512,0.4481517563899265,0.41714897313416754,0.5873001813456962,0.3761041174291267,0.41782414311218957,0.44877055168437974,1.561604242303947
True,70.0,-2.7,724840.9577377684,rowcol,0.5969335341519204,0.05679027372453001,0.4376022329608961,0.46264916747553075,0.6386121391131344,0.33021301375066997,0.38995309963305597,0.549864703254792,1.575455866358219
True,-50.0,-2.7,724840.9577377684,rowcol,0.5969335341519204,0.05679027372453001,0.43760223296089623,0.4626491674755307,0.6386121391131346,0.33021301375066997,0.389953099633056,0.5498647032547919,1.5754558663582192
False,90.0,-2.4000000000000004,724840.9577377684,rowcol,0.7085004549329591,0.07348318780810056,0.39256323942425536,0.5991219827752094,0.2923223989330223,0.7369680944085027,0.40819109043797486,0.45172785973248164,1.5768117010479754
False,-30.0,-2.4000000000000004,724840.9577377684,rowcol,0.7085004549329591,0.07348318780810056,0.39256323942425536,0.5991219827752096,0.2923223989330223,0.7369680944085027,0.40819109043797486,0.45172785973248164,1.5768117010479756
False,-90.0,2.399999999999998,724840.9577377684,rowcol,0.7085004549480484,0.07348318780892472,0.3925632394574734,0.599121982775675,0.292322398885101,0.7369680943750281,0.4081910904819998,0.4517278597795463,1.5768117011480953
False,30.0,2.399999999999998,724840.9577377684,rowcol,0.7085004549480484,0.07348318780892472,0.3925632394574734,0.599121982775675,0.292322398885101,0.7369680943750281,0.4081910904819998,0.4517278597795462,1.5768117011480953
True,-70.0,-2.5500000000000003,724840.9577377684,rowcol,0.3574091065081147,0.04158733847302552,0.43781219911319985,0.46488392282541774,0.613153793904711,0.4016554492009461,0.3976047877596799,0.5120496501113215,1.5783205201650172
True,50.0,-2.5500000000000003,724840.9577377684,rowcol,0.3574091065081147,0.04158733847302552,0.43781219911319985,0.46488392282541774,0.6131537939047109,0.401655449200946,0.39760478775967995,0.5120496501113214,1.5783205201650172
True,30.0,-2.1000000000000005,724840.9577377684,rowcol,0.2874579055088019,0.03149625670297379,0.4442636503767013,0.4480992389509832,0.5368570877484787,0.46754481278385346,0.42521879659995565,0.43106718913593,1.580890190081087
True,-90.0,-2.1000000000000005,724840.9577377684,rowcol,0.2874579055088019,0.03149625670297379,0.44426365037670135,0.4480992389509832,0.5368570877484788,0.46754481278385346,0.42521879659995565,0.43106718913593,1.5808901900810872
True,-10.0,-2.7,724840.9577377684,rowcol,0.5969335362346615,0.056790251832431804,0.4375926014434644,0.47280520175095364,0.6386121887980319,0.3294503670174093,0.38994030617828157,0.5659192683911033,1.5855830060813467
True,10.0,-2.5500000000000003,724840.9577377684,rowcol,0.3574091078201599,0.04158732719707059,0.43780310087131,0.4744368754832481,0.6131538427776618,0.40106353511841786,0.3975929295539738,0.5283125588468592,1.5878461780971782
True,-60.0,-2.7,724840.9577377684,rowcol,0.48781689063300504,0.04978810701595074,0.43946865340897595,0.4771200565479364,0.6386470275996428,0.35631740698657566,0.39241644635494444,0.5588520319836122,1.5955260167748642
True,60.0,-2.7,724840.9577377684,rowcol,0.487816890633005,0.04978810701595073,0.43946865340897595,0.4771200565479364,0.6386470275996428,0.35631740698657566,0.39241644635494444,0.5588520319836122,1.5955260167748642
True,-80.0,-2.2500000000000004,724840.9577377684,rowcol,0.29044597159354835,0.033559104867795564,0.4453862283750799,0.4610593469628765,0.5622849084508295,0.4932948193753255,0.42059160885710817,0.4320919719701778,1.5972180320881162
True,40.0,-2.2500000000000004,724840.9577377684,rowcol,0.29044597159354835,0.033559104867795564,0.4453862283750799,0.4610593469628765,0.5622849084508293,0.49329481937532554,0.42059160885710817,0.4320919719701778,1.5972180320881162
True,-40.0,-2.5500000000000003,724840.9577377684,rowcol,0.6536500071721215,0.06287757659782921,0.45359736920797966,0.4392023439811879,0.6129050244447157,0.37899180330090126,0.4180682567047637,0.48407554323410446,1.599994451605127
True,80.0,-2.5500000000000003,724840.9577377684,rowcol,0.6536500071721215,0.06287757659782921,0.45359736920797966,0.439202343981188,0.6129050244447157,0.37899180330090126,0.4180682567047638,0.48407554323410446,1.599994451605127
True,20.0,-2.2500000000000004,724840.9577377684,rowcol,0.2904459714841377,0.03355910581471851,0.4453520524996674,0.46411680268354605,0.5622850142757237,0.49262748958054936,0.4205487951534506,0.43870761165937655,1.6001729601825483
True,-10.0,2.999999999999998,724840.9577377684,rowcol,0.44167826150841566,0.049120308744745114,0.43677695862243066,0.4919259683430071,0.34037222891818303,0.3261388267761808,0.4521400050698578,0.5966992900478927,1.6022568442102991
True,-20.0,-2.5500000000000003,724840.9577377684,rowcol,0.6536500070275653,0.06287757810057756,0.45355933706853285,0.44283697982807796,0.6129051344741181,0.3780067815877728,0.41801944064025215,0.4907731011935031,1.6035149910336766
True,0.0,-2.7,724840.9577377684,rowcol,0.48781689482248947,0.04978806596795132,0.4395256853842731,0.489396049234759,0.6386470413819798,0.3563864534847816,0.3924919524217558,0.5780289329186566,1.6079731053875783
False,90.0,2.0999999999999983,724840.9577377684,rowcol,0.2846140788419887,0.02825052086184333,0.4534875962915936,0.45106072298276356,0.5868076885724557,0.47374134526562156,0.4247003198827744,0.4310637405824896,1.6115235118575442
False,-30.0,2.0999999999999983,724840.9577377684,rowcol,0.28461407884198864,0.028250520861843327,0.4534875962915936,0.4510607229827636,0.5868076885724557,0.47374134526562156,0.4247003198827744,0.4310637405824896,1.6115235118575444
False,-90.0,-2.1000000000000005,724840.9577377684,rowcol,0.284614078827307,0.028250520860461308,0.45348759631019875,0.4510607229950805,0.5868076885292528,0.4737413452643313,0.42470031991714274,0.4310637406074092,1.6115235119256768
False,30.0,-2.1000000000000005,724840.9577377684,rowcol,0.284614078827307,0.028250520860461304,0.45348759631019875,0.4510607229950805,0.5868076885292528,0.4737413452643312,0.42470031991714274,0.4310637406074092,1.6115235119256768
True,-50.0,2.999999999999998,724840.9577377684,rowcol,0.4416782625964762,0.0491202989611597,0.4367662287937944,0.5025415662748269,0.34037233249555554,0.32528071769790007,0.45212773623322366,0.6131518807326428,1.61284025265621
True,70.0,2.999999999999998,724840.9577377684,rowcol,0.44167826259647613,0.0491202989611597,0.4367662287937944,0.5025415662748269,0.34037233249555526,0.3252807176979,0.45212773623322366,0.6131518807326428,1.61284025265621
False,-60.0,-2.5500000000000003,724840.9577377684,rowcol,0.5249689546929954,0.05601985293690897,0.4174267027102426,0.563485417161575,0.6276262456352459,0.6002500136370654,0.36633859325585105,0.5305984348530379,1.6157655252923029
False,60.0,-2.5500000000000003,724840.9577377684,rowcol,0.5249689546929954,0.05601985293690897,0.4174267027102426,0.563485417161575,0.6276262456352458,0.6002500136370654,0.366338593255851,0.5305984348530379,1.6157655252923029
False,0.0,2.549999999999998,724840.9577377684,rowcol,0.5249689546791473,0.05601985293636591,0.4174267027067514,0.5634854171733025,0.6276262456179238,0.6002500136671566,0.3663385932565572,0.530598434847338,1.6157655252935568
False,0.0,-2.5500000000000003,724840.9577377684,rowcol,0.5249689583697126,0.05601981848192786,0.41791199921709105,0.5748503316473278,0.6292603547224236,0.6035353104056529,0.36648173895803793,0.5495687440644799,1.628586329298601
False,-60.0,2.549999999999998,724840.9577377684,rowcol,0.5249689583558643,0.0560198184813848,0.4179119992136038,0.5748503316588074,0.6292603547051463,0.6035353104355464,0.3664817389587437,0.5495687440589769,1.6285863292996188
False,60.0,2.549999999999998,724840.9577377684,rowcol,0.5249689583558643,0.0560198184813848,0.4179119992136038,0.5748503316588074,0.6292603547051463,0.6035353104355464,0.36648173895874364,0.5495687440589769,1.6285863292996188
False,-10.0,2.549999999999998,724840.9577377684,rowcol,0.40362373492484804,0.04850031046458751,0.4297065232152053,0.5497018964398258,0.5974896363519951,0.5920649962106791,0.39144944668008463,0.5113653634396597,1.6388214660854419
False,-70.0,-2.5500000000000003,724840.9577377684,rowcol,0.4036237349420235,0.04850031046634713,0.4297065232424746,0.549701896468439,0.5974896364238916,0.5920649962400092,0.39144944669547227,0.5113653634677262,1.6388214661958629
False,50.0,-2.5500000000000003,724840.9577377684,rowcol,0.40362373494202347,0.048500310466347125,0.4297065232424746,0.5497018964684389,0.5974896364238916,0.5920649962400092,0.39144944669547227,0.5113653634677261,1.6388214661958629
False,-50.0,-2.7,724840.9577377684,rowcol,0.631998103775114,0.06285397971413188,0.4250385441297986,0.5665024593857338,0.6097444047658672,0.5844575085694367,0.38186222562550587,0.5509496637652898,1.6416180917751295
False,70.0,-2.7,724840.9577377684,rowcol,0.6319981037751141,0.06285397971413187,0.4250385441297986,0.5665024593857341,0.6097444047658672,0.5844575085694368,0.38186222562550587,0.5509496637652899,1.64161809177513
False,10.0,2.699999999999998,724840.9577377684,rowcol,0.6319981037736022,0.06285397971455214,0.4250385441581383,0.5665024594309764,0.6097444048279231,0.5844575086405539,0.38186222564473793,0.5509496637874857,1.6416180919053913
True,30.0,2.699999999999998,724840.9577377684,rowcol,0.7325218626538738,0.07219150610501875,0.44097159438247924,0.5202158629096957,0.2901327301497539,0.5391737542756783,0.463203458798208,0.5037204431060813,1.6431306460571333
True,-90.0,2.699999999999998,724840.9577377684,rowcol,0.7325218626538738,0.07219150610501873,0.4409715943824793,0.5202158629096957,0.2901327301497539,0.5391737542756783,0.463203458798208,0.5037204431060813,1.6431306460571335
True,-20.0,2.699999999999998,724840.9577377684,rowcol,0.3661928632150498,0.038817817462853975,0.46319408498342046,0.4541305772822621,0.28967666500126865,0.38040677702753634,0.48822223269933546,0.5079140509095627,1.6437128322325234
True,-30.0,2.549999999999998,724840.9577377684,rowcol,0.3558230050800385,0.035676611407804475,0.4707379024979475,0.4348925863692702,0.26441036485017794,0.3255721558591168,0.49924186619776945,0.5089662686637391,1.6471062938631127
True,90.0,2.549999999999998,724840.9577377684,rowcol,0.3558230050800385,0.035676611407804475,0.4707379024979475,0.43489258636927025,0.26441036485017805,0.32557215585911675,0.49924186619776945,0.5089662686637391,1.6471062938631127
True,80.0,2.699999999999998,724840.9577377684,rowcol,0.36619286312676563,0.0388178182956941,0.4631546505169983,0.4578525947598099,0.28967691149839536,0.3793676233023697,0.488177973439356,0.5146744114165661,1.6473165463108046
True,-40.0,2.699999999999998,724840.9577377684,rowcol,0.36619286312676563,0.0388178182956941,0.46315465051699833,0.4578525947598099,0.2896769114983955,0.3793676233023697,0.488177973439356,0.514674411416566,1.647316546310805
False,-20.0,2.399999999999998,724840.9577377684,rowcol,0.2958707842510744,0.03395790048274201,0.45907280651713517,0.47210935070927207,0.5441405946721185,0.4896722870675223,0.44180535660264736,0.4568166903425595,1.6493277702606775
False,40.0,-2.4000000000000004,724840.9577377684,rowcol,0.2958707842502483,0.033957900483471866,0.45907280654214766,0.4721093507426462,0.5441405946917632,0.4896722871020431,0.44180535662896464,0.456816690374938,1.6493277703690892
False,-80.0,-2.4000000000000004,724840.9577377684,rowcol,0.2958707842502483,0.03395790048347187,0.45907280654214766,0.47210935074264626,0.5441405946917632,0.4896722871020431,0.4418053566289646,0.456816690374938,1.6493277703690894
False,-50.0,2.549999999999998,724840.9577377684,rowcol,0.40362373608666496,0.04850030079584658,0.4300628311150935,0.5592912534216572,0.5990017787749943,0.5948133024359403,0.39149081876873887,0.5275693009686002,1.6494797467669378
False,70.0,2.549999999999998,724840.9577377684,rowcol,0.40362373608666496,0.04850030079584658,0.4300628311150935,0.5592912534216572,0.5990017787749943,0.5948133024359403,0.39149081876873887,0.5275693009686002,1.6494797467669378
False,10.0,-2.5500000000000003,724840.9577377684,rowcol,0.4036237361038404,0.04850030079760619,0.43006283114240573,0.5592912534514514,0.5990017788469207,0.594813302465595,0.3914908187841511,0.5275693009986309,1.6494797468786686
False,-10.0,-2.7,724840.9577377684,rowcol,0.6319981057423003,0.06285395993402867,0.4254199483914583,0.5763594302694313,0.611313284616768,0.5874153614635722,0.381907139771726,0.5668946159527817,1.652619275443806
False,-70.0,2.699999999999998,724840.9577377684,rowcol,0.6319981057407884,0.06285395993444894,0.4254199484198427,0.576359430315597,0.611313284678884,0.5874153615347807,0.38190713979098423,0.5668946159771378,1.652619275575125
False,50.0,2.699999999999998,724840.9577377684,rowcol,0.6319981057407885,0.06285395993444894,0.4254199484198427,0.5763594303155969,0.611313284678884,0.5874153615347806,0.38190713979098423,0.5668946159771378,1.652619275575125
True,20.0,2.849999999999998,724840.9577377684,rowcol,0.7284889120195849,0.0713228187231819,0.4399467894979623,0.5338478865085097,0.31528188262541446,0.5263539122371184,0.4590368238570595,0.5400697479163863,1.6536882550023966
False,-40.0,-2.7,724840.9577377684,rowcol,0.706453621775344,0.07133117054572534,0.42332636066810997,0.5837286141554985,0.3716072117761025,0.6583539042528108,0.43208712334164495,0.5126276741868809,1.6537076961598283
False,80.0,-2.7,724840.9577377684,rowcol,0.7064536217753439,0.07133117054572534,0.42332636066810997,0.5837286141554985,0.37160721177610256,0.6583539042528108,0.43208712334164495,0.512627674186881,1.6537076961598283
False,20.0,2.699999999999998,724840.9577377684,rowcol,0.706453621786483,0.07133117054667425,0.4233263607063156,0.583728614185503,0.3716072118454458,0.6583539042709009,0.43208712337502825,0.5126276742302421,1.6537076963044497
False,-40.0,2.399999999999998,724840.9577377684,rowcol,0.2958707841423222,0.03395790143028534,0.4591989052960342,0.4763700457003548,0.5449358162525487,0.49128368292254276,0.4417816303720679,0.4634564725689896,1.6539667615884572
False,80.0,2.399999999999998,724840.9577377684,rowcol,0.29587078414232226,0.03395790143028534,0.4591989052960342,0.4763700457003548,0.5449358162525487,0.49128368292254276,0.4417816303720679,0.4634564725689896,1.6539667615884572
False,20.0,-2.4000000000000004,724840.9577377684,rowcol,0.29587078414149615,0.03395790143101519,0.4591989053210963,0.47637004573540376,0.5449358162724143,0.4912836829574747,0.44178163039839996,0.46345647260417133,1.6539667616986926
True,-80.0,2.849999999999998,724840.9577377684,rowcol,0.7284889118690127,0.07132282026112091,0.43990296372465143,0.5371932844024725,0.31528212168572184,0.5255616578226817,0.4589871342440922,0.5467838459604328,1.6569021755764268
True,40.0,2.849999999999998,724840.9577377684,rowcol,0.7284889118690127,0.07132282026112091,0.43990296372465143,0.5371932844024725,0.31528212168572173,0.5255616578226816,0.45898713424409227,0.5467838459604328,1.6569021755764268
False,-20.0,-2.7,724840.9577377684,rowcol,0.706453621630986,0.0713311719754253,0.4234801933872104,0.5876425688344724,0.3729158538354224,0.6597666432277352,0.43205983017291366,0.5192893683723067,1.6580831489961034
False,-80.0,2.699999999999998,724840.9577377684,rowcol,0.706453621642125,0.07133117197637419,0.42348019342547094,0.5876425688660698,0.3729158539049326,0.6597666432462124,0.43205983020631433,0.5192893684183912,1.6580831491424828
False,40.0,2.699999999999998,724840.9577377684,rowcol,0.706453621642125,0.07133117197637419,0.42348019342547094,0.5876425688660699,0.3729158539049324,0.6597666432462125,0.4320598302063143,0.5192893684183911,1.6580831491424828
True,-30.0,-2.5500000000000003,724840.9577377684,rowcol,0.67095681256932,0.06482538463781586,0.47486346455776735,0.4358693463726004,0.6128015808010052,0.3848638714800436,0.4451381349389725,0.47453924482564136,1.6604597400459022
True,90.0,-2.5500000000000003,724840.9577377684,rowcol,0.67095681256932,0.06482538463781586,0.47486346455776735,0.4358693463726004,0.6128015808010053,0.38486387148004364,0.4451381349389725,0.47453924482564136,1.6604597400459022
True,-50.0,-2.85,724840.9577377684,rowcol,0.6047559262620893,0.05739364370953764,0.4596607679413025,0.4824791557032791,0.6641437425302813,0.3348979378560919,0.41158303015903536,0.5781299889392628,1.6614614595271866
True,70.0,-2.85,724840.9577377684,rowcol,0.6047559262620893,0.05739364370953764,0.4596607679413025,0.4824791557032791,0.6641437425302812,0.3348979378560919,0.4115830301590353,0.5781299889392628,1.6614614595271866
True,50.0,-2.7,724840.9577377684,rowcol,0.3520907799092496,0.041404907084468416,0.4599708762613495,0.48583699616448406,0.638682396496253,0.4119040454606102,0.41926632739772945,0.5402372474463617,1.6657496249485326
True,-70.0,-2.7,724840.9577377684,rowcol,0.3520907799092496,0.041404907084468416,0.45997087626134964,0.48583699616448406,0.6386823964962531,0.4119040454606102,0.41926632739772945,0.5402372474463617,1.6657496249485328
True,-10.0,-2.85,724840.9577377684,rowcol,0.6047559284693409,0.05739362045175662,0.4596510894143259,0.49276204148039515,0.664143792959307,0.33410415921778674,0.4115702359024387,0.5942582489513842,1.6717153097233728
True,10.0,-2.7,724840.9577377684,rowcol,0.35209078125886195,0.04140489560790243,0.459961706736602,0.4955186496161628,0.6386824461756847,0.41129290359115367,0.4192544201253092,0.5565706475423579,1.675403769825969
True,-60.0,-2.85,724840.9577377684,rowcol,0.49057268644818974,0.05008121693764933,0.4610042848629553,0.49790047039020086,0.6641803567377457,0.3626101604127648,0.413345037871821,0.5880576710527528,1.6809133249790669
True,60.0,-2.85,724840.9577377684,rowcol,0.49057268644818974,0.05008121693764933,0.4610042848629553,0.49790047039020086,0.6641803567377457,0.3626101604127648,0.413345037871821,0.5880576710527528,1.6809133249790669
True,-90.0,-2.2500000000000004,724840.9577377684,rowcol,0.273583903228946,0.030286884967024558,0.4711798308222884,0.4715587085614468,0.5623773661403911,0.48855616763714166,0.45258064036889006,0.45677464499861764,1.6850982010283122
True,30.0,-2.2500000000000004,724840.9577377684,rowcol,0.273583903228946,0.030286884967024554,0.4711798308222884,0.4715587085614469,0.562377366140391,0.48855616763714166,0.45258064036889006,0.45677464499861764,1.6850982010283122
False,-30.0,-2.5500000000000003,724840.9577377684,rowcol,0.7226671931802691,0.07502286467360056,0.41991098647240743,0.628823927117479,0.3211423574415675,0.770960555659483,0.43550743433377476,0.47759367319448515,1.6885568865347014
False,90.0,-2.5500000000000003,724840.9577377684,rowcol,0.7226671931802691,0.07502286467360056,0.41991098647240743,0.6288239271174789,0.3211423574415675,0.770960555659483,0.43550743433377476,0.47759367319448515,1.6885568865347014
False,-90.0,2.549999999999998,724840.9577377684,rowcol,0.7226671931962771,0.07502286467446577,0.4199109865073161,0.6288239271183236,0.3211423573904804,0.7709605556243191,0.43550743438043527,0.47759367324427016,1.6885568866402718
False,30.0,2.549999999999998,724840.9577377684,rowcol,0.7226671931962771,0.07502286467446578,0.4199109865073162,0.6288239271183236,0.32114235739048036,0.7709605556243191,0.4355074343804353,0.4775936732442702,1.688556886640272
True,0.0,-2.85,724840.9577377684,rowcol,0.49057269084558147,0.05008117386279276,0.4610616731945352,0.510322434008665,0.664180370726493,0.36268177788929534,0.41342070364034517,0.6073095522169104,1.6935074535922705
True,-40.0,-2.7,724840.9577377684,rowcol,0.6646900906678801,0.0637671941678332,0.47873970225501006,0.4584722682237413,0.6384199020604594,0.3888244999142529,0.44348092407788714,0.5097308796330373,1.6946913749887715
True,80.0,-2.7,724840.9577377684,rowcol,0.66469009066788,0.0637671941678332,0.47873970225501006,0.4584722682237414,0.6384199020604594,0.3888244999142529,0.4434809240778871,0.5097308796330374,1.6946913749887715
True,40.0,-2.4000000000000004,724840.9577377684,rowcol,0.2779200225095271,0.03267523704190064,0.4706910629860336,0.4841822081169029,0.5878084534599145,0.5140727884549913,0.4460417351618231,0.45753536674496764,1.6962553970750036
True,-80.0,-2.4000000000000004,724840.9577377684,rowcol,0.2779200225095271,0.03267523704190064,0.4706910629860337,0.4841822081169029,0.5878084534599145,0.5140727884549913,0.44604173516182305,0.45753536674496764,1.696255397075004
True,-20.0,-2.7,724840.9577377684,rowcol,0.6646900905144519,0.06376719576712218,0.4787015478489128,0.4621593837097717,0.6384200139061107,0.3878079026208464,0.4434321984688039,0.5164675623196281,1.69826402725651
True,20.0,-2.4000000000000004,724840.9577377684,rowcol,0.27792002239375063,0.032675238026639686,0.470656568611231,0.4872880804470211,0.5878085614383842,0.5133897487701874,0.44599867305113383,0.46420207370182914,1.699257786280714
False,-60.0,-2.7,724840.9577377684,rowcol,0.5299335846389751,0.05680379971126567,0.44081175963920066,0.5904059548577678,0.6615416623713989,0.6249827333839395,0.3872499656856894,0.5596760306103564,1.7128412337753698
False,60.0,-2.7,724840.9577377684,rowcol,0.5299335846389751,0.05680379971126567,0.44081175963920066,0.5904059548577678,0.6615416623713989,0.6249827333839395,0.3872499656856894,0.5596760306103564,1.7128412337753698
False,0.0,2.699999999999998,724840.9577377684,rowcol,0.5299335846244496,0.05680379971068558,0.4408117596357001,0.5904059548703318,0.6615416623539982,0.6249827334160134,0.38724996568639675,0.5596760306046349,1.7128412337774321
False,-30.0,2.2499999999999982,724840.9577377684,rowcol,0.2705838809246339,0.026832147353375163,0.4809435307873089,0.4791263562571283,0.6158593054339372,0.5044234277105811,0.4520329786441998,0.4567685027899566,1.721956948619055
False,90.0,2.2499999999999982,724840.9577377684,rowcol,0.2705838809246339,0.026832147353375163,0.480943530787309,0.4791263562571283,0.6158593054339372,0.5044234277105811,0.4520329786441997,0.4567685027899566,1.7219569486190553
False,-90.0,-2.2500000000000004,724840.9577377684,rowcol,0.27058388090877106,0.02683214735183472,0.4809435308075789,0.47912635626998423,0.6158593053876508,0.5044234277077111,0.45203297868119197,0.45676850281744813,1.7219569486927209
False,30.0,-2.2500000000000004,724840.9577377684,rowcol,0.27058388090877106,0.02683214735183472,0.4809435308075789,0.47912635626998423,0.6158593053876508,0.5044234277077111,0.45203297868119197,0.45676850281744813,1.7219569486927209
False,0.0,-2.7,724840.9577377684,rowcol,0.5299335884954987,0.05680376373300361,0.44129835789599925,0.6018971760396158,0.6631832913427955,0.628328932724827,0.38739334867496245,0.5787345883599174,1.7257922497276137
False,-60.0,2.699999999999998,724840.9577377684,rowcol,0.5299335884809732,0.05680376373242352,0.44129835789250255,0.6018971760519353,0.6631832913254377,0.6283289327567205,0.38739334867566944,0.5787345883543844,1.725792249729443
False,60.0,2.699999999999998,724840.9577377684,rowcol,0.5299335884809732,0.05680376373242352,0.4412983578925025,0.6018971760519353,0.6631832913254377,0.6283289327567205,0.38739334867566944,0.5787345883543844,1.725792249729443
False,-10.0,2.699999999999998,724840.9577377684,rowcol,0.40187136698470893,0.04890103998474766,0.4530464329073818,0.5754639602369366,0.6289188987841396,0.6155335071264322,0.41299594091207403,0.5394668254446705,1.7346032589590819
False,50.0,-2.7,724840.9577377684,rowcol,0.40187136700342796,0.048901039986679884,0.45304643293631164,0.575463960267326,0.6289188988602523,0.6155335071576695,0.4129959409284669,0.5394668254743761,1.734603259076261
False,-70.0,-2.7,724840.9577377684,rowcol,0.40187136700342796,0.04890103998667988,0.45304643293631164,0.5754639602673262,0.6289188988602523,0.6155335071576695,0.4129959409284669,0.5394668254743761,1.7346032590762612
False,-50.0,-2.85,724840.9577377684,rowcol,0.6415020709135154,0.06388380715844158,0.448367769638304,0.5924381361494129,0.6412345814147885,0.6077708258679043,0.4033957604054719,0.5792293962207969,1.7375414450643247
False,70.0,-2.85,724840.9577377684,rowcol,0.6415020709135154,0.06388380715844158,0.448367769638304,0.5924381361494129,0.6412345814147885,0.6077708258679043,0.40339576040547187,0.5792293962207969,1.7375414450643247
False,10.0,2.849999999999998,724840.9577377684,rowcol,0.6415020709122433,0.0638838071589322,0.4483677696683085,0.59243813619719,0.6412345814810005,0.6077708259428882,0.4033957604257155,0.5792293962445922,1.7375414452021154
True,-20.0,2.849999999999998,724840.9577377684,rowcol,0.36318002958534257,0.03846651960829615,0.4883570262318799,0.4736033604943862,0.31491128236250965,0.3902808850328245,0.5137005730151667,0.5336997153021369,1.7386744391900257
True,-40.0,2.849999999999998,724840.9577377684,rowcol,0.36318002949700406,0.03846652044234079,0.48831754583403403,0.47737106889527037,0.3149115217041529,0.3892117475978206,0.5136561721274107,0.5404928388994749,1.7423237063973724
True,80.0,2.849999999999998,724840.9577377684,rowcol,0.36318002949700406,0.03846652044234079,0.48831754583403403,0.47737106889527037,0.3149115217041528,0.3892117475978206,0.5136561721274107,0.5404928388994749,1.7423237063973724
False,-50.0,2.699999999999998,724840.9577377684,rowcol,0.40187136816714214,0.04890103026744657,0.45340427101343095,0.5851693164890595,0.6304400638074288,0.6183401841755184,0.4130374611277241,0.5557423909256889,1.7453821295293523
False,70.0,2.699999999999998,724840.9577377684,rowcol,0.4018713681671422,0.04890103026744658,0.45340427101343095,0.5851693164890595,0.6304400638074288,0.6183401841755183,0.4130374611277241,0.5557423909256889,1.7453821295293523
False,10.0,-2.7,724840.9577377684,rowcol,0.40187136818586117,0.04890103026937878,0.45340427104240383,0.5851693165206221,0.6304400638835705,0.6183401842070523,0.4130374611441415,0.5557423909573653,1.7453821296478336
True,-30.0,2.699999999999998,724840.9577377684,rowcol,0.3519673708240079,0.035033315991525885,0.49750107026890467,0.45389056319385546,0.28956851318690396,0.332436771803548,0.5266294360663376,0.5351011017831062,1.7463937740005695
True,90.0,2.699999999999998,724840.9577377684,rowcol,0.3519673708240079,0.035033315991525885,0.49750107026890467,0.45389056319385546,0.28956851318690396,0.332436771803548,0.5266294360663376,0.5351011017831062,1.7463937740005695
False,-20.0,2.549999999999998,724840.9577377684,rowcol,0.2852592614766763,0.03330709688417066,0.48418834467543054,0.49471210379658104,0.5689015724983345,0.5089830763407602,0.46709437713392804,0.48238364299297265,1.7472771378228726
False,-80.0,-2.5500000000000003,724840.9577377684,rowcol,0.2852592614765055,0.03330709688503945,0.48418834470229855,0.49471210383211245,0.5689015725201512,0.5089830763770133,0.46709437716201246,0.4823836430278878,1.7472771379390082
False,40.0,-2.5500000000000003,724840.9577377684,rowcol,0.2852592614765055,0.033307096885039446,0.48418834470229855,0.49471210383211245,0.5689015725201512,0.5089830763770133,0.46709437716201246,0.4823836430278878,1.7472771379390082
True,-50.0,-3.0,724840.9577377684,rowcol,0.6126942638265439,0.05801174284250079,0.4817616968191368,0.5025346787538109,0.6896811205100379,0.3397470449437413,0.4332406988768953,0.6065078213766381,1.7478197692112212
True,70.0,-3.0,724840.9577377684,rowcol,0.6126942638265438,0.05801174284250079,0.4817616968191367,0.5025346787538109,0.6896811205100378,0.3397470449437413,0.43324069887689526,0.6065078213766381,1.7478197692112212
True,-90.0,2.849999999999998,724840.9577377684,rowcol,0.746442662514361,0.07348890888345208,0.46788251594850316,0.5445766316132381,0.31540032048616223,0.5615195462836506,0.4905963784020604,0.5299086239818976,1.7482241794587476
True,30.0,2.849999999999998,724840.9577377684,rowcol,0.7464426625143611,0.07348890888345208,0.46788251594850316,0.5445766316132381,0.3154003204861622,0.5615195462836505,0.4905963784020604,0.5299086239818976,1.7482241794587476
False,-10.0,-2.85,724840.9577377684,rowcol,0.6415020729943325,0.06388378626349488,0.44874942449924665,0.6023951070101796,0.6428093874438606,0.6107840665123792,0.4034406394337993,0.5952485643168598,1.7486433805079196
False,-70.0,2.849999999999998,724840.9577377684,rowcol,0.6415020729930605,0.06388378626398551,0.4487494245292957,0.6023951070588937,0.6428093875101306,0.6107840665874769,0.40344063945406894,0.595248564342814,1.7486433806467807
False,50.0,2.849999999999998,724840.9577377684,rowcol,0.6415020729930605,0.0638837862639855,0.44874942452929567,0.6023951070588937,0.6428093875101306,0.6107840665874769,0.40344063945406894,0.5952485643428139,1.7486433806467807
False,-40.0,2.549999999999998,724840.9577377684,rowcol,0.2852592613632346,0.03330709785574433,0.4843153756943422,0.49904598757852003,0.5697097373420315,0.5106583046807504,0.4670705329137383,0.4890667546025587,1.7519921146615465
False,80.0,2.549999999999998,724840.9577377684,rowcol,0.2852592613632346,0.03330709785574432,0.4843153756943422,0.49904598757852014,0.5697097373420315,0.5106583046807504,0.4670705329137383,0.4890667546025587,1.7519921146615467
False,20.0,-2.5500000000000003,724840.9577377684,rowcol,0.2852592613630638,0.03330709785661312,0.48431537572125977,0.4990459876157276,0.5697097373640709,0.5106583047173842,0.46707053294183737,0.48906675464028604,1.7519921147795068
True,20.0,2.999999999999998,724840.9577377684,rowcol,0.7415065089127229,0.07253541367834773,0.46524278161972693,0.5577923562640869,0.34059718242542997,0.5476834817066449,0.4845200885842653,0.5661541030316659,1.7535207011232676
True,50.0,-2.85,724840.9577377684,rowcol,0.3470720509357671,0.04125454178568242,0.48216272346679007,0.5070357964938083,0.6642174814151371,0.42236785004888033,0.4409519409736114,0.5685625292393923,1.7535239668941784
True,-70.0,-2.85,724840.9577377684,rowcol,0.34707205093576715,0.04125454178568242,0.4821627234667902,0.5070357964938083,0.6642174814151374,0.4223678500488804,0.4409519409736114,0.5685625292393923,1.7535239668941787
False,-40.0,-2.85,724840.9577377684,rowcol,0.7191092514508984,0.07264603263825971,0.4483756190230351,0.6102524056742279,0.395425304178912,0.6858510469235329,0.4573672693476987,0.5385209092312907,1.7553792627433331
False,80.0,-2.85,724840.9577377684,rowcol,0.7191092514508984,0.07264603263825971,0.4483756190230351,0.6102524056742279,0.3954253041789121,0.6858510469235329,0.4573672693476987,0.5385209092312908,1.7553792627433331
False,20.0,2.849999999999998,724840.9577377684,rowcol,0.7191092514627773,0.07264603263928505,0.4483756190631267,0.6102524057060295,0.3954253042506782,0.6858510469426132,0.45736726938285643,0.5385209092771991,1.7553792628954095
True,-80.0,2.999999999999998,724840.9577377684,rowcol,0.7415065087541092,0.07253541529980535,0.46519915762844405,0.5611630381786084,0.3405974153642379,0.5468820247775976,0.484470534822815,0.5728977034392472,1.7567605110639404
True,40.0,2.999999999999998,724840.9577377684,rowcol,0.7415065087541092,0.07253541529980535,0.46519915762844405,0.5611630381786084,0.3405974153642378,0.5468820247775976,0.484470534822815,0.5728977034392472,1.7567605110639404
True,-10.0,-3.0,724840.9577377684,rowcol,0.6126942661585546,0.05801171821283325,0.48175197646228163,0.5129299975763674,0.6896811716276691,0.3389233918205143,0.4332279047425752,0.6227001461242206,1.7581859269632123
True,-30.0,-2.7,724840.9577377684,rowcol,0.6829991005559001,0.0657964074440806,0.5016352566324224,0.45488152269828286,0.638310341271197,0.3938464167218705,0.4724812413119142,0.5004820732266403,1.75978729259555
True,90.0,-2.7,724840.9577377684,rowcol,0.6829991005559001,0.0657964074440806,0.5016352566324225,0.45488152269828286,0.6383103412711971,0.39384641672187054,0.4724812413119142,0.5004820732266402,1.7597872925955502
False,-20.0,-2.85,724840.9577377684,rowcol,0.7191092512983623,0.07264603414818588,0.4485289280572772,0.6142030688607973,0.3967235989317023,0.6872793588535797,0.4573400523117558,0.5452164661847917,1.759789853032629
False,-80.0,2.849999999999998,724840.9577377684,rowcol,0.7191092513102411,0.07264603414921122,0.4485289280974236,0.6142030688941718,0.3967235990036405,0.6872793588729874,0.4573400523469308,0.5452164662334336,1.7597898531864427
False,40.0,2.849999999999998,724840.9577377684,rowcol,0.7191092513102411,0.07264603414921122,0.4485289280974236,0.6142030688941718,0.39672359900364046,0.6872793588729874,0.45734005234693087,0.5452164662334336,1.7597898531864427
True,10.0,-2.85,724840.9577377684,rowcol,0.34707205231607036,0.041254530173270104,0.4821534898280449,0.5168310210610877,0.6642175318385646,0.42173873568987724,0.440939990083763,0.5849557607052669,1.7632914905452224
True,-60.0,-3.0,724840.9577377684,rowcol,0.49356738976095305,0.050398722438994424,0.48257592531877425,0.5189024053724007,0.6897194543100422,0.3690650411758912,0.43429964247637537,0.6173766670995267,1.7666301813287235
True,60.0,-3.0,724840.9577377684,rowcol,0.49356738976095293,0.050398722438994424,0.48257592531877425,0.5189024053724006,0.6897194543100422,0.3690650411758912,0.43429964247637537,0.6173766670995267,1.7666301813287235
True,0.0,-3.0,724840.9577377684,rowcol,0.4935673943617011,0.05039867738268789,0.48263363389607844,0.53145364626698,0.6897194684897987,0.3691391093735221,0.43437544801651784,0.636693199979303,1.7793545479552153
True,-90.0,-2.4000000000000004,724840.9577377684,rowcol,0.2597157506404047,0.029086764514991807,0.49813502536513415,0.49536059287052886,0.5879071376081847,0.510029599129583,0.4799656341022692,0.48267912816539604,1.7897656689659311
True,30.0,-2.4000000000000004,724840.9577377684,rowcol,0.2597157506404047,0.02908676451499181,0.49813502536513415,0.49536059287052886,0.5879071376081847,0.510029599129583,0.4799656341022693,0.48267912816539604,1.7897656689659311
True,-40.0,-2.85,724840.9577377684,rowcol,0.6758037838904967,0.06466294068739585,0.5039335511984632,0.47799843650165796,0.663941291940182,0.3989411948292921,0.4689208809173402,0.5355249624866649,1.7897990900970475
True,80.0,-2.85,724840.9577377684,rowcol,0.6758037838904968,0.06466294068739585,0.5039335511984632,0.47799843650165796,0.6639412919401819,0.3989411948292921,0.4689208809173402,0.535524962486665,1.7897990900970475
True,-20.0,-2.85,724840.9577377684,rowcol,0.6758037837281861,0.06466294238373296,0.5038952906384987,0.4817318384471219,0.6639414054613726,0.39789532816806,0.46887223878698137,0.5422953319285946,1.793417710362618
True,-80.0,-2.5500000000000003,724840.9577377684,rowcol,0.26544970056770223,0.03181886425986499,0.4960319967341258,0.5076079059405948,0.613340305456384,0.5352132262716145,0.47151485214516176,0.48317271810156814,1.795703896142972
True,40.0,-2.5500000000000003,724840.9577377684,rowcol,0.26544970056770223,0.03181886425986499,0.4960319967341258,0.5076079059405948,0.613340305456384,0.5352132262716145,0.4715148521451618,0.48317271810156814,1.795703896142972
True,20.0,-2.5500000000000003,724840.9577377684,rowcol,0.26544970044579475,0.03181886527688112,0.495997218893571,0.510755936099471,0.6133404154076995,0.5345161714420088,0.47147157055947614,0.4898825223612643,1.798747592780184
False,-30.0,-2.7,724840.9577377684,rowcol,0.7368348564592819,0.07656328856026452,0.4473130130441553,0.6587188923791053,0.3500140628126078,0.8051459547245612,0.4628498059092949,0.5036317705963556,1.8006579315115712
False,90.0,-2.7,724840.9577377684,rowcol,0.736834856459282,0.07656328856026452,0.4473130130441553,0.6587188923791052,0.3500140628126078,0.8051459547245612,0.4628498059092949,0.5036317705963556,1.8006579315115712
False,-90.0,2.699999999999998,724840.9577377684,rowcol,0.736834856476207,0.07656328856117,0.4473130130807548,0.6587188923803363,0.3500140627583724,0.8051459546877281,0.4628498059585891,0.5036317706488408,1.8006579316226008
False,30.0,2.699999999999998,724840.9577377684,rowcol,0.736834856476207,0.07656328856117,0.4473130130807548,0.6587188923803363,0.35001406275837244,0.8051459546877281,0.4628498059585891,0.5036317706488409,1.8006579316226008
False,-60.0,-2.85,724840.9577377684,rowcol,0.5351318281369271,0.05762377940430261,0.4642547777331837,0.6173827289123165,0.6956018458263052,0.6496434548431416,0.40819330348916427,0.5888852461308007,1.8101470621118676
False,60.0,-2.85,724840.9577377684,rowcol,0.535131828136927,0.05762377940430261,0.4642547777331837,0.6173827289123165,0.6956018458263052,0.6496434548431417,0.40819330348916427,0.5888852461308007,1.8101470621118676
False,0.0,2.849999999999998,724840.9577377684,rowcol,0.5351318281217435,0.057623779403685814,0.46425477772967516,0.6173827289259527,0.695601845808837,0.6496434548776968,0.40819330348987265,0.5888852461250608,1.8101470621149782
False,0.0,-2.85,724840.9577377684,rowcol,0.5351318321681585,0.05762374196765698,0.4647424858833129,0.6290132868627459,0.6972499206368292,0.6530988247172396,0.4083368882190687,0.6080194542735735,1.8232407445126848
False,60.0,2.849999999999998,724840.9577377684,rowcol,0.535131832152975,0.05762374196704018,0.4647424858798082,0.6290132868760254,0.6972499206194024,0.6530988247513911,0.40833688821977676,0.6080194542680145,1.82324074451545
False,-60.0,2.849999999999998,724840.9577377684,rowcol,0.535131832152975,0.05762374196704018,0.4647424858798082,0.6290132868760255,0.6972499206194024,0.6530988247513911,0.40833688821977676,0.6080194542680146,1.8232407445154502
False,-10.0,2.849999999999998,724840.9577377684,rowcol,0.4004822913739424,0.04934950563407515,0.4764380948201172,0.6013316597138704,0.6604937669495818,0.6390164957622351,0.4345685845413495,0.5677058810494299,1.8306459441742218
False,-70.0,-2.85,724840.9577377684,rowcol,0.4004822913942508,0.04934950563618419,0.4764380948507048,0.6013316597456866,0.6604937670298932,0.6390164957946717,0.4345685845587471,0.5677058810807668,1.830645944297801
False,50.0,-2.85,724840.9577377684,rowcol,0.40048229139425073,0.04934950563618419,0.4764380948507048,0.6013316597456866,0.660493767029893,0.6390164957946717,0.43456858455874703,0.5677058810807668,1.830645944297801
False,-30.0,2.399999999999998,724840.9577377684,rowcol,0.256571345814148,0.025430138264609936,0.5084355564744112,0.5076288225598387,0.644918216838139,0.5357954371328393,0.4793889071292795,0.48267024778693024,1.8329354919830723
False,90.0,2.399999999999998,724840.9577377684,rowcol,0.256571345814148,0.02543013826460994,0.5084355564744112,0.5076288225598387,0.6449182168381391,0.5357954371328393,0.4793889071292795,0.48267024778693024,1.8329354919830723
False,-90.0,-2.4000000000000004,724840.9577377684,rowcol,0.256571345797072,0.025430138262897115,0.5084355564963505,0.507628822573217,0.6449182167887699,0.5357954371283791,0.47938890716889565,0.48267024781699697,1.8329354920622685
False,30.0,-2.4000000000000004,724840.9577377684,rowcol,0.256571345797072,0.025430138262897112,0.5084355564963505,0.507628822573217,0.6449182167887699,0.535795437128379,0.47938890716889565,0.48267024781699697,1.8329354920622685
False,-50.0,-3.0,724840.9577377684,rowcol,0.6510953883165408,0.06493581280791441,0.47175031874500417,0.6185079471655024,0.6728619894842442,0.631208849065816,0.42495734986205036,0.60762113961867,1.8337589034005148
False,70.0,-3.0,724840.9577377684,rowcol,0.6510953883165407,0.06493581280791441,0.47175031874500417,0.6185079471655024,0.6728619894842442,0.631208849065816,0.42495734986205036,0.60762113961867,1.8337589034005148
False,10.0,2.999999999999998,724840.9577377684,rowcol,0.6510953883155327,0.06493581280847531,0.47175031877666984,0.6185079472157646,0.6728619895546025,0.6312088491445642,0.424957349883304,0.6076211396440626,1.8337589035457742
True,-20.0,2.999999999999998,724840.9577377684,rowcol,0.36061822976914654,0.038143134932549026,0.5135684979827678,0.4933084916108134,0.3402004213859027,0.4004358910855597,0.5391964472350028,0.5596061714685405,1.8340139855591169
True,-40.0,2.999999999999998,724840.9577377684,rowcol,0.36061822968145946,0.03814313576157304,0.5135289798917757,0.49711652467433637,0.34020065459637716,0.39933902358793466,0.5391519195554376,0.566427617385519,1.8377034643496635
True,80.0,2.999999999999998,724840.9577377684,rowcol,0.3606182296814594,0.03814313576157304,0.5135289798917757,0.49711652467433637,0.3402006545963771,0.39933902358793466,0.5391519195554376,0.566427617385519,1.8377034643496635
False,-50.0,2.849999999999998,724840.9577377684,rowcol,0.40048229257016177,0.04934949592648594,0.4767972742904992,0.6111534446922138,0.6620227612121814,0.6419020641138345,0.4346102356648757,0.5840423248712924,1.8415452675637112
False,70.0,2.849999999999998,724840.9577377684,rowcol,0.40048229257016177,0.04934949592648594,0.4767972742904992,0.6111534446922138,0.6620227612121814,0.6419020641138345,0.4346102356648757,0.5840423248712925,1.8415452675637112
False,10.0,-2.85,724840.9577377684,rowcol,0.4004822925904701,0.04934949592859497,0.47679727432112967,0.6111534447253428,0.6620227612925208,0.6419020641468403,0.43461023568229784,0.5840423249046062,1.8415452676887318
True,-70.0,-3.0,724840.9577377684,rowcol,0.34236609520496797,0.04113659420867812,0.504383362502345,0.5284507526283733,0.6897583287279354,0.43303126230920663,0.4626582433350408,0.5970058982616061,1.841600840135408
True,50.0,-3.0,724840.9577377684,rowcol,0.34236609520496797,0.04113659420867812,0.504383362502345,0.5284507526283733,0.6897583287279353,0.43303126230920663,0.4626582433350408,0.597005898261606,1.841600840135408
False,-10.0,-3.0,724840.9577377684,rowcol,0.6510953905110112,0.06493579080449571,0.4721321563256798,0.6285820199512947,0.6744418466069108,0.6343324920174415,0.42500219439622045,0.6237048916270399,1.844978488928334
False,-70.0,2.999999999999998,724840.9577377684,rowcol,0.6510953905100032,0.06493579080505661,0.4721321563573901,0.6285820200025086,0.674441846677325,0.6343324920963255,0.4250021944175002,0.6237048916545899,1.8449784890746788
False,50.0,2.999999999999998,724840.9577377684,rowcol,0.6510953905100033,0.06493579080505661,0.4721321563573901,0.6285820200025086,0.674441846677325,0.6343324920963255,0.42500219441750015,0.6237048916545898,1.8449784890746788
False,-20.0,2.699999999999998,724840.9577377684,rowcol,0.2748553242853639,0.03271135352333681,0.5093425312805054,0.5175029985375786,0.5937339182483651,0.5284487437761178,0.4924037644000917,0.508115241965123,1.845530592379095
False,40.0,-2.7,724840.9577377684,rowcol,0.27485532428598886,0.03271135352435821,0.5093425313092304,0.517502998575059,0.593733918272379,0.5284487438136541,0.4924037644299429,0.5081152420025681,1.84553059250275
False,-80.0,-2.7,724840.9577377684,rowcol,0.27485532428598886,0.032711353524358215,0.5093425313092304,0.5175029985750591,0.593733918272379,0.528448743813654,0.4924037644299429,0.5081152420025681,1.8455305925027503
True,-30.0,2.849999999999998,724840.9577377684,rowcol,0.3486257703733524,0.0344117730552664,0.5243164736089116,0.4731469288694165,0.31479683374576933,0.33964701352162685,0.554034569773092,0.5613573189533184,1.8460963496961516
True,90.0,2.849999999999998,724840.9577377684,rowcol,0.34862577037335246,0.0344117730552664,0.5243164736089116,0.4731469288694165,0.3147968337457694,0.33964701352162685,0.5540345697730921,0.5613573189533184,1.8460963496961516
False,80.0,2.699999999999998,724840.9577377684,rowcol,0.2748553241677419,0.0327113545116492,0.5094703929181364,0.5218958320549181,0.5945538494336314,0.5301690618598434,0.49237981530349373,0.5148352243759665,1.8503070108093276
False,-40.0,2.699999999999998,724840.9577377684,rowcol,0.27485532416774183,0.0327113545116492,0.5094703929181366,0.5218958320549181,0.5945538494336314,0.5301690618598434,0.49237981530349373,0.5148352243759664,1.8503070108093278
False,20.0,-2.7,724840.9577377684,rowcol,0.27485532416836683,0.0327113545126706,0.5094703929469115,0.5218958320941209,0.5945538494578693,0.5301690618978286,0.4923798153333597,0.5148352244162316,1.8503070109348556
True,10.0,-3.0,724840.9577377684,rowcol,0.3423660966086486,0.04113658252631194,0.5043740709042033,0.5383466034620911,0.6897583798398446,0.43238534331339734,0.46264625342986443,0.6134502658447463,1.851468816174701
True,-90.0,2.999999999999998,724840.9577377684,rowcol,0.7603637497510001,0.0747869584773197,0.49483328404877025,0.569159630554359,0.3407219606127809,0.5841696247617247,0.5180074628685292,0.5562229089372548,1.8536594827006698
True,30.0,2.999999999999998,724840.9577377684,rowcol,0.7603637497510001,0.0747869584773197,0.49483328404877025,0.569159630554359,0.34072196061278076,0.5841696247617246,0.5180074628685292,0.5562229089372548,1.8536594827006698
False,-40.0,-3.0,724840.9577377684,rowcol,0.7317778276706619,0.07396463906131304,0.47347347702844583,0.636932643202268,0.4194536644165703,0.7135238592555261,0.48266912269518647,0.5645325821648606,1.8573530742876054
False,80.0,-3.0,724840.9577377684,rowcol,0.7317778276706619,0.07396463906131304,0.47347347702844583,0.636932643202268,0.41945366441657045,0.7135238592555261,0.4826691226951865,0.5645325821648607,1.8573530742876054
False,20.0,2.999999999999998,724840.9577377684,rowcol,0.7317778276832885,0.07396463906240602,0.47347347707042026,0.6369326432359299,0.41945366449074245,0.713523859275727,0.4826691227321173,0.564532582213307,1.8573530744471907
True,-30.0,-2.85,724840.9577377684,rowcol,0.6951117729187362,0.06677071393418374,0.5284580011031972,0.4741504018156922,0.663825614173866,0.403036857283911,0.4998486843151003,0.5265733000103032,1.8595244051252837
True,90.0,-2.85,724840.9577377684,rowcol,0.6951117729187362,0.06677071393418374,0.5284580011031973,0.4741504018156922,0.6638256141738661,0.40303685728391103,0.4998486843151003,0.5265733000103032,1.8595244051252842
False,-20.0,-3.0,724840.9577377684,rowcol,0.7317778275099395,0.0739646406514391,0.47362630209146495,0.640913181307979,0.4207421394671205,0.7149606572971976,0.4826419750352232,0.5712575352080854,1.861792087582374
False,40.0,2.999999999999998,724840.9577377684,rowcol,0.7317778275225661,0.07396464065253208,0.4736263021334943,0.6409131813432248,0.4207421395414696,0.7149606573177292,0.48264197507217127,0.5712575352592743,1.861792087743708
False,-80.0,2.999999999999998,724840.9577377684,rowcol,0.7317778275225661,0.07396464065253208,0.47362630213349444,0.6409131813432248,0.4207421395414696,0.7149606573177291,0.48264197507217127,0.5712575352592743,1.8617920877437082
True,-40.0,-3.0,724840.9577377684,rowcol,0.6869875144003932,0.06556456495490898,0.529171558076618,0.49775069328127686,0.6894684709096651,0.4093208308454774,0.49438391446538105,0.5614386689051754,1.8852653675111308
True,80.0,-3.0,724840.9577377684,rowcol,0.6869875144003932,0.06556456495490898,0.529171558076618,0.4977506932812769,0.689468470909665,0.40932083084547743,0.49438391446538105,0.5614386689051754,1.8852653675111308
True,-20.0,-3.0,724840.9577377684,rowcol,0.686987514229192,0.06556456674876057,0.5291332046717383,0.5015250695341136,0.6894685859813843,0.4082478358236708,0.4943353494864671,0.5682382327550528,1.8889246835493285
True,-90.0,-2.5500000000000003,724840.9577377684,rowcol,0.24585443765301068,0.02789708933086116,0.5251232261207263,0.5194578250398748,0.6134452169319718,0.5319091474275147,0.5073700292975046,0.5087505429070643,1.8948275034020536
True,30.0,-2.5500000000000003,724840.9577377684,rowcol,0.24585443765301068,0.027897089330861165,0.5251232261207263,0.5194578250398747,0.6134452169319718,0.5319091474275146,0.5073700292975046,0.5087505429070643,1.8948275034020536
True,-80.0,-2.7,724840.9577377684,rowcol,0.2530432300502832,0.030992265820001825,0.5214037662441106,0.5312963843008361,0.6388794685124412,0.5566748387174291,0.497007424796574,0.5089747177676832,1.8955076830331679
True,40.0,-2.7,724840.9577377684,rowcol,0.2530432300502832,0.030992265820001825,0.5214037662441106,0.5312963843008361,0.638879468512441,0.5566748387174291,0.4970074247965739,0.5089747177676832,1.8955076830331679
True,20.0,-2.7,724840.9577377684,rowcol,0.25304322992252226,0.0309922668631342,0.5213687345683878,0.534481304891491,0.6388795802776381,0.5559652450131705,0.49696394794025023,0.5157211746532645,1.8985875085966546
False,60.0,-3.0,724840.9577377684,rowcol,0.5405569456236997,0.058477586923088375,0.48774739955348145,0.644336894300238,0.729786526870523,0.6740898851416602,0.4291639269302162,0.6182074252876626,1.9075790929606824
False,-60.0,-3.0,724840.9577377684,rowcol,0.5405569456236998,0.058477586923088375,0.48774739955348156,0.6443368943002379,0.729786526870523,0.6740898851416602,0.4291639269302162,0.6182074252876626,1.9075790929606826
False,0.0,2.999999999999998,724840.9577377684,rowcol,0.5405569456078775,0.058477586922436646,0.4877473995499662,0.6443368943150213,0.729786526852997,0.6740898851788703,0.4291639269309253,0.6182074252819071,1.90757909296492
False,-30.0,-2.85,724840.9577377684,rowcol,0.7510033924178884,0.07810441526845605,0.47475992057301564,0.688781746150127,0.3789256868943289,0.8395007220102547,0.4902138499918147,0.5298167516173367,1.913061507869174
False,90.0,-2.85,724840.9577377684,rowcol,0.7510033924178884,0.07810441526845605,0.47475992057301564,0.688781746150127,0.37892568689432893,0.8395007220102547,0.4902138499918147,0.5298167516173367,1.913061507869174
False,-90.0,2.849999999999998,724840.9577377684,rowcol,0.7510033924357284,0.07810441526940107,0.4747599206113061,0.6887817461517507,0.37892568683695826,0.8395007219717704,0.490213850043741,0.5298167516725054,1.913061507985669
False,30.0,2.849999999999998,724840.9577377684,rowcol,0.7510033924357284,0.07810441526940107,0.4747599206113061,0.6887817461517508,0.3789256868369583,0.8395007219717703,0.490213850043741,0.5298167516725054,1.9130615079856692
False,0.0,-3.0,724840.9577377684,rowcol,0.540556949824514,0.05847754809145824,0.48823606134687914,0.6561105886048868,0.7314401655370011,0.6776791302344396,0.4293076845785561,0.6374069371176027,1.9208187726455241
False,-60.0,2.999999999999998,724840.9577377684,rowcol,0.5405569498086916,0.05847754809080652,0.4882360613433674,0.6561105886193208,0.7314401655195145,0.6776791302712741,0.429307684579265,0.6374069371120209,1.920818772649423
False,60.0,2.999999999999998,724840.9577377684,rowcol,0.5405569498086917,0.05847754809080652,0.4882360613433674,0.6561105886193208,0.7314401655195143,0.6776791302712741,0.429307684579265,0.6374069371120209,1.920818772649423
False,-10.0,2.999999999999998,724840.9577377684,rowcol,0.39946029802794936,0.04984385429088434,0.49987424375622747,0.6272111616306133,0.6921943154506695,0.6623450105376962,0.45616366765385025,0.5960629746881211,1.9268338928992956
False,50.0,-3.0,724840.9577377684,rowcol,0.3994602980498887,0.04984385429315482,0.4998742437884703,0.6272111616641267,0.6921943155351635,0.6623450105718961,0.4561636676722523,0.5960629747210829,1.9268338930295374
False,-70.0,-3.0,724840.9577377684,rowcol,0.3994602980498887,0.04984385429315482,0.4998742437884703,0.6272111616641268,0.6921943155351636,0.6623450105718961,0.4561636676722523,0.596062974721083,1.9268338930295377
False,-50.0,2.999999999999998,724840.9577377684,rowcol,0.3994602992310043,0.04984384464931986,0.500234607059143,0.6371698891550946,0.6937301477549216,0.6653678301475622,0.45620543522600143,0.6124515195770895,1.9378737103325239
False,70.0,2.999999999999998,724840.9577377684,rowcol,0.3994602992310043,0.04984384464931987,0.500234607059143,0.6371698891550946,0.6937301477549217,0.6653678301475622,0.45620543522600143,0.6124515195770897,1.9378737103325239
False,10.0,-3.0,724840.9577377684,rowcol,0.3994602992529436,0.04984384465159034,0.5002346070914289,0.6371698891899369,0.6937301478394434,0.6653678301823551,0.456205435244428,0.6124515196120335,1.9378737104642236
False,-20.0,2.849999999999998,724840.9577377684,rowcol,0.2646834525668862,0.03217324578718444,0.5345299101440595,0.5403411179246453,0.6186290376571105,0.5477999328434258,0.5177305315108804,0.5339876860432655,1.9439308483568238
False,-80.0,-2.85,724840.9577377684,rowcol,0.26468345256846204,0.032173245788370844,0.5345299101746427,0.5403411179638763,0.6186290376833428,0.5477999328818076,0.5177305315424985,0.5339876860832347,1.9439308484878044
False,40.0,-2.85,724840.9577377684,rowcol,0.26468345256846204,0.03217324578837084,0.5345299101746427,0.5403411179638763,0.6186290376833428,0.5477999328818077,0.5177305315424986,0.5339876860832347,1.9439308484878044
False,-30.0,2.549999999999998,724840.9577377684,rowcol,0.24257953439029775,0.024047356001383344,0.5359581194777914,0.536498503742089,0.6739834792694018,0.5677430143130924,0.5067643369442081,0.5087388891348112,1.9443728621754632
False,90.0,2.549999999999998,724840.9577377684,rowcol,0.24257953439029772,0.024047356001383344,0.5359581194777914,0.536498503742089,0.6739834792694018,0.5677430143130923,0.5067643369442082,0.5087388891348112,1.9443728621754632
False,-90.0,-2.5500000000000003,724840.9577377684,rowcol,0.24257953437197183,0.024047355999482305,0.5359581195014039,0.5364985037559761,0.6739834792169508,0.5677430143070374,0.5067643369864484,0.5087388891674549,1.944372862260188
False,30.0,-2.5500000000000003,724840.9577377684,rowcol,0.24257953437197183,0.024047355999482305,0.5359581195014039,0.5364985037559761,0.6739834792169508,0.5677430143070374,0.5067643369864484,0.508738889167455,1.944372862260188
True,-30.0,2.999999999999998,724840.9577377684,rowcol,0.3458131054126426,0.03381318216137979,0.5511764885997076,0.49263138400362716,0.3400797100114419,0.3471813478741919,0.5814547838662525,0.5877186519725062,1.9461608498027498
True,90.0,2.999999999999998,724840.9577377684,rowcol,0.34581310541264265,0.033813182161379796,0.5511764885997076,0.49263138400362716,0.34007971001144194,0.3471813478741919,0.5814547838662525,0.5877186519725062,1.9461608498027498
False,-40.0,2.849999999999998,724840.9577377684,rowcol,0.26468345244567426,0.03217324678437307,0.5346585162547233,0.5448254241752791,0.6194597073231637,0.5496446388162731,0.5177064886015432,0.5407392674555901,1.948800972939449
False,80.0,2.849999999999998,724840.9577377684,rowcol,0.26468345244567426,0.032173246784373076,0.5346585162547233,0.5448254241752791,0.6194597073231637,0.5496446388162731,0.5177064886015432,0.5407392674555901,1.948800972939449
False,20.0,-2.85,724840.9577377684,rowcol,0.26468345244725006,0.03217324678555947,0.534658516285357,0.5448254242162839,0.6194597073496213,0.5496446388551862,0.5177064886331761,0.5407392674983853,1.9488009730723548
True,-30.0,-3.0,724840.9577377684,rowcol,0.7072912135770966,0.06774816243736922,0.555324314857307,0.4936459243793059,0.6893466763616738,0.41242129511521425,0.5272366742143564,0.5527919128091547,1.959618868951227
True,90.0,-3.0,724840.9577377684,rowcol,0.7072912135770966,0.06774816243736922,0.555324314857307,0.49364592437930593,0.6893466763616739,0.41242129511521425,0.5272366742143564,0.5527919128091546,1.959618868951227
True,-80.0,-2.85,724840.9577377684,rowcol,0.24071048406766438,0.030197886835906507,0.5468020791688893,0.5552140092344554,0.6644250995613903,0.5784218765614816,0.5225166055107867,0.5349175406074833,1.9956202467411235
True,40.0,-2.85,724840.9577377684,rowcol,0.24071048406766438,0.030197886835906507,0.5468020791688893,0.5552140092344554,0.6644250995613903,0.5784218765614816,0.5225166055107867,0.5349175406074833,1.9956202467411235
True,20.0,-2.85,724840.9577377684,rowcol,0.2407104839343806,0.030197887898325042,0.546766818929929,0.5584313658801183,0.6644252129999192,0.5777010321359237,0.5224729538291855,0.5416953923019869,1.9987318226699053
True,-90.0,-2.7,724840.9577377684,rowcol,0.23200119020145776,0.026719254678155988,0.552139593147847,0.5438111443309024,0.6389906080101637,0.5541467101072042,0.5347908433838288,0.5349644836237176,2.0002299237744436
True,30.0,-2.7,724840.9577377684,rowcol,0.23200119020145776,0.02671925467815599,0.552139593147847,0.5438111443309023,0.6389906080101637,0.5541467101072041,0.5347908433838288,0.5349644836237176,2.0002299237744436
False,-30.0,-3.0,724840.9577377684,rowcol,0.7651727525784405,0.07964620400011965,0.5022443510800263,0.7189914292068006,0.4078687409061643,0.8740048855252585,0.5175961292750976,0.556127868836278,2.025724482446879
False,90.0,-3.0,724840.9577377684,rowcol,0.7651727525784405,0.07964620400011965,0.5022443510800263,0.7189914292068006,0.40786874090616443,0.8740048855252582,0.5175961292750976,0.556127868836278,2.025724482446879
False,-90.0,2.999999999999998,724840.9577377684,rowcol,0.7651727525971936,0.07964620400110349,0.5022443511200082,0.7189914292088219,0.4078687408456687,0.8740048854851383,0.5175961293296549,0.5561278688941155,2.0257244825688465
False,30.0,2.999999999999998,724840.9577377684,rowcol,0.7651727525971936,0.07964620400110349,0.5022443511200082,0.7189914292088219,0.4078687408456687,0.8740048854851383,0.5175961293296549,0.5561278688941154,2.0257244825688465
False,-20.0,2.999999999999998,724840.9577377684,rowcol,0.2547714438126111,0.031694237628173534,0.5597460005410347,0.5631674862440118,0.6435796460836039,0.566932617367859,0.5430722468876545,0.5599814534543697,2.042405487867116
False,-80.0,-3.0,724840.9577377684,rowcol,0.2547714438153086,0.03169423762953575,0.5597460005734777,0.5631674862848688,0.6435796461120732,0.5669326174068025,0.543072246921039,0.5599814534968574,2.042405488005302
False,40.0,-3.0,724840.9577377684,rowcol,0.25477144381530853,0.03169423762953575,0.5597460005734777,0.5631674862848688,0.6435796461120732,0.5669326174068025,0.5430722469210391,0.5599814534968572,2.042405488005302
False,-40.0,2.999999999999998,724840.9577377684,rowcol,0.25477144368849364,0.03169423862588092,0.559875277507926,0.5677379324638889,0.6444201519071062,0.5688982308658725,0.5430481195822661,0.5667602948230832,2.047363764987667
False,80.0,2.999999999999998,724840.9577377684,rowcol,0.25477144368849364,0.03169423862588092,0.559875277507926,0.567737932463889,0.6444201519071062,0.5688982308658725,0.5430481195822661,0.5667602948230833,2.047363764987667
False,20.0,-3.0,724840.9577377684,rowcol,0.25477144369119115,0.03169423862724313,0.5598752775404193,0.5677379325064936,0.644420151935802,0.5688982309052624,0.5430481196156656,0.5667602948684021,2.0473637651277516
False,-30.0,2.699999999999998,724840.9577377684,rowcol,0.22861225175529876,0.02268731643657982,0.5635067453423624,0.5656791796878057,0.7030543050467595,0.6001742530050165,0.5341562697765905,0.5349500283197058,2.056199415714893
False,90.0,2.699999999999998,724840.9577377684,rowcol,0.22861225175529873,0.022687316436579823,0.5635067453423624,0.5656791796878056,0.7030543050467595,0.6001742530050165,0.5341562697765905,0.5349500283197058,2.056199415714893
False,-90.0,-2.7,724840.9577377684,rowcol,0.22861225173567967,0.022687316434472644,0.5635067453676509,0.5656791797021906,0.7030543049912267,0.6001742529973668,0.5341562698214545,0.5349500283549271,2.0561994158051435
False,30.0,-2.7,724840.9577377684,rowcol,0.22861225173567967,0.022687316434472644,0.563506745367651,0.5656791797021906,0.7030543049912267,0.6001742529973667,0.5341562698214545,0.5349500283549271,2.0561994158051435
True,-80.0,-3.0,724840.9577377684,rowcol,0.22846340216522446,0.029438335701554182,0.572223401106312,0.5793324006220991,0.689976480192334,0.6004233267017205,0.5480400751662715,0.5609816496876296,2.0960026039410353
True,40.0,-3.0,724840.9577377684,rowcol,0.22846340216522446,0.029438335701554182,0.572223401106312,0.5793324006220991,0.689976480192334,0.6004233267017205,0.5480400751662715,0.5609816496876296,2.0960026039410353
True,20.0,-3.0,724840.9577377684,rowcol,0.22846340202681464,0.02943833677571731,0.5721879340235094,0.5825784081319162,0.6899765951793291,0.5996923579120326,0.5479962660800913,0.5677865707124607,2.0991422102024444
True,-90.0,-2.85,724840.9577377684,rowcol,0.21815754480272612,0.025554897812688,0.5791801849386895,0.5683876345233303,0.6645424676392797,0.5767008735947953,0.562225674024854,0.5613009818788678,2.105928189339399
True,30.0,-2.85,724840.9577377684,rowcol,0.21815754480272612,0.025554897812688,0.5791801849386895,0.5683876345233303,0.6645424676392796,0.5767008735947953,0.5622256740248541,0.5613009818788678,2.105928189339399
False,-30.0,2.849999999999998,724840.9577377684,rowcol,0.21467428568817098,0.021354365396000188,0.591077789909212,0.5951251052827412,0.7321300314560014,0.6330148193042642,0.5615622906748824,0.5612837023663645,2.1683584750103773
False,90.0,2.849999999999998,724840.9577377684,rowcol,0.214674285688171,0.021354365396000188,0.591077789909212,0.5951251052827412,0.7321300314560014,0.6330148193042641,0.5615622906748824,0.5612837023663645,2.1683584750103773
False,-90.0,-2.85,724840.9577377684,rowcol,0.21467428566720817,0.021354365393666665,0.5910777899361794,0.5951251052976148,0.7321300313973876,0.6330148192950222,0.5615622907223701,0.5612837024041634,2.168358475106153
False,30.0,-2.85,724840.9577377684,rowcol,0.21467428566720817,0.021354365393666665,0.5910777899361794,0.5951251052976146,0.7321300313973876,0.6330148192950222,0.5615622907223701,0.5612837024041634,2.168358475106153
True,-90.0,-3.0,724840.9577377684,rowcol,0.20432545316739067,0.02440594780204906,0.6062417599636909,0.5931595562214111,0.6901000772999719,0.5995359079856287,0.5896725648407722,0.587743562675427,2.2118848361124837
True,30.0,-3.0,724840.9577377684,rowcol,0.20432545316739067,0.024405947802049063,0.6062417599636909,0.5931595562214113,0.6901000772999719,0.5995359079856286,0.5896725648407722,0.587743562675427,2.2118848361124837
False,-30.0,2.999999999999998,724840.9577377684,rowcol,0.2007717419217872,0.020053918809164302,0.618668255907009,0.624795452056755,0.761210096933192,0.666197352031642,0.5889804330346137,0.5877234405284857,2.280800219777782
False,90.0,2.999999999999998,724840.9577377684,rowcol,0.20077174192178723,0.020053918809164302,0.618668255907009,0.624795452056755,0.761210096933192,0.6661973520316419,0.5889804330346137,0.5877234405284857,2.280800219777782
False,-90.0,-3.0,724840.9577377684,rowcol,0.20077174189942082,0.020053918806578912,0.6186682559356577,0.6247954520727639,0.7612100968714975,0.6661973520221539,0.5889804330847253,0.5877234405688616,2.280800219879737
False,30.0,-3.0,724840.9577377684,rowcol,0.20077174189942082,0.020053918806578912,0.6186682559356577,0.6247954520727639,0.7612100968714975,0.6661973520221539,0.5889804330847253,0.5877234405688616,2.280800219879737
