edge_width_deg,window_power,edge_bt_gain,edge_params,bt_mode,model_Br_rms,model_Bt_rms,Br_L2_left,Bt_L2_left,Br_L2_middle,Bt_L2_middle,Br_L2_right,Bt_L2_right,Br_L2_edge,Bt_L2_edge,Br_L2_all,Bt_L2_all,objective
12.0,1.0,0.05,closed-form,drive,0.5220211928392419,0.045689514698011933,0.054782792772027834,0.4916649335190938,0.04323153001923717,0.39734187797902526,0.05860265720510746,0.49079184023255235,0.056728750146027664,0.491227085771032,0.045573861813589335,0.4427070925356522,0.2203764067521773
13.0,0.8,0.05,closed-form,drive,0.5200900691487456,0.04678163715921147,0.07134430915709829,0.47292016786864816,0.04365754016228057,0.39577691596429276,0.07425589477559909,0.4713449000930723,0.07281760135652793,0.47213049348273556,0.049291242835941676,0.4323325482312563,0.22609379519166614
12.0,0.8,0.05,closed-form,drive,0.5240542975724551,0.045689514698011933,0.06877388287165509,0.4916649335190938,0.0432315291329677,0.39734187797902526,0.07126607016837166,0.49079184023255235,0.07003358445159404,0.491227085771032,0.04834255002949712,0.4427070925356522,0.22780178697503328
12.0,1.2,0.05,closed-form,drive,0.5202739284084175,0.045689514698011933,0.0698589106834622,0.4916649335190938,0.04323153090550735,0.39734187797902526,0.07319157186974483,0.49079184023255235,0.07154801964387862,0.491227085771032,0.04868326239014478,0.4427070925356522,0.22867255165298056
11.0,1.4,0.05,closed-form,drive,0.5234399296943347,0.04460139190269442,0.06535490379467457,0.5287426729008363,0.043231525587896884,0.3973468923742244,0.06940854906596075,0.5291912693952978,0.06741630175724844,0.5289677868756969,0.04776544683875632,0.46214757213615587,0.23311280270144782
11.0,1.2,0.05,closed-form,drive,0.5246013876220967,0.04460139190269442,0.06684649606901016,0.5287426729008363,0.043231525587896884,0.3973468923742244,0.07047418911225094,0.5291912693952978,0.06868796598131764,0.5289677868756969,0.04804396401270677,0.46214757213615587,0.23383640235382247
11.0,1.6,0.05,closed-form,drive,0.5224101518895472,0.04460139190269442,0.07432396567100191,0.5287426729008363,0.043231525587896884,0.3973468923742244,0.07809615264391805,0.5291912693952978,0.07623720975231175,0.5289677868756969,0.04976848742245847,0.46214757213615587,0.23820316108342213
13.0,1.0,0.05,closed-form,drive,0.5174968824502333,0.04678163715921147,0.09607011825137267,0.47292016786864816,0.04377141527122384,0.39577691596429276,0.0985924293085606,0.4713449000930723,0.0973419956345796,0.47213049348273556,0.05551065010364588,0.4323325482312563,0.24089674045668844
12.0,1.0,0.1,closed-form,drive,0.5220211928392419,0.05474920379712744,0.054782792772027834,0.6096974440678584,0.04323153001923717,0.39733689548664636,0.05860265720510746,0.6080521579800702,0.056728750146027664,0.6088725393743682,0.045573861813589335,0.5050832137219242,0.24220804916737249
11.0,1.0,0.05,closed-form,drive,0.5259279565783433,0.04460139190269442,0.08193174962748967,0.5287426729008363,0.043231525587896884,0.3973468923742244,0.08447747791524848,0.5291912693952978,0.08321692451685518,0.5289677868756969,0.05146349509942079,0.46214757213615587,0.24234106892797463
12.0,1.4,0.05,closed-form,drive,0.5187486845775408,0.045689514698011933,0.09583678715380667,0.4916649335190938,0.04323153179177823,0.39734187797902526,0.09837076479511773,0.49079184023255235,0.09711460469763025,0.491227085771032,0.055089793863626405,0.4427070925356522,0.24402738789527528
12.0,1.0,0.0,closed-form,drive,0.5220211928392419,0.038477168421514926,0.054782792772027834,0.6231807664812077,0.04323153001923717,0.3973468923742244,0.05860265720510746,0.6218955087648171,0.056728750146027664,0.6225362684376134,0.045573861813589335,0.51263978750517,0.24485284999150853
12.0,0.8,0.1,closed-form,drive,0.5240542975724551,0.05474920379712744,0.06877388287165509,0.6096974440678584,0.0432315291329677,0.39733689548664636,0.07126607016837166,0.6080521579800702,0.07003358445159404,0.6088725393743682,0.04834255002949712,0.5050832137219242,0.24963342939022848
11.0,1.4,0.1,closed-form,drive,0.5234399296943347,0.052238916376707106,0.06535490379467457,0.6177210020786713,0.043231525587896884,0.3973468923742244,0.06940854906596075,0.6186192023865604,0.06741630175724844,0.6181718034378474,0.04776544683875632,0.5102214151031431,0.24993864773989335
12.0,1.2,0.1,closed-form,drive,0.5202739284084175,0.05474920379712744,0.0698589106834622,0.6096974440678584,0.04323153090550735,0.39733689548664636,0.07319157186974483,0.6080521579800702,0.07154801964387862,0.6088725393743682,0.04868326239014478,0.5050832137219242,0.25050419406817576
11.0,1.2,0.1,closed-form,drive,0.5246013876220967,0.052238916376707106,0.06684649606901016,0.6177210020786713,0.043231525587896884,0.3973468923742244,0.07047418911225094,0.6186192023865604,0.06868796598131764,0.6181718034378474,0.04804396401270677,0.5102214151031431,0.25066224739226806
11.0,1.4,0.0,closed-form,drive,0.5234399296943347,0.038477168421514926,0.06535490379467457,0.6231807664812077,0.043231525587896884,0.3973468923742244,0.06940854906596075,0.6218955087648171,0.06741630175724844,0.6225362684376134,0.04776544683875632,0.51263978750517,0.25078507808060274
14.0,0.8,0.05,closed-form,drive,0.515596148786347,0.04796666813013194,0.11372640594536924,0.467500571553971,0.04581014072207516,0.3891925833209017,0.1159827106534321,0.465341710213746,0.1148623813473073,0.46641869311216694,0.06171804664598415,0.4262101409406546,0.2510934294467708
11.0,1.2,0.0,closed-form,drive,0.5246013876220967,0.038477168421514926,0.06684649606901016,0.6231807664812077,0.043231525587896884,0.3973468923742244,0.07047418911225094,0.6218955087648171,0.06868796598131764,0.6225362684376134,0.04804396401270677,0.51263978750517,0.25150867773297747
12.0,0.8,0.0,closed-form,drive,0.5240542975724551,0.038477168421514926,0.06877388287165509,0.6231807664812077,0.0432315291329677,0.3973468923742244,0.07126607016837166,0.6218955087648171,0.07003358445159404,0.6225362684376134,0.04834255002949712,0.51263978750517,0.2522782302143645
12.0,1.2,0.0,closed-form,drive,0.5202739284084175,0.038477168421514926,0.0698589106834622,0.6231807664812077,0.04323153090550735,0.3973468923742244,0.07319157186974483,0.6218955087648171,0.07154801964387862,0.6225362684376134,0.04868326239014478,0.51263978750517,0.2531489948923118
13.0,0.8,0.0,closed-form,drive,0.5200900691487456,0.038477168421514926,0.07134430915709829,0.6231807664812077,0.04365754016228057,0.3973468923742244,0.07425589477559909,0.6218955087648171,0.07281760135652793,0.6225362684376134,0.049291242835941676,0.51263978750517,0.254201328937536
11.0,1.6,0.1,closed-form,drive,0.5224101518895472,0.052238916376707106,0.07432396567100191,0.6177210020786713,0.043231525587896884,0.3973468923742244,0.07809615264391805,0.6186192023865604,0.07623720975231175,0.6181718034378474,0.04976848742245847,0.5102214151031431,0.2550290061218677
11.0,1.6,0.0,closed-form,drive,0.5224101518895472,0.038477168421514926,0.07432396567100191,0.6231807664812077,0.043231525587896884,0.3973468923742244,0.07809615264391805,0.6218955087648171,0.07623720975231175,0.6225362684376134,0.04976848742245847,0.51263978750517,0.2558754364625771
13.0,0.8,0.1,closed-form,drive,0.5200900691487456,0.057278519497110776,0.07134430915709829,0.6374113484558587,0.04365754016228057,0.39799627407964994,0.07425589477559909,0.6344663240686598,0.07281760135652793,0.6359354980099252,0.049291242835941676,0.5203682778093529,0.256906300544
11.0,0.8,0.05,closed-form,drive,0.5274682962592977,0.04460139190269442,0.10926985721553073,0.5287426729008363,0.043231525587896884,0.3973468923742244,0.1106896258904743,0.5291912693952978,0.10998346891188229,0.5289677868756969,0.05870077711612707,0.46214757213615587,0.2589466414829404
11.0,1.0,0.1,closed-form,drive,0.5259279565783433,0.052238916376707106,0.08193174962748967,0.6177210020786713,0.043231525587896884,0.3973468923742244,0.08447747791524848,0.6186192023865604,0.08321692451685518,0.6181718034378474,0.05146349509942079,0.5102214151031431,0.2591669139664202
11.0,1.0,0.0,closed-form,drive,0.5259279565783433,0.038477168421514926,0.08193174962748967,0.6231807664812077,0.043231525587896884,0.3973468923742244,0.08447747791524848,0.6218955087648171,0.08321692451685518,0.6225362684376134,0.05146349509942079,0.51263978750517,0.26001334430712963
12.0,1.6,0.05,closed-form,drive,0.5174009996736073,0.045689514698011933,0.12310366983716231,0.4916649335190938,0.04323153267804982,0.39734187797902526,0.12506753263444248,0.49079184023255235,0.12409147311889991,0.491227085771032,0.06288816153327771,0.4427070925356522,0.26126765951237096
10.0,1.6,0.05,closed-form,drive,0.5266475740708034,0.04354853721341865,0.10210173310776446,0.5727867774803354,0.043231525587896884,0.3973468923742244,0.10509421117656768,0.574466594604842,0.10361180361418897,0.5736301774396346,0.05688545186666804,0.48587654965911314,0.2632063755123238
13.0,1.2,0.05,closed-form,drive,0.5152752261631554,0.04678163715921147,0.13242496395140532,0.47292016786864816,0.04388814462195954,0.39577691596429276,0.13435558675520554,0.4713449000930723,0.13339572131349828,0.47213049348273556,0.06612615068851589,0.4323325482312563,0.26413104502917994
12.0,1.4,0.1,closed-form,drive,0.5187486845775408,0.05474920379712744,0.09583678715380667,0.6096974440678584,0.04323153179177823,0.39733689548664636,0.09837076479511773,0.6080521579800702,0.09711460469763025,0.6088725393743682,0.055089793863626405,0.5050832137219242,0.2658590303104705
10.0,1.4,0.05,closed-form,drive,0.5273979278290949,0.04354853721341865,0.10873935948234115,0.5727867774803354,0.043231525587896884,0.3973468923742244,0.1112869601771388,0.574466594604842,0.11002311121643078,0.5736301774396346,0.058712229458092666,0.48587654965911314,0.26727711076453303
12.0,1.4,0.0,closed-form,drive,0.5187486845775408,0.038477168421514926,0.09583678715380667,0.6231807664812077,0.04323153179177823,0.3973468923742244,0.09837076479511773,0.6218955087648171,0.09711460469763025,0.6225362684376134,0.055089793863626405,0.51263978750517,0.2685038311346065
13.0,1.0,0.0,closed-form,drive,0.5174968824502333,0.038477168421514926,0.09607011825137267,0.6231807664812077,0.04377141527122384,0.3973468923742244,0.0985924293085606,0.6218955087648171,0.0973419956345796,0.6225362684376134,0.05551065010364588,0.51263978750517,0.26900427420255824
13.0,1.0,0.1,closed-form,drive,0.5174968824502333,0.057278519497110776,0.09607011825137267,0.6374113484558587,0.04377141527122384,0.39799627407964994,0.0985924293085606,0.6344663240686598,0.0973419956345796,0.6359354980099252,0.05551065010364588,0.5203682778093529,0.2717092458090222
10.0,1.6,0.0,closed-form,drive,0.5266475740708034,0.038477168421514926,0.10210173310776446,0.6231807664812077,0.043231525587896884,0.3973468923742244,0.10509421117656768,0.6218955087648171,0.10361180361418897,0.6225362684376134,0.05688545186666804,0.51263978750517,0.27257350875844366
10.0,1.2,0.05,closed-form,drive,0.5282423382542187,0.04354853721341865,0.11998345018465388,0.5727867774803354,0.043231525587896884,0.3973468923742244,0.12198169587109524,0.574466594604842,0.12098872008061973,0.5736301774396346,0.06194902371576916,0.48587654965911314,0.27435186812467566
11.0,0.8,0.1,closed-form,drive,0.5274682962592977,0.052238916376707106,0.10926985721553073,0.6177210020786713,0.043231525587896884,0.3973468923742244,0.1106896258904743,0.6186192023865604,0.10998346891188229,0.6181718034378474,0.05870077711612707,0.5102214151031431,0.275772486521386
11.0,0.8,0.0,closed-form,drive,0.5274682962592977,0.038477168421514926,0.10926985721553073,0.6231807664812077,0.043231525587896884,0.3973468923742244,0.1106896258904743,0.6218955087648171,0.10998346891188229,0.6225362684376134,0.05870077711612707,0.51263978750517,0.2766189168620954
10.0,1.4,0.0,closed-form,drive,0.5273979278290949,0.038477168421514926,0.10873935948234115,0.6231807664812077,0.043231525587896884,0.3973468923742244,0.1112869601771388,0.6218955087648171,0.11002311121643078,0.6225362684376134,0.058712229458092666,0.51263978750517,0.2766442440106529
10.0,1.6,0.1,closed-form,drive,0.5266475740708034,0.049814351793897226,0.10210173310776446,0.6497377931185789,0.043231525587896884,0.3973468923742244,0.10509421117656768,0.6531157728046203,0.10361180361418897,0.6514347569103904,0.05688545186666804,0.5287887441303942,0.27822564357727214
14.0,1.0,0.05,closed-form,drive,0.51238127890382,0.04796666813013194,0.1582750189157158,0.467500571553971,0.04657223003821682,0.3891925833209017,0.160076002763877,0.465341710213746,0.15917987998239044,0.46641869311216694,0.07577011237573855,0.4262101409406546,0.2806566196988043
14.0,0.8,0.0,closed-form,drive,0.515596148786347,0.038477168421514926,0.11372640594536924,0.6231807664812077,0.04581014072207516,0.3973468923742244,0.1159827106534321,0.6218955087648171,0.1148623813473073,0.6225362684376134,0.06171804664598415,0.51263978750517,0.2813438057443512
10.0,1.4,0.1,closed-form,drive,0.5273979278290949,0.049814351793897226,0.10873935948234115,0.6497377931185789,0.043231525587896884,0.3973468923742244,0.1112869601771388,0.6531157728046203,0.11002311121643078,0.6514347569103904,0.058712229458092666,0.5287887441303942,0.2822963788294814
12.0,1.6,0.1,closed-form,drive,0.5174009996736073,0.05474920379712744,0.12310366983716231,0.6096974440678584,0.04323153267804982,0.39733689548664636,0.12506753263444248,0.6080521579800702,0.12409147311889991,0.6088725393743682,0.06288816153327771,0.5050832137219242,0.28309930192756616
10.0,1.2,0.0,closed-form,drive,0.5282423382542187,0.038477168421514926,0.11998345018465388,0.6231807664812077,0.043231525587896884,0.3973468923742244,0.12198169587109524,0.6218955087648171,0.12098872008061973,0.6225362684376134,0.06194902371576916,0.51263978750517,0.2837190013707956
10.0,1.0,0.05,closed-form,drive,0.5292057087954983,0.04354853721341865,0.1363972077013685,0.5727867774803354,0.043231525587896884,0.3973468923742244,0.13779441835608439,0.574466594604842,0.13709900650985657,0.5736301774396346,0.06692326695902583,0.48587654965911314,0.2849647116181652
12.0,1.6,0.0,closed-form,drive,0.5174009996736073,0.038477168421514926,0.12310366983716231,0.6231807664812077,0.04323153267804982,0.3973468923742244,0.12506753263444248,0.6218955087648171,0.12409147311889991,0.6225362684376134,0.06288816153327771,0.51263978750517,0.2857441027517022
15.0,0.8,0.05,closed-form,drive,0.5106529890774276,0.049364793352787865,0.16549322547078377,0.468442707601343,0.05017788613416867,0.38762015962810764,0.16733148979421544,0.46583950552435466,0.16641675563511615,0.46713846218336935,0.0799966144849925,0.42579167198680384,0.28726956415266447
13.0,1.4,0.05,closed-form,drive,0.513342572547908,0.04678163715921147,0.16894083532555665,0.47292016786864816,0.044007681172432166,0.39577691596429276,0.1704441548859197,0.4713449000930723,0.1696956807411223,0.47213049348273556,0.07796042280264177,0.4323325482312563,0.28867030294297424
10.0,1.2,0.1,closed-form,drive,0.5282423382542187,0.049814351793897226,0.11998345018465388,0.6497377931185789,0.043231525587896884,0.3973468923742244,0.12198169587109524,0.6531157728046203,0.12098872008061973,0.6514347569103904,0.06194902371576916,0.5287887441303942,0.289371136189624
13.0,1.2,0.0,closed-form,drive,0.5152752261631554,0.038477168421514926,0.13242496395140532,0.6231807664812077,0.04388814462195954,0.3973468923742244,0.13435558675520554,0.6218955087648171,0.13339572131349828,0.6225362684376134,0.06612615068851589,0.51263978750517,0.2922385787750498
14.0,0.8,0.1,closed-form,drive,0.515596148786347,0.05995696262783187,0.11372640594536924,0.678461267939072,0.04581014072207516,0.4033747391789623,0.1159827106534321,0.6745908824466842,0.1148623813473073,0.6765222153550752,0.06171804664598415,0.5453971729525504,0.2928088906509343
11.0,1.4,0.15,closed-form,drive,0.5234399296943347,0.060822308106501605,0.06535490379467457,0.8332979866172584,0.043231525587896884,0.3973468923742244,0.06940854906596075,0.8334824399430282,0.06741630175724844,0.8333905342398076,0.04776544683875632,0.6348512374792048,0.2935590855715149
11.0,1.2,0.15,closed-form,drive,0.5246013876220967,0.060822308106501605,0.06684649606901016,0.8332979866172584,0.043231525587896884,0.3973468923742244,0.07047418911225094,0.8334824399430282,0.06868796598131764,0.8333905342398076,0.04804396401270677,0.6348512374792048,0.29428268522388956
10.0,1.0,0.0,closed-form,drive,0.5292057087954983,0.038477168421514926,0.1363972077013685,0.6231807664812077,0.043231525587896884,0.3973468923742244,0.13779441835608439,0.6218955087648171,0.13709900650985657,0.6225362684376134,0.06692326695902583,0.51263978750517,0.2943318448642851
11.0,1.4,-0.05,closed-form,drive,0.5234399296943347,0.034677505308950154,0.06535490379467457,0.8413890878222938,0.043231525587896884,0.3973468923742244,0.06940854906596075,0.8383445533993266,0.06741630175724844,0.839862986724482,0.04776544683875632,0.6387357922771055,0.2949186797507802
13.0,1.2,0.1,closed-form,drive,0.5152752261631554,0.057278519497110776,0.13242496395140532,0.6374113484558587,0.04388814462195954,0.39799627407964994,0.13435558675520554,0.6344663240686598,0.13339572131349828,0.6359354980099252,0.06612615068851589,0.5203682778093529,0.29494355038151376
11.0,1.2,-0.05,closed-form,drive,0.5246013876220967,0.034677505308950154,0.06684649606901016,0.8413890878222938,0.043231525587896884,0.3973468923742244,0.07047418911225094,0.8383445533993266,0.06868796598131764,0.839862986724482,0.04804396401270677,0.6387357922771055,0.29564227940315485
12.0,1.0,0.15,closed-form,drive,0.5220211928392419,0.06488700315915552,0.054782792772027834,0.8822380444436403,0.04323153001923717,0.39733194489828805,0.05860265720510746,0.8793784242167565,0.056728750146027664,0.8808044980286491,0.045573861813589335,0.6634440449203195,0.29763434008681083
11.0,1.6,0.15,closed-form,drive,0.5224101518895472,0.060822308106501605,0.07432396567100191,0.8332979866172584,0.043231525587896884,0.3973468923742244,0.07809615264391805,0.8334824399430282,0.07623720975231175,0.8333905342398076,0.04976848742245847,0.6348512374792048,0.29864944395348925
10.0,0.8,0.05,closed-form,drive,0.5303248848687021,0.04354853721341865,0.158693657231506,0.5727867774803354,0.043231525587896884,0.3973468923742244,0.15948132579463517,0.574466594604842,0.15908877587854667,0.5736301774396346,0.0740465098786533,0.48587654965911314,0.2997843738168342
10.0,1.0,0.1,closed-form,drive,0.5292057087954983,0.049814351793897226,0.1363972077013685,0.6497377931185789,0.043231525587896884,0.3973468923742244,0.13779441835608439,0.6531157728046203,0.13709900650985657,0.6514347569103904,0.06692326695902583,0.5287887441303942,0.2999839796831136
11.0,1.6,-0.05,closed-form,drive,0.5224101518895472,0.034677505308950154,0.07432396567100191,0.8413890878222938,0.043231525587896884,0.3973468923742244,0.07809615264391805,0.8383445533993266,0.07623720975231175,0.839862986724482,0.04976848742245847,0.6387357922771055,0.30000903813275454
12.0,1.0,-0.05,closed-form,drive,0.5220211928392419,0.03429806883211828,0.054782792772027834,0.9008832087913454,0.04323153001923717,0.397351938671036,0.05860265720510746,0.8985319176151768,0.056728750146027664,0.8997043049689013,0.045573861813589335,0.6749362922821627,0.30165662666345594
11.0,1.0,0.15,closed-form,drive,0.5259279565783433,0.060822308106501605,0.08193174962748967,0.8332979866172584,0.043231525587896884,0.3973468923742244,0.08447747791524848,0.8334824399430282,0.08321692451685518,0.8333905342398076,0.05146349509942079,0.6348512374792048,0.3027873517980418
10.0,1.6,-0.05,closed-form,drive,0.5266475740708034,0.035121529487957985,0.10210173310776446,0.7765100936716766,0.043231525587896884,0.3973468923742244,0.10509421117656768,0.7725196950247143,0.10361180361418897,0.7745106310847543,0.05688545186666804,0.5998234128417321,0.3030877776262404
11.0,1.0,-0.05,closed-form,drive,0.5259279565783433,0.034677505308950154,0.08193174962748967,0.8413890878222938,0.043231525587896884,0.3973468923742244,0.08447747791524848,0.8383445533993266,0.08321692451685518,0.839862986724482,0.05146349509942079,0.6387357922771055,0.304146945977307
12.0,0.8,0.15,closed-form,drive,0.5240542975724551,0.06488700315915552,0.06877388287165509,0.8822380444436403,0.0432315291329677,0.39733194489828805,0.07126607016837166,0.8793784242167565,0.07003358445159404,0.8808044980286491,0.04834255002949712,0.6634440449203195,0.3050597203096669
12.0,1.2,0.15,closed-form,drive,0.5202739284084175,0.06488700315915552,0.0698589106834622,0.8822380444436403,0.04323153090550735,0.39733194489828805,0.07319157186974483,0.8793784242167565,0.07154801964387862,0.8808044980286491,0.04868326239014478,0.6634440449203195,0.3059304849876141
9.0,1.6,0.05,closed-form,drive,0.5300917609938579,0.04258985700073863,0.1583881303103085,0.6109629836773344,0.043231525587896884,0.3973468923742244,0.16002363496421654,0.6111081462449909,0.15920963740658656,0.6110358178472531,0.07408654918229421,0.5062794687509077,0.3070077363374172
10.0,1.4,-0.05,closed-form,drive,0.5273979278290949,0.035121529487957985,0.10873935948234115,0.7765100936716766,0.043231525587896884,0.3973468923742244,0.1112869601771388,0.7725196950247143,0.11002311121643078,0.7745106310847543,0.058712229458092666,0.5998234128417321,0.30715851287844964
12.0,0.8,-0.05,closed-form,drive,0.5240542975724551,0.03429806883211828,0.06877388287165509,0.9008832087913454,0.0432315291329677,0.397351938671036,0.07126607016837166,0.8985319176151768,0.07003358445159404,0.8997043049689013,0.04834255002949712,0.6749362922821627,0.309082006886312
10.0,0.8,0.0,closed-form,drive,0.5303248848687021,0.038477168421514926,0.158693657231506,0.6231807664812077,0.043231525587896884,0.3973468923742244,0.15948132579463517,0.6218955087648171,0.15908877587854667,0.6225362684376134,0.0740465098786533,0.51263978750517,0.30915150706295413
9.0,1.6,0.0,closed-form,drive,0.5300917609938579,0.038477168421514926,0.1583881303103085,0.6231807664812077,0.043231525587896884,0.3973468923742244,0.16002363496421654,0.6218955087648171,0.15920963740658656,0.6225362684376134,0.07408654918229421,0.51263978750517,0.309233847901409
12.0,1.2,-0.05,closed-form,drive,0.5202739284084175,0.03429806883211828,0.0698589106834622,0.9008832087913454,0.04323153090550735,0.397351938671036,0.07319157186974483,0.8985319176151768,0.07154801964387862,0.8997043049689013,0.04868326239014478,0.6749362922821627,0.3099527715642592
14.0,1.0,0.0,closed-form,drive,0.51238127890382,0.038477168421514926,0.1582750189157158,0.6231807664812077,0.04657223003821682,0.3973468923742244,0.160076002763877,0.6218955087648171,0.15917987998239044,0.6225362684376134,0.07577011237573855,0.51263978750517,0.31090699599638466
9.0,1.4,0.05,closed-form,drive,0.5306057646524405,0.04258985700073863,0.16573775906899443,0.6109629836773344,0.043231525587896884,0.3973468923742244,0.167083223255908,0.6111081462449909,0.166413212144644,0.6110358178472531,0.07648829187622336,0.5062794687509077,0.31193073018966644
13.0,1.6,0.05,closed-form,drive,0.5116408784915562,0.04678163715921147,0.20322295628066084,0.47292016786864816,0.04412997800064665,0.39577691596429276,0.2044144963847582,0.4713449000930723,0.20382080253526683,0.47213049348273556,0.08973357099224837,0.4323325482312563,0.3123872437605314
14.0,1.2,0.05,closed-form,drive,0.5096365899713525,0.04796666813013194,0.20429684356601346,0.467500571553971,0.04737425984084997,0.3891925833209017,0.20572038611252305,0.465341710213746,0.2050112906253752,0.46641869311216694,0.09153277371674737,0.4262101409406546,0.31246027476485777
10.0,1.6,0.15,closed-form,drive,0.5266475740708034,0.056881245972557205,0.10210173310776446,0.8188881423997953,0.043231525587896884,0.3973468923742244,0.10509421117656768,0.8224348344578607,0.10361180361418897,0.8206694777099041,0.05688545186666804,0.6272352787944968,0.312681930709708
9.0,1.4,0.0,closed-form,drive,0.5306057646524405,0.038477168421514926,0.16573775906899443,0.6231807664812077,0.043231525587896884,0.3973468923742244,0.167083223255908,0.6218955087648171,0.166413212144644,0.6225362684376134,0.07648829187622336,0.51263978750517,0.3141568417536582
10.0,1.2,-0.05,closed-form,drive,0.5282423382542187,0.035121529487957985,0.11998345018465388,0.7765100936716766,0.043231525587896884,0.3973468923742244,0.12198169587109524,0.7725196950247143,0.12098872008061973,0.7745106310847543,0.06194902371576916,0.5998234128417321,0.3142332702385923
10.0,0.8,0.1,closed-form,drive,0.5303248848687021,0.049814351793897226,0.158693657231506,0.6497377931185789,0.043231525587896884,0.3973468923742244,0.15948132579463517,0.6531157728046203,0.15908877587854667,0.6514347569103904,0.0740465098786533,0.5287887441303942,0.31480364188178256
10.0,1.4,0.15,closed-form,drive,0.5273979278290949,0.056881245972557205,0.10873935948234115,0.8188881423997953,0.043231525587896884,0.3973468923742244,0.1112869601771388,0.8224348344578607,0.11002311121643078,0.8206694777099041,0.058712229458092666,0.6272352787944968,0.31675266596191726
13.0,1.4,0.0,closed-form,drive,0.513342572547908,0.038477168421514926,0.16894083532555665,0.6231807664812077,0.044007681172432166,0.3973468923742244,0.1704441548859197,0.6218955087648171,0.1696956807411223,0.6225362684376134,0.07796042280264177,0.51263978750517,0.31677783668884407
15.0,0.8,0.0,closed-form,drive,0.5106529890774276,0.038477168421514926,0.16549322547078377,0.6231807664812077,0.05017788613416867,0.3973468923742244,0.16733148979421544,0.6218955087648171,0.16641675563511615,0.6225362684376134,0.0799966144849925,0.51263978750517,0.3176664045840926
9.0,1.2,0.05,closed-form,drive,0.5311851080803259,0.04258985700073863,0.17536234166382222,0.6109629836773344,0.043231525587896884,0.3973468923742244,0.17638566120757276,0.6111081462449909,0.17587578099190326,0.6110358178472531,0.07968578047079804,0.5062794687509077,0.31844011788078186
11.0,0.8,0.15,closed-form,drive,0.5274682962592977,0.060822308106501605,0.10926985721553073,0.8332979866172584,0.043231525587896884,0.3973468923742244,0.1106896258904743,0.8334824399430282,0.10998346891188229,0.8333905342398076,0.05870077711612707,0.6348512374792048,0.31939292435300753
13.0,1.4,0.1,closed-form,drive,0.513342572547908,0.057278519497110776,0.16894083532555665,0.6374113484558587,0.044007681172432166,0.39799627407964994,0.1704441548859197,0.6344663240686598,0.1696956807411223,0.6359354980099252,0.07796042280264177,0.5203682778093529,0.31948280829530806
9.0,1.2,0.0,closed-form,drive,0.5311851080803259,0.038477168421514926,0.17536234166382222,0.6231807664812077,0.043231525587896884,0.3973468923742244,0.17638566120757276,0.6218955087648171,0.17587578099190326,0.6225362684376134,0.07968578047079804,0.51263978750517,0.3206662294447737
11.0,0.8,-0.05,closed-form,drive,0.5274682962592977,0.034677505308950154,0.10926985721553073,0.8413890878222938,0.043231525587896884,0.3973468923742244,0.1106896258904743,0.8383445533993266,0.10998346891188229,0.839862986724482,0.05870077711612707,0.6387357922771055,0.3207525185322728
9.0,1.6,0.1,closed-form,drive,0.5300917609938579,0.04759977984684247,0.1583881303103085,0.6829041343221973,0.043231525587896884,0.3973468923742244,0.16002363496421654,0.6837943930314626,0.15920963740658656,0.6833509331249592,0.07408654918229421,0.5468805896214067,0.3212181286420918
12.0,1.4,0.15,closed-form,drive,0.5187486845775408,0.06488700315915552,0.09583678715380667,0.8822380444436403,0.04323153179177823,0.39733194489828805,0.09837076479511773,0.8793784242167565,0.09711460469763025,0.8808044980286491,0.055089793863626405,0.6634440449203195,0.3212853212299088
13.0,0.8,-0.05,closed-form,drive,0.5200900691487456,0.03401090323860025,0.07134430915709829,0.9488917613436749,0.04365754016228057,0.4026618819667731,0.07425589477559909,0.9467373148405551,0.07281760135652793,0.9478114609779006,0.049291242835941676,0.7060081465322585,0.32188025459701697
14.0,1.0,0.1,closed-form,drive,0.51238127890382,0.05995696262783187,0.1582750189157158,0.678461267939072,0.04657223003821682,0.4033747391789623,0.160076002763877,0.6745908824466842,0.15917987998239044,0.6765222153550752,0.07577011237573855,0.5453971729525504,0.3223720809029678
10.0,1.2,0.15,closed-form,drive,0.5282423382542187,0.056881245972557205,0.11998345018465388,0.8188881423997953,0.043231525587896884,0.3973468923742244,0.12198169587109524,0.8224348344578607,0.12098872008061973,0.8206694777099041,0.06194902371576916,0.6272352787944968,0.3238274233220599
10.0,1.0,-0.05,closed-form,drive,0.5292057087954983,0.035121529487957985,0.1363972077013685,0.7765100936716766,0.043231525587896884,0.3973468923742244,0.13779441835608439,0.7725196950247143,0.13709900650985657,0.7745106310847543,0.06692326695902583,0.5998234128417321,0.32484611373208183
12.0,1.4,-0.05,closed-form,drive,0.5187486845775408,0.03429806883211828,0.09583678715380667,0.9008832087913454,0.04323153179177823,0.397351938671036,0.09837076479511773,0.8985319176151768,0.09711460469763025,0.8997043049689013,0.055089793863626405,0.6749362922821627,0.32530760780655393
13.0,0.8,0.15,closed-form,drive,0.5200900691487456,0.06897401069382567,0.07134430915709829,0.9676122640822215,0.04365754016228057,0.4039425129801074,0.07425589477559909,0.9632748976394009,0.07281760135652793,0.9654385893358877,0.049291242835941676,0.7172270830105113,0.32580688236440536
9.0,1.4,0.1,closed-form,drive,0.5306057646524405,0.04759977984684247,0.16573775906899443,0.6829041343221973,0.043231525587896884,0.3973468923742244,0.167083223255908,0.6837943930314626,0.166413212144644,0.6833509331249592,0.07648829187622336,0.5468805896214067,0.3261411224943411
15.0,1.0,0.05,closed-form,drive,0.5067744318617403,0.049364793352787865,0.22145636160748494,0.468442707601343,0.05240172689228632,0.38762015962810764,0.222929716450086,0.46583950552435466,0.2221957508294626,0.46713846218336935,0.09967138525584757,0.42579167198680384,0.3264669832415408
9.0,1.0,0.05,closed-form,drive,0.5318484077052114,0.04258985700073863,0.1878794388714679,0.6109629836773344,0.043231525587896884,0.3973468923742244,0.188549936132539,0.6111081462449909,0.18821566441595008,0.6110358178472531,0.08391967184795912,0.5062794687509077,0.3269929684563593
9.0,1.6,-0.05,closed-form,drive,0.5300917609938579,0.035574270936319284,0.1583881303103085,0.7152576861096521,0.043231525587896884,0.3973468923742244,0.16002363496421654,0.7123744409970441,0.15920963740658656,0.7138125820456325,0.07408654918229421,0.5643760564274422,0.32734154202420424
16.0,0.8,0.05,closed-form,drive,0.5054188997700635,0.050540081613869275,0.21729193897597446,0.4716938534249563,0.05689115578631593,0.3989629750288883,0.2188845306292557,0.468768180675617,0.2180912997490932,0.47022828250082643,0.10035329008773806,0.43297570244658556,0.3282267408562256
9.0,1.0,0.0,closed-form,drive,0.5318484077052114,0.038477168421514926,0.1878794388714679,0.6231807664812077,0.043231525587896884,0.3973468923742244,0.188549936132539,0.6218955087648171,0.18821566441595008,0.6225362684376134,0.08391967184795912,0.51263978750517,0.32921908002035116
9.0,1.4,-0.05,closed-form,drive,0.5306057646524405,0.035574270936319284,0.16573775906899443,0.7152576861096521,0.043231525587896884,0.3973468923742244,0.167083223255908,0.7123744409970441,0.166413212144644,0.7138125820456325,0.07648829187622336,0.5643760564274422,0.33226453587645344
9.0,1.2,0.1,closed-form,drive,0.5311851080803259,0.04759977984684247,0.17536234166382222,0.6829041343221973,0.043231525587896884,0.3973468923742244,0.17638566120757276,0.6837943930314626,0.17587578099190326,0.6833509331249592,0.07968578047079804,0.5468805896214067,0.33265051018545655
10.0,1.0,0.15,closed-form,drive,0.5292057087954983,0.056881245972557205,0.1363972077013685,0.8188881423997953,0.043231525587896884,0.3973468923742244,0.13779441835608439,0.8224348344578607,0.13709900650985657,0.8206694777099041,0.06692326695902583,0.6272352787944968,0.33444026681554945
13.0,1.0,-0.05,closed-form,drive,0.5174968824502333,0.03401090323860025,0.09607011825137267,0.9488917613436749,0.04377141527122384,0.4026618819667731,0.0985924293085606,0.9467373148405551,0.0973419956345796,0.9478114609779006,0.05551065010364588,0.7060081465322585,0.3366831998620392
9.0,0.8,0.05,closed-form,drive,0.5326235681783368,0.04258985700073863,0.2041761107700268,0.6109629836773344,0.043231525587896884,0.3973468923742244,0.20446471691139367,0.6111081462449909,0.2043207567815134,0.6110358178472531,0.08953873330767485,0.5062794687509077,0.3382488122440222
12.0,1.6,0.15,closed-form,drive,0.5174009996736073,0.06488700315915552,0.12310366983716231,0.8822380444436403,0.04323153267804982,0.39733194489828805,0.12506753263444248,0.8793784242167565,0.12409147311889991,0.8808044980286491,0.06288816153327771,0.6634440449203195,0.3385255928470045
9.0,1.2,-0.05,closed-form,drive,0.5311851080803259,0.035574270936319284,0.17536234166382222,0.7152576861096521,0.043231525587896884,0.3973468923742244,0.17638566120757276,0.7123744409970441,0.17587578099190326,0.7138125820456325,0.07968578047079804,0.5643760564274422,0.3387739235675689
10.0,0.8,-0.05,closed-form,drive,0.5303248848687021,0.035121529487957985,0.158693657231506,0.7765100936716766,0.043231525587896884,0.3973468923742244,0.15948132579463517,0.7725196950247143,0.15908877587854667,0.7745106310847543,0.0740465098786533,0.5998234128417321,0.33966577593075087
9.0,0.8,0.0,closed-form,drive,0.5326235681783368,0.038477168421514926,0.2041761107700268,0.6231807664812077,0.043231525587896884,0.3973468923742244,0.20446471691139367,0.6218955087648171,0.2043207567815134,0.6225362684376134,0.08953873330767485,0.51263978750517,0.34047492380801403
13.0,1.6,0.0,closed-form,drive,0.5116408784915562,0.038477168421514926,0.20322295628066084,0.6231807664812077,0.04412997800064665,0.3973468923742244,0.2044144963847582,0.6218955087648171,0.20382080253526683,0.6225362684376134,0.08973357099224837,0.51263978750517,0.3404947775064012
13.0,1.0,0.15,closed-form,drive,0.5174968824502333,0.06897401069382567,0.09607011825137267,0.9676122640822215,0.04377141527122384,0.4039425129801074,0.0985924293085606,0.9632748976394009,0.0973419956345796,0.9654385893358877,0.05551065010364588,0.7172270830105113,0.34060982762942765
15.0,0.8,0.1,closed-form,drive,0.5106529890774276,0.06294099527572256,0.16549322547078377,0.7167154870050166,0.05017788613416867,0.4351957287145452,0.16733148979421544,0.7122186983827682,0.16641675563511615,0.7144629302070591,0.0799966144849925,0.5797075730181169,0.34114012951362405
9.0,1.0,0.1,closed-form,drive,0.5318484077052114,0.04759977984684247,0.1878794388714679,0.6829041343221973,0.043231525587896884,0.3973468923742244,0.188549936132539,0.6837943930314626,0.18821566441595008,0.6833509331249592,0.08391967184795912,0.5468805896214067,0.34120336076103397
12.0,1.6,-0.05,closed-form,drive,0.5174009996736073,0.03429806883211828,0.12310366983716231,0.9008832087913454,0.04323153267804982,0.397351938671036,0.12506753263444248,0.8985319176151768,0.12409147311889991,0.8997043049689013,0.06288816153327771,0.6749362922821627,0.3425478794236496
14.0,1.2,0.0,closed-form,drive,0.5096365899713525,0.038477168421514926,0.20429684356601346,0.6231807664812077,0.04737425984084997,0.3973468923742244,0.20572038611252305,0.6218955087648171,0.2050112906253752,0.6225362684376134,0.09153277371674737,0.51263978750517,0.3427106510624382
14.0,1.4,0.05,closed-form,drive,0.5072572790174579,0.04796666813013194,0.2473997742245308,0.467500571553971,0.04821295255142984,0.3891925833209017,0.24853952262213655,0.465341710213746,0.24797145633395393,0.46641869311216694,0.10698761245566743,0.4262101409406546,0.34295117150178045
13.0,1.6,0.1,closed-form,drive,0.5116408784915562,0.057278519497110776,0.20322295628066084,0.6374113484558587,0.04412997800064665,0.39799627407964994,0.2044144963847582,0.6344663240686598,0.20382080253526683,0.6359354980099252,0.08973357099224837,0.5203682778093529,0.3431997491128652
8.0,1.6,0.0,closed-form,drive,0.5327239435612167,0.038477168421514926,0.20923685495613145,0.6231807664812077,0.043231525587896884,0.3973468923742244,0.20993227795385827,0.6218955087648171,0.20958555844912558,0.6225362684376134,0.0913955928487531,0.51263978750517,0.3441744639327566
8.0,1.6,0.05,closed-form,drive,0.5327239435612167,0.04180532578889303,0.20923685495613145,0.6356862469102227,0.043231525587896884,0.3973468923742244,0.20993227795385827,0.6352004090171666,0.20958555844912558,0.6354425424495533,0.0913955928487531,0.519823334223532,0.3466887052841832
10.0,1.6,-0.1,closed-form,drive,0.5266475740708034,0.03399357475959448,0.10210173310776446,0.9858629042833381,0.043231525587896884,0.3973468923742244,0.10509421117656768,0.9798519451705772,0.10361180361418897,0.9828517268126737,0.05688545186666804,0.7259764087681614,0.34724132620049064
9.0,1.0,-0.05,closed-form,drive,0.5318484077052114,0.035574270936319284,0.1878794388714679,0.7152576861096521,0.043231525587896884,0.3973468923742244,0.188549936132539,0.7123744409970441,0.18821566441595008,0.7138125820456325,0.08391967184795912,0.5643760564274422,0.3473267741431464
8.0,1.4,0.0,closed-form,drive,0.5330530791933853,0.038477168421514926,0.21469576575235078,0.6231807664812077,0.043231525587896884,0.3973468923742244,0.21521452485486048,0.6218955087648171,0.2149558266247385,0.6225362684376134,0.09329876611118566,0.51263978750517,0.34795723105665366
9.0,1.6,0.15,closed-form,drive,0.5300917609938579,0.05325431302825285,0.1583881303103085,0.817068623472608,0.043231525587896884,0.3973468923742244,0.16002363496421654,0.817996846219276,0.15920963740658656,0.8175344560639027,0.07408654918229421,0.6253622855683054,0.3486867222235064
10.0,0.8,0.15,closed-form,drive,0.5303248848687021,0.056881245972557205,0.158693657231506,0.8188881423997953,0.043231525587896884,0.3973468923742244,0.15948132579463517,0.8224348344578607,0.15908877587854667,0.8206694777099041,0.0740465098786533,0.6272352787944968,0.34925992901421854
8.0,1.4,0.05,closed-form,drive,0.5330530791933853,0.04180532578889303,0.21469576575235078,0.6356862469102227,0.043231525587896884,0.3973468923742244,0.21521452485486048,0.6352004090171666,0.2149558266247385,0.6354425424495533,0.09329876611118566,0.519823334223532,0.35047147240808035
10.0,1.4,-0.1,closed-form,drive,0.5273979278290949,0.03399357475959448,0.10873935948234115,0.9858629042833381,0.043231525587896884,0.3973468923742244,0.1112869601771388,0.9798519451705772,0.11002311121643078,0.9828517268126737,0.058712229458092666,0.7259764087681614,0.3513120614526999
11.0,1.4,0.2,closed-form,drive,0.5234399296943347,0.07000450340675644,0.06535490379467457,1.1036248041885508,0.043231525587896884,0.3973468923742244,0.06940854906596075,1.1027480129205425,0.06741630175724844,1.1031849942493355,0.04776544683875632,0.8010686501969819,0.3517351800227369
11.0,1.2,0.2,closed-form,drive,0.5246013876220967,0.07000450340675644,0.06684649606901016,1.1036248041885508,0.043231525587896884,0.3973468923742244,0.07047418911225094,1.1027480129205425,0.06868796598131764,1.1031849942493355,0.04804396401270677,0.8010686501969819,0.3524587796751116
9.0,0.8,0.1,closed-form,drive,0.5326235681783368,0.04759977984684247,0.2041761107700268,0.6829041343221973,0.043231525587896884,0.3973468923742244,0.20446471691139367,0.6837943930314626,0.2043207567815134,0.6833509331249592,0.08953873330767485,0.5468805896214067,0.3524592045486969
8.0,1.2,0.0,closed-form,drive,0.5334276981998841,0.038477168421514926,0.22158190147831533,0.6231807664812077,0.043231525587896884,0.3973468923742244,0.22190288630229277,0.6218955087648171,0.22174277671148726,0.6225362684376134,0.09571631878495537,0.51263978750517,0.3527502162607854
8.0,1.6,-0.05,closed-form,drive,0.5327239435612167,0.03596250627862255,0.20923685495613145,0.6675856577690269,0.043231525587896884,0.3973468923742244,0.20993227795385827,0.6652735167468664,0.20958555844912558,0.6664266306876938,0.0913955928487531,0.537254970919968,0.3527897781279358
11.0,1.4,-0.1,closed-form,drive,0.5234399296943347,0.03399109903786075,0.06535490379467457,1.112795040575442,0.043231525587896884,0.3973468923742244,0.06940854906596075,1.1082626488254503,0.06741630175724844,1.11052339570168,0.04776544683875632,0.8056872595733972,0.35335169330448224
9.0,1.4,0.15,closed-form,drive,0.5306057646524405,0.05325431302825285,0.16573775906899443,0.817068623472608,0.043231525587896884,0.3973468923742244,0.167083223255908,0.817996846219276,0.166413212144644,0.8175344560639027,0.07648829187622336,0.6253622855683054,0.35360971607575564
11.0,1.2,-0.1,closed-form,drive,0.5246013876220967,0.03399109903786075,0.06684649606901016,1.112795040575442,0.043231525587896884,0.3973468923742244,0.07047418911225094,1.1082626488254503,0.06868796598131764,1.11052339570168,0.04804396401270677,0.8056872595733972,0.3540752929568569
14.0,1.2,0.1,closed-form,drive,0.5096365899713525,0.05995696262783187,0.20429684356601346,0.678461267939072,0.04737425984084997,0.4033747391789623,0.20572038611252305,0.6745908824466842,0.2050112906253752,0.6765222153550752,0.09153277371674737,0.5453971729525504,0.3541757359690213
8.0,1.2,0.05,closed-form,drive,0.5334276981998841,0.04180532578889303,0.22158190147831533,0.6356862469102227,0.043231525587896884,0.3973468923742244,0.22190288630229277,0.6352004090171666,0.22174277671148726,0.6354425424495533,0.09571631878495537,0.519823334223532,0.3552644576122121
16.0,0.8,0.0,closed-form,drive,0.5054188997700635,0.038477168421514926,0.21729193897597446,0.6231807664812077,0.05689115578631593,0.3973468923742244,0.2188845306292557,0.6218955087648171,0.2180912997490932,0.6225362684376134,0.10035329008773806,0.51263978750517,0.3561091706267302
8.0,1.4,-0.05,closed-form,drive,0.5330530791933853,0.03596250627862255,0.21469576575235078,0.6675856577690269,0.043231525587896884,0.3973468923742244,0.21521452485486048,0.6652735167468664,0.2149558266247385,0.6664266306876938,0.09329876611118566,0.537254970919968,0.3565725452518329
11.0,1.6,0.2,closed-form,drive,0.5224101518895472,0.07000450340675644,0.07432396567100191,1.1036248041885508,0.043231525587896884,0.3973468923742244,0.07809615264391805,1.1027480129205425,0.07623720975231175,1.1031849942493355,0.04976848742245847,0.8010686501969819,0.35682553840471126
15.0,1.0,0.0,closed-form,drive,0.5067744318617403,0.038477168421514926,0.22145636160748494,0.6231807664812077,0.05240172689228632,0.3973468923742244,0.222929716450086,0.6218955087648171,0.2221957508294626,0.6225362684376134,0.09967138525584757,0.51263978750517,0.356863823672969
9.0,1.6,-0.1,closed-form,drive,0.5300917609938579,0.0341907108449421,0.1583881303103085,0.8619707865724892,0.043231525587896884,0.3973468923742244,0.16002363496421654,0.8576847483189787,0.15920963740658656,0.8598230986613091,0.07408654918229421,0.6507543657052468,0.35757395027143585
10.0,1.2,-0.1,closed-form,drive,0.5282423382542187,0.03399357475959448,0.11998345018465388,0.9858629042833381,0.043231525587896884,0.3973468923742244,0.12198169587109524,0.9798519451705772,0.12098872008061973,0.9828517268126737,0.06194902371576916,0.7259764087681614,0.3583868188128425
11.0,1.6,-0.1,closed-form,drive,0.5224101518895472,0.03399109903786075,0.07432396567100191,1.112795040575442,0.043231525587896884,0.3973468923742244,0.07809615264391805,1.1082626488254503,0.07623720975231175,1.11052339570168,0.04976848742245847,0.8056872595733972,0.3584420516864566
9.0,0.8,-0.05,closed-form,drive,0.5326235681783368,0.035574270936319284,0.2041761107700268,0.7152576861096521,0.043231525587896884,0.3973468923742244,0.20446471691139367,0.7123744409970441,0.2043207567815134,0.7138125820456325,0.08953873330767485,0.5643760564274422,0.35858261793080926
8.0,1.0,0.0,closed-form,drive,0.5338618281882921,0.038477168421514926,0.23039270278554203,0.6231807664812077,0.043231525587896884,0.3973468923742244,0.23049151412227853,0.6218955087648171,0.23044221371769139,0.6225362684376134,0.09883371449571203,0.51263978750517,0.3589124149237135
10.0,1.6,0.2,closed-form,drive,0.5266475740708034,0.06448639073216705,0.10210173310776446,1.0360214584290548,0.043231525587896884,0.3973468923742244,0.10509421117656768,1.039003561614464,0.10361180361418897,1.0375186879621343,0.05688545186666804,0.7599313775893697,0.35912556528791356
14.0,0.8,-0.05,closed-form,drive,0.515596148786347,0.03367359621794884,0.11372640594536924,0.9847345540905637,0.04581014072207516,0.4265585986826022,0.1159827106534321,0.9827035200668544,0.1148623813473073,0.9837160833168471,0.06171804664598415,0.7354532471494799,0.3593285166198596
8.0,1.6,0.1,closed-form,drive,0.5327239435612167,0.045769861061330984,0.20923685495613145,0.7020675329731477,0.043231525587896884,0.3973468923742244,0.20993227795385827,0.7019725489404257,0.20958555844912558,0.7020198799131863,0.0913955928487531,0.5575779272783199,0.359902812853359
13.0,1.2,-0.05,closed-form,drive,0.5152752261631554,0.03401090323860025,0.13242496395140532,0.9488917613436749,0.04388814462195954,0.4026618819667731,0.13435558675520554,0.9467373148405551,0.13339572131349828,0.9478114609779006,0.06612615068851589,0.7060081465322585,0.35991750443453074
9.0,1.2,0.15,closed-form,drive,0.5311851080803259,0.05325431302825285,0.17536234166382222,0.817068623472608,0.043231525587896884,0.3973468923742244,0.17638566120757276,0.817996846219276,0.17587578099190326,0.8175344560639027,0.07968578047079804,0.6253622855683054,0.36011910376687106
11.0,1.0,0.2,closed-form,drive,0.5259279565783433,0.07000450340675644,0.08193174962748967,1.1036248041885508,0.043231525587896884,0.3973468923742244,0.08447747791524848,1.1027480129205425,0.08321692451685518,1.1031849942493355,0.05146349509942079,0.8010686501969819,0.36096344624926374
8.0,1.2,-0.05,closed-form,drive,0.5334276981998841,0.03596250627862255,0.22158190147831533,0.6675856577690269,0.043231525587896884,0.3973468923742244,0.22190288630229277,0.6652735167468664,0.22174277671148726,0.6664266306876938,0.09571631878495537,0.537254970919968,0.36136553045596465
8.0,1.0,0.05,closed-form,drive,0.5338618281882921,0.04180532578889303,0.23039270278554203,0.6356862469102227,0.043231525587896884,0.3973468923742244,0.23049151412227853,0.6352004090171666,0.23044221371769139,0.6354425424495533,0.09883371449571203,0.519823334223532,0.3614266562751402
9.0,1.4,-0.1,closed-form,drive,0.5306057646524405,0.0341907108449421,0.16573775906899443,0.8619707865724892,0.043231525587896884,0.3973468923742244,0.167083223255908,0.8576847483189787,0.166413212144644,0.8598230986613091,0.07648829187622336,0.6507543657052468,0.3624969441236851
11.0,1.0,-0.1,closed-form,drive,0.5259279565783433,0.03399109903786075,0.08193174962748967,1.112795040575442,0.043231525587896884,0.3973468923742244,0.08447747791524848,1.1082626488254503,0.08321692451685518,1.11052339570168,0.05146349509942079,0.8056872595733972,0.3625799595310091
10.0,1.4,0.2,closed-form,drive,0.5273979278290949,0.06448639073216705,0.10873935948234115,1.0360214584290548,0.043231525587896884,0.3973468923742244,0.1112869601771388,1.039003561614464,0.11002311121643078,1.0375186879621343,0.058712229458092666,0.7599313775893697,0.3631963005401228
8.0,1.4,0.1,closed-form,drive,0.5330530791933853,0.045769861061330984,0.21469576575235078,0.7020675329731477,0.043231525587896884,0.3973468923742244,0.21521452485486048,0.7019725489404257,0.2149558266247385,0.7020198799131863,0.09329876611118566,0.5575779272783199,0.3636855799772561
13.0,1.2,0.15,closed-form,drive,0.5152752261631554,0.06897401069382567,0.13242496395140532,0.9676122640822215,0.04388814462195954,0.4039425129801074,0.13435558675520554,0.9632748976394009,0.13339572131349828,0.9654385893358877,0.06612615068851589,0.7172270830105113,0.36384413220191925
15.0,1.2,0.05,closed-form,drive,0.5034769646440258,0.049364793352787865,0.2745911530351804,0.468442707601343,0.05475339101950197,0.38762015962810764,0.2757756944836599,0.46583950552435466,0.27518525952145706,0.46713846218336935,0.11920980616133625,0.42579167198680384,0.36455173218922754
8.0,0.8,0.0,closed-form,drive,0.5343765473289392,0.038477168421514926,0.24186124756593916,0.6231807664812077,0.043231525587896884,0.3973468923742244,0.241709743547728,0.6218955087648171,0.24178535414650623,0.6225362684376134,0.10292692567069354,0.51263978750517,0.3669757252487802
8.0,1.0,-0.05,closed-form,drive,0.5338618281882921,0.03596250627862255,0.23039270278554203,0.6675856577690269,0.043231525587896884,0.3973468923742244,0.23049151412227853,0.6652735167468664,0.23044221371769139,0.6664266306876938,0.09883371449571203,0.537254970919968,0.3675277291188928
8.0,1.2,0.1,closed-form,drive,0.5334276981998841,0.045769861061330984,0.22158190147831533,0.7020675329731477,0.043231525587896884,0.3973468923742244,0.22190288630229277,0.7019725489404257,0.22174277671148726,0.7020198799131863,0.09571631878495537,0.5575779272783199,0.3684785651813879
9.0,1.0,0.15,closed-form,drive,0.5318484077052114,0.05325431302825285,0.1878794388714679,0.817068623472608,0.043231525587896884,0.3973468923742244,0.188549936132539,0.817996846219276,0.18821566441595008,0.8175344560639027,0.08391967184795912,0.6253622855683054,0.3686719543424485
12.0,1.0,0.2,closed-form,drive,0.5220211928392419,0.07567083547186752,0.054782792772027834,1.2089554946874237,0.04323153001923717,0.39732702621514276,0.05860265720510746,1.2048292779062233,0.056728750146027664,1.206887083958159,0.045573861813589335,0.866681264162942,0.3687673668217287
10.0,1.0,-0.1,closed-form,drive,0.5292057087954983,0.03399357475959448,0.1363972077013685,0.9858629042833381,0.043231525587896884,0.3973468923742244,0.13779441835608439,0.9798519451705772,0.13709900650985657,0.9828517268126737,0.06692326695902583,0.7259764087681614,0.3689996623063321
9.0,1.2,-0.1,closed-form,drive,0.5311851080803259,0.0341907108449421,0.17536234166382222,0.8619707865724892,0.043231525587896884,0.3973468923742244,0.17638566120757276,0.8576847483189787,0.17587578099190326,0.8598230986613091,0.07968578047079804,0.6507543657052468,0.3690063318148006
8.0,0.8,0.05,closed-form,drive,0.5343765473289392,0.04180532578889303,0.24186124756593916,0.6356862469102227,0.043231525587896884,0.3973468923742244,0.241709743547728,0.6352004090171666,0.24178535414650623,0.6354425424495533,0.10292692567069354,0.519823334223532,0.3694899666002069
10.0,1.2,0.2,closed-form,drive,0.5282423382542187,0.06448639073216705,0.11998345018465388,1.0360214584290548,0.043231525587896884,0.3973468923742244,0.12198169587109524,1.039003561614464,0.12098872008061973,1.0375186879621343,0.06194902371576916,0.7599313775893697,0.37027105790026543
8.0,1.6,-0.1,closed-form,drive,0.5327239435612167,0.03443999664086085,0.20923685495613145,0.7589769645721808,0.043231525587896884,0.3973468923742244,0.20993227795385827,0.755634861824316,0.20958555844912558,0.7573020338433821,0.0913955928487531,0.589700224637806,0.37114561692917913
14.0,1.6,0.05,closed-form,drive,0.5051692424971337,0.04796666813013194,0.2869188209739899,0.467500571553971,0.04908519287177918,0.3891925833209017,0.2878380964891992,0.465341710213746,0.28737975633767393,0.46641869311216694,0.12153526390864845,0.4262101409406546,0.3712917279560634
14.0,1.4,0.0,closed-form,drive,0.5072572790174579,0.038477168421514926,0.2473997742245308,0.6231807664812077,0.04821295255142984,0.3973468923742244,0.24853952262213655,0.6218955087648171,0.24797145633395393,0.6225362684376134,0.10698761245566743,0.51263978750517,0.3732015477993608
12.0,1.0,-0.1,closed-form,drive,0.5220211928392419,0.03428012340942112,0.054782792772027834,1.2294076912735628,0.04323153001923717,0.39735701686824476,0.05860265720510746,1.2258439459788197,0.056728750146027664,1.227621009258614,0.045573861813589335,0.8798908514697216,0.3733907223791016
8.0,1.0,0.1,closed-form,drive,0.5338618281882921,0.045769861061330984,0.23039270278554203,0.7020675329731477,0.043231525587896884,0.3973468923742244,0.23049151412227853,0.7019725489404257,0.23044221371769139,0.7020198799131863,0.09883371449571203,0.5575779272783199,0.374640763844316
16.0,1.0,0.05,closed-form,drive,0.5008723469185751,0.050540081613869275,0.28162684540846317,0.4716938534249563,0.06140742868917615,0.3989629750288883,0.28290826061457375,0.468768180675617,0.2822695765727528,0.47022828250082643,0.12439299293659238,0.43297570244658556,0.3747288405933608
8.0,1.4,-0.1,closed-form,drive,0.5330530791933853,0.03443999664086085,0.21469576575235078,0.7589769645721808,0.043231525587896884,0.3973468923742244,0.21521452485486048,0.755634861824316,0.2149558266247385,0.7573020338433821,0.09329876611118566,0.589700224637806,0.3749283840530762
14.0,0.8,0.15,closed-form,drive,0.515596148786347,0.0732297810858715,0.11372640594536924,1.055278631823234,0.04581014072207516,0.43772764679255755,0.1159827106534321,1.0499256535909944,0.1148623813473073,1.0525963790901327,0.06171804664598415,0.781158452431573,0.3753253384685922
8.0,0.8,-0.05,closed-form,drive,0.5343765473289392,0.03596250627862255,0.24186124756593916,0.6675856577690269,0.043231525587896884,0.3973468923742244,0.241709743547728,0.6652735167468664,0.24178535414650623,0.6664266306876938,0.10292692567069354,0.537254970919968,0.3755910394439595
12.0,0.8,0.2,closed-form,drive,0.5240542975724551,0.07567083547186752,0.06877388287165509,1.2089554946874237,0.0432315291329677,0.39732702621514276,0.07126607016837166,1.2048292779062233,0.07003358445159404,1.206887083958159,0.04834255002949712,0.866681264162942,0.3761927470445847
12.0,1.2,0.2,closed-form,drive,0.5202739284084175,0.07567083547186752,0.0698589106834622,1.2089554946874237,0.04323153090550735,0.39732702621514276,0.07319157186974483,1.2048292779062233,0.07154801964387862,1.206887083958159,0.04868326239014478,0.866681264162942,0.37706351172253194
9.0,1.0,-0.1,closed-form,drive,0.5318484077052114,0.0341907108449421,0.1878794388714679,0.8619707865724892,0.043231525587896884,0.3973468923742244,0.188549936132539,0.8576847483189787,0.18821566441595008,0.8598230986613091,0.08391967184795912,0.6507543657052468,0.377559182390378
11.0,0.8,0.2,closed-form,drive,0.5274682962592977,0.07000450340675644,0.10926985721553073,1.1036248041885508,0.043231525587896884,0.3973468923742244,0.1106896258904743,1.1027480129205425,0.10998346891188229,1.1031849942493355,0.05870077711612707,0.8010686501969819,0.37756901880422955
11.0,0.8,-0.1,closed-form,drive,0.5274682962592977,0.03399109903786075,0.10926985721553073,1.112795040575442,0.043231525587896884,0.3973468923742244,0.1106896258904743,1.1082626488254503,0.10998346891188229,1.11052339570168,0.05870077711612707,0.8056872595733972,0.3791855320859749
8.0,1.2,-0.1,closed-form,drive,0.5334276981998841,0.03443999664086085,0.22158190147831533,0.7589769645721808,0.043231525587896884,0.3973468923742244,0.22190288630229277,0.755634861824316,0.22174277671148726,0.7573020338433821,0.09571631878495537,0.589700224637806,0.379721369257208
9.0,0.8,0.15,closed-form,drive,0.5326235681783368,0.05325431302825285,0.2041761107700268,0.817068623472608,0.043231525587896884,0.3973468923742244,0.20446471691139367,0.817996846219276,0.2043207567815134,0.8175344560639027,0.08953873330767485,0.6253622855683054,0.3799277981301114
15.0,1.0,0.1,closed-form,drive,0.5067744318617403,0.06294099527572256,0.22145636160748494,0.7167154870050166,0.05240172689228632,0.4351957287145452,0.222929716450086,0.7122186983827682,0.2221957508294626,0.7144629302070591,0.09967138525584757,0.5797075730181169,0.38033754860250035
12.0,0.8,-0.1,closed-form,drive,0.5240542975724551,0.03428012340942112,0.06877388287165509,1.2294076912735628,0.0432315291329677,0.39735701686824476,0.07126607016837166,1.2258439459788197,0.07003358445159404,1.227621009258614,0.04834255002949712,0.8798908514697216,0.3808161026019576
10.0,1.0,0.2,closed-form,drive,0.5292057087954983,0.06448639073216705,0.1363972077013685,1.0360214584290548,0.043231525587896884,0.3973468923742244,0.13779441835608439,1.039003561614464,0.13709900650985657,1.0375186879621343,0.06692326695902583,0.7599313775893697,0.380883901393755
12.0,1.2,-0.1,closed-form,drive,0.5202739284084175,0.03428012340942112,0.0698589106834622,1.2294076912735628,0.04323153090550735,0.39735701686824476,0.07319157186974483,1.2258439459788197,0.07154801964387862,1.227621009258614,0.04868326239014478,0.8798908514697216,0.38168686727990486
8.0,1.6,0.15,closed-form,drive,0.5327239435612167,0.050220287150829795,0.20923685495613145,0.8091722417042597,0.043231525587896884,0.3973468923742244,0.20993227795385827,0.8090807891507978,0.20958555844912558,0.8091263601168512,0.0913955928487531,0.6203467500418606,0.38187190082059824
8.0,0.8,0.1,closed-form,drive,0.5343765473289392,0.045769861061330984,0.24186124756593916,0.7020675329731477,0.043231525587896884,0.3973468923742244,0.241709743547728,0.7019725489404257,0.24178535414650623,0.7020198799131863,0.10292692567069354,0.5575779272783199,0.3827040741693827
10.0,0.8,-0.1,closed-form,drive,0.5303248848687021,0.03399357475959448,0.158693657231506,0.9858629042833381,0.043231525587896884,0.3973468923742244,0.15948132579463517,0.9798519451705772,0.15908877587854667,0.9828517268126737,0.0740465098786533,0.7259764087681614,0.3838193245050011
13.0,1.4,-0.05,closed-form,drive,0.513342572547908,0.03401090323860025,0.16894083532555665,0.9488917613436749,0.044007681172432166,0.4026618819667731,0.1704441548859197,0.9467373148405551,0.1696956807411223,0.9478114609779006,0.07796042280264177,0.7060081465322585,0.38445676234832504
14.0,1.4,0.1,closed-form,drive,0.5072572790174579,0.05995696262783187,0.2473997742245308,0.678461267939072,0.04821295255142984,0.4033747391789623,0.24853952262213655,0.6745908824466842,0.24797145633395393,0.6765222153550752,0.10698761245566743,0.5453971729525504,0.3846666327059439
9.0,1.6,0.2,closed-form,drive,0.5300917609938579,0.05936955754655055,0.1583881303103085,0.9884356346222695,0.043231525587896884,0.3973468923742244,0.16002363496421654,0.9889819876303292,0.15920963740658656,0.9887097844358114,0.07408654918229421,0.7296010740112523,0.3851702981785378
8.0,1.4,0.15,closed-form,drive,0.5330530791933853,0.050220287150829795,0.21469576575235078,0.8091722417042597,0.043231525587896884,0.3973468923742244,0.21521452485486048,0.8090807891507978,0.2149558266247385,0.8091263601168512,0.09329876611118566,0.6203467500418606,0.3856546679444953
8.0,1.0,-0.1,closed-form,drive,0.5338618281882921,0.03443999664086085,0.23039270278554203,0.7589769645721808,0.043231525587896884,0.3973468923742244,0.23049151412227853,0.755634861824316,0.23044221371769139,0.7573020338433821,0.09883371449571203,0.589700224637806,0.3858835679201361
13.0,1.4,0.15,closed-form,drive,0.513342572547908,0.06897401069382567,0.16894083532555665,0.9676122640822215,0.044007681172432166,0.4039425129801074,0.1704441548859197,0.9632748976394009,0.1696956807411223,0.9654385893358877,0.07796042280264177,0.7172270830105113,0.3883833901157135
9.0,0.8,-0.1,closed-form,drive,0.5326235681783368,0.0341907108449421,0.2041761107700268,0.8619707865724892,0.043231525587896884,0.3973468923742244,0.20446471691139367,0.8576847483189787,0.2043207567815134,0.8598230986613091,0.08953873330767485,0.6507543657052468,0.3888150261780409
14.0,1.0,-0.05,closed-form,drive,0.51238127890382,0.03367359621794884,0.1582750189157158,0.9847345540905637,0.04657223003821682,0.4265585986826022,0.160076002763877,0.9827035200668544,0.15917987998239044,0.9837160833168471,0.07577011237573855,0.7354532471494799,0.3888917068718931
9.0,1.4,0.2,closed-form,drive,0.5306057646524405,0.05936955754655055,0.16573775906899443,0.9884356346222695,0.043231525587896884,0.3973468923742244,0.167083223255908,0.9889819876303292,0.166413212144644,0.9887097844358114,0.07648829187622336,0.7296010740112523,0.390093292030787
8.0,1.2,0.15,closed-form,drive,0.5334276981998841,0.050220287150829795,0.22158190147831533,0.8091722417042597,0.043231525587896884,0.3973468923742244,0.22190288630229277,0.8090807891507978,0.22174277671148726,0.8091263601168512,0.09571631878495537,0.6203467500418606,0.39044765314862706
12.0,1.4,0.2,closed-form,drive,0.5187486845775408,0.07567083547186752,0.09583678715380667,1.2089554946874237,0.04323153179177823,0.39732702621514276,0.09837076479511773,1.2048292779062233,0.09711460469763025,1.206887083958159,0.055089793863626405,0.866681264162942,0.39241834796482666
8.0,0.8,-0.1,closed-form,drive,0.5343765473289392,0.03443999664086085,0.24186124756593916,0.7589769645721808,0.043231525587896884,0.3973468923742244,0.241709743547728,0.755634861824316,0.24178535414650623,0.7573020338433821,0.10292692567069354,0.589700224637806,0.3939468782452028
16.0,0.8,0.1,closed-form,drive,0.5054188997700635,0.06550594673810935,0.21729193897597446,0.7466106333205509,0.05689115578631593,0.49811938816467827,0.2188845306292557,0.7416914540670476,0.2180912997490932,0.7441466848654582,0.10035329008773806,0.6226873729155853,0.3946258255203755
15.0,1.2,0.0,closed-form,drive,0.5034769646440258,0.038477168421514926,0.2745911530351804,0.6231807664812077,0.05475339101950197,0.3973468923742244,0.2757756944836599,0.6218955087648171,0.27518525952145706,0.6225362684376134,0.11920980616133625,0.51263978750517,0.39494857262065575
10.0,0.8,0.2,closed-form,drive,0.5303248848687021,0.06448639073216705,0.158693657231506,1.0360214584290548,0.043231525587896884,0.3973468923742244,0.15948132579463517,1.039003561614464,0.15908877587854667,1.0375186879621343,0.0740465098786533,0.7599313775893697,0.395703563592424
9.0,1.6,-0.15,closed-form,drive,0.5300917609938579,0.03450971393728145,0.1583881303103085,1.0404587958244627,0.043231525587896884,0.3973468923742244,0.16002363496421654,1.0349837553127426,0.15920963740658656,1.0377155109348974,0.07408654918229421,0.7600541335858159,0.39582886902963504
9.0,1.2,0.2,closed-form,drive,0.5311851080803259,0.05936955754655055,0.17536234166382222,0.9884356346222695,0.043231525587896884,0.3973468923742244,0.17638566120757276,0.9889819876303292,0.17587578099190326,0.9887097844358114,0.07968578047079804,0.7296010740112523,0.3966026797219025
8.0,1.0,0.15,closed-form,drive,0.5338618281882921,0.050220287150829795,0.23039270278554203,0.8091722417042597,0.043231525587896884,0.3973468923742244,0.23049151412227853,0.8090807891507978,0.23044221371769139,0.8091263601168512,0.09883371449571203,0.6203467500418606,0.3966098518115552
8.0,1.6,-0.15,closed-form,drive,0.5327239435612167,0.034043017229459065,0.20923685495613145,0.8828819482745109,0.043231525587896884,0.3973468923742244,0.20993227795385827,0.8786009337465901,0.20958555844912558,0.8807367113053379,0.0913955928487531,0.6634077970692958,0.3969432672802005
12.0,1.4,-0.1,closed-form,drive,0.5187486845775408,0.03428012340942112,0.09583678715380667,1.2294076912735628,0.04323153179177823,0.39735701686824476,0.09837076479511773,1.2258439459788197,0.09711460469763025,1.227621009258614,0.055089793863626405,0.8798908514697216,0.39704170352219953
10.0,1.6,-0.15,closed-form,drive,0.5266475740708034,0.035307454791099514,0.10210173310776446,1.2227949497426185,0.043231525587896884,0.3973468923742244,0.10509421117656768,1.2152051224309048,0.10361180361418897,1.2189929463398381,0.05688545186666804,0.8743914513636246,0.39918659110890276
15.0,1.4,0.05,closed-form,drive,0.5006300066827819,0.049364793352787865,0.32302800821849914,0.468442707601343,0.057206967797105636,0.38762015962810764,0.3239879756895454,0.46583950552435466,0.3235093192245833,0.46713846218336935,0.1374912376070847,0.42579167198680384,0.39974658453107015
8.0,1.4,-0.15,closed-form,drive,0.5330530791933853,0.034043017229459065,0.21469576575235078,0.8828819482745109,0.043231525587896884,0.3973468923742244,0.21521452485486048,0.8786009337465901,0.2149558266247385,0.8807367113053379,0.09329876611118566,0.6634077970692958,0.40072603440409765
9.0,1.4,-0.15,closed-form,drive,0.5306057646524405,0.03450971393728145,0.16573775906899443,1.0404587958244627,0.043231525587896884,0.3973468923742244,0.167083223255908,1.0349837553127426,0.166413212144644,1.0377155109348974,0.07648829187622336,0.7600541335858159,0.40075186288188425
14.0,1.6,0.0,closed-form,drive,0.5051692424971337,0.038477168421514926,0.2869188209739899,0.6231807664812077,0.04908519287177918,0.3973468923742244,0.2878380964891992,0.6218955087648171,0.28737975633767393,0.6225362684376134,0.12153526390864845,0.51263978750517,0.40154210425364384
16.0,1.0,0.0,closed-form,drive,0.5008723469185751,0.038477168421514926,0.28162684540846317,0.6231807664812077,0.06140742868917615,0.3973468923742244,0.28290826061457375,0.6218955087648171,0.2822695765727528,0.6225362684376134,0.12439299293659238,0.51263978750517,0.40261127036386535
10.0,1.4,-0.15,closed-form,drive,0.5273979278290949,0.035307454791099514,0.10873935948234115,1.2227949497426185,0.043231525587896884,0.3973468923742244,0.1112869601771388,1.2152051224309048,0.11002311121643078,1.2189929463398381,0.058712229458092666,0.8743914513636246,0.403257326361112
8.0,0.8,0.15,closed-form,drive,0.5343765473289392,0.050220287150829795,0.24186124756593916,0.8091722417042597,0.043231525587896884,0.3973468923742244,0.241709743547728,0.8090807891507978,0.24178535414650623,0.8091263601168512,0.10292692567069354,0.6203467500418606,0.4046731621366219
14.0,1.0,0.15,closed-form,drive,0.51238127890382,0.0732297810858715,0.1582750189157158,1.055278631823234,0.04657223003821682,0.43772764679255755,0.160076002763877,1.0499256535909944,0.15917987998239044,1.0525963790901327,0.07577011237573855,0.781158452431573,0.4048885287206257
15.0,0.8,-0.05,closed-form,drive,0.5106529890774276,0.0330514430429453,0.16549322547078377,1.0101624530413524,0.05017788613416867,0.4607611273527588,0.16733148979421544,1.0082153594694294,0.16641675563511615,1.00918604164327,0.0799966144849925,0.7619474270674055,0.404924078430875
9.0,1.0,0.2,closed-form,drive,0.5318484077052114,0.05936955754655055,0.1878794388714679,0.9884356346222695,0.043231525587896884,0.3973468923742244,0.188549936132539,0.9889819876303292,0.18821566441595008,0.9887097844358114,0.08391967184795912,0.7296010740112523,0.4051555302974799
8.0,1.2,-0.15,closed-form,drive,0.5334276981998841,0.034043017229459065,0.22158190147831533,0.8828819482745109,0.043231525587896884,0.3973468923742244,0.22190288630229277,0.8786009337465901,0.22174277671148726,0.8807367113053379,0.09571631878495537,0.6634077970692958,0.4055190196082294
13.0,0.8,-0.1,closed-form,drive,0.5200900691487456,0.03488937837508038,0.07134430915709829,1.3265660203240166,0.04365754016228057,0.4115768241032495,0.07425589477559909,1.3231925684920962,0.07281760135652793,1.3248745914231856,0.049291242835941676,0.9454392026829852,0.4056811242497712
9.0,1.2,-0.15,closed-form,drive,0.5311851080803259,0.03450971393728145,0.17536234166382222,1.0404587958244627,0.043231525587896884,0.3973468923742244,0.17638566120757276,1.0349837553127426,0.17587578099190326,1.0377155109348974,0.07968578047079804,0.7600541335858159,0.4072612505729997
13.0,1.6,-0.05,closed-form,drive,0.5116408784915562,0.03401090323860025,0.20322295628066084,0.9488917613436749,0.04412997800064665,0.4026618819667731,0.2044144963847582,0.9467373148405551,0.20382080253526683,0.9478114609779006,0.08973357099224837,0.7060081465322585,0.4081737031658822
12.0,1.6,0.2,closed-form,drive,0.5174009996736073,0.07567083547186752,0.12310366983716231,1.2089554946874237,0.04323153267804982,0.39732702621514276,0.12506753263444248,1.2048292779062233,0.12409147311889991,1.206887083958159,0.06288816153327771,0.866681264162942,0.40965861958192235
13.0,0.8,0.2,closed-form,drive,0.5200900691487456,0.08135279737986487,0.07134430915709829,1.3466975475447078,0.04365754016228057,0.4134548657887681,0.07425589477559909,1.3409769017319992,0.07281760135652793,1.3438304726882269,0.049291242835941676,0.9580219540389545,0.41008508722436054
8.0,1.6,0.2,closed-form,drive,0.5327239435612167,0.05503886303449825,0.20923685495613145,0.9432283351235213,0.043231525587896884,0.3973468923742244,0.20993227795385827,0.9428776969132611,0.20958555844912558,0.9430524318841516,0.0913955928487531,0.7014464588988981,0.4102567989205614
10.0,1.2,-0.15,closed-form,drive,0.5282423382542187,0.035307454791099514,0.11998345018465388,1.2227949497426185,0.043231525587896884,0.3973468923742244,0.12198169587109524,1.2152051224309048,0.12098872008061973,1.2189929463398381,0.06194902371576916,0.8743914513636246,0.4103320837212546
8.0,1.0,-0.15,closed-form,drive,0.5338618281882921,0.034043017229459065,0.23039270278554203,0.8828819482745109,0.043231525587896884,0.3973468923742244,0.23049151412227853,0.8786009337465901,0.23044221371769139,0.8807367113053379,0.09883371449571203,0.6634077970692958,0.4116812182711575
13.0,1.6,0.15,closed-form,drive,0.5116408784915562,0.06897401069382567,0.20322295628066084,0.9676122640822215,0.04412997800064665,0.4039425129801074,0.2044144963847582,0.9632748976394009,0.20382080253526683,0.9654385893358877,0.08973357099224837,0.7172270830105113,0.4121003309332707
10.0,1.6,0.25,closed-form,drive,0.5266475740708034,0.07246050637043355,0.10210173310776446,1.2768896653564226,0.043231525587896884,0.3973468923742244,0.10509421117656768,1.2790419246606473,0.10361180361418897,1.2779699336013213,0.05688545186666804,0.9120484345474204,0.4123665352232313
14.0,1.6,0.1,closed-form,drive,0.5051692424971337,0.05995696262783187,0.2869188209739899,0.678461267939072,0.04908519287177918,0.4033747391789623,0.2878380964891992,0.6745908824466842,0.28737975633767393,0.6765222153550752,0.12153526390864845,0.5453971729525504,0.41300718916022694
8.0,1.4,0.2,closed-form,drive,0.5330530791933853,0.05503886303449825,0.21469576575235078,0.9432283351235213,0.043231525587896884,0.3973468923742244,0.21521452485486048,0.9428776969132611,0.2149558266247385,0.9430524318841516,0.09329876611118566,0.7014464588988981,0.41403956604445846
12.0,1.6,-0.1,closed-form,drive,0.5174009996736073,0.03428012340942112,0.12310366983716231,1.2294076912735628,0.04323153267804982,0.39735701686824476,0.12506753263444248,1.2258439459788197,0.12409147311889991,1.227621009258614,0.06288816153327771,0.8798908514697216,0.4142819751392952
9.0,1.0,-0.15,closed-form,drive,0.5318484077052114,0.03450971393728145,0.1878794388714679,1.0404587958244627,0.043231525587896884,0.3973468923742244,0.188549936132539,1.0349837553127426,0.18821566441595008,1.0377155109348974,0.08391967184795912,0.7600541335858159,0.41581410114857714
9.0,0.8,0.2,closed-form,drive,0.5326235681783368,0.05936955754655055,0.2041761107700268,0.9884356346222695,0.043231525587896884,0.3973468923742244,0.20446471691139367,0.9889819876303292,0.2043207567815134,0.9887097844358114,0.08953873330767485,0.7296010740112523,0.41641137408514284
10.0,1.4,0.25,closed-form,drive,0.5273979278290949,0.07246050637043355,0.10873935948234115,1.2768896653564226,0.043231525587896884,0.3973468923742244,0.1112869601771388,1.2790419246606473,0.11002311121643078,1.2779699336013213,0.058712229458092666,0.9120484345474204,0.41643727047544055
11.0,1.4,0.25,closed-form,drive,0.5234399296943347,0.07957849197921314,0.06535490379467457,1.3972779817089367,0.043231525587896884,0.3973468923742244,0.06940854906596075,1.3952671158175578,0.06741630175724844,1.3962694673646576,0.04776544683875632,0.9881045279870267,0.41719773724925263
16.0,1.2,0.05,closed-form,drive,0.49702896277007413,0.050540081613869275,0.3404238731287533,0.4716938534249563,0.0661118035988043,0.3989629750288883,0.3414595422250865,0.468768180675617,0.34094314871536413,0.47022828250082643,0.14703275889976014,0.43297570244658556,0.4179043568064425
11.0,1.2,0.25,closed-form,drive,0.5246013876220967,0.07957849197921314,0.06684649606901016,1.3972779817089367,0.043231525587896884,0.3973468923742244,0.07047418911225094,1.3952671158175578,0.06868796598131764,1.3962694673646576,0.04804396401270677,0.9881045279870267,0.4179213369016273
15.0,1.2,0.1,closed-form,drive,0.5034769646440258,0.06294099527572256,0.2745911530351804,0.7167154870050166,0.05475339101950197,0.4351957287145452,0.2757756944836599,0.7122186983827682,0.27518525952145706,0.7144629302070591,0.11920980616133625,0.5797075730181169,0.4184222975501871
8.0,1.2,0.2,closed-form,drive,0.5334276981998841,0.05503886303449825,0.22158190147831533,0.9432283351235213,0.043231525587896884,0.3973468923742244,0.22190288630229277,0.9428776969132611,0.22174277671148726,0.9430524318841516,0.09571631878495537,0.7014464588988981,0.4188325512485902
11.0,1.4,-0.15,closed-form,drive,0.5234399296943347,0.03659356238173323,0.06535490379467457,1.4069420327009603,0.043231525587896884,0.3973468923742244,0.06940854906596075,1.4010808504592849,0.06741630175724844,1.404004463423566,0.04776544683875632,0.9930987843323708,0.418945726970123
11.0,1.2,-0.15,closed-form,drive,0.5246013876220967,0.03659356238173323,0.06684649606901016,1.4069420327009603,0.043231525587896884,0.3973468923742244,0.07047418911225094,1.4010808504592849,0.06868796598131764,1.404004463423566,0.04804396401270677,0.9930987843323708,0.4196693266224977
8.0,0.8,-0.15,closed-form,drive,0.5343765473289392,0.034043017229459065,0.24186124756593916,0.8828819482745109,0.043231525587896884,0.3973468923742244,0.241709743547728,0.8786009337465901,0.24178535414650623,0.8807367113053379,0.10292692567069354,0.6634077970692958,0.4197445285962242
13.0,1.0,-0.1,closed-form,drive,0.5174968824502333,0.03488937837508038,0.09607011825137267,1.3265660203240166,0.04377141527122384,0.4115768241032495,0.0985924293085606,1.3231925684920962,0.0973419956345796,1.3248745914231856,0.05551065010364588,0.9454392026829852,0.4204840695147935
14.0,1.2,-0.05,closed-form,drive,0.5096365899713525,0.03367359621794884,0.20429684356601346,0.9847345540905637,0.04737425984084997,0.4265585986826022,0.20572038611252305,0.9827035200668544,0.2050112906253752,0.9837160833168471,0.09153277371674737,0.7354532471494799,0.42069536193794665
10.0,1.0,-0.15,closed-form,drive,0.5292057087954983,0.035307454791099514,0.1363972077013685,1.2227949497426185,0.043231525587896884,0.3973468923742244,0.13779441835608439,1.2152051224309048,0.13709900650985657,1.2189929463398381,0.06692326695902583,0.8743914513636246,0.4209449272147442
11.0,1.6,0.25,closed-form,drive,0.5224101518895472,0.07957849197921314,0.07432396567100191,1.3972779817089367,0.043231525587896884,0.3973468923742244,0.07809615264391805,1.3952671158175578,0.07623720975231175,1.3962694673646576,0.04976848742245847,0.9881045279870267,0.422288095631227
10.0,1.2,0.25,closed-form,drive,0.5282423382542187,0.07246050637043355,0.11998345018465388,1.2768896653564226,0.043231525587896884,0.3973468923742244,0.12198169587109524,1.2790419246606473,0.12098872008061973,1.2779699336013213,0.06194902371576916,0.9120484345474204,0.42351202783558317
11.0,1.6,-0.15,closed-form,drive,0.5224101518895472,0.03659356238173323,0.07432396567100191,1.4069420327009603,0.043231525587896884,0.3973468923742244,0.07809615264391805,1.4010808504592849,0.07623720975231175,1.404004463423566,0.04976848742245847,0.9930987843323708,0.42403608535209736
13.0,1.0,0.2,closed-form,drive,0.5174968824502333,0.08135279737986487,0.09607011825137267,1.3466975475447078,0.04377141527122384,0.4134548657887681,0.0985924293085606,1.3409769017319992,0.0973419956345796,1.3438304726882269,0.05551065010364588,0.9580219540389545,0.4248880324893828
8.0,1.0,0.2,closed-form,drive,0.5338618281882921,0.05503886303449825,0.23039270278554203,0.9432283351235213,0.043231525587896884,0.3973468923742244,0.23049151412227853,0.9428776969132611,0.23044221371769139,0.9430524318841516,0.09883371449571203,0.7014464588988981,0.42499474991151837
11.0,1.0,0.25,closed-form,drive,0.5259279565783433,0.07957849197921314,0.08193174962748967,1.3972779817089367,0.043231525587896884,0.3973468923742244,0.08447747791524848,1.3952671158175578,0.08321692451685518,1.3962694673646576,0.05146349509942079,0.9881045279870267,0.42642600347577947
9.0,0.8,-0.15,closed-form,drive,0.5326235681783368,0.03450971393728145,0.2041761107700268,1.0404587958244627,0.043231525587896884,0.3973468923742244,0.20446471691139367,1.0349837553127426,0.2043207567815134,1.0377155109348974,0.08953873330767485,0.7600541335858159,0.42706994493624006
9.0,1.6,0.25,closed-form,drive,0.5300917609938579,0.06581722086926778,0.1583881303103085,1.180918990302666,0.043231525587896884,0.3973468923742244,0.16002363496421654,1.1808786416219617,0.15920963740658656,1.1808987470418337,0.07408654918229421,0.8501750386044816,0.427371185786168
8.0,1.6,-0.2,closed-form,drive,0.5327239435612167,0.034810096498403824,0.20923685495613145,1.0276060120358819,0.043231525587896884,0.3973468923742244,0.20993227795385827,1.0224751934463374,0.20958555844912558,1.025035027022301,0.0913955928487531,0.7521526139033132,0.42800395317210665
11.0,1.0,-0.15,closed-form,drive,0.5259279565783433,0.03659356238173323,0.08193174962748967,1.4069420327009603,0.043231525587896884,0.3973468923742244,0.08447747791524848,1.4010808504592849,0.08321692451685518,1.404004463423566,0.05146349509942079,0.9930987843323708,0.42817399319664984
15.0,1.4,0.0,closed-form,drive,0.5006300066827819,0.038477168421514926,0.32302800821849914,0.6231807664812077,0.057206967797105636,0.3973468923742244,0.3239879756895454,0.6218955087648171,0.3235093192245833,0.6225362684376134,0.1374912376070847,0.51263978750517,0.43014342496249836
8.0,1.4,-0.2,closed-form,drive,0.5330530791933853,0.034810096498403824,0.21469576575235078,1.0276060120358819,0.043231525587896884,0.3973468923742244,0.21521452485486048,1.0224751934463374,0.2149558266247385,1.025035027022301,0.09329876611118566,0.7521526139033132,0.43178672029600373
15.0,1.6,0.05,closed-form,drive,0.4981410215010517,0.049364793352787865,0.36682428941740514,0.468442707601343,0.059740558789977145,0.38762015962810764,0.3676051735955788,0.46583950552435466,0.3672157290966257,0.46713846218336935,0.15430127520323134,0.42579167198680384,0.43185386558243166
9.0,1.4,0.25,closed-form,drive,0.5306057646524405,0.06581722086926778,0.16573775906899443,1.180918990302666,0.043231525587896884,0.3973468923742244,0.167083223255908,1.1808786416219617,0.166413212144644,1.1808987470418337,0.07648829187622336,0.8501750386044816,0.43229417963841726
8.0,0.8,0.2,closed-form,drive,0.5343765473289392,0.05503886303449825,0.24186124756593916,0.9432283351235213,0.043231525587896884,0.3973468923742244,0.241709743547728,0.9428776969132611,0.24178535414650623,0.9430524318841516,0.10292692567069354,0.7014464588988981,0.43305806023658505
10.0,1.0,0.25,closed-form,drive,0.5292057087954983,0.07246050637043355,0.1363972077013685,1.2768896653564226,0.043231525587896884,0.3973468923742244,0.13779441835608439,1.2790419246606473,0.13709900650985657,1.2779699336013213,0.06692326695902583,0.9120484345474204,0.43412487132907274
10.0,0.8,-0.15,closed-form,drive,0.5303248848687021,0.035307454791099514,0.158693657231506,1.2227949497426185,0.043231525587896884,0.3973468923742244,0.15948132579463517,1.2152051224309048,0.15908877587854667,1.2189929463398381,0.0740465098786533,0.8743914513636246,0.43576458941341323
8.0,1.2,-0.2,closed-form,drive,0.5334276981998841,0.034810096498403824,0.22158190147831533,1.0276060120358819,0.043231525587896884,0.3973468923742244,0.22190288630229277,1.0224751934463374,0.22174277671148726,1.025035027022301,0.09571631878495537,0.7521526139033132,0.4365797055001355
15.0,0.8,0.15,closed-form,drive,0.5106529890774276,0.07781099331291731,0.16549322547078377,1.127422646896889,0.05017788613416867,0.5247116877898245,0.16733148979421544,1.121383570451457,0.16641675563511615,1.1243968218059273,0.0799966144849925,0.8526936839082709,0.43668526832517796
14.0,1.2,0.15,closed-form,drive,0.5096365899713525,0.0732297810858715,0.20429684356601346,1.055278631823234,0.04737425984084997,0.43772764679255755,0.20572038611252305,1.0499256535909944,0.2050112906253752,1.0525963790901327,0.09153277371674737,0.781158452431573,0.4366921837866792
9.0,1.2,0.25,closed-form,drive,0.5311851080803259,0.06581722086926778,0.17536234166382222,1.180918990302666,0.043231525587896884,0.3973468923742244,0.17638566120757276,1.1808786416219617,0.17587578099190326,1.1808987470418337,0.07968578047079804,0.8501750386044816,0.43880356732953274
9.0,1.6,-0.2,closed-form,drive,0.5300917609938579,0.0364866509356822,0.1583881303103085,1.2370433154304743,0.043231525587896884,0.3973468923742244,0.16002363496421654,1.2305210615721636,0.15920963740658656,1.233775329716344,0.07408654918229421,0.8838118903691743,0.4391440839038105
16.0,1.0,0.1,closed-form,drive,0.5008723469185751,0.06550594673810935,0.28162684540846317,0.7466106333205509,0.06140742868917615,0.49811938816467827,0.28290826061457375,0.7416914540670476,0.2822695765727528,0.7441466848654582,0.12439299293659238,0.6226873729155853,0.4411279252575107
8.0,1.0,-0.2,closed-form,drive,0.5338618281882921,0.034810096498403824,0.23039270278554203,1.0276060120358819,0.043231525587896884,0.3973468923742244,0.23049151412227853,1.0224751934463374,0.23044221371769139,1.025035027022301,0.09883371449571203,0.7521526139033132,0.44274190416306364
11.0,0.8,0.25,closed-form,drive,0.5274682962592977,0.07957849197921314,0.10926985721553073,1.3972779817089367,0.043231525587896884,0.3973468923742244,0.1106896258904743,1.3952671158175578,0.10998346891188229,1.3962694673646576,0.05870077711612707,0.9881045279870267,0.4430315760307453
8.0,1.6,0.25,closed-form,drive,0.5327239435612167,0.06013715814227435,0.20923685495613145,1.0943759624373064,0.043231525587896884,0.3973468923742244,0.20993227795385827,1.0936111481494006,0.20958555844912558,1.0939923124653697,0.0913955928487531,0.7952888017763747,0.4431016189276782
13.0,1.2,-0.1,closed-form,drive,0.5152752261631554,0.03488937837508038,0.13242496395140532,1.3265660203240166,0.04388814462195954,0.4115768241032495,0.13435558675520554,1.3231925684920962,0.13339572131349828,1.3248745914231856,0.06612615068851589,0.9454392026829852,0.4437183740872851
9.0,1.4,-0.2,closed-form,drive,0.5306057646524405,0.0364866509356822,0.16573775906899443,1.2370433154304743,0.043231525587896884,0.3973468923742244,0.167083223255908,1.2305210615721636,0.166413212144644,1.233775329716344,0.07648829187622336,0.8838118903691743,0.4440670777560597
15.0,1.0,-0.05,closed-form,drive,0.5067744318617403,0.0330514430429453,0.22145636160748494,1.0101624530413524,0.05240172689228632,0.4607611273527588,0.222929716450086,1.0082153594694294,0.2221957508294626,1.00918604164327,0.09967138525584757,0.7619474270674055,0.4441214975197514
11.0,0.8,-0.15,closed-form,drive,0.5274682962592977,0.03659356238173323,0.10926985721553073,1.4069420327009603,0.043231525587896884,0.3973468923742244,0.1106896258904743,1.4010808504592849,0.10998346891188229,1.404004463423566,0.05870077711612707,0.9930987843323708,0.44477956575161565
16.0,1.2,0.0,closed-form,drive,0.49702896277007413,0.038477168421514926,0.3404238731287533,0.6231807664812077,0.0661118035988043,0.3973468923742244,0.3414595422250865,0.6218955087648171,0.34094314871536413,0.6225362684376134,0.14703275889976014,0.51263978750517,0.44578678657694704
8.0,1.4,0.25,closed-form,drive,0.5330530791933853,0.06013715814227435,0.21469576575235078,1.0943759624373064,0.043231525587896884,0.3973468923742244,0.21521452485486048,1.0936111481494006,0.2149558266247385,1.0939923124653697,0.09329876611118566,0.7952888017763747,0.44688438605157527
12.0,1.0,0.25,closed-form,drive,0.5220211928392419,0.08686041562485153,0.054782792772027834,1.5560910116430857,0.04323153001923717,0.39732213943839534,0.05860265720510746,1.5506930562140526,0.056728750146027664,1.5533851351924204,0.045573861813589335,1.089974445350067,0.4469199802372225
9.0,1.0,0.25,closed-form,drive,0.5318484077052114,0.06581722086926778,0.1878794388714679,1.180918990302666,0.043231525587896884,0.3973468923742244,0.188549936132539,1.1808786416219617,0.18821566441595008,1.1808987470418337,0.08391967184795912,0.8501750386044816,0.44735641790511016
13.0,1.2,0.2,closed-form,drive,0.5152752261631554,0.08135279737986487,0.13242496395140532,1.3466975475447078,0.04388814462195954,0.4134548657887681,0.13435558675520554,1.3409769017319992,0.13339572131349828,1.3438304726882269,0.06612615068851589,0.9580219540389545,0.4481223370618744
10.0,0.8,0.25,closed-form,drive,0.5303248848687021,0.07246050637043355,0.158693657231506,1.2768896653564226,0.043231525587896884,0.3973468923742244,0.15948132579463517,1.2790419246606473,0.15908877587854667,1.2779699336013213,0.0740465098786533,0.9120484345474204,0.4489445335277418
9.0,1.2,-0.2,closed-form,drive,0.5311851080803259,0.0364866509356822,0.17536234166382222,1.2370433154304743,0.043231525587896884,0.3973468923742244,0.17638566120757276,1.2305210615721636,0.17587578099190326,1.233775329716344,0.07968578047079804,0.8838118903691743,0.45057646544717517
8.0,0.8,-0.2,closed-form,drive,0.5343765473289392,0.034810096498403824,0.24186124756593916,1.0276060120358819,0.043231525587896884,0.3973468923742244,0.241709743547728,1.0224751934463374,0.24178535414650623,1.025035027022301,0.10292692567069354,0.7521526139033132,0.4508052144881303
16.0,0.8,-0.05,closed-form,drive,0.5054188997700635,0.0327048464093503,0.21729193897597446,1.02713434702914,0.05689115578631593,0.49422891171218414,0.2188845306292557,1.0252499514069044,0.2180912997490932,1.0261893549272012,0.10035329008773806,0.7834119879483644,0.4508794407818483
14.0,1.4,-0.05,closed-form,drive,0.5072572790174579,0.03367359621794884,0.2473997742245308,0.9847345540905637,0.04821295255142984,0.4265585986826022,0.24853952262213655,0.9827035200668544,0.24797145633395393,0.9837160833168471,0.10698761245566743,0.7354532471494799,0.4511862586748693
8.0,1.2,0.25,closed-form,drive,0.5334276981998841,0.06013715814227435,0.22158190147831533,1.0943759624373064,0.043231525587896884,0.3973468923742244,0.22190288630229277,1.0936111481494006,0.22174277671148726,1.0939923124653697,0.09571631878495537,0.7952888017763747,0.45167737125570706
12.0,1.0,-0.15,closed-form,drive,0.5220211928392419,0.038429162049085606,0.054782792772027834,1.5773117682161972,0.04323153001923717,0.3973621269646275,0.05860265720510746,1.57249971147247,0.056728750146027664,1.5748993375771418,0.045573861813589335,1.1039956011302319,0.45182738476028017
15.0,1.4,0.1,closed-form,drive,0.5006300066827819,0.06294099527572256,0.32302800821849914,0.7167154870050166,0.057206967797105636,0.4351957287145452,0.3239879756895454,0.7122186983827682,0.3235093192245833,0.7144629302070591,0.1374912376070847,0.5797075730181169,0.4536171498920297
12.0,0.8,0.25,closed-form,drive,0.5240542975724551,0.08686041562485153,0.06877388287165509,1.5560910116430857,0.0432315291329677,0.39732213943839534,0.07126607016837166,1.5506930562140526,0.07003358445159404,1.5533851351924204,0.04834255002949712,1.089974445350067,0.4543453604600785
14.0,0.8,-0.1,closed-form,drive,0.515596148786347,0.03551136478708915,0.11372640594536924,1.4009284090655012,0.04581014072207516,0.47294177506732515,0.1159827106534321,1.3976406765883929,0.1148623813473073,1.3992798785276988,0.06171804664598415,1.00793395878339,0.4546967656917281
12.0,1.2,0.25,closed-form,drive,0.5202739284084175,0.08686041562485153,0.0698589106834622,1.5560910116430857,0.04323153090550735,0.39732213943839534,0.07319157186974483,1.5506930562140526,0.07154801964387862,1.5533851351924204,0.04868326239014478,1.089974445350067,0.4552161251380258
10.0,1.6,-0.2,closed-form,drive,0.5266475740708034,0.03881599606143958,0.10210173310776446,1.4740669573653093,0.043231525587896884,0.3973468923742244,0.10509421117656768,1.4651374149151732,0.10361180361418897,1.4695936773973204,0.05688545186666804,1.0355404960612171,0.45558875675306015
16.0,1.4,0.05,closed-form,drive,0.4937289586633564,0.050540081613869275,0.3930806758692467,0.4716938534249563,0.07093114675533099,0.3989629750288883,0.393922339910439,0.468768180675617,0.3935025844320359,0.47022828250082643,0.1677163131104776,0.43297570244658556,0.45698371351799516
8.0,1.0,0.25,closed-form,drive,0.5338618281882921,0.06013715814227435,0.23039270278554203,1.0943759624373064,0.043231525587896884,0.3973468923742244,0.23049151412227853,1.0936111481494006,0.23044221371769139,1.0939923124653697,0.09883371449571203,0.7952888017763747,0.45783956991863517
9.0,0.8,0.25,closed-form,drive,0.5326235681783368,0.06581722086926778,0.2041761107700268,1.180918990302666,0.043231525587896884,0.3973468923742244,0.20446471691139367,1.1808786416219617,0.2043207567815134,1.1808987470418337,0.08953873330767485,0.8501750386044816,0.4586122616927731
9.0,1.0,-0.2,closed-form,drive,0.5318484077052114,0.0364866509356822,0.1878794388714679,1.2370433154304743,0.043231525587896884,0.3973468923742244,0.188549936132539,1.2305210615721636,0.18821566441595008,1.233775329716344,0.08391967184795912,0.8838118903691743,0.4591293160227526
12.0,0.8,-0.15,closed-form,drive,0.5240542975724551,0.038429162049085606,0.06877388287165509,1.5773117682161972,0.0432315291329677,0.3973621269646275,0.07126607016837166,1.57249971147247,0.07003358445159404,1.5748993375771418,0.04834255002949712,1.1039956011302319,0.45925276498313616
10.0,1.4,-0.2,closed-form,drive,0.5273979278290949,0.03881599606143958,0.10873935948234115,1.4740669573653093,0.043231525587896884,0.3973468923742244,0.1112869601771388,1.4651374149151732,0.11002311121643078,1.4695936773973204,0.058712229458092666,1.0355404960612171,0.4596594920052694
12.0,1.2,-0.15,closed-form,drive,0.5202739284084175,0.038429162049085606,0.0698589106834622,1.5773117682161972,0.04323153090550735,0.3973621269646275,0.07319157186974483,1.57249971147247,0.07154801964387862,1.5748993375771418,0.04868326239014478,1.1039956011302319,0.4601235296610834
15.0,1.6,0.0,closed-form,drive,0.4981410215010517,0.038477168421514926,0.36682428941740514,0.6231807664812077,0.059740558789977145,0.3973468923742244,0.3676051735955788,0.6218955087648171,0.3672157290966257,0.6225362684376134,0.15430127520323134,0.51263978750517,0.46225070601385987
8.0,1.6,-0.25,closed-form,drive,0.5327239435612167,0.036668252713366704,0.20923685495613145,1.185549145713108,0.043231525587896884,0.3973468923742244,0.20993227795385827,1.1796320636971882,0.20958555844912558,1.1825841730753561,0.0913955928487531,0.8512445612781507,0.4626861347532998
8.0,0.8,0.25,closed-form,drive,0.5343765473289392,0.06013715814227435,0.24186124756593916,1.0943759624373064,0.043231525587896884,0.3973468923742244,0.241709743547728,1.0936111481494006,0.24178535414650623,1.0939923124653697,0.10292692567069354,0.7952888017763747,0.46590288024370186
8.0,1.4,-0.25,closed-form,drive,0.5330530791933853,0.036668252713366704,0.21469576575235078,1.185549145713108,0.043231525587896884,0.3973468923742244,0.21521452485486048,1.1796320636971882,0.2149558266247385,1.1825841730753561,0.09329876611118566,0.8512445612781507,0.46646890187719686
10.0,1.2,-0.2,closed-form,drive,0.5282423382542187,0.03881599606143958,0.11998345018465388,1.4740669573653093,0.043231525587896884,0.3973468923742244,0.12198169587109524,1.4651374149151732,0.12098872008061973,1.4695936773973204,0.06194902371576916,1.0355404960612171,0.466734249365412
14.0,1.4,0.15,closed-form,drive,0.5072572790174579,0.0732297810858715,0.2473997742245308,1.055278631823234,0.04821295255142984,0.43772764679255755,0.24853952262213655,1.0499256535909944,0.24797145633395393,1.0525963790901327,0.10698761245566743,0.781158452431573,0.4671830805236018
13.0,1.4,-0.1,closed-form,drive,0.513342572547908,0.03488937837508038,0.16894083532555665,1.3265660203240166,0.044007681172432166,0.4115768241032495,0.1704441548859197,1.3231925684920962,0.1696956807411223,1.3248745914231856,0.07796042280264177,0.9454392026829852,0.46825763200107934
10.0,1.6,0.3,closed-form,drive,0.5266475740708034,0.08069428309852146,0.10210173310776446,1.5303261270947115,0.043231525587896884,0.3973468923742244,0.10509421117656768,1.531554304915743,0.10361180361418897,1.5309424422882576,0.05688545186666804,1.0753762317956346,0.4695312642601063
9.0,0.8,-0.2,closed-form,drive,0.5326235681783368,0.0364866509356822,0.2041761107700268,1.2370433154304743,0.043231525587896884,0.3973468923742244,0.20446471691139367,1.2305210615721636,0.2043207567815134,1.233775329716344,0.08953873330767485,0.8838118903691743,0.4703851598104155
12.0,1.4,0.25,closed-form,drive,0.5187486845775408,0.08686041562485153,0.09583678715380667,1.5560910116430857,0.04323153179177823,0.39732213943839534,0.09837076479511773,1.5506930562140526,0.09711460469763025,1.5533851351924204,0.055089793863626405,1.089974445350067,0.47057096138032045
8.0,1.2,-0.25,closed-form,drive,0.5334276981998841,0.036668252713366704,0.22158190147831533,1.185549145713108,0.043231525587896884,0.3973468923742244,0.22190288630229277,1.1796320636971882,0.22174277671148726,1.1825841730753561,0.09571631878495537,0.8512445612781507,0.47126188708132866
14.0,0.8,0.2,closed-form,drive,0.515596148786347,0.087201443006951,0.11372640594536924,1.4759629671746375,0.04581014072207516,0.4880100455816045,0.1159827106534321,1.469134427283459,0.1148623813473073,1.472540962248121,0.06171804664598415,1.0582563200201647,0.4723095921245993
13.0,1.4,0.2,closed-form,drive,0.513342572547908,0.08135279737986487,0.16894083532555665,1.3466975475447078,0.044007681172432166,0.4134548657887681,0.1704441548859197,1.3409769017319992,0.1696956807411223,1.3438304726882269,0.07796042280264177,0.9580219540389545,0.4726615949756686
9.0,1.6,0.3,closed-form,drive,0.5300917609938579,0.07250867848163794,0.1583881303103085,1.3857471302739333,0.043231525587896884,0.3973468923742244,0.16002363496421654,1.3850219577933636,0.15920963740658656,1.3853833497011918,0.07408654918229421,0.9810798109300239,0.4731878561001079
10.0,1.4,0.3,closed-form,drive,0.5273979278290949,0.08069428309852146,0.10873935948234115,1.5303261270947115,0.043231525587896884,0.3973468923742244,0.1112869601771388,1.531554304915743,0.11002311121643078,1.5309424422882576,0.058712229458092666,1.0753762317956346,0.4736019995123155
12.0,1.4,-0.15,closed-form,drive,0.5187486845775408,0.038429162049085606,0.09583678715380667,1.5773117682161972,0.04323153179177823,0.3973621269646275,0.09837076479511773,1.57249971147247,0.09711460469763025,1.5748993375771418,0.055089793863626405,1.1039956011302319,0.4754783659033781
15.0,1.0,0.15,closed-form,drive,0.5067744318617403,0.07781099331291731,0.22145636160748494,1.127422646896889,0.05240172689228632,0.5247116877898245,0.222929716450086,1.121383570451457,0.2221957508294626,1.1243968218059273,0.09967138525584757,0.8526936839082709,0.47588268741405426
10.0,1.0,-0.2,closed-form,drive,0.5292057087954983,0.03881599606143958,0.1363972077013685,1.4740669573653093,0.043231525587896884,0.3973468923742244,0.13779441835608439,1.4651374149151732,0.13709900650985657,1.4695936773973204,0.06692326695902583,1.0355404960612171,0.4773470928589016
8.0,1.0,-0.25,closed-form,drive,0.5338618281882921,0.036668252713366704,0.23039270278554203,1.185549145713108,0.043231525587896884,0.3973468923742244,0.23049151412227853,1.1796320636971882,0.23044221371769139,1.1825841730753561,0.09883371449571203,0.8512445612781507,0.47742408574425677
9.0,1.4,0.3,closed-form,drive,0.5306057646524405,0.07250867848163794,0.16573775906899443,1.3857471302739333,0.043231525587896884,0.3973468923742244,0.167083223255908,1.3850219577933636,0.166413212144644,1.3853833497011918,0.07648829187622336,0.9810798109300239,0.4781108499523571
8.0,1.6,0.3,closed-form,drive,0.5327239435612167,0.06544983787151631,0.20923685495613145,1.2564620494415144,0.043231525587896884,0.3973468923742244,0.20993227795385827,1.2551942875242312,0.20958555844912558,1.2558261575505147,0.0913955928487531,0.8978872539883803,0.47901107720188013
14.0,1.6,-0.05,closed-form,drive,0.5051692424971337,0.03367359621794884,0.2869188209739899,0.9847345540905637,0.04908519287177918,0.4265585986826022,0.2878380964891992,0.9827035200668544,0.28737975633767393,0.9837160833168471,0.12153526390864845,0.7354532471494799,0.47952681512915224
10.0,1.2,0.3,closed-form,drive,0.5282423382542187,0.08069428309852146,0.11998345018465388,1.5303261270947115,0.043231525587896884,0.3973468923742244,0.12198169587109524,1.531554304915743,0.12098872008061973,1.5309424422882576,0.06194902371576916,1.0753762317956346,0.48067675687245814
15.0,1.2,-0.05,closed-form,drive,0.5034769646440258,0.0330514430429453,0.2745911530351804,1.0101624530413524,0.05475339101950197,0.4607611273527588,0.2757756944836599,1.0082153594694294,0.27518525952145706,1.00918604164327,0.11920980616133625,0.7619474270674055,0.4822062464674381
8.0,1.4,0.3,closed-form,drive,0.5330530791933853,0.06544983787151631,0.21469576575235078,1.2564620494415144,0.043231525587896884,0.3973468923742244,0.21521452485486048,1.2551942875242312,0.2149558266247385,1.2558261575505147,0.09329876611118566,0.8978872539883803,0.4827938443257772
14.0,1.0,-0.1,closed-form,drive,0.51238127890382,0.03551136478708915,0.1582750189157158,1.4009284090655012,0.04657223003821682,0.47294177506732515,0.160076002763877,1.3976406765883929,0.15917987998239044,1.3992798785276988,0.07577011237573855,1.00793395878339,0.48425995594376164
16.0,1.2,0.1,closed-form,drive,0.49702896277007413,0.06550594673810935,0.3404238731287533,0.7466106333205509,0.0661118035988043,0.49811938816467827,0.3414595422250865,0.7416914540670476,0.34094314871536413,0.7441466848654582,0.14703275889976014,0.6226873729155853,0.4843034414705924
9.0,1.2,0.3,closed-form,drive,0.5311851080803259,0.07250867848163794,0.17536234166382222,1.3857471302739333,0.043231525587896884,0.3973468923742244,0.17638566120757276,1.3850219577933636,0.17587578099190326,1.3853833497011918,0.07968578047079804,0.9810798109300239,0.48462023764347256
16.0,1.4,0.0,closed-form,drive,0.4937289586633564,0.038477168421514926,0.3930806758692467,0.6231807664812077,0.07093114675533099,0.3973468923742244,0.393922339910439,0.6218955087648171,0.3935025844320359,0.6225362684376134,0.1677163131104776,0.51263978750517,0.48486614328849964
8.0,0.8,-0.25,closed-form,drive,0.5343765473289392,0.036668252713366704,0.24186124756593916,1.185549145713108,0.043231525587896884,0.3973468923742244,0.241709743547728,1.1796320636971882,0.24178535414650623,1.1825841730753561,0.10292692567069354,0.8512445612781507,0.48548739606932345
9.0,1.6,-0.25,closed-form,drive,0.5300917609938579,0.03987569095941042,0.1583881303103085,1.444354046704818,0.043231525587896884,0.3973468923742244,0.16002363496421654,1.436869950668201,0.15920963740658656,1.4406040430100593,0.07408654918229421,1.0167618989790985,0.48567658691728394
15.0,1.6,0.1,closed-form,drive,0.4981410215010517,0.06294099527572256,0.36682428941740514,0.7167154870050166,0.059740558789977145,0.4351957287145452,0.3676051735955788,0.7122186983827682,0.3672157290966257,0.7144629302070591,0.15430127520323134,0.5797075730181169,0.48572443094339124
11.0,1.4,0.3,closed-form,drive,0.5234399296943347,0.0894185150222232,0.06535490379467457,1.7022278589382571,0.043231525587896884,0.3973468923742244,0.06940854906596075,1.699071632138654,0.06741630175724844,1.7006450730338023,0.04776544683875632,1.1861512641434175,0.4865140949039894
11.0,1.2,0.3,closed-form,drive,0.5246013876220967,0.0894185150222232,0.06684649606901016,1.7022278589382571,0.043231525587896884,0.3973468923742244,0.07047418911225094,1.699071632138654,0.06868796598131764,1.7006450730338023,0.04804396401270677,1.1861512641434175,0.48723769455636406
8.0,1.2,0.3,closed-form,drive,0.5334276981998841,0.06544983787151631,0.22158190147831533,1.2564620494415144,0.043231525587896884,0.3973468923742244,0.22190288630229277,1.2551942875242312,0.22174277671148726,1.2558261575505147,0.09571631878495537,0.8978872539883803,0.48758682952990895
12.0,1.6,0.25,closed-form,drive,0.5174009996736073,0.08686041562485153,0.12310366983716231,1.5560910116430857,0.04323153267804982,0.39732213943839534,0.12506753263444248,1.5506930562140526,0.12409147311889991,1.5533851351924204,0.06288816153327771,1.089974445350067,0.48781123299741613
11.0,1.4,-0.2,closed-form,drive,0.5234399296943347,0.041876143045947965,0.06535490379467457,1.7121491875010957,0.043231525587896884,0.3973468923742244,0.06940854906596075,1.7050413315930624,0.06741630175724844,1.7085867842188422,0.04776544683875632,1.1913534815269933,0.4883348709882409
11.0,1.2,-0.2,closed-form,drive,0.5246013876220967,0.041876143045947965,0.06684649606901016,1.7121491875010957,0.043231525587896884,0.3973468923742244,0.07047418911225094,1.7050413315930624,0.06868796598131764,1.7085867842188422,0.04804396401270677,1.1913534815269933,0.4890584706406156
9.0,1.4,-0.25,closed-form,drive,0.5306057646524405,0.03987569095941042,0.16573775906899443,1.444354046704818,0.043231525587896884,0.3973468923742244,0.167083223255908,1.436869950668201,0.166413212144644,1.4406040430100593,0.07648829187622336,1.0167618989790985,0.4905995807695332
10.0,1.0,0.3,closed-form,drive,0.5292057087954983,0.08069428309852146,0.1363972077013685,1.5303261270947115,0.043231525587896884,0.3973468923742244,0.13779441835608439,1.531554304915743,0.13709900650985657,1.5309424422882576,0.06692326695902583,1.0753762317956346,0.4912896003659477
11.0,1.6,0.3,closed-form,drive,0.5224101518895472,0.0894185150222232,0.07432396567100191,1.7022278589382571,0.043231525587896884,0.3973468923742244,0.07809615264391805,1.699071632138654,0.07623720975231175,1.7006450730338023,0.04976848742245847,1.1861512641434175,0.49160445328596375
13.0,1.6,-0.1,closed-form,drive,0.5116408784915562,0.03488937837508038,0.20322295628066084,1.3265660203240166,0.04412997800064665,0.4115768241032495,0.2044144963847582,1.3231925684920962,0.20382080253526683,1.3248745914231856,0.08973357099224837,0.9454392026829852,0.49197457281863655
10.0,0.8,-0.2,closed-form,drive,0.5303248848687021,0.03881599606143958,0.158693657231506,1.4740669573653093,0.043231525587896884,0.3973468923742244,0.15948132579463517,1.4651374149151732,0.15908877587854667,1.4695936773973204,0.0740465098786533,1.0355404960612171,0.49216675505757057
16.0,1.6,0.05,closed-form,drive,0.4908590830618672,0.050540081613869275,0.44011799100558074,0.4716938534249563,0.07581211728549346,0.3989629750288883,0.44080355863612786,0.468768180675617,0.44046160179418486,0.47022828250082643,0.18647368025614192,0.43297570244658556,0.4921767367404115
12.0,1.6,-0.15,closed-form,drive,0.5174009996736073,0.038429162049085606,0.12310366983716231,1.5773117682161972,0.04323153267804982,0.3973621269646275,0.12506753263444248,1.57249971147247,0.12409147311889991,1.5748993375771418,0.06288816153327771,1.1039956011302319,0.4927186375204738
9.0,1.0,0.3,closed-form,drive,0.5318484077052114,0.07250867848163794,0.1878794388714679,1.3857471302739333,0.043231525587896884,0.3973468923742244,0.188549936132539,1.3850219577933636,0.18821566441595008,1.3853833497011918,0.08391967184795912,0.9810798109300239,0.49317308821905
11.0,1.6,-0.2,closed-form,drive,0.5224101518895472,0.041876143045947965,0.07432396567100191,1.7121491875010957,0.043231525587896884,0.3973468923742244,0.07809615264391805,1.7050413315930624,0.07623720975231175,1.7085867842188422,0.04976848742245847,1.1913534815269933,0.49342522937021527
8.0,1.0,0.3,closed-form,drive,0.5338618281882921,0.06544983787151631,0.23039270278554203,1.2564620494415144,0.043231525587896884,0.3973468923742244,0.23049151412227853,1.2551942875242312,0.23044221371769139,1.2558261575505147,0.09883371449571203,0.8978872539883803,0.4937490281928371
14.0,1.6,0.15,closed-form,drive,0.5051692424971337,0.0732297810858715,0.2869188209739899,1.055278631823234,0.04908519287177918,0.43772764679255755,0.2878380964891992,1.0499256535909944,0.28737975633767393,1.0525963790901327,0.12153526390864845,0.781158452431573,0.4955236369778848
11.0,1.0,0.3,closed-form,drive,0.5259279565783433,0.0894185150222232,0.08193174962748967,1.7022278589382571,0.043231525587896884,0.3973468923742244,0.08447747791524848,1.699071632138654,0.08321692451685518,1.7006450730338023,0.05146349509942079,1.1861512641434175,0.49574236113051623
13.0,0.8,-0.15,closed-form,drive,0.5200900691487456,0.04076854231659403,0.07134430915709829,1.7223529726247453,0.04365754016228057,0.4238646313731947,0.07425589477559909,1.7176539563676576,0.07281760135652793,1.7199970226233825,0.049291242835941676,1.2037536711192687,0.49609118820247045
13.0,1.6,0.2,closed-form,drive,0.5116408784915562,0.08135279737986487,0.20322295628066084,1.3466975475447078,0.04412997800064665,0.4134548657887681,0.2044144963847582,1.3409769017319992,0.20382080253526683,1.3438304726882269,0.08973357099224837,0.9580219540389545,0.49637853579322583
9.0,1.2,-0.25,closed-form,drive,0.5311851080803259,0.03987569095941042,0.17536234166382222,1.444354046704818,0.043231525587896884,0.3973468923742244,0.17638566120757276,1.436869950668201,0.17587578099190326,1.4406040430100593,0.07968578047079804,1.0167618989790985,0.49710896846064867
16.0,1.0,-0.05,closed-form,drive,0.5008723469185751,0.0327048464093503,0.28162684540846317,1.02713434702914,0.06140742868917615,0.49422891171218414,0.28290826061457375,1.0252499514069044,0.2822695765727528,1.0261893549272012,0.12439299293659238,0.7834119879483644,0.4973815405189834
11.0,1.0,-0.2,closed-form,drive,0.5259279565783433,0.041876143045947965,0.08193174962748967,1.7121491875010957,0.043231525587896884,0.3973468923742244,0.08447747791524848,1.7050413315930624,0.08321692451685518,1.7085867842188422,0.05146349509942079,1.1913534815269933,0.49756313721476775
8.0,1.6,-0.3,closed-form,drive,0.5327239435612167,0.039463664788697256,0.20923685495613145,1.3520867270169354,0.043231525587896884,0.3973468923742244,0.20993227795385827,1.345425008779184,0.20958555844912558,1.348748573307155,0.0913955928487531,0.9574764491748445,0.4998672955171426
13.0,0.8,0.25,closed-form,drive,0.5200900691487456,0.09414573419328681,0.07134430915709829,1.743059264632772,0.04365754016228057,0.42629467617653377,0.07425589477559909,1.7359461639252685,0.07281760135652793,1.7394941696564878,0.049291242835941676,1.2169458788297947,0.5007084609011545
8.0,0.8,0.3,closed-form,drive,0.5343765473289392,0.06544983787151631,0.24186124756593916,1.2564620494415144,0.043231525587896884,0.3973468923742244,0.241709743547728,1.2551942875242312,0.24178535414650623,1.2558261575505147,0.10292692567069354,0.8978872539883803,0.5018123385179039
14.0,1.0,0.2,closed-form,drive,0.51238127890382,0.087201443006951,0.1582750189157158,1.4759629671746375,0.04657223003821682,0.4880100455816045,0.160076002763877,1.469134427283459,0.15917987998239044,1.472540962248121,0.07577011237573855,1.0582563200201647,0.5018727823766328
16.0,0.8,0.15,closed-form,drive,0.5054188997700635,0.08179657765026592,0.21729193897597446,1.180318307490566,0.05689115578631593,0.6517200021055131,0.2188845306292557,1.173815079681779,0.2180912997490932,1.1770600487307143,0.10035329008773806,0.9293085430423758,0.5019432350647521
8.0,1.4,-0.3,closed-form,drive,0.5330530791933853,0.039463664788697256,0.21469576575235078,1.3520867270169354,0.043231525587896884,0.3973468923742244,0.21521452485486048,1.345425008779184,0.2149558266247385,1.348748573307155,0.09329876611118566,0.9574764491748445,0.5036500626410396
9.0,0.8,0.3,closed-form,drive,0.5326235681783368,0.07250867848163794,0.2041761107700268,1.3857471302739333,0.043231525587896884,0.3973468923742244,0.20446471691139367,1.3850219577933636,0.2043207567815134,1.3853833497011918,0.08953873330767485,0.9810798109300239,0.5044289320067129
9.0,1.0,-0.25,closed-form,drive,0.5318484077052114,0.03987569095941042,0.1878794388714679,1.444354046704818,0.043231525587896884,0.3973468923742244,0.188549936132539,1.436869950668201,0.18821566441595008,1.4406040430100593,0.08391967184795912,1.0167618989790985,0.5056618190362261
10.0,0.8,0.3,closed-form,drive,0.5303248848687021,0.08069428309852146,0.158693657231506,1.5303261270947115,0.043231525587896884,0.3973468923742244,0.15948132579463517,1.531554304915743,0.15908877587854667,1.5309424422882576,0.0740465098786533,1.0753762317956346,0.5061092625646167
8.0,1.2,-0.3,closed-form,drive,0.5334276981998841,0.039463664788697256,0.22158190147831533,1.3520867270169354,0.043231525587896884,0.3973468923742244,0.22190288630229277,1.345425008779184,0.22174277671148726,1.348748573307155,0.09571631878495537,0.9574764491748445,0.5084430478451715
13.0,1.0,-0.15,closed-form,drive,0.5174968824502333,0.04076854231659403,0.09607011825137267,1.7223529726247453,0.04377141527122384,0.4238646313731947,0.0985924293085606,1.7176539563676576,0.0973419956345796,1.7199970226233825,0.05551065010364588,1.2037536711192687,0.5108941334674928
15.0,0.8,-0.1,closed-form,drive,0.5106529890774276,0.03567350578810198,0.16549322547078377,1.4545309593721714,0.05017788613416867,0.5599090809675398,0.16733148979421544,1.4512887399314567,0.16641675563511615,1.4529052020807125,0.0799966144849925,1.065172069469153,0.5110527032714868
11.0,0.8,0.3,closed-form,drive,0.5274682962592977,0.0894185150222232,0.10926985721553073,1.7022278589382571,0.043231525587896884,0.3973468923742244,0.1106896258904743,1.699071632138654,0.10998346891188229,1.7006450730338023,0.05870077711612707,1.1861512641434175,0.512347933685482
15.0,1.2,0.15,closed-form,drive,0.5034769646440258,0.07781099331291731,0.2745911530351804,1.127422646896889,0.05475339101950197,0.5247116877898245,0.2757756944836599,1.121383570451457,0.27518525952145706,1.1243968218059273,0.11920980616133625,0.8526936839082709,0.513967436361741
11.0,0.8,-0.2,closed-form,drive,0.5274682962592977,0.041876143045947965,0.10926985721553073,1.7121491875010957,0.043231525587896884,0.3973468923742244,0.1106896258904743,1.7050413315930624,0.10998346891188229,1.7085867842188422,0.05870077711612707,1.1913534815269933,0.5141687097697335
8.0,1.0,-0.3,closed-form,drive,0.5338618281882921,0.039463664788697256,0.23039270278554203,1.3520867270169354,0.043231525587896884,0.3973468923742244,0.23049151412227853,1.345425008779184,0.23044221371769139,1.348748573307155,0.09883371449571203,0.9574764491748445,0.5146052465080996
10.0,1.6,-0.25,closed-form,drive,0.5266475740708034,0.043997257689367526,0.10210173310776446,1.7334541768049365,0.043231525587896884,0.3973468923742244,0.10509421117656768,1.7233172370346042,0.10361180361418897,1.7283757800774553,0.05688545186666804,1.2043225782084686,0.5146624855045981
13.0,1.0,0.25,closed-form,drive,0.5174968824502333,0.09414573419328681,0.09607011825137267,1.743059264632772,0.04377141527122384,0.42629467617653377,0.0985924293085606,1.7359461639252685,0.0973419956345796,1.7394941696564878,0.05551065010364588,1.2169458788297947,0.5155114061661769
14.0,1.2,-0.1,closed-form,drive,0.5096365899713525,0.03551136478708915,0.20429684356601346,1.4009284090655012,0.04737425984084997,0.47294177506732515,0.20572038611252305,1.3976406765883929,0.2050112906253752,1.3992798785276988,0.09153277371674737,1.00793395878339,0.5160636110098151
9.0,0.8,-0.25,closed-form,drive,0.5326235681783368,0.03987569095941042,0.2041761107700268,1.444354046704818,0.043231525587896884,0.3973468923742244,0.20446471691139367,1.436869950668201,0.2043207567815134,1.4406040430100593,0.08953873330767485,1.0167618989790985,0.516917662823889
15.0,1.4,-0.05,closed-form,drive,0.5006300066827819,0.0330514430429453,0.32302800821849914,1.0101624530413524,0.057206967797105636,0.4607611273527588,0.3239879756895454,1.0082153594694294,0.3235093192245833,1.00918604164327,0.1374912376070847,0.7619474270674055,0.5174010988092808
10.0,1.4,-0.25,closed-form,drive,0.5273979278290949,0.043997257689367526,0.10873935948234115,1.7334541768049365,0.043231525587896884,0.3973468923742244,0.1112869601771388,1.7233172370346042,0.11002311121643078,1.7283757800774553,0.058712229458092666,1.2043225782084686,0.5187332207568074
16.0,1.6,0.0,closed-form,drive,0.4908590830618672,0.038477168421514926,0.44011799100558074,0.6231807664812077,0.07581211728549346,0.3973468923742244,0.44080355863612786,0.6218955087648171,0.44046160179418486,0.6225362684376134,0.18647368025614192,0.51263978750517,0.5200591665109161
8.0,0.8,-0.3,closed-form,drive,0.5343765473289392,0.039463664788697256,0.24186124756593916,1.3520867270169354,0.043231525587896884,0.3973468923742244,0.241709743547728,1.345425008779184,0.24178535414650623,1.348748573307155,0.10292692567069354,0.9574764491748445,0.5226685568331663
16.0,1.4,0.1,closed-form,drive,0.4937289586633564,0.06550594673810935,0.3930806758692467,0.7466106333205509,0.07093114675533099,0.49811938816467827,0.393922339910439,0.7416914540670476,0.3935025844320359,0.7441466848654582,0.1677163131104776,0.6226873729155853,0.5233827981821451
10.0,1.2,-0.25,closed-form,drive,0.5282423382542187,0.043997257689367526,0.11998345018465388,1.7334541768049365,0.043231525587896884,0.3973468923742244,0.12198169587109524,1.7233172370346042,0.12098872008061973,1.7283757800774553,0.06194902371576916,1.2043225782084686,0.52580797811695
12.0,1.0,0.3,closed-form,drive,0.5220211928392419,0.0983173055138859,0.054782792772027834,1.9125588911738658,0.04323153001923717,0.39731728456922316,0.05860265720510746,1.9058889028611516,0.056728750146027664,1.9092153881065221,0.045573861813589335,1.3232088400307678,0.5285520183754677
12.0,1.0,-0.2,closed-form,drive,0.5220211928392419,0.04562212654076903,0.054782792772027834,1.9341659660572919,0.04323153001923717,0.3973672689589537,0.05860265720510746,1.9280937464338805,0.056728750146027664,1.9311218448774592,0.045573861813589335,1.3376599452342006,0.5336099051966692
14.0,1.2,0.2,closed-form,drive,0.5096365899713525,0.087201443006951,0.20429684356601346,1.4759629671746375,0.04737425984084997,0.4880100455816045,0.20572038611252305,1.469134427283459,0.2050112906253752,1.472540962248121,0.09153277371674737,1.0582563200201647,0.5336764374426863
13.0,1.2,-0.15,closed-form,drive,0.5152752261631554,0.04076854231659403,0.13242496395140532,1.7223529726247453,0.04388814462195954,0.4238646313731947,0.13435558675520554,1.7176539563676576,0.13339572131349828,1.7199970226233825,0.06612615068851589,1.2037536711192687,0.5341284380399843
9.0,1.6,-0.3,closed-form,drive,0.5300917609938579,0.044354317208105655,0.1583881303103085,1.6583732540512641,0.043231525587896884,0.3973468923742244,0.16002363496421654,1.6499790575164683,0.15920963740658656,1.6541671061883807,0.07408654918229421,1.155736211665029,0.5343175963573595
12.0,0.8,0.3,closed-form,drive,0.5240542975724551,0.0983173055138859,0.06877388287165509,1.9125588911738658,0.0432315291329677,0.39731728456922316,0.07126607016837166,1.9058889028611516,0.07003358445159404,1.9092153881065221,0.04834255002949712,1.3232088400307678,0.5359773985983237
10.0,1.0,-0.25,closed-form,drive,0.5292057087954983,0.043997257689367526,0.1363972077013685,1.7334541768049365,0.043231525587896884,0.3973468923742244,0.13779441835608439,1.7233172370346042,0.13709900650985657,1.7283757800774553,0.06692326695902583,1.2043225782084686,0.5364208216104396
12.0,1.2,0.3,closed-form,drive,0.5202739284084175,0.0983173055138859,0.0698589106834622,1.9125588911738658,0.04323153090550735,0.39731728456922316,0.07319157186974483,1.9058889028611516,0.07154801964387862,1.9092153881065221,0.04868326239014478,1.3232088400307678,0.5368481632762709
13.0,1.2,0.25,closed-form,drive,0.5152752261631554,0.09414573419328681,0.13242496395140532,1.743059264632772,0.04388814462195954,0.42629467617653377,0.13435558675520554,1.7359461639252685,0.13339572131349828,1.7394941696564878,0.06612615068851589,1.2169458788297947,0.5387457107386684
9.0,1.4,-0.3,closed-form,drive,0.5306057646524405,0.044354317208105655,0.16573775906899443,1.6583732540512641,0.043231525587896884,0.3973468923742244,0.167083223255908,1.6499790575164683,0.166413212144644,1.6541671061883807,0.07648829187622336,1.155736211665029,0.5392405902096089
16.0,1.2,-0.05,closed-form,drive,0.49702896277007413,0.0327048464093503,0.3404238731287533,1.02713434702914,0.0661118035988043,0.49422891171218414,0.3414595422250865,1.0252499514069044,0.34094314871536413,1.0261893549272012,0.14703275889976014,0.7834119879483644,0.5405570567320651
12.0,0.8,-0.2,closed-form,drive,0.5240542975724551,0.04562212654076903,0.06877388287165509,1.9341659660572919,0.0432315291329677,0.3973672689589537,0.07126607016837166,1.9280937464338805,0.07003358445159404,1.9311218448774592,0.04834255002949712,1.3376599452342006,0.5410352854195252
12.0,1.2,-0.2,closed-form,drive,0.5202739284084175,0.04562212654076903,0.0698589106834622,1.9341659660572919,0.04323153090550735,0.3973672689589537,0.07319157186974483,1.9280937464338805,0.07154801964387862,1.9311218448774592,0.04868326239014478,1.3376599452342006,0.5419060500974725
15.0,0.8,0.2,closed-form,drive,0.5106529890774276,0.09335860005857229,0.16549322547078377,1.5784931981400256,0.05017788613416867,0.6387726412313747,0.16733148979421544,1.5709052670878714,0.16641675563511615,1.5746908095218823,0.0799966144849925,1.163776393050154,0.545564216524837
9.0,1.2,-0.3,closed-form,drive,0.5311851080803259,0.044354317208105655,0.17536234166382222,1.6583732540512641,0.043231525587896884,0.3973468923742244,0.17638566120757276,1.6499790575164683,0.17587578099190326,1.6541671061883807,0.07968578047079804,1.155736211665029,0.5457499779007243
14.0,1.4,-0.1,closed-form,drive,0.5072572790174579,0.03551136478708915,0.2473997742245308,1.4009284090655012,0.04821295255142984,0.47294177506732515,0.24853952262213655,1.3976406765883929,0.24797145633395393,1.3992798785276988,0.10698761245566743,1.00793395878339,0.5465545077467377
16.0,1.0,0.15,closed-form,drive,0.5008723469185751,0.08179657765026592,0.28162684540846317,1.180318307490566,0.06140742868917615,0.6517200021055131,0.28290826061457375,1.173815079681779,0.2822695765727528,1.1770600487307143,0.12439299293659238,0.9293085430423758,0.5484453348018874
15.0,1.4,0.15,closed-form,drive,0.5006300066827819,0.07781099331291731,0.32302800821849914,1.127422646896889,0.057206967797105636,0.5247116877898245,0.3239879756895454,1.121383570451457,0.3235093192245833,1.1243968218059273,0.1374912376070847,0.8526936839082709,0.5491622887035836
15.0,1.6,-0.05,closed-form,drive,0.4981410215010517,0.0330514430429453,0.36682428941740514,1.0101624530413524,0.059740558789977145,0.4607611273527588,0.3676051735955788,1.0082153594694294,0.3672157290966257,1.00918604164327,0.15430127520323134,0.7619474270674055,0.5495083798606422
15.0,1.0,-0.1,closed-form,drive,0.5067744318617403,0.03567350578810198,0.22145636160748494,1.4545309593721714,0.05240172689228632,0.5599090809675398,0.222929716450086,1.4512887399314567,0.2221957508294626,1.4529052020807125,0.09967138525584757,1.065172069469153,0.5502501223603631
10.0,0.8,-0.25,closed-form,drive,0.5303248848687021,0.043997257689367526,0.158693657231506,1.7334541768049365,0.043231525587896884,0.3973468923742244,0.15948132579463517,1.7233172370346042,0.15908877587854667,1.7283757800774553,0.0740465098786533,1.2043225782084686,0.5512404838091086
12.0,1.4,0.3,closed-form,drive,0.5187486845775408,0.0983173055138859,0.09583678715380667,1.9125588911738658,0.04323153179177823,0.39731728456922316,0.09837076479511773,1.9058889028611516,0.09711460469763025,1.9092153881065221,0.055089793863626405,1.3232088400307678,0.5522029995185657
9.0,1.0,-0.3,closed-form,drive,0.5318484077052114,0.044354317208105655,0.1878794388714679,1.6583732540512641,0.043231525587896884,0.3973468923742244,0.188549936132539,1.6499790575164683,0.18821566441595008,1.6541671061883807,0.08391967184795912,1.155736211665029,0.5543028284763017
14.0,0.8,-0.15,closed-form,drive,0.515596148786347,0.04315009073124174,0.11372640594536924,1.834952060309116,0.04581014072207516,0.5320240655842129,0.1159827106534321,1.8302551137286502,0.1148623813473073,1.832597048766855,0.06171804664598415,1.2991988728872397,0.5566394856280756
12.0,1.4,-0.2,closed-form,drive,0.5187486845775408,0.04562212654076903,0.09583678715380667,1.9341659660572919,0.04323153179177823,0.3973672689589537,0.09837076479511773,1.9280937464338805,0.09711460469763025,1.9311218448774592,0.055089793863626405,1.3376599452342006,0.5572608863397671
16.0,1.6,0.1,closed-form,drive,0.4908590830618672,0.06550594673810935,0.44011799100558074,0.7466106333205509,0.07581211728549346,0.49811938816467827,0.44080355863612786,0.7416914540670476,0.44046160179418486,0.7441466848654582,0.18647368025614192,0.6226873729155853,0.5585758214045614
13.0,1.4,-0.15,closed-form,drive,0.513342572547908,0.04076854231659403,0.16894083532555665,1.7223529726247453,0.044007681172432166,0.4238646313731947,0.1704441548859197,1.7176539563676576,0.1696956807411223,1.7199970226233825,0.07796042280264177,1.2037536711192687,0.5586676959537786
11.0,1.4,-0.25,closed-form,drive,0.5234399296943347,0.04897920435918025,0.06535490379467457,2.023417819672733,0.043231525587896884,0.3973468923742244,0.06940854906596075,2.015108254544255,0.06741630175724844,2.0192530822268804,0.04776544683875632,1.3958387183880003,0.5599047038895933
11.0,1.2,-0.25,closed-form,drive,0.5246013876220967,0.04897920435918025,0.06684649606901016,2.023417819672733,0.043231525587896884,0.3973468923742244,0.07047418911225094,2.015108254544255,0.06868796598131764,2.0192530822268804,0.04804396401270677,1.3958387183880003,0.560628303541968
13.0,1.4,0.25,closed-form,drive,0.513342572547908,0.09414573419328681,0.16894083532555665,1.743059264632772,0.044007681172432166,0.42629467617653377,0.1704441548859197,1.7359461639252685,0.1696956807411223,1.7394941696564878,0.07796042280264177,1.2169458788297947,0.5632849686524627
14.0,1.4,0.2,closed-form,drive,0.5072572790174579,0.087201443006951,0.2473997742245308,1.4759629671746375,0.04821295255142984,0.4880100455816045,0.24853952262213655,1.469134427283459,0.24797145633395393,1.472540962248121,0.10698761245566743,1.0582563200201647,0.564167334179609
11.0,1.6,-0.25,closed-form,drive,0.5224101518895472,0.04897920435918025,0.07432396567100191,2.023417819672733,0.043231525587896884,0.3973468923742244,0.07809615264391805,2.015108254544255,0.07623720975231175,2.0192530822268804,0.04976848742245847,1.3958387183880003,0.5649950622715676
9.0,0.8,-0.3,closed-form,drive,0.5326235681783368,0.044354317208105655,0.2041761107700268,1.6583732540512641,0.043231525587896884,0.3973468923742244,0.20446471691139367,1.6499790575164683,0.2043207567815134,1.6541671061883807,0.08953873330767485,1.155736211665029,0.5655586722639647
16.0,0.8,-0.1,closed-form,drive,0.5054188997700635,0.03635441261114352,0.21729193897597446,1.4907874391621028,0.05689115578631593,0.6467646003935054,0.2188845306292557,1.4875798883851432,0.2180912997490932,1.4891790347707385,0.10035329008773806,1.1136751466620336,0.5664715463316324
11.0,1.0,-0.25,closed-form,drive,0.5259279565783433,0.04897920435918025,0.08193174962748967,2.023417819672733,0.043231525587896884,0.3973468923742244,0.08447747791524848,2.015108254544255,0.08321692451685518,2.0192530822268804,0.05146349509942079,1.3958387183880003,0.5691329701161202
12.0,1.6,0.3,closed-form,drive,0.5174009996736073,0.0983173055138859,0.12310366983716231,1.9125588911738658,0.04323153267804982,0.39731728456922316,0.12506753263444248,1.9058889028611516,0.12409147311889991,1.9092153881065221,0.06288816153327771,1.3232088400307678,0.5694432711356614
12.0,1.6,-0.2,closed-form,drive,0.5174009996736073,0.04562212654076903,0.12310366983716231,1.9341659660572919,0.04323153267804982,0.3973672689589537,0.12506753263444248,1.9280937464338805,0.12409147311889991,1.9311218448774592,0.06288816153327771,1.3376599452342006,0.5745011579568629
14.0,1.6,-0.1,closed-form,drive,0.5051692424971337,0.03551136478708915,0.2869188209739899,1.4009284090655012,0.04908519287177918,0.47294177506732515,0.2878380964891992,1.3976406765883929,0.28737975633767393,1.3992798785276988,0.12153526390864845,1.00793395878339,0.5748950642010208
14.0,0.8,0.25,closed-form,drive,0.515596148786347,0.1015840038656914,0.11372640594536924,1.9117716289238684,0.04581014072207516,0.5498691805090776,0.1159827106534321,1.903446642478652,0.1148623813473073,1.907599421404774,0.06171804664598415,1.351499837009471,0.5749448230708566
10.0,1.6,-0.3,closed-form,drive,0.5266475740708034,0.05033733967597301,0.10210173310776446,1.997798151459459,0.043231525587896884,0.3973468923742244,0.10509421117656768,1.9865315135207664,0.10361180361418897,1.9921535043170746,0.05688545186666804,1.3779356553982227,0.5754270625210121
10.0,1.4,-0.3,closed-form,drive,0.5273979278290949,0.05033733967597301,0.10873935948234115,1.997798151459459,0.043231525587896884,0.3973468923742244,0.1112869601771388,1.9865315135207664,0.11002311121643078,1.9921535043170746,0.058712229458092666,1.3779356553982227,0.5794977977732213
16.0,1.4,-0.05,closed-form,drive,0.4937289586633564,0.0327048464093503,0.3930806758692467,1.02713434702914,0.07093114675533099,0.49422891171218414,0.393922339910439,1.0252499514069044,0.3935025844320359,1.0261893549272012,0.1677163131104776,0.7834119879483644,0.5796364134436177
15.0,1.6,0.15,closed-form,drive,0.4981410215010517,0.07781099331291731,0.36682428941740514,1.127422646896889,0.059740558789977145,0.5247116877898245,0.3676051735955788,1.121383570451457,0.3672157290966257,1.1243968218059273,0.15430127520323134,0.8526936839082709,0.5812695697549451
13.0,1.6,-0.15,closed-form,drive,0.5116408784915562,0.04076854231659403,0.20322295628066084,1.7223529726247453,0.04412997800064665,0.4238646313731947,0.2044144963847582,1.7176539563676576,0.20382080253526683,1.7199970226233825,0.08973357099224837,1.2037536711192687,0.5823846367713358
15.0,1.0,0.2,closed-form,drive,0.5067744318617403,0.09335860005857229,0.22145636160748494,1.5784931981400256,0.05240172689228632,0.6387726412313747,0.222929716450086,1.5709052670878714,0.2221957508294626,1.5746908095218823,0.09967138525584757,1.163776393050154,0.5847616356137134
11.0,0.8,-0.25,closed-form,drive,0.5274682962592977,0.04897920435918025,0.10926985721553073,2.023417819672733,0.043231525587896884,0.3973468923742244,0.1106896258904743,2.015108254544255,0.10998346891188229,2.0192530822268804,0.05870077711612707,1.3958387183880003,0.5857385426710859
14.0,1.0,-0.15,closed-form,drive,0.51238127890382,0.04315009073124174,0.1582750189157158,1.834952060309116,0.04657223003821682,0.5320240655842129,0.160076002763877,1.8302551137286502,0.15917987998239044,1.832597048766855,0.07577011237573855,1.2991988728872397,0.5862026758801091
10.0,1.2,-0.3,closed-form,drive,0.5282423382542187,0.05033733967597301,0.11998345018465388,1.997798151459459,0.043231525587896884,0.3973468923742244,0.12198169587109524,1.9865315135207664,0.12098872008061973,1.9921535043170746,0.06194902371576916,1.3779356553982227,0.586572555133364
13.0,1.6,0.25,closed-form,drive,0.5116408784915562,0.09414573419328681,0.20322295628066084,1.743059264632772,0.04412997800064665,0.42629467617653377,0.2044144963847582,1.7359461639252685,0.20382080253526683,1.7394941696564878,0.08973357099224837,1.2169458788297947,0.5870019094700198
15.0,1.2,-0.1,closed-form,drive,0.5034769646440258,0.03567350578810198,0.2745911530351804,1.4545309593721714,0.05475339101950197,0.5599090809675398,0.2757756944836599,1.4512887399314567,0.27518525952145706,1.4529052020807125,0.11920980616133625,1.065172069469153,0.5883348713080498
13.0,0.8,-0.2,closed-form,drive,0.5200900691487456,0.04991149663921734,0.07134430915709829,2.1261614808943596,0.04365754016228057,0.43924232714946193,0.07425589477559909,2.1200946122401656,0.07281760135652793,2.123119824707194,0.049291242835941676,1.4710371671918254,0.5896404118278653
16.0,1.2,0.15,closed-form,drive,0.49702896277007413,0.08179657765026592,0.3404238731287533,1.180318307490566,0.0661118035988043,0.6517200021055131,0.3414595422250865,1.173815079681779,0.34094314871536413,1.1770600487307143,0.14703275889976014,0.9293085430423758,0.5916208510149691
14.0,1.6,0.2,closed-form,drive,0.5051692424971337,0.087201443006951,0.2869188209739899,1.4759629671746375,0.04908519287177918,0.4880100455816045,0.2878380964891992,1.469134427283459,0.28737975633767393,1.472540962248121,0.12153526390864845,1.0582563200201647,0.5925078906338919
13.0,0.8,0.3,closed-form,drive,0.5200900691487456,0.10720465953951336,0.07134430915709829,2.1471510053976055,0.04365754016228057,0.44217217061776604,0.07425589477559909,2.138637095822129,0.07281760135652793,2.142883699739494,0.049291242835941676,1.4845431321940026,0.5943674995786273
10.0,1.0,-0.3,closed-form,drive,0.5292057087954983,0.05033733967597301,0.1363972077013685,1.997798151459459,0.043231525587896884,0.3973468923742244,0.13779441835608439,1.9865315135207664,0.13709900650985657,1.9921535043170746,0.06692326695902583,1.3779356553982227,0.5971853986268536
13.0,1.0,-0.2,closed-form,drive,0.5174968824502333,0.04991149663921734,0.09607011825137267,2.1261614808943596,0.04377141527122384,0.43924232714946193,0.0985924293085606,2.1200946122401656,0.0973419956345796,2.123119824707194,0.05551065010364588,1.4710371671918254,0.6044433570928875
14.0,1.0,0.25,closed-form,drive,0.51238127890382,0.1015840038656914,0.1582750189157158,1.9117716289238684,0.04657223003821682,0.5498691805090776,0.160076002763877,1.903446642478652,0.15917987998239044,1.907599421404774,0.07577011237573855,1.351499837009471,0.6045080133228901
13.0,1.0,0.3,closed-form,drive,0.5174968824502333,0.10720465953951336,0.09607011825137267,2.1471510053976055,0.04377141527122384,0.44217217061776604,0.0985924293085606,2.138637095822129,0.0973419956345796,2.142883699739494,0.05551065010364588,1.4845431321940026,0.6091704448436496
10.0,0.8,-0.3,closed-form,drive,0.5303248848687021,0.05033733967597301,0.158693657231506,1.997798151459459,0.043231525587896884,0.3973468923742244,0.15948132579463517,1.9865315135207664,0.15908877587854667,1.9921535043170746,0.0740465098786533,1.3779356553982227,0.6120050608255225
16.0,1.0,-0.1,closed-form,drive,0.5008723469185751,0.03635441261114352,0.28162684540846317,1.4907874391621028,0.06140742868917615,0.6467646003935054,0.28290826061457375,1.4875798883851432,0.2822695765727528,1.4891790347707385,0.12439299293659238,1.1136751466620336,0.6129736460687676
16.0,1.6,-0.05,closed-form,drive,0.4908590830618672,0.0327048464093503,0.44011799100558074,1.02713434702914,0.07581211728549346,0.49422891171218414,0.44080355863612786,1.0252499514069044,0.44046160179418486,1.0261893549272012,0.18647368025614192,0.7834119879483644,0.6148294366660342
12.0,1.0,-0.25,closed-form,drive,0.5220211928392419,0.05467047341926284,0.054782792772027834,2.295800509988985,0.04323153001923717,0.39737244284998496,0.05860265720510746,2.2884632042622486,0.056728750146027664,2.2921222286691303,0.045573861813589335,1.5766392852543343,0.617252674203716
14.0,1.2,-0.15,closed-form,drive,0.5096365899713525,0.04315009073124174,0.20429684356601346,1.834952060309116,0.04737425984084997,0.5320240655842129,0.20572038611252305,1.8302551137286502,0.2050112906253752,1.832597048766855,0.09153277371674737,1.2991988728872397,0.6180063309461625
16.0,0.8,0.2,closed-form,drive,0.5054188997700635,0.09875855923035964,0.21729193897597446,1.6521702996329182,0.05689115578631593,0.8300720235500476,0.2188845306292557,1.6440652334900454,0.2180912997490932,1.6481088698349933,0.10035329008773806,1.2708628447862513,0.6214872406751085
15.0,1.2,0.2,closed-form,drive,0.5034769646440258,0.09335860005857229,0.2745911530351804,1.5784931981400256,0.05475339101950197,0.6387726412313747,0.2757756944836599,1.5709052670878714,0.27518525952145706,1.5746908095218823,0.11920980616133625,1.163776393050154,0.6228463845614001
15.0,1.4,-0.1,closed-form,drive,0.5006300066827819,0.03567350578810198,0.32302800821849914,1.4545309593721714,0.057206967797105636,0.5599090809675398,0.3239879756895454,1.4512887399314567,0.3235093192245833,1.4529052020807125,0.1374912376070847,1.065172069469153,0.6235297236498923
15.0,0.8,-0.15,closed-form,drive,0.5106529890774276,0.04495659989051317,0.16549322547078377,1.9167813277536183,0.05017788613416867,0.6793207197569074,0.16733148979421544,1.912060775856025,0.16641675563511615,1.9144144233360174,0.0799966144849925,1.387401354915376,0.6238329531776647
12.0,0.8,-0.25,closed-form,drive,0.5240542975724551,0.05467047341926284,0.06877388287165509,2.295800509988985,0.0432315291329677,0.39737244284998496,0.07126607016837166,2.2884632042622486,0.07003358445159404,2.2921222286691303,0.04834255002949712,1.5766392852543343,0.624678054426572
12.0,1.2,-0.25,closed-form,drive,0.5202739284084175,0.05467047341926284,0.0698589106834622,2.295800509988985,0.04323153090550735,0.39737244284998496,0.07319157186974483,2.2884632042622486,0.07154801964387862,2.2921222286691303,0.04868326239014478,1.5766392852543343,0.6255488191045192
13.0,1.2,-0.2,closed-form,drive,0.5152752261631554,0.04991149663921734,0.13242496395140532,2.1261614808943596,0.04388814462195954,0.43924232714946193,0.13435558675520554,2.1200946122401656,0.13339572131349828,2.123119824707194,0.06612615068851589,1.4710371671918254,0.6276776616653792
16.0,1.4,0.15,closed-form,drive,0.4937289586633564,0.08179657765026592,0.3930806758692467,1.180318307490566,0.07093114675533099,0.6517200021055131,0.393922339910439,1.173815079681779,0.3935025844320359,1.1770600487307143,0.1677163131104776,0.9293085430423758,0.6307002077265217
13.0,1.2,0.3,closed-form,drive,0.5152752261631554,0.10720465953951336,0.13242496395140532,2.1471510053976055,0.04388814462195954,0.44217217061776604,0.13435558675520554,2.138637095822129,0.13339572131349828,2.142883699739494,0.06612615068851589,1.4845431321940026,0.6324047494161412
11.0,1.4,-0.3,closed-form,drive,0.5234399296943347,0.057228857384598715,0.06535490379467457,2.338328544389387,0.043231525587896884,0.3973468923742244,0.06940854906596075,2.328843823616983,0.06741630175724844,2.3335747611635913,0.04776544683875632,1.6041736267798874,0.6328219218267538
11.0,1.2,-0.3,closed-form,drive,0.5246013876220967,0.057228857384598715,0.06684649606901016,2.338328544389387,0.043231525587896884,0.3973468923742244,0.07047418911225094,2.328843823616983,0.06868796598131764,2.3335747611635913,0.04804396401270677,1.6041736267798874,0.6335455214791285
14.0,1.2,0.25,closed-form,drive,0.5096365899713525,0.1015840038656914,0.20429684356601346,1.9117716289238684,0.04737425984084997,0.5498691805090776,0.20572038611252305,1.903446642478652,0.2050112906253752,1.907599421404774,0.09153277371674737,1.351499837009471,0.6363116683889435
11.0,1.6,-0.3,closed-form,drive,0.5224101518895472,0.057228857384598715,0.07432396567100191,2.338328544389387,0.043231525587896884,0.3973468923742244,0.07809615264391805,2.328843823616983,0.07623720975231175,2.3335747611635913,0.04976848742245847,1.6041736267798874,0.637912280208728
12.0,1.4,-0.25,closed-form,drive,0.5187486845775408,0.05467047341926284,0.09583678715380667,2.295800509988985,0.04323153179177823,0.39737244284998496,0.09837076479511773,2.2884632042622486,0.09711460469763025,2.2921222286691303,0.055089793863626405,1.5766392852543343,0.6409036553468139
11.0,1.0,-0.3,closed-form,drive,0.5259279565783433,0.057228857384598715,0.08193174962748967,2.338328544389387,0.043231525587896884,0.3973468923742244,0.08447747791524848,2.328843823616983,0.08321692451685518,2.3335747611635913,0.05146349509942079,1.6041736267798874,0.6420501880532806
14.0,1.4,-0.15,closed-form,drive,0.5072572790174579,0.04315009073124174,0.2473997742245308,1.834952060309116,0.04821295255142984,0.5320240655842129,0.24853952262213655,1.8302551137286502,0.24797145633395393,1.832597048766855,0.10698761245566743,1.2991988728872397,0.6484972276830852
13.0,1.4,-0.2,closed-form,drive,0.513342572547908,0.04991149663921734,0.16894083532555665,2.1261614808943596,0.044007681172432166,0.43924232714946193,0.1704441548859197,2.1200946122401656,0.1696956807411223,2.123119824707194,0.07796042280264177,1.4710371671918254,0.6522169195791735
15.0,1.6,-0.1,closed-form,drive,0.4981410215010517,0.03567350578810198,0.36682428941740514,1.4545309593721714,0.059740558789977145,0.5599090809675398,0.3676051735955788,1.4512887399314567,0.3672157290966257,1.4529052020807125,0.15430127520323134,1.065172069469153,0.6556370047012539
16.0,1.2,-0.1,closed-form,drive,0.49702896277007413,0.03635441261114352,0.3404238731287533,1.4907874391621028,0.0661118035988043,0.6467646003935054,0.3414595422250865,1.4875798883851432,0.34094314871536413,1.4891790347707385,0.14703275889976014,1.1136751466620336,0.6561491622818493
13.0,1.4,0.3,closed-form,drive,0.513342572547908,0.10720465953951336,0.16894083532555665,2.1471510053976055,0.044007681172432166,0.44217217061776604,0.1704441548859197,2.138637095822129,0.1696956807411223,2.142883699739494,0.07796042280264177,1.4845431321940026,0.6569440073299355
15.0,1.4,0.2,closed-form,drive,0.5006300066827819,0.09335860005857229,0.32302800821849914,1.5784931981400256,0.057206967797105636,0.6387726412313747,0.3239879756895454,1.5709052670878714,0.3235093192245833,1.5746908095218823,0.1374912376070847,1.163776393050154,0.6580412369032427
12.0,1.6,-0.25,closed-form,drive,0.5174009996736073,0.05467047341926284,0.12310366983716231,2.295800509988985,0.04323153267804982,0.39737244284998496,0.12506753263444248,2.2884632042622486,0.12409147311889991,2.2921222286691303,0.06288816153327771,1.5766392852543343,0.6581439269639096
11.0,0.8,-0.3,closed-form,drive,0.5274682962592977,0.057228857384598715,0.10926985721553073,2.338328544389387,0.043231525587896884,0.3973468923742244,0.1106896258904743,2.328843823616983,0.10998346891188229,2.3335747611635913,0.05870077711612707,1.6041736267798874,0.6586557606082464
15.0,0.8,0.25,closed-form,drive,0.5106529890774276,0.10929502028893769,0.16549322547078377,2.0433692629644433,0.05017788613416867,0.7664983482948707,0.16733148979421544,2.034203090299471,0.16641675563511615,2.0387756317840102,0.0799966144849925,1.4892708932715564,0.6594872916023279
14.0,0.8,-0.2,closed-form,drive,0.515596148786347,0.05418976827287137,0.11372640594536924,2.276630868396887,0.04581014072207516,0.6000660708462301,0.1159827106534321,2.270464527311102,0.1148623813473073,2.273539229189971,0.06171804664598415,1.5990159526630328,0.6615754635496032
15.0,1.0,-0.15,closed-form,drive,0.5067744318617403,0.04495659989051317,0.22145636160748494,1.9167813277536183,0.05240172689228632,0.6793207197569074,0.222929716450086,1.912060775856025,0.2221957508294626,1.9144144233360174,0.09967138525584757,1.387401354915376,0.663030372266541
16.0,1.6,0.15,closed-form,drive,0.4908590830618672,0.08179657765026592,0.44011799100558074,1.180318307490566,0.07581211728549346,0.6517200021055131,0.44080355863612786,1.173815079681779,0.44046160179418486,1.1770600487307143,0.18647368025614192,0.9293085430423758,0.665893230948938
14.0,1.4,0.25,closed-form,drive,0.5072572790174579,0.1015840038656914,0.2473997742245308,1.9117716289238684,0.04821295255142984,0.5498691805090776,0.24853952262213655,1.903446642478652,0.24797145633395393,1.907599421404774,0.10698761245566743,1.351499837009471,0.6668025651258661
16.0,1.0,0.2,closed-form,drive,0.5008723469185751,0.09875855923035964,0.28162684540846317,1.6521702996329182,0.06140742868917615,0.8300720235500476,0.28290826061457375,1.6440652334900454,0.2822695765727528,1.6481088698349933,0.12439299293659238,1.2708628447862513,0.6679893404122438
13.0,1.6,-0.2,closed-form,drive,0.5116408784915562,0.04991149663921734,0.20322295628066084,2.1261614808943596,0.04412997800064665,0.43924232714946193,0.2044144963847582,2.1200946122401656,0.20382080253526683,2.123119824707194,0.08973357099224837,1.4710371671918254,0.6759338603967305
14.0,1.6,-0.15,closed-form,drive,0.5051692424971337,0.04315009073124174,0.2869188209739899,1.834952060309116,0.04908519287177918,0.5320240655842129,0.2878380964891992,1.8302551137286502,0.28737975633767393,1.832597048766855,0.12153526390864845,1.2991988728872397,0.6768377841373683
14.0,0.8,0.3,closed-form,drive,0.515596148786347,0.11622502043258806,0.11372640594536924,2.3543205458994967,0.04581014072207516,0.6198487122048773,0.1159827106534321,2.344483598592609,0.1148623813473073,2.349390375908031,0.06171804664598415,1.6523149335182163,0.6802301068489174
13.0,1.6,0.3,closed-form,drive,0.5116408784915562,0.10720465953951336,0.20322295628066084,2.1471510053976055,0.04412997800064665,0.44217217061776604,0.2044144963847582,2.138637095822129,0.20382080253526683,2.142883699739494,0.08973357099224837,1.4845431321940026,0.6806609481474926
13.0,0.8,-0.25,closed-form,drive,0.5200900691487456,0.060864760624186984,0.07134430915709829,2.5341598307658293,0.04365754016228057,0.45739837213367857,0.07425589477559909,2.5267047168962264,0.07281760135652793,2.530422253240152,0.049291242835941676,1.7431688459669468,0.6848864993991578
16.0,0.8,-0.15,closed-form,drive,0.5054188997700635,0.0472927214554614,0.21729193897597446,1.97248090826291,0.05689115578631593,0.8246279441841248,0.2188845306292557,1.9677457681891064,0.2180912997490932,1.9701066523984525,0.10035329008773806,1.4636985755365841,0.6889797464377251
15.0,1.6,0.2,closed-form,drive,0.4981410215010517,0.09335860005857229,0.36682428941740514,1.5784931981400256,0.059740558789977145,0.6387726412313747,0.3676051735955788,1.5709052670878714,0.3672157290966257,1.5746908095218823,0.15430127520323134,1.163776393050154,0.6901485179546042
14.0,1.0,-0.2,closed-form,drive,0.51238127890382,0.05418976827287137,0.1582750189157158,2.276630868396887,0.04657223003821682,0.6000660708462301,0.160076002763877,2.270464527311102,0.15917987998239044,2.273539229189971,0.07577011237573855,1.5990159526630328,0.6911386538016366
14.0,1.6,0.25,closed-form,drive,0.5051692424971337,0.1015840038656914,0.2869188209739899,1.9117716289238684,0.04908519287177918,0.5498691805090776,0.2878380964891992,1.903446642478652,0.28737975633767393,1.907599421404774,0.12153526390864845,1.351499837009471,0.6951431215801491
16.0,1.4,-0.1,closed-form,drive,0.4937289586633564,0.03635441261114352,0.3930806758692467,1.4907874391621028,0.07093114675533099,0.6467646003935054,0.393922339910439,1.4875798883851432,0.3935025844320359,1.4891790347707385,0.1677163131104776,1.1136751466620336,0.6952285189934019
15.0,1.0,0.25,closed-form,drive,0.5067744318617403,0.10929502028893769,0.22145636160748494,2.0433692629644433,0.05240172689228632,0.7664983482948707,0.222929716450086,2.034203090299471,0.2221957508294626,2.0387756317840102,0.09967138525584757,1.4892708932715564,0.6986847106912043
13.0,1.0,-0.25,closed-form,drive,0.5174968824502333,0.060864760624186984,0.09607011825137267,2.5341598307658293,0.04377141527122384,0.45739837213367857,0.0985924293085606,2.5267047168962264,0.0973419956345796,2.530422253240152,0.05551065010364588,1.7431688459669468,0.69968944466418
15.0,1.2,-0.15,closed-form,drive,0.5034769646440258,0.04495659989051317,0.2745911530351804,1.9167813277536183,0.05475339101950197,0.6793207197569074,0.2757756944836599,1.912060775856025,0.27518525952145706,1.9144144233360174,0.11920980616133625,1.387401354915376,0.7011151212142278
12.0,1.0,-0.3,closed-form,drive,0.5220211928392419,0.06480159872370454,0.054782792772027834,2.6602666043814747,0.04323153001923717,0.3973776486364755,0.05860265720510746,2.651661812761083,0.056728750146027664,2.6559529584858197,0.045573861813589335,1.81883979709179,0.7020228533468255
12.0,0.8,-0.3,closed-form,drive,0.5240542975724551,0.06480159872370454,0.06877388287165509,2.6602666043814747,0.0432315291329677,0.3973776486364755,0.07126607016837166,2.651661812761083,0.07003358445159404,2.6559529584858197,0.04834255002949712,1.81883979709179,0.7094482335696815
14.0,1.0,0.3,closed-form,drive,0.51238127890382,0.11622502043258806,0.1582750189157158,2.3543205458994967,0.04657223003821682,0.6198487122048773,0.160076002763877,2.344483598592609,0.15917987998239044,2.349390375908031,0.07577011237573855,1.6523149335182163,0.7097932971009508
12.0,1.2,-0.3,closed-form,drive,0.5202739284084175,0.06480159872370454,0.0698589106834622,2.6602666043814747,0.04323153090550735,0.3973776486364755,0.07319157186974483,2.651661812761083,0.07154801964387862,2.6559529584858197,0.04868326239014478,1.81883979709179,0.7103189982476287
16.0,1.2,0.2,closed-form,drive,0.49702896277007413,0.09875855923035964,0.3404238731287533,1.6521702996329182,0.0661118035988043,0.8300720235500476,0.3414595422250865,1.6440652334900454,0.34094314871536413,1.6481088698349933,0.14703275889976014,1.2708628447862513,0.7111648566253255
13.0,1.2,-0.25,closed-form,drive,0.5152752261631554,0.060864760624186984,0.13242496395140532,2.5341598307658293,0.04388814462195954,0.45739837213367857,0.13435558675520554,2.5267047168962264,0.13339572131349828,2.530422253240152,0.06612615068851589,1.7431688459669468,0.7229237492366717
14.0,1.2,-0.2,closed-form,drive,0.5096365899713525,0.05418976827287137,0.20429684356601346,2.276630868396887,0.04737425984084997,0.6000660708462301,0.20572038611252305,2.270464527311102,0.2050112906253752,2.273539229189971,0.09153277371674737,1.5990159526630328,0.7229423088676902
12.0,1.4,-0.3,closed-form,drive,0.5187486845775408,0.06480159872370454,0.09583678715380667,2.6602666043814747,0.04323153179177823,0.3973776486364755,0.09837076479511773,2.651661812761083,0.09711460469763025,2.6559529584858197,0.055089793863626405,1.81883979709179,0.7256738344899234
16.0,1.6,-0.1,closed-form,drive,0.4908590830618672,0.03635441261114352,0.44011799100558074,1.4907874391621028,0.07581211728549346,0.6467646003935054,0.44080355863612786,1.4875798883851432,0.44046160179418486,1.4891790347707385,0.18647368025614192,1.1136751466620336,0.7304215422158183
16.0,1.0,-0.15,closed-form,drive,0.5008723469185751,0.0472927214554614,0.28162684540846317,1.97248090826291,0.06140742868917615,0.8246279441841248,0.28290826061457375,1.9677457681891064,0.2822695765727528,1.9701066523984525,0.12439299293659238,1.4636985755365841,0.7354818461748602
15.0,1.4,-0.15,closed-form,drive,0.5006300066827819,0.04495659989051317,0.32302800821849914,1.9167813277536183,0.057206967797105636,0.6793207197569074,0.3239879756895454,1.912060775856025,0.3235093192245833,1.9144144233360174,0.1374912376070847,1.387401354915376,0.7363099735560704
15.0,1.2,0.25,closed-form,drive,0.5034769646440258,0.10929502028893769,0.2745911530351804,2.0433692629644433,0.05475339101950197,0.7664983482948707,0.2757756944836599,2.034203090299471,0.27518525952145706,2.0387756317840102,0.11920980616133625,1.4892708932715564,0.736769459638891
15.0,0.8,-0.2,closed-form,drive,0.5106529890774276,0.057774462028883394,0.16549322547078377,2.3865454576632117,0.05017788613416867,0.8100840700216051,0.16733148979421544,2.3802752829906035,0.16641675563511615,2.383401695220291,0.0799966144849925,1.7179746295408764,0.7395335992965899
14.0,1.2,0.3,closed-form,drive,0.5096365899713525,0.11622502043258806,0.20429684356601346,2.3543205458994967,0.04737425984084997,0.6198487122048773,0.20572038611252305,2.344483598592609,0.2050112906253752,2.349390375908031,0.09153277371674737,1.6523149335182163,0.7415969521670044
12.0,1.6,-0.3,closed-form,drive,0.5174009996736073,0.06480159872370454,0.12310366983716231,2.6602666043814747,0.04323153267804982,0.3973776486364755,0.12506753263444248,2.651661812761083,0.12409147311889991,2.6559529584858197,0.06288816153327771,1.81883979709179,0.742914106107019
16.0,0.8,0.25,closed-form,drive,0.5054188997700635,0.11609800935389647,0.21729193897597446,2.1370478735307987,0.05689115578631593,1.020276792970288,0.2188845306292557,2.127306316702675,0.2180912997490932,2.1321659771529817,0.10035329008773806,1.625476413439609,0.7456019897037838
13.0,1.4,-0.25,closed-form,drive,0.513342572547908,0.060864760624186984,0.16894083532555665,2.5341598307658293,0.044007681172432166,0.45739837213367857,0.1704441548859197,2.5267047168962264,0.1696956807411223,2.530422253240152,0.07796042280264177,1.7431688459669468,0.747463007150466
16.0,1.4,0.2,closed-form,drive,0.4937289586633564,0.09875855923035964,0.3930806758692467,1.6521702996329182,0.07093114675533099,0.8300720235500476,0.393922339910439,1.6440652334900454,0.3935025844320359,1.6481088698349933,0.1677163131104776,1.2708628447862513,0.7502442133368781
14.0,1.4,-0.2,closed-form,drive,0.5072572790174579,0.05418976827287137,0.2473997742245308,2.276630868396887,0.04821295255142984,0.6000660708462301,0.24853952262213655,2.270464527311102,0.24797145633395393,2.273539229189971,0.10698761245566743,1.5990159526630328,0.7534332056046128
14.0,0.8,-0.25,closed-form,drive,0.515596148786347,0.06696908984823537,0.11372640594536924,2.7222412731500265,0.04581014072207516,0.6743611581816275,0.1159827106534321,2.7145765095496786,0.1148623813473073,2.7183984676648696,0.06171804664598415,1.9033480454049736,0.7680916960092824
15.0,1.6,-0.15,closed-form,drive,0.4981410215010517,0.04495659989051317,0.36682428941740514,1.9167813277536183,0.059740558789977145,0.6793207197569074,0.3676051735955788,1.912060775856025,0.3672157290966257,1.9144144233360174,0.15430127520323134,1.387401354915376,0.7684172546074319
13.0,1.6,-0.25,closed-form,drive,0.5116408784915562,0.060864760624186984,0.20322295628066084,2.5341598307658293,0.04412997800064665,0.45739837213367857,0.2044144963847582,2.5267047168962264,0.20382080253526683,2.530422253240152,0.08973357099224837,1.7431688459669468,0.771179947968023
15.0,1.4,0.25,closed-form,drive,0.5006300066827819,0.10929502028893769,0.32302800821849914,2.0433692629644433,0.057206967797105636,0.7664983482948707,0.3239879756895454,2.034203090299471,0.3235093192245833,2.0387756317840102,0.1374912376070847,1.4892708932715564,0.7719643119807336
14.0,1.4,0.3,closed-form,drive,0.5072572790174579,0.11622502043258806,0.2473997742245308,2.3543205458994967,0.04821295255142984,0.6198487122048773,0.24853952262213655,2.344483598592609,0.24797145633395393,2.349390375908031,0.10698761245566743,1.6523149335182163,0.772087848903927
15.0,0.8,0.3,closed-form,drive,0.5106529890774276,0.12547218992881012,0.16549322547078377,2.5144051641484846,0.05017788613416867,0.9021031246827722,0.16733148979421544,2.503640883860337,0.16641675563511615,2.50901036394394,0.0799966144849925,1.821467381028867,0.7757560623173866
16.0,1.2,-0.15,closed-form,drive,0.49702896277007413,0.0472927214554614,0.3404238731287533,1.97248090826291,0.0661118035988043,0.8246279441841248,0.3414595422250865,1.9677457681891064,0.34094314871536413,1.9701066523984525,0.14703275889976014,1.4636985755365841,0.778657362387942
15.0,1.0,-0.2,closed-form,drive,0.5067744318617403,0.057774462028883394,0.22145636160748494,2.3865454576632117,0.05240172689228632,0.8100840700216051,0.222929716450086,2.3802752829906035,0.2221957508294626,2.383401695220291,0.09967138525584757,1.7179746295408764,0.7787310183854662
13.0,0.8,-0.3,closed-form,drive,0.5200900691487456,0.0728159241501394,0.07134430915709829,2.9446069308812506,0.04365754016228057,0.4780162887828477,0.07425589477559909,2.935752339423925,0.07281760135652793,2.940167805877428,0.049291242835941676,2.0181884787113127,0.7811433708596859
14.0,1.6,-0.2,closed-form,drive,0.5051692424971337,0.05418976827287137,0.2869188209739899,2.276630868396887,0.04908519287177918,0.6000660708462301,0.2878380964891992,2.270464527311102,0.28737975633767393,2.273539229189971,0.12153526390864845,1.5990159526630328,0.7817737620588958
16.0,1.6,0.2,closed-form,drive,0.4908590830618672,0.09875855923035964,0.44011799100558074,1.6521702996329182,0.07581211728549346,0.8300720235500476,0.44080355863612786,1.6440652334900454,0.44046160179418486,1.6481088698349933,0.18647368025614192,1.2708628447862513,0.7854372365592945
16.0,1.0,0.25,closed-form,drive,0.5008723469185751,0.11609800935389647,0.28162684540846317,2.1370478735307987,0.06140742868917615,1.020276792970288,0.28290826061457375,2.127306316702675,0.2822695765727528,2.1321659771529817,0.12439299293659238,1.625476413439609,0.7921040894409189
13.0,1.0,-0.3,closed-form,drive,0.5174968824502333,0.0728159241501394,0.09607011825137267,2.9446069308812506,0.04377141527122384,0.4780162887828477,0.0985924293085606,2.935752339423925,0.0973419956345796,2.940167805877428,0.05551065010364588,2.0181884787113127,0.7959463161247081
14.0,1.0,-0.25,closed-form,drive,0.51238127890382,0.06696908984823537,0.1582750189157158,2.7222412731500265,0.04657223003821682,0.6743611581816275,0.160076002763877,2.7145765095496786,0.15917987998239044,2.7183984676648696,0.07577011237573855,1.9033480454049736,0.797654886261316
14.0,1.6,0.3,closed-form,drive,0.5051692424971337,0.11622502043258806,0.2869188209739899,2.3543205458994967,0.04908519287177918,0.6198487122048773,0.2878380964891992,2.344483598592609,0.28737975633767393,2.349390375908031,0.12153526390864845,1.6523149335182163,0.80042840535821
15.0,1.6,0.25,closed-form,drive,0.4981410215010517,0.10929502028893769,0.36682428941740514,2.0433692629644433,0.059740558789977145,0.7664983482948707,0.3676051735955788,2.034203090299471,0.3672157290966257,2.0387756317840102,0.15430127520323134,1.4892708932715564,0.8040715930320951
16.0,0.8,-0.2,closed-form,drive,0.5054188997700635,0.06176148911536182,0.21729193897597446,2.4616470504403147,0.05689115578631593,1.0145849452824074,0.2188845306292557,2.455305666216409,0.2180912997490932,2.4584675439870445,0.10035329008773806,1.8221300464200076,0.8144307612469233
15.0,1.0,0.3,closed-form,drive,0.5067744318617403,0.12547218992881012,0.22145636160748494,2.5144051641484846,0.05240172689228632,0.9021031246827722,0.222929716450086,2.503640883860337,0.2221957508294626,2.50901036394394,0.09967138525584757,1.821467381028867,0.814953481406263
15.0,1.2,-0.2,closed-form,drive,0.5034769646440258,0.057774462028883394,0.2745911530351804,2.3865454576632117,0.05475339101950197,0.8100840700216051,0.2757756944836599,2.3802752829906035,0.27518525952145706,2.383401695220291,0.11920980616133625,1.7179746295408764,0.816815767333153
16.0,1.4,-0.15,closed-form,drive,0.4937289586633564,0.0472927214554614,0.3930806758692467,1.97248090826291,0.07093114675533099,0.8246279441841248,0.393922339910439,1.9677457681891064,0.3935025844320359,1.9701066523984525,0.1677163131104776,1.4636985755365841,0.8177367190994946
13.0,1.2,-0.3,closed-form,drive,0.5152752261631554,0.0728159241501394,0.13242496395140532,2.9446069308812506,0.04388814462195954,0.4780162887828477,0.13435558675520554,2.935752339423925,0.13339572131349828,2.940167805877428,0.06612615068851589,2.0181884787113127,0.8191806206971998
14.0,1.2,-0.25,closed-form,drive,0.5096365899713525,0.06696908984823537,0.20429684356601346,2.7222412731500265,0.04737425984084997,0.6743611581816275,0.20572038611252305,2.7145765095496786,0.2050112906253752,2.7183984676648696,0.09153277371674737,1.9033480454049736,0.8294585413273694
16.0,1.2,0.25,closed-form,drive,0.49702896277007413,0.11609800935389647,0.3404238731287533,2.1370478735307987,0.0661118035988043,1.020276792970288,0.3414595422250865,2.127306316702675,0.34094314871536413,2.1321659771529817,0.14703275889976014,1.625476413439609,0.8352796056540006
13.0,1.4,-0.3,closed-form,drive,0.513342572547908,0.0728159241501394,0.16894083532555665,2.9446069308812506,0.044007681172432166,0.4780162887828477,0.1704441548859197,2.935752339423925,0.1696956807411223,2.940167805877428,0.07796042280264177,2.0181884787113127,0.8437198786109941
15.0,1.4,-0.2,closed-form,drive,0.5006300066827819,0.057774462028883394,0.32302800821849914,2.3865454576632117,0.057206967797105636,0.8100840700216051,0.3239879756895454,2.3802752829906035,0.3235093192245833,2.383401695220291,0.1374912376070847,1.7179746295408764,0.8520106196749956
16.0,1.6,-0.15,closed-form,drive,0.4908590830618672,0.0472927214554614,0.44011799100558074,1.97248090826291,0.07581211728549346,0.8246279441841248,0.44080355863612786,1.9677457681891064,0.44046160179418486,1.9701066523984525,0.18647368025614192,1.4636985755365841,0.8529297423219111
15.0,1.2,0.3,closed-form,drive,0.5034769646440258,0.12547218992881012,0.2745911530351804,2.5144051641484846,0.05475339101950197,0.9021031246827722,0.2757756944836599,2.503640883860337,0.27518525952145706,2.50901036394394,0.11920980616133625,1.821467381028867,0.8530382303539497
15.0,0.8,-0.25,closed-form,drive,0.5106529890774276,0.07227016522914102,0.16549322547078377,2.8601234240808697,0.05017788613416867,0.94751087570808,0.16733148979421544,2.8522694549075123,0.16641675563511615,2.8561856899962117,0.0799966144849925,2.052864940017357,0.856745207963358
14.0,1.4,-0.25,closed-form,drive,0.5072572790174579,0.06696908984823537,0.2473997742245308,2.7222412731500265,0.04821295255142984,0.6743611581816275,0.24853952262213655,2.7145765095496786,0.24797145633395393,2.7183984676648696,0.10698761245566743,1.9033480454049736,0.859949438064292
16.0,1.0,-0.2,closed-form,drive,0.5008723469185751,0.06176148911536182,0.28162684540846317,2.4616470504403147,0.06140742868917615,1.0145849452824074,0.28290826061457375,2.455305666216409,0.2822695765727528,2.4584675439870445,0.12439299293659238,1.8221300464200076,0.8609328609840584
13.0,1.6,-0.3,closed-form,drive,0.5116408784915562,0.0728159241501394,0.20322295628066084,2.9446069308812506,0.04412997800064665,0.4780162887828477,0.2044144963847582,2.935752339423925,0.20382080253526683,2.940167805877428,0.08973357099224837,2.0181884787113127,0.8674368194285511
16.0,0.8,0.3,closed-form,drive,0.5054188997700635,0.13366811279934687,0.21729193897597446,2.6277503784259157,0.05689115578631593,1.2167885893302113,0.2188845306292557,2.616349911733063,0.2180912997490932,2.62203681900499,0.10035329008773806,1.9861666519560783,0.8718435731845481
16.0,1.4,0.25,closed-form,drive,0.4937289586633564,0.11609800935389647,0.3930806758692467,2.1370478735307987,0.07093114675533099,1.020276792970288,0.393922339910439,2.127306316702675,0.3935025844320359,2.1321659771529817,0.1677163131104776,1.625476413439609,0.8743589623655533
14.0,0.8,-0.3,closed-form,drive,0.515596148786347,0.0806654471196619,0.11372640594536924,3.1701257669916525,0.04581014072207516,0.7530608562463291,0.1159827106534321,3.160946559275013,0.1148623813473073,3.1655237718519724,0.06171804664598415,2.2103309721712887,0.8755357203774927
15.0,1.6,-0.2,closed-form,drive,0.4981410215010517,0.057774462028883394,0.36682428941740514,2.3865454576632117,0.059740558789977145,0.8100840700216051,0.3676051735955788,2.3802752829906035,0.3672157290966257,2.383401695220291,0.15430127520323134,1.7179746295408764,0.8841179007263571
15.0,1.4,0.3,closed-form,drive,0.5006300066827819,0.12547218992881012,0.32302800821849914,2.5144051641484846,0.057206967797105636,0.9021031246827722,0.3239879756895454,2.503640883860337,0.3235093192245833,2.50901036394394,0.1374912376070847,1.821467381028867,0.8882330826957923
14.0,1.6,-0.25,closed-form,drive,0.5051692424971337,0.06696908984823537,0.2869188209739899,2.7222412731500265,0.04908519287177918,0.6743611581816275,0.2878380964891992,2.7145765095496786,0.28737975633767393,2.7183984676648696,0.12153526390864845,1.9033480454049736,0.8882899945185749
15.0,1.0,-0.25,closed-form,drive,0.5067744318617403,0.07227016522914102,0.22145636160748494,2.8601234240808697,0.05240172689228632,0.94751087570808,0.222929716450086,2.8522694549075123,0.2221957508294626,2.8561856899962117,0.09967138525584757,2.052864940017357,0.8959426270522343
16.0,1.2,-0.2,closed-form,drive,0.49702896277007413,0.06176148911536182,0.3404238731287533,2.4616470504403147,0.0661118035988043,1.0145849452824074,0.3414595422250865,2.455305666216409,0.34094314871536413,2.4584675439870445,0.14703275889976014,1.8221300464200076,0.9041083771971401
14.0,1.0,-0.3,closed-form,drive,0.51238127890382,0.0806654471196619,0.1582750189157158,3.1701257669916525,0.04657223003821682,0.7530608562463291,0.160076002763877,3.160946559275013,0.15917987998239044,3.1655237718519724,0.07577011237573855,2.2103309721712887,0.9050989106295262
16.0,1.6,0.25,closed-form,drive,0.4908590830618672,0.11609800935389647,0.44011799100558074,2.1370478735307987,0.07581211728549346,1.020276792970288,0.44080355863612786,2.127306316702675,0.44046160179418486,2.1321659771529817,0.18647368025614192,1.625476413439609,0.9095519855879697
16.0,1.0,0.3,closed-form,drive,0.5008723469185751,0.13366811279934687,0.28162684540846317,2.6277503784259157,0.06140742868917615,1.2167885893302113,0.28290826061457375,2.616349911733063,0.2822695765727528,2.62203681900499,0.12439299293659238,1.9861666519560783,0.9183456729216832
15.0,1.6,0.3,closed-form,drive,0.4981410215010517,0.12547218992881012,0.36682428941740514,2.5144051641484846,0.059740558789977145,0.9021031246827722,0.3676051735955788,2.503640883860337,0.3672157290966257,2.50901036394394,0.15430127520323134,1.821467381028867,0.9203403637471538
15.0,1.2,-0.25,closed-form,drive,0.5034769646440258,0.07227016522914102,0.2745911530351804,2.8601234240808697,0.05475339101950197,0.94751087570808,0.2757756944836599,2.8522694549075123,0.27518525952145706,2.8561856899962117,0.11920980616133625,2.052864940017357,0.934027375999921
14.0,1.2,-0.3,closed-form,drive,0.5096365899713525,0.0806654471196619,0.20429684356601346,3.1701257669916525,0.04737425984084997,0.7530608562463291,0.20572038611252305,3.160946559275013,0.2050112906253752,3.1655237718519724,0.09153277371674737,2.2103309721712887,0.9369025656955797
16.0,0.8,-0.25,closed-form,drive,0.5054188997700635,0.07781570163887597,0.21729193897597446,2.9545766179273434,0.05689115578631593,1.210957696583691,0.2188845306292557,2.946591495832559,0.2180912997490932,2.9505730844430658,0.10035329008773806,2.184835346292476,0.9413776162022872
16.0,1.4,-0.2,closed-form,drive,0.4937289586633564,0.06176148911536182,0.3930806758692467,2.4616470504403147,0.07093114675533099,1.0145849452824074,0.393922339910439,2.455305666216409,0.3935025844320359,2.4584675439870445,0.1677163131104776,1.8221300464200076,0.9431877339086928
16.0,1.2,0.3,closed-form,drive,0.49702896277007413,0.13366811279934687,0.3404238731287533,2.6277503784259157,0.0661118035988043,1.2167885893302113,0.3414595422250865,2.616349911733063,0.34094314871536413,2.62203681900499,0.14703275889976014,1.9861666519560783,0.961521189134765
14.0,1.4,-0.3,closed-form,drive,0.5072572790174579,0.0806654471196619,0.2473997742245308,3.1701257669916525,0.04821295255142984,0.7530608562463291,0.24853952262213655,3.160946559275013,0.24797145633395393,3.1655237718519724,0.10698761245566743,2.2103309721712887,0.9673934624325023
15.0,1.4,-0.25,closed-form,drive,0.5006300066827819,0.07227016522914102,0.32302800821849914,2.8601234240808697,0.057206967797105636,0.94751087570808,0.3239879756895454,2.8522694549075123,0.3235093192245833,2.8561856899962117,0.1374912376070847,2.052864940017357,0.9692222283417636
15.0,0.8,-0.3,closed-form,drive,0.5106529890774276,0.08761484367547005,0.16549322547078377,3.3358913346921897,0.05017788613416867,1.0890815476988003,0.16733148979421544,3.3264347689853073,0.16641675563511615,3.331150214138882,0.0799966144849925,2.390258442562245,0.9748329338540688
16.0,1.6,-0.2,closed-form,drive,0.4908590830618672,0.06176148911536182,0.44011799100558074,2.4616470504403147,0.07581211728549346,1.0145849452824074,0.44080355863612786,2.455305666216409,0.44046160179418486,2.4584675439870445,0.18647368025614192,1.8221300464200076,0.9783807571311092
16.0,1.0,-0.25,closed-form,drive,0.5008723469185751,0.07781570163887597,0.28162684540846317,2.9545766179273434,0.06140742868917615,1.210957696583691,0.28290826061457375,2.946591495832559,0.2822695765727528,2.9505730844430658,0.12439299293659238,2.184835346292476,0.9878797159394224
14.0,1.6,-0.3,closed-form,drive,0.5051692424971337,0.0806654471196619,0.2869188209739899,3.1701257669916525,0.04908519287177918,0.7530608562463291,0.2878380964891992,3.160946559275013,0.28737975633767393,3.1655237718519724,0.12153526390864845,2.2103309721712887,0.9957340188867854
16.0,1.4,0.3,closed-form,drive,0.4937289586633564,0.13366811279934687,0.3930806758692467,2.6277503784259157,0.07093114675533099,1.2167885893302113,0.393922339910439,2.616349911733063,0.3935025844320359,2.62203681900499,0.1677163131104776,1.9861666519560783,1.0006005458463176
15.0,1.6,-0.25,closed-form,drive,0.4981410215010517,0.07227016522914102,0.36682428941740514,2.8601234240808697,0.059740558789977145,0.94751087570808,0.3676051735955788,2.8522694549075123,0.3672157290966257,2.8561856899962117,0.15430127520323134,2.052864940017357,1.0013295093931252
15.0,1.0,-0.3,closed-form,drive,0.5067744318617403,0.08761484367547005,0.22145636160748494,3.3358913346921897,0.05240172689228632,1.0890815476988003,0.222929716450086,3.3264347689853073,0.2221957508294626,3.331150214138882,0.09967138525584757,2.390258442562245,1.014030352942945
16.0,1.2,-0.25,closed-form,drive,0.49702896277007413,0.07781570163887597,0.3404238731287533,2.9545766179273434,0.0661118035988043,1.210957696583691,0.3414595422250865,2.946591495832559,0.34094314871536413,2.9505730844430658,0.14703275889976014,2.184835346292476,1.0310552321525042
16.0,1.6,0.3,closed-form,drive,0.4908590830618672,0.13366811279934687,0.44011799100558074,2.6277503784259157,0.07581211728549346,1.2167885893302113,0.44080355863612786,2.616349911733063,0.44046160179418486,2.62203681900499,0.18647368025614192,1.9861666519560783,1.035793569068734
15.0,1.2,-0.3,closed-form,drive,0.5034769646440258,0.08761484367547005,0.2745911530351804,3.3358913346921897,0.05475339101950197,1.0890815476988003,0.2757756944836599,3.3264347689853073,0.27518525952145706,3.331150214138882,0.11920980616133625,2.390258442562245,1.0521151018906318
16.0,0.8,-0.3,closed-form,drive,0.5054188997700635,0.09465203195956587,0.21729193897597446,3.449656693679257,0.05689115578631593,1.4110701759636397,0.2188845306292557,3.4400072666349413,0.2180912997490932,3.444818835182944,0.10035329008773806,2.5499914260747976,1.0691822441260999
16.0,1.4,-0.25,closed-form,drive,0.4937289586633564,0.07781570163887597,0.3930806758692467,2.9545766179273434,0.07093114675533099,1.210957696583691,0.393922339910439,2.946591495832559,0.3935025844320359,2.9505730844430658,0.1677163131104776,2.184835346292476,1.0701345888640568
15.0,1.4,-0.3,closed-form,drive,0.5006300066827819,0.08761484367547005,0.32302800821849914,3.3358913346921897,0.057206967797105636,1.0890815476988003,0.3239879756895454,3.3264347689853073,0.3235093192245833,3.331150214138882,0.1374912376070847,2.390258442562245,1.0873099542324745
16.0,1.6,-0.25,closed-form,drive,0.4908590830618672,0.07781570163887597,0.44011799100558074,2.9545766179273434,0.07581211728549346,1.210957696583691,0.44080355863612786,2.946591495832559,0.44046160179418486,2.9505730844430658,0.18647368025614192,2.184835346292476,1.1053276120864732
16.0,1.0,-0.3,closed-form,drive,0.5008723469185751,0.09465203195956587,0.28162684540846317,3.449656693679257,0.06140742868917615,1.4110701759636397,0.28290826061457375,3.4400072666349413,0.2822695765727528,3.444818835182944,0.12439299293659238,2.5499914260747976,1.115684343863235
15.0,1.6,-0.3,closed-form,drive,0.4981410215010517,0.08761484367547005,0.36682428941740514,3.3358913346921897,0.059740558789977145,1.0890815476988003,0.3676051735955788,3.3264347689853073,0.3672157290966257,3.331150214138882,0.15430127520323134,2.390258442562245,1.1194172352838359
16.0,1.2,-0.3,closed-form,drive,0.49702896277007413,0.09465203195956587,0.3404238731287533,3.449656693679257,0.0661118035988043,1.4110701759636397,0.3414595422250865,3.4400072666349413,0.34094314871536413,3.444818835182944,0.14703275889976014,2.5499914260747976,1.1588598600763167
16.0,1.4,-0.3,closed-form,drive,0.4937289586633564,0.09465203195956587,0.3930806758692467,3.449656693679257,0.07093114675533099,1.4110701759636397,0.393922339910439,3.4400072666349413,0.3935025844320359,3.444818835182944,0.1677163131104776,2.5499914260747976,1.197939216787869
16.0,1.6,-0.3,closed-form,drive,0.4908590830618672,0.09465203195956587,0.44011799100558074,3.449656693679257,0.07581211728549346,1.4110701759636397,0.44080355863612786,3.4400072666349413,0.44046160179418486,3.444818835182944,0.18647368025614192,2.5499914260747976,1.2331322400102858
