Br_relative_l2,Bt_relative_l2,Br_rms,Bt_rms,slotted_FEMM_Br_rms,slotted_FEMM_Bt_rms,lambda_drop,lambda_b_gain,width_scale,notch_kind,normalize_mean,slot_opening_deg,slot_centers_deg,model_csv
0.14066877994938834,0.3779121363267761,0.4682977492652414,0.04135479744696349,0.5106783515674461,0.04904435641138518,0.12,0.14000000000000004,1.0,gaussian,False,2.8647889756541165,5;15;25;35;45;55,results/paper5_structure2_alpha52_offset30_h7/structure2_br_bt.csv
0.1395118811642801,0.37998484436160357,0.4634854638428468,0.041229228038089254,0.5106783515674461,0.04904435641138518,0.16,0.14000000000000004,1.0,gaussian,False,2.8647889756541165,5;15;25;35;45;55,results/paper5_structure2_alpha52_offset30_h7/structure2_br_bt.csv
0.1437069905250615,0.3760052703775031,0.47320986701235007,0.04148385087468936,0.5106783515674461,0.04904435641138518,0.08,0.14000000000000004,1.0,gaussian,False,2.8647889756541165,5;15;25;35;45;55,results/paper5_structure2_alpha52_offset30_h7/structure2_br_bt.csv
0.14028284687163434,0.3822206965039859,0.4587761522987325,0.041107174575804,0.5106783515674461,0.04904435641138518,0.2,0.14000000000000004,1.0,gaussian,False,2.8647889756541165,5;15;25;35;45;55,results/paper5_structure2_alpha52_offset30_h7/structure2_br_bt.csv
0.1485110952284652,0.37426678138767033,0.47821874075205817,0.041616355909173834,0.5106783515674461,0.04904435641138518,0.04,0.14000000000000004,1.0,gaussian,False,2.8647889756541165,5;15;25;35;45;55,results/paper5_structure2_alpha52_offset30_h7/structure2_br_bt.csv
0.14295048818976477,0.3846168475996698,0.4541730178468595,0.04098866846880932,0.5106783515674461,0.04904435641138518,0.24000000000000002,0.14000000000000004,1.0,gaussian,False,2.8647889756541165,5;15;25;35;45;55,results/paper5_structure2_alpha52_offset30_h7/structure2_br_bt.csv
0.14741187139386433,0.38717032144659397,0.44967932113885417,0.040873740571885205,0.5106783515674461,0.04904435641138518,0.28,0.14000000000000004,1.0,gaussian,False,2.8647889756541165,5;15;25;35;45;55,results/paper5_structure2_alpha52_offset30_h7/structure2_br_bt.csv
0.15351068493384348,0.3898780269400236,0.4452983753365386,0.04076242115087204,0.5106783515674461,0.04904435641138518,0.32,0.14000000000000004,1.0,gaussian,False,2.8647889756541165,5;15;25;35;45;55,results/paper5_structure2_alpha52_offset30_h7/structure2_br_bt.csv
0.16106102494626615,0.3927367740640903,0.4410335404393909,0.04065473984759736,0.5106783515674461,0.04904435641138518,0.36,0.14000000000000004,1.0,gaussian,False,2.8647889756541165,5;15;25;35;45;55,results/paper5_structure2_alpha52_offset30_h7/structure2_br_bt.csv
0.1363777226469485,0.423332151211788,0.46751965837746795,0.03835252869535212,0.5106783515674461,0.04904435641138518,0.16,0.14000000000000004,0.8,gaussian,False,2.8647889756541165,5;15;25;35;45;55,results/paper5_structure2_alpha52_offset30_h7/structure2_br_bt.csv
0.13540812506480324,0.4248946051567349,0.4637883424712454,0.038248119568478976,0.5106783515674461,0.04904435641138518,0.2,0.14000000000000004,0.8,gaussian,False,2.8647889756541165,5;15;25;35;45;55,results/paper5_structure2_alpha52_offset30_h7/structure2_br_bt.csv
0.1389039768150641,0.4218900656225069,0.47134093160698626,0.03845998272670506,0.5106783515674461,0.04904435641138518,0.12,0.14000000000000004,0.8,gaussian,False,2.8647889756541165,5;15;25;35;45;55,results/paper5_structure2_alpha52_offset30_h7/structure2_br_bt.csv
0.13602847522718192,0.4265761048113874,0.4601491722655432,0.03814678034813714,0.5106783515674461,0.04904435641138518,0.24000000000000002,0.14000000000000004,0.8,gaussian,False,2.8647889756541165,5;15;25;35;45;55,results/paper5_structure2_alpha52_offset30_h7/structure2_br_bt.csv
0.1429043559713314,0.42056958657918553,0.4752499922446054,0.03857045621400655,0.5106783515674461,0.04904435641138518,0.08,0.14000000000000004,0.8,gaussian,False,2.8647889756541165,5;15;25;35;45;55,results/paper5_structure2_alpha52_offset30_h7/structure2_br_bt.csv
0.14058962488142887,0.422977309869477,0.4682982699125841,0.0336394172791133,0.5106783515674461,0.04904435641138518,0.12,0.10000000000000003,1.0,gaussian,False,2.8647889756541165,5;15;25;35;45;55,results/paper5_structure2_alpha52_offset30_h7/structure2_br_bt.csv
0.1394316556306142,0.4248449270216633,0.46348595743915044,0.03348537672144557,0.5106783515674461,0.04904435641138518,0.16,0.10000000000000003,1.0,gaussian,False,2.8647889756541165,5;15;25;35;45;55,results/paper5_structure2_alpha52_offset30_h7/structure2_br_bt.csv
0.14362991145153245,0.4212596313947402,0.4732104140449955,0.033797498721517244,0.5106783515674461,0.04904435641138518,0.08,0.10000000000000003,1.0,gaussian,False,2.8647889756541165,5;15;25;35;45;55,results/paper5_structure2_alpha52_offset30_h7/structure2_br_bt.csv
0.138217366678605,0.42837524830909013,0.4566043509896749,0.03804853556368341,0.5106783515674461,0.04904435641138518,0.28,0.14000000000000004,0.8,gaussian,False,2.8647889756541165,5;15;25;35;45;55,results/paper5_structure2_alpha52_offset30_h7/structure2_br_bt.csv
0.14020265106749916,0.4268605148027877,0.4587766181717803,0.03333543306644485,0.5106783515674461,0.04904435641138518,0.2,0.10000000000000003,1.0,gaussian,False,2.8647889756541165,5;15;25;35;45;55,results/paper5_structure2_alpha52_offset30_h7/structure2_br_bt.csv
0.14825958240866385,0.41937186279347755,0.47924469212548576,0.03868392328839259,0.5106783515674461,0.04904435641138518,0.04,0.14000000000000004,0.8,gaussian,False,2.8647889756541165,5;15;25;35;45;55,results/paper5_structure2_alpha52_offset30_h7/structure2_br_bt.csv
0.14843689942098848,0.41969373256135345,0.47821931351194474,0.03395956461786705,0.5106783515674461,0.04904435641138518,0.04,0.10000000000000003,1.0,gaussian,False,2.8647889756541165,5;15;25;35;45;55,results/paper5_structure2_alpha52_offset30_h7/structure2_br_bt.csv
0.14287138603542385,0.42902198767591754,0.4541734553192954,0.03318964184092977,0.5106783515674461,0.04904435641138518,0.24000000000000002,0.10000000000000003,1.0,gaussian,False,2.8647889756541165,5;15;25;35;45;55,results/paper5_structure2_alpha52_offset30_h7/structure2_br_bt.csv
0.1419022320838299,0.4302905599647221,0.453156092787395,0.03795340924555053,0.5106783515674461,0.04904435641138518,0.32,0.14000000000000004,0.8,gaussian,False,2.8647889756541165,5;15;25;35;45;55,results/paper5_structure2_alpha52_offset30_h7/structure2_br_bt.csv
0.14075391419665892,0.4320388565864028,0.4682977007752286,0.049810571251842156,0.5106783515674461,0.04904435641138518,0.12,0.18000000000000005,1.0,gaussian,False,2.8647889756541165,5;15;25;35;45;55,results/paper5_structure2_alpha52_offset30_h7/structure2_br_bt.csv
0.14552450298351344,0.4274821570023817,0.47116253626049637,0.04420472375450873,0.5106783515674461,0.04904435641138518,0.08,0.14000000000000004,1.2,gaussian,False,2.8647889756541165,5;15;25;35;45;55,results/paper5_structure2_alpha52_offset30_h7/structure2_br_bt.csv
0.13959813416081415,0.4338386388644423,0.4634854473062286,0.049706064968078056,0.5106783515674461,0.04904435641138518,0.16,0.18000000000000005,1.0,gaussian,False,2.8647889756541165,5;15;25;35;45;55,results/paper5_structure2_alpha52_offset30_h7/structure2_br_bt.csv
0.1439536683643029,0.42954643860555713,0.46523715606221905,0.04405864414007006,0.5106783515674461,0.04904435641138518,0.12,0.14000000000000004,1.2,gaussian,False,2.8647889756541165,5;15;25;35;45;55,results/paper5_structure2_alpha52_offset30_h7/structure2_br_bt.csv
0.14378992478281516,0.4303864105187991,0.47320978723580853,0.04991806993975595,0.5106783515674461,0.04904435641138518,0.08,0.18000000000000005,1.0,gaussian,False,2.8647889756541165,5;15;25;35;45;55,results/paper5_structure2_alpha52_offset30_h7/structure2_br_bt.csv
0.1492644663843849,0.42559619067859106,0.47719136123497496,0.04435466818076117,0.5106783515674461,0.04904435641138518,0.04,0.14000000000000004,1.2,gaussian,False,2.8647889756541165,5;15;25;35;45;55,results/paper5_structure2_alpha52_offset30_h7/structure2_br_bt.csv
0.14036903706853712,0.43578393186653114,0.45877616838239016,0.049604570001545466,0.5106783515674461,0.04904435641138518,0.2,0.18000000000000005,1.0,gaussian,False,2.8647889756541165,5;15;25;35;45;55,results/paper5_structure2_alpha52_offset30_h7/structure2_br_bt.csv
0.14462266048527267,0.4317864780305822,0.4594192232086095,0.04391646790410328,0.5106783515674461,0.04904435641138518,0.16,0.14000000000000004,1.2,gaussian,False,2.8647889756541165,5;15;25;35;45;55,results/paper5_structure2_alpha52_offset30_h7/structure2_br_bt.csv
0.14859095996487232,0.42888300368289456,0.4782186303541884,0.05002854174206323,0.5106783515674461,0.04904435641138518,0.04,0.18000000000000005,1.0,gaussian,False,2.8647889756541165,5;15;25;35;45;55,results/paper5_structure2_alpha52_offset30_h7/structure2_br_bt.csv
0.14541621632089943,0.432650163242478,0.47116341007002865,0.03548835703997398,0.5106783515674461,0.04904435641138518,0.08,0.10000000000000003,1.2,gaussian,False,2.8647889756541165,5;15;25;35;45;55,results/paper5_structure2_alpha52_offset30_h7/structure2_br_bt.csv
0.14384364919100864,0.43470963526867434,0.46523799665417287,0.0353068161990475,0.5106783515674461,0.04904435641138518,0.12,0.10000000000000003,1.2,gaussian,False,2.8647889756541165,5;15;25;35;45;55,results/paper5_structure2_alpha52_offset30_h7/structure2_br_bt.csv
0.14733477300311268,0.431327152462171,0.4496797295296771,0.0330480580001676,0.5106783515674461,0.04904435641138518,0.28,0.10000000000000003,1.0,gaussian,False,2.8647889756541165,5;15;25;35;45;55,results/paper5_structure2_alpha52_offset30_h7/structure2_br_bt.csv
0.1469705927355794,0.4323204957999263,0.44980661844794195,0.037861424899059214,0.5106783515674461,0.04904435641138518,0.36,0.14000000000000004,0.8,gaussian,False,2.8647889756541165,5;15;25;35;45;55,results/paper5_structure2_alpha52_offset30_h7/structure2_br_bt.csv
0.1491594252769329,0.4307669112641889,0.47719226724052277,0.03567437748779816,0.5106783515674461,0.04904435641138518,0.04,0.10000000000000003,1.2,gaussian,False,2.8647889756541165,5;15;25;35;45;55,results/paper5_structure2_alpha52_offset30_h7/structure2_br_bt.csv
0.136434075578589,0.4442494276301689,0.4675198380631842,0.045686586324007315,0.5106783515674461,0.04904435641138518,0.16,0.18000000000000005,0.8,gaussian,False,2.8647889756541165,5;15;25;35;45;55,results/paper5_structure2_alpha52_offset30_h7/structure2_br_bt.csv
0.1430354742040711,0.4378727962598161,0.45417306721588263,0.04950610487320858,0.5106783515674461,0.04904435641138518,0.24000000000000002,0.18000000000000005,1.0,gaussian,False,2.8647889756541165,5;15;25;35;45;55,results/paper5_structure2_alpha52_offset30_h7/structure2_br_bt.csv
0.1354651649336765,0.44572922148809596,0.46378854520433355,0.04559875355590978,0.5106783515674461,0.04904435641138518,0.2,0.18000000000000005,0.8,gaussian,False,2.8647889756541165,5;15;25;35;45;55,results/paper5_structure2_alpha52_offset30_h7/structure2_br_bt.csv
0.1445126031854764,0.4369428355805054,0.45942002953730815,0.03512982441305216,0.5106783515674461,0.04904435641138518,0.16,0.10000000000000003,1.2,gaussian,False,2.8647889756541165,5;15;25;35;45;55,results/paper5_structure2_alpha52_offset30_h7/structure2_br_bt.csv
0.1475010062321436,0.43419955507740793,0.4537128710910079,0.043778233077008004,0.5106783515674461,0.04904435641138518,0.2,0.14000000000000004,1.2,gaussian,False,2.8647889756541165,5;15;25;35;45;55,results/paper5_structure2_alpha52_offset30_h7/structure2_br_bt.csv
0.13895902880824026,0.4428848625479786,0.47134108858033813,0.04577704688200026,0.5106783515674461,0.04904435641138518,0.12,0.18000000000000005,0.8,gaussian,False,2.8647889756541165,5;15;25;35;45;55,results/paper5_structure2_alpha52_offset30_h7/structure2_br_bt.csv
0.1360855373722773,0.4473231005549524,0.46014939837456775,0.045513563791157015,0.5106783515674461,0.04904435641138518,0.24000000000000002,0.18000000000000005,0.8,gaussian,False,2.8647889756541165,5;15;25;35;45;55,results/paper5_structure2_alpha52_offset30_h7/structure2_br_bt.csv
0.1429575987331342,0.44163659434156033,0.47525012684603113,0.045870119683081585,0.5106783515674461,0.04904435641138518,0.08,0.18000000000000005,0.8,gaussian,False,2.8647889756541165,5;15;25;35;45;55,results/paper5_structure2_alpha52_offset30_h7/structure2_br_bt.csv
0.1473925614461518,0.4393471150046045,0.4537136420878666,0.03495745077851545,0.5106783515674461,0.04904435641138518,0.2,0.10000000000000003,1.2,gaussian,False,2.8647889756541165,5;15;25;35;45;55,results/paper5_structure2_alpha52_offset30_h7/structure2_br_bt.csv
0.15343627514685643,0.4337737183404388,0.445298753962755,0.03291073584542227,0.5106783515674461,0.04904435641138518,0.32,0.10000000000000003,1.0,gaussian,False,2.8647889756541165,5;15;25;35;45;55,results/paper5_structure2_alpha52_offset30_h7/structure2_br_bt.csv
0.1382738033510471,0.44902984995974227,0.45660460079569887,0.04543103189779365,0.5106783515674461,0.04904435641138518,0.28,0.18000000000000005,0.8,gaussian,False,2.8647889756541165,5;15;25;35;45;55,results/paper5_structure2_alpha52_offset30_h7/structure2_br_bt.csv
0.1474946778730883,0.44010318774778623,0.44967940445457477,0.04941068769656523,0.5106783515674461,0.04904435641138518,0.28,0.18000000000000005,1.0,gaussian,False,2.8647889756541165,5;15;25;35;45;55,results/paper5_structure2_alpha52_offset30_h7/structure2_br_bt.csv
0.1483106436626433,0.4405056116692981,0.47924480469989195,0.04596578885922778,0.5106783515674461,0.04904435641138518,0.04,0.18000000000000005,0.8,gaussian,False,2.8647889756541165,5;15;25;35;45;55,results/paper5_structure2_alpha52_offset30_h7/structure2_br_bt.csv
0.15246362640482133,0.43678280183268586,0.4481223623085458,0.04364397711001419,0.5106783515674461,0.04904435641138518,0.24000000000000002,0.14000000000000004,1.2,gaussian,False,2.8647889756541165,5;15;25;35;45;55,results/paper5_structure2_alpha52_offset30_h7/structure2_br_bt.csv
0.1419574744220813,0.45084818784453573,0.4531563666028766,0.045351172386526785,0.5106783515674461,0.04904435641138518,0.32,0.18000000000000005,0.8,gaussian,False,2.8647889756541165,5;15;25;35;45;55,results/paper5_structure2_alpha52_offset30_h7/structure2_br_bt.csv
0.15235819467042114,0.44191968126417913,0.44812309688356283,0.03478976394048522,0.5106783515674461,0.04904435641138518,0.24000000000000002,0.10000000000000003,1.2,gaussian,False,2.8647889756541165,5;15;25;35;45;55,results/paper5_structure2_alpha52_offset30_h7/structure2_br_bt.csv
0.15359057890331723,0.4424729661314592,0.44529849325440407,0.04931833616241889,0.5106783515674461,0.04904435641138518,0.32,0.18000000000000005,1.0,gaussian,False,2.8647889756541165,5;15;25;35;45;55,results/paper5_structure2_alpha52_offset30_h7/structure2_br_bt.csv
0.16098974667000493,0.4363593069073829,0.4410338886178293,0.03277772893968338,0.5106783515674461,0.04904435641138518,0.36,0.10000000000000003,1.0,gaussian,False,2.8647889756541165,5;15;25;35;45;55,results/paper5_structure2_alpha52_offset30_h7/structure2_br_bt.csv
0.15931586718491242,0.43953321791672517,0.44265208604008677,0.043513736831901136,0.5106783515674461,0.04904435641138518,0.28,0.14000000000000004,1.2,gaussian,False,2.8647889756541165,5;15;25;35;45;55,results/paper5_structure2_alpha52_offset30_h7/structure2_br_bt.csv
0.14702419200695155,0.45277676980339426,0.4498069165755905,0.045273999398927595,0.5106783515674461,0.04904435641138518,0.36,0.18000000000000005,0.8,gaussian,False,2.8647889756541165,5;15;25;35;45;55,results/paper5_structure2_alpha52_offset30_h7/structure2_br_bt.csv
0.1592144761639466,0.4446576134987749,0.44265278308364453,0.034626831989065104,0.5106783515674461,0.04904435641138518,0.28,0.10000000000000003,1.2,gaussian,False,2.8647889756541165,5;15;25;35;45;55,results/paper5_structure2_alpha52_offset30_h7/structure2_br_bt.csv
0.16113753337349307,0.4449799044660505,0.44103369360667566,0.04922906752379818,0.5106783515674461,0.04904435641138518,0.36,0.18000000000000005,1.0,gaussian,False,2.8647889756541165,5;15;25;35;45;55,results/paper5_structure2_alpha52_offset30_h7/structure2_br_bt.csv
0.16782643212739176,0.44244768578407023,0.43730655428153814,0.04338754840543952,0.5106783515674461,0.04904435641138518,0.32,0.14000000000000004,1.2,gaussian,False,2.8647889756541165,5;15;25;35;45;55,results/paper5_structure2_alpha52_offset30_h7/structure2_br_bt.csv
0.1363262949822958,0.47433528255540014,0.4675198550017224,0.03175446128482518,0.5106783515674461,0.04904435641138518,0.16,0.10000000000000003,0.8,gaussian,False,2.8647889756541165,5;15;25;35;45;55,results/paper5_structure2_alpha52_offset30_h7/structure2_br_bt.csv
0.13535604519366934,0.47573901019535386,0.4637885190756529,0.031628595320873046,0.5106783515674461,0.04904435641138518,0.2,0.10000000000000003,0.8,gaussian,False,2.8647889756541165,5;15;25;35;45;55,results/paper5_structure2_alpha52_offset30_h7/structure2_br_bt.csv
0.13885376147803288,0.47303990021480025,0.4713411478927701,0.03188384525453088,0.5106783515674461,0.04904435641138518,0.12,0.10000000000000003,0.8,gaussian,False,2.8647889756541165,5;15;25;35;45;55,results/paper5_structure2_alpha52_offset30_h7/structure2_br_bt.csv
0.1359763504334877,0.47725012711308873,0.46014932849406753,0.03150628952544466,0.5106783515674461,0.04904435641138518,0.24000000000000002,0.10000000000000003,0.8,gaussian,False,2.8647889756541165,5;15;25;35;45;55,results/paper5_structure2_alpha52_offset30_h7/structure2_br_bt.csv
0.14285581573553882,0.47185375549698216,0.475250227832155,0.03201670457976247,0.5106783515674461,0.04904435641138518,0.08,0.10000000000000003,0.8,gaussian,False,2.8647889756541165,5;15;25;35;45;55,results/paper5_structure2_alpha52_offset30_h7/structure2_br_bt.csv
0.16772971406536039,0.4475578768430356,0.43730721266654154,0.034468722352664884,0.5106783515674461,0.04904435641138518,0.32,0.10000000000000003,1.2,gaussian,False,2.8647889756541165,5;15;25;35;45;55,results/paper5_structure2_alpha52_offset30_h7/structure2_br_bt.csv
0.13816578962905363,0.47886761667534417,0.4566044864894493,0.03138758551654199,0.5106783515674461,0.04904435641138518,0.28,0.10000000000000003,0.8,gaussian,False,2.8647889756541165,5;15;25;35;45;55,results/paper5_structure2_alpha52_offset30_h7/structure2_br_bt.csv
0.14821305523537148,0.4707776740894198,0.4792449466543748,0.03215299617902186,0.5106783515674461,0.04904435641138518,0.04,0.10000000000000003,0.8,gaussian,False,2.8647889756541165,5;15;25;35;45;55,results/paper5_structure2_alpha52_offset30_h7/structure2_br_bt.csv
0.1418517240300534,0.4805904048503776,0.4531562072096601,0.031272524309093275,0.5106783515674461,0.04904435641138518,0.32,0.10000000000000003,0.8,gaussian,False,2.8647889756541165,5;15;25;35;45;55,results/paper5_structure2_alpha52_offset30_h7/structure2_br_bt.csv
0.1777572916301807,0.44552298592458184,0.4320903968232181,0.043265447283654265,0.5106783515674461,0.04904435641138518,0.36,0.14000000000000004,1.2,gaussian,False,2.8647889756541165,5;15;25;35;45;55,results/paper5_structure2_alpha52_offset30_h7/structure2_br_bt.csv
0.17766553454199507,0.4506173369213548,0.4320910154075947,0.0343155016882044,0.5106783515674461,0.04904435641138518,0.36,0.10000000000000003,1.2,gaussian,False,2.8647889756541165,5;15;25;35;45;55,results/paper5_structure2_alpha52_offset30_h7/structure2_br_bt.csv
0.1469215655941843,0.4824173635258542,0.4498067114490329,0.031161146255793037,0.5106783515674461,0.04904435641138518,0.36,0.10000000000000003,0.8,gaussian,False,2.8647889756541165,5;15;25;35;45;55,results/paper5_structure2_alpha52_offset30_h7/structure2_br_bt.csv
0.14785373514842914,0.4826926373793897,0.46911723666180966,0.03710221337252257,0.5106783515674461,0.04904435641138518,0.08,0.10000000000000003,1.4,gaussian,False,2.8647889756541165,5;15;25;35;45;55,results/paper5_structure2_alpha52_offset30_h7/structure2_br_bt.csv
0.1502101547154805,0.480672845817223,0.47616775935639666,0.037310582062095345,0.5106783515674461,0.04904435641138518,0.04,0.10000000000000003,1.4,gaussian,False,2.8647889756541165,5;15;25;35;45;55,results/paper5_structure2_alpha52_offset30_h7/structure2_br_bt.csv
0.1480339250703282,0.48489731011627035,0.4621723746451137,0.03689877714851199,0.5106783515674461,0.04904435641138518,0.12,0.10000000000000003,1.4,gaussian,False,2.8647889756541165,5;15;25;35;45;55,results/paper5_structure2_alpha52_offset30_h7/structure2_br_bt.csv
0.15074162830089693,0.48728435460129277,0.4553380079744762,0.036700355414606346,0.5106783515674461,0.04904435641138518,0.16,0.10000000000000003,1.4,gaussian,False,2.8647889756541165,5;15;25;35;45;55,results/paper5_structure2_alpha52_offset30_h7/structure2_br_bt.csv
0.15584515902194865,0.48985110474906834,0.44861918661198036,0.03650702993464159,0.5106783515674461,0.04904435641138518,0.2,0.10000000000000003,1.4,gaussian,False,2.8647889756541165,5;15;25;35;45;55,results/paper5_structure2_alpha52_offset30_h7/structure2_br_bt.csv
0.16311979718918138,0.4925947514052982,0.4420211795330575,0.0363188820908178,0.5106783515674461,0.04904435641138518,0.24000000000000002,0.10000000000000003,1.4,gaussian,False,2.8647889756541165,5;15;25;35;45;55,results/paper5_structure2_alpha52_offset30_h7/structure2_br_bt.csv
0.13649534767693844,0.5286173392703922,0.4675203940584373,0.05345455031453314,0.5106783515674461,0.04904435641138518,0.16,0.22000000000000006,0.8,gaussian,False,2.8647889756541165,5;15;25;35;45;55,results/paper5_structure2_alpha52_offset30_h7/structure2_br_bt.csv
0.13552715853768574,0.5298537024622119,0.46378912727441973,0.05337931310868794,0.5106783515674461,0.04904435641138518,0.2,0.22000000000000006,0.8,gaussian,False,2.8647889756541165,5;15;25;35;45;55,results/paper5_structure2_alpha52_offset30_h7/structure2_br_bt.csv
0.13901891171156122,0.5274789751305397,0.4713416188124527,0.053532072983493426,0.5106783515674461,0.04904435641138518,0.12,0.22000000000000006,0.8,gaussian,False,2.8647889756541165,5;15;25;35;45;55,results/paper5_structure2_alpha52_offset30_h7/structure2_br_bt.csv
0.13614753066074667,0.5311873804144635,0.46015000682057766,0.053306371043142994,0.5106783515674461,0.04904435641138518,0.24000000000000002,0.22000000000000006,0.8,gaussian,False,2.8647889756541165,5;15;25;35;45;55,results/paper5_structure2_alpha52_offset30_h7/structure2_br_bt.csv
0.17229074971162942,0.49551235615642597,0.43554947730925575,0.03613599275780522,0.5106783515674461,0.04904435641138518,0.28,0.10000000000000003,1.4,gaussian,False,2.8647889756541165,5;15;25;35;45;55,results/paper5_structure2_alpha52_offset30_h7/structure2_br_bt.csv
0.14563973663540766,0.5236623014124795,0.47116222894342424,0.05366030313551588,0.5106783515674461,0.04904435641138518,0.08,0.18000000000000005,1.2,gaussian,False,2.8647889756541165,5;15;25;35;45;55,results/paper5_structure2_alpha52_offset30_h7/structure2_br_bt.csv
0.14407070756268867,0.5253324655925533,0.4652368891778052,0.0535396431663175,0.5106783515674461,0.04904435641138518,0.12,0.18000000000000005,1.2,gaussian,False,2.8647889756541165,5;15;25;35;45;55,results/paper5_structure2_alpha52_offset30_h7/structure2_br_bt.csv
0.14301553876888579,0.5264392457779725,0.4752506316361176,0.0536118712012431,0.5106783515674461,0.04904435641138518,0.08,0.22000000000000006,0.8,gaussian,False,2.8647889756541165,5;15;25;35;45;55,results/paper5_structure2_alpha52_offset30_h7/structure2_br_bt.csv
0.13833509369862795,0.5326176420973177,0.45660523590688906,0.053235733552104134,0.5106783515674461,0.04904435641138518,0.28,0.22000000000000006,0.8,gaussian,False,2.8647889756541165,5;15;25;35;45;55,results/paper5_structure2_alpha52_offset30_h7/structure2_br_bt.csv
0.14937628533407077,0.5221402912663468,0.4771910145647472,0.05378427635727941,0.5106783515674461,0.04904435641138518,0.04,0.18000000000000005,1.2,gaussian,False,2.8647889756541165,5;15;25;35;45;55,results/paper5_structure2_alpha52_offset30_h7/structure2_br_bt.csv
0.14473970530353533,0.527149375621859,0.45941899785277684,0.053422318899685184,0.5106783515674461,0.04904435641138518,0.16,0.18000000000000005,1.2,gaussian,False,2.8647889756541165,5;15;25;35;45;55,results/paper5_structure2_alpha52_offset30_h7/structure2_br_bt.csv
0.14799260395946684,0.5240060596153684,0.46911598924055886,0.04676705354357781,0.5106783515674461,0.04904435641138518,0.08,0.14000000000000004,1.4,gaussian,False,2.8647889756541165,5;15;25;35;45;55,results/paper5_structure2_alpha52_offset30_h7/structure2_br_bt.csv
0.1503461707120945,0.5221672163581486,0.476166474715903,0.04693309737143258,0.5106783515674461,0.04904435641138518,0.04,0.14000000000000004,1.4,gaussian,False,2.8647889756541165,5;15;25;35;45;55,results/paper5_structure2_alpha52_offset30_h7/structure2_br_bt.csv
0.14836623431600518,0.5254987366767471,0.4792452843773347,0.05369393482223847,0.5106783515674461,0.04904435641138518,0.04,0.22000000000000006,0.8,gaussian,False,2.8647889756541165,5;15;25;35;45;55,results/paper5_structure2_alpha52_offset30_h7/structure2_br_bt.csv
0.14817331123488275,0.5260166545761766,0.4621711658553522,0.04660525485400647,0.5106783515674461,0.04904435641138518,0.12,0.14000000000000004,1.4,gaussian,False,2.8647889756541165,5;15;25;35;45;55,results/paper5_structure2_alpha52_offset30_h7/structure2_br_bt.csv
0.1420174455201426,0.5341437116526725,0.4531570286554013,0.05316740982105031,0.5106783515674461,0.04904435641138518,0.32,0.22000000000000006,0.8,gaussian,False,2.8647889756541165,5;15;25;35;45;55,results/paper5_structure2_alpha52_offset30_h7/structure2_br_bt.csv
0.14761630475138043,0.5291115197758487,0.4537126883739983,0.05330835235987523,0.5106783515674461,0.04904435641138518,0.2,0.18000000000000005,1.2,gaussian,False,2.8647889756541165,5;15;25;35;45;55,results/paper5_structure2_alpha52_offset30_h7/structure2_br_bt.csv
0.1508791869497173,0.5281970399130242,0.45533683927858576,0.04644774566600008,0.5106783515674461,0.04904435641138518,0.16,0.14000000000000004,1.4,gaussian,False,2.8647889756541165,5;15;25;35;45;55,results/paper5_structure2_alpha52_offset30_h7/structure2_br_bt.csv
0.1453148921779697,0.5362440801683656,0.4711648503688691,0.028205066604214627,0.5106783515674461,0.04904435641138518,0.08,0.060000000000000026,1.2,gaussian,False,2.8647889756541165,5;15;25;35;45;55,results/paper5_structure2_alpha52_offset30_h7/structure2_br_bt.csv
0.14374066616219833,0.537923016458368,0.4652394109505571,0.027977041128979047,0.5106783515674461,0.04904435641138518,0.12,0.060000000000000026,1.2,gaussian,False,2.8647889756541165,5;15;25;35;45;55,results/paper5_structure2_alpha52_offset30_h7/structure2_br_bt.csv
0.1830732536282771,0.4986008652206876,0.42920979332036,0.035958442172111596,0.5106783515674461,0.04904435641138518,0.32,0.10000000000000003,1.4,gaussian,False,2.8647889756541165,5;15;25;35;45;55,results/paper5_structure2_alpha52_offset30_h7/structure2_br_bt.csv
0.1470823584098188,0.5357647703852327,0.4498076058312009,0.05310140878108517,0.5106783515674461,0.04904435641138518,0.36,0.22000000000000006,0.8,gaussian,False,2.8647889756541165,5;15;25;35;45;55,results/paper5_structure2_alpha52_offset30_h7/structure2_br_bt.csv
0.14051645909727015,0.5430784835035739,0.4682992627156818,0.027299567348799344,0.5106783515674461,0.04904435641138518,0.12,0.060000000000000026,1.0,gaussian,False,2.8647889756541165,5;15;25;35;45;55,results/paper5_structure2_alpha52_offset30_h7/structure2_br_bt.csv
0.14906117634043758,0.5347097593307899,0.47719373257820474,0.028438042169349184,0.5106783515674461,0.04904435641138518,0.04,0.060000000000000026,1.2,gaussian,False,2.8647889756541165,5;15;25;35;45;55,results/paper5_structure2_alpha52_offset30_h7/structure2_br_bt.csv
0.15257569330961024,0.5312172887138826,0.4481222233524853,0.05319776512684974,0.5106783515674461,0.04904435641138518,0.24000000000000002,0.18000000000000005,1.2,gaussian,False,2.8647889756541165,5;15;25;35;45;55,results/paper5_structure2_alpha52_offset30_h7/structure2_br_bt.csv
0.13935746796951576,0.5445458243218315,0.4634869280936154,0.027110081580325195,0.5106783515674461,0.04904435641138518,0.16,0.060000000000000026,1.0,gaussian,False,2.8647889756541165,5;15;25;35;45;55,results/paper5_structure2_alpha52_offset30_h7/structure2_br_bt.csv
0.14440954938011472,0.5397452186761366,0.4594214168358137,0.027754087752597602,0.5106783515674461,0.04904435641138518,0.16,0.060000000000000026,1.2,gaussian,False,2.8647889756541165,5;15;25;35;45;55,results/paper5_structure2_alpha52_offset30_h7/structure2_br_bt.csv
0.14355869699346824,0.5417301943151921,0.4732114283321242,0.027493577719584796,0.5106783515674461,0.04904435641138518,0.08,0.060000000000000026,1.0,gaussian,False,2.8647889756541165,5;15;25;35;45;55,results/paper5_structure2_alpha52_offset30_h7/structure2_br_bt.csv
0.1401284599479416,0.5461312571700874,0.4587775660000653,0.026925215939776946,0.5106783515674461,0.04904435641138518,0.2,0.060000000000000026,1.0,gaussian,False,2.8647889756541165,5;15;25;35;45;55,results/paper5_structure2_alpha52_offset30_h7/structure2_br_bt.csv
0.15597886877265957,0.5305451222636296,0.4486180595222396,0.04629456976241903,0.5106783515674461,0.04904435641138518,0.2,0.14000000000000004,1.4,gaussian,False,2.8647889756541165,5;15;25;35;45;55,results/paper5_structure2_alpha52_offset30_h7/structure2_br_bt.csv
0.1483683810471675,0.5405018476851358,0.4782203486321867,0.02769201759470665,0.5106783515674461,0.04904435641138518,0.04,0.060000000000000026,1.0,gaussian,False,2.8647889756541165,5;15;25;35;45;55,results/paper5_structure2_alpha52_offset30_h7/structure2_br_bt.csv
0.14729098553184003,0.5417092410692835,0.45371500136157533,0.027536329677120962,0.5106783515674461,0.04904435641138518,0.2,0.060000000000000026,1.2,gaussian,False,2.8647889756541165,5;15;25;35;45;55,results/paper5_structure2_alpha52_offset30_h7/structure2_br_bt.csv
0.14279817751903062,0.5478337567730313,0.4541743796317835,0.0267450662322385,0.5106783515674461,0.04904435641138518,0.24000000000000002,0.060000000000000026,1.0,gaussian,False,2.8647889756541165,5;15;25;35;45;55,results/paper5_structure2_alpha52_offset30_h7/structure2_br_bt.csv
0.15942361359824248,0.5334649816300753,0.4426519919761926,0.05309057831781669,0.5106783515674461,0.04904435641138518,0.28,0.18000000000000005,1.2,gaussian,False,2.8647889756541165,5;15;25;35;45;55,results/paper5_structure2_alpha52_offset30_h7/structure2_br_bt.csv
0.15225941188994285,0.5438135470581766,0.44812442707460715,0.027323891114868656,0.5106783515674461,0.04904435641138518,0.24000000000000002,0.060000000000000026,1.2,gaussian,False,2.8647889756541165,5;15;25;35;45;55,results/paper5_structure2_alpha52_offset30_h7/structure2_br_bt.csv
0.16324817153426818,0.5330586855554075,0.4420200956109989,0.04614577029489325,0.5106783515674461,0.04904435641138518,0.24000000000000002,0.14000000000000004,1.4,gaussian,False,2.8647889756541165,5;15;25;35;45;55,results/paper5_structure2_alpha52_offset30_h7/structure2_br_bt.csv
0.15145656715749364,0.5450786925207386,0.4751574794629186,0.038874679592454206,0.5106783515674461,0.04904435641138518,0.04,0.10000000000000003,1.5999999999999999,gaussian,False,2.8647889756541165,5;15;25;35;45;55,results/paper5_structure2_alpha52_offset30_h7/structure2_br_bt.csv
0.147263391666085,0.5496522353197166,0.44968062962570393,0.02656972838366069,0.5106783515674461,0.04904435641138518,0.28,0.060000000000000026,1.0,gaussian,False,2.8647889756541165,5;15;25;35;45;55,results/paper5_structure2_alpha52_offset30_h7/structure2_br_bt.csv
0.19520043419158709,0.5018571232905082,0.42300806333806024,0.03578630979698176,0.5106783515674461,0.04904435641138518,0.36,0.10000000000000003,1.4,gaussian,False,2.8647889756541165,5;15;25;35;45;55,results/paper5_structure2_alpha52_offset30_h7/structure2_br_bt.csv
0.15066389760778343,0.5471630891646893,0.4670958326074683,0.03864564925256926,0.5106783515674461,0.04904435641138518,0.08,0.10000000000000003,1.5999999999999999,gaussian,False,2.8647889756541165,5;15;25;35;45;55,results/paper5_structure2_alpha52_offset30_h7/structure2_br_bt.csv
0.14084501678083558,0.5571622538513131,0.4682981244426921,0.058687576236753095,0.5106783515674461,0.04904435641138518,0.12,0.22000000000000006,1.0,gaussian,False,2.8647889756541165,5;15;25;35;45;55,results/paper5_structure2_alpha52_offset30_h7/structure2_br_bt.csv
0.1396904034550963,0.5585478134392454,0.463485907829347,0.058598646777542784,0.5106783515674461,0.04904435641138518,0.16,0.22000000000000006,1.0,gaussian,False,2.8647889756541165,5;15;25;35;45;55,results/paper5_structure2_alpha52_offset30_h7/structure2_br_bt.csv
0.14772286930044567,0.5507357989975613,0.46911915200232246,0.028899286087124176,0.5106783515674461,0.04904435641138518,0.08,0.060000000000000026,1.4,gaussian,False,2.8647889756541165,5;15;25;35;45;55,results/paper5_structure2_alpha52_offset30_h7/structure2_br_bt.csv
0.1500820211014078,0.5489463307313416,0.4761697020261929,0.029165407556920396,0.5106783515674461,0.04904435641138518,0.04,0.060000000000000026,1.4,gaussian,False,2.8647889756541165,5;15;25;35;45;55,results/paper5_structure2_alpha52_offset30_h7/structure2_br_bt.csv
0.14387870409969503,0.5558931318748447,0.4732101747156071,0.05877909823382512,0.5106783515674461,0.04904435641138518,0.08,0.22000000000000006,1.0,gaussian,False,2.8647889756541165,5;15;25;35;45;55,results/paper5_structure2_alpha52_offset30_h7/structure2_br_bt.csv
0.1404612106233203,0.5600489464402955,0.4587766664227026,0.058512321676935854,0.5106783515674461,0.04904435641138518,0.2,0.22000000000000006,1.0,gaussian,False,2.8647889756541165,5;15;25;35;45;55,results/paper5_structure2_alpha52_offset30_h7/structure2_br_bt.csv
0.14790253117347985,0.5526890520672917,0.4621742613908879,0.028638562975770023,0.5106783515674461,0.04904435641138518,0.12,0.060000000000000026,1.4,gaussian,False,2.8647889756541165,5;15;25;35;45;55,results/paper5_structure2_alpha52_offset30_h7/structure2_br_bt.csv
0.15272086486352587,0.5494350233889513,0.4591378948976653,0.03842197559085966,0.5106783515674461,0.04904435641138518,0.12,0.10000000000000003,1.5999999999999999,gaussian,False,2.8647889756541165,5;15;25;35;45;55,results/paper5_structure2_alpha52_offset30_h7/structure2_br_bt.csv
0.14867648449465296,0.5547412466588434,0.47821898231865567,0.05887320067798331,0.5106783515674461,0.04904435641138518,0.04,0.22000000000000006,1.0,gaussian,False,2.8647889756541165,5;15;25;35;45;55,results/paper5_structure2_alpha52_offset30_h7/structure2_br_bt.csv
0.16792918918369387,0.5358528125807053,0.43730650624694634,0.05298681256889194,0.5106783515674461,0.04904435641138518,0.32,0.18000000000000005,1.2,gaussian,False,2.8647889756541165,5;15;25;35;45;55,results/paper5_structure2_alpha52_offset30_h7/structure2_br_bt.csv
0.14312633359713145,0.5616647261935215,0.45417360342620594,0.0584286124783285,0.5106783515674461,0.04904435641138518,0.24000000000000002,0.22000000000000006,1.0,gaussian,False,2.8647889756541165,5;15;25;35;45;55,results/paper5_structure2_alpha52_offset30_h7/structure2_br_bt.csv
0.1533673575246974,0.5515855457260507,0.4452996291317866,0.026399298271879493,0.5106783515674461,0.04904435641138518,0.32,0.060000000000000026,1.0,gaussian,False,2.8647889756541165,5;15;25;35;45;55,results/paper5_structure2_alpha52_offset30_h7/structure2_br_bt.csv
0.15911945268432612,0.5460565148372098,0.44265408310401727,0.027116897088147913,0.5106783515674461,0.04904435641138518,0.28,0.060000000000000026,1.2,gaussian,False,2.8647889756541165,5;15;25;35;45;55,results/paper5_structure2_alpha52_offset30_h7/structure2_br_bt.csv
0.1506119214982011,0.5548043600730631,0.4553398648023444,0.028383386987397383,0.5106783515674461,0.04904435641138518,0.16,0.060000000000000026,1.4,gaussian,False,2.8647889756541165,5;15;25;35;45;55,results/paper5_structure2_alpha52_offset30_h7/structure2_br_bt.csv
0.17241288545714212,0.535735400583038,0.43554843816455524,0.04600138973246504,0.5106783515674461,0.04904435641138518,0.28,0.14000000000000004,1.4,gaussian,False,2.8647889756541165,5;15;25;35;45;55,results/paper5_structure2_alpha52_offset30_h7/structure2_br_bt.csv
0.15751587000050635,0.5518921791316069,0.4512891527224431,0.0382037526935771,0.5106783515674461,0.04904435641138518,0.16,0.10000000000000003,1.5999999999999999,gaussian,False,2.8647889756541165,5;15;25;35;45;55,results/paper5_structure2_alpha52_offset30_h7/structure2_br_bt.csv
0.14758318283264327,0.5633941663003245,0.44967997947656557,0.058347530440556156,0.5106783515674461,0.04904435641138518,0.28,0.22000000000000006,1.0,gaussian,False,2.8647889756541165,5;15;25;35;45;55,results/paper5_structure2_alpha52_offset30_h7/structure2_br_bt.csv
0.155719050292284,0.5570798769840831,0.4486210121398591,0.028133909060475217,0.5106783515674461,0.04904435641138518,0.2,0.060000000000000026,1.4,gaussian,False,2.8647889756541165,5;15;25;35;45;55,results/paper5_structure2_alpha52_offset30_h7/structure2_br_bt.csv
0.16092370549451504,0.5536324849987443,0.4410347381408033,0.026233871547396304,0.5106783515674461,0.04904435641138518,0.36,0.060000000000000026,1.0,gaussian,False,2.8647889756541165,5;15;25;35;45;55,results/paper5_structure2_alpha52_offset30_h7/structure2_br_bt.csv
0.13627979816054867,0.5785404947206946,0.4675204279354729,0.02644904974523534,0.5106783515674461,0.04904435641138518,0.16,0.060000000000000026,0.8,gaussian,False,2.8647889756541165,5;15;25;35;45;55,results/paper5_structure2_alpha52_offset30_h7/structure2_br_bt.csv
0.13530893104752534,0.5796991287551293,0.4637890750171226,0.026298184351647897,0.5106783515674461,0.04904435641138518,0.2,0.060000000000000026,0.8,gaussian,False,2.8647889756541165,5;15;25;35;45;55,results/paper5_structure2_alpha52_offset30_h7/structure2_br_bt.csv
0.1676390454500543,0.5484364431329779,0.4373084813991997,0.026915473211205347,0.5106783515674461,0.04904435641138518,0.32,0.060000000000000026,1.2,gaussian,False,2.8647889756541165,5;15;25;35;45;55,results/paper5_structure2_alpha52_offset30_h7/structure2_br_bt.csv
0.17785475593984446,0.538378916938392,0.4320903959574113,0.05288648801691643,0.5106783515674461,0.04904435641138518,0.36,0.18000000000000005,1.2,gaussian,False,2.8647889756541165,5;15;25;35;45;55,results/paper5_structure2_alpha52_offset30_h7/structure2_br_bt.csv
0.13880838804627432,0.5774716968362491,0.4713417374371758,0.026603871369898592,0.5106783515674461,0.04904435641138518,0.12,0.060000000000000026,0.8,gaussian,False,2.8647889756541165,5;15;25;35;45;55,results/paper5_structure2_alpha52_offset30_h7/structure2_br_bt.csv
0.13592916867117708,0.5809470614352968,0.46014986705975147,0.026151343658941957,0.5106783515674461,0.04904435641138518,0.24000000000000002,0.060000000000000026,0.8,gaussian,False,2.8647889756541165,5;15;25;35;45;55,results/paper5_structure2_alpha52_offset30_h7/structure2_br_bt.csv
0.15367594850182945,0.565236223469858,0.4452991077159569,0.05826908653078443,0.5106783515674461,0.04904435641138518,0.32,0.22000000000000006,1.0,gaussian,False,2.8647889756541165,5;15;25;35;45;55,results/paper5_structure2_alpha52_offset30_h7/structure2_br_bt.csv
0.14281198282076857,0.576493234761058,0.4752508336081293,0.02676258056529279,0.5106783515674461,0.04904435641138518,0.08,0.060000000000000026,0.8,gaussian,False,2.8647889756541165,5;15;25;35;45;55,results/paper5_structure2_alpha52_offset30_h7/structure2_br_bt.csv
0.164810103617551,0.5545320942243958,0.4435554027862888,0.03799107448934236,0.5106783515674461,0.04904435641138518,0.2,0.10000000000000003,1.5999999999999999,gaussian,False,2.8647889756541165,5;15;25;35;45;55,results/paper5_structure2_alpha52_offset30_h7/structure2_br_bt.csv
0.13811907764650003,0.5822837186150902,0.45660500729467923,0.02600859583580802,0.5106783515674461,0.04904435641138518,0.28,0.060000000000000026,0.8,gaussian,False,2.8647889756541165,5;15;25;35;45;55,results/paper5_structure2_alpha52_offset30_h7/structure2_br_bt.csv
0.18318875563397952,0.5385728347523278,0.4292088006091907,0.04586146980979505,0.5106783515674461,0.04904435641138518,0.32,0.14000000000000004,1.4,gaussian,False,2.8647889756541165,5;15;25;35;45;55,results/paper5_structure2_alpha52_offset30_h7/structure2_br_bt.csv
0.16299869296155092,0.5595136481164705,0.442022972319014,0.027890282102505465,0.5106783515674461,0.04904435641138518,0.24000000000000002,0.060000000000000026,1.4,gaussian,False,2.8647889756541165,5;15;25;35;45;55,results/paper5_structure2_alpha52_offset30_h7/structure2_br_bt.csv
0.14817106641400404,0.5756055691762026,0.4792455682859742,0.02692510858601995,0.5106783515674461,0.04904435641138518,0.04,0.060000000000000026,0.8,gaussian,False,2.8647889756541165,5;15;25;35;45;55,results/paper5_structure2_alpha52_offset30_h7/structure2_br_bt.csv
0.15130072438262174,0.5737395540563873,0.4751600202912114,0.02987486933843954,0.5106783515674461,0.04904435641138518,0.04,0.060000000000000026,1.5999999999999999,gaussian,False,2.8647889756541165,5;15;25;35;45;55,results/paper5_structure2_alpha52_offset30_h7/structure2_br_bt.csv
0.14180595531948498,0.5837084907735961,0.45315670986937795,0.025870008634328624,0.5106783515674461,0.04904435641138518,0.32,0.060000000000000026,0.8,gaussian,False,2.8647889756541165,5;15;25;35;45;55,results/paper5_structure2_alpha52_offset30_h7/structure2_br_bt.csv
0.15050640574736063,0.575743670699044,0.46709834768301095,0.02957732806358646,0.5106783515674461,0.04904435641138518,0.08,0.060000000000000026,1.5999999999999999,gaussian,False,2.8647889756541165,5;15;25;35;45;55,results/paper5_structure2_alpha52_offset30_h7/structure2_br_bt.csv
0.16121926450560395,0.5671898004669449,0.44103434811916103,0.05819329141751595,0.5106783515674461,0.04904435641138518,0.36,0.22000000000000006,1.0,gaussian,False,2.8647889756541165,5;15;25;35;45;55,results/paper5_structure2_alpha52_offset30_h7/structure2_br_bt.csv
0.17757949352222208,0.5509515570760936,0.43209225170788806,0.026719745454231444,0.5106783515674461,0.04904435641138518,0.36,0.060000000000000026,1.2,gaussian,False,2.8647889756541165,5;15;25;35;45;55,results/paper5_structure2_alpha52_offset30_h7/structure2_br_bt.csv
0.1525646792620449,0.5779266445572834,0.459140382753836,0.029285582838464726,0.5106783515674461,0.04904435641138518,0.12,0.060000000000000026,1.5999999999999999,gaussian,False,2.8647889756541165,5;15;25;35;45;55,results/paper5_structure2_alpha52_offset30_h7/structure2_br_bt.csv
0.17429006116786405,0.5573521717381199,0.43594276511826496,0.037784034607925295,0.5106783515674461,0.04904435641138518,0.24000000000000002,0.10000000000000003,1.5999999999999999,gaussian,False,2.8647889756541165,5;15;25;35;45;55,results/paper5_structure2_alpha52_offset30_h7/structure2_br_bt.csv
0.1468771151612561,0.585220734339806,0.44980719557862064,0.02573564926978851,0.5106783515674461,0.04904435641138518,0.36,0.060000000000000026,0.8,gaussian,False,2.8647889756541165,5;15;25;35;45;55,results/paper5_structure2_alpha52_offset30_h7/structure2_br_bt.csv
0.17217550565370648,0.5621036178678114,0.43555123585090416,0.027652660759483905,0.5106783515674461,0.04904435641138518,0.28,0.060000000000000026,1.4,gaussian,False,2.8647889756541165,5;15;25;35;45;55,results/paper5_structure2_alpha52_offset30_h7/structure2_br_bt.csv
0.1953092851517475,0.5415684619066442,0.42300711876083896,0.04572605147504936,0.5106783515674461,0.04904435641138518,0.36,0.14000000000000004,1.4,gaussian,False,2.8647889756541165,5;15;25;35;45;55,results/paper5_structure2_alpha52_offset30_h7/structure2_br_bt.csv
0.15736365133260768,0.5802864571110685,0.4512916118039027,0.02899980859267034,0.5106783515674461,0.04904435641138518,0.16,0.060000000000000026,1.5999999999999999,gaussian,False,2.8647889756541165,5;15;25;35;45;55,results/paper5_structure2_alpha52_offset30_h7/structure2_br_bt.csv
0.18562115936612952,0.5603496915637122,0.42845769536687744,0.03758272623249155,0.5106783515674461,0.04904435641138518,0.28,0.10000000000000003,1.5999999999999999,gaussian,False,2.8647889756541165,5;15;25;35;45;55,results/paper5_structure2_alpha52_offset30_h7/structure2_br_bt.csv
0.164663870895193,0.582820960331589,0.44355783144464406,0.028720183565740468,0.5106783515674461,0.04904435641138518,0.2,0.060000000000000026,1.5999999999999999,gaussian,False,2.8647889756541165,5;15;25;35;45;55,results/paper5_structure2_alpha52_offset30_h7/structure2_br_bt.csv
0.18296424553375873,0.5648476376112798,0.4292115160546533,0.027421201158745436,0.5106783515674461,0.04904435641138518,0.32,0.060000000000000026,1.4,gaussian,False,2.8647889756541165,5;15;25;35;45;55,results/paper5_structure2_alpha52_offset30_h7/structure2_br_bt.csv
0.15261273803199168,0.602602400093976,0.4741831678693935,0.030542549723526182,0.5106783515674461,0.04904435641138518,0.04,0.060000000000000026,1.7999999999999998,gaussian,False,2.8647889756541165,5;15;25;35;45;55,results/paper5_structure2_alpha52_offset30_h7/structure2_br_bt.csv
0.15344874279166315,0.6047929382900471,0.4651402426482741,0.030215624570194922,0.5106783515674461,0.04904435641138518,0.08,0.060000000000000026,1.7999999999999998,gaussian,False,2.8647889756541165,5;15;25;35;45;55,results/paper5_structure2_alpha52_offset30_h7/structure2_br_bt.csv
0.17415107295306992,0.5855278857366227,0.43594516160782365,0.028446889093598934,0.5106783515674461,0.04904435641138518,0.24000000000000002,0.060000000000000026,1.5999999999999999,gaussian,False,2.8647889756541165,5;15;25;35;45;55,results/paper5_structure2_alpha52_offset30_h7/structure2_br_bt.csv
0.1984866202090527,0.5635218221222141,0.42110699604888857,0.037387241945552735,0.5106783515674461,0.04904435641138518,0.32,0.10000000000000003,1.5999999999999999,gaussian,False,2.8647889756541165,5;15;25;35;45;55,results/paper5_structure2_alpha52_offset30_h7/structure2_br_bt.csv
0.19509768091153232,0.5677434736863872,0.4230097486415505,0.027196060624384188,0.5106783515674461,0.04904435641138518,0.36,0.060000000000000026,1.4,gaussian,False,2.8647889756541165,5;15;25;35;45;55,results/paper5_structure2_alpha52_offset30_h7/structure2_br_bt.csv
0.15279241555406214,0.6103567342612438,0.47417988675505146,0.040320949502181784,0.5106783515674461,0.04904435641138518,0.04,0.10000000000000003,1.7999999999999998,gaussian,False,2.8647889756541165,5;15;25;35;45;55,results/paper5_structure2_alpha52_offset30_h7/structure2_br_bt.csv
0.15739629508389372,0.6071750321454676,0.45619567913836584,0.029894867621892786,0.5106783515674461,0.04904435641138518,0.12,0.060000000000000026,1.7999999999999998,gaussian,False,2.8647889756541165,5;15;25;35;45;55,results/paper5_structure2_alpha52_offset30_h7/structure2_br_bt.csv
0.15362840688151103,0.6124933173272447,0.4651369808076472,0.040072912568617544,0.5106783515674461,0.04904435641138518,0.08,0.10000000000000003,1.7999999999999998,gaussian,False,2.8647889756541165,5;15;25;35;45;55,results/paper5_structure2_alpha52_offset30_h7/structure2_br_bt.csv
0.15757239840191065,0.6148194534429338,0.45619243803470855,0.03983064388278537,0.5106783515674461,0.04904435641138518,0.12,0.10000000000000003,1.7999999999999998,gaussian,False,2.8647889756541165,5;15;25;35;45;55,results/paper5_structure2_alpha52_offset30_h7/structure2_br_bt.csv
0.18548998964440255,0.5884048536735632,0.42846005784058,0.028180109360550452,0.5106783515674461,0.04904435641138518,0.28,0.060000000000000026,1.5999999999999999,gaussian,False,2.8647889756541165,5;15;25;35;45;55,results/paper5_structure2_alpha52_offset30_h7/structure2_br_bt.csv
0.1642311752835124,0.6097464366152895,0.447355377403147,0.02958047953473117,0.5106783515674461,0.04904435641138518,0.16,0.060000000000000026,1.7999999999999998,gaussian,False,2.8647889756541165,5;15;25;35;45;55,results/paper5_structure2_alpha52_offset30_h7/structure2_br_bt.csv
0.15162135902594887,0.6267847448003939,0.4751556966589448,0.04937015685895324,0.5106783515674461,0.04904435641138518,0.04,0.14000000000000004,1.5999999999999999,gaussian,False,2.8647889756541165,5;15;25;35;45;55,results/paper5_structure2_alpha52_offset30_h7/structure2_br_bt.csv
0.15083038206894914,0.628576763857497,0.46709408863933705,0.049189357145207,0.5106783515674461,0.04904435641138518,0.08,0.14000000000000004,1.5999999999999999,gaussian,False,2.8647889756541165,5;15;25;35;45;55,results/paper5_structure2_alpha52_offset30_h7/structure2_br_bt.csv
0.21260808125435354,0.5668656321019802,0.4138978263601135,0.03719767356891507,0.5106783515674461,0.04904435641138518,0.36,0.10000000000000003,1.5999999999999999,gaussian,False,2.8647889756541165,5;15;25;35;45;55,results/paper5_structure2_alpha52_offset30_h7/structure2_br_bt.csv
0.16440085845999494,0.6173329998809846,0.4473521586162595,0.03959424932882424,0.5106783515674461,0.04904435641138518,0.16,0.10000000000000003,1.7999999999999998,gaussian,False,2.8647889756541165,5;15;25;35;45;55,results/paper5_structure2_alpha52_offset30_h7/structure2_br_bt.csv
0.15288592483388735,0.6305339907464753,0.4591361915143087,0.049013159802803796,0.5106783515674461,0.04904435641138518,0.12,0.14000000000000004,1.5999999999999999,gaussian,False,2.8647889756541165,5;15;25;35;45;55,results/paper5_structure2_alpha52_offset30_h7/structure2_br_bt.csv
0.15393855957348337,0.6314031616641707,0.47325808350772963,0.03116184543718045,0.5106783515674461,0.04904435641138518,0.04,0.060000000000000026,1.9999999999999998,gaussian,False,2.8647889756541165,5;15;25;35;45;55,results/paper5_structure2_alpha52_offset30_h7/structure2_br_bt.csv
0.17361270791893338,0.612504767424785,0.4386256415348823,0.02927266551391305,0.5106783515674461,0.04904435641138518,0.2,0.060000000000000026,1.7999999999999998,gaussian,False,2.8647889756541165,5;15;25;35;45;55,results/paper5_structure2_alpha52_offset30_h7/structure2_br_bt.csv
0.13656153232063747,0.6522624644514883,0.4675213263618847,0.061492201094868575,0.5106783515674461,0.04904435641138518,0.16,0.26000000000000006,0.8,gaussian,False,2.8647889756541165,5;15;25;35;45;55,results/paper5_structure2_alpha52_offset30_h7/structure2_br_bt.csv
0.13559409908228998,0.6532584839593649,0.46379008868007576,0.061426646309504083,0.5106783515674461,0.04904435641138518,0.2,0.26000000000000006,0.8,gaussian,False,2.8647889756541165,5;15;25;35;45;55,results/paper5_structure2_alpha52_offset30_h7/structure2_br_bt.csv
0.19836332957710212,0.5914493827505948,0.4211093225545123,0.027920031114900722,0.5106783515674461,0.04904435641138518,0.32,0.060000000000000026,1.5999999999999999,gaussian,False,2.8647889756541165,5;15;25;35;45;55,results/paper5_structure2_alpha52_offset30_h7/structure2_br_bt.csv
0.1563887893675164,0.633760040602764,0.4632837280063786,0.030807980343752497,0.5106783515674461,0.04904435641138518,0.08,0.060000000000000026,1.9999999999999998,gaussian,False,2.8647889756541165,5;15;25;35;45;55,results/paper5_structure2_alpha52_offset30_h7/structure2_br_bt.csv
0.1576767011470602,0.632654892172528,0.45128749175752747,0.048841614641277106,0.5106783515674461,0.04904435641138518,0.16,0.14000000000000004,1.5999999999999999,gaussian,False,2.8647889756541165,5;15;25;35;45;55,results/paper5_structure2_alpha52_offset30_h7/structure2_br_bt.csv
0.13908361928513516,0.6513466286569928,0.47134252230207035,0.06155976544268262,0.5106783515674461,0.04904435641138518,0.12,0.26000000000000006,0.8,gaussian,False,2.8647889756541165,5;15;25;35;45;55,results/paper5_structure2_alpha52_offset30_h7/structure2_br_bt.csv
0.13621444835987292,0.654334321016793,0.46015099760205624,0.06136310752709292,0.5106783515674461,0.04904435641138518,0.24000000000000002,0.26000000000000006,0.8,gaussian,False,2.8647889756541165,5;15;25;35;45;55,results/paper5_structure2_alpha52_offset30_h7/structure2_br_bt.csv
0.14307817037205076,0.6505113152408595,0.4752515066136852,0.061629332743685844,0.5106783515674461,0.04904435641138518,0.08,0.26000000000000006,0.8,gaussian,False,2.8647889756541165,5;15;25;35;45;55,results/paper5_structure2_alpha52_offset30_h7/structure2_br_bt.csv
0.1737740831473716,0.6200316774174497,0.43862244677008994,0.039363834735954756,0.5106783515674461,0.04904435641138518,0.2,0.10000000000000003,1.7999999999999998,gaussian,False,2.8647889756541165,5;15;25;35;45;55,results/paper5_structure2_alpha52_offset30_h7/structure2_br_bt.csv
0.13840123127306475,0.6554895826168313,0.4566062563216374,0.06130159101636535,0.5106783515674461,0.04904435641138518,0.28,0.26000000000000006,0.8,gaussian,False,2.8647889756541165,5;15;25;35;45;55,results/paper5_structure2_alpha52_offset30_h7/structure2_br_bt.csv
0.1484263492795131,0.649756834756677,0.4792461311567118,0.0617008962229342,0.5106783515674461,0.04904435641138518,0.04,0.26000000000000006,0.8,gaussian,False,2.8647889756541165,5;15;25;35;45;55,results/paper5_structure2_alpha52_offset30_h7/structure2_br_bt.csv
0.1621608461246156,0.636320100212191,0.4534000744878874,0.030460651395602074,0.5106783515674461,0.04904435641138518,0.12,0.060000000000000026,1.9999999999999998,gaussian,False,2.8647889756541165,5;15;25;35;45;55,results/paper5_structure2_alpha52_offset30_h7/structure2_br_bt.csv
0.1420821393901622,0.6567238496056989,0.4531580789432674,0.06124210287132034,0.5106783515674461,0.04904435641138518,0.32,0.26000000000000006,0.8,gaussian,False,2.8647889756541165,5;15;25;35;45;55,results/paper5_structure2_alpha52_offset30_h7/structure2_br_bt.csv
0.16496457914347554,0.6349378279572214,0.4435537861606215,0.048674770847886094,0.5106783515674461,0.04904435641138518,0.2,0.14000000000000004,1.5999999999999999,gaussian,False,2.8647889756541165,5;15;25;35;45;55,results/paper5_structure2_alpha52_offset30_h7/structure2_br_bt.csv
0.18515418967433458,0.615447511263137,0.4300132054084384,0.028971635102024332,0.5106783515674461,0.04904435641138518,0.24000000000000002,0.060000000000000026,1.7999999999999998,gaussian,False,2.8647889756541165,5;15;25;35;45;55,results/paper5_structure2_alpha52_offset30_h7/structure2_br_bt.csv
0.14813945322715982,0.654278553291749,0.46911540974389826,0.05715695859970589,0.5106783515674461,0.04904435641138518,0.08,0.18000000000000005,1.4,gaussian,False,2.8647889756541165,5;15;25;35;45;55,results/paper5_structure2_alpha52_offset30_h7/structure2_br_bt.csv
0.15049004771847346,0.6528236556858004,0.4761658481100379,0.057293361597599846,0.5106783515674461,0.04904435641138518,0.04,0.18000000000000005,1.4,gaussian,False,2.8647889756541165,5;15;25;35;45;55,results/paper5_structure2_alpha52_offset30_h7/structure2_br_bt.csv
0.14832066713465059,0.6558731179699291,0.4621706350269229,0.057024182275339765,0.5106783515674461,0.04904435641138518,0.12,0.18000000000000005,1.4,gaussian,False,2.8647889756541165,5;15;25;35;45;55,results/paper5_structure2_alpha52_offset30_h7/structure2_br_bt.csv
0.14714508652802472,0.6580366774167912,0.449808686212975,0.06118464900833004,0.5106783515674461,0.04904435641138518,0.36,0.26000000000000006,0.8,gaussian,False,2.8647889756541165,5;15;25;35;45;55,results/paper5_structure2_alpha52_offset30_h7/structure2_br_bt.csv
0.21249239750778356,0.594658899339408,0.41390011483686834,0.027666843346447062,0.5106783515674461,0.04904435641138518,0.36,0.060000000000000026,1.5999999999999999,gaussian,False,2.8647889756541165,5;15;25;35;45;55,results/paper5_structure2_alpha52_offset30_h7/structure2_br_bt.csv
0.18530631363261588,0.6229130798987847,0.4300100365060232,0.039139505716560184,0.5106783515674461,0.04904435641138518,0.24000000000000002,0.10000000000000003,1.7999999999999998,gaussian,False,2.8647889756541165,5;15;25;35;45;55,results/paper5_structure2_alpha52_offset30_h7/structure2_br_bt.csv
0.15102457598942706,0.6576063337264393,0.45533635871997163,0.05689505801527381,0.5106783515674461,0.04904435641138518,0.16,0.18000000000000005,1.4,gaussian,False,2.8647889756541165,5;15;25;35;45;55,results/paper5_structure2_alpha52_offset30_h7/structure2_br_bt.csv
0.17091851816465195,0.639080898765734,0.44361318548461776,0.030120084707729294,0.5106783515674461,0.04904435641138518,0.16,0.060000000000000026,1.9999999999999998,gaussian,False,2.8647889756541165,5;15;25;35;45;55,results/paper5_structure2_alpha52_offset30_h7/structure2_br_bt.csv
0.1744368564105851,0.6373810570061518,0.4359411948418384,0.04851267692919868,0.5106783515674461,0.04904435641138518,0.24000000000000002,0.14000000000000004,1.5999999999999999,gaussian,False,2.8647889756541165,5;15;25;35;45;55,results/paper5_structure2_alpha52_offset30_h7/structure2_br_bt.csv
0.1552229491229382,0.6580061998106643,0.4723989067923111,0.031703081470687886,0.5106783515674461,0.04904435641138518,0.04,0.060000000000000026,2.1999999999999997,gaussian,False,2.8647889756541165,5;15;25;35;45;55,results/paper5_structure2_alpha52_offset30_h7/structure2_br_bt.csv
0.1561201600146411,0.6594771073677552,0.4486176308759009,0.056769610739717834,0.5106783515674461,0.04904435641138518,0.2,0.18000000000000005,1.4,gaussian,False,2.8647889756541165,5;15;25;35;45;55,results/paper5_structure2_alpha52_offset30_h7/structure2_br_bt.csv
0.1984791771044195,0.6185720362017194,0.4215252589498882,0.028677601923642278,0.5106783515674461,0.04904435641138518,0.28,0.060000000000000026,1.7999999999999998,gaussian,False,2.8647889756541165,5;15;25;35;45;55,results/paper5_structure2_alpha52_offset30_h7/structure2_br_bt.csv
0.15921773826133287,0.6605133182119386,0.4615580268395395,0.031324634535776434,0.5106783515674461,0.04904435641138518,0.08,0.060000000000000026,2.1999999999999997,gaussian,False,2.8647889756541165,5;15;25;35;45;55,results/paper5_structure2_alpha52_offset30_h7/structure2_br_bt.csv
0.1822318658936603,0.6420398467107109,0.4339296083537655,0.029786512231716893,0.5106783515674461,0.04904435641138518,0.2,0.060000000000000026,1.9999999999999998,gaussian,False,2.8647889756541165,5;15;25;35;45;55,results/paper5_structure2_alpha52_offset30_h7/structure2_br_bt.csv
0.19862184159246604,0.6259746840453979,0.4215221178949216,0.038921367496072966,0.5106783515674461,0.04904435641138518,0.28,0.10000000000000003,1.7999999999999998,gaussian,False,2.8647889756541165,5;15;25;35;45;55,results/paper5_structure2_alpha52_offset30_h7/structure2_br_bt.csv
0.15413774426779792,0.6704625000815772,0.47325396602986447,0.041642310546782205,0.5106783515674461,0.04904435641138518,0.04,0.10000000000000003,1.9999999999999998,gaussian,False,2.8647889756541165,5;15;25;35;45;55,results/paper5_structure2_alpha52_offset30_h7/structure2_br_bt.csv
0.1633837988599253,0.6614842717938464,0.44201972055805305,0.05664786487683642,0.5106783515674461,0.04904435641138518,0.24000000000000002,0.18000000000000005,1.4,gaussian,False,2.8647889756541165,5;15;25;35;45;55,results/paper5_structure2_alpha52_offset30_h7/structure2_br_bt.csv
0.14419474969224128,0.6807089219746751,0.46523719600191876,0.06342364756823085,0.5106783515674461,0.04904435641138518,0.12,0.22000000000000006,1.2,gaussian,False,2.8647889756541165,5;15;25;35;45;55,results/paper5_structure2_alpha52_offset30_h7/structure2_br_bt.csv
0.14576190080052992,0.6794334388660597,0.4711624881199207,0.06352586147818662,0.5106783515674461,0.04904435641138518,0.08,0.22000000000000006,1.2,gaussian,False,2.8647889756541165,5;15;25;35;45;55,results/paper5_structure2_alpha52_offset30_h7/structure2_br_bt.csv
0.18575967159717033,0.639982743492017,0.428456173540448,0.048355380651947784,0.5106783515674461,0.04904435641138518,0.28,0.14000000000000004,1.5999999999999999,gaussian,False,2.8647889756541165,5;15;25;35;45;55,results/paper5_structure2_alpha52_offset30_h7/structure2_br_bt.csv
0.144863720703254,0.6820995135539367,0.4594193534706651,0.06332431265820782,0.5106783515674461,0.04904435641138518,0.16,0.22000000000000006,1.2,gaussian,False,2.8647889756541165,5;15;25;35;45;55,results/paper5_structure2_alpha52_offset30_h7/structure2_br_bt.csv
0.14949486691695,0.6782737136074364,0.47719122723105845,0.06363094051398466,0.5106783515674461,0.04904435641138518,0.04,0.22000000000000006,1.2,gaussian,False,2.8647889756541165,5;15;25;35;45;55,results/paper5_structure2_alpha52_offset30_h7/structure2_br_bt.csv
0.15658596571077088,0.6726545649014506,0.46327961958497854,0.04137707746757611,0.5106783515674461,0.04904435641138518,0.08,0.10000000000000003,1.9999999999999998,gaussian,False,2.8647889756541165,5;15;25;35;45;55,results/paper5_structure2_alpha52_offset30_h7/structure2_br_bt.csv
0.16670497082438301,0.66323485387481,0.45079896904609273,0.030953098958467668,0.5106783515674461,0.04904435641138518,0.12,0.060000000000000026,2.1999999999999997,gaussian,False,2.8647889756541165,5;15;25;35;45;55,results/paper5_structure2_alpha52_offset30_h7/structure2_br_bt.csv
0.1477384409574241,0.6836045111415936,0.45371309393754855,0.0632278703173819,0.5106783515674461,0.04904435641138518,0.2,0.22000000000000006,1.2,gaussian,False,2.8647889756541165,5;15;25;35;45;55,results/paper5_structure2_alpha52_offset30_h7/structure2_br_bt.csv
0.21325360892892067,0.6218756022472227,0.4131694745903653,0.02839078338312565,0.5106783515674461,0.04904435641138518,0.32,0.060000000000000026,1.7999999999999998,gaussian,False,2.8647889756541165,5;15;25;35;45;55,results/paper5_structure2_alpha52_offset30_h7/structure2_br_bt.csv
0.17254189825516705,0.6636265894481692,0.4355481184219517,0.05652984434134827,0.5106783515674461,0.04904435641138518,0.28,0.18000000000000005,1.4,gaussian,False,2.8647889756541165,5;15;25;35;45;55,results/paper5_structure2_alpha52_offset30_h7/structure2_br_bt.csv
0.16235208149857422,0.675039263831231,0.4533959763415013,0.04111802087423443,0.5106783515674461,0.04904435641138518,0.12,0.10000000000000003,1.9999999999999998,gaussian,False,2.8647889756541165,5;15;25;35;45;55,results/paper5_structure2_alpha52_offset30_h7/structure2_br_bt.csv
0.15643218495614192,0.6813627133119264,0.4716132305335609,0.03214068011002685,0.5106783515674461,0.04904435641138518,0.04,0.060000000000000026,2.4,gaussian,False,2.8647889756541165,5;15;25;35;45;55,results/paper5_structure2_alpha52_offset30_h7/structure2_br_bt.csv
0.15269438077554745,0.6852231609072956,0.44812268001593536,0.06313433380159142,0.5106783515674461,0.04904435641138518,0.24000000000000002,0.22000000000000006,1.2,gaussian,False,2.8647889756541165,5;15;25;35;45;55,results/paper5_structure2_alpha52_offset30_h7/structure2_br_bt.csv
0.14364473441111394,0.6969047688453962,0.46524139894613964,0.02344343840222927,0.5106783515674461,0.04904435641138518,0.12,0.020000000000000025,1.2,gaussian,False,2.8647889756541165,5;15;25;35;45;55,results/paper5_structure2_alpha52_offset30_h7/structure2_br_bt.csv
0.1452205451285169,0.6955973288052723,0.47116685715182294,0.02371422552956276,0.5106783515674461,0.04904435641138518,0.08,0.020000000000000025,1.2,gaussian,False,2.8647889756541165,5;15;25;35;45;55,results/paper5_structure2_alpha52_offset30_h7/structure2_br_bt.csv
0.1956580673069855,0.6451942178331559,0.42435641571248717,0.02946017155131128,0.5106783515674461,0.04904435641138518,0.24000000000000002,0.060000000000000026,1.9999999999999998,gaussian,False,2.8647889756541165,5;15;25;35;45;55,results/paper5_structure2_alpha52_offset30_h7/structure2_br_bt.csv
0.13928932782857947,0.7017829509580678,0.4634883758032444,0.023257417138647235,0.5106783515674461,0.04904435641138518,0.16,0.020000000000000025,1.0,gaussian,False,2.8647889756541165,5;15;25;35;45;55,results/paper5_structure2_alpha52_offset30_h7/structure2_br_bt.csv
0.1404492919571015,0.7006360585378361,0.4683007276715315,0.023477376760178113,0.5106783515674461,0.04904435641138518,0.12,0.020000000000000025,1.0,gaussian,False,2.8647889756541165,5;15;25;35;45;55,results/paper5_structure2_alpha52_offset30_h7/structure2_br_bt.csv
0.19861678812333167,0.6427409632059424,0.4211055248649686,0.04820292898329003,0.5106783515674461,0.04904435641138518,0.32,0.14000000000000004,1.5999999999999999,gaussian,False,2.8647889756541165,5;15;25;35;45;55,results/paper5_structure2_alpha52_offset30_h7/structure2_br_bt.csv
0.2133870901205821,0.6292138594081782,0.41316636352286323,0.038709524734911335,0.5106783515674461,0.04904435641138518,0.32,0.10000000000000003,1.7999999999999998,gaussian,False,2.8647889756541165,5;15;25;35;45;55,results/paper5_structure2_alpha52_offset30_h7/structure2_br_bt.csv
0.14431351407270546,0.6983245242477941,0.45942338509886327,0.02317780456025055,0.5106783515674461,0.04904435641138518,0.16,0.020000000000000025,1.2,gaussian,False,2.8647889756541165,5;15;25;35;45;55,results/paper5_structure2_alpha52_offset30_h7/structure2_br_bt.csv
0.14349335588253642,0.6995825487542476,0.47321290987073183,0.023702058378316748,0.5106783515674461,0.04904435641138518,0.08,0.020000000000000025,1.0,gaussian,False,2.8647889756541165,5;15;25;35;45;55,results/paper5_structure2_alpha52_offset30_h7/structure2_br_bt.csv
0.14006028305515905,0.7030227689893331,0.45877899578060044,0.023042314741236563,0.5106783515674461,0.04904435641138518,0.2,0.020000000000000025,1.0,gaussian,False,2.8647889756541165,5;15;25;35;45;55,results/paper5_structure2_alpha52_offset30_h7/structure2_br_bt.csv
0.14896973301367442,0.6944028385387205,0.47719575724286817,0.023989991439696583,0.5106783515674461,0.04904435641138518,0.04,0.020000000000000025,1.2,gaussian,False,2.8647889756541165,5;15;25;35;45;55,results/paper5_structure2_alpha52_offset30_h7/structure2_br_bt.csv
0.1772426057581375,0.6661681788904777,0.440127733956409,0.03058872657917093,0.5106783515674461,0.04904435641138518,0.16,0.060000000000000026,2.1999999999999997,gaussian,False,2.8647889756541165,5;15;25;35;45;55,results/paper5_structure2_alpha52_offset30_h7/structure2_br_bt.csv
0.14760002770239505,0.6968038209318739,0.4691217352539162,0.023726373400999222,0.5106783515674461,0.04904435641138518,0.08,0.020000000000000025,1.4,gaussian,False,2.8647889756541165,5;15;25;35;45;55,results/paper5_structure2_alpha52_offset30_h7/structure2_br_bt.csv
0.14996179007498797,0.6953744816941044,0.4761723027172381,0.02404870103192946,0.5106783515674461,0.04904435641138518,0.04,0.020000000000000025,1.4,gaussian,False,2.8647889756541165,5;15;25;35;45;55,results/paper5_structure2_alpha52_offset30_h7/structure2_br_bt.csv
0.16187106098570422,0.6840066501117089,0.45997906515906734,0.03173968244806384,0.5106783515674461,0.04904435641138518,0.08,0.060000000000000026,2.4,gaussian,False,2.8647889756541165,5;15;25;35;45;55,results/paper5_structure2_alpha52_offset30_h7/structure2_br_bt.csv
0.14777915086267515,0.6983644332600664,0.46217682608437183,0.023409237125367386,0.5106783515674461,0.04904435641138518,0.12,0.020000000000000025,1.4,gaussian,False,2.8647889756541165,5;15;25;35;45;55,results/paper5_structure2_alpha52_offset30_h7/structure2_br_bt.csv
0.15953770252728067,0.6869546594663007,0.4426525008923463,0.0630437160447556,0.5106783515674461,0.04904435641138518,0.28,0.22000000000000006,1.2,gaussian,False,2.8647889756541165,5;15;25;35;45;55,results/paper5_structure2_alpha52_offset30_h7/structure2_br_bt.csv
0.1483055479760646,0.6986228440650797,0.4782218461097818,0.02393132899465456,0.5106783515674461,0.04904435641138518,0.04,0.020000000000000025,1.0,gaussian,False,2.8647889756541165,5;15;25;35;45;55,results/paper5_structure2_alpha52_offset30_h7/structure2_br_bt.csv
0.14719629270923948,0.6998559114706316,0.4537169489068471,0.02291750319753715,0.5106783515674461,0.04904435641138518,0.2,0.020000000000000025,1.2,gaussian,False,2.8647889756541165,5;15;25;35;45;55,results/paper5_structure2_alpha52_offset30_h7/structure2_br_bt.csv
0.14273087170935553,0.7043550219239446,0.4541757907813514,0.022832206848196868,0.5106783515674461,0.04904435641138518,0.24000000000000002,0.020000000000000025,1.0,gaussian,False,2.8647889756541165,5;15;25;35;45;55,results/paper5_structure2_alpha52_offset30_h7/structure2_br_bt.csv
0.17110097993874845,0.6776145630878889,0.44360909896278994,0.040865258230472504,0.5106783515674461,0.04904435641138518,0.16,0.10000000000000003,1.9999999999999998,gaussian,False,2.8647889756541165,5;15;25;35;45;55,results/paper5_structure2_alpha52_offset30_h7/structure2_br_bt.csv
0.1352667878151371,0.7139368653212276,0.4637900102942903,0.023164585582085912,0.5106783515674461,0.04904435641138518,0.2,0.020000000000000025,0.8,gaussian,False,2.8647889756541165,5;15;25;35;45;55,results/paper5_structure2_alpha52_offset30_h7/structure2_br_bt.csv
0.1833107392756485,0.6659027559021385,0.42920853792621066,0.056415572513246116,0.5106783515674461,0.04904435641138518,0.32,0.18000000000000005,1.4,gaussian,False,2.8647889756541165,5;15;25;35;45;55,results/paper5_structure2_alpha52_offset30_h7/structure2_br_bt.csv
0.13623823723025744,0.7129905620089684,0.4675213771773358,0.02333528915906602,0.5106783515674461,0.04904435641138518,0.16,0.020000000000000025,0.8,gaussian,False,2.8647889756541165,5;15;25;35;45;55,results/paper5_structure2_alpha52_offset30_h7/structure2_br_bt.csv
0.15115385838144116,0.6993268197778547,0.4751633191316631,0.024108374105198917,0.5106783515674461,0.04904435641138518,0.04,0.020000000000000025,1.5999999999999999,gaussian,False,2.8647889756541165,5;15;25;35;45;55,results/paper5_structure2_alpha52_offset30_h7/structure2_br_bt.csv
0.15049008684405532,0.7000554407498946,0.4553424097537719,0.02309750604301752,0.5106783515674461,0.04904435641138518,0.16,0.020000000000000025,1.4,gaussian,False,2.8647889756541165,5;15;25;35;45;55,results/paper5_structure2_alpha52_offset30_h7/structure2_br_bt.csv
0.13588693508911007,0.7149563527087491,0.4601507879612524,0.02299818117699402,0.5106783515674461,0.04904435641138518,0.24000000000000002,0.020000000000000025,0.8,gaussian,False,2.8647889756541165,5;15;25;35;45;55,results/paper5_structure2_alpha52_offset30_h7/structure2_br_bt.csv
0.13876786126931454,0.7121177345257518,0.47134270023880265,0.02351019826143894,0.5106783515674461,0.04904435641138518,0.12,0.020000000000000025,0.8,gaussian,False,2.8647889756541165,5;15;25;35;45;55,results/paper5_structure2_alpha52_offset30_h7/structure2_br_bt.csv
0.1503579347454821,0.7009912500729625,0.46710163385350917,0.023740034626005976,0.5106783515674461,0.04904435641138518,0.08,0.020000000000000025,1.5999999999999999,gaussian,False,2.8647889756541165,5;15;25;35;45;55,results/paper5_structure2_alpha52_offset30_h7/structure2_br_bt.csv
0.1471977356999801,0.70577918631224,0.44968202142398195,0.022627232591171262,0.5106783515674461,0.04904435641138518,0.28,0.020000000000000025,1.0,gaussian,False,2.8647889756541165,5;15;25;35;45;55,results/paper5_structure2_alpha52_offset30_h7/structure2_br_bt.csv
0.15216729101233592,0.7014981994295477,0.448126352876375,0.022662718059557222,0.5106783515674461,0.04904435641138518,0.24000000000000002,0.020000000000000025,1.2,gaussian,False,2.8647889756541165,5;15;25;35;45;55,results/paper5_structure2_alpha52_offset30_h7/structure2_br_bt.csv
0.14277286156262617,0.7113186533483951,0.47525180957111274,0.02368921973503158,0.5106783515674461,0.04904435641138518,0.08,0.020000000000000025,0.8,gaussian,False,2.8647889756541165,5;15;25;35;45;55,results/paper5_structure2_alpha52_offset30_h7/structure2_br_bt.csv
0.13807723566854876,0.7160487115801233,0.45660591340404627,0.022836169926618657,0.5106783515674461,0.04904435641138518,0.28,0.020000000000000025,0.8,gaussian,False,2.8647889756541165,5;15;25;35;45;55,results/paper5_structure2_alpha52_offset30_h7/structure2_br_bt.csv
0.22919735575578537,0.6253553719436682,0.40495403347437403,0.028111400312593193,0.5106783515674461,0.04904435641138518,0.36,0.060000000000000026,1.7999999999999998,gaussian,False,2.8647889756541165,5;15;25;35;45;55,results/paper5_structure2_alpha52_offset30_h7/structure2_br_bt.csv
0.15241739531075493,0.7028045234452784,0.45914365507006866,0.023376939395632516,0.5106783515674461,0.04904435641138518,0.12,0.020000000000000025,1.5999999999999999,gaussian,False,2.8647889756541165,5;15;25;35;45;55,results/paper5_structure2_alpha52_offset30_h7/structure2_br_bt.csv
0.16803797415553423,0.6887981557823492,0.43730706856296714,0.06295602965050037,0.5106783515674461,0.04904435641138518,0.32,0.22000000000000006,1.2,gaussian,False,2.8647889756541165,5;15;25;35;45;55,results/paper5_structure2_alpha52_offset30_h7/structure2_br_bt.csv
0.1524430542583386,0.7048258807297306,0.47418730456828406,0.02416638681663456,0.5106783515674461,0.04904435641138518,0.04,0.020000000000000025,1.7999999999999998,gaussian,False,2.8647889756541165,5;15;25;35;45;55,results/paper5_structure2_alpha52_offset30_h7/structure2_br_bt.csv
0.1556005610647397,0.7018759009311295,0.44862353609734956,0.022791401944819017,0.5106783515674461,0.04904435641138518,0.2,0.020000000000000025,1.4,gaussian,False,2.8647889756541165,5;15;25;35;45;55,results/paper5_structure2_alpha52_offset30_h7/structure2_br_bt.csv
0.1709420065427707,0.6868761567030148,0.4484175157355313,0.03134597955958542,0.5106783515674461,0.04904435641138518,0.12,0.060000000000000026,2.4,gaussian,False,2.8647889756541165,5;15;25;35;45;55,results/paper5_structure2_alpha52_offset30_h7/structure2_br_bt.csv
0.13978867713372545,0.7180999707022292,0.46348684541077984,0.06774344819436082,0.5106783515674461,0.04904435641138518,0.16,0.26000000000000006,1.0,gaussian,False,2.8647889756541165,5;15;25;35;45;55,results/paper5_structure2_alpha52_offset30_h7/structure2_br_bt.csv
0.14094207612842144,0.7170315148803669,0.4682990202663507,0.06782060940605714,0.5106783515674461,0.04904435641138518,0.12,0.26000000000000006,1.0,gaussian,False,2.8647889756541165,5;15;25;35;45;55,results/paper5_structure2_alpha52_offset30_h7/structure2_br_bt.csv
0.21273019454705228,0.6456537100306018,0.41389640810324063,0.048055368030604194,0.5106783515674461,0.04904435641138518,0.36,0.14000000000000004,1.5999999999999999,gaussian,False,2.8647889756541165,5;15;25;35;45;55,results/paper5_structure2_alpha52_offset30_h7/structure2_br_bt.csv
0.1575489876292345,0.7011211017554301,0.47090286436273515,0.03246137945138116,0.5106783515674461,0.04904435641138518,0.04,0.060000000000000026,2.6,gaussian,False,2.8647889756541165,5;15;25;35;45;55,results/paper5_structure2_alpha52_offset30_h7/structure2_br_bt.csv
0.1481336198037811,0.7105935672659304,0.47924655701885543,0.02387226106225705,0.5106783515674461,0.04904435641138518,0.04,0.020000000000000025,0.8,gaussian,False,2.8647889756541165,5;15;25;35;45;55,results/paper5_structure2_alpha52_offset30_h7/structure2_br_bt.csv
0.1417649305424059,0.7172136089726495,0.4531576007652566,0.022678645982343468,0.5106783515674461,0.04904435641138518,0.32,0.020000000000000025,0.8,gaussian,False,2.8647889756541165,5;15;25;35;45;55,results/paper5_structure2_alpha52_offset30_h7/structure2_br_bt.csv
0.21079378291889936,0.6485411606446364,0.41490124847570725,0.02914130562463185,0.5106783515674461,0.04904435641138518,0.28,0.060000000000000026,1.9999999999999998,gaussian,False,2.8647889756541165,5;15;25;35;45;55,results/paper5_structure2_alpha52_offset30_h7/structure2_br_bt.csv
0.19032464415356928,0.6693105086961444,0.4295508668990898,0.03023177640509592,0.5106783515674461,0.04904435641138518,0.2,0.060000000000000026,2.1999999999999997,gaussian,False,2.8647889756541165,5;15;25;35;45;55,results/paper5_structure2_alpha52_offset30_h7/structure2_br_bt.csv
0.14055935576499903,0.7192594957617778,0.45877764641810015,0.06766856781820202,0.5106783515674461,0.04904435641138518,0.2,0.26000000000000006,1.0,gaussian,False,2.8647889756541165,5;15;25;35;45;55,results/paper5_structure2_alpha52_offset30_h7/structure2_br_bt.csv
0.15327901797358381,0.7067223589550103,0.4651443767072736,0.023753487068269186,0.5106783515674461,0.04904435641138518,0.08,0.020000000000000025,1.7999999999999998,gaussian,False,2.8647889756541165,5;15;25;35;45;55,results/paper5_structure2_alpha52_offset30_h7/structure2_br_bt.csv
0.14397331766285726,0.7160545359613059,0.47321102945059795,0.06790004367750697,0.5106783515674461,0.04904435641138518,0.08,0.26000000000000006,1.0,gaussian,False,2.8647889756541165,5;15;25;35;45;55,results/paper5_structure2_alpha52_offset30_h7/structure2_br_bt.csv
0.15330393947435708,0.7072947069529717,0.4453010008407058,0.02242753272570464,0.5106783515674461,0.04904435641138518,0.32,0.020000000000000025,1.0,gaussian,False,2.8647889756541165,5;15;25;35;45;55,results/paper5_structure2_alpha52_offset30_h7/structure2_br_bt.csv
0.22932220278409507,0.6326278783975506,0.40495095469966613,0.038504081342783505,0.5106783515674461,0.04904435641138518,0.36,0.10000000000000003,1.7999999999999998,gaussian,False,2.8647889756541165,5;15;25;35;45;55,results/paper5_structure2_alpha52_offset30_h7/structure2_br_bt.csv
0.15722007015887512,0.7047654910319315,0.45129486898885973,0.02301933657570445,0.5106783515674461,0.04904435641138518,0.16,0.020000000000000025,1.5999999999999999,gaussian,False,2.8647889756541165,5;15;25;35;45;55,results/paper5_structure2_alpha52_offset30_h7/structure2_br_bt.csv
0.1590308081601782,0.7032506111717456,0.4426559860958924,0.02241363726276344,0.5106783515674461,0.04904435641138518,0.28,0.020000000000000025,1.2,gaussian,False,2.8647889756541165,5;15;25;35;45;55,results/paper5_structure2_alpha52_offset30_h7/structure2_br_bt.csv
0.1824039625798071,0.680378298351513,0.4339255349510421,0.04061890703410744,0.5106783515674461,0.04904435641138518,0.2,0.10000000000000003,1.9999999999999998,gaussian,False,2.8647889756541165,5;15;25;35;45;55,results/paper5_structure2_alpha52_offset30_h7/structure2_br_bt.csv
0.1432230551908933,0.7205096503826071,0.4541746264761052,0.0675959758574624,0.5106783515674461,0.04904435641138518,0.24000000000000002,0.26000000000000006,1.0,gaussian,False,2.8647889756541165,5;15;25;35;45;55,results/paper5_structure2_alpha52_offset30_h7/structure2_br_bt.csv
0.19542422360282163,0.6683114035515165,0.423006914914849,0.05630507221667612,0.5106783515674461,0.04904435641138518,0.36,0.18000000000000005,1.4,gaussian,False,2.8647889756541165,5;15;25;35;45;55,results/paper5_structure2_alpha52_offset30_h7/structure2_br_bt.csv
0.14876765905658967,0.7151694088395586,0.47821979664443903,0.06798174304074016,0.5106783515674461,0.04904435641138518,0.04,0.26000000000000006,1.0,gaussian,False,2.8647889756541165,5;15;25;35;45;55,results/paper5_structure2_alpha52_offset30_h7/structure2_br_bt.csv
0.1537503201509934,0.7108063163914075,0.47326315011144954,0.024221950291872903,0.5106783515674461,0.04904435641138518,0.04,0.020000000000000025,1.9999999999999998,gaussian,False,2.8647889756541165,5;15;25;35;45;55,results/paper5_structure2_alpha52_offset30_h7/structure2_br_bt.csv
0.14683724559316558,0.7184506920441034,0.4498080708354423,0.022525703484575693,0.5106783515674461,0.04904435641138518,0.36,0.020000000000000025,0.8,gaussian,False,2.8647889756541165,5;15;25;35;45;55,results/paper5_structure2_alpha52_offset30_h7/structure2_br_bt.csv
0.15722988932564688,0.7087846210212814,0.45619980956203754,0.023345761102270428,0.5106783515674461,0.04904435641138518,0.12,0.020000000000000025,1.7999999999999998,gaussian,False,2.8647889756541165,5;15;25;35;45;55,results/paper5_structure2_alpha52_offset30_h7/structure2_br_bt.csv
0.16288487506728416,0.7038248093067769,0.4420254739602434,0.022491154581321206,0.5106783515674461,0.04904435641138518,0.24000000000000002,0.020000000000000025,1.4,gaussian,False,2.8647889756541165,5;15;25;35;45;55,results/paper5_structure2_alpha52_offset30_h7/structure2_br_bt.csv
0.1643171296104087,0.7038905505921469,0.45855096285667596,0.03203947602557422,0.5106783515674461,0.04904435641138518,0.08,0.060000000000000026,2.6,gaussian,False,2.8647889756541165,5;15;25;35;45;55,results/paper5_structure2_alpha52_offset30_h7/structure2_br_bt.csv
0.17795791809376324,0.6907527531497045,0.4320910128101779,0.0628712868839146,0.5106783515674461,0.04904435641138518,0.36,0.22000000000000006,1.2,gaussian,False,2.8647889756541165,5;15;25;35;45;55,results/paper5_structure2_alpha52_offset30_h7/structure2_br_bt.csv
0.1562023915613342,0.7129271300528637,0.4632888059879759,0.02376687710826663,0.5106783515674461,0.04904435641138518,0.08,0.020000000000000025,1.9999999999999998,gaussian,False,2.8647889756541165,5;15;25;35;45;55,results/paper5_structure2_alpha52_offset30_h7/structure2_br_bt.csv
0.147677376027011,0.7218499636873872,0.44968104620294036,0.06752567969247068,0.5106783515674461,0.04904435641138518,0.28,0.26000000000000006,1.0,gaussian,False,2.8647889756541165,5;15;25;35;45;55,results/paper5_structure2_alpha52_offset30_h7/structure2_br_bt.csv
0.16086290786996518,0.7089009979297873,0.44103608900541585,0.02223324937658949,0.5106783515674461,0.04904435641138518,0.36,0.020000000000000025,1.0,gaussian,False,2.8647889756541165,5;15;25;35;45;55,results/paper5_structure2_alpha52_offset30_h7/structure2_br_bt.csv
0.16452590295533012,0.7068729236587427,0.4435610721223486,0.022667486112920195,0.5106783515674461,0.04904435641138518,0.2,0.020000000000000025,1.5999999999999999,gaussian,False,2.8647889756541165,5;15;25;35;45;55,results/paper5_structure2_alpha52_offset30_h7/structure2_br_bt.csv
0.15502045850203958,0.7167227923329049,0.47240491621803204,0.024270459518427812,0.5106783515674461,0.04904435641138518,0.04,0.020000000000000025,2.1999999999999997,gaussian,False,2.8647889756541165,5;15;25;35;45;55,results/paper5_structure2_alpha52_offset30_h7/structure2_br_bt.csv
0.1675544361020726,0.705112325627625,0.43731036047420047,0.022170453069533688,0.5106783515674461,0.04904435641138518,0.32,0.020000000000000025,1.2,gaussian,False,2.8647889756541165,5;15;25;35;45;55,results/paper5_structure2_alpha52_offset30_h7/structure2_br_bt.csv
0.18310602431063225,0.6899684187279733,0.43693434668809183,0.030959849739188357,0.5106783515674461,0.04904435641138518,0.16,0.060000000000000026,2.4,gaussian,False,2.8647889756541165,5;15;25;35;45;55,results/paper5_structure2_alpha52_offset30_h7/structure2_br_bt.csv
0.16407079883647055,0.7110112243800945,0.44735950308432954,0.022943484748328094,0.5106783515674461,0.04904435641138518,0.16,0.020000000000000025,1.7999999999999998,gaussian,False,2.8647889756541165,5;15;25;35;45;55,results/paper5_structure2_alpha52_offset30_h7/structure2_br_bt.csv
0.15856734378628345,0.717363321141138,0.47026551097506164,0.03266454651153218,0.5106783515674461,0.04904435641138518,0.04,0.060000000000000026,2.8000000000000003,gaussian,False,2.8647889756541165,5;15;25;35;45;55,results/paper5_structure2_alpha52_offset30_h7/structure2_br_bt.csv
0.15376678460935636,0.7232799344559016,0.44530021871914155,0.06745768650042135,0.5106783515674461,0.04904435641138518,0.32,0.26000000000000006,1.0,gaussian,False,2.8647889756541165,5;15;25;35;45;55,results/paper5_structure2_alpha52_offset30_h7/structure2_br_bt.csv
0.16198001905223713,0.7152301800629179,0.4534051633298531,0.02331683099801458,0.5106783515674461,0.04904435641138518,0.12,0.020000000000000025,1.9999999999999998,gaussian,False,2.8647889756541165,5;15;25;35;45;55,results/paper5_structure2_alpha52_offset30_h7/structure2_br_bt.csv
0.15298205161156142,0.7245664866135684,0.4741774612430187,0.05160241396680469,0.5106783515674461,0.04904435641138518,0.04,0.14000000000000004,1.7999999999999998,gaussian,False,2.8647889756541165,5;15;25;35;45;55,results/paper5_structure2_alpha52_offset30_h7/structure2_br_bt.csv
0.1720671671307464,0.7059011019874084,0.43555371378078683,0.02219700161686233,0.5106783515674461,0.04904435641138518,0.28,0.020000000000000025,1.4,gaussian,False,2.8647889756541165,5;15;25;35;45;55,results/paper5_structure2_alpha52_offset30_h7/structure2_br_bt.csv
0.15901906243732936,0.7190557076686579,0.4615640631130737,0.023776208071375534,0.5106783515674461,0.04904435641138518,0.08,0.020000000000000025,2.1999999999999997,gaussian,False,2.8647889756541165,5;15;25;35;45;55,results/paper5_structure2_alpha52_offset30_h7/structure2_br_bt.csv
0.20546565145129012,0.6726589141971194,0.4190755130778796,0.029882514414787825,0.5106783515674461,0.04904435641138518,0.24000000000000002,0.060000000000000026,2.1999999999999997,gaussian,False,2.8647889756541165,5;15;25;35;45;55,results/paper5_structure2_alpha52_offset30_h7/structure2_br_bt.csv
0.15543722392344841,0.7228047141128054,0.4723939311073971,0.042784240654942136,0.5106783515674461,0.04904435641138518,0.04,0.10000000000000003,2.1999999999999997,gaussian,False,2.8647889756541165,5;15;25;35;45;55,results/paper5_structure2_alpha52_offset30_h7/structure2_br_bt.csv
0.15621941771694092,0.7222792244079287,0.471620126814636,0.0243075045620844,0.5106783515674461,0.04904435641138518,0.04,0.020000000000000025,2.4,gaussian,False,2.8647889756541165,5;15;25;35;45;55,results/paper5_structure2_alpha52_offset30_h7/structure2_br_bt.csv
0.19581925097744263,0.683328183225703,0.4243523570837943,0.040379084633269766,0.5106783515674461,0.04904435641138518,0.24000000000000002,0.10000000000000003,1.9999999999999998,gaussian,False,2.8647889756541165,5;15;25;35;45;55,results/paper5_structure2_alpha52_offset30_h7/structure2_br_bt.csv
0.2272977602000306,0.6520777098929051,0.4055723613575097,0.028830162468441757,0.5106783515674461,0.04904435641138518,0.32,0.060000000000000026,1.9999999999999998,gaussian,False,2.8647889756541165,5;15;25;35;45;55,results/paper5_structure2_alpha52_offset30_h7/structure2_br_bt.csv
0.15381797541501296,0.7263450897073694,0.46513459120374284,0.05140808505087238,0.5106783515674461,0.04904435641138518,0.08,0.14000000000000004,1.7999999999999998,gaussian,False,2.8647889756541165,5;15;25;35;45;55,results/paper5_structure2_alpha52_offset30_h7/structure2_br_bt.csv
0.17483305822691037,0.7068967134696079,0.44626276407172655,0.0316252532026839,0.5106783515674461,0.04904435641138518,0.12,0.060000000000000026,2.6,gaussian,False,2.8647889756541165,5;15;25;35;45;55,results/paper5_structure2_alpha52_offset30_h7/structure2_br_bt.csv
0.1740199104724232,0.7091255154993942,0.435948384296889,0.022321660027620514,0.5106783515674461,0.04904435641138518,0.24000000000000002,0.020000000000000025,1.5999999999999999,gaussian,False,2.8647889756541165,5;15;25;35;45;55,results/paper5_structure2_alpha52_offset30_h7/structure2_br_bt.csv
0.15942791286982222,0.7250575660969576,0.4615530485865016,0.04250333035807984,0.5106783515674461,0.04904435641138518,0.08,0.10000000000000003,2.1999999999999997,gaussian,False,2.8647889756541165,5;15;25;35;45;55,results/paper5_structure2_alpha52_offset30_h7/structure2_br_bt.csv
0.17749917688328953,0.7070824794312117,0.4320941057187961,0.021933361614945274,0.5106783515674461,0.04904435641138518,0.36,0.020000000000000025,1.2,gaussian,False,2.8647889756541165,5;15;25;35;45;55,results/paper5_structure2_alpha52_offset30_h7/structure2_br_bt.csv
0.1573293908691141,0.7273332702179636,0.4709105477688157,0.024330359115661525,0.5106783515674461,0.04904435641138518,0.04,0.020000000000000025,2.6,gaussian,False,2.8647889756541165,5;15;25;35;45;55,results/paper5_structure2_alpha52_offset30_h7/structure2_br_bt.csv
0.15775816680393476,0.728285631472526,0.45619008627002094,0.05121870563968407,0.5106783515674461,0.04904435641138518,0.12,0.14000000000000004,1.7999999999999998,gaussian,False,2.8647889756541165,5;15;25;35;45;55,results/paper5_structure2_alpha52_offset30_h7/structure2_br_bt.csv
0.1613062104038298,0.7247990320272374,0.44103550397461505,0.0673920032518665,0.5106783515674461,0.04904435641138518,0.36,0.26000000000000006,1.0,gaussian,False,2.8647889756541165,5;15;25;35;45;55,results/paper5_structure2_alpha52_offset30_h7/structure2_br_bt.csv
0.16166399964779962,0.7248090379558917,0.4599860027468069,0.023777328823488115,0.5106783515674461,0.04904435641138518,0.08,0.020000000000000025,2.4,gaussian,False,2.8647889756541165,5;15;25;35;45;55,results/paper5_structure2_alpha52_offset30_h7/structure2_br_bt.csv
0.1665464596893181,0.7202486629270906,0.4572694160642069,0.03222304171548689,0.5106783515674461,0.04904435641138518,0.08,0.060000000000000026,2.8000000000000003,gaussian,False,2.8647889756541165,5;15;25;35;45;55,results/paper5_structure2_alpha52_offset30_h7/structure2_br_bt.csv
0.17346015147979513,0.713400630250306,0.43862976124364267,0.022546949699679415,0.5106783515674461,0.04904435641138518,0.2,0.020000000000000025,1.7999999999999998,gaussian,False,2.8647889756541165,5;15;25;35;45;55,results/paper5_structure2_alpha52_offset30_h7/structure2_br_bt.csv
0.16651401370630645,0.7215868649893739,0.4508050323582309,0.023286802862155506,0.5106783515674461,0.04904435641138518,0.12,0.020000000000000025,2.1999999999999997,gaussian,False,2.8647889756541165,5;15;25;35;45;55,results/paper5_structure2_alpha52_offset30_h7/structure2_br_bt.csv
0.17074594951149258,0.7177137121054499,0.44361828455850605,0.022872108710688163,0.5106783515674461,0.04904435641138518,0.16,0.020000000000000025,1.9999999999999998,gaussian,False,2.8647889756541165,5;15;25;35;45;55,results/paper5_structure2_alpha52_offset30_h7/structure2_br_bt.csv
0.15948830409382816,0.7304103662447876,0.4696964033154388,0.03275885776236107,0.5106783515674461,0.04904435641138518,0.04,0.060000000000000026,3.0000000000000004,gaussian,False,2.8647889756541165,5;15;25;35;45;55,results/paper5_structure2_alpha52_offset30_h7/structure2_br_bt.csv
0.15834377795899957,0.7318391283789089,0.4702738617672891,0.02433824990181822,0.5106783515674461,0.04904435641138518,0.04,0.020000000000000025,2.8000000000000003,gaussian,False,2.8647889756541165,5;15;25;35;45;55,results/paper5_structure2_alpha52_offset30_h7/structure2_br_bt.csv
0.18286174296393481,0.7081036584299183,0.42921396880328017,0.02190918852318836,0.5106783515674461,0.04904435641138518,0.32,0.020000000000000025,1.4,gaussian,False,2.8647889756541165,5;15;25;35;45;55,results/paper5_structure2_alpha52_offset30_h7/structure2_br_bt.csv
0.19779327591849308,0.6932804555024381,0.4255359033931002,0.030581579845937568,0.5106783515674461,0.04904435641138518,0.2,0.060000000000000026,2.4,gaussian,False,2.8647889756541165,5;15;25;35;45;55,results/paper5_structure2_alpha52_offset30_h7/structure2_br_bt.csv
0.16410494166402068,0.730043452693144,0.4585586994054869,0.023767505423040763,0.5106783515674461,0.04904435641138518,0.08,0.020000000000000025,2.6,gaussian,False,2.8647889756541165,5;15;25;35;45;55,results/paper5_structure2_alpha52_offset30_h7/structure2_br_bt.csv
0.16690692945740473,0.7275075510797911,0.45079398900546497,0.042229008831678606,0.5106783515674461,0.04904435641138518,0.12,0.10000000000000003,2.1999999999999997,gaussian,False,2.8647889756541165,5;15;25;35;45;55,results/paper5_structure2_alpha52_offset30_h7/structure2_br_bt.csv
0.16457981957997206,0.7303868211608955,0.4473498467432431,0.05103433083349003,0.5106783515674461,0.04904435641138518,0.16,0.14000000000000004,1.7999999999999998,gaussian,False,2.8647889756541165,5;15;25;35;45;55,results/paper5_structure2_alpha52_offset30_h7/structure2_br_bt.csv
0.15926306626966236,0.735808040116532,0.4697052986719541,0.02433196544341271,0.5106783515674461,0.04904435641138518,0.04,0.020000000000000025,3.0000000000000004,gaussian,False,2.8647889756541165,5;15;25;35;45;55,results/paper5_structure2_alpha52_offset30_h7/structure2_br_bt.csv
0.18536617801921706,0.7115218878859236,0.42846326094765014,0.021982142650644614,0.5106783515674461,0.04904435641138518,0.28,0.020000000000000025,1.5999999999999999,gaussian,False,2.8647889756541165,5;15;25;35;45;55,results/paper5_structure2_alpha52_offset30_h7/structure2_br_bt.csv
0.2109442243856252,0.6864618179311277,0.4148972064531775,0.04014590803268873,0.5106783515674461,0.04904435641138518,0.28,0.10000000000000003,1.9999999999999998,gaussian,False,2.8647889756541165,5;15;25;35;45;55,results/paper5_structure2_alpha52_offset30_h7/structure2_br_bt.csv
0.17074457067260893,0.7275526179862073,0.4484244956431637,0.023251813318577164,0.5106783515674461,0.04904435641138518,0.12,0.020000000000000025,2.4,gaussian,False,2.8647889756541165,5;15;25;35;45;55,results/paper5_structure2_alpha52_offset30_h7/structure2_br_bt.csv
0.2222452081784787,0.6762103341117502,0.4087094780168293,0.02954121329874825,0.5106783515674461,0.04904435641138518,0.28,0.060000000000000026,2.1999999999999997,gaussian,False,2.8647889756541165,5;15;25;35;45;55,results/paper5_structure2_alpha52_offset30_h7/structure2_br_bt.csv
0.1884704777934938,0.7101365842078545,0.4340436784996265,0.031219016709501276,0.5106783515674461,0.04904435641138518,0.16,0.060000000000000026,2.6,gaussian,False,2.8647889756541165,5;15;25;35;45;55,results/paper5_structure2_alpha52_offset30_h7/structure2_br_bt.csv
0.24489352365135444,0.6558007981025864,0.39637867057596154,0.02852699478000328,0.5106783515674461,0.04904435641138518,0.36,0.060000000000000026,1.9999999999999998,gaussian,False,2.8647889756541165,5;15;25;35;45;55,results/paper5_structure2_alpha52_offset30_h7/structure2_br_bt.csv
0.18501034959975307,0.7159512086290786,0.430017317780144,0.022156464215519873,0.5106783515674461,0.04904435641138518,0.24000000000000002,0.020000000000000025,1.7999999999999998,gaussian,False,2.8647889756541165,5;15;25;35;45;55,results/paper5_structure2_alpha52_offset30_h7/structure2_br_bt.csv
0.16633176720212378,0.7347130698391396,0.4572778285458418,0.023745796761981398,0.5106783515674461,0.04904435641138518,0.08,0.020000000000000025,2.8000000000000003,gaussian,False,2.8647889756541165,5;15;25;35;45;55,results/paper5_structure2_alpha52_offset30_h7/structure2_br_bt.csv
0.17706187105244542,0.7243141859941942,0.4401338244138188,0.022802555933453934,0.5106783515674461,0.04904435641138518,0.16,0.020000000000000025,2.1999999999999997,gaussian,False,2.8647889756541165,5;15;25;35;45;55,results/paper5_structure2_alpha52_offset30_h7/structure2_br_bt.csv
0.17837053885860688,0.723381811560483,0.44432877053114433,0.03178959733945277,0.5106783515674461,0.04904435641138518,0.12,0.060000000000000026,2.8000000000000003,gaussian,False,2.8647889756541165,5;15;25;35;45;55,results/paper5_structure2_alpha52_offset30_h7/structure2_br_bt.csv
0.1685632801429364,0.733403285778898,0.4561250263160057,0.03229879636924835,0.5106783515674461,0.04904435641138518,0.08,0.060000000000000026,3.0000000000000004,gaussian,False,2.8647889756541165,5;15;25;35;45;55,results/paper5_structure2_alpha52_offset30_h7/structure2_br_bt.csv
0.18206906721553387,0.7203758595201984,0.4339347169046825,0.022433026874011892,0.5106783515674461,0.04904435641138518,0.2,0.020000000000000025,1.9999999999999998,gaussian,False,2.8647889756541165,5;15;25;35;45;55,results/paper5_structure2_alpha52_offset30_h7/structure2_br_bt.csv
0.1950010349508653,0.7104313042653116,0.42301217466245655,0.021627968404308,0.5106783515674461,0.04904435641138518,0.36,0.020000000000000025,1.4,gaussian,False,2.8647889756541165,5;15;25;35;45;55,results/paper5_structure2_alpha52_offset30_h7/structure2_br_bt.csv
0.17394425262045213,0.7326472765871395,0.43862017696947636,0.050855015064890555,0.5106783515674461,0.04904435641138518,0.2,0.14000000000000004,1.7999999999999998,gaussian,False,2.8647889756541165,5;15;25;35;45;55,results/paper5_structure2_alpha52_offset30_h7/structure2_br_bt.csv
0.1683481304340112,0.7388298349349092,0.45613398864796917,0.023712747041800167,0.5106783515674461,0.04904435641138518,0.08,0.020000000000000025,3.0000000000000004,gaussian,False,2.8647889756541165,5;15;25;35;45;55,results/paper5_structure2_alpha52_offset30_h7/structure2_br_bt.csv
0.177433710657368,0.7301526846589733,0.440122753034875,0.04196140529765132,0.5106783515674461,0.04904435641138518,0.16,0.10000000000000003,2.1999999999999997,gaussian,False,2.8647889756541165,5;15;25;35;45;55,results/paper5_structure2_alpha52_offset30_h7/structure2_br_bt.csv
0.17463209931458762,0.732982365469556,0.4462705555930999,0.023209136162408526,0.5106783515674461,0.04904435641138518,0.12,0.020000000000000025,2.6,gaussian,False,2.8647889756541165,5;15;25;35;45;55,results/paper5_structure2_alpha52_offset30_h7/structure2_br_bt.csv
0.2144860395924139,0.6968091331678771,0.4142291801659106,0.03021146511758321,0.5106783515674461,0.04904435641138518,0.24000000000000002,0.060000000000000026,2.4,gaussian,False,2.8647889756541165,5;15;25;35;45;55,results/paper5_structure2_alpha52_offset30_h7/structure2_br_bt.csv
0.19824692905851615,0.7140605932463018,0.4211125043676639,0.021649230795880093,0.5106783515674461,0.04904435641138518,0.32,0.020000000000000025,1.5999999999999999,gaussian,False,2.8647889756541165,5;15;25;35;45;55,results/paper5_structure2_alpha52_offset30_h7/structure2_br_bt.csv
0.18292043452815604,0.7305075559632733,0.4369413698955207,0.02273128126395001,0.5106783515674461,0.04904435641138518,0.16,0.020000000000000025,2.4,gaussian,False,2.8647889756541165,5;15;25;35;45;55,results/paper5_structure2_alpha52_offset30_h7/structure2_br_bt.csv
0.17816836621827653,0.7378300529777503,0.4443372472532927,0.023157667897520953,0.5106783515674461,0.04904435641138518,0.12,0.020000000000000025,2.8000000000000003,gaussian,False,2.8647889756541165,5;15;25;35;45;55,results/paper5_structure2_alpha52_offset30_h7/structure2_br_bt.csv
0.19834425364432842,0.7186612434813753,0.4215293624723923,0.021772353793698573,0.5106783515674461,0.04904435641138518,0.28,0.020000000000000025,1.7999999999999998,gaussian,False,2.8647889756541165,5;15;25;35;45;55,results/paper5_structure2_alpha52_offset30_h7/structure2_br_bt.csv
0.22743804828936312,0.6897766981625338,0.40556833796881087,0.039919493690307235,0.5106783515674461,0.04904435641138518,0.32,0.10000000000000003,1.9999999999999998,gaussian,False,2.8647889756541165,5;15;25;35;45;55,results/paper5_structure2_alpha52_offset30_h7/structure2_br_bt.csv
0.19015527991216463,0.7272354636928755,0.4295569845065209,0.02232380296736082,0.5106783515674461,0.04904435641138518,0.2,0.020000000000000025,2.1999999999999997,gaussian,False,2.8647889756541165,5;15;25;35;45;55,results/paper5_structure2_alpha52_offset30_h7/structure2_br_bt.csv
0.20460617619124957,0.7136069796195349,0.421899711166568,0.03082108233849195,0.5106783515674461,0.04904435641138518,0.2,0.060000000000000026,2.6,gaussian,False,2.8647889756541165,5;15;25;35;45;55,results/paper5_structure2_alpha52_offset30_h7/structure2_br_bt.csv
0.18156581441458466,0.7366549621917999,0.44260168068619904,0.03184716081457487,0.5106783515674461,0.04904435641138518,0.12,0.060000000000000026,3.0000000000000004,gaussian,False,2.8647889756541165,5;15;25;35;45;55,results/paper5_structure2_alpha52_offset30_h7/structure2_br_bt.csv
0.19550556119615453,0.7232146498645301,0.42436153284165223,0.021999923212588285,0.5106783515674461,0.04904435641138518,0.24000000000000002,0.020000000000000025,1.9999999999999998,gaussian,False,2.8647889756541165,5;15;25;35;45;55,results/paper5_structure2_alpha52_offset30_h7/structure2_br_bt.csv
0.19333540857388173,0.7267595620722416,0.43144856376477647,0.03136454755968355,0.5106783515674461,0.04904435641138518,0.16,0.060000000000000026,2.8000000000000003,gaussian,False,2.8647889756541165,5;15;25;35;45;55,results/paper5_structure2_alpha52_offset30_h7/structure2_br_bt.csv
0.24032034052106313,0.6799615874320568,0.398461293643012,0.029208152129912804,0.5106783515674461,0.04904435641138518,0.32,0.060000000000000026,2.1999999999999997,gaussian,False,2.8647889756541165,5;15;25;35;45;55,results/paper5_structure2_alpha52_offset30_h7/structure2_br_bt.csv
0.1854667010907152,0.7350655284424921,0.43000781109375696,0.05068081203265206,0.5106783515674461,0.04904435641138518,0.24000000000000002,0.14000000000000004,1.7999999999999998,gaussian,False,2.8647889756541165,5;15;25;35;45;55,results/paper5_structure2_alpha52_offset30_h7/structure2_br_bt.csv
0.1566574183049212,0.7664937234913137,0.47160743907495717,0.043701412065202616,0.5106783515674461,0.04904435641138518,0.04,0.10000000000000003,2.4,gaussian,False,2.8647889756541165,5;15;25;35;45;55,results/paper5_structure2_alpha52_offset30_h7/structure2_br_bt.csv
0.18136418346879718,0.7421082504169031,0.44261071312097205,0.02309770815983767,0.5106783515674461,0.04904435641138518,0.12,0.020000000000000025,3.0000000000000004,gaussian,False,2.8647889756541165,5;15;25;35;45;55,results/paper5_structure2_alpha52_offset30_h7/structure2_br_bt.csv
0.19050368797547765,0.7329908541477296,0.42954588614734557,0.0417006490893293,0.5106783515674461,0.04904435641138518,0.2,0.10000000000000003,2.1999999999999997,gaussian,False,2.8647889756541165,5;15;25;35;45;55,results/paper5_structure2_alpha52_offset30_h7/structure2_br_bt.csv
0.18828263841536635,0.7361472690797775,0.43405152685676995,0.022655582905983566,0.5106783515674461,0.04904435641138518,0.16,0.020000000000000025,2.6,gaussian,False,2.8647889756541165,5;15;25;35;45;55,results/paper5_structure2_alpha52_offset30_h7/structure2_br_bt.csv
0.21238315381374068,0.7167401191448796,0.41390327351907075,0.021323233854381774,0.5106783515674461,0.04904435641138518,0.36,0.020000000000000025,1.5999999999999999,gaussian,False,2.8647889756541165,5;15;25;35;45;55,results/paper5_structure2_alpha52_offset30_h7/structure2_br_bt.csv
0.16209018535565112,0.7688118529723992,0.45997326033707975,0.043405933655271435,0.5106783515674461,0.04904435641138518,0.08,0.10000000000000003,2.4,gaussian,False,2.8647889756541165,5;15;25;35;45;55,results/paper5_structure2_alpha52_offset30_h7/structure2_br_bt.csv
0.19762029157834837,0.7336712980927483,0.42554297083024517,0.022216082955300788,0.5106783515674461,0.04904435641138518,0.2,0.020000000000000025,2.4,gaussian,False,2.8647889756541165,5;15;25;35;45;55,results/paper5_structure2_alpha52_offset30_h7/structure2_br_bt.csv
0.2327532162683344,0.7005511780701541,0.40302189666167154,0.02984980890902986,0.5106783515674461,0.04904435641138518,0.28,0.060000000000000026,2.4,gaussian,False,2.8647889756541165,5;15;25;35;45;55,results/paper5_structure2_alpha52_offset30_h7/structure2_br_bt.csv
0.13566597924470525,0.7979220773009763,0.4637914294189427,0.06964834350137335,0.5106783515674461,0.04904435641138518,0.2,0.30000000000000004,0.8,gaussian,False,2.8647889756541165,5;15;25;35;45;55,results/paper5_structure2_alpha52_offset30_h7/structure2_br_bt.csv
0.13663262237079687,0.7971120670362433,0.4675226349712752,0.06970631039173839,0.5106783515674461,0.04904435641138518,0.16,0.30000000000000004,0.8,gaussian,False,2.8647889756541165,5;15;25;35;45;55,results/paper5_structure2_alpha52_offset30_h7/structure2_br_bt.csv
0.19314730606263758,0.7411870115433035,0.4314571073845231,0.02257420129384412,0.5106783515674461,0.04904435641138518,0.16,0.020000000000000025,2.8000000000000003,gaussian,False,2.8647889756541165,5;15;25;35;45;55,results/paper5_structure2_alpha52_offset30_h7/structure2_br_bt.csv
0.2131273437067661,0.721528938072346,0.41317356759031837,0.021394961797418052,0.5106783515674461,0.04904435641138518,0.32,0.020000000000000025,1.7999999999999998,gaussian,False,2.8647889756541165,5;15;25;35;45;55,results/paper5_structure2_alpha52_offset30_h7/structure2_br_bt.csv
0.13628628321587632,0.7987978892917021,0.4601523707165338,0.06959216768968128,0.5106783515674461,0.04904435641138518,0.24000000000000002,0.30000000000000004,0.8,gaussian,False,2.8647889756541165,5;15;25;35;45;55,results/paper5_structure2_alpha52_offset30_h7/structure2_br_bt.csv
0.1391531447984056,0.7963680592843614,0.47134379904704454,0.0697660638962881,0.5106783515674461,0.04904435641138518,0.12,0.30000000000000004,0.8,gaussian,False,2.8647889756541165,5;15;25;35;45;55,results/paper5_structure2_alpha52_offset30_h7/structure2_br_bt.csv
0.205307792482961,0.7303483707010456,0.4190816577173345,0.021850905084747664,0.5106783515674461,0.04904435641138518,0.24000000000000002,0.020000000000000025,2.1999999999999997,gaussian,False,2.8647889756541165,5;15;25;35;45;55,results/paper5_structure2_alpha52_offset30_h7/structure2_br_bt.csv
0.19877223044060047,0.7376400247866031,0.42151993932900883,0.050511774634617645,0.5106783515674461,0.04904435641138518,0.28,0.14000000000000004,1.7999999999999998,gaussian,False,2.8647889756541165,5;15;25;35;45;55,results/paper5_structure2_alpha52_offset30_h7/structure2_br_bt.csv
0.21065141096191928,0.7262280116752686,0.4149063731209017,0.021573157783747392,0.5106783515674461,0.04904435641138518,0.28,0.020000000000000025,1.9999999999999998,gaussian,False,2.8647889756541165,5;15;25;35;45;55,results/paper5_structure2_alpha52_offset30_h7/structure2_br_bt.csv
0.1517950708420271,0.7851255197176776,0.47515467188782246,0.060588966343500625,0.5106783515674461,0.04904435641138518,0.04,0.18000000000000005,1.5999999999999999,gaussian,False,2.8647889756541165,5;15;25;35;45;55,results/paper5_structure2_alpha52_offset30_h7/structure2_br_bt.csv
0.1510058293877382,0.7865396875568089,0.46709311578725426,0.060441196927256316,0.5106783515674461,0.04904435641138518,0.08,0.18000000000000005,1.5999999999999999,gaussian,False,2.8647889756541165,5;15;25;35;45;55,results/paper5_structure2_alpha52_offset30_h7/structure2_br_bt.csv
0.19772257280639804,0.7401619851825676,0.4291309073358303,0.031404314624526884,0.5106783515674461,0.04904435641138518,0.16,0.060000000000000026,3.0000000000000004,gaussian,False,2.8647889756541165,5;15;25;35;45;55,results/paper5_structure2_alpha52_offset30_h7/structure2_br_bt.csv
0.13847220912891,0.7997392868257208,0.45660766203736103,0.0695377872974086,0.5106783515674461,0.04904435641138518,0.28,0.30000000000000004,0.8,gaussian,False,2.8647889756541165,5;15;25;35;45;55,results/paper5_structure2_alpha52_offset30_h7/structure2_br_bt.csv
0.24502444587720557,0.6932702240415605,0.39637466806415744,0.039699957304572694,0.5106783515674461,0.04904435641138518,0.36,0.10000000000000003,1.9999999999999998,gaussian,False,2.8647889756541165,5;15;25;35;45;55,results/paper5_structure2_alpha52_offset30_h7/structure2_br_bt.csv
0.14314548738441088,0.7956902391917025,0.4752527517766894,0.06982759942844974,0.5106783515674461,0.04904435641138518,0.08,0.30000000000000004,0.8,gaussian,False,2.8647889756541165,5;15;25;35;45;55,results/paper5_structure2_alpha52_offset30_h7/structure2_br_bt.csv
0.2226977711084346,0.7173045538040873,0.40983753965172187,0.030431775773980218,0.5106783515674461,0.04904435641138518,0.24000000000000002,0.060000000000000026,2.6,gaussian,False,2.8647889756541165,5;15;25;35;45;55,results/paper5_structure2_alpha52_offset30_h7/structure2_br_bt.csv
0.15305983046273042,0.7880875663084759,0.4591352726124971,0.06029734852247055,0.5106783515674461,0.04904435641138518,0.12,0.18000000000000005,1.5999999999999999,gaussian,False,2.8647889756541165,5;15;25;35;45;55,results/paper5_structure2_alpha52_offset30_h7/structure2_br_bt.csv
0.21077313980250342,0.7303785208705091,0.4186343743968131,0.03094823825769949,0.5106783515674461,0.04904435641138518,0.2,0.060000000000000026,2.8000000000000003,gaussian,False,2.8647889756541165,5;15;25;35;45;55,results/paper5_structure2_alpha52_offset30_h7/structure2_br_bt.csv
0.20563249613022203,0.736019826449431,0.41907053371096337,0.04144686944340733,0.5106783515674461,0.04904435641138518,0.24000000000000002,0.10000000000000003,2.1999999999999997,gaussian,False,2.8647889756541165,5;15;25;35;45;55,results/paper5_structure2_alpha52_offset30_h7/structure2_br_bt.csv
0.17115088953622684,0.7713329432449658,0.4484116977989252,0.04311746287939693,0.5106783515674461,0.04904435641138518,0.12,0.10000000000000003,2.4,gaussian,False,2.8647889756541165,5;15;25;35;45;55,results/paper5_structure2_alpha52_offset30_h7/structure2_br_bt.csv
0.14215154958407022,0.8007460385860222,0.4531595174637755,0.0694852065399396,0.5106783515674461,0.04904435641138518,0.32,0.30000000000000004,0.8,gaussian,False,2.8647889756541165,5;15;25;35;45;55,results/paper5_structure2_alpha52_offset30_h7/structure2_br_bt.csv
0.19753568374257063,0.7456399016554894,0.4291400131765377,0.02248719173763851,0.5106783515674461,0.04904435641138518,0.16,0.020000000000000025,3.0000000000000004,gaussian,False,2.8647889756541165,5;15;25;35;45;55,results/paper5_structure2_alpha52_offset30_h7/structure2_br_bt.csv
0.2594203817279902,0.6839093858981914,0.3883402902019164,0.028883615957770423,0.5106783515674461,0.04904435641138518,0.36,0.060000000000000026,2.1999999999999997,gaussian,False,2.8647889756541165,5;15;25;35;45;55,results/paper5_structure2_alpha52_offset30_h7/structure2_br_bt.csv
0.1484909830583134,0.7950787760370778,0.47924734503607713,0.06989091228125882,0.5106783515674461,0.04904435641138518,0.04,0.30000000000000004,0.8,gaussian,False,2.8647889756541165,5;15;25;35;45;55,results/paper5_structure2_alpha52_offset30_h7/structure2_br_bt.csv
0.20443184030734163,0.7395352620889234,0.42190761824410006,0.022107207427630914,0.5106783515674461,0.04904435641138518,0.2,0.020000000000000025,2.6,gaussian,False,2.8647889756541165,5;15;25;35;45;55,results/paper5_structure2_alpha52_offset30_h7/structure2_br_bt.csv
0.15784611844622362,0.7897683697870621,0.4512866289179684,0.06015744925690051,0.5106783515674461,0.04904435641138518,0.16,0.18000000000000005,1.5999999999999999,gaussian,False,2.8647889756541165,5;15;25;35;45;55,results/paper5_structure2_alpha52_offset30_h7/structure2_br_bt.csv
0.14721237053024255,0.8018178983989835,0.44981015771809457,0.06943442950571417,0.5106783515674461,0.04904435641138518,0.36,0.30000000000000004,0.8,gaussian,False,2.8647889756541165,5;15;25;35;45;55,results/paper5_structure2_alpha52_offset30_h7/structure2_br_bt.csv
0.21432543302370705,0.7370411555100396,0.4142362926922214,0.02170659817958509,0.5106783515674461,0.04904435641138518,0.24000000000000002,0.020000000000000025,2.4,gaussian,False,2.8647889756541165,5;15;25;35;45;55,results/paper5_structure2_alpha52_offset30_h7/structure2_br_bt.csv
0.22907923193592167,0.7245524204074338,0.4049581141027045,0.021024650016554475,0.5106783515674461,0.04904435641138518,0.36,0.020000000000000025,1.7999999999999998,gaussian,False,2.8647889756541165,5;15;25;35;45;55,results/paper5_structure2_alpha52_offset30_h7/structure2_br_bt.csv
0.21352777374913817,0.7403691356875793,0.4131642344099936,0.050347954899860874,0.5106783515674461,0.04904435641138518,0.32,0.14000000000000004,1.7999999999999998,gaussian,False,2.8647889756541165,5;15;25;35;45;55,results/paper5_structure2_alpha52_offset30_h7/structure2_br_bt.csv
0.2105991503678833,0.744780700610913,0.4186429876727407,0.02199576797183243,0.5106783515674461,0.04904435641138518,0.2,0.020000000000000025,2.8000000000000003,gaussian,False,2.8647889756541165,5;15;25;35;45;55,results/paper5_structure2_alpha52_offset30_h7/structure2_br_bt.csv
0.22209836493736634,0.733650467751281,0.4087156494232333,0.0213842507324808,0.5106783515674461,0.04904435641138518,0.28,0.020000000000000025,2.1999999999999997,gaussian,False,2.8647889756541165,5;15;25;35;45;55,results/paper5_structure2_alpha52_offset30_h7/structure2_br_bt.csv
0.22716496798935973,0.7294137813812428,0.40557749227122986,0.02115311421370809,0.5106783515674461,0.04904435641138518,0.32,0.020000000000000025,1.9999999999999998,gaussian,False,2.8647889756541165,5;15;25;35;45;55,results/paper5_structure2_alpha52_offset30_h7/structure2_br_bt.csv
0.16512727433969576,0.7915812512561523,0.443552981576521,0.06002152674472897,0.5106783515674461,0.04904435641138518,0.2,0.18000000000000005,1.5999999999999999,gaussian,False,2.8647889756541165,5;15;25;35;45;55,results/paper5_structure2_alpha52_offset30_h7/structure2_br_bt.csv
0.25225299900737685,0.7045031902479972,0.3919225836056502,0.029496922346872196,0.5106783515674461,0.04904435641138518,0.32,0.060000000000000026,2.4,gaussian,False,2.8647889756541165,5;15;25;35;45;55,results/paper5_structure2_alpha52_offset30_h7/structure2_br_bt.csv
0.1833023270752453,0.7740550111870872,0.436928515988845,0.04283614131202387,0.5106783515674461,0.04904435641138518,0.16,0.10000000000000003,2.4,gaussian,False,2.8647889756541165,5;15;25;35;45;55,results/paper5_structure2_alpha52_offset30_h7/structure2_br_bt.csv
0.1577815494704898,0.8016506399827992,0.47089634041761835,0.04437299060006807,0.5106783515674461,0.04904435641138518,0.04,0.10000000000000003,2.6,gaussian,False,2.8647889756541165,5;15;25;35;45;55,results/paper5_structure2_alpha52_offset30_h7/structure2_br_bt.csv
0.2163279730224366,0.7439207434626862,0.4157178168970529,0.030970634836289847,0.5106783515674461,0.04904435641138518,0.2,0.060000000000000026,3.0000000000000004,gaussian,False,2.8647889756541165,5;15;25;35;45;55,results/paper5_structure2_alpha52_offset30_h7/structure2_br_bt.csv
0.22240037471889618,0.7392372561647605,0.40870450143722115,0.04120019528007331,0.5106783515674461,0.04904435641138518,0.28,0.10000000000000003,2.1999999999999997,gaussian,False,2.8647889756541165,5;15;25;35;45;55,results/paper5_structure2_alpha52_offset30_h7/structure2_br_bt.csv
0.24230755407722643,0.7212258126755419,0.3978646035041527,0.030051432329146102,0.5106783515674461,0.04904435641138518,0.28,0.060000000000000026,2.6,gaussian,False,2.8647889756541165,5;15;25;35;45;55,results/paper5_structure2_alpha52_offset30_h7/structure2_br_bt.csv
0.23012226727119947,0.7342351213018857,0.4058924550635135,0.0305410268638694,0.5106783515674461,0.04904435641138518,0.24000000000000002,0.060000000000000026,2.8000000000000003,gaussian,False,2.8647889756541165,5;15;25;35;45;55,results/paper5_structure2_alpha52_offset30_h7/structure2_br_bt.csv
0.15434783185957454,0.8110460244587271,0.4732507977026277,0.05362617948179542,0.5106783515674461,0.04904435641138518,0.04,0.14000000000000004,1.9999999999999998,gaussian,False,2.8647889756541165,5;15;25;35;45;55,results/paper5_structure2_alpha52_offset30_h7/structure2_br_bt.csv
0.21615557115108294,0.7494212085348655,0.4157269996271786,0.021881576321034567,0.5106783515674461,0.04904435641138518,0.2,0.020000000000000025,3.0000000000000004,gaussian,False,2.8647889756541165,5;15;25;35;45;55,results/paper5_structure2_alpha52_offset30_h7/structure2_br_bt.csv
0.22253639324704724,0.743143293307085,0.40984550733968284,0.021564404738374596,0.5106783515674461,0.04904435641138518,0.24000000000000002,0.020000000000000025,2.6,gaussian,False,2.8647889756541165,5;15;25;35;45;55,results/paper5_structure2_alpha52_offset30_h7/structure2_br_bt.csv
0.17459143898895332,0.7935253054833484,0.4359404507874722,0.05988960806229448,0.5106783515674461,0.04904435641138518,0.24000000000000002,0.18000000000000005,1.5999999999999999,gaussian,False,2.8647889756541165,5;15;25;35;45;55,results/paper5_structure2_alpha52_offset30_h7/structure2_br_bt.csv
0.16454176936819961,0.8040374416051759,0.458544416999806,0.04406368223004178,0.5106783515674461,0.04904435641138518,0.08,0.10000000000000003,2.6,gaussian,False,2.8647889756541165,5;15;25;35;45;55,results/paper5_structure2_alpha52_offset30_h7/structure2_br_bt.csv
0.15679387992741387,0.8128359100207383,0.46327648074957023,0.053419632235440474,0.5106783515674461,0.04904435641138518,0.08,0.14000000000000004,1.9999999999999998,gaussian,False,2.8647889756541165,5;15;25;35;45;55,results/paper5_structure2_alpha52_offset30_h7/structure2_br_bt.csv
0.22945376204644924,0.7432511579804091,0.4049488778014315,0.05018940392024073,0.5106783515674461,0.04904435641138518,0.36,0.14000000000000004,1.7999999999999998,gaussian,False,2.8647889756541165,5;15;25;35;45;55,results/paper5_structure2_alpha52_offset30_h7/structure2_br_bt.csv
0.23260421354703306,0.7406143146948094,0.4030290550410338,0.02120323880590619,0.5106783515674461,0.04904435641138518,0.28,0.020000000000000025,2.4,gaussian,False,2.8647889756541165,5;15;25;35;45;55,results/paper5_structure2_alpha52_offset30_h7/structure2_br_bt.csv
0.19797620199181715,0.7769759444780477,0.4255300604058688,0.04256211071514597,0.5106783515674461,0.04904435641138518,0.2,0.10000000000000003,2.4,gaussian,False,2.8647889756541165,5;15;25;35;45;55,results/paper5_structure2_alpha52_offset30_h7/structure2_br_bt.csv
0.24018370602384453,0.7371392123544882,0.3984674913758638,0.020924257645766334,0.5106783515674461,0.04904435641138518,0.32,0.020000000000000025,2.1999999999999997,gaussian,False,2.8647889756541165,5;15;25;35;45;55,results/paper5_structure2_alpha52_offset30_h7/structure2_br_bt.csv
0.1625536884397533,0.8147873488291942,0.45339286891755903,0.053218377270438495,0.5106783515674461,0.04904435641138518,0.12,0.14000000000000004,1.9999999999999998,gaussian,False,2.8647889756541165,5;15;25;35;45;55,results/paper5_structure2_alpha52_offset30_h7/structure2_br_bt.csv
0.24476956853886392,0.732769710318243,0.3963838063011058,0.020740200912405266,0.5106783515674461,0.04904435641138518,0.36,0.020000000000000025,1.9999999999999998,gaussian,False,2.8647889756541165,5;15;25;35;45;55,results/paper5_structure2_alpha52_offset30_h7/structure2_br_bt.csv
0.2299615785520493,0.7486077109161497,0.40590114084768203,0.02142277564413537,0.5106783515674461,0.04904435641138518,0.24000000000000002,0.020000000000000025,2.8000000000000003,gaussian,False,2.8647889756541165,5;15;25;35;45;55,results/paper5_structure2_alpha52_offset30_h7/structure2_br_bt.csv
0.1482942592434267,0.832758312196299,0.46911549817430304,0.06794009195461874,0.5106783515674461,0.04904435641138518,0.08,0.22000000000000006,1.4,gaussian,False,2.8647889756541165,5;15;25;35;45;55,results/paper5_structure2_alpha52_offset30_h7/structure2_br_bt.csv
0.27272111882823336,0.7086616569199599,0.3809406787873839,0.029153123891726897,0.5106783515674461,0.04904435641138518,0.36,0.060000000000000026,2.4,gaussian,False,2.8647889756541165,5;15;25;35;45;55,results/paper5_structure2_alpha52_offset30_h7/structure2_br_bt.csv
0.18590550992552127,0.795599570904027,0.4284554923702494,0.059761719723897294,0.5106783515674461,0.04904435641138518,0.28,0.18000000000000005,1.5999999999999999,gaussian,False,2.8647889756541165,5;15;25;35;45;55,results/paper5_structure2_alpha52_offset30_h7/structure2_br_bt.csv
0.1750457482074049,0.8066341269969995,0.4462561960276577,0.043761805682355,0.5106783515674461,0.04904435641138518,0.12,0.10000000000000003,2.6,gaussian,False,2.8647889756541165,5;15;25;35;45;55,results/paper5_structure2_alpha52_offset30_h7/structure2_br_bt.csv
0.15064176321061531,0.8316289770428233,0.4761658795413993,0.06805527530355913,0.5106783515674461,0.04904435641138518,0.04,0.22000000000000006,1.4,gaussian,False,2.8647889756541165,5;15;25;35;45;55,results/paper5_structure2_alpha52_offset30_h7/structure2_br_bt.csv
0.14847596904079355,0.8339984887937418,0.46217078216216184,0.0678280362943554,0.5106783515674461,0.04904435641138518,0.12,0.22000000000000006,1.4,gaussian,False,2.8647889756541165,5;15;25;35;45;55,results/paper5_structure2_alpha52_offset30_h7/structure2_br_bt.csv
0.2404646850648493,0.7426406938690321,0.39845632146682763,0.040960754971598706,0.5106783515674461,0.04904435641138518,0.32,0.10000000000000003,2.1999999999999997,gaussian,False,2.8647889756541165,5;15;25;35;45;55,results/paper5_structure2_alpha52_offset30_h7/structure2_br_bt.csv
0.23680556012998386,0.7479274417052975,0.40236817805410996,0.03054651186844422,0.5106783515674461,0.04904435641138518,0.24000000000000002,0.060000000000000026,3.0000000000000004,gaussian,False,2.8647889756541165,5;15;25;35;45;55,results/paper5_structure2_alpha52_offset30_h7/structure2_br_bt.csv
0.15117777282835335,0.835349013162727,0.4553365663008126,0.06771912384904467,0.5106783515674461,0.04904435641138518,0.16,0.22000000000000006,1.4,gaussian,False,2.8647889756541165,5;15;25;35;45;55,results/paper5_structure2_alpha52_offset30_h7/structure2_br_bt.csv
0.1588041859833666,0.828986074532576,0.4702583569348772,0.044802198915050544,0.5106783515674461,0.04904435641138518,0.04,0.10000000000000003,2.8000000000000003,gaussian,False,2.8647889756541165,5;15;25;35;45;55,results/paper5_structure2_alpha52_offset30_h7/structure2_br_bt.csv
0.1712933032193022,0.8168991831119078,0.4436060250210058,0.05302247484982926,0.5106783515674461,0.04904435641138518,0.16,0.14000000000000004,1.9999999999999998,gaussian,False,2.8647889756541165,5;15;25;35;45;55,results/paper5_structure2_alpha52_offset30_h7/structure2_br_bt.csv
0.2630962710763391,0.7253671285948656,0.3859892067450247,0.029680396583307542,0.5106783515674461,0.04904435641138518,0.32,0.060000000000000026,2.6,gaussian,False,2.8647889756541165,5;15;25;35;45;55,results/paper5_structure2_alpha52_offset30_h7/structure2_br_bt.csv
0.24215812786798158,0.7469681742328234,0.3978726336769489,0.021027606407441977,0.5106783515674461,0.04904435641138518,0.28,0.020000000000000025,2.6,gaussian,False,2.8647889756541165,5;15;25;35;45;55,results/paper5_structure2_alpha52_offset30_h7/structure2_br_bt.csv
0.2509410379031795,0.7383256394545995,0.39322983117677396,0.030143282096620216,0.5106783515674461,0.04904435641138518,0.28,0.060000000000000026,2.8000000000000003,gaussian,False,2.8647889756541165,5;15;25;35;45;55,results/paper5_structure2_alpha52_offset30_h7/structure2_br_bt.csv
0.23664661588394106,0.7534484122486341,0.4023774413396296,0.0212812803275757,0.5106783515674461,0.04904435641138518,0.24000000000000002,0.020000000000000025,3.0000000000000004,gaussian,False,2.8647889756541165,5;15;25;35;45;55,results/paper5_structure2_alpha52_offset30_h7/structure2_br_bt.csv
0.15626901218338918,0.8368093510335072,0.4486179006749664,0.06761336980807588,0.5106783515674461,0.04904435641138518,0.2,0.22000000000000006,1.4,gaussian,False,2.8647889756541165,5;15;25;35;45;55,results/paper5_structure2_alpha52_offset30_h7/structure2_br_bt.csv
0.21465583458353862,0.7800935092641644,0.41422332551093566,0.042295512802544045,0.5106783515674461,0.04904435641138518,0.24000000000000002,0.10000000000000003,2.4,gaussian,False,2.8647889756541165,5;15;25;35;45;55,results/paper5_structure2_alpha52_offset30_h7/structure2_br_bt.csv
0.252114589821006,0.7443878480274665,0.3919297884757547,0.02070645155181748,0.5106783515674461,0.04904435641138518,0.32,0.020000000000000025,2.4,gaussian,False,2.8647889756541165,5;15;25;35;45;55,results/paper5_structure2_alpha52_offset30_h7/structure2_br_bt.csv
0.19875381980772386,0.7978030318825231,0.42110490901171715,0.05963788765772509,0.5106783515674461,0.04904435641138518,0.32,0.18000000000000005,1.5999999999999999,gaussian,False,2.8647889756541165,5;15;25;35;45;55,results/paper5_structure2_alpha52_offset30_h7/structure2_br_bt.csv
0.18866922814631382,0.8094386762346335,0.4340370880614412,0.043467515796558075,0.5106783515674461,0.04904435641138518,0.16,0.10000000000000003,2.6,gaussian,False,2.8647889756541165,5;15;25;35;45;55,results/paper5_structure2_alpha52_offset30_h7/structure2_br_bt.csv
0.1667738173779196,0.8314440032029308,0.4572622343460472,0.04447952573076408,0.5106783515674461,0.04904435641138518,0.08,0.10000000000000003,2.8000000000000003,gaussian,False,2.8647889756541165,5;15;25;35;45;55,results/paper5_structure2_alpha52_offset30_h7/structure2_br_bt.csv
0.13522962014394158,0.864460472883167,0.4637913249048612,0.023138250084246324,0.5106783515674461,0.04904435641138518,0.2,-0.019999999999999976,0.8,gaussian,False,2.8647889756541165,5;15;25;35;45;55,results/paper5_structure2_alpha52_offset30_h7/structure2_br_bt.csv
0.13620161670987593,0.8636742862465611,0.46752270272501906,0.023308716709062576,0.5106783515674461,0.04904435641138518,0.16,-0.019999999999999976,0.8,gaussian,False,2.8647889756541165,5;15;25;35;45;55,results/paper5_structure2_alpha52_offset30_h7/structure2_br_bt.csv
0.2592930320095734,0.7408119675480664,0.3883465136123476,0.020471374866702707,0.5106783515674461,0.04904435641138518,0.36,0.020000000000000025,2.1999999999999997,gaussian,False,2.8647889756541165,5;15;25;35;45;55,results/paper5_structure2_alpha52_offset30_h7/structure2_br_bt.csv
0.13584965430222767,0.8653074471506248,0.4601520911962749,0.022972091034697266,0.5106783515674461,0.04904435641138518,0.24000000000000002,-0.019999999999999976,0.8,gaussian,False,2.8647889756541165,5;15;25;35;45;55,results/paper5_structure2_alpha52_offset30_h7/structure2_br_bt.csv
0.1387321853946028,0.8629490533818811,0.4713440362953635,0.023483397102911696,0.5106783515674461,0.04904435641138518,0.12,-0.019999999999999976,0.8,gaussian,False,2.8647889756541165,5;15;25;35;45;55,results/paper5_structure2_alpha52_offset30_h7/structure2_br_bt.csv
0.1825853309823289,0.8191701723632439,0.4339224967256642,0.05283198451578237,0.5106783515674461,0.04904435641138518,0.2,0.14000000000000004,1.9999999999999998,gaussian,False,2.8647889756541165,5;15;25;35;45;55,results/paper5_structure2_alpha52_offset30_h7/structure2_br_bt.csv
0.163526661119512,0.8383789285673735,0.4420200543760245,0.06751078901414588,0.5106783515674461,0.04904435641138518,0.24000000000000002,0.22000000000000006,1.4,gaussian,False,2.8647889756541165,5;15;25;35;45;55,results/paper5_structure2_alpha52_offset30_h7/structure2_br_bt.csv
0.250792460537956,0.7526644834203343,0.3932385924019839,0.020855672776005203,0.5106783515674461,0.04904435641138518,0.28,0.020000000000000025,2.8000000000000003,gaussian,False,2.8647889756541165,5;15;25;35;45;55,results/paper5_structure2_alpha52_offset30_h7/structure2_br_bt.csv
0.13804026812370387,0.8662150307367884,0.45660720481525646,0.02281033369460457,0.5106783515674461,0.04904435641138518,0.28,-0.019999999999999976,0.8,gaussian,False,2.8647889756541165,5;15;25;35;45;55,results/paper5_structure2_alpha52_offset30_h7/structure2_br_bt.csv
0.14273845583517494,0.8622849280863744,0.47525315571882487,0.023662197944617294,0.5106783515674461,0.04904435641138518,0.08,-0.019999999999999976,0.8,gaussian,False,2.8647889756541165,5;15;25;35;45;55,results/paper5_structure2_alpha52_offset30_h7/structure2_br_bt.csv
0.25955488384817754,0.7462275944988042,0.3883353242885287,0.04072867609977487,0.5106783515674461,0.04904435641138518,0.36,0.10000000000000003,2.1999999999999997,gaussian,False,2.8647889756541165,5;15;25;35;45;55,results/paper5_structure2_alpha52_offset30_h7/structure2_br_bt.csv
0.14432577669675925,0.8641073162922747,0.46523807653342464,0.07354835936245603,0.5106783515674461,0.04904435641138518,0.12,0.26000000000000006,1.2,gaussian,False,2.8647889756541165,5;15;25;35;45;55,results/paper5_structure2_alpha52_offset30_h7/structure2_br_bt.csv
0.14172865381835323,0.867183033342673,0.45315887989500614,0.022653072357177242,0.5106783515674461,0.04904435641138518,0.32,-0.019999999999999976,0.8,gaussian,False,2.8647889756541165,5;15;25;35;45;55,results/paper5_structure2_alpha52_offset30_h7/structure2_br_bt.csv
0.14589097806874993,0.8631128375488599,0.47116331378905074,0.07363680081361032,0.5106783515674461,0.04904435641138518,0.08,0.26000000000000006,1.2,gaussian,False,2.8647889756541165,5;15;25;35;45;55,results/paper5_structure2_alpha52_offset30_h7/structure2_br_bt.csv
0.15972695408154505,0.8494983116316808,0.4696887254036143,0.045009322268750075,0.5106783515674461,0.04904435641138518,0.04,0.10000000000000003,3.0000000000000004,gaussian,False,2.8647889756541165,5;15;25;35;45;55,results/paper5_structure2_alpha52_offset30_h7/structure2_br_bt.csv
0.14810071885013656,0.8616820516525939,0.4792479128507464,0.02384502654338974,0.5106783515674461,0.04904435641138518,0.04,-0.019999999999999976,0.8,gaussian,False,2.8647889756541165,5;15;25;35;45;55,results/paper5_structure2_alpha52_offset30_h7/structure2_br_bt.csv
0.1449946887984068,0.8651932784794725,0.4594202900609251,0.07346243532729178,0.5106783515674461,0.04904435641138518,0.16,0.26000000000000006,1.2,gaussian,False,2.8647889756541165,5;15;25;35;45;55,results/paper5_structure2_alpha52_offset30_h7/structure2_br_bt.csv
0.2587111516471979,0.7521781177451693,0.3890885219402777,0.030132349270092673,0.5106783515674461,0.04904435641138518,0.28,0.060000000000000026,3.0000000000000004,gaussian,False,2.8647889756541165,5;15;25;35;45;55,results/paper5_structure2_alpha52_offset30_h7/structure2_br_bt.csv
0.14962019505383548,0.8622101588020638,0.47719199923316097,0.07372775062132013,0.5106783515674461,0.04904435641138518,0.04,0.26000000000000006,1.2,gaussian,False,2.8647889756541165,5;15;25;35;45;55,results/paper5_structure2_alpha52_offset30_h7/structure2_br_bt.csv
0.1785845682521967,0.834119569410733,0.4443215604155856,0.04416471050348032,0.5106783515674461,0.04904435641138518,0.12,0.10000000000000003,2.8000000000000003,gaussian,False,2.8647889756541165,5;15;25;35;45;55,results/paper5_structure2_alpha52_offset30_h7/structure2_br_bt.csv
0.17267777269154158,0.8400571334486213,0.4355485180830295,0.06741139595356953,0.5106783515674461,0.04904435641138518,0.28,0.22000000000000006,1.4,gaussian,False,2.8647889756541165,5;15;25;35;45;55,results/paper5_structure2_alpha52_offset30_h7/structure2_br_bt.csv
0.2128587263203288,0.8001346210590219,0.41389586007519547,0.05951813718194311,0.5106783515674461,0.04904435641138518,0.36,0.18000000000000005,1.5999999999999999,gaussian,False,2.8647889756541165,5;15;25;35;45;55,results/paper5_structure2_alpha52_offset30_h7/structure2_br_bt.csv
0.2629576297634472,0.7510065916229925,0.3859973012340085,0.020497284180248994,0.5106783515674461,0.04904435641138518,0.32,0.020000000000000025,2.6,gaussian,False,2.8647889756541165,5;15;25;35;45;55,results/paper5_structure2_alpha52_offset30_h7/structure2_br_bt.csv
0.14786739790680195,0.8663703800975112,0.45371408778008115,0.07337903755151046,0.5106783515674461,0.04904435641138518,0.2,0.26000000000000006,1.2,gaussian,False,2.8647889756541165,5;15;25;35;45;55,results/paper5_structure2_alpha52_offset30_h7/structure2_br_bt.csv
0.2848058786802411,0.7297247549846959,0.37422063533988464,0.029319021908742273,0.5106783515674461,0.04904435641138518,0.36,0.060000000000000026,2.6,gaussian,False,2.8647889756541165,5;15;25;35;45;55,results/paper5_structure2_alpha52_offset30_h7/structure2_br_bt.csv
0.1468019606222288,0.8682112528777338,0.4498093372172147,0.022500401293917043,0.5106783515674461,0.04904435641138518,0.36,-0.019999999999999976,0.8,gaussian,False,2.8647889756541165,5;15;25;35;45;55,results/paper5_structure2_alpha52_offset30_h7/structure2_br_bt.csv
0.2728933056926615,0.7426462100607107,0.380654416204639,0.02975538358391355,0.5106783515674461,0.04904435641138518,0.32,0.060000000000000026,2.8000000000000003,gaussian,False,2.8647889756541165,5;15;25;35;45;55,results/paper5_structure2_alpha52_offset30_h7/structure2_br_bt.csv
0.139227244087078,0.876584667002141,0.4634903005635674,0.02321902754605783,0.5106783515674461,0.04904435641138518,0.16,-0.019999999999999976,1.0,gaussian,False,2.8647889756541165,5;15;25;35;45;55,results/paper5_structure2_alpha52_offset30_h7/structure2_br_bt.csv
0.14038813207087675,0.8756596065259014,0.46830266477570237,0.023438705621289482,0.5106783515674461,0.04904435641138518,0.12,-0.019999999999999976,1.0,gaussian,False,2.8647889756541165,5;15;25;35;45;55,results/paper5_structure2_alpha52_offset30_h7/structure2_br_bt.csv
0.25856433621181585,0.7577175920454771,0.3890978696281846,0.020686766845210904,0.5106783515674461,0.04904435641138518,0.28,0.020000000000000025,3.0000000000000004,gaussian,False,2.8647889756541165,5;15;25;35;45;55,results/paper5_structure2_alpha52_offset30_h7/structure2_br_bt.csv
0.23291070264835897,0.7834053580614673,0.4030160311317192,0.042036488990032816,0.5106783515674461,0.04904435641138518,0.28,0.10000000000000003,2.4,gaussian,False,2.8647889756541165,5;15;25;35;45;55,results/paper5_structure2_alpha52_offset30_h7/structure2_br_bt.csv
0.20479058796322808,0.8124489367017411,0.4218930982145028,0.04318096768834138,0.5106783515674461,0.04904435641138518,0.2,0.10000000000000003,2.6,gaussian,False,2.8647889756541165,5;15;25;35;45;55,results/paper5_structure2_alpha52_offset30_h7/structure2_br_bt.csv
0.13999812917565405,0.8775846911127432,0.4587809075088796,0.02300422012195137,0.5106783515674461,0.04904435641138518,0.2,-0.019999999999999976,1.0,gaussian,False,2.8647889756541165,5;15;25;35;45;55,results/paper5_structure2_alpha52_offset30_h7/structure2_br_bt.csv
0.19598909079795412,0.8215989968191788,0.42434935698594534,0.05264696501531686,0.5106783515674461,0.04904435641138518,0.24000000000000002,0.14000000000000004,1.9999999999999998,gaussian,False,2.8647889756541165,5;15;25;35;45;55,results/paper5_structure2_alpha52_offset30_h7/structure2_br_bt.csv
0.14343389614552246,0.8748097474931182,0.4732148586564296,0.02366311869703181,0.5106783515674461,0.04904435641138518,0.08,-0.019999999999999976,1.0,gaussian,False,2.8647889756541165,5;15;25;35;45;55,results/paper5_structure2_alpha52_offset30_h7/structure2_br_bt.csv
0.1528196733770486,0.8676382502071828,0.448123732297075,0.0732981746581546,0.5106783515674461,0.04904435641138518,0.24000000000000002,0.26000000000000006,1.2,gaussian,False,2.8647889756541165,5;15;25;35;45;55,results/paper5_structure2_alpha52_offset30_h7/structure2_br_bt.csv
0.16879114804040316,0.8520290378397568,0.45611731765030655,0.044673574193009914,0.5106783515674461,0.04904435641138518,0.08,0.10000000000000003,3.0000000000000004,gaussian,False,2.8647889756541165,5;15;25;35;45;55,results/paper5_structure2_alpha52_offset30_h7/structure2_br_bt.csv
0.2725922412012868,0.7483587244068685,0.38094793062246596,0.020216720914935784,0.5106783515674461,0.04904435641138518,0.36,0.020000000000000025,2.4,gaussian,False,2.8647889756541165,5;15;25;35;45;55,results/paper5_structure2_alpha52_offset30_h7/structure2_br_bt.csv
0.1426694769603887,0.8786594229038228,0.4541776887634612,0.022794421047819296,0.5106783515674461,0.04904435641138518,0.24000000000000002,-0.019999999999999976,1.0,gaussian,False,2.8647889756541165,5;15;25;35;45;55,results/paper5_structure2_alpha52_offset30_h7/structure2_br_bt.csv
0.1482484074365946,0.8740353092678155,0.4782238059403866,0.0238921333494864,0.5106783515674461,0.04904435641138518,0.04,-0.019999999999999976,1.0,gaussian,False,2.8647889756541165,5;15;25;35;45;55,results/paper5_structure2_alpha52_offset30_h7/structure2_br_bt.csv
0.1590512975892884,0.8633596514847902,0.4697154114039929,0.02413595725109488,0.5106783515674461,0.04904435641138518,0.04,-0.019999999999999976,3.0000000000000004,gaussian,False,2.8647889756541165,5;15;25;35;45;55,results/paper5_structure2_alpha52_offset30_h7/structure2_br_bt.csv
0.15813354481106898,0.8661137556304039,0.4702834092478077,0.024153063078244812,0.5106783515674461,0.04904435641138518,0.04,-0.019999999999999976,2.8000000000000003,gaussian,False,2.8647889756541165,5;15;25;35;45;55,results/paper5_structure2_alpha52_offset30_h7/structure2_br_bt.csv
0.18343919162278322,0.8418433160354327,0.4292090052727603,0.06731520474672016,0.5106783515674461,0.04904435641138518,0.32,0.22000000000000006,1.4,gaussian,False,2.8647889756541165,5;15;25;35;45;55,results/paper5_structure2_alpha52_offset30_h7/structure2_br_bt.csv
0.14355586807388504,0.8819964413798844,0.4652439606335661,0.02339254563900477,0.5106783515674461,0.04904435641138518,0.12,-0.019999999999999976,1.2,gaussian,False,2.8647889756541165,5;15;25;35;45;55,results/paper5_structure2_alpha52_offset30_h7/structure2_br_bt.csv
0.1571228135506045,0.8688914825813736,0.47091939057910737,0.0241585999433998,0.5106783515674461,0.04904435641138518,0.04,-0.019999999999999976,2.6,gaussian,False,2.8647889756541165,5;15;25;35;45;55,results/paper5_structure2_alpha52_offset30_h7/structure2_br_bt.csv
0.14513318877938497,0.8809540026187421,0.4711694304116517,0.02366304326059983,0.5106783515674461,0.04904435641138518,0.08,-0.019999999999999976,1.2,gaussian,False,2.8647889756541165,5;15;25;35;45;55,results/paper5_structure2_alpha52_offset30_h7/structure2_br_bt.csv
0.14713781276913865,0.879808588597511,0.44968390491994564,0.022589769866973343,0.5106783515674461,0.04904435641138518,0.28,-0.019999999999999976,1.0,gaussian,False,2.8647889756541165,5;15;25;35;45;55,results/paper5_structure2_alpha52_offset30_h7/structure2_br_bt.csv
0.14422451128354855,0.8831283948620411,0.4594259343189899,0.02312721935414468,0.5106783515674461,0.04904435641138518,0.16,-0.019999999999999976,1.2,gaussian,False,2.8647889756541165,5;15;25;35;45;55,results/paper5_structure2_alpha52_offset30_h7/structure2_br_bt.csv
0.1560191675883623,0.8716702478059943,0.47162812786971725,0.024151765914621495,0.5106783515674461,0.04904435641138518,0.04,-0.019999999999999976,2.4,gaussian,False,2.8647889756541165,5;15;25;35;45;55,results/paper5_structure2_alpha52_offset30_h7/structure2_br_bt.csv
0.15965812037527186,0.8689964915135653,0.44265361278646825,0.07321985504568139,0.5106783515674461,0.04904435641138518,0.28,0.26000000000000006,1.2,gaussian,False,2.8647889756541165,5;15;25;35;45;55,results/paper5_structure2_alpha52_offset30_h7/structure2_br_bt.csv
0.14888510783639902,0.8800013966927629,0.4771983412273937,0.023938536916340947,0.5106783515674461,0.04904435641138518,0.04,-0.019999999999999976,1.2,gaussian,False,2.8647889756541165,5;15;25;35;45;55,results/paper5_structure2_alpha52_offset30_h7/structure2_br_bt.csv
0.1548297982957711,0.8744168690757906,0.4724119593451099,0.024132980336371887,0.5106783515674461,0.04904435641138518,0.04,-0.019999999999999976,2.1999999999999997,gaussian,False,2.8647889756541165,5;15;25;35;45;55,results/paper5_structure2_alpha52_offset30_h7/structure2_br_bt.csv
0.2727555574012561,0.7569473239798962,0.38066325586545646,0.020294953081818744,0.5106783515674461,0.04904435641138518,0.32,0.020000000000000025,2.8000000000000003,gaussian,False,2.8647889756541165,5;15;25;35;45;55,results/paper5_structure2_alpha52_offset30_h7/structure2_br_bt.csv
0.14748523040465952,0.8829887405191534,0.4691249864055573,0.02366200355833748,0.5106783515674461,0.04904435641138518,0.08,-0.019999999999999976,1.4,gaussian,False,2.8647889756541165,5;15;25;35;45;55,results/paper5_structure2_alpha52_offset30_h7/structure2_br_bt.csv
0.19353448026359343,0.8370106860754072,0.4314413245623268,0.04385792244841657,0.5106783515674461,0.04904435641138518,0.16,0.10000000000000003,2.8000000000000003,gaussian,False,2.8647889756541165,5;15;25;35;45;55,results/paper5_structure2_alpha52_offset30_h7/structure2_br_bt.csv
0.15357306624824327,0.8770672520410686,0.47326916581054174,0.024104124592035328,0.5106783515674461,0.04904435641138518,0.04,-0.019999999999999976,1.9999999999999998,gaussian,False,2.8647889756541165,5;15;25;35;45;55,results/paper5_structure2_alpha52_offset30_h7/structure2_br_bt.csv
0.1471084962701605,0.8843495193329717,0.4537194847161065,0.022867244414192727,0.5106783515674461,0.04904435641138518,0.2,-0.019999999999999976,1.2,gaussian,False,2.8647889756541165,5;15;25;35;45;55,results/paper5_structure2_alpha52_offset30_h7/structure2_br_bt.csv
0.1498494806580343,0.8818487239940023,0.47617556141875045,0.02398409064146311,0.5106783515674461,0.04904435641138518,0.04,-0.019999999999999976,1.4,gaussian,False,2.8647889756541165,5;15;25;35;45;55,results/paper5_structure2_alpha52_offset30_h7/structure2_br_bt.csv
0.15228339764010246,0.8794799325171155,0.47419229682933156,0.02406822995629116,0.5106783515674461,0.04904435641138518,0.04,-0.019999999999999976,1.7999999999999998,gaussian,False,2.8647889756541165,5;15;25;35;45;55,results/paper5_structure2_alpha52_offset30_h7/structure2_br_bt.csv
0.14766380422514153,0.8842332732151799,0.4621800687142796,0.023345128731261038,0.5106783515674461,0.04904435641138518,0.12,-0.019999999999999976,1.4,gaussian,False,2.8647889756541165,5;15;25;35;45;55,results/paper5_structure2_alpha52_offset30_h7/structure2_br_bt.csv
0.1510159953442167,0.8813362332024456,0.47516737596848635,0.02402828261524631,0.5106783515674461,0.04904435641138518,0.04,-0.019999999999999976,1.5999999999999999,gaussian,False,2.8647889756541165,5;15;25;35;45;55,results/paper5_structure2_alpha52_offset30_h7/structure2_br_bt.csv
0.1502185113499038,0.8826728279100817,0.46710569110268857,0.023660070417085347,0.5106783515674461,0.04904435641138518,0.08,-0.019999999999999976,1.5999999999999999,gaussian,False,2.8647889756541165,5;15;25;35;45;55,results/paper5_structure2_alpha52_offset30_h7/structure2_br_bt.csv
0.13989294254260556,0.8940311452327001,0.4634882600476321,0.0770507170759576,0.5106783515674461,0.04904435641138518,0.16,0.30000000000000004,1.0,gaussian,False,2.8647889756541165,5;15;25;35;45;55,results/paper5_structure2_alpha52_offset30_h7/structure2_br_bt.csv
0.1681457477340409,0.8659797442885863,0.4561442045723008,0.023515412122203132,0.5106783515674461,0.04904435641138518,0.08,-0.019999999999999976,3.0000000000000004,gaussian,False,2.8647889756541165,5;15;25;35;45;55,results/paper5_structure2_alpha52_offset30_h7/structure2_br_bt.csv
0.1531192654787888,0.8810187552457722,0.4651493829613902,0.023655250177042283,0.5106783515674461,0.04904435641138518,0.08,-0.019999999999999976,1.7999999999999998,gaussian,False,2.8647889756541165,5;15;25;35;45;55,results/paper5_structure2_alpha52_offset30_h7/structure2_br_bt.csv
0.14104507994208118,0.8931801734506667,0.4683003882434946,0.07711876150086706,0.5106783515674461,0.04904435641138518,0.12,0.30000000000000004,1.0,gaussian,False,2.8647889756541165,5;15;25;35;45;55,results/paper5_structure2_alpha52_offset30_h7/structure2_br_bt.csv
0.15324602782352553,0.8810318969323672,0.44530286908492406,0.022390407737061,0.5106783515674461,0.04904435641138518,0.32,-0.019999999999999976,1.0,gaussian,False,2.8647889756541165,5;15;25;35;45;55,results/paper5_structure2_alpha52_offset30_h7/structure2_br_bt.csv
0.16612978901874034,0.8685819512830596,0.4572874717230267,0.023559362228711897,0.5106783515674461,0.04904435641138518,0.08,-0.019999999999999976,2.8000000000000003,gaussian,False,2.8647889756541165,5;15;25;35;45;55,results/paper5_structure2_alpha52_offset30_h7/structure2_br_bt.csv
0.156026810922045,0.8788083265334643,0.4632948534978894,0.023648698137804947,0.5106783515674461,0.04904435641138518,0.08,-0.019999999999999976,1.9999999999999998,gaussian,False,2.8647889756541165,5;15;25;35;45;55,results/paper5_structure2_alpha52_offset30_h7/structure2_br_bt.csv
0.1639052538885229,0.871195049529455,0.4585676265859737,0.023594638411996893,0.5106783515674461,0.04904435641138518,0.08,-0.019999999999999976,2.6,gaussian,False,2.8647889756541165,5;15;25;35;45;55,results/paper5_structure2_alpha52_offset30_h7/structure2_br_bt.csv
0.1588319285477781,0.8763551082415334,0.46157115736559473,0.023638086129977354,0.5106783515674461,0.04904435641138518,0.08,-0.019999999999999976,2.1999999999999997,gaussian,False,2.8647889756541165,5;15;25;35;45;55,results/paper5_structure2_alpha52_offset30_h7/structure2_br_bt.csv
0.16146904774936857,0.8737967713303622,0.45999407304904577,0.02362068688067444,0.5106783515674461,0.04904435641138518,0.08,-0.019999999999999976,2.4,gaussian,False,2.8647889756541165,5;15;25;35;45;55,results/paper5_structure2_alpha52_offset30_h7/structure2_br_bt.csv
0.21110271810999068,0.8241842610865999,0.41489424708495415,0.05246747422494403,0.5106783515674461,0.04904435641138518,0.28,0.14000000000000004,1.9999999999999998,gaussian,False,2.8647889756541165,5;15;25;35;45;55,results/paper5_structure2_alpha52_offset30_h7/structure2_br_bt.csv
0.1406634599939048,0.8949557725255806,0.45877910836549446,0.07698469466499422,0.5106783515674461,0.04904435641138518,0.2,0.30000000000000004,1.0,gaussian,False,2.8647889756541165,5;15;25;35;45;55,results/paper5_structure2_alpha52_offset30_h7/structure2_br_bt.csv
0.15037614347248973,0.8855818814438009,0.45534564281722084,0.023033681276579315,0.5106783515674461,0.04904435641138518,0.16,-0.019999999999999976,1.4,gaussian,False,2.8647889756541165,5;15;25;35;45;55,results/paper5_structure2_alpha52_offset30_h7/structure2_br_bt.csv
0.15227903883862762,0.8841288480669152,0.459147711829591,0.023297124463334585,0.5106783515674461,0.04904435641138518,0.12,-0.019999999999999976,1.5999999999999999,gaussian,False,2.8647889756541165,5;15;25;35;45;55,results/paper5_structure2_alpha52_offset30_h7/structure2_br_bt.csv
0.14407375397821376,0.8924030678873022,0.4732123514382493,0.07718882259231218,0.5106783515674461,0.04904435641138518,0.08,0.30000000000000004,1.0,gaussian,False,2.8647889756541165,5;15;25;35;45;55,results/paper5_structure2_alpha52_offset30_h7/structure2_br_bt.csv
0.18177928577011,0.8547857383205957,0.4425939402204952,0.04434610796117488,0.5106783515674461,0.04904435641138518,0.12,0.10000000000000003,3.0000000000000004,gaussian,False,2.8647889756541165,5;15;25;35;45;55,results/paper5_structure2_alpha52_offset30_h7/structure2_br_bt.csv
0.15208184414358897,0.8856594459527539,0.4481288742811874,0.02261280538995624,0.5106783515674461,0.04904435641138518,0.24000000000000002,-0.019999999999999976,1.2,gaussian,False,2.8647889756541165,5;15;25;35;45;55,results/paper5_structure2_alpha52_offset30_h7/structure2_br_bt.csv
0.28171182429288993,0.7566686598707384,0.3758862658716194,0.02972856333192645,0.5106783515674461,0.04904435641138518,0.32,0.060000000000000026,3.0000000000000004,gaussian,False,2.8647889756541165,5;15;25;35;45;55,results/paper5_structure2_alpha52_offset30_h7/structure2_br_bt.csv
0.22286842704269877,0.815662630826099,0.4098309041758634,0.042902316481897185,0.5106783515674461,0.04904435641138518,0.24000000000000002,0.10000000000000003,2.6,gaussian,False,2.8647889756541165,5;15;25;35;45;55,results/paper5_structure2_alpha52_offset30_h7/structure2_br_bt.csv
0.16815277534379097,0.8704446809712937,0.43730824122724615,0.07314408688380593,0.5106783515674461,0.04904435641138518,0.32,0.26000000000000006,1.2,gaussian,False,2.8647889756541165,5;15;25;35;45;55,results/paper5_structure2_alpha52_offset30_h7/structure2_br_bt.csv
0.14332562711724803,0.89595382729115,0.45417613636229043,0.07692069947456918,0.5106783515674461,0.04904435641138518,0.24000000000000002,0.30000000000000004,1.0,gaussian,False,2.8647889756541165,5;15;25;35;45;55,results/paper5_structure2_alpha52_offset30_h7/structure2_br_bt.csv
0.1955452388104122,0.8437367905648256,0.423007451801161,0.06722222913861381,0.5106783515674461,0.04904435641138518,0.36,0.22000000000000006,1.4,gaussian,False,2.8647889756541165,5;15;25;35;45;55,results/paper5_structure2_alpha52_offset30_h7/structure2_br_bt.csv
0.2523992488445543,0.7869090378357368,0.3919167081976671,0.0417851801320192,0.5106783515674461,0.04904435641138518,0.32,0.10000000000000003,2.4,gaussian,False,2.8647889756541165,5;15;25;35;45;55,results/paper5_structure2_alpha52_offset30_h7/structure2_br_bt.csv
0.1570732119484017,0.8826920858023841,0.45620482928156836,0.023247463217706908,0.5106783515674461,0.04904435641138518,0.12,-0.019999999999999976,1.7999999999999998,gaussian,False,2.8647889756541165,5;15;25;35;45;55,results/paper5_structure2_alpha52_offset30_h7/structure2_br_bt.csv
0.2846768603070118,0.7552551200890334,0.3742287958979653,0.019973953898495038,0.5106783515674461,0.04904435641138518,0.36,0.020000000000000025,2.6,gaussian,False,2.8647889756541165,5;15;25;35;45;55,results/paper5_structure2_alpha52_offset30_h7/structure2_br_bt.csv
0.1556632342398182,0.8843726863221998,0.4723899891959551,0.055364906089367054,0.5106783515674461,0.04904435641138518,0.04,0.14000000000000004,2.1999999999999997,gaussian,False,2.8647889756541165,5;15;25;35;45;55,results/paper5_structure2_alpha52_offset30_h7/structure2_br_bt.csv
0.14886447326930993,0.8917000216631207,0.4782210733291765,0.07726089486408207,0.5106783515674461,0.04904435641138518,0.04,0.30000000000000004,1.0,gaussian,False,2.8647889756541165,5;15;25;35;45;55,results/paper5_structure2_alpha52_offset30_h7/structure2_br_bt.csv
0.16180963517620078,0.8806990571870474,0.4534112428340414,0.02319831057751221,0.5106783515674461,0.04904435641138518,0.12,-0.019999999999999976,1.9999999999999998,gaussian,False,2.8647889756541165,5;15;25;35;45;55,results/paper5_structure2_alpha52_offset30_h7/structure2_br_bt.csv
0.15548970875839083,0.8870340905093409,0.44862675847266376,0.02272788431443737,0.5106783515674461,0.04904435641138518,0.2,-0.019999999999999976,1.4,gaussian,False,2.8647889756541165,5;15;25;35;45;55,results/paper5_structure2_alpha52_offset30_h7/structure2_br_bt.csv
0.15708515016420155,0.8857037046978662,0.45129892426003354,0.02293969471885239,0.5106783515674461,0.04904435641138518,0.16,-0.019999999999999976,1.5999999999999999,gaussian,False,2.8647889756541165,5;15;25;35;45;55,results/paper5_structure2_alpha52_offset30_h7/structure2_br_bt.csv
0.29572675438294005,0.7471928423624502,0.3681751463961514,0.029377721353226388,0.5106783515674461,0.04904435641138518,0.36,0.060000000000000026,2.8000000000000003,gaussian,False,2.8647889756541165,5;15;25;35;45;55,results/paper5_structure2_alpha52_offset30_h7/structure2_br_bt.csv
0.16080735974375945,0.8823290395224348,0.44103794120706025,0.022196477172568167,0.5106783515674461,0.04904435641138518,0.36,-0.019999999999999976,1.0,gaussian,False,2.8647889756541165,5;15;25;35;45;55,results/paper5_structure2_alpha52_offset30_h7/structure2_br_bt.csv
0.28157577380459586,0.7622246820508264,0.3758957019832896,0.0200985490191464,0.5106783515674461,0.04904435641138518,0.32,0.020000000000000025,3.0000000000000004,gaussian,False,2.8647889756541165,5;15;25;35;45;55,results/paper5_structure2_alpha52_offset30_h7/structure2_br_bt.csv
0.16633409599350307,0.8784581002362449,0.4508121788981703,0.023148039747041094,0.5106783515674461,0.04904435641138518,0.12,-0.019999999999999976,2.1999999999999997,gaussian,False,2.8647889756541165,5;15;25;35;45;55,results/paper5_structure2_alpha52_offset30_h7/structure2_br_bt.csv
0.1477772465791518,0.8970250644371632,0.4496826046301998,0.07685873656848037,0.5106783515674461,0.04904435641138518,0.28,0.30000000000000004,1.0,gaussian,False,2.8647889756541165,5;15;25;35;45;55,results/paper5_structure2_alpha52_offset30_h7/structure2_br_bt.csv
0.15964954084922153,0.8861901616403615,0.4615491283881951,0.05514715911484185,0.5106783515674461,0.04904435641138518,0.08,0.14000000000000004,2.1999999999999997,gaussian,False,2.8647889756541165,5;15;25;35;45;55,results/paper5_structure2_alpha52_offset30_h7/structure2_br_bt.csv
0.15894855326400303,0.8870577813165541,0.4426584920514935,0.022364091230621035,0.5106783515674461,0.04904435641138518,0.28,-0.019999999999999976,1.2,gaussian,False,2.8647889756541165,5;15;25;35;45;55,results/paper5_structure2_alpha52_offset30_h7/structure2_br_bt.csv
0.17055862167875405,0.8761029512616537,0.44843263746756384,0.023094258362463548,0.5106783515674461,0.04904435641138518,0.12,-0.019999999999999976,2.4,gaussian,False,2.8647889756541165,5;15;25;35;45;55,results/paper5_structure2_alpha52_offset30_h7/structure2_br_bt.csv
0.17444291201314974,0.8736928342168376,0.44627957052769635,0.02303514098924186,0.5106783515674461,0.04904435641138518,0.12,-0.019999999999999976,2.6,gaussian,False,2.8647889756541165,5;15;25;35;45;55,results/paper5_structure2_alpha52_offset30_h7/structure2_br_bt.csv
0.1639197564355339,0.8844991607855649,0.44736453563471656,0.022845147156222073,0.5106783515674461,0.04904435641138518,0.16,-0.019999999999999976,1.7999999999999998,gaussian,False,2.8647889756541165,5;15;25;35;45;55,results/paper5_structure2_alpha52_offset30_h7/structure2_br_bt.csv
0.1779780907369328,0.8712584469695644,0.4443469905095425,0.022969956556297955,0.5106783515674461,0.04904435641138518,0.12,-0.019999999999999976,2.8000000000000003,gaussian,False,2.8647889756541165,5;15;25;35;45;55,results/paper5_structure2_alpha52_offset30_h7/structure2_br_bt.csv
0.18117443246470438,0.8688216298420468,0.4426210374457199,0.022899010942988192,0.5106783515674461,0.04904435641138518,0.12,-0.019999999999999976,3.0000000000000004,gaussian,False,2.8647889756541165,5;15;25;35;45;55,results/paper5_structure2_alpha52_offset30_h7/structure2_br_bt.csv
0.17806676818887837,0.8719823704224627,0.43209224737887253,0.07307087810942749,0.5106783515674461,0.04904435641138518,0.36,0.26000000000000006,1.2,gaussian,False,2.8647889756541165,5;15;25;35;45;55,results/paper5_structure2_alpha52_offset30_h7/structure2_br_bt.csv
0.21095721666259917,0.8401151278566215,0.41862710546380266,0.043559331171851026,0.5106783515674461,0.04904435641138518,0.2,0.10000000000000003,2.8000000000000003,gaussian,False,2.8647889756541165,5;15;25;35;45;55,results/paper5_structure2_alpha52_offset30_h7/structure2_br_bt.csv
0.16277835879063304,0.8885893924718016,0.44202868444471033,0.02242796897307852,0.5106783515674461,0.04904435641138518,0.24000000000000002,-0.019999999999999976,1.4,gaussian,False,2.8647889756541165,5;15;25;35;45;55,results/paper5_structure2_alpha52_offset30_h7/structure2_br_bt.csv
0.1643962206063802,0.887396765108462,0.44356512480160476,0.022588043048116457,0.5106783515674461,0.04904435641138518,0.2,-0.019999999999999976,1.5999999999999999,gaussian,False,2.8647889756541165,5;15;25;35;45;55,results/paper5_structure2_alpha52_offset30_h7/structure2_br_bt.csv
0.15386307754411352,0.8981692221120524,0.44530182626024156,0.07679881086579797,0.5106783515674461,0.04904435641138518,0.32,0.30000000000000004,1.0,gaussian,False,2.8647889756541165,5;15;25;35;45;55,results/paper5_structure2_alpha52_offset30_h7/structure2_br_bt.csv
0.17058330400406171,0.8827384823602572,0.4436243961495397,0.02275326113904223,0.5106783515674461,0.04904435641138518,0.16,-0.019999999999999976,1.9999999999999998,gaussian,False,2.8647889756541165,5;15;25;35;45;55,results/paper5_structure2_alpha52_offset30_h7/structure2_br_bt.csv
0.22758581839556466,0.8269244979049647,0.4055654221380949,0.05229356907440315,0.5106783515674461,0.04904435641138518,0.32,0.14000000000000004,1.9999999999999998,gaussian,False,2.8647889756541165,5;15;25;35;45;55,results/paper5_structure2_alpha52_offset30_h7/structure2_br_bt.csv
0.1671198497205106,0.8881710984807581,0.45079009227224953,0.05493505022170079,0.5106783515674461,0.04904435641138518,0.12,0.14000000000000004,2.1999999999999997,gaussian,False,2.8647889756541165,5;15;25;35;45;55,results/paper5_structure2_alpha52_offset30_h7/structure2_br_bt.csv
0.19792036553889533,0.8577662343596356,0.4291231340180224,0.04402710837052159,0.5106783515674461,0.04904435641138518,0.16,0.10000000000000003,3.0000000000000004,gaussian,False,2.8647889756541165,5;15;25;35;45;55,results/paper5_structure2_alpha52_offset30_h7/structure2_br_bt.csv
0.16747589520489803,0.8885441080279488,0.437312849883676,0.022121295034444717,0.5106783515674461,0.04904435641138518,0.32,-0.019999999999999976,1.2,gaussian,False,2.8647889756541165,5;15;25;35;45;55,results/paper5_structure2_alpha52_offset30_h7/structure2_br_bt.csv
0.295598604702244,0.7614524179992463,0.3681840675217206,0.01974116048410575,0.5106783515674461,0.04904435641138518,0.36,0.020000000000000025,2.8000000000000003,gaussian,False,2.8647889756541165,5;15;25;35;45;55,results/paper5_structure2_alpha52_offset30_h7/structure2_br_bt.csv
0.17689153832678756,0.8807246648716248,0.44014102436104474,0.022663155663826075,0.5106783515674461,0.04904435641138518,0.16,-0.019999999999999976,2.1999999999999997,gaussian,False,2.8647889756541165,5;15;25;35;45;55,results/paper5_structure2_alpha52_offset30_h7/structure2_br_bt.csv
0.1531816092190345,0.9058219493893157,0.47417589134642507,0.06359196347767564,0.5106783515674461,0.04904435641138518,0.04,0.18000000000000005,1.7999999999999998,gaussian,False,2.8647889756541165,5;15;25;35;45;55,results/paper5_structure2_alpha52_offset30_h7/structure2_br_bt.csv
0.17331643711735886,0.8864391622505332,0.43863480587030934,0.022448596137194778,0.5106783515674461,0.04904435641138518,0.2,-0.019999999999999976,1.7999999999999998,gaussian,False,2.8647889756541165,5;15;25;35;45;55,results/paper5_structure2_alpha52_offset30_h7/structure2_br_bt.csv
0.16139836264052929,0.899386022017397,0.4410371611690961,0.07674092713897605,0.5106783515674461,0.04904435641138518,0.36,0.30000000000000004,1.0,gaussian,False,2.8647889756541165,5;15;25;35;45;55,results/paper5_structure2_alpha52_offset30_h7/structure2_br_bt.csv
0.1540174118202527,0.9072275761461016,0.46513307385000424,0.06343376568330114,0.5106783515674461,0.04904435641138518,0.08,0.18000000000000005,1.7999999999999998,gaussian,False,2.8647889756541165,5;15;25;35;45;55,results/paper5_structure2_alpha52_offset30_h7/structure2_br_bt.csv
0.18274559036696603,0.8785873728754623,0.43694958555362917,0.02257280573138236,0.5106783515674461,0.04904435641138518,0.16,-0.019999999999999976,2.4,gaussian,False,2.8647889756541165,5;15;25;35;45;55,results/paper5_structure2_alpha52_offset30_h7/structure2_br_bt.csv
0.24246552375917702,0.8190773640624956,0.39785794563207616,0.04263171702568266,0.5106783515674461,0.04904435641138518,0.28,0.10000000000000003,2.6,gaussian,False,2.8647889756541165,5;15;25;35;45;55,results/paper5_structure2_alpha52_offset30_h7/structure2_br_bt.csv
0.17196574719422303,0.8902472470075704,0.43555691108662564,0.02213417433950981,0.5106783515674461,0.04904435641138518,0.28,-0.019999999999999976,1.4,gaussian,False,2.8647889756541165,5;15;25;35;45;55,results/paper5_structure2_alpha52_offset30_h7/structure2_br_bt.csv
0.17389659143373662,0.8892073541151384,0.4359524331671385,0.022242443505792166,0.5106783515674461,0.04904435641138518,0.24000000000000002,-0.019999999999999976,1.5999999999999999,gaussian,False,2.8647889756541165,5;15;25;35;45;55,results/paper5_structure2_alpha52_offset30_h7/structure2_br_bt.csv
0.27285725855872744,0.7906019982017038,0.38093479473964564,0.041541726244808286,0.5106783515674461,0.04904435641138518,0.36,0.10000000000000003,2.4,gaussian,False,2.8647889756541165,5;15;25;35;45;55,results/paper5_structure2_alpha52_offset30_h7/structure2_br_bt.csv
0.18810574269850744,0.8763831760218368,0.4340606330646375,0.022480440988320277,0.5106783515674461,0.04904435641138518,0.16,-0.019999999999999976,2.6,gaussian,False,2.8647889756541165,5;15;25;35;45;55,results/paper5_structure2_alpha52_offset30_h7/structure2_br_bt.csv
0.15795356618879833,0.9087642828001407,0.45618862385805725,0.06327977525238618,0.5106783515674461,0.04904435641138518,0.12,0.18000000000000005,1.7999999999999998,gaussian,False,2.8647889756541165,5;15;25;35;45;55,results/paper5_structure2_alpha52_offset30_h7/structure2_br_bt.csv
0.18191559150816192,0.8849255739965681,0.4339408605672343,0.022313869230709903,0.5106783515674461,0.04904435641138518,0.2,-0.019999999999999976,1.9999999999999998,gaussian,False,2.8647889756541165,5;15;25;35;45;55,results/paper5_structure2_alpha52_offset30_h7/structure2_br_bt.csv
0.30556038550162457,0.7613948240588271,0.3627698603885157,0.02933558254177896,0.5106783515674461,0.04904435641138518,0.36,0.060000000000000026,3.0000000000000004,gaussian,False,2.8647889756541165,5;15;25;35;45;55,results/paper5_structure2_alpha52_offset30_h7/structure2_br_bt.csv
0.1929702048073029,0.8741413293373066,0.4314669553440791,0.022385185341768983,0.5106783515674461,0.04904435641138518,0.16,-0.019999999999999976,2.8000000000000003,gaussian,False,2.8647889756541165,5;15;25;35;45;55,results/paper5_structure2_alpha52_offset30_h7/structure2_br_bt.csv
0.1774245923991429,0.8901179853009081,0.4320965774323673,0.02188461377068962,0.5106783515674461,0.04904435641138518,0.36,-0.019999999999999976,1.2,gaussian,False,2.8647889756541165,5;15;25;35;45;55,results/paper5_structure2_alpha52_offset30_h7/structure2_br_bt.csv
0.17763515228050136,0.8903144057453994,0.44011888168688734,0.05472864496361792,0.5106783515674461,0.04904435641138518,0.16,0.14000000000000004,2.1999999999999997,gaussian,False,2.8647889756541165,5;15;25;35;45;55,results/paper5_structure2_alpha52_offset30_h7/structure2_br_bt.csv
0.1973597293229812,0.8718831393608523,0.42915045145532293,0.022287097547612277,0.5106783515674461,0.04904435641138518,0.16,-0.019999999999999976,3.0000000000000004,gaussian,False,2.8647889756541165,5;15;25;35;45;55,results/paper5_structure2_alpha52_offset30_h7/structure2_br_bt.csv
0.30543382607092096,0.7669654880220165,0.3627793891058064,0.01951719608144575,0.5106783515674461,0.04904435641138518,0.36,0.020000000000000025,3.0000000000000004,gaussian,False,2.8647889756541165,5;15;25;35;45;55,results/paper5_structure2_alpha52_offset30_h7/structure2_br_bt.csv
0.18999562113672744,0.8831535427482129,0.4295642389210677,0.02218377238940393,0.5106783515674461,0.04904435641138518,0.2,-0.019999999999999976,2.1999999999999997,gaussian,False,2.8647889756541165,5;15;25;35;45;55,results/paper5_structure2_alpha52_offset30_h7/structure2_br_bt.csv
0.18487481274446113,0.8885112194909741,0.43002237359407247,0.022058121086868214,0.5106783515674461,0.04904435641138518,0.24000000000000002,-0.019999999999999976,1.7999999999999998,gaussian,False,2.8647889756541165,5;15;25;35;45;55,results/paper5_structure2_alpha52_offset30_h7/structure2_br_bt.csv
0.2302922157851156,0.8434305391799117,0.40588515582226087,0.043269106367005525,0.5106783515674461,0.04904435641138518,0.24000000000000002,0.10000000000000003,2.8000000000000003,gaussian,False,2.8647889756541165,5;15;25;35;45;55,results/paper5_structure2_alpha52_offset30_h7/structure2_br_bt.csv
0.18276575686450475,0.8920070823144793,0.4292171515537258,0.021846747348604846,0.5106783515674461,0.04904435641138518,0.32,-0.019999999999999976,1.4,gaussian,False,2.8647889756541165,5;15;25;35;45;55,results/paper5_structure2_alpha52_offset30_h7/structure2_br_bt.csv
0.24516232405462937,0.8298181720183169,0.3963717988000227,0.052125305469672006,0.5106783515674461,0.04904435641138518,0.36,0.14000000000000004,1.9999999999999998,gaussian,False,2.8647889756541165,5;15;25;35;45;55,results/paper5_structure2_alpha52_offset30_h7/structure2_br_bt.csv
0.16476802841201432,0.9104314056069408,0.44734844179815836,0.06313002297347663,0.5106783515674461,0.04904435641138518,0.16,0.18000000000000005,1.7999999999999998,gaussian,False,2.8647889756541165,5;15;25;35;45;55,results/paper5_structure2_alpha52_offset30_h7/structure2_br_bt.csv
0.18524973924392069,0.8911347553417338,0.4284673046692348,0.021903182574423433,0.5106783515674461,0.04904435641138518,0.28,-0.019999999999999976,1.5999999999999999,gaussian,False,2.8647889756541165,5;15;25;35;45;55,results/paper5_structure2_alpha52_offset30_h7/structure2_br_bt.csv
0.21651036634921964,0.8609682017564947,0.41571000968120747,0.043716760763748065,0.5106783515674461,0.04904435641138518,0.2,0.10000000000000003,3.0000000000000004,gaussian,False,2.8647889756541165,5;15;25;35;45;55,results/paper5_structure2_alpha52_offset30_h7/structure2_br_bt.csv
0.19745727510003688,0.8812485286727263,0.4255512626562977,0.022056681902280724,0.5106783515674461,0.04904435641138518,0.2,-0.019999999999999976,2.4,gaussian,False,2.8647889756541165,5;15;25;35;45;55,results/paper5_structure2_alpha52_offset30_h7/structure2_br_bt.csv
0.19536175296695632,0.8872592401043512,0.4243677084329985,0.021880475689573884,0.5106783515674461,0.04904435641138518,0.24000000000000002,-0.019999999999999976,1.9999999999999998,gaussian,False,2.8647889756541165,5;15;25;35;45;55,results/paper5_structure2_alpha52_offset30_h7/structure2_br_bt.csv
0.19069238411299969,0.8926189138103517,0.42954204229083554,0.05452800811066315,0.5106783515674461,0.04904435641138518,0.2,0.14000000000000004,2.1999999999999997,gaussian,False,2.8647889756541165,5;15;25;35;45;55,results/paper5_structure2_alpha52_offset30_h7/structure2_br_bt.csv
0.2042676061098526,0.8792643074078702,0.42191681937433995,0.02193090243693084,0.5106783515674461,0.04904435641138518,0.2,-0.019999999999999976,2.6,gaussian,False,2.8647889756541165,5;15;25;35;45;55,results/paper5_structure2_alpha52_offset30_h7/structure2_br_bt.csv
0.2632427933226293,0.822690633062045,0.3859825267754271,0.04236932359191758,0.5106783515674461,0.04904435641138518,0.32,0.10000000000000003,2.6,gaussian,False,2.8647889756541165,5;15;25;35;45;55,results/paper5_structure2_alpha52_offset30_h7/structure2_br_bt.csv
0.17412319055450107,0.912228229549195,0.4386188321474014,0.06298453907651859,0.5106783515674461,0.04904435641138518,0.2,0.18000000000000005,1.7999999999999998,gaussian,False,2.8647889756541165,5;15;25;35;45;55,results/paper5_structure2_alpha52_offset30_h7/structure2_br_bt.csv
0.21043527337981352,0.8772285636104286,0.4186529452086109,0.021805421444793426,0.5106783515674461,0.04904435641138518,0.2,-0.019999999999999976,2.8000000000000003,gaussian,False,2.8647889756541165,5;15;25;35;45;55,results/paper5_structure2_alpha52_offset30_h7/structure2_br_bt.csv
0.19491050539449015,0.893868296057816,0.42301534138803426,0.021565942602243197,0.5106783515674461,0.04904435641138518,0.36,-0.019999999999999976,1.4,gaussian,False,2.8647889756541165,5;15;25;35;45;55,results/paper5_structure2_alpha52_offset30_h7/structure2_br_bt.csv
0.19821708701980564,0.8907144109085144,0.421534428434326,0.021674050397782904,0.5106783515674461,0.04904435641138518,0.28,-0.019999999999999976,1.7999999999999998,gaussian,False,2.8647889756541165,5;15;25;35;45;55,results/paper5_structure2_alpha52_offset30_h7/structure2_br_bt.csv
0.2051589399673249,0.8857433985851229,0.41908896757807285,0.021710254316262615,0.5106783515674461,0.04904435641138518,0.24000000000000002,-0.019999999999999976,2.1999999999999997,gaussian,False,2.8647889756541165,5;15;25;35;45;55,results/paper5_structure2_alpha52_offset30_h7/structure2_br_bt.csv
0.21599318466015952,0.8751619679688781,0.4157375577804383,0.021680051938732393,0.5106783515674461,0.04904435641138518,0.2,-0.019999999999999976,3.0000000000000004,gaussian,False,2.8647889756541165,5;15;25;35;45;55,results/paper5_structure2_alpha52_offset30_h7/structure2_br_bt.csv
0.19813743079657528,0.893178212576607,0.421116541468956,0.021570559336374955,0.5106783515674461,0.04904435641138518,0.32,-0.019999999999999976,1.5999999999999999,gaussian,False,2.8647889756541165,5;15;25;35;45;55,results/paper5_structure2_alpha52_offset30_h7/structure2_br_bt.csv
0.2510981226900384,0.8469544425219884,0.3932225011411133,0.04298741749014539,0.5106783515674461,0.04904435641138518,0.28,0.10000000000000003,2.8000000000000003,gaussian,False,2.8647889756541165,5;15;25;35;45;55,results/paper5_structure2_alpha52_offset30_h7/structure2_br_bt.csv
0.21417403554828598,0.8840848227089392,0.4142446630250756,0.02154626982025489,0.5106783515674461,0.04904435641138518,0.24000000000000002,-0.019999999999999976,2.4,gaussian,False,2.8647889756541165,5;15;25;35;45;55,results/paper5_structure2_alpha52_offset30_h7/structure2_br_bt.csv
0.18563533062983814,0.914153989821376,0.43000652918628807,0.06284335320574432,0.5106783515674461,0.04904435641138518,0.24000000000000002,0.18000000000000005,1.7999999999999998,gaussian,False,2.8647889756541165,5;15;25;35;45;55,results/paper5_structure2_alpha52_offset30_h7/structure2_br_bt.csv
0.21051712488682486,0.8897383273479204,0.4149125803486458,0.021453444048261435,0.5106783515674461,0.04904435641138518,0.28,-0.019999999999999976,1.9999999999999998,gaussian,False,2.8647889756541165,5;15;25;35;45;55,results/paper5_structure2_alpha52_offset30_h7/structure2_br_bt.csv
0.20580830466614988,0.8950833775794745,0.4190667196581233,0.054333203566044236,0.5106783515674461,0.04904435641138518,0.24000000000000002,0.14000000000000004,2.1999999999999997,gaussian,False,2.8647889756541165,5;15;25;35;45;55,results/paper5_structure2_alpha52_offset30_h7/structure2_br_bt.csv
0.1568950640754879,0.9441714469261835,0.47160275247952765,0.05675583735360125,0.5106783515674461,0.04904435641138518,0.04,0.14000000000000004,2.4,gaussian,False,2.8647889756541165,5;15;25;35;45;55,results/paper5_structure2_alpha52_offset30_h7/structure2_br_bt.csv
0.23697365182644525,0.8643891793175075,0.40236033591670456,0.04341525068359701,0.5106783515674461,0.04904435641138518,0.24000000000000002,0.10000000000000003,3.0000000000000004,gaussian,False,2.8647889756541165,5;15;25;35;45;55,results/paper5_structure2_alpha52_offset30_h7/structure2_br_bt.csv
0.2223843136570246,0.8823343593920682,0.40985480716205064,0.021386923210240796,0.5106783515674461,0.04904435641138518,0.24000000000000002,-0.019999999999999976,2.6,gaussian,False,2.8647889756541165,5;15;25;35;45;55,results/paper5_structure2_alpha52_offset30_h7/structure2_br_bt.csv
0.21300830728637862,0.8930477659608799,0.4131786424935411,0.021296730566426277,0.5106783515674461,0.04904435641138518,0.32,-0.019999999999999976,1.7999999999999998,gaussian,False,2.8647889756541165,5;15;25;35;45;55,results/paper5_structure2_alpha52_offset30_h7/structure2_br_bt.csv
0.21228036011476228,0.8953369311846562,0.4139073023867981,0.02124488556558955,0.5106783515674461,0.04904435641138518,0.36,-0.019999999999999976,1.5999999999999999,gaussian,False,2.8647889756541165,5;15;25;35;45;55,results/paper5_structure2_alpha52_offset30_h7/structure2_br_bt.csv
0.16232132390446743,0.9460274018885407,0.4599685883237309,0.05652755319068709,0.5106783515674461,0.04904435641138518,0.08,0.14000000000000004,2.4,gaussian,False,2.8647889756541165,5;15;25;35;45;55,results/paper5_structure2_alpha52_offset30_h7/structure2_br_bt.csv
0.22981016905166998,0.8805180003220172,0.4059112130857577,0.021231075078698668,0.5106783515674461,0.04904435641138518,0.24000000000000002,-0.019999999999999976,2.8000000000000003,gaussian,False,2.8647889756541165,5;15;25;35;45;55,results/paper5_structure2_alpha52_offset30_h7/structure2_br_bt.csv
0.2219598615150362,0.8884928246859671,0.40872301560231034,0.021242993663760527,0.5106783515674461,0.04904435641138518,0.28,-0.019999999999999976,2.1999999999999997,gaussian,False,2.8647889756541165,5;15;25;35;45;55,results/paper5_structure2_alpha52_offset30_h7/structure2_br_bt.csv
0.2849421868484066,0.8264998339694573,0.3742139337834806,0.04211528956031402,0.5106783515674461,0.04904435641138518,0.36,0.10000000000000003,2.6,gaussian,False,2.8647889756541165,5;15;25;35;45;55,results/paper5_structure2_alpha52_offset30_h7/structure2_br_bt.csv
0.1989303261302635,0.9162078733972301,0.42151872326707324,0.06270649439263051,0.5106783515674461,0.04904435641138518,0.28,0.18000000000000005,1.7999999999999998,gaussian,False,2.8647889756541165,5;15;25;35;45;55,results/paper5_structure2_alpha52_offset30_h7/structure2_br_bt.csv
0.23649683753170947,0.8786556827982522,0.4023881256751158,0.021078294690869564,0.5106783515674461,0.04904435641138518,0.24000000000000002,-0.019999999999999976,3.0000000000000004,gaussian,False,2.8647889756541165,5;15;25;35;45;55,results/paper5_structure2_alpha52_offset30_h7/structure2_br_bt.csv
0.2270396848100422,0.8923616237362125,0.4055837306679385,0.021033161803085454,0.5106783515674461,0.04904435641138518,0.32,-0.019999999999999976,1.9999999999999998,gaussian,False,2.8647889756541165,5;15;25;35;45;55,results/paper5_structure2_alpha52_offset30_h7/structure2_br_bt.csv
0.17137117779455416,0.9480505134232537,0.4484070418785739,0.056305260273092045,0.5106783515674461,0.04904435641138518,0.12,0.14000000000000004,2.4,gaussian,False,2.8647889756541165,5;15;25;35;45;55,results/paper5_structure2_alpha52_offset30_h7/structure2_br_bt.csv
0.2324637107978176,0.8870945750851822,0.4030375062009189,0.021041985136227386,0.5106783515674461,0.04904435641138518,0.28,-0.019999999999999976,2.4,gaussian,False,2.8647889756541165,5;15;25;35;45;55,results/paper5_structure2_alpha52_offset30_h7/structure2_br_bt.csv
0.22256384715016453,0.8977064796798058,0.4087007197280557,0.05414429428159267,0.5106783515674461,0.04904435641138518,0.28,0.14000000000000004,2.1999999999999997,gaussian,False,2.8647889756541165,5;15;25;35;45;55,results/paper5_structure2_alpha52_offset30_h7/structure2_br_bt.csv
0.27303888910512497,0.8506842468935186,0.38064705501216906,0.042714433417259,0.5106783515674461,0.04904435641138518,0.32,0.10000000000000003,2.8000000000000003,gaussian,False,2.8647889756541165,5;15;25;35;45;55,results/paper5_structure2_alpha52_offset30_h7/structure2_br_bt.csv
0.22896784172995321,0.895510267179661,0.40496319655437174,0.020926526763964115,0.5106783515674461,0.04904435641138518,0.36,-0.019999999999999976,1.7999999999999998,gaussian,False,2.8647889756541165,5;15;25;35;45;55,results/paper5_structure2_alpha52_offset30_h7/structure2_br_bt.csv
0.25886635522005164,0.8680265776251636,0.38908064390176333,0.04312276350379247,0.5106783515674461,0.04904435641138518,0.28,0.10000000000000003,3.0000000000000004,gaussian,False,2.8647889756541165,5;15;25;35;45;55,results/paper5_structure2_alpha52_offset30_h7/structure2_br_bt.csv
0.24201726095616644,0.8855913672011662,0.3978820360673762,0.020848938465471634,0.5106783515674461,0.04904435641138518,0.28,-0.019999999999999976,2.6,gaussian,False,2.8647889756541165,5;15;25;35;45;55,results/paper5_structure2_alpha52_offset30_h7/structure2_br_bt.csv
0.2400547947384174,0.8914003445213012,0.3984749146081975,0.020782412501684958,0.5106783515674461,0.04904435641138518,0.32,-0.019999999999999976,2.1999999999999997,gaussian,False,2.8647889756541165,5;15;25;35;45;55,results/paper5_structure2_alpha52_offset30_h7/structure2_br_bt.csv
0.21367564558837812,0.9183890206729727,0.41316308726693707,0.06257399102897865,0.5106783515674461,0.04904435641138518,0.32,0.18000000000000005,1.7999999999999998,gaussian,False,2.8647889756541165,5;15;25;35;45;55,results/paper5_structure2_alpha52_offset30_h7/structure2_br_bt.csv
0.183509308442467,0.9502397138748828,0.436923877845522,0.056089029834651936,0.5106783515674461,0.04904435641138518,0.16,0.14000000000000004,2.4,gaussian,False,2.8647889756541165,5;15;25;35;45;55,results/paper5_structure2_alpha52_offset30_h7/structure2_br_bt.csv
0.25065240572301173,0.8840073822580886,0.3932487847210862,0.020662598012403884,0.5106783515674461,0.04904435641138518,0.28,-0.019999999999999976,2.8000000000000003,gaussian,False,2.8647889756541165,5;15;25;35;45;55,results/paper5_structure2_alpha52_offset30_h7/structure2_br_bt.csv
0.1519776720189955,0.9837681013493442,0.47515440515445606,0.07219468177299894,0.5106783515674461,0.04904435641138518,0.04,0.22000000000000006,1.5999999999999999,gaussian,False,2.8647889756541165,5;15;25;35;45;55,results/paper5_structure2_alpha52_offset30_h7/structure2_br_bt.csv
0.15119020836155117,0.9848833648028805,0.4670929140560385,0.07207026082285647,0.5106783515674461,0.04904435641138518,0.08,0.22000000000000006,1.5999999999999999,gaussian,False,2.8647889756541165,5;15;25;35;45;55,results/paper5_structure2_alpha52_offset30_h7/structure2_br_bt.csv
0.15324255163486258,0.986106252376709,0.4591351381969408,0.07194921419487436,0.5106783515674461,0.04904435641138518,0.12,0.22000000000000006,1.5999999999999999,gaussian,False,2.8647889756541165,5;15;25;35;45;55,results/paper5_structure2_alpha52_offset30_h7/structure2_br_bt.csv
0.24465259112955856,0.895127861395406,0.39639007519554376,0.02062004166122611,0.5106783515674461,0.04904435641138518,0.36,-0.019999999999999976,1.9999999999999998,gaussian,False,2.8647889756541165,5;15;25;35;45;55,results/paper5_structure2_alpha52_offset30_h7/structure2_br_bt.csv
0.2584259232101657,0.8823617313240893,0.38910868685956634,0.020482291915794062,0.5106783515674461,0.04904435641138518,0.28,-0.019999999999999976,3.0000000000000004,gaussian,False,2.8647889756541165,5;15;25;35;45;55,results/paper5_structure2_alpha52_offset30_h7/structure2_br_bt.csv
0.24061672577957013,0.9004868337805165,0.3984525748931909,0.05396134217218903,0.5106783515674461,0.04904435641138518,0.32,0.14000000000000004,2.1999999999999997,gaussian,False,2.8647889756541165,5;15;25;35;45;55,results/paper5_structure2_alpha52_offset30_h7/structure2_br_bt.csv
0.25198403420552345,0.8902760265735769,0.3919383227346635,0.020544279068790926,0.5106783515674461,0.04904435641138518,0.32,-0.019999999999999976,2.4,gaussian,False,2.8647889756541165,5;15;25;35;45;55,results/paper5_structure2_alpha52_offset30_h7/structure2_br_bt.csv
0.15802409428241063,0.9874363642106139,0.45128656420834373,0.07183155894772601,0.5106783515674461,0.04904435641138518,0.16,0.22000000000000006,1.5999999999999999,gaussian,False,2.8647889756541165,5;15;25;35;45;55,results/paper5_structure2_alpha52_offset30_h7/structure2_br_bt.csv
0.15802701915236614,0.99107645201579,0.4708909759816562,0.0577722233553339,0.5106783515674461,0.04904435641138518,0.04,0.14000000000000004,2.6,gaussian,False,2.8647889756541165,5;15;25;35;45;55,results/paper5_structure2_alpha52_offset30_h7/structure2_br_bt.csv
0.22959202200425174,0.9206965271787992,0.4049478027950857,0.062445870840168664,0.5106783515674461,0.04904435641138518,0.36,0.18000000000000005,1.7999999999999998,gaussian,False,2.8647889756541165,5;15;25;35;45;55,results/paper5_structure2_alpha52_offset30_h7/structure2_br_bt.csv
0.2958621433828867,0.8546172564584101,0.3681677538489136,0.04245032208188086,0.5106783515674461,0.04904435641138518,0.36,0.10000000000000003,2.8000000000000003,gaussian,False,2.8647889756541165,5;15;25;35;45;55,results/paper5_structure2_alpha52_offset30_h7/structure2_br_bt.csv
0.1981690422672481,0.9525938581540174,0.4255254419189906,0.05587893225394945,0.5106783515674461,0.04904435641138518,0.2,0.14000000000000004,2.4,gaussian,False,2.8647889756541165,5;15;25;35;45;55,results/paper5_structure2_alpha52_offset30_h7/structure2_br_bt.csv
0.26282688185554315,0.8890332760778415,0.38600681015339194,0.0203174243915669,0.5106783515674461,0.04904435641138518,0.32,-0.019999999999999976,2.6,gaussian,False,2.8647889756541165,5;15;25;35;45;55,results/paper5_structure2_alpha52_offset30_h7/structure2_br_bt.csv
0.25917284523635076,0.894464416407864,0.38835399445936786,0.02032896483472937,0.5106783515674461,0.04904435641138518,0.36,-0.019999999999999976,2.1999999999999997,gaussian,False,2.8647889756541165,5;15;25;35;45;55,results/paper5_structure2_alpha52_offset30_h7/structure2_br_bt.csv
0.28185558953395135,0.8718776880177599,0.3758783510248654,0.04283948403667016,0.5106783515674461,0.04904435641138518,0.32,0.10000000000000003,3.0000000000000004,gaussian,False,2.8647889756541165,5;15;25;35;45;55,results/paper5_structure2_alpha52_offset30_h7/structure2_br_bt.csv
0.1652981649355106,0.9888732676296587,0.4435529890384063,0.07171731177251935,0.5106783515674461,0.04904435641138518,0.2,0.22000000000000006,1.5999999999999999,gaussian,False,2.8647889756541165,5;15;25;35;45;55,results/paper5_structure2_alpha52_offset30_h7/structure2_br_bt.csv
0.164778810011462,0.9929785212633602,0.4585390618858699,0.05753376849350766,0.5106783515674461,0.04904435641138518,0.08,0.14000000000000004,2.6,gaussian,False,2.8647889756541165,5;15;25;35;45;55,results/paper5_structure2_alpha52_offset30_h7/structure2_br_bt.csv
0.13519743213749358,1.0241138923076478,0.46379301884560975,0.026228539332324358,0.5106783515674461,0.04904435641138518,0.2,-0.05999999999999998,0.8,gaussian,False,2.8647889756541165,5;15;25;35;45;55,results/paper5_structure2_alpha52_offset30_h7/structure2_br_bt.csv
0.13616994058531445,1.023446284697244,0.46752440457532196,0.026378663648567564,0.5106783515674461,0.04904435641138518,0.16,-0.05999999999999998,0.8,gaussian,False,2.8647889756541165,5;15;25;35;45;55,results/paper5_structure2_alpha52_offset30_h7/structure2_br_bt.csv
0.2726256561073541,0.8876943515654239,0.3806735738916264,0.020100488234359604,0.5106783515674461,0.04904435641138518,0.32,-0.019999999999999976,2.8000000000000003,gaussian,False,2.8647889756541165,5;15;25;35;45;55,results/paper5_structure2_alpha52_offset30_h7/structure2_br_bt.csv
0.13581733038903968,1.0248329930469207,0.46015377676157043,0.02608245890129635,0.5106783515674461,0.04904435641138518,0.24000000000000002,-0.05999999999999998,0.8,gaussian,False,2.8647889756541165,5;15;25;35;45;55,results/paper5_structure2_alpha52_offset30_h7/structure2_br_bt.csv
0.13870136416529294,1.0228302710453598,0.4713457456036841,0.026532763208319154,0.5106783515674461,0.04904435641138518,0.12,-0.05999999999999998,0.8,gaussian,False,2.8647889756541165,5;15;25;35;45;55,results/paper5_structure2_alpha52_offset30_h7/structure2_br_bt.csv
0.2596965272570121,0.9034229880172022,0.3883316159204265,0.053784408029337594,0.5106783515674461,0.04904435641138518,0.36,0.14000000000000004,2.1999999999999997,gaussian,False,2.8647889756541165,5;15;25;35;45;55,results/paper5_structure2_alpha52_offset30_h7/structure2_br_bt.csv
0.13800817892903375,1.0256034786020178,0.4566088815250407,0.025940490673382437,0.5106783515674461,0.04904435641138518,0.28,-0.05999999999999998,0.8,gaussian,False,2.8647889756541165,5;15;25;35;45;55,results/paper5_structure2_alpha52_offset30_h7/structure2_br_bt.csv
0.14270876904902377,1.022265944622982,0.47525487204811995,0.026690769158282238,0.5106783515674461,0.04904435641138518,0.08,-0.05999999999999998,0.8,gaussian,False,2.8647889756541165,5;15;25;35;45;55,results/paper5_structure2_alpha52_offset30_h7/structure2_br_bt.csv
0.17475378823755652,0.99041649783194,0.4359405329593969,0.0716064889818529,0.5106783515674461,0.04904435641138518,0.24000000000000002,0.22000000000000006,1.5999999999999999,gaussian,False,2.8647889756541165,5;15;25;35;45;55,results/paper5_structure2_alpha52_offset30_h7/structure2_br_bt.csv
0.27247063598273397,0.8936273433498575,0.38095655016678065,0.020053641442807003,0.5106783515674461,0.04904435641138518,0.36,-0.019999999999999976,2.4,gaussian,False,2.8647889756541165,5;15;25;35;45;55,results/paper5_structure2_alpha52_offset30_h7/structure2_br_bt.csv
0.1545687778916499,1.0116802962811484,0.47324857854508245,0.06630321187897299,0.5106783515674461,0.04904435641138518,0.04,0.18000000000000005,1.9999999999999998,gaussian,False,2.8647889756541165,5;15;25;35;45;55,results/paper5_structure2_alpha52_offset30_h7/structure2_br_bt.csv
0.2814474492569045,0.886277449873292,0.37590665924531447,0.019892560851034802,0.5106783515674461,0.04904435641138518,0.32,-0.019999999999999976,3.0000000000000004,gaussian,False,2.8647889756541165,5;15;25;35;45;55,results/paper5_structure2_alpha52_offset30_h7/structure2_br_bt.csv
0.14169712879405882,1.0264252332569916,0.4531605472553391,0.025802702525537322,0.5106783515674461,0.04904435641138518,0.32,-0.05999999999999998,0.8,gaussian,False,2.8647889756541165,5;15;25;35;45;55,results/paper5_structure2_alpha52_offset30_h7/structure2_br_bt.csv
0.1480723665831382,1.0217533910725087,0.4792496357785315,0.02685261254068562,0.5106783515674461,0.04904435641138518,0.04,-0.05999999999999998,0.8,gaussian,False,2.8647889756541165,5;15;25;35;45;55,results/paper5_structure2_alpha52_offset30_h7/structure2_br_bt.csv
0.2148347962108335,0.9551117266086232,0.4142187287806336,0.055675036960630996,0.5106783515674461,0.04904435641138518,0.24000000000000002,0.14000000000000004,2.4,gaussian,False,2.8647889756541165,5;15;25;35;45;55,results/paper5_structure2_alpha52_offset30_h7/structure2_br_bt.csv
0.15701248936052853,1.0130972055406444,0.4632743115198616,0.06613558314626695,0.5106783515674461,0.04904435641138518,0.08,0.18000000000000005,1.9999999999999998,gaussian,False,2.8647889756541165,5;15;25;35;45;55,results/paper5_structure2_alpha52_offset30_h7/structure2_br_bt.csv
0.1752701265491866,0.9950528137016559,0.44625085151491567,0.05730166656166475,0.5106783515674461,0.04904435641138518,0.12,0.14000000000000004,2.6,gaussian,False,2.8647889756541165,5;15;25;35;45;55,results/paper5_structure2_alpha52_offset30_h7/structure2_br_bt.csv
0.14677126355496586,1.0272981339785645,0.4498109947206344,0.025669161771947287,0.5106783515674461,0.04904435641138518,0.36,-0.05999999999999998,0.8,gaussian,False,2.8647889756541165,5;15;25;35;45;55,results/paper5_structure2_alpha52_offset30_h7/structure2_br_bt.csv
0.2845551416443802,0.8926579472010643,0.3742384153622787,0.019792902281140615,0.5106783515674461,0.04904435641138518,0.36,-0.019999999999999976,2.6,gaussian,False,2.8647889756541165,5;15;25;35;45;55,results/paper5_structure2_alpha52_offset30_h7/structure2_br_bt.csv
0.16276562840844908,1.0146450207973934,0.453390752236431,0.0659724442437798,0.5106783515674461,0.04904435641138518,0.12,0.18000000000000005,1.9999999999999998,gaussian,False,2.8647889756541165,5;15;25;35;45;55,results/paper5_structure2_alpha52_offset30_h7/structure2_br_bt.csv
0.18605865712394198,0.9920655586204252,0.42845565186029105,0.07149910649899811,0.5106783515674461,0.04904435641138518,0.28,0.22000000000000006,1.5999999999999999,gaussian,False,2.8647889756541165,5;15;25;35;45;55,results/paper5_structure2_alpha52_offset30_h7/structure2_br_bt.csv
0.3056940662162308,0.8759396917138836,0.3627619079361652,0.04256559611813131,0.5106783515674461,0.04904435641138518,0.36,0.10000000000000003,3.0000000000000004,gaussian,False,2.8647889756541165,5;15;25;35;45;55,results/paper5_structure2_alpha52_offset30_h7/structure2_br_bt.csv
0.1484569971171717,1.0347948077841707,0.4691162545313954,0.07895550539670142,0.5106783515674461,0.04904435641138518,0.08,0.26000000000000006,1.4,gaussian,False,2.8647889756541165,5;15;25;35;45;55,results/paper5_structure2_alpha52_offset30_h7/structure2_br_bt.csv
0.14863919204676157,1.0357824666383668,0.46217160726042145,0.07885876749061292,0.5106783515674461,0.04904435641138518,0.12,0.26000000000000006,1.4,gaussian,False,2.8647889756541165,5;15;25;35;45;55,results/paper5_structure2_alpha52_offset30_h7/structure2_br_bt.csv
0.15080129353050742,1.0338968478248585,0.47616656900985654,0.07905497624657197,0.5106783515674461,0.04904435641138518,0.04,0.26000000000000006,1.4,gaussian,False,2.8647889756541165,5;15;25;35;45;55,results/paper5_structure2_alpha52_offset30_h7/structure2_br_bt.csv
0.15905424524210549,1.026358534615102,0.47025239970135524,0.05842211648633142,0.5106783515674461,0.04904435641138518,0.04,0.14000000000000004,2.8000000000000003,gaussian,False,2.8647889756541165,5;15;25;35;45;55,results/paper5_structure2_alpha52_offset30_h7/structure2_br_bt.csv
0.18887885503016355,0.9972982547041002,0.4340317555995158,0.05707599506322787,0.5106783515674461,0.04904435641138518,0.16,0.14000000000000004,2.6,gaussian,False,2.8647889756541165,5;15;25;35;45;55,results/paper5_structure2_alpha52_offset30_h7/structure2_br_bt.csv
0.2954777037599507,0.8915764569761612,0.3681945171145118,0.01954529510930023,0.5106783515674461,0.04904435641138518,0.36,-0.019999999999999976,2.8000000000000003,gaussian,False,2.8647889756541165,5;15;25;35;45;55,results/paper5_structure2_alpha52_offset30_h7/structure2_br_bt.csv
0.17149545482880849,1.0163231439594163,0.4436039636803151,0.06581382855960831,0.5106783515674461,0.04904435641138518,0.16,0.18000000000000005,1.9999999999999998,gaussian,False,2.8647889756541165,5;15;25;35;45;55,results/paper5_structure2_alpha52_offset30_h7/structure2_br_bt.csv
0.15133875375551598,1.0368595680598798,0.4553374620201675,0.078764772598009,0.5106783515674461,0.04904435641138518,0.16,0.26000000000000006,1.4,gaussian,False,2.8647889756541165,5;15;25;35;45;55,results/paper5_structure2_alpha52_offset30_h7/structure2_br_bt.csv
0.2330766554902667,0.9577920280325302,0.40301145850762615,0.05547741234025738,0.5106783515674461,0.04904435641138518,0.28,0.14000000000000004,2.4,gaussian,False,2.8647889756541165,5;15;25;35;45;55,results/paper5_structure2_alpha52_offset30_h7/structure2_br_bt.csv
0.1988977010757311,0.9938199231762621,0.42110514849288677,0.07139517984722293,0.5106783515674461,0.04904435641138518,0.32,0.22000000000000006,1.5999999999999999,gaussian,False,2.8647889756541165,5;15;25;35;45;55,results/paper5_structure2_alpha52_offset30_h7/structure2_br_bt.csv
0.1564254036942971,1.03802583362008,0.44861886891817593,0.07867353055050413,0.5106783515674461,0.04904435641138518,0.2,0.26000000000000006,1.4,gaussian,False,2.8647889756541165,5;15;25;35;45;55,results/paper5_structure2_alpha52_offset30_h7/structure2_br_bt.csv
0.16701378854410653,1.028312344102711,0.45725628344935426,0.058173655887939615,0.5106783515674461,0.04904435641138518,0.08,0.14000000000000004,2.8000000000000003,gaussian,False,2.8647889756541165,5;15;25;35;45;55,results/paper5_structure2_alpha52_offset30_h7/structure2_br_bt.csv
0.30531439677989947,0.8904000722482261,0.3627904939638353,0.019309676132449737,0.5106783515674461,0.04904435641138518,0.36,-0.019999999999999976,3.0000000000000004,gaussian,False,2.8647889756541165,5;15;25;35;45;55,results/paper5_structure2_alpha52_offset30_h7/structure2_br_bt.csv
0.1391712248502203,1.060299136701462,0.46349270236864093,0.02701118079541393,0.5106783515674461,0.04904435641138518,0.16,-0.05999999999999998,1.0,gaussian,False,2.8647889756541165,5;15;25;35;45;55,results/paper5_structure2_alpha52_offset30_h7/structure2_br_bt.csv
0.1403329872928357,1.0595285834641408,0.46830507402233523,0.027199696366282805,0.5106783515674461,0.04904435641138518,0.12,-0.05999999999999998,1.0,gaussian,False,2.8647889756541165,5;15;25;35;45;55,results/paper5_structure2_alpha52_offset30_h7/structure2_br_bt.csv
0.18277594350028065,1.0181309306911817,0.4339204936993762,0.06565976887426148,0.5106783515674461,0.04904435641138518,0.2,0.18000000000000005,1.9999999999999998,gaussian,False,2.8647889756541165,5;15;25;35;45;55,results/paper5_structure2_alpha52_offset30_h7/structure2_br_bt.csv
0.13994200633461495,1.0611319329528437,0.4587833011788783,0.026827315888075215,0.5106783515674461,0.04904435641138518,0.2,-0.05999999999999998,1.0,gaussian,False,2.8647889756541165,5;15;25;35;45;55,results/paper5_structure2_alpha52_offset30_h7/structure2_br_bt.csv
0.1433803250994335,1.0588204091323643,0.47321727468344504,0.02739276658398879,0.5106783515674461,0.04904435641138518,0.08,-0.05999999999999998,1.0,gaussian,False,2.8647889756541165,5;15;25;35;45;55,results/paper5_structure2_alpha52_offset30_h7/structure2_br_bt.csv
0.1636767393683886,1.0392809631430204,0.442021097063307,0.07858505093676317,0.5106783515674461,0.04904435641138518,0.24000000000000002,0.26000000000000006,1.4,gaussian,False,2.8647889756541165,5;15;25;35;45;55,results/paper5_structure2_alpha52_offset30_h7/structure2_br_bt.csv
0.1426140009061933,1.0620268257933259,0.4541800735720097,0.026648197909166057,0.5106783515674461,0.04904435641138518,0.24000000000000002,-0.05999999999999998,1.0,gaussian,False,2.8647889756541165,5;15;25;35;45;55,results/paper5_structure2_alpha52_offset30_h7/structure2_br_bt.csv
0.20498504842940715,0.9997136910291647,0.42188777944875944,0.056856830567705276,0.5106783515674461,0.04904435641138518,0.2,0.14000000000000004,2.6,gaussian,False,2.8647889756541165,5;15;25;35;45;55,results/paper5_structure2_alpha52_offset30_h7/structure2_br_bt.csv
0.14446376957063606,1.0610959675011913,0.4652395307690654,0.08382660480137592,0.5106783515674461,0.04904435641138518,0.12,0.30000000000000004,1.2,gaussian,False,2.8647889756541165,5;15;25;35;45;55,results/paper5_structure2_alpha52_offset30_h7/structure2_br_bt.csv
0.14602695010801853,1.060294356958231,0.47116470594783644,0.08390445879181964,0.5106783515674461,0.04904435641138518,0.08,0.30000000000000004,1.2,gaussian,False,2.8647889756541165,5;15;25;35;45;55,results/paper5_structure2_alpha52_offset30_h7/structure2_br_bt.csv
0.14819696601339294,1.058174738945776,0.47822622811831683,0.02759029583174639,0.5106783515674461,0.04904435641138518,0.04,-0.05999999999999998,1.0,gaussian,False,2.8647889756541165,5;15;25;35;45;55,results/paper5_structure2_alpha52_offset30_h7/structure2_br_bt.csv
0.14513259076659382,1.0619724348706692,0.4594218076200038,0.0837509799845104,0.5106783515674461,0.04904435641138518,0.16,0.30000000000000004,1.2,gaussian,False,2.8647889756541165,5;15;25;35;45;55,results/paper5_structure2_alpha52_offset30_h7/structure2_br_bt.csv
0.21299366495441963,0.9956790348708418,0.4138961822794346,0.07129472413927214,0.5106783515674461,0.04904435641138518,0.36,0.22000000000000006,1.5999999999999999,gaussian,False,2.8647889756541165,5;15;25;35;45;55,results/paper5_structure2_alpha52_offset30_h7/structure2_br_bt.csv
0.17881041182277696,1.0304444766261844,0.44431561696827826,0.057931917342747434,0.5106783515674461,0.04904435641138518,0.12,0.14000000000000004,2.8000000000000003,gaussian,False,2.8647889756541165,5;15;25;35;45;55,results/paper5_structure2_alpha52_offset30_h7/structure2_br_bt.csv
0.14975225280609067,1.0595677731394422,0.47719333056833996,0.08398453575648411,0.5106783515674461,0.04904435641138518,0.04,0.30000000000000004,1.2,gaussian,False,2.8647889756541165,5;15;25;35;45;55,results/paper5_structure2_alpha52_offset30_h7/structure2_br_bt.csv
0.1470836298806004,1.0629836583913654,0.4496862801074166,0.026473923209548417,0.5106783515674461,0.04904435641138518,0.28,-0.05999999999999998,1.0,gaussian,False,2.8647889756541165,5;15;25;35;45;55,results/paper5_structure2_alpha52_offset30_h7/structure2_br_bt.csv
0.1480031577705253,1.062923573889964,0.45371566989773027,0.08367759038516566,0.5106783515674461,0.04904435641138518,0.2,0.30000000000000004,1.2,gaussian,False,2.8647889756541165,5;15;25;35;45;55,results/paper5_structure2_alpha52_offset30_h7/structure2_br_bt.csv
0.15997895620969235,1.0515976925335213,0.46968226499618526,0.05873783729362378,0.5106783515674461,0.04904435641138518,0.04,0.14000000000000004,3.0000000000000004,gaussian,False,2.8647889756541165,5;15;25;35;45;55,results/paper5_structure2_alpha52_offset30_h7/structure2_br_bt.csv
0.25255332571132905,0.9606334027946565,0.3919121623115978,0.05528612563791585,0.5106783515674461,0.04904435641138518,0.32,0.14000000000000004,2.4,gaussian,False,2.8647889756541165,5;15;25;35;45;55,results/paper5_structure2_alpha52_offset30_h7/structure2_br_bt.csv
0.1728204925820532,1.0406246350840376,0.43554963714580824,0.07849934309772108,0.5106783515674461,0.04904435641138518,0.28,0.26000000000000006,1.4,gaussian,False,2.8647889756541165,5;15;25;35;45;55,results/paper5_structure2_alpha52_offset30_h7/structure2_br_bt.csv
0.1961675642853095,1.020067691614905,0.42434741544139126,0.06551029733059067,0.5106783515674461,0.04904435641138518,0.24000000000000002,0.18000000000000005,1.9999999999999998,gaussian,False,2.8647889756541165,5;15;25;35;45;55,results/paper5_structure2_alpha52_offset30_h7/structure2_br_bt.csv
0.1529515548820217,1.0639491842963733,0.4481253801917084,0.08360644188955282,0.5106783515674461,0.04904435641138518,0.24000000000000002,0.30000000000000004,1.2,gaussian,False,2.8647889756541165,5;15;25;35;45;55,results/paper5_structure2_alpha52_offset30_h7/structure2_br_bt.csv
0.1531936288169408,1.064002263644007,0.44530523385819176,0.02630458805333254,0.5106783515674461,0.04904435641138518,0.32,-0.05999999999999998,1.0,gaussian,False,2.8647889756541165,5;15;25;35;45;55,results/paper5_structure2_alpha52_offset30_h7/structure2_br_bt.csv
0.1690316826910879,1.0536075313808828,0.45611086271443596,0.05847941796133897,0.5106783515674461,0.04904435641138518,0.08,0.14000000000000004,3.0000000000000004,gaussian,False,2.8647889756541165,5;15;25;35;45;55,results/paper5_structure2_alpha52_offset30_h7/structure2_br_bt.csv
0.14347408027924144,1.0798544202519358,0.4652470960033603,0.027848949574337523,0.5106783515674461,0.04904435641138518,0.12,-0.05999999999999998,1.2,gaussian,False,2.8647889756541165,5;15;25;35;45;55,results/paper5_structure2_alpha52_offset30_h7/structure2_br_bt.csv
0.14505283576077338,1.0789952021128155,0.47117257013907415,0.028075810830790665,0.5106783515674461,0.04904435641138518,0.08,-0.05999999999999998,1.2,gaussian,False,2.8647889756541165,5;15;25;35;45;55,results/paper5_structure2_alpha52_offset30_h7/structure2_br_bt.csv
0.15978485283332342,1.0650490509487578,0.4426553276540146,0.08353754022388186,0.5106783515674461,0.04904435641138518,0.28,0.30000000000000004,1.2,gaussian,False,2.8647889756541165,5;15;25;35;45;55,results/paper5_structure2_alpha52_offset30_h7/structure2_br_bt.csv
0.14414255403961806,1.0807871034671177,0.4594290644865231,0.0276272028885218,0.5106783515674461,0.04904435641138518,0.16,-0.05999999999999998,1.2,gaussian,False,2.8647889756541165,5;15;25;35;45;55,results/paper5_structure2_alpha52_offset30_h7/structure2_br_bt.csv
0.22304833975367422,1.0022978936631153,0.4098256009768168,0.05664424860465187,0.5106783515674461,0.04904435641138518,0.24000000000000002,0.14000000000000004,2.6,gaussian,False,2.8647889756541165,5;15;25;35;45;55,results/paper5_structure2_alpha52_offset30_h7/structure2_br_bt.csv
0.1835740990963379,1.042056506932119,0.42921020264645493,0.07841641612188943,0.5106783515674461,0.04904435641138518,0.32,0.26000000000000006,1.4,gaussian,False,2.8647889756541165,5;15;25;35;45;55,results/paper5_structure2_alpha52_offset30_h7/structure2_br_bt.csv
0.1607570665576455,1.0650824643200574,0.4410402947394203,0.026140288434855847,0.5106783515674461,0.04904435641138518,0.36,-0.05999999999999998,1.0,gaussian,False,2.8647889756541165,5;15;25;35;45;55,results/paper5_structure2_alpha52_offset30_h7/structure2_br_bt.csv
0.19374448731941388,1.0327538277360464,0.431435389842836,0.057696985342892956,0.5106783515674461,0.04904435641138518,0.16,0.14000000000000004,2.8000000000000003,gaussian,False,2.8647889756541165,5;15;25;35;45;55,results/paper5_structure2_alpha52_offset30_h7/structure2_br_bt.csv
0.14880731244084483,1.0782096246812738,0.4772014845226954,0.028307663691668223,0.5106783515674461,0.04904435641138518,0.04,-0.05999999999999998,1.2,gaussian,False,2.8647889756541165,5;15;25;35;45;55,results/paper5_structure2_alpha52_offset30_h7/structure2_br_bt.csv
0.14702760856897545,1.0817930617415084,0.45372260877949033,0.027410694900987125,0.5106783515674461,0.04904435641138518,0.2,-0.05999999999999998,1.2,gaussian,False,2.8647889756541165,5;15;25;35;45;55,results/paper5_structure2_alpha52_offset30_h7/structure2_br_bt.csv
0.15885305192028873,1.070246957880873,0.4697267414329289,0.03232092870194716,0.5106783515674461,0.04904435641138518,0.04,-0.05999999999999998,3.0000000000000004,gaussian,False,2.8647889756541165,5;15;25;35;45;55,results/paper5_structure2_alpha52_offset30_h7/structure2_br_bt.csv
0.2112692459696385,1.0221326935809067,0.4148923703942043,0.06536544540379415,0.5106783515674461,0.04904435641138518,0.28,0.18000000000000005,1.9999999999999998,gaussian,False,2.8647889756541165,5;15;25;35;45;55,results/paper5_structure2_alpha52_offset30_h7/structure2_br_bt.csv
0.15793669758480333,1.0762451942359832,0.4702941533437353,0.03224953863451388,0.5106783515674461,0.04904435641138518,0.04,-0.05999999999999998,2.8000000000000003,gaussian,False,2.8647889756541165,5;15;25;35;45;55,results/paper5_structure2_alpha52_offset30_h7/structure2_br_bt.csv
0.168273580435145,1.0662229440491369,0.4373100242348733,0.08347089095214023,0.5106783515674461,0.04904435641138518,0.32,0.30000000000000004,1.2,gaussian,False,2.8647889756541165,5;15;25;35;45;55,results/paper5_structure2_alpha52_offset30_h7/structure2_br_bt.csv
0.1520030825388656,1.0828720908636067,0.4481319912789911,0.02719955071188414,0.5106783515674461,0.04904435641138518,0.24000000000000002,-0.05999999999999998,1.2,gaussian,False,2.8647889756541165,5;15;25;35;45;55,results/paper5_structure2_alpha52_offset30_h7/structure2_br_bt.csv
0.14737849620504256,1.0889033810915032,0.46912890544335967,0.028740521728716856,0.5106783515674461,0.04904435641138518,0.08,-0.05999999999999998,1.4,gaussian,False,2.8647889756541165,5;15;25;35;45;55,results/paper5_structure2_alpha52_offset30_h7/structure2_br_bt.csv
0.27300064952839026,0.9636344260723706,0.3809302785426338,0.05510124286083798,0.5106783515674461,0.04904435641138518,0.36,0.14000000000000004,2.4,gaussian,False,2.8647889756541165,5;15;25;35;45;55,results/paper5_structure2_alpha52_offset30_h7/structure2_br_bt.csv
0.14755651010092727,1.0899229274263267,0.46218398926634224,0.028481138449499493,0.5106783515674461,0.04904435641138518,0.12,-0.05999999999999998,1.4,gaussian,False,2.8647889756541165,5;15;25;35;45;55,results/paper5_structure2_alpha52_offset30_h7/structure2_br_bt.csv
0.1497451106742618,1.0879690164149536,0.476179478117221,0.029005357189416752,0.5106783515674461,0.04904435641138518,0.04,-0.05999999999999998,1.4,gaussian,False,2.8647889756541165,5;15;25;35;45;55,results/paper5_structure2_alpha52_offset30_h7/structure2_br_bt.csv
0.18200455587287717,1.0558025528858552,0.4425874917916468,0.05822809493965423,0.5106783515674461,0.04904435641138518,0.12,0.14000000000000004,3.0000000000000004,gaussian,False,2.8647889756541165,5;15;25;35;45;55,results/paper5_structure2_alpha52_offset30_h7/structure2_br_bt.csv
0.15692930708899244,1.0814097127991085,0.4709293927282986,0.03207422462774588,0.5106783515674461,0.04904435641138518,0.04,-0.05999999999999998,2.6,gaussian,False,2.8647889756541165,5;15;25;35;45;55,results/paper5_structure2_alpha52_offset30_h7/structure2_br_bt.csv
0.19567231949985447,1.0435762156348873,0.4230087294169547,0.07833627884075439,0.5106783515674461,0.04904435641138518,0.36,0.26000000000000006,1.4,gaussian,False,2.8647889756541165,5;15;25;35;45;55,results/paper5_structure2_alpha52_offset30_h7/structure2_br_bt.csv
0.16795617819474407,1.072396641721627,0.45615567400477547,0.03186303425488753,0.5106783515674461,0.04904435641138518,0.08,-0.05999999999999998,3.0000000000000004,gaussian,False,2.8647889756541165,5;15;25;35;45;55,results/paper5_structure2_alpha52_offset30_h7/structure2_br_bt.csv
0.15027010933436774,1.0910274166170713,0.45534956397803417,0.02822735765366266,0.5106783515674461,0.04904435641138518,0.16,-0.05999999999999998,1.4,gaussian,False,2.8647889756541165,5;15;25;35;45;55,results/paper5_structure2_alpha52_offset30_h7/structure2_br_bt.csv
0.1558314828254831,1.085642839882585,0.47163723364257926,0.03178651245751618,0.5106783515674461,0.04904435641138518,0.04,-0.05999999999999998,2.4,gaussian,False,2.8647889756541165,5;15;25;35;45;55,results/paper5_structure2_alpha52_offset30_h7/structure2_br_bt.csv
0.15088715994851654,1.0919083025480776,0.4751721907822665,0.02968066387927672,0.5106783515674461,0.04904435641138518,0.04,-0.05999999999999998,1.5999999999999999,gaussian,False,2.8647889756541165,5;15;25;35;45;55,results/paper5_structure2_alpha52_offset30_h7/structure2_br_bt.csv
0.1588726979203165,1.0840239726309562,0.4426616009605801,0.026993896187168197,0.5106783515674461,0.04904435641138518,0.28,-0.05999999999999998,1.2,gaussian,False,2.8647889756541165,5;15;25;35;45;55,results/paper5_structure2_alpha52_offset30_h7/structure2_br_bt.csv
0.15008816077476833,1.0929997894353818,0.4671105194104566,0.029384475487465204,0.5106783515674461,0.04904435641138518,0.08,-0.05999999999999998,1.5999999999999999,gaussian,False,2.8647889756541165,5;15;25;35;45;55,results/paper5_structure2_alpha52_offset30_h7/structure2_br_bt.csv
0.15465101225922195,1.088904063089934,0.47242003612731165,0.03138665287629887,0.5106783515674461,0.04904435641138518,0.04,-0.05999999999999998,2.1999999999999997,gaussian,False,2.8647889756541165,5;15;25;35;45;55,results/paper5_structure2_alpha52_offset30_h7/structure2_br_bt.csv
0.16594057156565034,1.078263450996539,0.4572983455179056,0.03180984865863087,0.5106783515674461,0.04904435641138518,0.08,-0.05999999999999998,2.8000000000000003,gaussian,False,2.8647889756541165,5;15;25;35;45;55,results/paper5_structure2_alpha52_offset30_h7/structure2_br_bt.csv
0.15213379974624205,1.092357973038431,0.4741981446255144,0.030309135058380943,0.5106783515674461,0.04904435641138518,0.04,-0.05999999999999998,1.7999999999999998,gaussian,False,2.8647889756541165,5;15;25;35;45;55,results/paper5_structure2_alpha52_offset30_h7/structure2_br_bt.csv
0.15340683594488844,1.0911800896746422,0.47327613056881485,0.030886541571854963,0.5106783515674461,0.04904435641138518,0.04,-0.05999999999999998,1.9999999999999998,gaussian,False,2.8647889756541165,5;15;25;35;45;55,results/paper5_structure2_alpha52_offset30_h7/structure2_br_bt.csv
0.1781812958009826,1.0674706193777872,0.4320940996582002,0.08340649947392227,0.5106783515674461,0.04904435641138518,0.36,0.30000000000000004,1.2,gaussian,False,2.8647889756541165,5;15;25;35;45;55,results/paper5_structure2_alpha52_offset30_h7/structure2_br_bt.csv
0.15214963420013405,1.0941883164776516,0.4591525530116107,0.029094148903992045,0.5106783515674461,0.04904435641138518,0.12,-0.05999999999999998,1.5999999999999999,gaussian,False,2.8647889756541165,5;15;25;35;45;55,results/paper5_structure2_alpha52_offset30_h7/structure2_br_bt.csv
0.2111513545662206,1.0352392114463913,0.4186211809437389,0.05746894336353909,0.5106783515674461,0.04904435641138518,0.2,0.14000000000000004,2.8000000000000003,gaussian,False,2.8647889756541165,5;15;25;35;45;55,results/paper5_structure2_alpha52_offset30_h7/structure2_br_bt.csv
0.15296951655083021,1.0936119794283237,0.46515526138246266,0.029983530600565533,0.5106783515674461,0.04904435641138518,0.08,-0.05999999999999998,1.7999999999999998,gaussian,False,2.8647889756541165,5;15;25;35;45;55,results/paper5_structure2_alpha52_offset30_h7/structure2_br_bt.csv
0.16371811202347897,1.0832885219212949,0.45857774432860215,0.031653846010700926,0.5106783515674461,0.04904435641138518,0.08,-0.05999999999999998,2.6,gaussian,False,2.8647889756541165,5;15;25;35;45;55,results/paper5_structure2_alpha52_offset30_h7/structure2_br_bt.csv
0.15538650971771364,1.09221659097184,0.44863067925075206,0.027979331790154216,0.5106783515674461,0.04904435641138518,0.2,-0.05999999999999998,1.4,gaussian,False,2.8647889756541165,5;15;25;35;45;55,results/paper5_structure2_alpha52_offset30_h7/structure2_br_bt.csv
0.24263202022671654,1.005049560801321,0.3978526601296137,0.05643832355589768,0.5106783515674461,0.04904435641138518,0.28,0.14000000000000004,2.6,gaussian,False,2.8647889756541165,5;15;25;35;45;55,results/paper5_structure2_alpha52_offset30_h7/structure2_br_bt.csv
0.15586208400668541,1.092597242867756,0.46330187049815325,0.03053393327532096,0.5106783515674461,0.04904435641138518,0.08,-0.05999999999999998,1.9999999999999998,gaussian,False,2.8647889756541165,5;15;25;35;45;55,results/paper5_structure2_alpha52_offset30_h7/structure2_br_bt.csv
0.1612862492016288,1.0873743907465827,0.46000327600616686,0.031386842627248966,0.5106783515674461,0.04904435641138518,0.08,-0.05999999999999998,2.4,gaussian,False,2.8647889756541165,5;15;25;35;45;55,results/paper5_structure2_alpha52_offset30_h7/structure2_br_bt.csv
0.15865637743353406,1.0904812417303715,0.4615793095483207,0.031009448007093123,0.5106783515674461,0.04904435641138518,0.08,-0.05999999999999998,2.1999999999999997,gaussian,False,2.8647889756541165,5;15;25;35;45;55,results/paper5_structure2_alpha52_offset30_h7/structure2_br_bt.csv
0.15692629209101078,1.0949751402139203,0.45621073826760344,0.02966417138525112,0.5106783515674461,0.04904435641138518,0.12,-0.05999999999999998,1.7999999999999998,gaussian,False,2.8647889756541165,5;15;25;35;45;55,results/paper5_structure2_alpha52_offset30_h7/structure2_br_bt.csv
0.2277410559544842,1.024325161001763,0.40556361388925033,0.06522524387155199,0.5106783515674461,0.04904435641138518,0.32,0.18000000000000005,1.9999999999999998,gaussian,False,2.8647889756541165,5;15;25;35;45;55,results/paper5_structure2_alpha52_offset30_h7/structure2_br_bt.csv
0.15695891368372455,1.0954735678256464,0.4513037775959101,0.028809861343596494,0.5106783515674461,0.04904435641138518,0.16,-0.05999999999999998,1.5999999999999999,gaussian,False,2.8647889756541165,5;15;25;35;45;55,results/paper5_structure2_alpha52_offset30_h7/structure2_br_bt.csv
0.16740343129996105,1.0852484750663824,0.4373159496172036,0.026793857733830938,0.5106783515674461,0.04904435641138518,0.32,-0.05999999999999998,1.2,gaussian,False,2.8647889756541165,5;15;25;35;45;55,results/paper5_structure2_alpha52_offset30_h7/structure2_br_bt.csv
0.18099659876595467,1.0747277054005184,0.4426326535700432,0.0314137452676305,0.5106783515674461,0.04904435641138518,0.12,-0.05999999999999998,3.0000000000000004,gaussian,False,2.8647889756541165,5;15;25;35;45;55,results/paper5_structure2_alpha52_offset30_h7/structure2_br_bt.csv
0.16164972751887816,1.0941357897930282,0.4534183129606033,0.03018794959957729,0.5106783515674461,0.04904435641138518,0.12,-0.05999999999999998,1.9999999999999998,gaussian,False,2.8647889756541165,5;15;25;35;45;55,results/paper5_structure2_alpha52_offset30_h7/structure2_br_bt.csv
0.1626791584740832,1.0934901742044394,0.4420326037569699,0.027737215241022264,0.5106783515674461,0.04904435641138518,0.24000000000000002,-0.05999999999999998,1.4,gaussian,False,2.8647889756541165,5;15;25;35;45;55,results/paper5_structure2_alpha52_offset30_h7/structure2_br_bt.csv
0.19812902928458156,1.058181604657319,0.4291166932955286,0.05798396050241354,0.5106783515674461,0.04904435641138518,0.16,0.14000000000000004,3.0000000000000004,gaussian,False,2.8647889756541165,5;15;25;35;45;55,results/paper5_structure2_alpha52_offset30_h7/structure2_br_bt.csv
0.15590092903295688,1.1008984238777075,0.47238708108386457,0.06862528767393519,0.5106783515674461,0.04904435641138518,0.04,0.18000000000000005,2.1999999999999997,gaussian,False,2.8647889756541165,5;15;25;35;45;55,results/paper5_structure2_alpha52_offset30_h7/structure2_br_bt.csv
0.17779975061043163,1.0804515390856404,0.4443580002165813,0.03137837574259654,0.5106783515674461,0.04904435641138518,0.12,-0.05999999999999998,2.8000000000000003,gaussian,False,2.8647889756541165,5;15;25;35;45;55,results/paper5_structure2_alpha52_offset30_h7/structure2_br_bt.csv
0.16616525354518033,1.0921920901703965,0.450820408614396,0.030639255945629523,0.5106783515674461,0.04904435641138518,0.12,-0.05999999999999998,2.1999999999999997,gaussian,False,2.8647889756541165,5;15;25;35;45;55,results/paper5_structure2_alpha52_offset30_h7/structure2_br_bt.csv
0.1742655346613229,1.0853253083438381,0.4462898088013778,0.031241283537988038,0.5106783515674461,0.04904435641138518,0.12,-0.05999999999999998,2.6,gaussian,False,2.8647889756541165,5;15;25;35;45;55,results/paper5_structure2_alpha52_offset30_h7/structure2_br_bt.csv
0.1703841971698582,1.0892518361056325,0.44844194114544494,0.030994584602486816,0.5106783515674461,0.04904435641138518,0.12,-0.05999999999999998,2.4,gaussian,False,2.8647889756541165,5;15;25;35;45;55,results/paper5_structure2_alpha52_offset30_h7/structure2_br_bt.csv
0.16377807390534677,1.096447048275796,0.4473704750237034,0.02935126126902696,0.5106783515674461,0.04904435641138518,0.16,-0.05999999999999998,1.7999999999999998,gaussian,False,2.8647889756541165,5;15;25;35;45;55,results/paper5_structure2_alpha52_offset30_h7/structure2_br_bt.csv
0.164274843470854,1.096855203466323,0.44356998946015597,0.028531793323277557,0.5106783515674461,0.04904435641138518,0.2,-0.05999999999999998,1.5999999999999999,gaussian,False,2.8647889756541165,5;15;25;35;45;55,results/paper5_structure2_alpha52_offset30_h7/structure2_br_bt.csv
0.15988257456981717,1.1023390716274746,0.46154626627158035,0.06844896587625555,0.5106783515674461,0.04904435641138518,0.08,0.18000000000000005,2.1999999999999997,gaussian,False,2.8647889756541165,5;15;25;35;45;55,results/paper5_structure2_alpha52_offset30_h7/structure2_br_bt.csv
0.1773557473015156,1.0865453526462874,0.4320996668380016,0.026599562056917984,0.5106783515674461,0.04904435641138518,0.36,-0.05999999999999998,1.2,gaussian,False,2.8647889756541165,5;15;25;35;45;55,results/paper5_structure2_alpha52_offset30_h7/structure2_br_bt.csv
0.1704306100519604,1.0957952191234157,0.4436315202158725,0.029848820907441613,0.5106783515674461,0.04904435641138518,0.16,-0.05999999999999998,1.9999999999999998,gaussian,False,2.8647889756541165,5;15;25;35;45;55,results/paper5_structure2_alpha52_offset30_h7/structure2_br_bt.csv
0.17187125809195417,1.0948478717486934,0.4355608277525786,0.027501164081136238,0.5106783515674461,0.04904435641138518,0.28,-0.05999999999999998,1.4,gaussian,False,2.8647889756541165,5;15;25;35;45;55,results/paper5_structure2_alpha52_offset30_h7/structure2_br_bt.csv
0.23047140360941307,1.0378993631597824,0.4058792431987301,0.057247873742156535,0.5106783515674461,0.04904435641138518,0.24000000000000002,0.14000000000000004,2.8000000000000003,gaussian,False,2.8647889756541165,5;15;25;35;45;55,results/paper5_structure2_alpha52_offset30_h7/structure2_br_bt.csv
0.1767316376572349,1.0940359813135336,0.4401493337436398,0.030276333932113174,0.5106783515674461,0.04904435641138518,0.16,-0.05999999999999998,2.1999999999999997,gaussian,False,2.8647889756541165,5;15;25;35;45;55,results/paper5_structure2_alpha52_offset30_h7/structure2_br_bt.csv
0.17318158684436025,1.0980272662861201,0.4386407753829711,0.029045008686561655,0.5106783515674461,0.04904435641138518,0.2,-0.05999999999999998,1.7999999999999998,gaussian,False,2.8647889756541165,5;15;25;35;45;55,results/paper5_structure2_alpha52_offset30_h7/structure2_br_bt.csv
0.16734368977251363,1.1039123431185762,0.45078727887453957,0.06827741942250809,0.5106783515674461,0.04904435641138518,0.12,0.18000000000000005,2.1999999999999997,gaussian,False,2.8647889756541165,5;15;25;35;45;55,results/paper5_structure2_alpha52_offset30_h7/structure2_br_bt.csv
0.26339718335033174,1.0079673209521172,0.3859772613986574,0.05623912854631118,0.5106783515674461,0.04904435641138518,0.32,0.14000000000000004,2.6,gaussian,False,2.8647889756541165,5;15;25;35;45;55,results/paper5_structure2_alpha52_offset30_h7/structure2_br_bt.csv
0.2453071464545678,1.0266442772448232,0.3963700628081675,0.0650897227843498,0.5106783515674461,0.04904435641138518,0.36,0.18000000000000005,1.9999999999999998,gaussian,False,2.8647889756541165,5;15;25;35;45;55,results/paper5_structure2_alpha52_offset30_h7/structure2_br_bt.csv
0.17378113253466457,1.0983328596630852,0.43595730819555306,0.028260128436767097,0.5106783515674461,0.04904435641138518,0.24000000000000002,-0.05999999999999998,1.5999999999999999,gaussian,False,2.8647889756541165,5;15;25;35;45;55,results/paper5_structure2_alpha52_offset30_h7/structure2_br_bt.csv
0.1825815226978086,1.0912744229625717,0.43695899359515633,0.03061002332457281,0.5106783515674461,0.04904435641138518,0.16,-0.05999999999999998,2.4,gaussian,False,2.8647889756541165,5;15;25;35;45;55,results/paper5_structure2_alpha52_offset30_h7/structure2_br_bt.csv
0.1971947388181744,1.077238971441426,0.42916222207496146,0.03097343622510547,0.5106783515674461,0.04904435641138518,0.16,-0.05999999999999998,3.0000000000000004,gaussian,False,2.8647889756541165,5;15;25;35;45;55,results/paper5_structure2_alpha52_offset30_h7/structure2_br_bt.csv
0.18793982154462188,1.087519184452357,0.43407099704406504,0.03083685092493211,0.5106783515674461,0.04904435641138518,0.16,-0.05999999999999998,2.6,gaussian,False,2.8647889756541165,5;15;25;35;45;55,results/paper5_structure2_alpha52_offset30_h7/structure2_br_bt.csv
0.15339104965348174,1.12208991372075,0.47417517707376894,0.07595501987354848,0.5106783515674461,0.04904435641138518,0.04,0.22000000000000006,1.7999999999999998,gaussian,False,2.8647889756541165,5;15;25;35;45;55,results/paper5_structure2_alpha52_offset30_h7/structure2_br_bt.csv
0.19280413512366518,1.0828084289424138,0.4314781075541346,0.030955463488933854,0.5106783515674461,0.04904435641138518,0.16,-0.05999999999999998,2.8000000000000003,gaussian,False,2.8647889756541165,5;15;25;35;45;55,results/paper5_structure2_alpha52_offset30_h7/structure2_br_bt.csv
0.15422667781566984,1.1232106305160685,0.4651324287549678,0.07582211143347792,0.5106783515674461,0.04904435641138518,0.08,0.22000000000000006,1.7999999999999998,gaussian,False,2.8647889756541165,5;15;25;35;45;55,results/paper5_structure2_alpha52_offset30_h7/structure2_br_bt.csv
0.21670272590275044,1.0607434484582343,0.41570357805714175,0.057747105822103136,0.5106783515674461,0.04904435641138518,0.2,0.14000000000000004,3.0000000000000004,gaussian,False,2.8647889756541165,5;15;25;35;45;55,results/paper5_structure2_alpha52_offset30_h7/structure2_br_bt.csv
0.1826762975075827,1.096289371091005,0.4292210642897508,0.027271335810624953,0.5106783515674461,0.04904435641138518,0.32,-0.05999999999999998,1.4,gaussian,False,2.8647889756541165,5;15;25;35;45;55,results/paper5_structure2_alpha52_offset30_h7/structure2_br_bt.csv
0.18177146238663133,1.0975749825708425,0.4339480392974568,0.02951678347780237,0.5106783515674461,0.04904435641138518,0.2,-0.05999999999999998,1.9999999999999998,gaussian,False,2.8647889756541165,5;15;25;35;45;55,results/paper5_structure2_alpha52_offset30_h7/structure2_br_bt.csv
0.15815856086027535,1.1244379228679642,0.4561880508073705,0.0756928176109264,0.5106783515674461,0.04904435641138518,0.12,0.22000000000000006,1.7999999999999998,gaussian,False,2.8647889756541165,5;15;25;35;45;55,results/paper5_structure2_alpha52_offset30_h7/structure2_br_bt.csv
0.17784689550328814,1.1056176721884872,0.44011611994172617,0.06811068439485264,0.5106783515674461,0.04904435641138518,0.16,0.18000000000000005,2.1999999999999997,gaussian,False,2.8647889756541165,5;15;25;35;45;55,results/paper5_structure2_alpha52_offset30_h7/structure2_br_bt.csv
0.18474759738299612,1.0997153273423477,0.4300283728169478,0.028745626424429002,0.5106783515674461,0.04904435641138518,0.24000000000000002,-0.05999999999999998,1.7999999999999998,gaussian,False,2.8647889756541165,5;15;25;35;45;55,results/paper5_structure2_alpha52_offset30_h7/structure2_br_bt.csv
0.18514068722932336,1.0999061494228841,0.4284721889815341,0.027995053093328736,0.5106783515674461,0.04904435641138518,0.28,-0.05999999999999998,1.5999999999999999,gaussian,False,2.8647889756541165,5;15;25;35;45;55,results/paper5_structure2_alpha52_offset30_h7/structure2_br_bt.csv
0.1898456923139272,1.0960122436813715,0.4295726300851365,0.029920946510859442,0.5106783515674461,0.04904435641138518,0.2,-0.05999999999999998,2.1999999999999997,gaussian,False,2.8647889756541165,5;15;25;35;45;55,results/paper5_structure2_alpha52_offset30_h7/structure2_br_bt.csv
0.16496545330402335,1.1257714422171987,0.4473479437895503,0.07556715695950078,0.5106783515674461,0.04904435641138518,0.16,0.22000000000000006,1.7999999999999998,gaussian,False,2.8647889756541165,5;15;25;35;45;55,results/paper5_structure2_alpha52_offset30_h7/structure2_br_bt.csv
0.19730425119046424,1.0934413458937375,0.4255607787996882,0.03023345249650178,0.5106783515674461,0.04904435641138518,0.2,-0.05999999999999998,2.4,gaussian,False,2.8647889756541165,5;15;25;35;45;55,results/paper5_structure2_alpha52_offset30_h7/structure2_br_bt.csv
0.25126369894254924,1.0407329427367351,0.3932166023750392,0.05703385755572478,0.5106783515674461,0.04904435641138518,0.28,0.14000000000000004,2.8000000000000003,gaussian,False,2.8647889756541165,5;15;25;35;45;55,results/paper5_structure2_alpha52_offset30_h7/structure2_br_bt.csv
0.19482610076870882,1.097814342120315,0.42301924880164876,0.02704788905925357,0.5106783515674461,0.04904435641138518,0.36,-0.05999999999999998,1.4,gaussian,False,2.8647889756541165,5;15;25;35;45;55,results/paper5_structure2_alpha52_offset30_h7/structure2_br_bt.csv
0.2041134979828995,1.0898692015958809,0.4219273144726279,0.03044087220934609,0.5106783515674461,0.04904435641138518,0.2,-0.05999999999999998,2.6,gaussian,False,2.8647889756541165,5;15;25;35;45;55,results/paper5_structure2_alpha52_offset30_h7/structure2_br_bt.csv
0.19522666184054122,1.0994744957664846,0.4243749424403171,0.029192079284618443,0.5106783515674461,0.04904435641138518,0.24000000000000002,-0.05999999999999998,1.9999999999999998,gaussian,False,2.8647889756541165,5;15;25;35;45;55,results/paper5_structure2_alpha52_offset30_h7/structure2_br_bt.csv
0.21028153248084636,1.08533302086668,0.4186642469085078,0.030541467522017297,0.5106783515674461,0.04904435641138518,0.2,-0.05999999999999998,2.8000000000000003,gaussian,False,2.8647889756541165,5;15;25;35;45;55,results/paper5_structure2_alpha52_offset30_h7/structure2_br_bt.csv
0.21584083615469224,1.0799291827180058,0.4157494912520435,0.03054249550186479,0.5106783515674461,0.04904435641138518,0.2,-0.05999999999999998,3.0000000000000004,gaussian,False,2.8647889756541165,5;15;25;35;45;55,results/paper5_structure2_alpha52_offset30_h7/structure2_br_bt.csv
0.2850857743550913,1.0110497361469901,0.37420869130713935,0.05604673533338548,0.5106783515674461,0.04904435641138518,0.36,0.14000000000000004,2.6,gaussian,False,2.8647889756541165,5;15;25;35;45;55,results/paper5_structure2_alpha52_offset30_h7/structure2_br_bt.csv
0.1908907039420929,1.1074544487853,0.4295393353600812,0.067948796212613,0.5106783515674461,0.04904435641138518,0.2,0.18000000000000005,2.1999999999999997,gaussian,False,2.8647889756541165,5;15;25;35;45;55,results/paper5_structure2_alpha52_offset30_h7/structure2_br_bt.csv
0.19809769216909634,1.1015107356374045,0.42154045680099006,0.028453331349313896,0.5106783515674461,0.04904435641138518,0.28,-0.05999999999999998,1.7999999999999998,gaussian,False,2.8647889756541165,5;15;25;35;45;55,results/paper5_structure2_alpha52_offset30_h7/structure2_br_bt.csv
0.1980348462405544,1.1015746629888081,0.4211214338337909,0.02773675621894878,0.5106783515674461,0.04904435641138518,0.32,-0.05999999999999998,1.5999999999999999,gaussian,False,2.8647889756541165,5;15;25;35;45;55,results/paper5_structure2_alpha52_offset30_h7/structure2_br_bt.csv
0.23715087152228476,1.0634867633008296,0.40235391501051077,0.05751762083181605,0.5106783515674461,0.04904435641138518,0.24000000000000002,0.14000000000000004,3.0000000000000004,gaussian,False,2.8647889756541165,5;15;25;35;45;55,results/paper5_structure2_alpha52_offset30_h7/structure2_br_bt.csv
0.17431086994586378,1.1272108115560346,0.43861841231237314,0.07544514763331908,0.5106783515674461,0.04904435641138518,0.2,0.22000000000000006,1.7999999999999998,gaussian,False,2.8647889756541165,5;15;25;35;45;55,results/paper5_structure2_alpha52_offset30_h7/structure2_br_bt.csv
0.20501911352157523,1.0981201625975194,0.4190974425991235,0.02957336531598065,0.5106783515674461,0.04904435641138518,0.24000000000000002,-0.05999999999999998,2.1999999999999997,gaussian,False,2.8647889756541165,5;15;25;35;45;55,results/paper5_structure2_alpha52_offset30_h7/structure2_br_bt.csv
0.21403186670857058,1.0957517485965218,0.41425429108822837,0.029865174375227187,0.5106783515674461,0.04904435641138518,0.24000000000000002,-0.05999999999999998,2.4,gaussian,False,2.8647889756541165,5;15;25;35;45;55,results/paper5_structure2_alpha52_offset30_h7/structure2_br_bt.csv
0.2103909401765268,1.1014931391890173,0.41491987011035314,0.028874955719731758,0.5106783515674461,0.04904435641138518,0.28,-0.05999999999999998,1.9999999999999998,gaussian,False,2.8647889756541165,5;15;25;35;45;55,results/paper5_structure2_alpha52_offset30_h7/structure2_br_bt.csv
0.185812179810257,1.128755625950405,0.43000619079205477,0.0753268073749009,0.5106783515674461,0.04904435641138518,0.24000000000000002,0.22000000000000006,1.7999999999999998,gaussian,False,2.8647889756541165,5;15;25;35;45;55,results/paper5_structure2_alpha52_offset30_h7/structure2_br_bt.csv
0.22224155142675084,1.0923743520595923,0.4098654390281471,0.03005368155149583,0.5106783515674461,0.04904435641138518,0.24000000000000002,-0.05999999999999998,2.6,gaussian,False,2.8647889756541165,5;15;25;35;45;55,results/paper5_structure2_alpha52_offset30_h7/structure2_br_bt.csv
0.2059930541079725,1.1094220200294103,0.41906407095117715,0.06779178959889649,0.5106783515674461,0.04904435641138518,0.24000000000000002,0.18000000000000005,2.1999999999999997,gaussian,False,2.8647889756541165,5;15;25;35;45;55,results/paper5_structure2_alpha52_offset30_h7/structure2_br_bt.csv
0.21218402578505366,1.1033379683567408,0.4139122014146403,0.027485428918171698,0.5106783515674461,0.04904435641138518,0.36,-0.05999999999999998,1.5999999999999999,gaussian,False,2.8647889756541165,5;15;25;35;45;55,results/paper5_structure2_alpha52_offset30_h7/structure2_br_bt.csv
0.21289651179323713,1.1034129671641888,0.41318469926385293,0.028168344087388168,0.5106783515674461,0.04904435641138518,0.32,-0.05999999999999998,1.7999999999999998,gaussian,False,2.8647889756541165,5;15;25;35;45;55,results/paper5_structure2_alpha52_offset30_h7/structure2_br_bt.csv
0.27319229511270426,1.0437385376932733,0.3806411723738226,0.05682697449616763,0.5106783515674461,0.04904435641138518,0.32,0.14000000000000004,2.8000000000000003,gaussian,False,2.8647889756541165,5;15;25;35;45;55,results/paper5_structure2_alpha52_offset30_h7/structure2_br_bt.csv
0.2296680571221383,1.0880241474788575,0.40592267167453355,0.030136755299712218,0.5106783515674461,0.04904435641138518,0.24000000000000002,-0.05999999999999998,2.8000000000000003,gaussian,False,2.8647889756541165,5;15;25;35;45;55,results/paper5_structure2_alpha52_offset30_h7/structure2_br_bt.csv
0.23635624249850076,1.0827970054617149,0.4024002309473754,0.0301213251934878,0.5106783515674461,0.04904435641138518,0.24000000000000002,-0.05999999999999998,3.0000000000000004,gaussian,False,2.8647889756541165,5;15;25;35;45;55,results/paper5_structure2_alpha52_offset30_h7/structure2_br_bt.csv
0.22182971353284214,1.1003589814328103,0.4087315764894635,0.029233868789283315,0.5106783515674461,0.04904435641138518,0.28,-0.05999999999999998,2.1999999999999997,gaussian,False,2.8647889756541165,5;15;25;35;45;55,results/paper5_structure2_alpha52_offset30_h7/structure2_br_bt.csv
0.135170227353207,1.1892257621600266,0.46379509211237946,0.031532063060133966,0.5106783515674461,0.04904435641138518,0.2,-0.09999999999999998,0.8,gaussian,False,2.8647889756541165,5;15;25;35;45;55,results/paper5_structure2_alpha52_offset30_h7/structure2_br_bt.csv
0.13614321230777612,1.1886473893990268,0.4675264827241351,0.031656730467943234,0.5106783515674461,0.04904435641138518,0.16,-0.09999999999999998,0.8,gaussian,False,2.8647889756541165,5;15;25;35;45;55,results/paper5_structure2_alpha52_offset30_h7/structure2_br_bt.csv
0.25902993185255746,1.0664101486961581,0.3890742356019147,0.05729559408467286,0.5106783515674461,0.04904435641138518,0.28,0.14000000000000004,3.0000000000000004,gaussian,False,2.8647889756541165,5;15;25;35;45;55,results/paper5_structure2_alpha52_offset30_h7/structure2_br_bt.csv
0.13578996688940018,1.1898485798235554,0.4601558446529376,0.03141097618578617,0.5106783515674461,0.04904435641138518,0.24000000000000002,-0.09999999999999998,0.8,gaussian,False,2.8647889756541165,5;15;25;35;45;55,results/paper5_structure2_alpha52_offset30_h7/structure2_br_bt.csv
0.13867540081828503,1.188113526447792,0.471347828159704,0.03178493627835748,0.5106783515674461,0.04904435641138518,0.12,-0.09999999999999998,0.8,gaussian,False,2.8647889756541165,5;15;25;35;45;55,results/paper5_structure2_alpha52_offset30_h7/structure2_br_bt.csv
0.13798097148810184,1.1905157726356368,0.45661094352915443,0.031293511408394044,0.5106783515674461,0.04904435641138518,0.28,-0.09999999999999998,0.8,gaussian,False,2.8647889756541165,5;15;25;35;45;55,results/paper5_structure2_alpha52_offset30_h7/structure2_br_bt.csv
0.19909611030220606,1.1304054530961085,0.4215184697174452,0.075212153503195,0.5106783515674461,0.04904435641138518,0.28,0.22000000000000006,1.7999999999999998,gaussian,False,2.8647889756541165,5;15;25;35;45;55,results/paper5_structure2_alpha52_offset30_h7/structure2_br_bt.csv
0.15714506595505243,1.173071364499664,0.47159917078021174,0.07047877900178522,0.5106783515674461,0.04904435641138518,0.04,0.18000000000000005,2.4,gaussian,False,2.8647889756541165,5;15;25;35;45;55,results/paper5_structure2_alpha52_offset30_h7/structure2_br_bt.csv
0.14268380414964082,1.1876242333307092,0.4752569585549874,0.03191663785122092,0.5106783515674461,0.04904435641138518,0.08,-0.09999999999999998,0.8,gaussian,False,2.8647889756541165,5;15;25;35;45;55,results/paper5_structure2_alpha52_offset30_h7/structure2_br_bt.csv
0.23233172344177827,1.0982047255132235,0.4030472500600051,0.02950549948305201,0.5106783515674461,0.04904435641138518,0.28,-0.05999999999999998,2.4,gaussian,False,2.8647889756541165,5;15;25;35;45;55,results/paper5_structure2_alpha52_offset30_h7/structure2_br_bt.csv
0.22692192309924586,1.1036302591375045,0.4055910764965332,0.028565665254751713,0.5106783515674461,0.04904435641138518,0.32,-0.05999999999999998,1.9999999999999998,gaussian,False,2.8647889756541165,5;15;25;35;45;55,results/paper5_structure2_alpha52_offset30_h7/structure2_br_bt.csv
0.14167035864162134,1.1912272660342291,0.4531626028419702,0.03117970966506986,0.5106783515674461,0.04904435641138518,0.32,-0.09999999999999998,0.8,gaussian,False,2.8647889756541165,5;15;25;35;45;55,results/paper5_structure2_alpha52_offset30_h7/structure2_br_bt.csv
0.22273560718444738,1.1115196913374241,0.4086981329225015,0.06763969854729351,0.5106783515674461,0.04904435641138518,0.28,0.18000000000000005,2.1999999999999997,gaussian,False,2.8647889756541165,5;15;25;35;45;55,results/paper5_structure2_alpha52_offset30_h7/structure2_br_bt.csv
0.2288631949698494,1.1054214704521323,0.4049692807916565,0.027890888651811944,0.5106783515674461,0.04904435641138518,0.36,-0.05999999999999998,1.7999999999999998,gaussian,False,2.8647889756541165,5;15;25;35;45;55,results/paper5_structure2_alpha52_offset30_h7/structure2_br_bt.csv
0.14804856561609564,1.1871795651558201,0.47925172579825154,0.03205179209405038,0.5106783515674461,0.04904435641138518,0.04,-0.09999999999999998,0.8,gaussian,False,2.8647889756541165,5;15;25;35;45;55,results/paper5_structure2_alpha52_offset30_h7/structure2_br_bt.csv
0.24188496829585415,1.0950335711306005,0.39789281057815623,0.02967562293811928,0.5106783515674461,0.04904435641138518,0.28,-0.05999999999999998,2.6,gaussian,False,2.8647889756541165,5;15;25;35;45;55,results/paper5_structure2_alpha52_offset30_h7/structure2_br_bt.csv
0.16256442538589633,1.1745440123539126,0.45996504915353964,0.07029420332875486,0.5106783515674461,0.04904435641138518,0.08,0.18000000000000005,2.4,gaussian,False,2.8647889756541165,5;15;25;35;45;55,results/paper5_structure2_alpha52_offset30_h7/structure2_br_bt.csv
0.14674515727055568,1.1919829806904128,0.44981304334137767,0.031069611206713137,0.5106783515674461,0.04904435641138518,0.36,-0.09999999999999998,0.8,gaussian,False,2.8647889756541165,5;15;25;35;45;55,results/paper5_structure2_alpha52_offset30_h7/structure2_br_bt.csv
0.25052088775205605,1.090880576291118,0.3932604080228099,0.029741705811933555,0.5106783515674461,0.04904435641138518,0.28,-0.05999999999999998,2.8000000000000003,gaussian,False,2.8647889756541165,5;15;25;35;45;55,results/paper5_structure2_alpha52_offset30_h7/structure2_br_bt.csv
0.23993361911333963,1.1027279029068873,0.3984835632715248,0.028902741823838625,0.5106783515674461,0.04904435641138518,0.32,-0.05999999999999998,2.1999999999999997,gaussian,False,2.8647889756541165,5;15;25;35;45;55,results/paper5_structure2_alpha52_offset30_h7/structure2_br_bt.csv
0.2960047617685528,1.0469146665098197,0.36816188997208704,0.05662730274436567,0.5106783515674461,0.04904435641138518,0.36,0.14000000000000004,2.8000000000000003,gaussian,False,2.8647889756541165,5;15;25;35;45;55,results/paper5_structure2_alpha52_offset30_h7/structure2_br_bt.csv
0.258295926150081,1.0858410324006051,0.38912097351186675,0.029710340815647194,0.5106783515674461,0.04904435641138518,0.28,-0.05999999999999998,3.0000000000000004,gaussian,False,2.8647889756541165,5;15;25;35;45;55,results/paper5_structure2_alpha52_offset30_h7/structure2_br_bt.csv
0.21383069072556107,1.1321598339072978,0.41316292210187294,0.07510120290176144,0.5106783515674461,0.04904435641138518,0.32,0.22000000000000006,1.7999999999999998,gaussian,False,2.8647889756541165,5;15;25;35;45;55,results/paper5_structure2_alpha52_offset30_h7/structure2_br_bt.csv
0.17160282739460217,1.1761524793361466,0.44840354801067434,0.07011469619376057,0.5106783515674461,0.04904435641138518,0.12,0.18000000000000005,2.4,gaussian,False,2.8647889756541165,5;15;25;35;45;55,results/paper5_structure2_alpha52_offset30_h7/structure2_br_bt.csv
0.24454260143683054,1.1058851687455096,0.39639747720551316,0.028264465037386208,0.5106783515674461,0.04904435641138518,0.36,-0.05999999999999998,1.9999999999999998,gaussian,False,2.8647889756541165,5;15;25;35;45;55,results/paper5_structure2_alpha52_offset30_h7/structure2_br_bt.csv
0.28200705772899826,1.0695121280403173,0.3758719575391289,0.0570811126110756,0.5106783515674461,0.04904435641138518,0.32,0.14000000000000004,3.0000000000000004,gaussian,False,2.8647889756541165,5;15;25;35;45;55,results/paper5_structure2_alpha52_offset30_h7/structure2_br_bt.csv
0.25186134437393265,1.1007993235243312,0.39194818629553835,0.0291547462294426,0.5106783515674461,0.04904435641138518,0.32,-0.05999999999999998,2.4,gaussian,False,2.8647889756541165,5;15;25;35;45;55,results/paper5_structure2_alpha52_offset30_h7/structure2_br_bt.csv
0.24077644808575205,1.1137467276039328,0.3984500539566743,0.06749255628872182,0.5106783515674461,0.04904435641138518,0.32,0.18000000000000005,2.1999999999999997,gaussian,False,2.8647889756541165,5;15;25;35;45;55,results/paper5_structure2_alpha52_offset30_h7/structure2_br_bt.csv
0.1521691305554702,1.2029097650597549,0.47515489646012227,0.08402713900562041,0.5106783515674461,0.04904435641138518,0.04,0.26000000000000006,1.5999999999999999,gaussian,False,2.8647889756541165,5;15;25;35;45;55,results/paper5_structure2_alpha52_offset30_h7/structure2_br_bt.csv
0.15138348635520588,1.203810796824819,0.46709348344668844,0.0839198753787461,0.5106783515674461,0.04904435641138518,0.08,0.26000000000000006,1.5999999999999999,gaussian,False,2.8647889756541165,5;15;25;35;45;55,results/paper5_structure2_alpha52_offset30_h7/structure2_br_bt.csv
0.15343405685558953,1.2048002738653163,0.4591357882683287,0.08381555575854684,0.5106783515674461,0.04904435641138518,0.12,0.26000000000000006,1.5999999999999999,gaussian,False,2.8647889756541165,5;15;25;35;45;55,results/paper5_structure2_alpha52_offset30_h7/structure2_br_bt.csv
0.2627040391382797,1.0978457392473258,0.38601773339864837,0.029307049779291505,0.5106783515674461,0.04904435641138518,0.32,-0.05999999999999998,2.6,gaussian,False,2.8647889756541165,5;15;25;35;45;55,results/paper5_structure2_alpha52_offset30_h7/structure2_br_bt.csv
0.18372693232170048,1.1778962090462444,0.43692043229610156,0.06994029662318793,0.5106783515674461,0.04904435641138518,0.16,0.18000000000000005,2.4,gaussian,False,2.8647889756541165,5;15;25;35;45;55,results/paper5_structure2_alpha52_offset30_h7/structure2_br_bt.csv
0.22973697055969555,1.1340182831354324,0.4049477296886076,0.07499397200712561,0.5106783515674461,0.04904435641138518,0.36,0.22000000000000006,1.7999999999999998,gaussian,False,2.8647889756541165,5;15;25;35;45;55,results/paper5_structure2_alpha52_offset30_h7/structure2_br_bt.csv
0.15821059977236088,1.2058779784613034,0.45128729762899683,0.08371419115095868,0.5106783515674461,0.04904435641138518,0.16,0.26000000000000006,1.5999999999999999,gaussian,False,2.8647889756541165,5;15;25;35;45;55,results/paper5_structure2_alpha52_offset30_h7/structure2_br_bt.csv
0.25905983137773314,1.1052260904411875,0.3883627326703128,0.028580275326731172,0.5106783515674461,0.04904435641138518,0.36,-0.05999999999999998,2.1999999999999997,gaussian,False,2.8647889756541165,5;15;25;35;45;55,results/paper5_structure2_alpha52_offset30_h7/structure2_br_bt.csv
0.27250361303284504,1.0939010123772783,0.38068537016294085,0.02935670915182842,0.5106783515674461,0.04904435641138518,0.32,-0.05999999999999998,2.8000000000000003,gaussian,False,2.8647889756541165,5;15;25;35;45;55,results/paper5_structure2_alpha52_offset30_h7/structure2_br_bt.csv
0.2813268612221571,1.0890597860126172,0.37591913752467887,0.029309970852794055,0.5106783515674461,0.04904435641138518,0.32,-0.05999999999999998,3.0000000000000004,gaussian,False,2.8647889756541165,5;15;25;35;45;55,results/paper5_structure2_alpha52_offset30_h7/structure2_br_bt.csv
0.1654772255404182,1.207043674291839,0.44355380854623644,0.08361579230276896,0.5106783515674461,0.04904435641138518,0.2,0.26000000000000006,1.5999999999999999,gaussian,False,2.8647889756541165,5;15;25;35;45;55,results/paper5_structure2_alpha52_offset30_h7/structure2_br_bt.csv
0.27235631291381607,1.1035345437042237,0.3809665373274929,0.028813240434549723,0.5106783515674461,0.04904435641138518,0.36,-0.05999999999999998,2.4,gaussian,False,2.8647889756541165,5;15;25;35;45;55,results/paper5_structure2_alpha52_offset30_h7/structure2_br_bt.csv
0.25984530027620156,1.1161023544366417,0.3883291651336366,0.06735039525848141,0.5106783515674461,0.04904435641138518,0.36,0.18000000000000005,2.1999999999999997,gaussian,False,2.8647889756541165,5;15;25;35;45;55,results/paper5_structure2_alpha52_offset30_h7/structure2_br_bt.csv
0.19837176783153868,1.1797746017215638,0.42552204797233667,0.06977104291762336,0.5106783515674461,0.04904435641138518,0.2,0.18000000000000005,2.4,gaussian,False,2.8647889756541165,5;15;25;35;45;55,results/paper5_structure2_alpha52_offset30_h7/structure2_br_bt.csv
0.3058348588765793,1.072791152119355,0.3627555318524212,0.05687426177420368,0.5106783515674461,0.04904435641138518,0.36,0.14000000000000004,3.0000000000000004,gaussian,False,2.8647889756541165,5;15;25;35;45;55,results/paper5_structure2_alpha52_offset30_h7/structure2_br_bt.csv
0.1749238825313373,1.2082971066902426,0.4359414413571453,0.08352036969623472,0.5106783515674461,0.04904435641138518,0.24000000000000002,0.26000000000000006,1.5999999999999999,gaussian,False,2.8647889756541165,5;15;25;35;45;55,results/paper5_structure2_alpha52_offset30_h7/structure2_br_bt.csv
0.28444073206348364,1.1008096842229487,0.37424949362032833,0.02894832438674194,0.5106783515674461,0.04904435641138518,0.36,-0.05999999999999998,2.6,gaussian,False,2.8647889756541165,5;15;25;35;45;55,results/paper5_structure2_alpha52_offset30_h7/structure2_br_bt.csv
0.15828533662224595,1.2289577514271486,0.47088677109447696,0.07183135558905406,0.5106783515674461,0.04904435641138518,0.04,0.18000000000000005,2.6,gaussian,False,2.8647889756541165,5;15;25;35;45;55,results/paper5_structure2_alpha52_offset30_h7/structure2_br_bt.csv
0.13912127744389347,1.2489996208387122,0.4634955812110491,0.033351902423922976,0.5106783515674461,0.04904435641138518,0.16,-0.09999999999999998,1.0,gaussian,False,2.8647889756541165,5;15;25;35;45;55,results/paper5_structure2_alpha52_offset30_h7/structure2_br_bt.csv
0.14028386471649143,1.2483405402984922,0.4683079554041431,0.03350431171041848,0.5106783515674461,0.04904435641138518,0.12,-0.09999999999999998,1.0,gaussian,False,2.8647889756541165,5;15;25;35;45;55,results/paper5_structure2_alpha52_offset30_h7/structure2_br_bt.csv
0.1398919217907673,1.2497116791035436,0.4587861767830528,0.03320362136352522,0.5106783515674461,0.04904435641138518,0.2,-0.09999999999999998,1.0,gaussian,False,2.8647889756541165,5;15;25;35;45;55,results/paper5_structure2_alpha52_offset30_h7/structure2_br_bt.csv
0.14333264934702214,1.2477345214348488,0.47322015794462163,0.03366079314773146,0.5106783515674461,0.04904435641138518,0.08,-0.09999999999999998,1.0,gaussian,False,2.8647889756541165,5;15;25;35;45;55,results/paper5_structure2_alpha52_offset30_h7/structure2_br_bt.csv
0.2953640604574069,1.0970841011287484,0.3682064950443925,0.028982165944923192,0.5106783515674461,0.04904435641138518,0.36,-0.05999999999999998,2.8000000000000003,gaussian,False,2.8647889756541165,5;15;25;35;45;55,results/paper5_structure2_alpha52_offset30_h7/structure2_br_bt.csv
0.14256445045618832,1.2504766245917536,0.45418294519932817,0.033059524077961144,0.5106783515674461,0.04904435641138518,0.24000000000000002,-0.09999999999999998,1.0,gaussian,False,2.8647889756541165,5;15;25;35;45;55,results/paper5_structure2_alpha52_offset30_h7/structure2_br_bt.csv
0.14815122964304206,1.247181641597489,0.4782291126365473,0.03382129021387741,0.5106783515674461,0.04904435641138518,0.04,-0.09999999999999998,1.0,gaussian,False,2.8647889756541165,5;15;25;35;45;55,results/paper5_structure2_alpha52_offset30_h7/structure2_br_bt.csv
0.16502819810362993,1.2304683318862923,0.458534897556587,0.07163872765604265,0.5106783515674461,0.04904435641138518,0.08,0.18000000000000005,2.6,gaussian,False,2.8647889756541165,5;15;25;35;45;55,results/paper5_structure2_alpha52_offset30_h7/structure2_br_bt.csv
0.18621909515991686,1.2096380029174523,0.42845665200963423,0.08342793354378993,0.5106783515674461,0.04904435641138518,0.28,0.26000000000000006,1.5999999999999999,gaussian,False,2.8647889756541165,5;15;25;35;45;55,results/paper5_structure2_alpha52_offset30_h7/structure2_br_bt.csv
0.2150229015863733,1.181787015241684,0.4142153900168837,0.06960697261455441,0.5106783515674461,0.04904435641138518,0.24000000000000002,0.18000000000000005,2.4,gaussian,False,2.8647889756541165,5;15;25;35;45;55,results/paper5_structure2_alpha52_offset30_h7/structure2_br_bt.csv
0.14862764079374902,1.2490084420662229,0.4691176788119448,0.09011806217017751,0.5106783515674461,0.04904435641138518,0.08,0.30000000000000004,1.4,gaussian,False,2.8647889756541165,5;15;25;35;45;55,results/paper5_structure2_alpha52_offset30_h7/structure2_br_bt.csv
0.3052021059988908,1.0924517218769723,0.3628031748178724,0.028920656137802613,0.5106783515674461,0.04904435641138518,0.36,-0.05999999999999998,3.0000000000000004,gaussian,False,2.8647889756541165,5;15;25;35;45;55,results/paper5_structure2_alpha52_offset30_h7/structure2_br_bt.csv
0.1470351933800314,1.2512943603097588,0.4496891469786038,0.03291966550743964,0.5106783515674461,0.04904435641138518,0.28,-0.09999999999999998,1.0,gaussian,False,2.8647889756541165,5;15;25;35;45;55,results/paper5_structure2_alpha52_offset30_h7/structure2_br_bt.csv
0.15480053586943796,1.2436334139509349,0.4732473085705813,0.07934184499138773,0.5106783515674461,0.04904435641138518,0.04,0.22000000000000006,1.9999999999999998,gaussian,False,2.8647889756541165,5;15;25;35;45;55,results/paper5_structure2_alpha52_offset30_h7/structure2_br_bt.csv
0.14881031008771517,1.2498180121646667,0.46217311031807085,0.09003302434074757,0.5106783515674461,0.04904435641138518,0.12,0.30000000000000004,1.4,gaussian,False,2.8647889756541165,5;15;25;35;45;55,results/paper5_structure2_alpha52_offset30_h7/structure2_br_bt.csv
0.1509686139040891,1.248273421521755,0.4761679165125515,0.09020551868517708,0.5106783515674461,0.04904435641138518,0.04,0.30000000000000004,1.4,gaussian,False,2.8647889756541165,5;15;25;35;45;55,results/paper5_structure2_alpha52_offset30_h7/structure2_br_bt.csv
0.15724174940221242,1.2447712068680823,0.46327311190947273,0.07920124550497316,0.5106783515674461,0.04904435641138518,0.08,0.22000000000000006,1.9999999999999998,gaussian,False,2.8647889756541165,5;15;25;35;45;55,results/paper5_structure2_alpha52_offset30_h7/structure2_br_bt.csv
0.151507493958486,1.2507019870509777,0.45533904587397533,0.08995041205665945,0.5106783515674461,0.04904435641138518,0.16,0.30000000000000004,1.4,gaussian,False,2.8647889756541165,5;15;25;35;45;55,results/paper5_structure2_alpha52_offset30_h7/structure2_br_bt.csv
0.1531467481130401,1.252164782832382,0.44530809515259856,0.03278409989970145,0.5106783515674461,0.04904435641138518,0.32,-0.09999999999999998,1.0,gaussian,False,2.8647889756541165,5;15;25;35;45;55,results/paper5_structure2_alpha52_offset30_h7/structure2_br_bt.csv
0.1755061484228041,1.2321190791365277,0.44624673057746184,0.07145147096194661,0.5106783515674461,0.04904435641138518,0.12,0.18000000000000005,2.6,gaussian,False,2.8647889756541165,5;15;25;35;45;55,results/paper5_structure2_alpha52_offset30_h7/structure2_br_bt.csv
0.15658931195791082,1.2516602090818296,0.44862053560100723,0.08987023200688603,0.5106783515674461,0.04904435641138518,0.2,0.30000000000000004,1.4,gaussian,False,2.8647889756541165,5;15;25;35;45;55,results/paper5_structure2_alpha52_offset30_h7/structure2_br_bt.csv
0.1629878610952562,1.2460161680188253,0.4533896263119934,0.07906449772947213,0.5106783515674461,0.04904435641138518,0.12,0.22000000000000006,1.9999999999999998,gaussian,False,2.8647889756541165,5;15;25;35;45;55,results/paper5_structure2_alpha52_offset30_h7/structure2_br_bt.csv
0.19904841707378043,1.2110660724528108,0.4211062433070183,0.08333849378284747,0.5106783515674461,0.04904435641138518,0.32,0.26000000000000006,1.5999999999999999,gaussian,False,2.8647889756541165,5;15;25;35;45;55,results/paper5_structure2_alpha52_offset30_h7/structure2_br_bt.csv
0.16071203324506259,1.253087782367365,0.4410431495944702,0.03265288072432465,0.5106783515674461,0.04904435641138518,0.36,-0.09999999999999998,1.0,gaussian,False,2.8647889756541165,5;15;25;35;45;55,results/paper5_structure2_alpha52_offset30_h7/structure2_br_bt.csv
0.16383401377618634,1.252692507875638,0.4420228486148842,0.08979249070700587,0.5106783515674461,0.04904435641138518,0.24000000000000002,0.30000000000000004,1.4,gaussian,False,2.8647889756541165,5;15;25;35;45;55,results/paper5_structure2_alpha52_offset30_h7/structure2_br_bt.csv
0.23325105672297092,1.1839327661929264,0.4030081788334013,0.06944812245115757,0.5106783515674461,0.04904435641138518,0.28,0.18000000000000005,2.4,gaussian,False,2.8647889756541165,5;15;25;35;45;55,results/paper5_structure2_alpha52_offset30_h7/structure2_br_bt.csv
0.1717074000545119,1.247367976518855,0.4436029149548341,0.07893162168397033,0.5106783515674461,0.04904435641138518,0.16,0.22000000000000006,1.9999999999999998,gaussian,False,2.8647889756541165,5;15;25;35;45;55,results/paper5_structure2_alpha52_offset30_h7/structure2_br_bt.csv
0.18909932227336776,1.233909430624673,0.43402768116021667,0.07126962784460769,0.5106783515674461,0.04904435641138518,0.16,0.18000000000000005,2.6,gaussian,False,2.8647889756541165,5;15;25;35;45;55,results/paper5_structure2_alpha52_offset30_h7/structure2_br_bt.csv
0.21313499828051588,1.2125810073015648,0.41389737471392585,0.08325206007070192,0.5106783515674461,0.04904435641138518,0.36,0.26000000000000006,1.5999999999999999,gaussian,False,2.8647889756541165,5;15;25;35;45;55,results/paper5_structure2_alpha52_offset30_h7/structure2_br_bt.csv
0.17297004098187585,1.2537987004620093,0.43555147560474294,0.08971719449665973,0.5106783515674461,0.04904435641138518,0.28,0.30000000000000004,1.4,gaussian,False,2.8647889756541165,5;15;25;35;45;55,results/paper5_structure2_alpha52_offset30_h7/structure2_br_bt.csv
0.14339938313891762,1.2845932413927954,0.4652508050439238,0.03513763234599533,0.5106783515674461,0.04904435641138518,0.12,-0.09999999999999998,1.2,gaussian,False,2.8647889756541165,5;15;25;35;45;55,results/paper5_structure2_alpha52_offset30_h7/structure2_br_bt.csv
0.1449794977171997,1.2838643690820724,0.47117627632276615,0.0353171219782549,0.5106783515674461,0.04904435641138518,0.08,-0.09999999999999998,1.2,gaussian,False,2.8647889756541165,5;15;25;35;45;55,results/paper5_structure2_alpha52_offset30_h7/structure2_br_bt.csv
0.15931745932736258,1.2701149254865223,0.4702476393199802,0.07269589121924437,0.5106783515674461,0.04904435641138518,0.04,0.18000000000000005,2.8000000000000003,gaussian,False,2.8647889756541165,5;15;25;35;45;55,results/paper5_structure2_alpha52_offset30_h7/structure2_br_bt.csv
0.1440676543651292,1.2853840456430203,0.4594327755895886,0.03496273469566762,0.5106783515674461,0.04904435641138518,0.16,-0.09999999999999998,1.2,gaussian,False,2.8647889756541165,5;15;25;35;45;55,results/paper5_structure2_alpha52_offset30_h7/structure2_br_bt.csv
0.18297577124387054,1.2488262853932472,0.4339195258865138,0.07880263695386193,0.5106783515674461,0.04904435641138518,0.2,0.22000000000000006,1.9999999999999998,gaussian,False,2.8647889756541165,5;15;25;35;45;55,results/paper5_structure2_alpha52_offset30_h7/structure2_br_bt.csv
0.14873635754380496,1.2831975342452127,0.47720518711772086,0.03550113394292406,0.5106783515674461,0.04904435641138518,0.04,-0.09999999999999998,1.2,gaussian,False,2.8647889756541165,5;15;25;35;45;55,results/paper5_structure2_alpha52_offset30_h7/structure2_br_bt.csv
0.1469536410140158,1.2862366676017352,0.4537263210848475,0.03479249827734198,0.5106783515674461,0.04904435641138518,0.2,-0.09999999999999998,1.2,gaussian,False,2.8647889756541165,5;15;25;35;45;55,results/paper5_structure2_alpha52_offset30_h7/structure2_br_bt.csv
0.18371544747576476,1.254978591441372,0.42921213004118486,0.08964434953706073,0.5106783515674461,0.04904435641138518,0.32,0.30000000000000004,1.4,gaussian,False,2.8647889756541165,5;15;25;35;45;55,results/paper5_structure2_alpha52_offset30_h7/structure2_br_bt.csv
0.2527152152916165,1.1862111309886754,0.3919089459937073,0.06929452832724804,0.5106783515674461,0.04904435641138518,0.32,0.18000000000000005,2.4,gaussian,False,2.8647889756541165,5;15;25;35;45;55,results/paper5_structure2_alpha52_offset30_h7/structure2_br_bt.csv
0.16726631889953597,1.271668029072035,0.45725156342218354,0.0724952585194517,0.5106783515674461,0.04904435641138518,0.08,0.18000000000000005,2.8000000000000003,gaussian,False,2.8647889756541165,5;15;25;35;45;55,results/paper5_structure2_alpha52_offset30_h7/structure2_br_bt.csv
0.15193101659516334,1.2871509844229,0.44813570385735807,0.03462699183902567,0.5106783515674461,0.04904435641138518,0.24000000000000002,-0.09999999999999998,1.2,gaussian,False,2.8647889756541165,5;15;25;35;45;55,results/paper5_structure2_alpha52_offset30_h7/structure2_br_bt.csv
0.20518952902000107,1.2358387796196617,0.421883754918286,0.07109323984476715,0.5106783515674461,0.04904435641138518,0.2,0.18000000000000005,2.6,gaussian,False,2.8647889756541165,5;15;25;35;45;55,results/paper5_structure2_alpha52_offset30_h7/structure2_br_bt.csv
0.19635464789720053,1.2503907220134751,0.4243465324646621,0.07867756267752551,0.5106783515674461,0.04904435641138518,0.24000000000000002,0.22000000000000006,1.9999999999999998,gaussian,False,2.8647889756541165,5;15;25;35;45;55,results/paper5_structure2_alpha52_offset30_h7/structure2_br_bt.csv
0.15880325129971679,1.288126864732854,0.44266531281044824,0.03446628352060833,0.5106783515674461,0.04904435641138518,0.28,-0.09999999999999998,1.2,gaussian,False,2.8647889756541165,5;15;25;35;45;55,results/paper5_structure2_alpha52_offset30_h7/structure2_br_bt.csv
0.1958054538613816,1.2562319731544795,0.42301074775551845,0.08957396180856067,0.5106783515674461,0.04904435641138518,0.36,0.30000000000000004,1.4,gaussian,False,2.8647889756541165,5;15;25;35;45;55,results/paper5_structure2_alpha52_offset30_h7/structure2_br_bt.csv
0.17904802486465055,1.273366536117123,0.44431094024005385,0.07230030897898451,0.5106783515674461,0.04904435641138518,0.12,0.18000000000000005,2.8000000000000003,gaussian,False,2.8647889756541165,5;15;25;35;45;55,results/paper5_structure2_alpha52_offset30_h7/structure2_br_bt.csv
0.14727984263360844,1.3052432483150336,0.4691334923505853,0.03689610176286722,0.5106783515674461,0.04904435641138518,0.08,-0.09999999999999998,1.4,gaussian,False,2.8647889756541165,5;15;25;35;45;55,results/paper5_structure2_alpha52_offset30_h7/structure2_br_bt.csv
0.147457286067748,1.306102369819794,0.462188587723308,0.03669513616942857,0.5106783515674461,0.04904435641138518,0.12,-0.09999999999999998,1.4,gaussian,False,2.8647889756541165,5;15;25;35;45;55,results/paper5_structure2_alpha52_offset30_h7/structure2_br_bt.csv
0.14964869673534664,1.3044554019967713,0.47618405279641324,0.03710205448066615,0.5106783515674461,0.04904435641138518,0.04,-0.09999999999999998,1.4,gaussian,False,2.8647889756541165,5;15;25;35;45;55,results/paper5_structure2_alpha52_offset30_h7/structure2_br_bt.csv
0.1673370522820331,1.2891641687233528,0.4373196596618051,0.034310440744587715,0.5106783515674461,0.04904435641138518,0.32,-0.09999999999999998,1.2,gaussian,False,2.8647889756541165,5;15;25;35;45;55,results/paper5_structure2_alpha52_offset30_h7/structure2_br_bt.csv
0.15017200118345417,1.3070326259620546,0.4553541732184357,0.036499240078082085,0.5106783515674461,0.04904435641138518,0.16,-0.09999999999999998,1.4,gaussian,False,2.8647889756541165,5;15;25;35;45;55,results/paper5_structure2_alpha52_offset30_h7/structure2_br_bt.csv
0.16024424748504817,1.2985107930040842,0.4696770221433919,0.07311652397655857,0.5106783515674461,0.04904435641138518,0.04,0.18000000000000005,3.0000000000000004,gaussian,False,2.8647889756541165,5;15;25;35;45;55,results/paper5_structure2_alpha52_offset30_h7/structure2_br_bt.csv
0.2232374868605539,1.2379064762146506,0.4098216301063023,0.07092234766401931,0.5106783515674461,0.04904435641138518,0.24000000000000002,0.18000000000000005,2.6,gaussian,False,2.8647889756541165,5;15;25;35;45;55,results/paper5_structure2_alpha52_offset30_h7/structure2_br_bt.csv
0.27315128031759195,1.1886213470413713,0.38092713024499913,0.06914622526846817,0.5106783515674461,0.04904435641138518,0.36,0.18000000000000005,2.4,gaussian,False,2.8647889756541165,5;15;25;35;45;55,results/paper5_structure2_alpha52_offset30_h7/structure2_br_bt.csv
0.15529097920070414,1.3080338649718235,0.44863529841330374,0.03630849554373684,0.5106783515674461,0.04904435641138518,0.2,-0.09999999999999998,1.4,gaussian,False,2.8647889756541165,5;15;25;35;45;55,results/paper5_structure2_alpha52_offset30_h7/structure2_br_bt.csv
0.2114437889821153,1.2520608885631694,0.41489157639561997,0.07855641753315118,0.5106783515674461,0.04904435641138518,0.28,0.22000000000000006,1.9999999999999998,gaussian,False,2.8647889756541165,5;15;25;35;45;55,results/paper5_structure2_alpha52_offset30_h7/structure2_br_bt.csv
0.17729264827644828,1.2902627482500924,0.4321033739224501,0.03415953010383302,0.5106783515674461,0.04904435641138518,0.36,-0.09999999999999998,1.2,gaussian,False,2.8647889756541165,5;15;25;35;45;55,results/paper5_structure2_alpha52_offset30_h7/structure2_br_bt.csv
0.15076737533754098,1.3174173812859968,0.4751777635499628,0.0386259502229471,0.5106783515674461,0.04904435641138518,0.04,-0.09999999999999998,1.5999999999999999,gaussian,False,2.8647889756541165,5;15;25;35;45;55,results/paper5_structure2_alpha52_offset30_h7/structure2_br_bt.csv
0.14996690667824433,1.3183324271229462,0.46711611875290354,0.038399669876705726,0.5106783515674461,0.04904435641138518,0.08,-0.09999999999999998,1.5999999999999999,gaussian,False,2.8647889756541165,5;15;25;35;45;55,results/paper5_structure2_alpha52_offset30_h7/structure2_br_bt.csv
0.19396539422206135,1.2752098656144921,0.43143075966013694,0.07211108869046216,0.5106783515674461,0.04904435641138518,0.16,0.18000000000000005,2.8000000000000003,gaussian,False,2.8647889756541165,5;15;25;35;45;55,results/paper5_structure2_alpha52_offset30_h7/structure2_br_bt.csv
0.169284830100916,1.3001101592451363,0.4561056615616232,0.0729078495681913,0.5106783515674461,0.04904435641138518,0.08,0.18000000000000005,3.0000000000000004,gaussian,False,2.8647889756541165,5;15;25;35;45;55,results/paper5_structure2_alpha52_offset30_h7/structure2_br_bt.csv
0.15202920425421537,1.3193282207136123,0.4591581785913156,0.03817881313071101,0.5106783515674461,0.04904435641138518,0.12,-0.09999999999999998,1.5999999999999999,gaussian,False,2.8647889756541165,5;15;25;35;45;55,results/paper5_structure2_alpha52_offset30_h7/structure2_br_bt.csv
0.16258728750882148,1.3091059239803593,0.4420372318781677,0.036122984173641584,0.5106783515674461,0.04904435641138518,0.24000000000000002,-0.09999999999999998,1.4,gaussian,False,2.8647889756541165,5;15;25;35;45;55,results/paper5_structure2_alpha52_offset30_h7/structure2_br_bt.csv
0.15199429027716518,1.3251650805946402,0.4742048479251819,0.04002631854225425,0.5106783515674461,0.04904435641138518,0.04,-0.09999999999999998,1.7999999999999998,gaussian,False,2.8647889756541165,5;15;25;35;45;55,results/paper5_structure2_alpha52_offset30_h7/structure2_br_bt.csv
0.15684138168467224,1.320404579368331,0.45130942897074244,0.03796347464227818,0.5106783515674461,0.04904435641138518,0.16,-0.09999999999999998,1.5999999999999999,gaussian,False,2.8647889756541165,5;15;25;35;45;55,results/paper5_structure2_alpha52_offset30_h7/structure2_br_bt.csv
0.15866837995100214,1.3196702091902002,0.4697392886706791,0.044478517753275534,0.5106783515674461,0.04904435641138518,0.04,-0.09999999999999998,3.0000000000000004,gaussian,False,2.8647889756541165,5;15;25;35;45;55,results/paper5_structure2_alpha52_offset30_h7/structure2_br_bt.csv
0.15282980059543025,1.326211082750371,0.4651620119374253,0.039781300719209815,0.5106783515674461,0.04904435641138518,0.08,-0.09999999999999998,1.7999999999999998,gaussian,False,2.8647889756541165,5;15;25;35;45;55,results/paper5_structure2_alpha52_offset30_h7/structure2_br_bt.csv
0.22790374570666527,1.2538363625313058,0.40556291323709204,0.07843921972573828,0.5106783515674461,0.04904435641138518,0.32,0.22000000000000006,1.9999999999999998,gaussian,False,2.8647889756541165,5;15;25;35;45;55,results/paper5_structure2_alpha52_offset30_h7/structure2_br_bt.csv
0.1717837112607925,1.3102486291507023,0.4355654637592399,0.03594278699761997,0.5106783515674461,0.04904435641138518,0.28,-0.09999999999999998,1.4,gaussian,False,2.8647889756541165,5;15;25;35;45;55,results/paper5_structure2_alpha52_offset30_h7/structure2_br_bt.csv
0.24280702593900633,1.2401118283895134,0.39784874705146184,0.07075699112285788,0.5106783515674461,0.04904435641138518,0.28,0.18000000000000005,2.6,gaussian,False,2.8647889756541165,5;15;25;35;45;55,results/paper5_structure2_alpha52_offset30_h7/structure2_br_bt.csv
0.15325166511244429,1.3302355768511032,0.47328404434437055,0.041299052770089655,0.5106783515674461,0.04904435641138518,0.04,-0.09999999999999998,1.9999999999999998,gaussian,False,2.8647889756541165,5;15;25;35;45;55,results/paper5_structure2_alpha52_offset30_h7/structure2_br_bt.csv
0.18224158096934762,1.3018608412782873,0.44258233545612885,0.07270517793762021,0.5106783515674461,0.04904435641138518,0.12,0.18000000000000005,3.0000000000000004,gaussian,False,2.8647889756541165,5;15;25;35;45;55,results/paper5_structure2_alpha52_offset30_h7/structure2_br_bt.csv
0.15678915718343622,1.3273474891833243,0.4562175364855889,0.039542130888319996,0.5106783515674461,0.04904435641138518,0.12,-0.09999999999999998,1.7999999999999998,gaussian,False,2.8647889756541165,5;15;25;35;45;55,results/paper5_structure2_alpha52_offset30_h7/structure2_br_bt.csv
0.15775328638975078,1.3266651993242076,0.4703060939730622,0.04429827611222977,0.5106783515674461,0.04904435641138518,0.04,-0.09999999999999998,2.8000000000000003,gaussian,False,2.8647889756541165,5;15;25;35;45;55,results/paper5_structure2_alpha52_offset30_h7/structure2_br_bt.csv
0.16416178997075573,1.3215613062360807,0.4435756660712874,0.03775374883604834,0.5106783515674461,0.04904435641138518,0.2,-0.09999999999999998,1.5999999999999999,gaussian,False,2.8647889756541165,5;15;25;35;45;55,results/paper5_structure2_alpha52_offset30_h7/structure2_br_bt.csv
0.15570824526238422,1.3314124356405996,0.4633098569447175,0.04103711637561353,0.5106783515674461,0.04904435641138518,0.08,-0.09999999999999998,1.9999999999999998,gaussian,False,2.8647889756541165,5;15;25;35;45;55,results/paper5_structure2_alpha52_offset30_h7/structure2_br_bt.csv
0.1544841416186826,1.3330465686231117,0.4724291465116223,0.04239361888091588,0.5106783515674461,0.04904435641138518,0.04,-0.09999999999999998,2.1999999999999997,gaussian,False,2.8647889756541165,5;15;25;35;45;55,results/paper5_structure2_alpha52_offset30_h7/structure2_br_bt.csv
0.15674891989218398,1.3313291708917572,0.47094055414252084,0.04390125485034163,0.5106783515674461,0.04904435641138518,0.04,-0.09999999999999998,2.6,gaussian,False,2.8647889756541165,5;15;25;35;45;55,results/paper5_structure2_alpha52_offset30_h7/structure2_br_bt.csv
0.21135552578904265,1.2771973905143985,0.4186166008937027,0.07192764286978509,0.5106783515674461,0.04904435641138518,0.2,0.18000000000000005,2.8000000000000003,gaussian,False,2.8647889756541165,5;15;25;35;45;55,results/paper5_structure2_alpha52_offset30_h7/structure2_br_bt.csv
0.15565640888087484,1.3334621639348458,0.47164744406923786,0.043267522580883115,0.5106783515674461,0.04904435641138518,0.04,-0.09999999999999998,2.4,gaussian,False,2.8647889756541165,5;15;25;35;45;55,results/paper5_structure2_alpha52_offset30_h7/structure2_br_bt.csv
0.16777946524787113,1.3214425617343502,0.45616839685084215,0.044148945697735954,0.5106783515674461,0.04904435641138518,0.08,-0.09999999999999998,3.0000000000000004,gaussian,False,2.8647889756541165,5;15;25;35;45;55,results/paper5_structure2_alpha52_offset30_h7/structure2_br_bt.csv
0.16364577555689927,1.3285740679094613,0.4473773212151725,0.03930891579370368,0.5106783515674461,0.04904435641138518,0.16,-0.09999999999999998,1.7999999999999998,gaussian,False,2.8647889756541165,5;15;25;35;45;55,results/paper5_structure2_alpha52_offset30_h7/structure2_br_bt.csv
0.1584924475829174,1.3343516400129398,0.46158851960519887,0.04211636641143791,0.5106783515674461,0.04904435641138518,0.08,-0.09999999999999998,2.1999999999999997,gaussian,False,2.8647889756541165,5;15;25;35;45;55,results/paper5_structure2_alpha52_offset30_h7/structure2_br_bt.csv
0.1351480088003934,1.357806266033603,0.4637975447000834,0.03813637099835356,0.5106783515674461,0.04904435641138518,0.2,-0.13999999999999999,0.8,gaussian,False,2.8647889756541165,5;15;25;35;45;55,results/paper5_structure2_alpha52_offset30_h7/structure2_br_bt.csv
0.13612143479188132,1.3572966620150126,0.46752893716644056,0.038239251283603455,0.5106783515674461,0.04904435641138518,0.16,-0.13999999999999999,0.8,gaussian,False,2.8647889756541165,5;15;25;35;45;55,results/paper5_structure2_alpha52_offset30_h7/structure2_br_bt.csv
0.18259337448625826,1.3114617958162553,0.42922570699139206,0.03576798433363159,0.5106783515674461,0.04904435641138518,0.32,-0.09999999999999998,1.4,gaussian,False,2.8647889756541165,5;15;25;35;45;55,results/paper5_structure2_alpha52_offset30_h7/structure2_br_bt.csv
0.16576415854144141,1.328328154475877,0.45731044984269464,0.0439810371983808,0.5106783515674461,0.04904435641138518,0.08,-0.09999999999999998,2.8000000000000003,gaussian,False,2.8647889756541165,5;15;25;35;45;55,results/paper5_structure2_alpha52_offset30_h7/structure2_br_bt.csv
0.13576756680257357,1.3583548564002694,0.46015829486522186,0.03803657784718622,0.5106783515674461,0.04904435641138518,0.24000000000000002,-0.13999999999999999,0.8,gaussian,False,2.8647889756541165,5;15;25;35;45;55,results/paper5_structure2_alpha52_offset30_h7/structure2_br_bt.csv
0.1615003271989879,1.33268942443482,0.45342637366319954,0.04078145007129694,0.5106783515674461,0.04904435641138518,0.12,-0.09999999999999998,1.9999999999999998,gaussian,False,2.8647889756541165,5;15;25;35;45;55,results/paper5_structure2_alpha52_offset30_h7/structure2_br_bt.csv
0.13865429808252913,1.3568260882726033,0.47135028395847567,0.038345193854570296,0.5106783515674461,0.04904435641138518,0.12,-0.13999999999999999,0.8,gaussian,False,2.8647889756541165,5;15;25;35;45;55,results/paper5_structure2_alpha52_offset30_h7/structure2_br_bt.csv
0.16111564537142223,1.3348913610084359,0.460013611550191,0.04297618515129931,0.5106783515674461,0.04904435641138518,0.08,-0.09999999999999998,2.4,gaussian,False,2.8647889756541165,5;15;25;35;45;55,results/paper5_structure2_alpha52_offset30_h7/structure2_br_bt.csv
0.1635435591375136,1.3328777382136405,0.45858905255457083,0.043596689443845794,0.5106783515674461,0.04904435641138518,0.08,-0.09999999999999998,2.6,gaussian,False,2.8647889756541165,5;15;25;35;45;55,results/paper5_structure2_alpha52_offset30_h7/structure2_br_bt.csv
0.1736735494515685,1.3227981904818351,0.43596300935441795,0.03754972975736737,0.5106783515674461,0.04904435641138518,0.24000000000000002,-0.09999999999999998,1.5999999999999999,gaussian,False,2.8647889756541165,5;15;25;35;45;55,results/paper5_structure2_alpha52_offset30_h7/structure2_br_bt.csv
0.13795864868916557,1.35894238589991,0.4566133908223778,0.037939896190337066,0.5106783515674461,0.04904435641138518,0.28,-0.13999999999999999,0.8,gaussian,False,2.8647889756541165,5;15;25;35;45;55,results/paper5_structure2_alpha52_offset30_h7/structure2_br_bt.csv
0.14266356361589513,1.3563945854286779,0.4752594152345517,0.038454173401154826,0.5106783515674461,0.04904435641138518,0.08,-0.13999999999999999,0.8,gaussian,False,2.8647889756541165,5;15;25;35;45;55,results/paper5_structure2_alpha52_offset30_h7/structure2_br_bt.csv
0.24545890078560753,1.2557166972314293,0.39636946010348223,0.07832598697428302,0.5106783515674461,0.04904435641138518,0.36,0.22000000000000006,1.9999999999999998,gaussian,False,2.8647889756541165,5;15;25;35;45;55,results/paper5_structure2_alpha52_offset30_h7/structure2_br_bt.csv
0.1416483460569138,1.359568804050586,0.4531650466496162,0.03784634987352875,0.5106783515674461,0.04904435641138518,0.32,-0.13999999999999999,0.8,gaussian,False,2.8647889756541165,5;15;25;35;45;55,results/paper5_structure2_alpha52_offset30_h7/structure2_br_bt.csv
0.16600752015453554,1.3357665917388084,0.4508297214475891,0.04184581185560262,0.5106783515674461,0.04904435641138518,0.12,-0.09999999999999998,2.1999999999999997,gaussian,False,2.8647889756541165,5;15;25;35;45;55,results/paper5_structure2_alpha52_offset30_h7/structure2_br_bt.csv
0.19834852973436243,1.3037622295465865,0.42911158522835346,0.07250855942068964,0.5106783515674461,0.04904435641138518,0.16,0.18000000000000005,3.0000000000000004,gaussian,False,2.8647889756541165,5;15;25;35;45;55,results/paper5_structure2_alpha52_offset30_h7/structure2_br_bt.csv
0.15615025494389653,1.346117947616302,0.4723852067902185,0.08223723666659641,0.5106783515674461,0.04904435641138518,0.04,0.22000000000000006,2.1999999999999997,gaussian,False,2.8647889756541165,5;15;25;35;45;55,results/paper5_structure2_alpha52_offset30_h7/structure2_br_bt.csv
0.17305562138231542,1.3298905694268846,0.4386476697438678,0.039081762037740456,0.5106783515674461,0.04904435641138518,0.2,-0.09999999999999998,1.7999999999999998,gaussian,False,2.8647889756541165,5;15;25;35;45;55,results/paper5_structure2_alpha52_offset30_h7/structure2_br_bt.csv
0.1480293181443579,1.3560021907822997,0.47925418290510385,0.03856616417787867,0.5106783515674461,0.04904435641138518,0.04,-0.13999999999999999,0.8,gaussian,False,2.8647889756541165,5;15;25;35;45;55,results/paper5_structure2_alpha52_offset30_h7/structure2_br_bt.csv
0.18083071753192898,1.3233633303666286,0.44264556139224187,0.04382784720876084,0.5106783515674461,0.04904435641138518,0.12,-0.09999999999999998,3.0000000000000004,gaussian,False,2.8647889756541165,5;15;25;35;45;55,results/paper5_structure2_alpha52_offset30_h7/structure2_br_bt.csv
0.17028789442530806,1.33406625569584,0.4436396567087289,0.04053217250756194,0.5106783515674461,0.04904435641138518,0.16,-0.09999999999999998,1.9999999999999998,gaussian,False,2.8647889756541165,5;15;25;35;45;55,results/paper5_structure2_alpha52_offset30_h7/structure2_br_bt.csv
0.2635594273328841,1.2424541031297855,0.3859734106726085,0.07059720911890274,0.5106783515674461,0.04904435641138518,0.32,0.18000000000000005,2.6,gaussian,False,2.8647889756541165,5;15;25;35;45;55,results/paper5_structure2_alpha52_offset30_h7/structure2_br_bt.csv
0.170221332573082,1.3364401803630868,0.448452406604495,0.042691982136080865,0.5106783515674461,0.04904435641138518,0.12,-0.09999999999999998,2.4,gaussian,False,2.8647889756541165,5;15;25;35;45;55,results/paper5_structure2_alpha52_offset30_h7/structure2_br_bt.csv
0.1467236442194885,1.3602340571250249,0.44981548307410063,0.037755962201658264,0.5106783515674461,0.04904435641138518,0.36,-0.13999999999999999,0.8,gaussian,False,2.8647889756541165,5;15;25;35;45;55,results/paper5_structure2_alpha52_offset30_h7/structure2_br_bt.csv
0.16012696423508857,1.3472801315611773,0.46154446225634127,0.08208951458500294,0.5106783515674461,0.04904435641138518,0.08,0.22000000000000006,2.1999999999999997,gaussian,False,2.8647889756541165,5;15;25;35;45;55,results/paper5_structure2_alpha52_offset30_h7/structure2_br_bt.csv
0.19474782903724255,1.312745228627163,0.4230238968827752,0.03559865564895769,0.5106783515674461,0.04904435641138518,0.36,-0.09999999999999998,1.4,gaussian,False,2.8647889756541165,5;15;25;35;45;55,results/paper5_structure2_alpha52_offset30_h7/structure2_br_bt.csv
0.17763338178730192,1.3301300416753565,0.4443702762802764,0.04367182458505643,0.5106783515674461,0.04904435641138518,0.12,-0.09999999999999998,2.8000000000000003,gaussian,False,2.8647889756541165,5;15;25;35;45;55,results/paper5_structure2_alpha52_offset30_h7/structure2_br_bt.csv
0.1741000033559096,1.3345556253670117,0.4463012703299533,0.043299702441533645,0.5106783515674461,0.04904435641138518,0.12,-0.09999999999999998,2.6,gaussian,False,2.8647889756541165,5;15;25;35;45;55,results/paper5_structure2_alpha52_offset30_h7/structure2_br_bt.csv
0.1850390350354992,1.3241150074754318,0.42847791385580164,0.03735151091913947,0.5106783515674461,0.04904435641138518,0.28,-0.09999999999999998,1.5999999999999999,gaussian,False,2.8647889756541165,5;15;25;35;45;55,results/paper5_structure2_alpha52_offset30_h7/structure2_br_bt.csv
0.2306598092114479,1.279328438764531,0.40587471725352015,0.07175001580832974,0.5106783515674461,0.04904435641138518,0.24000000000000002,0.18000000000000005,2.8000000000000003,gaussian,False,2.8647889756541165,5;15;25;35;45;55,results/paper5_structure2_alpha52_offset30_h7/structure2_br_bt.csv
0.1536103324906047,1.3567290462574573,0.4741753184289168,0.08853525174944059,0.5106783515674461,0.04904435641138518,0.04,0.26000000000000006,1.7999999999999998,gaussian,False,2.8647889756541165,5;15;25;35;45;55,results/paper5_structure2_alpha52_offset30_h7/structure2_br_bt.csv
0.15444573344550788,1.357644256090353,0.4651326559222628,0.08842081807469379,0.5106783515674461,0.04904435641138518,0.08,0.26000000000000006,1.7999999999999998,gaussian,False,2.8647889756541165,5;15;25;35;45;55,results/paper5_structure2_alpha52_offset30_h7/structure2_br_bt.csv
0.17658219738344313,1.3372910750164766,0.44015875249877173,0.041582085953885746,0.5106783515674461,0.04904435641138518,0.16,-0.09999999999999998,2.1999999999999997,gaussian,False,2.8647889756541165,5;15;25;35;45;55,results/paper5_structure2_alpha52_offset30_h7/structure2_br_bt.csv
0.1846287207167212,1.331296726965287,0.4300353154092868,0.03886077591200779,0.5106783515674461,0.04904435641138518,0.24000000000000002,-0.09999999999999998,1.7999999999999998,gaussian,False,2.8647889756541165,5;15;25;35;45;55,results/paper5_structure2_alpha52_offset30_h7/structure2_br_bt.csv
0.16757840585564368,1.3485514154889318,0.4507855488326189,0.08194588438301756,0.5106783515674461,0.04904435641138518,0.12,0.22000000000000006,2.1999999999999997,gaussian,False,2.8647889756541165,5;15;25;35;45;55,results/paper5_structure2_alpha52_offset30_h7/structure2_br_bt.csv
0.15837311355858696,1.358647976144093,0.45618836712131233,0.08830953432710421,0.5106783515674461,0.04904435641138518,0.12,0.26000000000000006,1.7999999999999998,gaussian,False,2.8647889756541165,5;15;25;35;45;55,results/paper5_structure2_alpha52_offset30_h7/structure2_br_bt.csv
0.18163670210055266,1.335542620636329,0.43395625304398205,0.04028940226934217,0.5106783515674461,0.04904435641138518,0.2,-0.09999999999999998,1.9999999999999998,gaussian,False,2.8647889756541165,5;15;25;35;45;55,results/paper5_structure2_alpha52_offset30_h7/structure2_br_bt.csv
0.18242826059634454,1.3381082066214594,0.4369695939430852,0.04241505694836793,0.5106783515674461,0.04904435641138518,0.16,-0.09999999999999998,2.4,gaussian,False,2.8647889756541165,5;15;25;35;45;55,results/paper5_structure2_alpha52_offset30_h7/structure2_br_bt.csv
0.19704073976979394,1.325431869849275,0.4291753249258306,0.043515409865092496,0.5106783515674461,0.04904435641138518,0.16,-0.09999999999999998,3.0000000000000004,gaussian,False,2.8647889756541165,5;15;25;35;45;55,results/paper5_structure2_alpha52_offset30_h7/structure2_br_bt.csv
0.21690502516775384,1.3058136657225798,0.4156985220887047,0.07231804338908789,0.5106783515674461,0.04904435641138518,0.2,0.18000000000000005,3.0000000000000004,gaussian,False,2.8647889756541165,5;15;25;35;45;55,results/paper5_structure2_alpha52_offset30_h7/structure2_br_bt.csv
0.19793918613980754,1.3255115189915747,0.421127181432361,0.03715918514242806,0.5106783515674461,0.04904435641138518,0.32,-0.09999999999999998,1.5999999999999999,gaussian,False,2.8647889756541165,5;15;25;35;45;55,results/paper5_structure2_alpha52_offset30_h7/structure2_br_bt.csv
0.18778490404410383,1.336362345244362,0.4340826187049627,0.043010450830249417,0.5106783515674461,0.04904435641138518,0.16,-0.09999999999999998,2.6,gaussian,False,2.8647889756541165,5;15;25;35;45;55,results/paper5_structure2_alpha52_offset30_h7/structure2_br_bt.csv
0.19264912554042513,1.3320702971239644,0.4314905639135615,0.0433708099433605,0.5106783515674461,0.04904435641138518,0.16,-0.09999999999999998,2.8000000000000003,gaussian,False,2.8647889756541165,5;15;25;35;45;55,results/paper5_structure2_alpha52_offset30_h7/structure2_br_bt.csv
0.1651720612090156,1.3597400104117712,0.44734835272044776,0.08820141242946468,0.5106783515674461,0.04904435641138518,0.16,0.26000000000000006,1.7999999999999998,gaussian,False,2.8647889756541165,5;15;25;35;45;55,results/paper5_structure2_alpha52_offset30_h7/structure2_br_bt.csv
0.17806890357657731,1.3499314911682818,0.4401144678202798,0.08180636761339671,0.5106783515674461,0.04904435641138518,0.16,0.22000000000000006,2.1999999999999997,gaussian,False,2.8647889756541165,5;15;25;35;45;55,results/paper5_structure2_alpha52_offset30_h7/structure2_br_bt.csv
0.18970551651321077,1.338924715712148,0.42958215793211396,0.041325319441814876,0.5106783515674461,0.04904435641138518,0.2,-0.09999999999999998,2.1999999999999997,gaussian,False,2.8647889756541165,5;15;25;35;45;55,results/paper5_structure2_alpha52_offset30_h7/structure2_br_bt.csv
0.2852366302070854,1.2449325275980012,0.37420490797218425,0.07044303958539627,0.5106783515674461,0.04904435641138518,0.36,0.18000000000000005,2.6,gaussian,False,2.8647889756541165,5;15;25;35;45;55,results/paper5_structure2_alpha52_offset30_h7/structure2_br_bt.csv
0.1979860831524283,1.3327922567509392,0.4215474475310958,0.03864606321997918,0.5106783515674461,0.04904435641138518,0.28,-0.09999999999999998,1.7999999999999998,gaussian,False,2.8647889756541165,5;15;25;35;45;55,results/paper5_structure2_alpha52_offset30_h7/structure2_br_bt.csv
0.19510030592456865,1.3371181895591429,0.42438323480948303,0.040053257683140164,0.5106783515674461,0.04904435641138518,0.24000000000000002,-0.09999999999999998,1.9999999999999998,gaussian,False,2.8647889756541165,5;15;25;35;45;55,results/paper5_structure2_alpha52_offset30_h7/structure2_br_bt.csv
0.25143774988536693,1.2816022944132246,0.39321213494296525,0.07157825082523575,0.5106783515674461,0.04904435641138518,0.28,0.18000000000000005,2.8000000000000003,gaussian,False,2.8647889756541165,5;15;25;35;45;55,results/paper5_structure2_alpha52_offset30_h7/structure2_br_bt.csv
0.17450726259070692,1.3609201462972103,0.4386189174670477,0.08809646402351055,0.5106783515674461,0.04904435641138518,0.2,0.26000000000000006,1.7999999999999998,gaussian,False,2.8647889756541165,5;15;25;35;45;55,results/paper5_structure2_alpha52_offset30_h7/structure2_br_bt.csv
0.19716124311640434,1.339894994584011,0.42557151917828623,0.04214555304935861,0.5106783515674461,0.04904435641138518,0.2,-0.09999999999999998,2.4,gaussian,False,2.8647889756541165,5;15;25;35;45;55,results/paper5_structure2_alpha52_offset30_h7/structure2_br_bt.csv
0.21209415962625763,1.3269874734205613,0.4139179705717003,0.036972844391137585,0.5106783515674461,0.04904435641138518,0.36,-0.09999999999999998,1.5999999999999999,gaussian,False,2.8647889756541165,5;15;25;35;45;55,results/paper5_structure2_alpha52_offset30_h7/structure2_br_bt.csv
0.20396953887858368,1.3382973760679406,0.42193910344240754,0.04272909170285486,0.5106783515674461,0.04904435641138518,0.2,-0.09999999999999998,2.6,gaussian,False,2.8647889756541165,5;15;25;35;45;55,results/paper5_structure2_alpha52_offset30_h7/structure2_br_bt.csv
0.19109861750070822,1.351420025303518,0.4295377653765771,0.08167098535680449,0.5106783515674461,0.04904435641138518,0.2,0.22000000000000006,2.1999999999999997,gaussian,False,2.8647889756541165,5;15;25;35;45;55,results/paper5_structure2_alpha52_offset30_h7/structure2_br_bt.csv
0.21569854690425638,1.3276474894799142,0.41576279992356846,0.0432118215369261,0.5106783515674461,0.04904435641138518,0.2,-0.09999999999999998,3.0000000000000004,gaussian,False,2.8647889756541165,5;15;25;35;45;55,results/paper5_structure2_alpha52_offset30_h7/structure2_br_bt.csv
0.21013794991824647,1.3341483171338993,0.4186768926635788,0.043078165127020326,0.5106783515674461,0.04904435641138518,0.2,-0.09999999999999998,2.8000000000000003,gaussian,False,2.8647889756541165,5;15;25;35;45;55,results/paper5_structure2_alpha52_offset30_h7/structure2_br_bt.csv
0.23733719876987103,1.308014443819515,0.4023489154035709,0.07213367819561106,0.5106783515674461,0.04904435641138518,0.24000000000000002,0.18000000000000005,3.0000000000000004,gaussian,False,2.8647889756541165,5;15;25;35;45;55,results/paper5_structure2_alpha52_offset30_h7/structure2_br_bt.csv
0.20488833162529035,1.3406671147917024,0.4191070827098022,0.041075642830387865,0.5106783515674461,0.04904435641138518,0.24000000000000002,-0.09999999999999998,2.1999999999999997,gaussian,False,2.8647889756541165,5;15;25;35;45;55,results/paper5_structure2_alpha52_offset30_h7/structure2_br_bt.csv
0.21279196863993932,1.334376858286627,0.41319173785807584,0.03843772909177388,0.5106783515674461,0.04904435641138518,0.32,-0.09999999999999998,1.7999999999999998,gaussian,False,2.8647889756541165,5;15;25;35;45;55,results/paper5_structure2_alpha52_offset30_h7/structure2_br_bt.csv
0.18599722518586828,1.3621881548191097,0.4300067959132845,0.08799470046400223,0.5106783515674461,0.04904435641138518,0.24000000000000002,0.26000000000000006,1.7999999999999998,gaussian,False,2.8647889756541165,5;15;25;35;45;55,results/paper5_structure2_alpha52_offset30_h7/structure2_br_bt.csv
0.21027287141590803,1.3387926122172975,0.41492824234896747,0.03982385661404754,0.5106783515674461,0.04904435641138518,0.28,-0.09999999999999998,1.9999999999999998,gaussian,False,2.8647889756541165,5;15;25;35;45;55,results/paper5_structure2_alpha52_offset30_h7/structure2_br_bt.csv
0.2138989449061171,1.3418000698090942,0.4142651767939857,0.04188361369815726,0.5106783515674461,0.04904435641138518,0.24000000000000002,-0.09999999999999998,2.4,gaussian,False,2.8647889756541165,5;15;25;35;45;55,results/paper5_structure2_alpha52_offset30_h7/structure2_br_bt.csv
0.2733535105452771,1.2840181987719008,0.3806367683581516,0.07141239021988924,0.5106783515674461,0.04904435641138518,0.32,0.18000000000000005,2.8000000000000003,gaussian,False,2.8647889756541165,5;15;25;35;45;55,results/paper5_structure2_alpha52_offset30_h7/structure2_br_bt.csv
0.2061867204217373,1.353016659929885,0.4190625876122219,0.08153975820711268,0.5106783515674461,0.04904435641138518,0.24000000000000002,0.22000000000000006,2.1999999999999997,gaussian,False,2.8647889756541165,5;15;25;35;45;55,results/paper5_structure2_alpha52_offset30_h7/structure2_br_bt.csv
0.22210812452270645,1.3403601621238632,0.409877402834316,0.04245578197271116,0.5106783515674461,0.04904435641138518,0.24000000000000002,-0.09999999999999998,2.6,gaussian,False,2.8647889756541165,5;15;25;35;45;55,results/paper5_structure2_alpha52_offset30_h7/structure2_br_bt.csv
0.19926956376691524,1.3635437908296943,0.42151917868186173,0.08789613281290534,0.5106783515674461,0.04904435641138518,0.28,0.26000000000000006,1.7999999999999998,gaussian,False,2.8647889756541165,5;15;25;35;45;55,results/paper5_structure2_alpha52_offset30_h7/structure2_br_bt.csv
0.221707935705328,1.3425178487960157,0.40874133200962526,0.04083318617449532,0.5106783515674461,0.04904435641138518,0.28,-0.09999999999999998,2.1999999999999997,gaussian,False,2.8647889756541165,5;15;25;35;45;55,results/paper5_structure2_alpha52_offset30_h7/structure2_br_bt.csv
0.22876530090980815,1.3360502146459057,0.40497636676940735,0.0382358777913258,0.5106783515674461,0.04904435641138518,0.36,-0.09999999999999998,1.7999999999999998,gaussian,False,2.8647889756541165,5;15;25;35;45;55,results/paper5_structure2_alpha52_offset30_h7/structure2_br_bt.csv
0.2295352600326414,1.3363634590414202,0.40593551649660947,0.04279406184613863,0.5106783515674461,0.04904435641138518,0.24000000000000002,-0.09999999999999998,2.8000000000000003,gaussian,False,2.8647889756541165,5;15;25;35;45;55,results/paper5_structure2_alpha52_offset30_h7/structure2_br_bt.csv
0.23622484718135053,1.3300094542105967,0.40241375702817606,0.04291727001325886,0.5106783515674461,0.04904435641138518,0.24000000000000002,-0.09999999999999998,3.0000000000000004,gaussian,False,2.8647889756541165,5;15;25;35;45;55,results/paper5_structure2_alpha52_offset30_h7/structure2_br_bt.csv
0.22681169457251768,1.3405655181934373,0.4055995296968435,0.039601316253041995,0.5106783515674461,0.04904435641138518,0.32,-0.09999999999999998,1.9999999999999998,gaussian,False,2.8647889756541165,5;15;25;35;45;55,results/paper5_structure2_alpha52_offset30_h7/structure2_br_bt.csv
0.25920186569255094,1.310363811370792,0.389069297113355,0.07195551111950776,0.5106783515674461,0.04904435641138518,0.28,0.18000000000000005,3.0000000000000004,gaussian,False,2.8647889756541165,5;15;25;35;45;55,results/paper5_structure2_alpha52_offset30_h7/structure2_br_bt.csv
0.23220826599938355,1.3438229292257609,0.40305828652454,0.04162938168738266,0.5106783515674461,0.04904435641138518,0.28,-0.09999999999999998,2.4,gaussian,False,2.8647889756541165,5;15;25;35;45;55,results/paper5_structure2_alpha52_offset30_h7/structure2_br_bt.csv
0.2229156356645567,1.35472101283519,0.40869674104324766,0.08141270625686924,0.5106783515674461,0.04904435641138518,0.28,0.22000000000000006,2.1999999999999997,gaussian,False,2.8647889756541165,5;15;25;35;45;55,results/paper5_structure2_alpha52_offset30_h7/structure2_br_bt.csv
0.21399289356879186,1.364986793247388,0.4131637389159788,0.08780077183367435,0.5106783515674461,0.04904435641138518,0.32,0.26000000000000006,1.7999999999999998,gaussian,False,2.8647889756541165,5;15;25;35;45;55,results/paper5_structure2_alpha52_offset30_h7/structure2_br_bt.csv
0.13907740840989757,1.4407283085715357,0.46349893708190315,0.04107748485705541,0.5106783515674461,0.04904435641138518,0.16,-0.13999999999999999,1.0,gaussian,False,2.8647889756541165,5;15;25;35;45;55,results/paper5_structure2_alpha52_offset30_h7/structure2_br_bt.csv
0.14024077067009083,1.4401526317118976,0.4683113089124115,0.04120096095377131,0.5106783515674461,0.04904435641138518,0.12,-0.13999999999999999,1.0,gaussian,False,2.8647889756541165,5;15;25;35;45;55,results/paper5_structure2_alpha52_offset30_h7/structure2_br_bt.csv
0.13984788203170379,1.441349990579016,0.4587895343123412,0.040957550281975126,0.5106783515674461,0.04904435641138518,0.2,-0.13999999999999999,1.0,gaussian,False,2.8647889756541165,5;15;25;35;45;55,results/paper5_structure2_alpha52_offset30_h7/structure2_br_bt.csv
0.2961545990956301,1.286575351632495,0.368157554838716,0.07125247522470834,0.5106783515674461,0.04904435641138518,0.36,0.18000000000000005,2.8000000000000003,gaussian,False,2.8647889756541165,5;15;25;35;45;55,results/paper5_structure2_alpha52_offset30_h7/structure2_br_bt.csv
0.14329087477273636,1.4396230151897564,0.473223508431419,0.041327946828970744,0.5106783515674461,0.04904435641138518,0.08,-0.13999999999999999,1.0,gaussian,False,2.8647889756541165,5;15;25;35;45;55,results/paper5_structure2_alpha52_offset30_h7/structure2_br_bt.csv
0.23982019087456513,1.3444764703410672,0.3984934372860574,0.040598078829696474,0.5106783515674461,0.04904435641138518,0.32,-0.09999999999999998,2.1999999999999997,gaussian,False,2.8647889756541165,5;15;25;35;45;55,results/paper5_structure2_alpha52_offset30_h7/structure2_br_bt.csv
0.24176126396263173,1.3425501145365613,0.39790495709782564,0.042190678071246025,0.5106783515674461,0.04904435641138518,0.28,-0.09999999999999998,2.6,gaussian,False,2.8647889756541165,5;15;25;35;45;55,results/paper5_structure2_alpha52_offset30_h7/structure2_br_bt.csv
0.14252083179086725,1.4420176182331803,0.4541863036361828,0.0408411884287284,0.5106783515674461,0.04904435641138518,0.24000000000000002,-0.13999999999999999,1.0,gaussian,False,2.8647889756541165,5;15;25;35;45;55,results/paper5_structure2_alpha52_offset30_h7/structure2_br_bt.csv
0.15158562932884298,1.433924773815436,0.4670948239563844,0.09590832733151236,0.5106783515674461,0.04904435641138518,0.08,0.30000000000000004,1.5999999999999999,gaussian,False,2.8647889756541165,5;15;25;35;45;55,results/paper5_structure2_alpha52_offset30_h7/structure2_br_bt.csv
0.1523694130625274,1.433177853109243,0.4751561458024697,0.09600253581062143,0.5106783515674461,0.04904435641138518,0.04,0.30000000000000004,1.5999999999999999,gaussian,False,2.8647889756541165,5;15;25;35;45;55,results/paper5_structure2_alpha52_offset30_h7/structure2_br_bt.csv
0.15740736506994213,1.4287836586435474,0.47159669400218385,0.08454533141525179,0.5106783515674461,0.04904435641138518,0.04,0.22000000000000006,2.4,gaussian,False,2.8647889756541165,5;15;25;35;45;55,results/paper5_structure2_alpha52_offset30_h7/structure2_br_bt.csv
0.24443960889340013,1.342436517297855,0.3964060122675389,0.039385752894970996,0.5106783515674461,0.04904435641138518,0.36,-0.09999999999999998,1.9999999999999998,gaussian,False,2.8647889756541165,5;15;25;35;45;55,results/paper5_structure2_alpha52_offset30_h7/structure2_br_bt.csv
0.1481112036106603,1.439139509856992,0.47823245948671184,0.04145841023162554,0.5106783515674461,0.04904435641138518,0.04,-0.13999999999999999,1.0,gaussian,False,2.8647889756541165,5;15;25;35;45;55,results/paper5_structure2_alpha52_offset30_h7/structure2_br_bt.csv
0.15363431327695662,1.4347461409456816,0.45913722282332875,0.09581672155945832,0.5106783515674461,0.04904435641138518,0.12,0.30000000000000004,1.5999999999999999,gaussian,False,2.8647889756541165,5;15;25;35;45;55,results/paper5_structure2_alpha52_offset30_h7/structure2_br_bt.csv
0.2503979200766593,1.338715042169068,0.39327346218027587,0.042518671320774123,0.5106783515674461,0.04904435641138518,0.28,-0.09999999999999998,2.8000000000000003,gaussian,False,2.8647889756541165,5;15;25;35;45;55,results/paper5_structure2_alpha52_offset30_h7/structure2_br_bt.csv
0.14699250894802585,1.4427311277496218,0.44969250552410345,0.04072842991931744,0.5106783515674461,0.04904435641138518,0.28,-0.13999999999999999,1.0,gaussian,False,2.8647889756541165,5;15;25;35;45;55,results/paper5_structure2_alpha52_offset30_h7/structure2_br_bt.csv
0.25817435774445496,1.3325169858256587,0.38913472944589816,0.042631942605075406,0.5106783515674461,0.04904435641138518,0.28,-0.09999999999999998,3.0000000000000004,gaussian,False,2.8647889756541165,5;15;25;35;45;55,results/paper5_structure2_alpha52_offset30_h7/structure2_br_bt.csv
0.16281943621531247,1.4299751888645442,0.45996264285265587,0.084390801229642,0.5106783515674461,0.04904435641138518,0.08,0.22000000000000006,2.4,gaussian,False,2.8647889756541165,5;15;25;35;45;55,results/paper5_structure2_alpha52_offset30_h7/structure2_br_bt.csv
0.15840560478783924,1.4356418267219178,0.45128882917603635,0.09572772596636978,0.5106783515674461,0.04904435641138518,0.16,0.30000000000000004,1.5999999999999999,gaussian,False,2.8647889756541165,5;15;25;35;45;55,results/paper5_structure2_alpha52_offset30_h7/structure2_br_bt.csv
0.2821662164730815,1.312860970673201,0.37586708549204473,0.0717835883120292,0.5106783515674461,0.04904435641138518,0.32,0.18000000000000005,3.0000000000000004,gaussian,False,2.8647889756541165,5;15;25;35;45;55,results/paper5_structure2_alpha52_offset30_h7/structure2_br_bt.csv
0.22988859506096718,1.3665168853030012,0.40494865848253986,0.08770862798564698,0.5106783515674461,0.04904435641138518,0.36,0.26000000000000006,1.7999999999999998,gaussian,False,2.8647889756541165,5;15;25;35;45;55,results/paper5_structure2_alpha52_offset30_h7/structure2_br_bt.csv
0.1531053907809183,1.443490451090873,0.44531145295857344,0.040619304762219643,0.5106783515674461,0.04904435641138518,0.32,-0.13999999999999999,1.0,gaussian,False,2.8647889756541165,5;15;25;35;45;55,results/paper5_structure2_alpha52_offset30_h7/structure2_br_bt.csv
0.2409438367069537,1.3565326780065066,0.39844875868054136,0.08128984908295746,0.5106783515674461,0.04904435641138518,0.32,0.22000000000000006,2.1999999999999997,gaussian,False,2.8647889756541165,5;15;25;35;45;55,results/paper5_structure2_alpha52_offset30_h7/structure2_br_bt.csv
0.2517465318265117,1.3459630417774968,0.39195937905802475,0.04138299906493334,0.5106783515674461,0.04904435641138518,0.32,-0.09999999999999998,2.4,gaussian,False,2.8647889756541165,5;15;25;35;45;55,results/paper5_structure2_alpha52_offset30_h7/structure2_br_bt.csv
0.16566442966243117,1.4366116921375829,0.44355544009551034,0.09564134783866957,0.5106783515674461,0.04904435641138518,0.2,0.30000000000000004,1.5999999999999999,gaussian,False,2.8647889756541165,5;15;25;35;45;55,results/paper5_structure2_alpha52_offset30_h7/structure2_br_bt.csv
0.17184579239081904,1.4312788495867428,0.44840121622239,0.08424061056832559,0.5106783515674461,0.04904435641138518,0.12,0.22000000000000006,2.4,gaussian,False,2.8647889756541165,5;15;25;35;45;55,results/paper5_structure2_alpha52_offset30_h7/structure2_br_bt.csv
0.1606722642287317,1.444295515998511,0.4410465057624749,0.04051384231705112,0.5106783515674461,0.04904435641138518,0.36,-0.13999999999999999,1.0,gaussian,False,2.8647889756541165,5;15;25;35;45;55,results/paper5_structure2_alpha52_offset30_h7/structure2_br_bt.csv
0.25895399982502665,1.3465425086415168,0.3883727281603122,0.04037044919781489,0.5106783515674461,0.04904435641138518,0.36,-0.09999999999999998,2.1999999999999997,gaussian,False,2.8647889756541165,5;15;25;35;45;55,results/paper5_structure2_alpha52_offset30_h7/structure2_br_bt.csv
0.26258911270612056,1.344866612081141,0.38603007084971697,0.041933935629062814,0.5106783515674461,0.04904435641138518,0.32,-0.09999999999999998,2.6,gaussian,False,2.8647889756541165,5;15;25;35;45;55,results/paper5_structure2_alpha52_offset30_h7/structure2_br_bt.csv
0.17510169929961977,1.4376555870643761,0.4359431759755524,0.09555759427443618,0.5106783515674461,0.04904435641138518,0.24000000000000002,0.30000000000000004,1.5999999999999999,gaussian,False,2.8647889756541165,5;15;25;35;45;55,results/paper5_structure2_alpha52_offset30_h7/structure2_br_bt.csv
0.27238943874026683,1.3412023488336706,0.38069864454198576,0.042252163914875136,0.5106783515674461,0.04904435641138518,0.32,-0.09999999999999998,2.8000000000000003,gaussian,False,2.8647889756541165,5;15;25;35;45;55,results/paper5_structure2_alpha52_offset30_h7/structure2_br_bt.csv
0.28121401965288967,1.3351692641741373,0.3759331366699223,0.04235602572496121,0.5106783515674461,0.04904435641138518,0.32,-0.09999999999999998,3.0000000000000004,gaussian,False,2.8647889756541165,5;15;25;35;45;55,results/paper5_structure2_alpha52_offset30_h7/structure2_br_bt.csv
0.18395516094181985,1.432694334715303,0.4369181793687983,0.08409478268207124,0.5106783515674461,0.04904435641138518,0.16,0.22000000000000006,2.4,gaussian,False,2.8647889756541165,5;15;25;35;45;55,results/paper5_structure2_alpha52_offset30_h7/structure2_br_bt.csv
0.2600011906670294,1.3584512261007855,0.38832797195196944,0.08117120573246758,0.5106783515674461,0.04904435641138518,0.36,0.22000000000000006,2.1999999999999997,gaussian,False,2.8647889756541165,5;15;25;35;45;55,results/paper5_structure2_alpha52_offset30_h7/structure2_br_bt.csv
0.27224928116830605,1.3482198490950097,0.3809778919970484,0.04114460684245161,0.5106783515674461,0.04904435641138518,0.36,-0.09999999999999998,2.4,gaussian,False,2.8647889756541165,5;15;25;35;45;55,results/paper5_structure2_alpha52_offset30_h7/structure2_br_bt.csv
0.30598275366535477,1.3155050800893364,0.3627507322204075,0.07161795474231195,0.5106783515674461,0.04904435641138518,0.36,0.18000000000000005,3.0000000000000004,gaussian,False,2.8647889756541165,5;15;25;35;45;55,results/paper5_structure2_alpha52_offset30_h7/structure2_br_bt.csv
0.18638680520602507,1.4387733503670648,0.4284584928123919,0.09547647218060326,0.5106783515674461,0.04904435641138518,0.28,0.30000000000000004,1.5999999999999999,gaussian,False,2.8647889756541165,5;15;25;35;45;55,results/paper5_structure2_alpha52_offset30_h7/structure2_br_bt.csv
0.2843336403873614,1.3473090020311331,0.3742620305425723,0.04168570914122699,0.5106783515674461,0.04904435641138518,0.36,-0.09999999999999998,2.6,gaussian,False,2.8647889756541165,5;15;25;35;45;55,results/paper5_structure2_alpha52_offset30_h7/structure2_br_bt.csv
0.1985843484103904,1.4342213131595523,0.4255198785952078,0.08395334030544853,0.5106783515674461,0.04904435641138518,0.2,0.22000000000000006,2.4,gaussian,False,2.8647889756541165,5;15;25;35;45;55,results/paper5_structure2_alpha52_offset30_h7/structure2_br_bt.csv
0.1433317877387646,1.4933855507838534,0.46525508774153657,0.0438688823078267,0.5106783515674461,0.04904435641138518,0.12,-0.13999999999999999,1.2,gaussian,False,2.8647889756541165,5;15;25;35;45;55,results/paper5_structure2_alpha52_offset30_h7/structure2_br_bt.csv
0.14491318529913502,1.4927528833594927,0.47118054894936107,0.04401231043031937,0.5106783515674461,0.04904435641138518,0.08,-0.13999999999999999,1.2,gaussian,False,2.8647889756541165,5;15;25;35;45;55,results/paper5_structure2_alpha52_offset30_h7/structure2_br_bt.csv
0.143999823272797,1.494071587016477,0.4594370676141089,0.04372939181972468,0.5106783515674461,0.04904435641138518,0.16,-0.13999999999999999,1.2,gaussian,False,2.8647889756541165,5;15;25;35;45;55,results/paper5_structure2_alpha52_offset30_h7/structure2_br_bt.csv
0.29525768317490747,1.3438246253967918,0.36822000116221576,0.04199470875131185,0.5106783515674461,0.04904435641138518,0.36,-0.09999999999999998,2.8000000000000003,gaussian,False,2.8647889756541165,5;15;25;35;45;55,results/paper5_structure2_alpha52_offset30_h7/structure2_br_bt.csv
0.19920595228873408,1.439964810026122,0.4211081934474404,0.09539798827021792,0.5106783515674461,0.04904435641138518,0.32,0.30000000000000004,1.5999999999999999,gaussian,False,2.8647889756541165,5;15;25;35;45;55,results/paper5_structure2_alpha52_offset30_h7/structure2_br_bt.csv
0.14867225293931033,1.4921736526269966,0.47720944899945167,0.04415963781954679,0.5106783515674461,0.04904435641138518,0.04,-0.13999999999999999,1.2,gaussian,False,2.8647889756541165,5;15;25;35;45;55,results/paper5_structure2_alpha52_offset30_h7/structure2_br_bt.csv
0.1468866040595973,1.494810918577297,0.45373062161773964,0.04359387676463242,0.5106783515674461,0.04904435641138518,0.2,-0.13999999999999999,1.2,gaussian,False,2.8647889756541165,5;15;25;35;45;55,results/paper5_structure2_alpha52_offset30_h7/structure2_br_bt.csv
0.3050969616098701,1.3379654284523927,0.36281743150266954,0.04208970444401296,0.5106783515674461,0.04904435641138518,0.36,-0.09999999999999998,3.0000000000000004,gaussian,False,2.8647889756541165,5;15;25;35;45;55,results/paper5_structure2_alpha52_offset30_h7/structure2_br_bt.csv
0.1550430573079374,1.4923728733213901,0.4732469877867658,0.0925894405929854,0.5106783515674461,0.04904435641138518,0.04,0.26000000000000006,1.9999999999999998,gaussian,False,2.8647889756541165,5;15;25;35;45;55,results/paper5_structure2_alpha52_offset30_h7/structure2_br_bt.csv
0.15186565584450856,1.4956034664288191,0.44814001200148623,0.04346237432859385,0.5106783515674461,0.04904435641138518,0.24000000000000002,-0.13999999999999999,1.2,gaussian,False,2.8647889756541165,5;15;25;35;45;55,results/paper5_structure2_alpha52_offset30_h7/structure2_br_bt.csv
0.15748161353734763,1.4933085566419022,0.46327288192593596,0.09246849681105689,0.5106783515674461,0.04904435641138518,0.08,0.26000000000000006,1.9999999999999998,gaussian,False,2.8647889756541165,5;15;25;35;45;55,results/paper5_structure2_alpha52_offset30_h7/structure2_br_bt.csv
0.1585564390859446,1.4922994376943362,0.4708837257871441,0.08622820801699028,0.5106783515674461,0.04904435641138518,0.04,0.22000000000000006,2.6,gaussian,False,2.8647889756541165,5;15;25;35;45;55,results/paper5_structure2_alpha52_offset30_h7/structure2_br_bt.csv
0.21522012673487098,1.4358594292136357,0.41421330925010547,0.0838163056404735,0.5106783515674461,0.04904435641138518,0.24000000000000002,0.22000000000000006,2.4,gaussian,False,2.8647889756541165,5;15;25;35;45;55,results/paper5_structure2_alpha52_offset30_h7/structure2_br_bt.csv
0.2132827135861518,1.441229783267993,0.4138994373711478,0.09532214905976018,0.5106783515674461,0.04904435641138518,0.36,0.30000000000000004,1.5999999999999999,gaussian,False,2.8647889756541165,5;15;25;35;45;55,results/paper5_structure2_alpha52_offset30_h7/structure2_br_bt.csv
0.15874022181338343,1.496449146017974,0.4426696275859309,0.04333492104122921,0.5106783515674461,0.04904435641138518,0.28,-0.13999999999999999,1.2,gaussian,False,2.8647889756541165,5;15;25;35;45;55,results/paper5_structure2_alpha52_offset30_h7/structure2_br_bt.csv
0.16322034445802397,1.4943338790304639,0.4533894911516274,0.09235090624592668,0.5106783515674461,0.04904435641138518,0.12,0.26000000000000006,1.9999999999999998,gaussian,False,2.8647889756541165,5;15;25;35;45;55,results/paper5_structure2_alpha52_offset30_h7/structure2_br_bt.csv
0.16528987775550588,1.4935240619946468,0.4585319240444008,0.08606698810232903,0.5106783515674461,0.04904435641138518,0.08,0.22000000000000006,2.6,gaussian,False,2.8647889756541165,5;15;25;35;45;55,results/paper5_structure2_alpha52_offset30_h7/structure2_br_bt.csv
0.13513077893860007,1.5287083085083888,0.463800376602704,0.045478254713595574,0.5106783515674461,0.04904435641138518,0.2,-0.18,0.8,gaussian,False,2.8647889756541165,5;15;25;35;45;55,results/paper5_structure2_alpha52_offset30_h7/structure2_br_bt.csv
0.13610461041408053,1.5282529682079835,0.467531767896312,0.04556434088534531,0.5106783515674461,0.04904435641138518,0.16,-0.18,0.8,gaussian,False,2.8647889756541165,5;15;25;35;45;55,results/paper5_structure2_alpha52_offset30_h7/structure2_br_bt.csv
0.16727676539495645,1.497347867320743,0.4373239800019478,0.04321155273167383,0.5106783515674461,0.04904435641138518,0.32,-0.13999999999999999,1.2,gaussian,False,2.8647889756541165,5;15;25;35;45;55,results/paper5_structure2_alpha52_offset30_h7/structure2_br_bt.csv
0.13575013258559346,1.5291983137028715,0.4601611273923162,0.04539482515090137,0.5106783515674461,0.04904435641138518,0.24000000000000002,-0.18,0.8,gaussian,False,2.8647889756541165,5;15;25;35;45;55,results/paper5_structure2_alpha52_offset30_h7/structure2_br_bt.csv
0.1386380581775933,1.5278323237952207,0.4713531129941652,0.04565306863776764,0.5106783515674461,0.04904435641138518,0.12,-0.18,0.8,gaussian,False,2.8647889756541165,5;15;25;35;45;55,results/paper5_structure2_alpha52_offset30_h7/structure2_br_bt.csv
0.1719291026772396,1.4954486561097546,0.44360287885174454,0.09223668172242798,0.5106783515674461,0.04904435641138518,0.16,0.26000000000000006,1.9999999999999998,gaussian,False,2.8647889756541165,5;15;25;35;45;55,results/paper5_structure2_alpha52_offset30_h7/structure2_br_bt.csv
0.13794121290364558,1.5297229504795615,0.45661622339851576,0.045314066870836445,0.5106783515674461,0.04904435641138518,0.28,-0.18,0.8,gaussian,False,2.8647889756541165,5;15;25;35;45;55,results/paper5_structure2_alpha52_offset30_h7/structure2_br_bt.csv
0.14264804945882753,1.527446403934868,0.47526224208107243,0.045744422599711516,0.5106783515674461,0.04904435641138518,0.08,-0.18,0.8,gaussian,False,2.8647889756541165,5;15;25;35;45;55,results/paper5_structure2_alpha52_offset30_h7/structure2_br_bt.csv
0.17575376691954148,1.4948647377559614,0.4462438332491942,0.08591036475434889,0.5106783515674461,0.04904435641138518,0.12,0.22000000000000006,2.6,gaussian,False,2.8647889756541165,5;15;25;35;45;55,results/paper5_structure2_alpha52_offset30_h7/structure2_br_bt.csv
0.2334338874107926,1.4376083029626388,0.4030061921406107,0.08368370034044413,0.5106783515674461,0.04904435641138518,0.28,0.22000000000000006,2.4,gaussian,False,2.8647889756541165,5;15;25;35;45;55,results/paper5_structure2_alpha52_offset30_h7/structure2_br_bt.csv
0.14163109325822779,1.530282183219534,0.4531678786719965,0.04523599418025282,0.5106783515674461,0.04904435641138518,0.32,-0.18,0.8,gaussian,False,2.8647889756541165,5;15;25;35;45;55,results/paper5_structure2_alpha52_offset30_h7/structure2_br_bt.csv
0.14718928593847347,1.5275854174618246,0.4691387471076443,0.04653820603080656,0.5106783515674461,0.04904435641138518,0.08,-0.13999999999999999,1.4,gaussian,False,2.8647889756541165,5;15;25;35;45;55,results/paper5_structure2_alpha52_offset30_h7/structure2_br_bt.csv
0.14801462594430234,1.527095234953169,0.4792570070934424,0.04583838706940693,0.5106783515674461,0.04904435641138518,0.04,-0.18,0.8,gaussian,False,2.8647889756541165,5;15;25;35;45;55,results/paper5_structure2_alpha52_offset30_h7/structure2_br_bt.csv
0.1772353014610636,1.4982995348894885,0.4321076986698154,0.04309230448440635,0.5106783515674461,0.04904435641138518,0.36,-0.13999999999999999,1.2,gaussian,False,2.8647889756541165,5;15;25;35;45;55,results/paper5_structure2_alpha52_offset30_h7/structure2_br_bt.csv
0.14736614842677673,1.5283267712170574,0.46219386406494317,0.04637961134829819,0.5106783515674461,0.04904435641138518,0.12,-0.13999999999999999,1.4,gaussian,False,2.8647889756541165,5;15;25;35;45;55,results/paper5_structure2_alpha52_offset30_h7/structure2_br_bt.csv
0.14956025422786992,1.526905078047997,0.47618928543736383,0.04670108892627586,0.5106783515674461,0.04904435641138518,0.04,-0.13999999999999999,1.4,gaussian,False,2.8647889756541165,5;15;25;35;45;55,results/paper5_structure2_alpha52_offset30_h7/structure2_br_bt.csv
0.14670672642241733,1.5308759740088196,0.44981831391243926,0.04516062100751714,0.5106783515674461,0.04904435641138518,0.36,-0.18,0.8,gaussian,False,2.8647889756541165,5;15;25;35;45;55,results/paper5_structure2_alpha52_offset30_h7/structure2_br_bt.csv
0.15008183456334873,1.5291290505706092,0.4553594705175308,0.04622534901609826,0.5106783515674461,0.04904435641138518,0.16,-0.13999999999999999,1.4,gaussian,False,2.8647889756541165,5;15;25;35;45;55,results/paper5_structure2_alpha52_offset30_h7/structure2_br_bt.csv
0.18318478405572047,1.496652687989648,0.43391959329400404,0.09212583576097456,0.5106783515674461,0.04904435641138518,0.2,0.26000000000000006,1.9999999999999998,gaussian,False,2.8647889756541165,5;15;25;35;45;55,results/paper5_structure2_alpha52_offset30_h7/structure2_br_bt.csv
0.15520313136773514,1.5299921596801314,0.44864061593874743,0.046075462548828744,0.5106783515674461,0.04904435641138518,0.2,-0.13999999999999999,1.4,gaussian,False,2.8647889756541165,5;15;25;35;45;55,results/paper5_structure2_alpha52_offset30_h7/structure2_br_bt.csv
0.18933059200654867,1.496321153038497,0.4340248647789732,0.08575836315764095,0.5106783515674461,0.04904435641138518,0.16,0.22000000000000006,2.6,gaussian,False,2.8647889756541165,5;15;25;35;45;55,results/paper5_structure2_alpha52_offset30_h7/structure2_br_bt.csv
0.25288490258099916,1.439467530713125,0.3919070592767299,0.08355554549399091,0.5106783515674461,0.04904435641138518,0.32,0.22000000000000006,2.4,gaussian,False,2.8647889756541165,5;15;25;35;45;55,results/paper5_structure2_alpha52_offset30_h7/structure2_br_bt.csv
0.1625027583257989,1.530915995660719,0.4420425687860403,0.0459299947866801,0.5106783515674461,0.04904435641138518,0.24000000000000002,-0.13999999999999999,1.4,gaussian,False,2.8647889756541165,5;15;25;35;45;55,results/paper5_structure2_alpha52_offset30_h7/structure2_br_bt.csv
0.19655031704735668,1.497945759444159,0.42434670806236563,0.09201838057108307,0.5106783515674461,0.04904435641138518,0.24000000000000002,0.26000000000000006,1.9999999999999998,gaussian,False,2.8647889756541165,5;15;25;35;45;55,results/paper5_structure2_alpha52_offset30_h7/structure2_br_bt.csv
0.1595937631513515,1.5383621676536554,0.47024407582709987,0.08730340052871341,0.5106783515674461,0.04904435641138518,0.04,0.22000000000000006,2.8000000000000003,gaussian,False,2.8647889756541165,5;15;25;35;45;55,results/paper5_structure2_alpha52_offset30_h7/structure2_br_bt.csv
0.14985477114141818,1.5521491124325164,0.4671224891023023,0.04891891937728235,0.5106783515674461,0.04904435641138518,0.08,-0.13999999999999999,1.5999999999999999,gaussian,False,2.8647889756541165,5;15;25;35;45;55,results/paper5_structure2_alpha52_offset30_h7/structure2_br_bt.csv
0.15065666309967746,1.5513632720863824,0.47518409424490815,0.04909607960286752,0.5106783515674461,0.04904435641138518,0.04,-0.13999999999999999,1.5999999999999999,gaussian,False,2.8647889756541165,5;15;25;35;45;55,results/paper5_structure2_alpha52_offset30_h7/structure2_br_bt.csv
0.20540399980977753,1.4978929702384494,0.4218810246601215,0.08561100792984573,0.5106783515674461,0.04904435641138518,0.2,0.22000000000000006,2.6,gaussian,False,2.8647889756541165,5;15;25;35;45;55,results/paper5_structure2_alpha52_offset30_h7/structure2_br_bt.csv
0.1717031173197739,1.5319004486455736,0.43557081908364065,0.04578898784323496,0.5106783515674461,0.04904435641138518,0.28,-0.13999999999999999,1.4,gaussian,False,2.8647889756541165,5;15;25;35;45;55,results/paper5_structure2_alpha52_offset30_h7/structure2_br_bt.csv
0.1519177703444278,1.553003691608483,0.459164588539875,0.048746413438594365,0.5106783515674461,0.04904435641138518,0.12,-0.13999999999999999,1.5999999999999999,gaussian,False,2.8647889756541165,5;15;25;35;45;55,results/paper5_structure2_alpha52_offset30_h7/structure2_br_bt.csv
0.16753135165049196,1.5396230148487455,0.45724807430265274,0.08713548653984131,0.5106783515674461,0.04904435641138518,0.08,0.22000000000000006,2.8000000000000003,gaussian,False,2.8647889756541165,5;15;25;35;45;55,results/paper5_structure2_alpha52_offset30_h7/structure2_br_bt.csv
0.1567325737492248,1.5539268962059152,0.45131587835455156,0.04857861136989274,0.5106783515674461,0.04904435641138518,0.16,-0.13999999999999999,1.5999999999999999,gaussian,False,2.8647889756541165,5;15;25;35;45;55,results/paper5_structure2_alpha52_offset30_h7/structure2_br_bt.csv
0.21162632731545306,1.4993276401009774,0.41489186509541714,0.09191432804500249,0.5106783515674461,0.04904435641138518,0.28,0.26000000000000006,1.9999999999999998,gaussian,False,2.8647889756541165,5;15;25;35;45;55,results/paper5_structure2_alpha52_offset30_h7/structure2_br_bt.csv
0.2733091389559345,1.4414366854469804,0.38092534988065835,0.08343186160936768,0.5106783515674461,0.04904435641138518,0.36,0.22000000000000006,2.4,gaussian,False,2.8647889756541165,5;15;25;35;45;55,results/paper5_structure2_alpha52_offset30_h7/structure2_br_bt.csv
0.18251699670949975,1.532945401850519,0.4292310796349629,0.04565248305293911,0.5106783515674461,0.04904435641138518,0.32,-0.13999999999999999,1.4,gaussian,False,2.8647889756541165,5;15;25;35;45;55,results/paper5_structure2_alpha52_offset30_h7/structure2_br_bt.csv
0.16405707731380711,1.554918603989535,0.44358215460382694,0.04841556208021495,0.5106783515674461,0.04904435641138518,0.2,-0.13999999999999999,1.5999999999999999,gaussian,False,2.8647889756541165,5;15;25;35;45;55,results/paper5_structure2_alpha52_offset30_h7/structure2_br_bt.csv
0.17929736058550275,1.541004543716362,0.4443075302709126,0.08697243556555923,0.5106783515674461,0.04904435641138518,0.12,0.22000000000000006,2.8000000000000003,gaussian,False,2.8647889756541165,5;15;25;35;45;55,results/paper5_structure2_alpha52_offset30_h7/structure2_br_bt.csv
0.1518648970358257,1.5690553210134492,0.4742124066920546,0.05128028098017208,0.5106783515674461,0.04904435641138518,0.04,-0.13999999999999999,1.7999999999999998,gaussian,False,2.8647889756541165,5;15;25;35;45;55,results/paper5_structure2_alpha52_offset30_h7/structure2_br_bt.csv
0.15270014515217906,1.5699490662047402,0.46516963458830884,0.05109002055049422,0.5106783515674461,0.04904435641138518,0.08,-0.13999999999999999,1.7999999999999998,gaussian,False,2.8647889756541165,5;15;25;35;45;55,results/paper5_structure2_alpha52_offset30_h7/structure2_br_bt.csv
0.22343584491151638,1.4995798264727762,0.40981899160304774,0.08546832310326513,0.5106783515674461,0.04904435641138518,0.24000000000000002,0.22000000000000006,2.6,gaussian,False,2.8647889756541165,5;15;25;35;45;55,results/paper5_structure2_alpha52_offset30_h7/structure2_br_bt.csv
0.1566618329216298,1.5709193857109622,0.4562252238957735,0.050904770893356086,0.5106783515674461,0.04904435641138518,0.12,-0.13999999999999999,1.7999999999999998,gaussian,False,2.8647889756541165,5;15;25;35;45;55,results/paper5_structure2_alpha52_offset30_h7/structure2_br_bt.csv
0.19467569759750586,1.534050731642298,0.4230292856069991,0.045520520918343896,0.5106783515674461,0.04904435641138518,0.36,-0.13999999999999999,1.4,gaussian,False,2.8647889756541165,5;15;25;35;45;55,results/paper5_structure2_alpha52_offset30_h7/structure2_br_bt.csv
0.22807387170470322,1.5007980846432085,0.40556332018736047,0.09181368975145825,0.5106783515674461,0.04904435641138518,0.32,0.26000000000000006,1.9999999999999998,gaussian,False,2.8647889756541165,5;15;25;35;45;55,results/paper5_structure2_alpha52_offset30_h7/structure2_br_bt.csv
0.17357385682901433,1.5559786839772018,0.43596953661132326,0.04825731374490917,0.5106783515674461,0.04904435641138518,0.24000000000000002,-0.13999999999999999,1.5999999999999999,gaussian,False,2.8647889756541165,5;15;25;35;45;55,results/paper5_structure2_alpha52_offset30_h7/structure2_br_bt.csv
0.16052276201987098,1.5692243623153073,0.4696729968860082,0.08782662885787848,0.5106783515674461,0.04904435641138518,0.04,0.22000000000000006,3.0000000000000004,gaussian,False,2.8647889756541165,5;15;25;35;45;55,results/paper5_structure2_alpha52_offset30_h7/structure2_br_bt.csv
0.16352288416703709,1.571966137732213,0.4473850741674943,0.050724586907838425,0.5106783515674461,0.04904435641138518,0.16,-0.13999999999999999,1.7999999999999998,gaussian,False,2.8647889756541165,5;15;25;35;45;55,results/paper5_structure2_alpha52_offset30_h7/structure2_br_bt.csv
0.15310758737643246,1.5829734900044772,0.47329290708960414,0.05325325108064801,0.5106783515674461,0.04904435641138518,0.04,-0.13999999999999999,1.9999999999999998,gaussian,False,2.8647889756541165,5;15;25;35;45;55,results/paper5_structure2_alpha52_offset30_h7/structure2_br_bt.csv
0.19419716377452756,1.542506429994913,0.4314274340562315,0.08681427500640901,0.5106783515674461,0.04904435641138518,0.16,0.22000000000000006,2.8000000000000003,gaussian,False,2.8647889756541165,5;15;25;35;45;55,results/paper5_structure2_alpha52_offset30_h7/structure2_br_bt.csv
0.1555653269911223,1.5839744602591255,0.46331881278744974,0.053051224689960805,0.5106783515674461,0.04904435641138518,0.08,-0.13999999999999999,1.9999999999999998,gaussian,False,2.8647889756541165,5;15;25;35;45;55,results/paper5_structure2_alpha52_offset30_h7/structure2_br_bt.csv
0.16955053377545998,1.5705242020713428,0.4561017142347608,0.08765195286963932,0.5106783515674461,0.04904435641138518,0.08,0.22000000000000006,3.0000000000000004,gaussian,False,2.8647889756541165,5;15;25;35;45;55,results/paper5_structure2_alpha52_offset30_h7/structure2_br_bt.csv
0.18494479486405738,1.5571069965253284,0.4284844792583459,0.048103913745364074,0.5106783515674461,0.04904435641138518,0.28,-0.13999999999999999,1.5999999999999999,gaussian,False,2.8647889756541165,5;15;25;35;45;55,results/paper5_structure2_alpha52_offset30_h7/structure2_br_bt.csv
0.24299052251055905,1.5013813339899786,0.39784620643811675,0.08533033210668915,0.5106783515674461,0.04904435641138518,0.28,0.22000000000000006,2.6,gaussian,False,2.8647889756541165,5;15;25;35;45;55,results/paper5_structure2_alpha52_offset30_h7/structure2_br_bt.csv
0.17293856014585426,1.5730891696912181,0.438655488909392,0.05054952276379336,0.5106783515674461,0.04904435641138518,0.2,-0.13999999999999999,1.7999999999999998,gaussian,False,2.8647889756541165,5;15;25;35;45;55,results/paper5_structure2_alpha52_offset30_h7/structure2_br_bt.csv
0.16136146340193203,1.5850598587477223,0.45343542488900185,0.05285456196322049,0.5106783515674461,0.04904435641138518,0.12,-0.13999999999999999,1.9999999999999998,gaussian,False,2.8647889756541165,5;15;25;35;45;55,results/paper5_structure2_alpha52_offset30_h7/structure2_br_bt.csv
0.15432922502522528,1.5932696405306188,0.4724392904382468,0.05494262069691356,0.5106783515674461,0.04904435641138518,0.04,-0.13999999999999999,2.1999999999999997,gaussian,False,2.8647889756541165,5;15;25;35;45;55,results/paper5_structure2_alpha52_offset30_h7/structure2_br_bt.csv
0.24561757419910926,1.5023568330229047,0.39636999069113643,0.09171647692951776,0.5106783515674461,0.04904435641138518,0.36,0.26000000000000006,1.9999999999999998,gaussian,False,2.8647889756541165,5;15;25;35;45;55,results/paper5_structure2_alpha52_offset30_h7/structure2_br_bt.csv
0.15849732912731768,1.5917577134490255,0.4697530530197074,0.058169001715200216,0.5106783515674461,0.04904435641138518,0.04,-0.13999999999999999,3.0000000000000004,gaussian,False,2.8647889756541165,5;15;25;35;45;55,results/paper5_structure2_alpha52_offset30_h7/structure2_br_bt.csv
0.15834017509047382,1.5943754757456792,0.4615987874729075,0.05472994132905568,0.5106783515674461,0.04904435641138518,0.08,-0.13999999999999999,2.1999999999999997,gaussian,False,2.8647889756541165,5;15;25;35;45;55,results/paper5_structure2_alpha52_offset30_h7/structure2_br_bt.csv
0.18249031525607973,1.5719499090482654,0.44257847125910255,0.08748241461701357,0.5106783515674461,0.04904435641138518,0.12,0.22000000000000006,3.0000000000000004,gaussian,False,2.8647889756541165,5;15;25;35;45;55,results/paper5_structure2_alpha52_offset30_h7/structure2_br_bt.csv
0.15549398835089837,1.5994723884714597,0.4716587590779527,0.05628850864093726,0.5106783515674461,0.04904435641138518,0.04,-0.13999999999999999,2.4,gaussian,False,2.8647889756541165,5;15;25;35;45;55,results/paper5_structure2_alpha52_offset30_h7/structure2_br_bt.csv
0.15383941564230127,1.6016857355455056,0.47417631541110344,0.10125174118988306,0.5106783515674461,0.04904435641138518,0.04,0.30000000000000004,1.7999999999999998,gaussian,False,2.8647889756541165,5;15;25;35;45;55,results/paper5_structure2_alpha52_offset30_h7/structure2_br_bt.csv
0.21156970128368904,1.544128322489901,0.4186133653578236,0.08666103163812466,0.5106783515674461,0.04904435641138518,0.2,0.22000000000000006,2.8000000000000003,gaussian,False,2.8647889756541165,5;15;25;35;45;55,results/paper5_structure2_alpha52_offset30_h7/structure2_br_bt.csv
0.1575833581404892,1.5985504485745432,0.47031923104465434,0.05788163810044342,0.5106783515674461,0.04904435641138518,0.04,-0.13999999999999999,2.8000000000000003,gaussian,False,2.8647889756541165,5;15;25;35;45;55,results/paper5_structure2_alpha52_offset30_h7/structure2_br_bt.csv
0.19785046053819472,1.5583033934195478,0.4211337842296497,0.04795540860824388,0.5106783515674461,0.04904435641138518,0.32,-0.13999999999999999,1.5999999999999999,gaussian,False,2.8647889756541165,5;15;25;35;45;55,results/paper5_structure2_alpha52_offset30_h7/structure2_br_bt.csv
0.17015518223171053,1.5862295121568761,0.4436488055724052,0.05266332298968761,0.5106783515674461,0.04904435641138518,0.16,-0.13999999999999999,1.9999999999999998,gaussian,False,2.8647889756541165,5;15;25;35;45;55,results/paper5_structure2_alpha52_offset30_h7/structure2_br_bt.csv
0.15467453711647777,1.602451026300773,0.46513375535061097,0.10115131283906309,0.5106783515674461,0.04904435641138518,0.08,0.30000000000000004,1.7999999999999998,gaussian,False,2.8647889756541165,5;15;25;35;45;55,results/paper5_structure2_alpha52_offset30_h7/structure2_br_bt.csv
0.15658169730164206,1.6012318981008686,0.4709528747393517,0.0572654418224104,0.5106783515674461,0.04904435641138518,0.04,-0.13999999999999999,2.6,gaussian,False,2.8647889756541165,5;15;25;35;45;55,results/paper5_structure2_alpha52_offset30_h7/structure2_br_bt.csv
0.18451819886236095,1.57428831834316,0.43004320132540036,0.05037963183404879,0.5106783515674461,0.04904435641138518,0.24000000000000002,-0.13999999999999999,1.7999999999999998,gaussian,False,2.8647889756541165,5;15;25;35;45;55,results/paper5_structure2_alpha52_offset30_h7/structure2_br_bt.csv
0.1676156495565692,1.5932509462980957,0.4561823730056286,0.057918943102905136,0.5106783515674461,0.04904435641138518,0.08,-0.13999999999999999,3.0000000000000004,gaussian,False,2.8647889756541165,5;15;25;35;45;55,results/paper5_structure2_alpha52_offset30_h7/structure2_br_bt.csv
0.16586092751564263,1.5955735994290186,0.450840117330629,0.054522982667758485,0.5106783515674461,0.04904435641138518,0.12,-0.13999999999999999,2.1999999999999997,gaussian,False,2.8647889756541165,5;15;25;35;45;55,results/paper5_structure2_alpha52_offset30_h7/structure2_br_bt.csv
0.16095727503548204,1.6006799922900656,0.4600250796047795,0.05606596693956207,0.5106783515674461,0.04904435641138518,0.08,-0.13999999999999999,2.4,gaussian,False,2.8647889756541165,5;15;25;35;45;55,results/paper5_structure2_alpha52_offset30_h7/structure2_br_bt.csv
0.15859718549300328,1.6032914781111096,0.4561895727980326,0.10105366693771971,0.5106783515674461,0.04904435641138518,0.12,0.30000000000000004,1.7999999999999998,gaussian,False,2.8647889756541165,5;15;25;35;45;55,results/paper5_structure2_alpha52_offset30_h7/structure2_br_bt.csv
0.15641115635118552,1.6069485417733995,0.4723843663273225,0.0960514017855373,0.5106783515674461,0.04904435641138518,0.04,0.26000000000000006,2.1999999999999997,gaussian,False,2.8647889756541165,5;15;25;35;45;55,results/paper5_structure2_alpha52_offset30_h7/structure2_br_bt.csv
0.16560059086749468,1.5999517038803566,0.45732378459968587,0.05764060229304275,0.5106783515674461,0.04904435641138518,0.08,-0.13999999999999999,2.8000000000000003,gaussian,False,2.8647889756541165,5;15;25;35;45;55,results/paper5_structure2_alpha52_offset30_h7/structure2_br_bt.csv
0.16338163557989052,1.602537969666207,0.4586015511758147,0.05703352567897924,0.5106783515674461,0.04904435641138518,0.08,-0.13999999999999999,2.6,gaussian,False,2.8647889756541165,5;15;25;35;45;55,results/paper5_structure2_alpha52_offset30_h7/structure2_br_bt.csv
0.26372951077524315,1.503297080605821,0.3859709746396211,0.08519705774746764,0.5106783515674461,0.04904435641138518,0.32,0.22000000000000006,2.6,gaussian,False,2.8647889756541165,5;15;25;35;45;55,results/paper5_structure2_alpha52_offset30_h7/structure2_br_bt.csv
0.16038265793278206,1.6079085716473773,0.461543716354885,0.09592440557155162,0.5106783515674461,0.04904435641138518,0.08,0.26000000000000006,2.1999999999999997,gaussian,False,2.8647889756541165,5;15;25;35;45;55,results/paper5_structure2_alpha52_offset30_h7/structure2_br_bt.csv
0.18151133151716875,1.5874832342501957,0.4339655017480403,0.052477567065189336,0.5106783515674461,0.04904435641138518,0.2,-0.13999999999999999,1.9999999999999998,gaussian,False,2.8647889756541165,5;15;25;35;45;55,results/paper5_structure2_alpha52_offset30_h7/structure2_br_bt.csv
0.1653878177118284,1.604206972844796,0.4473496685883636,0.10095881155928783,0.5106783515674461,0.04904435641138518,0.16,0.30000000000000004,1.7999999999999998,gaussian,False,2.8647889756541165,5;15;25;35;45;55,results/paper5_structure2_alpha52_offset30_h7/structure2_br_bt.csv
0.21201076986347095,1.5595677179704865,0.41392460982159535,0.0478118439443744,0.5106783515674461,0.04904435641138518,0.36,-0.13999999999999999,1.5999999999999999,gaussian,False,2.8647889756541165,5;15;25;35;45;55,results/paper5_structure2_alpha52_offset30_h7/structure2_br_bt.csv
0.17007006109886708,1.6019877530423459,0.44846403376337923,0.05584951173817389,0.5106783515674461,0.04904435641138518,0.12,-0.13999999999999999,2.4,gaussian,False,2.8647889756541165,5;15;25;35;45;55,results/paper5_structure2_alpha52_offset30_h7/structure2_br_bt.csv
0.1985788309529694,1.5735011411114235,0.42910780986408853,0.08731804402656032,0.5106783515674461,0.04904435641138518,0.16,0.22000000000000006,3.0000000000000004,gaussian,False,2.8647889756541165,5;15;25;35;45;55,results/paper5_structure2_alpha52_offset30_h7/structure2_br_bt.csv
0.17644324408400752,1.5968638038490977,0.4401692805552254,0.05432181009838826,0.5106783515674461,0.04904435641138518,0.16,-0.13999999999999999,2.1999999999999997,gaussian,False,2.8647889756541165,5;15;25;35;45;55,results/paper5_structure2_alpha52_offset30_h7/structure2_br_bt.csv
0.19788227314383616,1.5755634098926379,0.42155540057676605,0.05021496662581754,0.5106783515674461,0.04904435641138518,0.28,-0.13999999999999999,1.7999999999999998,gaussian,False,2.8647889756541165,5;15;25;35;45;55,results/paper5_structure2_alpha52_offset30_h7/structure2_br_bt.csv
0.13903962350167864,1.6344198597919448,0.46350276997084155,0.0495442730153824,0.5106783515674461,0.04904435641138518,0.16,-0.18,1.0,gaussian,False,2.8647889756541165,5;15;25;35;45;55,results/paper5_structure2_alpha52_offset30_h7/structure2_br_bt.csv
0.14020371071255422,1.6339086000751228,0.4683151345369979,0.04964639285380042,0.5106783515674461,0.04904435641138518,0.12,-0.18,1.0,gaussian,False,2.8647889756541165,5;15;25;35;45;55,results/paper5_structure2_alpha52_offset30_h7/structure2_br_bt.csv
0.13980989276969985,1.6349717191729123,0.4587933737561631,0.049445184175034546,0.5106783515674461,0.04904435641138518,0.2,-0.18,1.0,gaussian,False,2.8647889756541165,5;15;25;35;45;55,results/paper5_structure2_alpha52_offset30_h7/structure2_br_bt.csv
0.18067682168366994,1.5948678988217693,0.44265976079931935,0.05767612244084909,0.5106783515674461,0.04904435641138518,0.12,-0.13999999999999999,3.0000000000000004,gaussian,False,2.8647889756541165,5;15;25;35;45;55,results/paper5_structure2_alpha52_offset30_h7/structure2_br_bt.csv
0.1432550065391017,1.6334379781450568,0.47322732613391316,0.04975152502603811,0.5106783515674461,0.04904435641138518,0.08,-0.18,1.0,gaussian,False,2.8647889756541165,5;15;25;35;45;55,results/paper5_structure2_alpha52_offset30_h7/structure2_br_bt.csv
0.2308574100229923,1.5458698434777574,0.40587157803302026,0.0865127315907448,0.5106783515674461,0.04904435641138518,0.24000000000000002,0.22000000000000006,2.8000000000000003,gaussian,False,2.8647889756541165,5;15;25;35;45;55,results/paper5_structure2_alpha52_offset30_h7/structure2_br_bt.csv
0.16782395233674077,1.6089603093176303,0.4507849021589605,0.09580096886678222,0.5106783515674461,0.04904435641138518,0.12,0.26000000000000006,2.1999999999999997,gaussian,False,2.8647889756541165,5;15;25;35;45;55,results/paper5_structure2_alpha52_offset30_h7/structure2_br_bt.csv
0.1739463519158147,1.6039520707811428,0.4463139550191817,0.056808071817897744,0.5106783515674461,0.04904435641138518,0.12,-0.13999999999999999,2.6,gaussian,False,2.8647889756541165,5;15;25;35;45;55,results/paper5_structure2_alpha52_offset30_h7/structure2_br_bt.csv
0.14248315035795928,1.635564137121554,0.4541901488717747,0.049349144590711,0.5106783515674461,0.04904435641138518,0.24000000000000002,-0.18,1.0,gaussian,False,2.8647889756541165,5;15;25;35;45;55,results/paper5_structure2_alpha52_offset30_h7/structure2_br_bt.csv
0.1774790179332444,1.6014688507055281,0.444383818595679,0.057406413398080544,0.5106783515674461,0.04904435641138518,0.12,-0.13999999999999999,2.8000000000000003,gaussian,False,2.8647889756541165,5;15;25;35;45;55,results/paper5_structure2_alpha52_offset30_h7/structure2_br_bt.csv
0.17471233910555192,1.6051973821037948,0.4386203476082291,0.10086675457641446,0.5106783515674461,0.04904435641138518,0.2,0.30000000000000004,1.7999999999999998,gaussian,False,2.8647889756541165,5;15;25;35;45;55,results/paper5_structure2_alpha52_offset30_h7/structure2_br_bt.csv
0.1480768925468589,1.6330080291363571,0.47823626865910396,0.04985965047701982,0.5106783515674461,0.04904435641138518,0.04,-0.18,1.0,gaussian,False,2.8647889756541165,5;15;25;35;45;55,results/paper5_structure2_alpha52_offset30_h7/structure2_br_bt.csv
0.14695558159678776,1.6361970695827424,0.4496963557328994,0.04925617209871457,0.5106783515674461,0.04904435641138518,0.28,-0.18,1.0,gaussian,False,2.8647889756541165,5;15;25;35;45;55,results/paper5_structure2_alpha52_offset30_h7/structure2_br_bt.csv
0.194982702201246,1.5888208260145045,0.42439258547845704,0.05229735261578512,0.5106783515674461,0.04904435641138518,0.24000000000000002,-0.13999999999999999,1.9999999999999998,gaussian,False,2.8647889756541165,5;15;25;35;45;55,results/paper5_structure2_alpha52_offset30_h7/structure2_br_bt.csv
0.18228583131785944,1.6033954256584426,0.4369813865106466,0.05563921407239626,0.5106783515674461,0.04904435641138518,0.16,-0.13999999999999999,2.4,gaussian,False,2.8647889756541165,5;15;25;35;45;55,results/paper5_structure2_alpha52_offset30_h7/structure2_br_bt.csv
0.18957511536934407,1.5982458660058736,0.4295928223863693,0.054126488136695815,0.5106783515674461,0.04904435641138518,0.2,-0.13999999999999999,2.1999999999999997,gaussian,False,2.8647889756541165,5;15;25;35;45;55,results/paper5_structure2_alpha52_offset30_h7/structure2_br_bt.csv
0.1783011381571569,1.6101035750704924,0.44011392533504456,0.09568110544743241,0.5106783515674461,0.04904435641138518,0.16,0.26000000000000006,2.1999999999999997,gaussian,False,2.8647889756541165,5;15;25;35;45;55,results/paper5_structure2_alpha52_offset30_h7/structure2_br_bt.csv
0.21269468852044063,1.5769142601175725,0.4131997582260356,0.05005557871147099,0.5106783515674461,0.04904435641138518,0.32,-0.13999999999999999,1.7999999999999998,gaussian,False,2.8647889756541165,5;15;25;35;45;55,results/paper5_structure2_alpha52_offset30_h7/structure2_br_bt.csv
0.15306956129759733,1.6368704695589595,0.445315307264885,0.04916628409848512,0.5106783515674461,0.04904435641138518,0.32,-0.18,1.0,gaussian,False,2.8647889756541165,5;15;25;35;45;55,results/paper5_structure2_alpha52_offset30_h7/structure2_br_bt.csv
0.28539474287853805,1.505326630162866,0.37420258382287297,0.08506852219385579,0.5106783515674461,0.04904435641138518,0.36,0.22000000000000006,2.6,gaussian,False,2.8647889756541165,5;15;25;35;45;55,results/paper5_structure2_alpha52_offset30_h7/structure2_br_bt.csv
0.21711723636021463,1.5751775274102071,0.41569484182609123,0.08715887033495352,0.5106783515674461,0.04904435641138518,0.2,0.22000000000000006,3.0000000000000004,gaussian,False,2.8647889756541165,5;15;25;35;45;55,results/paper5_structure2_alpha52_offset30_h7/structure2_br_bt.csv
0.1861904423193071,1.6062625673129347,0.4300083445459942,0.10077750365783077,0.5106783515674461,0.04904435641138518,0.24000000000000002,0.30000000000000004,1.7999999999999998,gaussian,False,2.8647889756541165,5;15;25;35;45;55,results/paper5_structure2_alpha52_offset30_h7/structure2_br_bt.csv
0.18764101745099337,1.6054739159884825,0.43409549794631785,0.05658915747732776,0.5106783515674461,0.04904435641138518,0.16,-0.13999999999999999,2.6,gaussian,False,2.8647889756541165,5;15;25;35;45;55,results/paper5_structure2_alpha52_offset30_h7/structure2_br_bt.csv
0.19689775796798542,1.5966081951316768,0.4291897598859139,0.0574406315207774,0.5106783515674461,0.04904435641138518,0.16,-0.13999999999999999,3.0000000000000004,gaussian,False,2.8647889756541165,5;15;25;35;45;55,results/paper5_structure2_alpha52_offset30_h7/structure2_br_bt.csv
0.19250520277512057,1.603101560017069,0.43150432430941804,0.05717915554439827,0.5106783515674461,0.04904435641138518,0.16,-0.13999999999999999,2.8000000000000003,gaussian,False,2.8647889756541165,5;15;25;35;45;55,results/paper5_structure2_alpha52_offset30_h7/structure2_br_bt.csv
0.16063776341849106,1.637584287127603,0.44105036323199026,0.04907949753755826,0.5106783515674461,0.04904435641138518,0.36,-0.18,1.0,gaussian,False,2.8647889756541165,5;15;25;35;45;55,results/paper5_structure2_alpha52_offset30_h7/structure2_br_bt.csv
0.2516202579321357,1.5477305891372255,0.39320909889367756,0.08636940032796936,0.5106783515674461,0.04904435641138518,0.28,0.22000000000000006,2.8000000000000003,gaussian,False,2.8647889756541165,5;15;25;35;45;55,results/paper5_structure2_alpha52_offset30_h7/structure2_br_bt.csv
0.21016293228350091,1.5902420758152807,0.4149376969989651,0.052122737120484465,0.5106783515674461,0.04904435641138518,0.28,-0.13999999999999999,1.9999999999999998,gaussian,False,2.8647889756541165,5;15;25;35;45;55,results/paper5_structure2_alpha52_offset30_h7/structure2_br_bt.csv
0.1970282726870941,1.60490274723797,0.4255834836994043,0.05543514401958935,0.5106783515674461,0.04904435641138518,0.2,-0.13999999999999999,2.4,gaussian,False,2.8647889756541165,5;15;25;35;45;55,results/paper5_structure2_alpha52_offset30_h7/structure2_br_bt.csv
0.19131609351077214,1.6113381740848183,0.42953733235279007,0.09556482875902116,0.5106783515674461,0.04904435641138518,0.2,0.26000000000000006,2.1999999999999997,gaussian,False,2.8647889756541165,5;15;25;35;45;55,results/paper5_structure2_alpha52_offset30_h7/structure2_br_bt.csv
0.20476661160839588,1.5997195478205677,0.4191178878297144,0.0539370803430093,0.5106783515674461,0.04904435641138518,0.24000000000000002,-0.13999999999999999,2.1999999999999997,gaussian,False,2.8647889756541165,5;15;25;35;45;55,results/paper5_structure2_alpha52_offset30_h7/structure2_br_bt.csv
0.19945066651545323,1.6074023798157873,0.42152085015546603,0.10069106626528583,0.5106783515674461,0.04904435641138518,0.28,0.30000000000000004,1.7999999999999998,gaussian,False,2.8647889756541165,5;15;25;35;45;55,results/paper5_structure2_alpha52_offset30_h7/structure2_br_bt.csv
0.22867416822220252,1.5783406744998487,0.40498445443504205,0.04990151865884638,0.5106783515674461,0.04904435641138518,0.36,-0.13999999999999999,1.7999999999999998,gaussian,False,2.8647889756541165,5;15;25;35;45;55,results/paper5_structure2_alpha52_offset30_h7/structure2_br_bt.csv
0.20383575030016388,1.6071031992036853,0.42195218617522995,0.05637685883723837,0.5106783515674461,0.04904435641138518,0.2,-0.13999999999999999,2.6,gaussian,False,2.8647889756541165,5;15;25;35;45;55,results/paper5_structure2_alpha52_offset30_h7/structure2_br_bt.csv
0.21556633682834325,1.598471432365363,0.41577748366295647,0.05721256085196059,0.5106783515674461,0.04904435641138518,0.2,-0.13999999999999999,3.0000000000000004,gaussian,False,2.8647889756541165,5;15;25;35;45;55,results/paper5_structure2_alpha52_offset30_h7/structure2_br_bt.csv
0.237532612136547,1.576978668814006,0.4023453371488689,0.08700492206505221,0.5106783515674461,0.04904435641138518,0.24000000000000002,0.22000000000000006,3.0000000000000004,gaussian,False,2.8647889756541165,5;15;25;35;45;55,results/paper5_structure2_alpha52_offset30_h7/structure2_br_bt.csv
0.21000454652813486,1.6048494791091412,0.4186908823520403,0.05695891169362558,0.5106783515674461,0.04904435641138518,0.2,-0.13999999999999999,2.8000000000000003,gaussian,False,2.8647889756541165,5;15;25;35;45;55,results/paper5_structure2_alpha52_offset30_h7/structure2_br_bt.csv
0.22670901021801995,1.5917467595610497,0.4056090901996341,0.05195377703320067,0.5106783515674461,0.04904435641138518,0.32,-0.13999999999999999,1.9999999999999998,gaussian,False,2.8647889756541165,5;15;25;35;45;55,results/paper5_structure2_alpha52_offset30_h7/structure2_br_bt.csv
0.20638927850588445,1.612663896595981,0.4190622696536325,0.09545215190926419,0.5106783515674461,0.04904435641138518,0.24000000000000002,0.26000000000000006,2.1999999999999997,gaussian,False,2.8647889756541165,5;15;25;35;45;55,results/paper5_structure2_alpha52_offset30_h7/structure2_br_bt.csv
0.21377528738987311,1.6065094372914093,0.4142773200432088,0.055237370602052076,0.5106783515674461,0.04904435641138518,0.24000000000000002,-0.13999999999999999,2.4,gaussian,False,2.8647889756541165,5;15;25;35;45;55,results/paper5_structure2_alpha52_offset30_h7/structure2_br_bt.csv
0.21416223785469593,1.6086166609770727,0.4131655377034307,0.10060744965054479,0.5106783515674461,0.04904435641138518,0.32,0.30000000000000004,1.7999999999999998,gaussian,False,2.8647889756541165,5;15;25;35;45;55,results/paper5_structure2_alpha52_offset30_h7/structure2_br_bt.csv
0.22159454183201174,1.6012845963371214,0.40875228207726005,0.05375364923532595,0.5106783515674461,0.04904435641138518,0.28,-0.13999999999999999,2.1999999999999997,gaussian,False,2.8647889756541165,5;15;25;35;45;55,results/paper5_structure2_alpha52_offset30_h7/structure2_br_bt.csv
0.2735225215941108,1.5497101300071652,0.38063384301648,0.08623106262679586,0.5106783515674461,0.04904435641138518,0.32,0.22000000000000006,2.8000000000000003,gaussian,False,2.8647889756541165,5;15;25;35;45;55,results/paper5_structure2_alpha52_offset30_h7/structure2_br_bt.csv
0.22198404977831343,1.6088395940170965,0.4098906984639282,0.056171250909586586,0.5106783515674461,0.04904435641138518,0.24000000000000002,-0.13999999999999999,2.6,gaussian,False,2.8647889756541165,5;15;25;35;45;55,results/paper5_structure2_alpha52_offset30_h7/structure2_br_bt.csv
0.2294117939591177,1.6067122319766063,0.4059497474203983,0.05674576351487886,0.5106783515674461,0.04904435641138518,0.24000000000000002,-0.13999999999999999,2.8000000000000003,gaussian,False,2.8647889756541165,5;15;25;35;45;55,results/paper5_structure2_alpha52_offset30_h7/structure2_br_bt.csv
0.13511853967625032,1.7012323834951195,0.46380358781329317,0.053253521737441106,0.5106783515674461,0.04904435641138518,0.2,-0.22,0.8,gaussian,False,2.8647889756541165,5;15;25;35;45;55,results/paper5_structure2_alpha52_offset30_h7/structure2_br_bt.csv
0.23610266693967435,1.6004571811428763,0.4024287037742529,0.056991999517585955,0.5106783515674461,0.04904435641138518,0.24000000000000002,-0.13999999999999999,3.0000000000000004,gaussian,False,2.8647889756541165,5;15;25;35;45;55,results/paper5_structure2_alpha52_offset30_h7/structure2_br_bt.csv
0.13609274101135932,1.700820782646829,0.46753497490691465,0.053326869856350566,0.5106783515674461,0.04904435641138518,0.16,-0.22,0.8,gaussian,False,2.8647889756541165,5;15;25;35;45;55,results/paper5_structure2_alpha52_offset30_h7/structure2_br_bt.csv
0.2231039125744069,1.6140805180715707,0.40869654410250267,0.09534308766107434,0.5106783515674461,0.04904435641138518,0.28,0.26000000000000006,2.1999999999999997,gaussian,False,2.8647889756541165,5;15;25;35;45;55,results/paper5_structure2_alpha52_offset30_h7/structure2_br_bt.csv
0.13573766615191665,1.7016751579207647,0.4601643422271605,0.05318247938383067,0.5106783515674461,0.04904435641138518,0.24000000000000002,-0.22,0.8,gaussian,False,2.8647889756541165,5;15;25;35;45;55,results/paper5_structure2_alpha52_offset30_h7/structure2_br_bt.csv
0.24434362234730933,1.5933346408764364,0.396415680308435,0.05179052770413687,0.5106783515674461,0.04904435641138518,0.36,-0.13999999999999999,1.9999999999999998,gaussian,False,2.8647889756541165,5;15;25;35;45;55,results/paper5_structure2_alpha52_offset30_h7/structure2_br_bt.csv
0.2593821401210768,1.578904138378177,0.38906582849205434,0.08685622700224802,0.5106783515674461,0.04904435641138518,0.28,0.22000000000000006,3.0000000000000004,gaussian,False,2.8647889756541165,5;15;25;35;45;55,results/paper5_structure2_alpha52_offset30_h7/structure2_br_bt.csv
0.13862668281249715,1.7004403780130957,0.47135631526005234,0.05340251423968435,0.5106783515674461,0.04904435641138518,0.12,-0.22,0.8,gaussian,False,2.8647889756541165,5;15;25;35;45;55,results/paper5_structure2_alpha52_offset30_h7/structure2_br_bt.csv
0.23004688230766712,1.6099052422914362,0.40495058916998866,0.10052666085245375,0.5106783515674461,0.04904435641138518,0.36,0.30000000000000004,1.7999999999999998,gaussian,False,2.8647889756541165,5;15;25;35;45;55,results/paper5_structure2_alpha52_offset30_h7/structure2_br_bt.csv
0.13792866598486772,1.7021490815965248,0.4566194412503982,0.05311375204775632,0.5106783515674461,0.04904435641138518,0.28,-0.22,0.8,gaussian,False,2.8647889756541165,5;15;25;35;45;55,results/paper5_structure2_alpha52_offset30_h7/structure2_br_bt.csv
0.23209335208258738,1.6082151979960737,0.4030706154883454,0.055045961688950804,0.5106783515674461,0.04904435641138518,0.28,-0.13999999999999999,2.4,gaussian,False,2.8647889756541165,5;15;25;35;45;55,results/paper5_structure2_alpha52_offset30_h7/structure2_br_bt.csv
0.23971452101983068,1.602940743934958,0.3985045365607115,0.053576256201516424,0.5106783515674461,0.04904435641138518,0.32,-0.13999999999999999,2.1999999999999997,gaussian,False,2.8647889756541165,5;15;25;35;45;55,results/paper5_structure2_alpha52_offset30_h7/structure2_br_bt.csv
0.14263726322065248,1.7000911905348863,0.4752654390879445,0.053480445143722674,0.5106783515674461,0.04904435641138518,0.08,-0.22,0.8,gaussian,False,2.8647889756541165,5;15;25;35;45;55,results/paper5_structure2_alpha52_offset30_h7/structure2_br_bt.csv
0.1416186019851576,1.702654128511774,0.45317109890183277,0.05304734872712304,0.5106783515674461,0.04904435641138518,0.32,-0.22,0.8,gaussian,False,2.8647889756541165,5;15;25;35;45;55,results/paper5_structure2_alpha52_offset30_h7/structure2_br_bt.csv
0.1480044903725153,1.6997732394511913,0.47926019835677774,0.0535606525877838,0.5106783515674461,0.04904435641138518,0.04,-0.22,0.8,gaussian,False,2.8647889756541165,5;15;25;35;45;55,results/paper5_structure2_alpha52_offset30_h7/structure2_br_bt.csv
0.1432713041305857,1.7047426173213,0.46525994408035726,0.05333892459134168,0.5106783515674461,0.04904435641138518,0.12,-0.18,1.2,gaussian,False,2.8647889756541165,5;15;25;35;45;55,results/paper5_structure2_alpha52_offset30_h7/structure2_br_bt.csv
0.29631164441280905,1.5518080114695996,0.36815474850280466,0.08609774255746967,0.5106783515674461,0.04904435641138518,0.36,0.22000000000000006,2.8000000000000003,gaussian,False,2.8647889756541165,5;15;25;35;45;55,results/paper5_structure2_alpha52_offset30_h7/structure2_br_bt.csv
0.14485390815532623,1.7041833833015714,0.4711853880034495,0.053456564120507526,0.5106783515674461,0.04904435641138518,0.08,-0.18,1.2,gaussian,False,2.8647889756541165,5;15;25;35;45;55,results/paper5_structure2_alpha52_offset30_h7/structure2_br_bt.csv
0.1439390707558011,1.7053486593743201,0.45944194054380344,0.0532246466781475,0.5106783515674461,0.04904435641138518,0.16,-0.18,1.2,gaussian,False,2.8647889756541165,5;15;25;35;45;55,results/paper5_structure2_alpha52_offset30_h7/structure2_br_bt.csv
0.14669440546921012,1.7031902709795943,0.4498215358490097,0.0529832781599154,0.5106783515674461,0.04904435641138518,0.36,-0.22,0.8,gaussian,False,2.8647889756541165,5;15;25;35;45;55,results/paper5_structure2_alpha52_offset30_h7/structure2_br_bt.csv
0.14861500749191608,1.703671003409676,0.47721427015290313,0.05357754312247746,0.5106783515674461,0.04904435641138518,0.04,-0.18,1.2,gaussian,False,2.8647889756541165,5;15;25;35;45;55,results/paper5_structure2_alpha52_offset30_h7/structure2_br_bt.csv
0.24164616114619733,1.6106827540141235,0.3979184755007423,0.05597240742701077,0.5106783515674461,0.04904435641138518,0.28,-0.13999999999999999,2.6,gaussian,False,2.8647889756541165,5;15;25;35;45;55,results/paper5_structure2_alpha52_offset30_h7/structure2_br_bt.csv
0.1468265071986864,1.7060014595762019,0.45373551036144083,0.053113752079177595,0.5106783515674461,0.04904435641138518,0.2,-0.18,1.2,gaussian,False,2.8647889756541165,5;15;25;35;45;55,results/paper5_structure2_alpha52_offset30_h7/structure2_br_bt.csv
0.24111887567693602,1.6155877993984629,0.3984486890767449,0.09523764842568938,0.5106783515674461,0.04904435641138518,0.32,0.26000000000000006,2.1999999999999997,gaussian,False,2.8647889756541165,5;15;25;35;45;55,results/paper5_structure2_alpha52_offset30_h7/structure2_br_bt.csv
0.15768190005192173,1.6992465013010603,0.47159532216285277,0.09880885282860684,0.5106783515674461,0.04904435641138518,0.04,0.26000000000000006,2.4,gaussian,False,2.8647889756541165,5;15;25;35;45;55,results/paper5_structure2_alpha52_offset30_h7/structure2_br_bt.csv
0.15180700894769636,1.706700964273033,0.4481449156941996,0.05300626202916923,0.5106783515674461,0.04904435641138518,0.24000000000000002,-0.18,1.2,gaussian,False,2.8647889756541165,5;15;25;35;45;55,results/paper5_structure2_alpha52_offset30_h7/structure2_br_bt.csv
0.2502835152994493,1.6086894197104242,0.3932879470510035,0.05653979125769258,0.5106783515674461,0.04904435641138518,0.28,-0.13999999999999999,2.8000000000000003,gaussian,False,2.8647889756541165,5;15;25;35;45;55,results/paper5_structure2_alpha52_offset30_h7/structure2_br_bt.csv
0.2580612299050897,1.602564986049709,0.38914995450584905,0.05677903502900871,0.5106783515674461,0.04904435641138518,0.28,-0.13999999999999999,3.0000000000000004,gaussian,False,2.8647889756541165,5;15;25;35;45;55,results/paper5_structure2_alpha52_offset30_h7/structure2_br_bt.csv
0.2516396073454793,1.6100197144661161,0.39197190090825645,0.05486098389722508,0.5106783515674461,0.04904435641138518,0.32,-0.13999999999999999,2.4,gaussian,False,2.8647889756541165,5;15;25;35;45;55,results/paper5_structure2_alpha52_offset30_h7/structure2_br_bt.csv
0.28233305276009263,1.580953481838777,0.3758637349427768,0.08671281217113143,0.5106783515674461,0.04904435641138518,0.32,0.22000000000000006,3.0000000000000004,gaussian,False,2.8647889756541165,5;15;25;35;45;55,results/paper5_structure2_alpha52_offset30_h7/structure2_br_bt.csv
0.16308630052636455,1.7002335300067655,0.45996136943885957,0.0986760416787976,0.5106783515674461,0.04904435641138518,0.08,0.26000000000000006,2.4,gaussian,False,2.8647889756541165,5;15;25;35;45;55,results/paper5_structure2_alpha52_offset30_h7/structure2_br_bt.csv
0.2588553593875671,1.604687708552631,0.38838398083229364,0.05340496141086937,0.5106783515674461,0.04904435641138518,0.36,-0.13999999999999999,2.1999999999999997,gaussian,False,2.8647889756541165,5;15;25;35;45;55,results/paper5_structure2_alpha52_offset30_h7/structure2_br_bt.csv
0.15868361710801676,1.7074471160633047,0.4426745452693977,0.052902197280864,0.5106783515674461,0.04904435641138518,0.28,-0.18,1.2,gaussian,False,2.8647889756541165,5;15;25;35;45;55,results/paper5_structure2_alpha52_offset30_h7/structure2_br_bt.csv
0.17210002485913029,1.7013151524275134,0.44840004653185017,0.09854700337485395,0.5106783515674461,0.04904435641138518,0.12,0.26000000000000006,2.4,gaussian,False,2.8647889756541165,5;15;25;35;45;55,results/paper5_structure2_alpha52_offset30_h7/structure2_br_bt.csv
0.26248211295737917,1.6126323131126317,0.3860438223710094,0.055780400730333385,0.5106783515674461,0.04904435641138518,0.32,-0.13999999999999999,2.6,gaussian,False,2.8647889756541165,5;15;25;35;45;55,results/paper5_structure2_alpha52_offset30_h7/structure2_br_bt.csv
0.16722257722771477,1.708239853821272,0.4373289106195445,0.052801578086680914,0.5106783515674461,0.04904435641138518,0.32,-0.18,1.2,gaussian,False,2.8647889756541165,5;15;25;35;45;55,results/paper5_structure2_alpha52_offset30_h7/structure2_br_bt.csv
0.2601641856353078,1.6171854870808935,0.38832803638701735,0.0951358462559354,0.5106783515674461,0.04904435641138518,0.36,0.26000000000000006,2.1999999999999997,gaussian,False,2.8647889756541165,5;15;25;35;45;55,results/paper5_structure2_alpha52_offset30_h7/structure2_br_bt.csv
0.27228314312827834,1.610780620913947,0.380713396874149,0.056341073623537914,0.5106783515674461,0.04904435641138518,0.32,-0.13999999999999999,2.8000000000000003,gaussian,False,2.8647889756541165,5;15;25;35;45;55,results/paper5_structure2_alpha52_offset30_h7/structure2_br_bt.csv
0.2721495493488612,1.6119226550360188,0.3809906140531794,0.05468250249173771,0.5106783515674461,0.04904435641138518,0.36,-0.13999999999999999,2.4,gaussian,False,2.8647889756541165,5;15;25;35;45;55,results/paper5_structure2_alpha52_offset30_h7/structure2_br_bt.csv
0.28110893387776364,1.6047943661448614,0.37594865651114795,0.05657375317828874,0.5106783515674461,0.04904435641138518,0.32,-0.13999999999999999,3.0000000000000004,gaussian,False,2.8647889756541165,5;15;25;35;45;55,results/paper5_structure2_alpha52_offset30_h7/structure2_br_bt.csv
0.17718371244059675,1.7090791127217533,0.43211264106155206,0.052704424180576824,0.5106783515674461,0.04904435641138518,0.36,-0.18,1.2,gaussian,False,2.8647889756541165,5;15;25;35;45;55,results/paper5_structure2_alpha52_offset30_h7/structure2_br_bt.csv
0.18419395488288134,1.702491188272189,0.43691711908206105,0.09842175275622918,0.5106783515674461,0.04904435641138518,0.16,0.26000000000000006,2.4,gaussian,False,2.8647889756541165,5;15;25;35;45;55,results/paper5_structure2_alpha52_offset30_h7/structure2_br_bt.csv
0.3061377402894671,1.5831262181347543,0.3627475091026996,0.08657470381251939,0.5106783515674461,0.04904435641138518,0.36,0.22000000000000006,3.0000000000000004,gaussian,False,2.8647889756541165,5;15;25;35;45;55,results/paper5_structure2_alpha52_offset30_h7/structure2_br_bt.csv
0.2842338748875827,1.6146878859168179,0.3742760259824303,0.055595301655190194,0.5106783515674461,0.04904435641138518,0.36,-0.13999999999999999,2.6,gaussian,False,2.8647889756541165,5;15;25;35;45;55,results/paper5_structure2_alpha52_offset30_h7/structure2_br_bt.csv
0.14710684107257357,1.7536483069482947,0.46914466969209545,0.05691629358144013,0.5106783515674461,0.04904435641138518,0.08,-0.18,1.4,gaussian,False,2.8647889756541165,5;15;25;35;45;55,results/paper5_structure2_alpha52_offset30_h7/structure2_br_bt.csv
0.1472831121894035,1.7543004147634444,0.46219981826803214,0.05678715733648245,0.5106783515674461,0.04904435641138518,0.12,-0.18,1.4,gaussian,False,2.8647889756541165,5;15;25;35;45;55,results/paper5_structure2_alpha52_offset30_h7/structure2_br_bt.csv
0.14947979730117014,1.7530494132766274,0.47619517601838285,0.057049088742296944,0.5106783515674461,0.04904435641138518,0.04,-0.18,1.4,gaussian,False,2.8647889756541165,5;15;25;35;45;55,results/paper5_structure2_alpha52_offset30_h7/structure2_br_bt.csv
0.19880675239042236,1.703761442031795,0.42551893380633316,0.09830030430131079,0.5106783515674461,0.04904435641138518,0.2,0.26000000000000006,2.4,gaussian,False,2.8647889756541165,5;15;25;35;45;55,results/paper5_structure2_alpha52_offset30_h7/structure2_br_bt.csv
0.14999962379530785,1.755005677403708,0.4553654558513068,0.056661705024254765,0.5106783515674461,0.04904435641138518,0.16,-0.18,1.4,gaussian,False,2.8647889756541165,5;15;25;35;45;55,results/paper5_structure2_alpha52_offset30_h7/structure2_br_bt.csv
0.15529629178026064,1.750758463088031,0.473247616195566,0.10596765701628828,0.5106783515674461,0.04904435641138518,0.04,0.30000000000000004,1.9999999999999998,gaussian,False,2.8647889756541165,5;15;25;35;45;55,results/paper5_structure2_alpha52_offset30_h7/structure2_br_bt.csv
0.29515857976863097,1.6129853921391308,0.3682350352998289,0.056149687636308045,0.5106783515674461,0.04904435641138518,0.36,-0.13999999999999999,2.8000000000000003,gaussian,False,2.8647889756541165,5;15;25;35;45;55,results/paper5_structure2_alpha52_offset30_h7/structure2_br_bt.csv
0.1577320333887987,1.751545378102023,0.4632736215706954,0.10586157091678264,0.5106783515674461,0.04904435641138518,0.08,0.30000000000000004,1.9999999999999998,gaussian,False,2.8647889756541165,5;15;25;35;45;55,results/paper5_structure2_alpha52_offset30_h7/structure2_br_bt.csv
0.15512297927117005,1.7557640308147284,0.4486466318022512,0.056539961166774955,0.5106783515674461,0.04904435641138518,0.2,-0.18,1.4,gaussian,False,2.8647889756541165,5;15;25;35;45;55,results/paper5_structure2_alpha52_offset30_h7/structure2_br_bt.csv
0.3049989710037117,1.6071448154927261,0.362833263832471,0.05637623788947016,0.5106783515674461,0.04904435641138518,0.36,-0.13999999999999999,3.0000000000000004,gaussian,False,2.8647889756541165,5;15;25;35;45;55,results/paper5_structure2_alpha52_offset30_h7/structure2_br_bt.csv
0.16346303476005122,1.752408876772394,0.45339034675621903,0.10575844481264526,0.5106783515674461,0.04904435641138518,0.12,0.30000000000000004,1.9999999999999998,gaussian,False,2.8647889756541165,5;15;25;35;45;55,results/paper5_structure2_alpha52_offset30_h7/structure2_br_bt.csv
0.16242558238740074,1.7565754062350403,0.44204861445491594,0.0564219497696836,0.5106783515674461,0.04904435641138518,0.24000000000000002,-0.18,1.4,gaussian,False,2.8647889756541165,5;15;25;35;45;55,results/paper5_structure2_alpha52_offset30_h7/structure2_br_bt.csv
0.21542644660858748,1.70512570314006,0.41421248649925724,0.09818267211952142,0.5106783515674461,0.04904435641138518,0.24000000000000002,0.26000000000000006,2.4,gaussian,False,2.8647889756541165,5;15;25;35;45;55,results/paper5_structure2_alpha52_offset30_h7/structure2_br_bt.csv
0.1721605250012373,1.7533488459501543,0.4436038553712936,0.10565828737104678,0.5106783515674461,0.04904435641138518,0.16,0.30000000000000004,1.9999999999999998,gaussian,False,2.8647889756541165,5;15;25;35;45;55,results/paper5_structure2_alpha52_offset30_h7/structure2_br_bt.csv
0.1588402610806648,1.7697722747828548,0.4708818400821555,0.10081820484217743,0.5106783515674461,0.04904435641138518,0.04,0.26000000000000006,2.6,gaussian,False,2.8647889756541165,5;15;25;35;45;55,results/paper5_structure2_alpha52_offset30_h7/structure2_br_bt.csv
0.17162948606373332,1.7574397302269833,0.4355768936992492,0.05630769430080134,0.5106783515674461,0.04904435641138518,0.28,-0.18,1.4,gaussian,False,2.8647889756541165,5;15;25;35;45;55,results/paper5_structure2_alpha52_offset30_h7/structure2_br_bt.csv
0.16556379068531557,1.7707884593130374,0.4585301413724782,0.10067965007663625,0.5106783515674461,0.04904435641138518,0.08,0.26000000000000006,2.6,gaussian,False,2.8647889756541165,5;15;25;35;45;55,results/paper5_structure2_alpha52_offset30_h7/structure2_br_bt.csv
0.1834029505328988,1.7543651627191876,0.4339206959213643,0.1055611070420783,0.5106783515674461,0.04904435641138518,0.2,0.30000000000000004,1.9999999999999998,gaussian,False,2.8647889756541165,5;15;25;35;45;55,results/paper5_structure2_alpha52_offset30_h7/structure2_br_bt.csv
0.23362512776352762,1.706583746145591,0.40300549844837646,0.09806886994355427,0.5106783515674461,0.04904435641138518,0.28,0.26000000000000006,2.4,gaussian,False,2.8647889756541165,5;15;25;35;45;55,results/paper5_structure2_alpha52_offset30_h7/structure2_br_bt.csv
0.18244717239740563,1.7583569247096187,0.4292371821930539,0.05619721766884735,0.5106783515674461,0.04904435641138518,0.32,-0.18,1.4,gaussian,False,2.8647889756541165,5;15;25;35;45;55,results/paper5_structure2_alpha52_offset30_h7/structure2_br_bt.csv
0.1497517746484808,1.7911303626953847,0.4671296304271097,0.06015833673628827,0.5106783515674461,0.04904435641138518,0.08,-0.18,1.5999999999999999,gaussian,False,2.8647889756541165,5;15;25;35;45;55,results/paper5_structure2_alpha52_offset30_h7/structure2_br_bt.csv
0.1505550432493229,1.7904418665697468,0.4751911828368103,0.06030194701293775,0.5106783515674461,0.04904435641138518,0.04,-0.18,1.5999999999999999,gaussian,False,2.8647889756541165,5;15;25;35;45;55,results/paper5_structure2_alpha52_offset30_h7/structure2_br_bt.csv
0.15181535228030027,1.7918785138649576,0.4591717828244401,0.060018685870464765,0.5106783515674461,0.04904435641138518,0.12,-0.18,1.5999999999999999,gaussian,False,2.8647889756541165,5;15;25;35;45;55,results/paper5_structure2_alpha52_offset30_h7/structure2_br_bt.csv
0.17601293309632518,1.7719028131072665,0.44624215955394647,0.10054509038009923,0.5106783515674461,0.04904435641138518,0.12,0.26000000000000006,2.6,gaussian,False,2.8647889756541165,5;15;25;35;45;55,results/paper5_structure2_alpha52_offset30_h7/structure2_br_bt.csv
0.15663250805842432,1.792686245390007,0.4513231257131268,0.0598830221162374,0.5106783515674461,0.04904435641138518,0.16,-0.18,1.5999999999999999,gaussian,False,2.8647889756541165,5;15;25;35;45;55,results/paper5_structure2_alpha52_offset30_h7/structure2_br_bt.csv
0.1967545461212511,1.755457694475898,0.4243479422331879,0.10546691205533876,0.5106783515674461,0.04904435641138518,0.24000000000000002,0.30000000000000004,1.9999999999999998,gaussian,False,2.8647889756541165,5;15;25;35;45;55,results/paper5_structure2_alpha52_offset30_h7/structure2_br_bt.csv
0.1946097132771346,1.7593269069936157,0.423035414946017,0.056090542202359206,0.5106783515674461,0.04904435641138518,0.36,-0.18,1.4,gaussian,False,2.8647889756541165,5;15;25;35;45;55,results/paper5_structure2_alpha52_offset30_h7/structure2_br_bt.csv
0.16396072148051635,1.7935534767740255,0.4435894550221459,0.059751372631475216,0.5106783515674461,0.04904435641138518,0.2,-0.18,1.5999999999999999,gaussian,False,2.8647889756541165,5;15;25;35;45;55,results/paper5_structure2_alpha52_offset30_h7/structure2_br_bt.csv
0.25306237189355646,1.7081353308952327,0.3919065021798688,0.0979589111217516,0.5106783515674461,0.04904435641138518,0.32,0.26000000000000006,2.4,gaussian,False,2.8647889756541165,5;15;25;35;45;55,results/paper5_structure2_alpha52_offset30_h7/structure2_br_bt.csv
0.18957262469411326,1.7731151510755585,0.4340233064802759,0.10041454181324763,0.5106783515674461,0.04904435641138518,0.16,0.26000000000000006,2.6,gaussian,False,2.8647889756541165,5;15;25;35;45;55,results/paper5_structure2_alpha52_offset30_h7/structure2_br_bt.csv
0.17348206826991933,1.7944801217522344,0.4359768899291651,0.059623764006748264,0.5106783515674461,0.04904435641138518,0.24000000000000002,-0.18,1.5999999999999999,gaussian,False,2.8647889756541165,5;15;25;35;45;55,results/paper5_structure2_alpha52_offset30_h7/structure2_br_bt.csv
0.21181684029916387,1.7566262990148123,0.41489323649133564,0.10537571041659007,0.5106783515674461,0.04904435641138518,0.28,0.30000000000000004,1.9999999999999998,gaussian,False,2.8647889756541165,5;15;25;35;45;55,results/paper5_structure2_alpha52_offset30_h7/structure2_br_bt.csv
0.1390079276805683,1.829450931220625,0.46350707986603057,0.05843094278392466,0.5106783515674461,0.04904435641138518,0.16,-0.22,1.0,gaussian,False,2.8647889756541165,5;15;25;35;45;55,results/paper5_structure2_alpha52_offset30_h7/structure2_br_bt.csv
0.1401726896299012,1.8289907700343817,0.46831943226633244,0.05851729934667166,0.5106783515674461,0.04904435641138518,0.12,-0.22,1.0,gaussian,False,2.8647889756541165,5;15;25;35;45;55,results/paper5_structure2_alpha52_offset30_h7/structure2_br_bt.csv
0.13977795893802086,1.8299473933277701,0.45879769510241974,0.05834720567996422,0.5106783515674461,0.04904435641138518,0.2,-0.22,1.0,gaussian,False,2.8647889756541165,5;15;25;35;45;55,results/paper5_structure2_alpha52_offset30_h7/structure2_br_bt.csv
0.15174564590049391,1.8195774976571593,0.4742208208852258,0.06325604154596898,0.5106783515674461,0.04904435641138518,0.04,-0.18,1.7999999999999998,gaussian,False,2.8647889756541165,5;15;25;35;45;55,results/paper5_structure2_alpha52_offset30_h7/structure2_br_bt.csv
0.14322504908354045,1.8285669371745585,0.47323161104079675,0.05860626378885755,0.5106783515674461,0.04904435641138518,0.08,-0.22,1.0,gaussian,False,2.8647889756541165,5;15;25;35;45;55,results/paper5_structure2_alpha52_offset30_h7/structure2_br_bt.csv
0.14245141086903787,1.8304801268192514,0.45419448089374004,0.05826609932845426,0.5106783515674461,0.04904435641138518,0.24000000000000002,-0.22,1.0,gaussian,False,2.8647889756541165,5;15;25;35;45;55,results/paper5_structure2_alpha52_offset30_h7/structure2_br_bt.csv
0.15258057586785906,1.820357070728381,0.46517812929224145,0.06310251220108594,0.5106783515674461,0.04904435641138518,0.08,-0.18,1.7999999999999998,gaussian,False,2.8647889756541165,5;15;25;35;45;55,results/paper5_structure2_alpha52_offset30_h7/structure2_br_bt.csv
0.14804830042507064,1.8281794579075017,0.4782405401426765,0.0586978242527081,0.5106783515674461,0.04904435641138518,0.04,-0.22,1.0,gaussian,False,2.8647889756541165,5;15;25;35;45;55,results/paper5_structure2_alpha52_offset30_h7/structure2_br_bt.csv
0.15654434324385652,1.8212027991879947,0.4562338004532094,0.06295323516326765,0.5106783515674461,0.04904435641138518,0.12,-0.18,1.7999999999999998,gaussian,False,2.8647889756541165,5;15;25;35;45;55,results/paper5_structure2_alpha52_offset30_h7/structure2_br_bt.csv
0.14692441566719697,1.8310491000362008,0.4497006975923632,0.058187634730224425,0.5106783515674461,0.04904435641138518,0.28,-0.22,1.0,gaussian,False,2.8647889756541165,5;15;25;35;45;55,results/paper5_structure2_alpha52_offset30_h7/structure2_br_bt.csv
0.2056284295393563,1.774425272381175,0.4218795886993943,0.10028802004038326,0.5106783515674461,0.04904435641138518,0.2,0.26000000000000006,2.6,gaussian,False,2.8647889756541165,5;15;25;35;45;55,results/paper5_structure2_alpha52_offset30_h7/structure2_br_bt.csv
0.1598830888505328,1.82030506958326,0.4702417092499245,0.10210150403345054,0.5106783515674461,0.04904435641138518,0.04,0.26000000000000006,2.8000000000000003,gaussian,False,2.8647889756541165,5;15;25;35;45;55,results/paper5_structure2_alpha52_offset30_h7/structure2_br_bt.csv
0.1848579780508941,1.795466088334079,0.4284918851505308,0.059500222241053766,0.5106783515674461,0.04904435641138518,0.28,-0.18,1.5999999999999999,gaussian,False,2.8647889756541165,5;15;25;35;45;55,results/paper5_structure2_alpha52_offset30_h7/structure2_br_bt.csv
0.2734742129269355,1.7097802027282996,0.38092493746879164,0.09785280861063651,0.5106783515674461,0.04904435641138518,0.36,0.26000000000000006,2.4,gaussian,False,2.8647889756541165,5;15;25;35;45;55,results/paper5_structure2_alpha52_offset30_h7/structure2_br_bt.csv
0.15303926354560962,1.831654279206798,0.4453196580586413,0.058111822586236414,0.5106783515674461,0.04904435641138518,0.32,-0.22,1.0,gaussian,False,2.8647889756541165,5;15;25;35;45;55,results/paper5_structure2_alpha52_offset30_h7/structure2_br_bt.csv
0.1634094209591562,1.8221145909185892,0.4473937338335286,0.06280824075203655,0.5106783515674461,0.04904435641138518,0.16,-0.18,1.7999999999999998,gaussian,False,2.8647889756541165,5;15;25;35;45;55,results/paper5_structure2_alpha52_offset30_h7/structure2_br_bt.csv
0.22825141732089804,1.7578708246200148,0.40556483473672145,0.10528750990448284,0.5106783515674461,0.04904435641138518,0.32,0.30000000000000004,1.9999999999999998,gaussian,False,2.8647889756541165,5;15;25;35;45;55,results/paper5_structure2_alpha52_offset30_h7/structure2_br_bt.csv
0.16780882755914306,1.82135241842373,0.45724581611894,0.10195717610627814,0.5106783515674461,0.04904435641138518,0.08,0.26000000000000006,2.8000000000000003,gaussian,False,2.8647889756541165,5;15;25;35;45;55,results/paper5_structure2_alpha52_offset30_h7/structure2_br_bt.csv
0.16060853420937912,1.8322956284562282,0.441054721989863,0.058038673290676523,0.5106783515674461,0.04904435641138518,0.36,-0.22,1.0,gaussian,False,2.8647889756541165,5;15;25;35;45;55,results/paper5_structure2_alpha52_offset30_h7/structure2_br_bt.csv
0.19776867876885643,1.796511278848392,0.4211412421854329,0.059380772717711805,0.5106783515674461,0.04904435641138518,0.32,-0.18,1.5999999999999999,gaussian,False,2.8647889756541165,5;15;25;35;45;55,results/paper5_structure2_alpha52_offset30_h7/structure2_br_bt.csv
0.17283042122796713,1.823092346798565,0.4386642328300899,0.06266755869363765,0.5106783515674461,0.04904435641138518,0.2,-0.18,1.7999999999999998,gaussian,False,2.8647889756541165,5;15;25;35;45;55,results/paper5_structure2_alpha52_offset30_h7/structure2_br_bt.csv
0.15297463408064518,1.8437757804332016,0.4733027187512063,0.06591562351313676,0.5106783515674461,0.04904435641138518,0.04,-0.18,1.9999999999999998,gaussian,False,2.8647889756541165,5;15;25;35;45;55,results/paper5_structure2_alpha52_offset30_h7/structure2_br_bt.csv
0.22364338939792552,1.7758329606050682,0.40981768549278763,0.10016554032056085,0.5106783515674461,0.04904435641138518,0.24000000000000002,0.26000000000000006,2.6,gaussian,False,2.8647889756541165,5;15;25;35;45;55,results/paper5_structure2_alpha52_offset30_h7/structure2_br_bt.csv
0.15543335931645774,1.8446454364041018,0.4633287379701367,0.06575320253264419,0.5106783515674461,0.04904435641138518,0.08,-0.18,1.9999999999999998,gaussian,False,2.8647889756541165,5;15;25;35;45;55,results/paper5_structure2_alpha52_offset30_h7/structure2_br_bt.csv
0.17955837015081458,1.822502078123388,0.4443053870900207,0.10181707448288368,0.5106783515674461,0.04904435641138518,0.12,0.26000000000000006,2.8000000000000003,gaussian,False,2.8647889756541165,5;15;25;35;45;55,results/paper5_structure2_alpha52_offset30_h7/structure2_br_bt.csv
0.24578315329454817,1.7591911101622677,0.396371654566579,0.10520231806735598,0.5106783515674461,0.04904435641138518,0.36,0.30000000000000004,1.9999999999999998,gaussian,False,2.8647889756541165,5;15;25;35;45;55,results/paper5_structure2_alpha52_offset30_h7/structure2_br_bt.csv
0.16123316335179372,1.8455877350981786,0.4534454665786947,0.06559532340224648,0.5106783515674461,0.04904435641138518,0.12,-0.18,1.9999999999999998,gaussian,False,2.8647889756541165,5;15;25;35;45;55,results/paper5_structure2_alpha52_offset30_h7/structure2_br_bt.csv
0.18441604684121135,1.8241359607555117,0.4300520305133951,0.06253121809373205,0.5106783515674461,0.04904435641138518,0.24000000000000002,-0.18,1.7999999999999998,gaussian,False,2.8647889756541165,5;15;25;35;45;55,results/paper5_structure2_alpha52_offset30_h7/structure2_br_bt.csv
0.21193386414150953,1.7976155899911803,0.4139321191224579,0.059265440180476844,0.5106783515674461,0.04904435641138518,0.36,-0.18,1.5999999999999999,gaussian,False,2.8647889756541165,5;15;25;35;45;55,results/paper5_structure2_alpha52_offset30_h7/structure2_br_bt.csv
0.1351112923695873,1.874930784463745,0.46380717832397245,0.061297476048042664,0.5106783515674461,0.04904435641138518,0.2,-0.26,0.8,gaussian,False,2.8647889756541165,5;15;25;35;45;55,results/paper5_structure2_alpha52_offset30_h7/structure2_br_bt.csv
0.13608582788023615,1.8745551014194477,0.4675385581905053,0.06136104630635929,0.5106783515674461,0.04904435641138518,0.16,-0.26,0.8,gaussian,False,2.8647889756541165,5;15;25;35;45;55,results/paper5_structure2_alpha52_offset30_h7/structure2_br_bt.csv
0.13573016887037387,1.8753347693852034,0.4601679393617422,0.06123593016454523,0.5106783515674461,0.04904435641138518,0.24000000000000002,-0.26,0.8,gaussian,False,2.8647889756541165,5;15;25;35;45;55,results/paper5_structure2_alpha52_offset30_h7/structure2_br_bt.csv
0.13862017318481343,1.874207737271559,0.4713598907485302,0.06142663465443532,0.5106783515674461,0.04904435641138518,0.12,-0.26,0.8,gaussian,False,2.8647889756541165,5;15;25;35;45;55,results/paper5_structure2_alpha52_offset30_h7/structure2_br_bt.csv
0.1379210092670786,1.8757670378976532,0.45662304436988,0.06117641476566977,0.5106783515674461,0.04904435641138518,0.28,-0.26,0.8,gaussian,False,2.8647889756541165,5;15;25;35;45;55,results/paper5_structure2_alpha52_offset30_h7/structure2_br_bt.csv
0.16081443111008092,1.8533381143626197,0.4696701892553401,0.10272587553438921,0.5106783515674461,0.04904435641138518,0.04,0.26000000000000006,3.0000000000000004,gaussian,False,2.8647889756541165,5;15;25;35;45;55,results/paper5_structure2_alpha52_offset30_h7/structure2_br_bt.csv
0.14263120597399204,1.8738887077685644,0.47526900624769797,0.06149423463492558,0.5106783515674461,0.04904435641138518,0.08,-0.26,0.8,gaussian,False,2.8647889756541165,5;15;25;35;45;55,results/paper5_structure2_alpha52_offset30_h7/structure2_br_bt.csv
0.1700324968945308,1.846602565309358,0.44365896674427213,0.06544201899364598,0.5106783515674461,0.04904435641138518,0.16,-0.18,1.9999999999999998,gaussian,False,2.8647889756541165,5;15;25;35;45;55,results/paper5_structure2_alpha52_offset30_h7/structure2_br_bt.csv
0.1541862985108545,1.8628464881921716,0.47245046784061184,0.06818753493455369,0.5106783515674461,0.04904435641138518,0.04,-0.18,2.1999999999999997,gaussian,False,2.8647889756541165,5;15;25;35;45;55,results/paper5_structure2_alpha52_offset30_h7/structure2_br_bt.csv
0.1416108734977233,1.876227570452123,0.45317470733084936,0.061118935783053004,0.5106783515674461,0.04904435641138518,0.32,-0.26,0.8,gaussian,False,2.8647889756541165,5;15;25;35;45;55,results/paper5_structure2_alpha52_offset30_h7/structure2_br_bt.csv
0.19443975713242273,1.8237538551977936,0.4314254130612884,0.10168121663292652,0.5106783515674461,0.04904435641138518,0.16,0.26000000000000006,2.8000000000000003,gaussian,False,2.8647889756541165,5;15;25;35;45;55,results/paper5_structure2_alpha52_offset30_h7/structure2_br_bt.csv
0.24318249072070444,1.777337983922238,0.39784503831587176,0.1000471174988726,0.5106783515674461,0.04904435641138518,0.28,0.26000000000000006,2.6,gaussian,False,2.8647889756541165,5;15;25;35;45;55,results/paper5_structure2_alpha52_offset30_h7/structure2_br_bt.csv
0.14799891236516666,1.873598027384626,0.4792637566877771,0.061563839621230486,0.5106783515674461,0.04904435641138518,0.04,-0.26,0.8,gaussian,False,2.8647889756541165,5;15;25;35;45;55,results/paper5_structure2_alpha52_offset30_h7/structure2_br_bt.csv
0.15819959361801875,1.8638041511725214,0.4616101130808581,0.06801705918549228,0.5106783515674461,0.04904435641138518,0.08,-0.18,2.1999999999999997,gaussian,False,2.8647889756541165,5;15;25;35;45;55,results/paper5_structure2_alpha52_offset30_h7/structure2_br_bt.csv
0.19778627442347116,1.8252453198231247,0.42156431588353704,0.06239924741022023,0.5106783515674461,0.04904435641138518,0.28,-0.18,1.7999999999999998,gaussian,False,2.8647889756541165,5;15;25;35;45;55,results/paper5_structure2_alpha52_offset30_h7/structure2_br_bt.csv
0.146686682518203,1.8767163462412426,0.44982514887540803,0.061063498967322175,0.5106783515674461,0.04904435641138518,0.36,-0.26,0.8,gaussian,False,2.8647889756541165,5;15;25;35;45;55,results/paper5_structure2_alpha52_offset30_h7/structure2_br_bt.csv
0.16982873478043373,1.854418604183198,0.45609902076640274,0.10257569529234183,0.5106783515674461,0.04904435641138518,0.08,0.26000000000000006,3.0000000000000004,gaussian,False,2.8647889756541165,5;15;25;35;45;55,results/paper5_structure2_alpha52_offset30_h7/structure2_br_bt.csv
0.18139537010543139,1.8476898075254162,0.43397578534346193,0.06529332153028498,0.5106783515674461,0.04904435641138518,0.2,-0.18,1.9999999999999998,gaussian,False,2.8647889756541165,5;15;25;35;45;55,results/paper5_structure2_alpha52_offset30_h7/structure2_br_bt.csv
0.16572550519218907,1.864840940294604,0.45085159618859577,0.06785141864621837,0.5106783515674461,0.04904435641138518,0.12,-0.18,2.1999999999999997,gaussian,False,2.8647889756541165,5;15;25;35;45;55,results/paper5_structure2_alpha52_offset30_h7/structure2_br_bt.csv
0.15534426092497414,1.875950988778413,0.47167117858922974,0.06999525311342726,0.5106783515674461,0.04904435641138518,0.04,-0.18,2.4,gaussian,False,2.8647889756541165,5;15;25;35;45;55,results/paper5_structure2_alpha52_offset30_h7/structure2_br_bt.csv
0.15668357543007627,1.876893071204434,0.47238455970069493,0.10999161867868451,0.5106783515674461,0.04904435641138518,0.04,0.30000000000000004,2.1999999999999997,gaussian,False,2.8647889756541165,5;15;25;35;45;55,results/paper5_structure2_alpha52_offset30_h7/structure2_br_bt.csv
0.1583399435930271,1.87667738909871,0.4697680343730286,0.07252947738126829,0.5106783515674461,0.04904435641138518,0.04,-0.18,3.0000000000000004,gaussian,False,2.8647889756541165,5;15;25;35;45;55,results/paper5_structure2_alpha52_offset30_h7/structure2_br_bt.csv
0.2117938506998491,1.8251075395308098,0.41861147436727775,0.10154961958896623,0.5106783515674461,0.04904435641138518,0.2,0.26000000000000006,2.8000000000000003,gaussian,False,2.8647889756541165,5;15;25;35;45;55,results/paper5_structure2_alpha52_offset30_h7/structure2_br_bt.csv
0.16081117433724454,1.87699428388043,0.460037680085237,0.06981729274496122,0.5106783515674461,0.04904435641138518,0.08,-0.18,2.4,gaussian,False,2.8647889756541165,5;15;25;35;45;55,results/paper5_structure2_alpha52_offset30_h7/structure2_br_bt.csv
0.16064960168761253,1.877703409612217,0.4615440285723419,0.1098802551320806,0.5106783515674461,0.04904435641138518,0.08,0.30000000000000004,2.1999999999999997,gaussian,False,2.8647889756541165,5;15;25;35;45;55,results/paper5_structure2_alpha52_offset30_h7/structure2_br_bt.csv
0.18275071092242434,1.8556060007958075,0.4425758992344135,0.102429980694851,0.5106783515674461,0.04904435641138518,0.12,0.26000000000000006,3.0000000000000004,gaussian,False,2.8647889756541165,5;15;25;35;45;55,results/paper5_structure2_alpha52_offset30_h7/structure2_br_bt.csv
0.15642768153661787,1.882542338865551,0.4709663544278176,0.07130769828366904,0.5106783515674461,0.04904435641138518,0.04,-0.18,2.6,gaussian,False,2.8647889756541165,5;15;25;35;45;55,results/paper5_structure2_alpha52_offset30_h7/structure2_br_bt.csv
0.21260468140463631,1.8264203042015987,0.4132087603105637,0.06227167442624695,0.5106783515674461,0.04904435641138518,0.32,-0.18,1.7999999999999998,gaussian,False,2.8647889756541165,5;15;25;35;45;55,results/paper5_structure2_alpha52_offset30_h7/structure2_br_bt.csv
0.1574269564979089,1.8826238803159412,0.4703335644582569,0.07213787514312488,0.5106783515674461,0.04904435641138518,0.04,-0.18,2.8000000000000003,gaussian,False,2.8647889756541165,5;15;25;35;45;55,results/paper5_structure2_alpha52_offset30_h7/structure2_br_bt.csv
0.17631480255321255,1.8659567236628836,0.4401809178334054,0.0676906488123424,0.5106783515674461,0.04904435641138518,0.16,-0.18,2.1999999999999997,gaussian,False,2.8647889756541165,5;15;25;35;45;55,results/paper5_structure2_alpha52_offset30_h7/structure2_br_bt.csv
0.26390741852024935,1.7789400952896697,0.38596995332648154,0.09993276599789613,0.5106783515674461,0.04904435641138518,0.32,0.26000000000000006,2.6,gaussian,False,2.8647889756541165,5;15;25;35;45;55,results/paper5_structure2_alpha52_offset30_h7/structure2_br_bt.csv
0.19487386651606098,1.8488493339976204,0.42440299437728807,0.06514926255701341,0.5106783515674461,0.04904435641138518,0.24000000000000002,-0.18,1.9999999999999998,gaussian,False,2.8647889756541165,5;15;25;35;45;55,results/paper5_structure2_alpha52_offset30_h7/structure2_br_bt.csv
0.16746476896951104,1.8779640462282636,0.4561976023539449,0.07233033004028055,0.5106783515674461,0.04904435641138518,0.08,-0.18,3.0000000000000004,gaussian,False,2.8647889756541165,5;15;25;35;45;55,results/paper5_structure2_alpha52_offset30_h7/structure2_br_bt.csv
0.16808028174981365,1.878592433583292,0.450785338858227,0.10977203199583657,0.5106783515674461,0.04904435641138518,0.12,0.30000000000000004,2.1999999999999997,gaussian,False,2.8647889756541165,5;15;25;35;45;55,results/paper5_structure2_alpha52_offset30_h7/structure2_br_bt.csv
0.1632323789348076,1.8836689356985103,0.4586152400950084,0.07112257820132868,0.5106783515674461,0.04904435641138518,0.08,-0.18,2.6,gaussian,False,2.8647889756541165,5;15;25;35;45;55,results/paper5_structure2_alpha52_offset30_h7/structure2_br_bt.csv
0.16993041370769082,1.8781232063114837,0.4484768225317433,0.06964446957753098,0.5106783515674461,0.04904435641138518,0.12,-0.18,2.4,gaussian,False,2.8647889756541165,5;15;25;35;45;55,results/paper5_structure2_alpha52_offset30_h7/structure2_br_bt.csv
0.16544990664146186,1.883831567864831,0.457338349681251,0.07194573420754775,0.5106783515674461,0.04904435641138518,0.08,-0.18,2.8000000000000003,gaussian,False,2.8647889756541165,5;15;25;35;45;55,results/paper5_structure2_alpha52_offset30_h7/structure2_br_bt.csv
0.19881989540748884,1.8569000991154956,0.42910536723791004,0.10228875082641004,0.5106783515674461,0.04904435641138518,0.16,0.26000000000000006,3.0000000000000004,gaussian,False,2.8647889756541165,5;15;25;35;45;55,results/paper5_structure2_alpha52_offset30_h7/structure2_br_bt.csv
0.2285898049937718,1.8276607873214203,0.4049935437285499,0.06214852622344112,0.5106783515674461,0.04904435641138518,0.36,-0.18,1.7999999999999998,gaussian,False,2.8647889756541165,5;15;25;35;45;55,results/paper5_structure2_alpha52_offset30_h7/structure2_br_bt.csv
0.1894545090659561,1.8671513596598162,0.4296046233632575,0.06753478446872546,0.5106783515674461,0.04904435641138518,0.2,-0.18,2.1999999999999997,gaussian,False,2.8647889756541165,5;15;25;35;45;55,results/paper5_structure2_alpha52_offset30_h7/structure2_br_bt.csv
0.2310641824534479,1.8265629045489356,0.4058698255694076,0.10142229993639441,0.5106783515674461,0.04904435641138518,0.24000000000000002,0.26000000000000006,2.8000000000000003,gaussian,False,2.8647889756541165,5;15;25;35;45;55,results/paper5_structure2_alpha52_offset30_h7/structure2_br_bt.csv
0.17854355933966648,1.879560031463844,0.44011449249012347,0.10966695856714846,0.5106783515674461,0.04904435641138518,0.16,0.30000000000000004,2.1999999999999997,gaussian,False,2.8647889756541165,5;15;25;35;45;55,results/paper5_structure2_alpha52_offset30_h7/structure2_br_bt.csv
0.17380461184811788,1.884887691461958,0.4463278627647758,0.07094290784516225,0.5106783515674461,0.04904435641138518,0.12,-0.18,2.6,gaussian,False,2.8647889756541165,5;15;25;35;45;55,results/paper5_structure2_alpha52_offset30_h7/structure2_br_bt.csv
0.1805349418717748,1.8793559993664832,0.4426752516669876,0.07213728660208651,0.5106783515674461,0.04904435641138518,0.12,-0.18,3.0000000000000004,gaussian,False,2.8647889756541165,5;15;25;35;45;55,results/paper5_structure2_alpha52_offset30_h7/structure2_br_bt.csv
0.21006113554365077,1.8500810088148871,0.4149482339863574,0.06500987290989886,0.5106783515674461,0.04904435641138518,0.28,-0.18,1.9999999999999998,gaussian,False,2.8647889756541165,5;15;25;35;45;55,results/paper5_structure2_alpha52_offset30_h7/structure2_br_bt.csv
0.14321794132470833,1.9178166648291748,0.4652653740424232,0.06321660645551128,0.5106783515674461,0.04904435641138518,0.12,-0.22,1.2,gaussian,False,2.8647889756541165,5;15;25;35;45;55,results/paper5_structure2_alpha52_offset30_h7/structure2_br_bt.csv
0.1821542602734187,1.8793376017619758,0.4369943712013222,0.06947682194741511,0.5106783515674461,0.04904435641138518,0.16,-0.18,2.4,gaussian,False,2.8647889756541165,5;15;25;35;45;55,results/paper5_structure2_alpha52_offset30_h7/structure2_br_bt.csv
0.14480167492581802,1.9173151065038427,0.47119079346758014,0.06331557027534647,0.5106783515674461,0.04904435641138518,0.08,-0.22,1.2,gaussian,False,2.8647889756541165,5;15;25;35;45;55,results/paper5_structure2_alpha52_offset30_h7/structure2_br_bt.csv
0.14388540578047027,1.9183598654822784,0.4594473943601888,0.06312054128943716,0.5106783515674461,0.04904435641138518,0.16,-0.22,1.2,gaussian,False,2.8647889756541165,5;15;25;35;45;55,results/paper5_structure2_alpha52_offset30_h7/structure2_br_bt.csv
0.17733669039766772,1.8851379748843133,0.44439862704702815,0.07175936575927712,0.5106783515674461,0.04904435641138518,0.12,-0.18,2.8000000000000003,gaussian,False,2.8647889756541165,5;15;25;35;45;55,results/paper5_structure2_alpha52_offset30_h7/structure2_br_bt.csv
0.14856462913060633,1.9168552231942853,0.47721965056112503,0.06341741917876811,0.5106783515674461,0.04904435641138518,0.04,-0.22,1.2,gaussian,False,2.8647889756541165,5;15;25;35;45;55,results/paper5_structure2_alpha52_offset30_h7/structure2_br_bt.csv
0.1467733589562194,1.9189446730997475,0.45374098729693846,0.0630273880313471,0.5106783515674461,0.04904435641138518,0.2,-0.22,1.2,gaussian,False,2.8647889756541165,5;15;25;35;45;55,results/paper5_structure2_alpha52_offset30_h7/structure2_br_bt.csv
0.2855601003152959,1.780639032645506,0.3742017188863942,0.09982249980931675,0.5106783515674461,0.04904435641138518,0.36,0.26000000000000006,2.6,gaussian,False,2.8647889756541165,5;15;25;35;45;55,results/paper5_structure2_alpha52_offset30_h7/structure2_br_bt.csv
0.1517550836885853,1.9195710496542295,0.4481504149159484,0.06293715961098302,0.5106783515674461,0.04904435641138518,0.24000000000000002,-0.22,1.2,gaussian,False,2.8647889756541165,5;15;25;35;45;55,results/paper5_structure2_alpha52_offset30_h7/structure2_br_bt.csv
0.19154309940096853,1.8806060819717825,0.4295380362921587,0.10956504390777289,0.5106783515674461,0.04904435641138518,0.2,0.30000000000000004,2.1999999999999997,gaussian,False,2.8647889756541165,5;15;25;35;45;55,results/paper5_structure2_alpha52_offset30_h7/structure2_br_bt.csv
0.2046539696398255,1.8684246970346978,0.4191298578687588,0.0673838596557691,0.5106783515674461,0.04904435641138518,0.24000000000000002,-0.18,2.1999999999999997,gaussian,False,2.8647889756541165,5;15;25;35;45;55,results/paper5_structure2_alpha52_offset30_h7/structure2_br_bt.csv
0.1875081871593783,1.8861984275120864,0.43410963465620017,0.07076872872310183,0.5106783515674461,0.04904435641138518,0.16,-0.18,2.6,gaussian,False,2.8647889756541165,5;15;25;35;45;55,results/paper5_structure2_alpha52_offset30_h7/structure2_br_bt.csv
0.21733933044597048,1.8583006762249064,0.4156925373058401,0.10215202428805269,0.5106783515674461,0.04904435641138518,0.2,0.26000000000000006,3.0000000000000004,gaussian,False,2.8647889756541165,5;15;25;35;45;55,results/paper5_structure2_alpha52_offset30_h7/structure2_br_bt.csv
0.19690536023783584,1.8806373046528655,0.42559667225980197,0.06931438740815045,0.5106783515674461,0.04904435641138518,0.2,-0.18,2.4,gaussian,False,2.8647889756541165,5;15;25;35;45;55,results/paper5_structure2_alpha52_offset30_h7/structure2_br_bt.csv
0.1967658174301196,1.8808530147357696,0.4292055268208079,0.0719503961971502,0.5106783515674461,0.04904435641138518,0.16,-0.18,3.0000000000000004,gaussian,False,2.8647889756541165,5;15;25;35;45;55,results/paper5_structure2_alpha52_offset30_h7/structure2_br_bt.csv
0.22661388029110618,1.8513846879823501,0.40561975792660737,0.06487518268623814,0.5106783515674461,0.04904435641138518,0.32,-0.18,1.9999999999999998,gaussian,False,2.8647889756541165,5;15;25;35;45;55,results/paper5_structure2_alpha52_offset30_h7/structure2_br_bt.csv
0.158633444061224,1.9202389544667113,0.4426800658407557,0.06284986862519769,0.5106783515674461,0.04904435641138518,0.28,-0.22,1.2,gaussian,False,2.8647889756541165,5;15;25;35;45;55,results/paper5_structure2_alpha52_offset30_h7/structure2_br_bt.csv
0.19237239171145099,1.8865428962884567,0.4315193886169539,0.07157881488748537,0.5106783515674461,0.04904435641138518,0.16,-0.18,2.8000000000000003,gaussian,False,2.8647889756541165,5;15;25;35;45;55,results/paper5_structure2_alpha52_offset30_h7/structure2_br_bt.csv
0.2518112046942043,1.8281197074083873,0.39320749426033225,0.10129927380354077,0.5106783515674461,0.04904435641138518,0.28,0.26000000000000006,2.8000000000000003,gaussian,False,2.8647889756541165,5;15;25;35;45;55,results/paper5_structure2_alpha52_offset30_h7/structure2_br_bt.csv
0.16717449371085027,1.9209483442196473,0.43733445149395395,0.06276552732967967,0.5106783515674461,0.04904435641138518,0.32,-0.22,1.2,gaussian,False,2.8647889756541165,5;15;25;35;45;55,results/paper5_structure2_alpha52_offset30_h7/structure2_br_bt.csv
0.2066007022070682,1.8817304542720965,0.41906311707806165,0.10946629684028591,0.5106783515674461,0.04904435641138518,0.24000000000000002,0.30000000000000004,2.1999999999999997,gaussian,False,2.8647889756541165,5;15;25;35;45;55,results/paper5_structure2_alpha52_offset30_h7/structure2_br_bt.csv
0.22148954478965102,1.8697765749981528,0.40876442659636864,0.06723790763586728,0.5106783515674461,0.04904435641138518,0.28,-0.18,2.1999999999999997,gaussian,False,2.8647889756541165,5;15;25;35;45;55,results/paper5_structure2_alpha52_offset30_h7/structure2_br_bt.csv
0.20371215228621287,1.8876009522376267,0.4219665625507588,0.07060008147781774,0.5106783515674461,0.04904435641138518,0.2,-0.18,2.6,gaussian,False,2.8647889756541165,5;15;25;35;45;55,results/paper5_structure2_alpha52_offset30_h7/structure2_br_bt.csv
0.21366091024512066,1.8820221382471434,0.41429072072531836,0.0691572026928408,0.5106783515674461,0.04904435641138518,0.24000000000000002,-0.18,2.4,gaussian,False,2.8647889756541165,5;15;25;35;45;55,results/paper5_structure2_alpha52_offset30_h7/structure2_br_bt.csv
0.24425465005815336,1.8527602195042483,0.3964264812453084,0.06474522121483085,0.5106783515674461,0.04904435641138518,0.36,-0.18,1.9999999999999998,gaussian,False,2.8647889756541165,5;15;25;35;45;55,results/paper5_structure2_alpha52_offset30_h7/structure2_br_bt.csv
0.23773708921669204,1.8598074915640683,0.4023431802843272,0.10201981918581345,0.5106783515674461,0.04904435641138518,0.24000000000000002,0.26000000000000006,3.0000000000000004,gaussian,False,2.8647889756541165,5;15;25;35;45;55,results/paper5_structure2_alpha52_offset30_h7/structure2_br_bt.csv
0.21544422448259287,1.8824548416850675,0.41579354232452603,0.07176970689352061,0.5106783515674461,0.04904435641138518,0.2,-0.18,3.0000000000000004,gaussian,False,2.8647889756541165,5;15;25;35;45;55,results/paper5_structure2_alpha52_offset30_h7/structure2_br_bt.csv
0.20988134172056713,1.8880461121594967,0.4187062158391827,0.07140412572276658,0.5106783515674461,0.04904435641138518,0.2,-0.18,2.8000000000000003,gaussian,False,2.8647889756541165,5;15;25;35;45;55,results/paper5_structure2_alpha52_offset30_h7/structure2_br_bt.csv
0.17713788624568827,1.921699172970897,0.4321182010764671,0.06268414763082311,0.5106783515674461,0.04904435641138518,0.36,-0.22,1.2,gaussian,False,2.8647889756541165,5;15;25;35;45;55,results/paper5_structure2_alpha52_offset30_h7/structure2_br_bt.csv
0.27369931381767937,1.82977768919458,0.3806323963829008,0.1011805568519667,0.5106783515674461,0.04904435641138518,0.32,0.26000000000000006,2.8000000000000003,gaussian,False,2.8647889756541165,5;15;25;35;45;55,results/paper5_structure2_alpha52_offset30_h7/structure2_br_bt.csv
0.22330041704987946,1.8829330080578557,0.408697542101994,0.1093707259444173,0.5106783515674461,0.04904435641138518,0.28,0.30000000000000004,2.1999999999999997,gaussian,False,2.8647889756541165,5;15;25;35;45;55,results/paper5_structure2_alpha52_offset30_h7/structure2_br_bt.csv
0.23961661981337423,1.8712068233221477,0.3985168609931112,0.06709696086008893,0.5106783515674461,0.04904435641138518,0.32,-0.18,2.1999999999999997,gaussian,False,2.8647889756541165,5;15;25;35;45;55,results/paper5_structure2_alpha52_offset30_h7/structure2_br_bt.csv
0.2218693428834393,1.8890950611980264,0.40990532578738725,0.07043700584422054,0.5106783515674461,0.04904435641138518,0.24000000000000002,-0.18,2.6,gaussian,False,2.8647889756541165,5;15;25;35;45;55,results/paper5_structure2_alpha52_offset30_h7/structure2_br_bt.csv
0.23198699438740358,1.883491914768289,0.4030842368328218,0.06900530367665464,0.5106783515674461,0.04904435641138518,0.28,-0.18,2.4,gaussian,False,2.8647889756541165,5;15;25;35;45;55,results/paper5_structure2_alpha52_offset30_h7/structure2_br_bt.csv
0.22929767397451487,1.8896473879174898,0.4059653643001327,0.07123534138881478,0.5106783515674461,0.04904435641138518,0.24000000000000002,-0.18,2.8000000000000003,gaussian,False,2.8647889756541165,5;15;25;35;45;55,results/paper5_structure2_alpha52_offset30_h7/structure2_br_bt.csv
0.2359897160863864,1.8841612128964842,0.4024450710273159,0.07159526564149678,0.5106783515674461,0.04904435641138518,0.24000000000000002,-0.18,3.0000000000000004,gaussian,False,2.8647889756541165,5;15;25;35;45;55,results/paper5_structure2_alpha52_offset30_h7/structure2_br_bt.csv
0.2595707377602735,1.8614202871342083,0.3890638297773255,0.10189215311938839,0.5106783515674461,0.04904435641138518,0.28,0.26000000000000006,3.0000000000000004,gaussian,False,2.8647889756541165,5;15;25;35;45;55,results/paper5_structure2_alpha52_offset30_h7/structure2_br_bt.csv
0.24130154834712222,1.884213593636735,0.39844984514592746,0.10927833955346287,0.5106783515674461,0.04904435641138518,0.32,0.30000000000000004,2.1999999999999997,gaussian,False,2.8647889756541165,5;15;25;35;45;55,results/paper5_structure2_alpha52_offset30_h7/structure2_br_bt.csv
0.29647588626572396,1.8315365751336319,0.368153470999314,0.10106616426695922,0.5106783515674461,0.04904435641138518,0.36,0.26000000000000006,2.8000000000000003,gaussian,False,2.8647889756541165,5;15;25;35;45;55,results/paper5_structure2_alpha52_offset30_h7/structure2_br_bt.csv
0.147032521681435,1.982159294237925,0.4691512600786467,0.06769270188686892,0.5106783515674461,0.04904435641138518,0.08,-0.22,1.4,gaussian,False,2.8647889756541165,5;15;25;35;45;55,results/paper5_structure2_alpha52_offset30_h7/structure2_br_bt.csv
0.14720819106498978,1.9827418080300312,0.46220645030637797,0.06758455213368343,0.5106783515674461,0.04904435641138518,0.12,-0.22,1.4,gaussian,False,2.8647889756541165,5;15;25;35;45;55,results/paper5_structure2_alpha52_offset30_h7/structure2_br_bt.csv
0.14940733885612595,1.981623899699653,0.47620172451505427,0.0678040036057308,0.5106783515674461,0.04904435641138518,0.04,-0.22,1.4,gaussian,False,2.8647889756541165,5;15;25;35;45;55,results/paper5_structure2_alpha52_offset30_h7/structure2_br_bt.csv
0.2587639182890834,1.872715262445369,0.3883964905769874,0.06696105093515961,0.5106783515674461,0.04904435641138518,0.36,-0.18,2.1999999999999997,gaussian,False,2.8647889756541165,5;15;25;35;45;55,results/paper5_structure2_alpha52_offset30_h7/structure2_br_bt.csv
0.2415396721433983,1.8906805372701658,0.3979333656470911,0.0702795406071834,0.5106783515674461,0.04904435641138518,0.28,-0.18,2.6,gaussian,False,2.8647889756541165,5;15;25;35;45;55,results/paper5_structure2_alpha52_offset30_h7/structure2_br_bt.csv
0.14992538196697683,1.9833713995593683,0.4553721291926334,0.06747956950117685,0.5106783515674461,0.04904435641138518,0.16,-0.22,1.4,gaussian,False,2.8647889756541165,5;15;25;35;45;55,results/paper5_structure2_alpha52_offset30_h7/structure2_br_bt.csv
0.15796860710655256,1.9784196251402943,0.47159505527186124,0.1131949084064917,0.5106783515674461,0.04904435641138518,0.04,0.30000000000000004,2.4,gaussian,False,2.8647889756541165,5;15;25;35;45;55,results/paper5_structure2_alpha52_offset30_h7/structure2_br_bt.csv
0.2515405809899768,1.8850464355255265,0.3919857517188618,0.06885872533959038,0.5106783515674461,0.04904435641138518,0.32,-0.18,2.4,gaussian,False,2.8647889756541165,5;15;25;35;45;55,results/paper5_structure2_alpha52_offset30_h7/structure2_br_bt.csv
0.15505053484575204,1.9840480240088587,0.44865334597572365,0.0673777687936107,0.5106783515674461,0.04904435641138518,0.2,-0.22,1.4,gaussian,False,2.8647889756541165,5;15;25;35;45;55,results/paper5_structure2_alpha52_offset30_h7/structure2_br_bt.csv
0.25017768516771477,1.8913464745003326,0.39330386247691895,0.07107250395435562,0.5106783515674461,0.04904435641138518,0.28,-0.18,2.8000000000000003,gaussian,False,2.8647889756541165,5;15;25;35;45;55,results/paper5_structure2_alpha52_offset30_h7/structure2_br_bt.csv
0.1633649602294113,1.97925457794839,0.45996122892156,0.11307845342623364,0.5106783515674461,0.04904435641138518,0.08,0.30000000000000004,2.4,gaussian,False,2.8647889756541165,5;15;25;35;45;55,results/paper5_structure2_alpha52_offset30_h7/structure2_br_bt.csv
0.25795655373691384,1.885971844604428,0.389166648519293,0.07142711821857842,0.5106783515674461,0.04904435641138518,0.28,-0.18,3.0000000000000004,gaussian,False,2.8647889756541165,5;15;25;35;45;55,results/paper5_structure2_alpha52_offset30_h7/structure2_br_bt.csv
0.2825075529879948,1.863138787715194,0.37586190593201446,0.10176904317101232,0.5106783515674461,0.04904435641138518,0.32,0.26000000000000006,3.0000000000000004,gaussian,False,2.8647889756541165,5;15;25;35;45;55,results/paper5_structure2_alpha52_offset30_h7/structure2_br_bt.csv
0.26033427183653535,1.8855720520229482,0.38832935843815436,0.10918914575077907,0.5106783515674461,0.04904435641138518,0.36,0.30000000000000004,2.1999999999999997,gaussian,False,2.8647889756541165,5;15;25;35;45;55,results/paper5_structure2_alpha52_offset30_h7/structure2_br_bt.csv
0.16235577017973865,1.9847716332768128,0.442055368855715,0.06727916445478403,0.5106783515674461,0.04904435641138518,0.24000000000000002,-0.22,1.4,gaussian,False,2.8647889756541165,5;15;25;35;45;55,results/paper5_structure2_alpha52_offset30_h7/structure2_br_bt.csv
0.17236547494227486,1.9801709427379923,0.44840003894814917,0.11296532582195697,0.5106783515674461,0.04904435641138518,0.12,0.30000000000000004,2.4,gaussian,False,2.8647889756541165,5;15;25;35;45;55,results/paper5_structure2_alpha52_offset30_h7/structure2_br_bt.csv
0.2623830495895548,1.8923571508033785,0.38605898781141684,0.070127723559577,0.5106783515674461,0.04904435641138518,0.32,-0.18,2.6,gaussian,False,2.8647889756541165,5;15;25;35;45;55,results/paper5_structure2_alpha52_offset30_h7/structure2_br_bt.csv
0.17156282645739707,1.9855421759939118,0.435583687575972,0.06718377055844671,0.5106783515674461,0.04904435641138518,0.28,-0.22,1.4,gaussian,False,2.8647889756541165,5;15;25;35;45;55,results/paper5_structure2_alpha52_offset30_h7/structure2_br_bt.csv
0.2720571254835922,1.886685491045681,0.3810047033589115,0.06871750172958942,0.5106783515674461,0.04904435641138518,0.36,-0.18,2.4,gaussian,False,2.8647889756541165,5;15;25;35;45;55,results/paper5_structure2_alpha52_offset30_h7/structure2_br_bt.csv
0.13898232511253403,2.0254346086962363,0.4635118667541641,0.06757203578528768,0.5106783515674461,0.04904435641138518,0.16,-0.26,1.0,gaussian,False,2.8647889756541165,5;15;25;35;45;55,results/paper5_structure2_alpha52_offset30_h7/structure2_br_bt.csv
0.14014771143216748,2.0250158945157057,0.46832420208741765,0.06764650162289597,0.5106783515674461,0.04904435641138518,0.12,-0.26,1.0,gaussian,False,2.8647889756541165,5;15;25;35;45;55,results/paper5_structure2_alpha52_offset30_h7/structure2_br_bt.csv
0.2721847354274029,1.8931431085538486,0.3807296269876295,0.07091565438544142,0.5106783515674461,0.04904435641138518,0.32,-0.18,2.8000000000000003,gaussian,False,2.8647889756541165,5;15;25;35;45;55,results/paper5_structure2_alpha52_offset30_h7/structure2_br_bt.csv
0.1844432731089452,1.9811686065408196,0.43691725144457255,0.11285553559985466,0.5106783515674461,0.04904435641138518,0.16,0.30000000000000004,2.4,gaussian,False,2.8647889756541165,5;15;25;35;45;55,results/paper5_structure2_alpha52_offset30_h7/structure2_br_bt.csv
0.13975208468772685,2.0258861307827103,0.4588024983374944,0.0674998625389075,0.5106783515674461,0.04904435641138518,0.2,-0.26,1.0,gaussian,False,2.8647889756541165,5;15;25;35;45;55,results/paper5_structure2_alpha52_offset30_h7/structure2_br_bt.csv
0.14320100611563286,2.024630008596151,0.47323636313937867,0.06772325248920204,0.5106783515674461,0.04904435641138518,0.08,-0.26,1.0,gaussian,False,2.8647889756541165,5;15;25;35;45;55,results/paper5_structure2_alpha52_offset30_h7/structure2_br_bt.csv
0.18238390907681043,1.9863595975413035,0.42924401463453343,0.06709160079886053,0.5106783515674461,0.04904435641138518,0.32,-0.22,1.4,gaussian,False,2.8647889756541165,5;15;25;35;45;55,results/paper5_structure2_alpha52_offset30_h7/structure2_br_bt.csv
0.14242561729658218,2.0263704388440535,0.4541992996881503,0.06742998924533572,0.5106783515674461,0.04904435641138518,0.24000000000000002,-0.26,1.0,gaussian,False,2.8647889756541165,5;15;25;35;45;55,results/paper5_structure2_alpha52_offset30_h7/structure2_br_bt.csv
0.2810116125977395,1.8878864368268513,0.375965696860033,0.07126530917483428,0.5106783515674461,0.04904435641138518,0.32,-0.18,3.0000000000000004,gaussian,False,2.8647889756541165,5;15;25;35;45;55,results/paper5_structure2_alpha52_offset30_h7/structure2_br_bt.csv
0.3062998079835854,1.8649627010961816,0.3627458625413211,0.1016505058945675,0.5106783515674461,0.04904435641138518,0.36,0.26000000000000006,3.0000000000000004,gaussian,False,2.8647889756541165,5;15;25;35;45;55,results/paper5_structure2_alpha52_offset30_h7/structure2_br_bt.csv
0.14802543055925357,2.0242769697116283,0.47824527392504196,0.06780228062438184,0.5106783515674461,0.04904435641138518,0.04,-0.26,1.0,gaussian,False,2.8647889756541165,5;15;25;35;45;55,results/paper5_structure2_alpha52_offset30_h7/structure2_br_bt.csv
0.14689901482626375,2.026887509378451,0.44970553108825434,0.06736242306161683,0.5106783515674461,0.04904435641138518,0.28,-0.26,1.0,gaussian,False,2.8647889756541165,5;15;25;35;45;55,results/paper5_structure2_alpha52_offset30_h7/structure2_br_bt.csv
0.284141443281075,1.8941246597825092,0.37429147977629246,0.06998159146071124,0.5106783515674461,0.04904435641138518,0.36,-0.18,2.6,gaussian,False,2.8647889756541165,5;15;25;35;45;55,results/paper5_structure2_alpha52_offset30_h7/structure2_br_bt.csv
0.15301450081089918,2.0274373173190217,0.4453245053252904,0.06729717093674799,0.5106783515674461,0.04904435641138518,0.32,-0.26,1.0,gaussian,False,2.8647889756541165,5;15;25;35;45;55,results/paper5_structure2_alpha52_offset30_h7/structure2_br_bt.csv
0.19903894684194856,1.9822474466036595,0.4255192136138698,0.11274909250932527,0.5106783515674461,0.04904435641138518,0.2,0.30000000000000004,2.4,gaussian,False,2.8647889756541165,5;15;25;35;45;55,results/paper5_structure2_alpha52_offset30_h7/structure2_br_bt.csv
0.1945498823307741,1.9872238400697944,0.4230422848676371,0.06700266848152267,0.5106783515674461,0.04904435641138518,0.36,-0.22,1.4,gaussian,False,2.8647889756541165,5;15;25;35;45;55,results/paper5_structure2_alpha52_offset30_h7/structure2_br_bt.csv
0.1496579360682519,2.033456101133397,0.4671375426919672,0.07178042256873933,0.5106783515674461,0.04904435641138518,0.08,-0.22,1.5999999999999999,gaussian,False,2.8647889756541165,5;15;25;35;45;55,results/paper5_structure2_alpha52_offset30_h7/structure2_br_bt.csv
0.15046253420901254,2.03284302966954,0.4751990292917524,0.07190037116848377,0.5106783515674461,0.04904435641138518,0.04,-0.22,1.5999999999999999,gaussian,False,2.8647889756541165,5;15;25;35;45;55,results/paper5_structure2_alpha52_offset30_h7/structure2_br_bt.csv
0.135109037821923,2.049504955869741,0.4638111481259328,0.06951690894347529,0.5106783515674461,0.04904435641138518,0.2,-0.3,0.8,gaussian,False,2.8647889756541165,5;15;25;35;45;55,results/paper5_structure2_alpha52_offset30_h7/structure2_br_bt.csv
0.13608387177605447,2.0491592460224806,0.46754251773843264,0.06957282533950311,0.5106783515674461,0.04904435641138518,0.16,-0.3,0.8,gaussian,False,2.8647889756541165,5;15;25;35;45;55,results/paper5_structure2_alpha52_offset30_h7/structure2_br_bt.csv
0.13572764156441855,2.04987656827744,0.460171918787096,0.06946279032400991,0.5106783515674461,0.04904435641138518,0.24000000000000002,-0.3,0.8,gaussian,False,2.8647889756541165,5;15;25;35;45;55,results/paper5_structure2_alpha52_offset30_h7/structure2_br_bt.csv
0.15172196831994392,2.0341217713979867,0.45917976140814465,0.07166387697817647,0.5106783515674461,0.04904435641138518,0.12,-0.22,1.5999999999999999,gaussian,False,2.8647889756541165,5;15;25;35;45;55,results/paper5_structure2_alpha52_offset30_h7/structure2_br_bt.csv
0.13861852998003804,2.0488394518476256,0.47136383945110555,0.06963053518101148,0.5106783515674461,0.04904435641138518,0.12,-0.3,0.8,gaussian,False,2.8647889756541165,5;15;25;35;45;55,results/paper5_structure2_alpha52_offset30_h7/structure2_br_bt.csv
0.1379182435647365,2.050274069161053,0.4566270327478409,0.06941047368622977,0.5106783515674461,0.04904435641138518,0.28,-0.3,0.8,gaussian,False,2.8647889756541165,5;15;25;35;45;55,results/paper5_structure2_alpha52_offset30_h7/structure2_br_bt.csv
0.16058457947996727,2.0280198360398645,0.44105958202123136,0.06723423960824562,0.5106783515674461,0.04904435641138518,0.36,-0.26,1.0,gaussian,False,2.8647889756541165,5;15;25;35;45;55,results/paper5_structure2_alpha52_offset30_h7/structure2_br_bt.csv
0.29506675756775846,1.8950370126315919,0.3682515972700844,0.07076483249822212,0.5106783515674461,0.04904435641138518,0.36,-0.18,2.8000000000000003,gaussian,False,2.8647889756541165,5;15;25;35;45;55,results/paper5_structure2_alpha52_offset30_h7/structure2_br_bt.csv
0.1426298783213427,2.048545585482098,0.4752729435519983,0.06969003401258066,0.5106783515674461,0.04904435641138518,0.08,-0.3,0.8,gaussian,False,2.8647889756541165,5;15;25;35;45;55,results/paper5_structure2_alpha52_offset30_h7/structure2_br_bt.csv
0.15654120137716318,2.034839988842359,0.4513311710080273,0.07155075102579299,0.5106783515674461,0.04904435641138518,0.16,-0.22,1.5999999999999999,gaussian,False,2.8647889756541165,5;15;25;35;45;55,results/paper5_structure2_alpha52_offset30_h7/structure2_br_bt.csv
0.14160790857573582,2.0506974434661513,0.45317870394977317,0.06935996310771603,0.5106783515674461,0.04904435641138518,0.32,-0.3,0.8,gaussian,False,2.8647889756541165,5;15;25;35;45;55,results/paper5_structure2_alpha52_offset30_h7/structure2_br_bt.csv
0.30490814107760955,1.8899046736081744,0.3628506716010255,0.07110988177882396,0.5106783515674461,0.04904435641138518,0.36,-0.18,3.0000000000000004,gaussian,False,2.8647889756541165,5;15;25;35;45;55,results/paper5_structure2_alpha52_offset30_h7/structure2_br_bt.csv
0.147997892437577,2.0482776580854876,0.4792676820782647,0.06975131725611153,0.5106783515674461,0.04904435641138518,0.04,-0.3,0.8,gaussian,False,2.8647889756541165,5;15;25;35;45;55,results/paper5_structure2_alpha52_offset30_h7/structure2_br_bt.csv
0.1466835582956562,2.051146675171246,0.44982915298221043,0.06931126253696553,0.5106783515674461,0.04904435641138518,0.36,-0.3,0.8,gaussian,False,2.8647889756541165,5;15;25;35;45;55,results/paper5_structure2_alpha52_offset30_h7/structure2_br_bt.csv
0.21564183510281396,1.9834073304632551,0.41421292177183544,0.11264600603882886,0.5106783515674461,0.04904435641138518,0.24000000000000002,0.30000000000000004,2.4,gaussian,False,2.8647889756541165,5;15;25;35;45;55,results/paper5_structure2_alpha52_offset30_h7/structure2_br_bt.csv
0.1638727372121167,2.0356106978464,0.44359756728615984,0.07144106095644294,0.5106783515674461,0.04904435641138518,0.2,-0.22,1.5999999999999999,gaussian,False,2.8647889756541165,5;15;25;35;45;55,results/paper5_structure2_alpha52_offset30_h7/structure2_br_bt.csv
0.17339819632636247,2.0364338388122225,0.43598506926614644,0.0713348226199852,0.5106783515674461,0.04904435641138518,0.24000000000000002,-0.22,1.5999999999999999,gaussian,False,2.8647889756541165,5;15;25;35;45;55,results/paper5_structure2_alpha52_offset30_h7/structure2_br_bt.csv
0.15913673455017976,2.0556619452951463,0.47088111399344246,0.11552819290153736,0.5106783515674461,0.04904435641138518,0.04,0.30000000000000004,2.6,gaussian,False,2.8647889756541165,5;15;25;35;45;55,results/paper5_structure2_alpha52_offset30_h7/structure2_br_bt.csv
0.23382475714691228,1.9846481160268274,0.4030060977633754,0.11254628541182739,0.5106783515674461,0.04904435641138518,0.28,0.30000000000000004,2.4,gaussian,False,2.8647889756541165,5;15;25;35;45;55,results/paper5_structure2_alpha52_offset30_h7/structure2_br_bt.csv
0.18477859505943445,2.0373093481870415,0.42850013148877714,0.07123205146057977,0.5106783515674461,0.04904435641138518,0.28,-0.22,1.5999999999999999,gaussian,False,2.8647889756541165,5;15;25;35;45;55,results/paper5_structure2_alpha52_offset30_h7/structure2_br_bt.csv
0.1658498762806702,2.0565226104793446,0.4585295495547086,0.115406688696189,0.5106783515674461,0.04904435641138518,0.08,0.30000000000000004,2.6,gaussian,False,2.8647889756541165,5;15;25;35;45;55,results/paper5_structure2_alpha52_offset30_h7/structure2_br_bt.csv
0.15163656079925966,2.074330132733555,0.4742300904591625,0.07561140720834306,0.5106783515674461,0.04904435641138518,0.04,-0.22,1.7999999999999998,gaussian,False,2.8647889756541165,5;15;25;35;45;55,results/paper5_structure2_alpha52_offset30_h7/structure2_br_bt.csv
0.15247111647145423,2.0750217395080317,0.4651874960014498,0.0754835241998348,0.5106783515674461,0.04904435641138518,0.08,-0.22,1.7999999999999998,gaussian,False,2.8647889756541165,5;15;25;35;45;55,results/paper5_structure2_alpha52_offset30_h7/structure2_br_bt.csv
0.15643671030851236,2.075771450604406,0.45624326610775334,0.07535928919940028,0.5106783515674461,0.04904435641138518,0.12,-0.22,1.7999999999999998,gaussian,False,2.8647889756541165,5;15;25;35;45;55,results/paper5_structure2_alpha52_offset30_h7/structure2_br_bt.csv
0.17628359602213725,2.0574679608455586,0.44624170950548686,0.11528870709907825,0.5106783515674461,0.04904435641138518,0.12,0.30000000000000004,2.6,gaussian,False,2.8647889756541165,5;15;25;35;45;55,results/paper5_structure2_alpha52_offset30_h7/structure2_br_bt.csv
0.19769384944934304,2.0382371584874943,0.42114955525427966,0.07113276250614757,0.5106783515674461,0.04904435641138518,0.32,-0.22,1.5999999999999999,gaussian,False,2.8647889756541165,5;15;25;35;45;55,results/paper5_structure2_alpha52_offset30_h7/structure2_br_bt.csv
0.25324760686897296,1.9859696516581282,0.391907274708794,0.11244993958281307,0.5106783515674461,0.04904435641138518,0.32,0.30000000000000004,2.4,gaussian,False,2.8647889756541165,5;15;25;35;45;55,results/paper5_structure2_alpha52_offset30_h7/structure2_br_bt.csv
0.16330540558512005,2.0765792030901578,0.44740330016062596,0.07523872027793453,0.5106783515674461,0.04904435641138518,0.16,-0.22,1.7999999999999998,gaussian,False,2.8647889756541165,5;15;25;35;45;55,results/paper5_structure2_alpha52_offset30_h7/structure2_br_bt.csv
0.18982537916685902,2.0584978797206075,0.4340230062776759,0.11517425893561792,0.5106783515674461,0.04904435641138518,0.16,0.30000000000000004,2.6,gaussian,False,2.8647889756541165,5;15;25;35;45;55,results/paper5_structure2_alpha52_offset30_h7/structure2_br_bt.csv
0.17273122138619057,2.0774449292623,0.43867390145066293,0.07512183508737216,0.5106783515674461,0.04904435641138518,0.2,-0.22,1.7999999999999998,gaussian,False,2.8647889756541165,5;15;25;35;45;55,results/paper5_structure2_alpha52_offset30_h7/structure2_br_bt.csv
0.21186344952142883,2.039217198325398,0.41394049842693725,0.07103697035800921,0.5106783515674461,0.04904435641138518,0.36,-0.22,1.5999999999999999,gaussian,False,2.8647889756541165,5;15;25;35;45;55,results/paper5_structure2_alpha52_offset30_h7/structure2_br_bt.csv
0.273646489172906,1.9873717762688972,0.3809258930138421,0.11235697723342894,0.5106783515674461,0.04904435641138518,0.36,0.30000000000000004,2.4,gaussian,False,2.8647889756541165,5;15;25;35;45;55,results/paper5_structure2_alpha52_offset30_h7/structure2_br_bt.csv
0.15285283425361443,2.1096537311335495,0.47331347927016465,0.07894614478939299,0.5106783515674461,0.04904435641138518,0.04,-0.22,1.9999999999999998,gaussian,False,2.8647889756541165,5;15;25;35;45;55,results/paper5_structure2_alpha52_offset30_h7/structure2_br_bt.csv
0.18432227856904135,2.078368556675543,0.43006180291517454,0.0750086508486723,0.5106783515674461,0.04904435641138518,0.24000000000000002,-0.22,1.7999999999999998,gaussian,False,2.8647889756541165,5;15;25;35;45;55,results/paper5_structure2_alpha52_offset30_h7/structure2_br_bt.csv
0.20586278563730429,2.059612240237841,0.42187944704932057,0.11506335474943445,0.5106783515674461,0.04904435641138518,0.2,0.30000000000000004,2.6,gaussian,False,2.8647889756541165,5;15;25;35;45;55,results/paper5_structure2_alpha52_offset30_h7/structure2_br_bt.csv
0.1553123701522953,2.110422744299897,0.46333963243048565,0.07881115737640396,0.5106783515674461,0.04904435641138518,0.08,-0.22,1.9999999999999998,gaussian,False,2.8647889756541165,5;15;25;35;45;55,results/paper5_structure2_alpha52_offset30_h7/structure2_br_bt.csv
0.16018536586485954,2.110461818273674,0.4702405396065251,0.11701791634705981,0.5106783515674461,0.04904435641138518,0.04,0.30000000000000004,2.8000000000000003,gaussian,False,2.8647889756541165,5;15;25;35;45;55,results/paper5_structure2_alpha52_offset30_h7/structure2_br_bt.csv
0.1611154522850604,2.111255337090907,0.4534564986664773,0.07868006015301374,0.5106783515674461,0.04904435641138518,0.12,-0.22,1.9999999999999998,gaussian,False,2.8647889756541165,5;15;25;35;45;55,results/paper5_structure2_alpha52_offset30_h7/structure2_br_bt.csv
0.14317170728330628,2.1320929878982913,0.46527137760765086,0.07333739973920818,0.5106783515674461,0.04904435641138518,0.12,-0.26,1.2,gaussian,False,2.8647889756541165,5;15;25;35;45;55,results/paper5_structure2_alpha52_offset30_h7/structure2_br_bt.csv
0.14475649323568585,2.131637823810141,0.4711967653222599,0.07342244237685103,0.5106783515674461,0.04904435641138518,0.08,-0.26,1.2,gaussian,False,2.8647889756541165,5;15;25;35;45;55,results/paper5_structure2_alpha52_offset30_h7/structure2_br_bt.csv
0.14383883627969873,2.1325856319313696,0.45945342904257924,0.07325488969957375,0.5106783515674461,0.04904435641138518,0.16,-0.26,1.2,gaussian,False,2.8647889756541165,5;15;25;35;45;55,results/paper5_structure2_alpha52_offset30_h7/structure2_br_bt.csv
0.1976980983704063,2.079350008172356,0.42157419339035995,0.07489918433996691,0.5106783515674461,0.04904435641138518,0.28,-0.22,1.7999999999999998,gaussian,False,2.8647889756541165,5;15;25;35;45;55,results/paper5_structure2_alpha52_offset30_h7/structure2_br_bt.csv
0.16809868500675873,2.111349423686672,0.45724478888928294,0.11689132022052523,0.5106783515674461,0.04904435641138518,0.08,0.30000000000000004,2.8000000000000003,gaussian,False,2.8647889756541165,5;15;25;35;45;55,results/paper5_structure2_alpha52_offset30_h7/structure2_br_bt.csv
0.1485211248433274,2.1312201636806627,0.4772255902052017,0.07351000882272773,0.5106783515674461,0.04904435641138518,0.04,-0.26,1.2,gaussian,False,2.8647889756541165,5;15;25;35;45;55,results/paper5_structure2_alpha52_offset30_h7/structure2_br_bt.csv
0.14672716688308562,2.1331157299413475,0.4537470524029333,0.07317492082501299,0.5106783515674461,0.04904435641138518,0.2,-0.26,1.2,gaussian,False,2.8647889756541165,5;15;25;35;45;55,results/paper5_structure2_alpha52_offset30_h7/structure2_br_bt.csv
0.16991986013250748,2.11215143431888,0.4436701401547762,0.07855287259628668,0.5106783515674461,0.04904435641138518,0.16,-0.22,1.9999999999999998,gaussian,False,2.8647889756541165,5;15;25;35;45;55,results/paper5_structure2_alpha52_offset30_h7/structure2_br_bt.csv
0.22386009476908303,2.060810905414636,0.40981771178826104,0.11495600479771972,0.5106783515674461,0.04904435641138518,0.24000000000000002,0.30000000000000004,2.6,gaussian,False,2.8647889756541165,5;15;25;35;45;55,results/paper5_structure2_alpha52_offset30_h7/structure2_br_bt.csv
0.15170988696895604,2.1336832540127224,0.44815650964481013,0.07309750145565186,0.5106783515674461,0.04904435641138518,0.24000000000000002,-0.26,1.2,gaussian,False,2.8647889756541165,5;15;25;35;45;55,results/paper5_structure2_alpha52_offset30_h7/structure2_br_bt.csv
0.17983100272978494,2.1123254480149853,0.44430451071571014,0.1167684503733771,0.5106783515674461,0.04904435641138518,0.12,0.30000000000000004,2.8000000000000003,gaussian,False,2.8647889756541165,5;15;25;35;45;55,results/paper5_structure2_alpha52_offset30_h7/structure2_br_bt.csv
0.15405539544734012,2.1382422284479077,0.47246267864536845,0.08179097735104127,0.5106783515674461,0.04904435641138518,0.04,-0.22,2.1999999999999997,gaussian,False,2.8647889756541165,5;15;25;35;45;55,results/paper5_structure2_alpha52_offset30_h7/structure2_br_bt.csv
0.15858970877735926,2.1342881742898405,0.4426861892774498,0.07302263970052734,0.5106783515674461,0.04904435641138518,0.28,-0.26,1.2,gaussian,False,2.8647889756541165,5;15;25;35;45;55,results/paper5_structure2_alpha52_offset30_h7/structure2_br_bt.csv
0.21252195653329536,2.0803892019148775,0.4132187440474991,0.07479345188488958,0.5106783515674461,0.04904435641138518,0.32,-0.22,1.7999999999999998,gaussian,False,2.8647889756541165,5;15;25;35;45;55,results/paper5_structure2_alpha52_offset30_h7/structure2_br_bt.csv
0.18128883592107256,2.113110955193715,0.4339871037566796,0.07842961372688298,0.5106783515674461,0.04904435641138518,0.2,-0.22,1.9999999999999998,gaussian,False,2.8647889756541165,5;15;25;35;45;55,results/paper5_structure2_alpha52_offset30_h7/structure2_br_bt.csv
0.1580707343580618,2.139086853779251,0.46162249635119756,0.08164955545981338,0.5106783515674461,0.04904435641138518,0.08,-0.22,2.1999999999999997,gaussian,False,2.8647889756541165,5;15;25;35;45;55,results/paper5_structure2_alpha52_offset30_h7/structure2_br_bt.csv
0.16713252011323076,2.1349304589847016,0.4373406026019813,0.07295034343352293,0.5106783515674461,0.04904435641138518,0.32,-0.26,1.2,gaussian,False,2.8647889756541165,5;15;25;35;45;55,results/paper5_structure2_alpha52_offset30_h7/structure2_br_bt.csv
0.24338291052343464,2.062093728235769,0.3978452426968163,0.11485221904667865,0.5106783515674461,0.04904435641138518,0.28,0.30000000000000004,2.6,gaussian,False,2.8647889756541165,5;15;25;35;45;55,results/paper5_structure2_alpha52_offset30_h7/structure2_br_bt.csv
0.1656012805881331,2.140000526125514,0.4508641579387728,0.0815122695660082,0.5106783515674461,0.04904435641138518,0.12,-0.22,2.1999999999999997,gaussian,False,2.8647889756541165,5;15;25;35;45;55,results/paper5_structure2_alpha52_offset30_h7/structure2_br_bt.csv
0.16111918331583558,2.1455352432770747,0.4696685992732239,0.11774248333425168,0.5106783515674461,0.04904435641138518,0.04,0.30000000000000004,3.0000000000000004,gaussian,False,2.8647889756541165,5;15;25;35;45;55,results/paper5_structure2_alpha52_offset30_h7/structure2_br_bt.csv
0.19469313383541345,2.1133897687554044,0.4314246966936417,0.11664931858058522,0.5106783515674461,0.04904435641138518,0.16,0.30000000000000004,2.8000000000000003,gaussian,False,2.8647889756541165,5;15;25;35;45;55,results/paper5_structure2_alpha52_offset30_h7/structure2_br_bt.csv
0.19477381356722356,2.114133813359035,0.424414461428116,0.0783103020958337,0.5106783515674461,0.04904435641138518,0.24000000000000002,-0.22,1.9999999999999998,gaussian,False,2.8647889756541165,5;15;25;35;45;55,results/paper5_structure2_alpha52_offset30_h7/structure2_br_bt.csv
0.22851221872205965,2.0814860514186786,0.40500363458249383,0.07469146934110259,0.5106783515674461,0.04904435641138518,0.36,-0.22,1.7999999999999998,gaussian,False,2.8647889756541165,5;15;25;35;45;55,results/paper5_structure2_alpha52_offset30_h7/structure2_br_bt.csv
0.1770978273499396,2.1356100743852626,0.43212437869072007,0.07288062028939346,0.5106783515674461,0.04904435641138518,0.36,-0.26,1.2,gaussian,False,2.8647889756541165,5;15;25;35;45;55,results/paper5_structure2_alpha52_offset30_h7/structure2_br_bt.csv
0.15520726333796858,2.158879782455274,0.47168470251582395,0.08405293731014322,0.5106783515674461,0.04904435641138518,0.04,-0.22,2.4,gaussian,False,2.8647889756541165,5;15;25;35;45;55,results/paper5_structure2_alpha52_offset30_h7/structure2_br_bt.csv
0.17011937180413766,2.146451186707774,0.45609758117876276,0.11761071293549606,0.5106783515674461,0.04904435641138518,0.08,0.30000000000000004,3.0000000000000004,gaussian,False,2.8647889756541165,5;15;25;35;45;55,results/paper5_structure2_alpha52_offset30_h7/structure2_br_bt.csv
0.1761968957792227,2.140983157088505,0.4401936642453393,0.08137914060180215,0.5106783515674461,0.04904435641138518,0.16,-0.22,2.1999999999999997,gaussian,False,2.8647889756541165,5;15;25;35;45;55,results/paper5_structure2_alpha52_offset30_h7/structure2_br_bt.csv
0.1606773767463156,2.1597981983743786,0.4600514128985144,0.0839055280792714,0.5106783515674461,0.04904435641138518,0.08,-0.22,2.4,gaussian,False,2.8647889756541165,5;15;25;35;45;55,results/paper5_structure2_alpha52_offset30_h7/structure2_br_bt.csv
0.2099674930391772,2.1152199169306876,0.4149598532286935,0.07819495577149742,0.5106783515674461,0.04904435641138518,0.28,-0.22,1.9999999999999998,gaussian,False,2.8647889756541165,5;15;25;35;45;55,results/paper5_structure2_alpha52_offset30_h7/structure2_br_bt.csv
0.21202794240515654,2.114542252580208,0.4186109279402862,0.11653393630630725,0.5106783515674461,0.04904435641138518,0.2,0.30000000000000004,2.8000000000000003,gaussian,False,2.8647889756541165,5;15;25;35;45;55,results/paper5_structure2_alpha52_offset30_h7/structure2_br_bt.csv
0.15628691164183192,2.1708301544902904,0.4709809931083974,0.08569533942771544,0.5106783515674461,0.04904435641138518,0.04,-0.22,2.6,gaussian,False,2.8647889756541165,5;15;25;35;45;55,results/paper5_structure2_alpha52_offset30_h7/structure2_br_bt.csv
0.26409313475525403,2.063460551742569,0.3859703467444202,0.11475200716707695,0.5106783515674461,0.04904435641138518,0.32,0.30000000000000004,2.6,gaussian,False,2.8647889756541165,5;15;25;35;45;55,results/paper5_structure2_alpha52_offset30_h7/structure2_br_bt.csv
0.15819626413390683,2.1693790988007953,0.46978423261421254,0.08722967114175814,0.5106783515674461,0.04904435641138518,0.04,-0.22,3.0000000000000004,gaussian,False,2.8647889756541165,5;15;25;35;45;55,results/paper5_structure2_alpha52_offset30_h7/structure2_br_bt.csv
0.18302271819468674,2.147459659912494,0.44257461940459003,0.11748288016862052,0.5106783515674461,0.04904435641138518,0.12,0.30000000000000004,3.0000000000000004,gaussian,False,2.8647889756541165,5;15;25;35;45;55,results/paper5_structure2_alpha52_offset30_h7/structure2_br_bt.csv
0.16980241907887958,2.1607911530856247,0.44849077281021704,0.08376250881353241,0.5106783515674461,0.04904435641138518,0.12,-0.22,2.4,gaussian,False,2.8647889756541165,5;15;25;35;45;55,results/paper5_structure2_alpha52_offset30_h7/structure2_br_bt.csv
0.18934371632011202,2.142034651766578,0.4296175607691226,0.08125018900066652,0.5106783515674461,0.04904435641138518,0.2,-0.22,2.1999999999999997,gaussian,False,2.8647889756541165,5;15;25;35;45;55,results/paper5_structure2_alpha52_offset30_h7/structure2_br_bt.csv
0.15728412181415247,2.174113144569959,0.47034909410449777,0.08673583036691615,0.5106783515674461,0.04904435641138518,0.04,-0.22,2.8000000000000003,gaussian,False,2.8647889756541165,5;15;25;35;45;55,results/paper5_structure2_alpha52_offset30_h7/structure2_br_bt.csv
0.1630958239785275,2.171820713205056,0.45863011920557006,0.0855421858871465,0.5106783515674461,0.04904435641138518,0.08,-0.22,2.6,gaussian,False,2.8647889756541165,5;15;25;35;45;55,results/paper5_structure2_alpha52_offset30_h7/structure2_br_bt.csv
0.167326858477905,2.1705095224628264,0.4562140847702888,0.08706519067317708,0.5106783515674461,0.04904435641138518,0.08,-0.22,3.0000000000000004,gaussian,False,2.8647889756541165,5;15;25;35;45;55,results/paper5_structure2_alpha52_offset30_h7/structure2_br_bt.csv
0.16531214109365167,2.1751743493284676,0.45735414496984567,0.08657702089423326,0.5106783515674461,0.04904435641138518,0.08,-0.22,2.8000000000000003,gaussian,False,2.8647889756541165,5;15;25;35;45;55,results/paper5_structure2_alpha52_offset30_h7/structure2_br_bt.csv
0.2265263143092423,2.1163691685375796,0.4056315327904063,0.07808359232671855,0.5106783515674461,0.04904435641138518,0.32,-0.22,1.9999999999999998,gaussian,False,2.8647889756541165,5;15;25;35;45;55,results/paper5_structure2_alpha52_offset30_h7/structure2_br_bt.csv
0.18203357100751374,2.16185854388066,0.43700854790884835,0.08362390203697712,0.5106783515674461,0.04904435641138518,0.16,-0.22,2.4,gaussian,False,2.8647889756541165,5;15;25;35;45;55,results/paper5_structure2_alpha52_offset30_h7/structure2_br_bt.csv
0.17367481231626858,2.172891347809124,0.4463429934524068,0.08539368642414154,0.5106783515674461,0.04904435641138518,0.12,-0.22,2.6,gaussian,False,2.8647889756541165,5;15;25;35;45;55,results/paper5_structure2_alpha52_offset30_h7/structure2_br_bt.csv
0.23128010190358023,2.1157827554199855,0.4058694598806454,0.11642231469861204,0.5106783515674461,0.04904435641138518,0.24000000000000002,0.30000000000000004,2.8000000000000003,gaussian,False,2.8647889756541165,5;15;25;35;45;55,results/paper5_structure2_alpha52_offset30_h7/structure2_br_bt.csv
0.1990716839969303,2.1485605325987076,0.42910425737257735,0.1173589979007698,0.5106783515674461,0.04904435641138518,0.16,0.30000000000000004,3.0000000000000004,gaussian,False,2.8647889756541165,5;15;25;35;45;55,results/paper5_structure2_alpha52_offset30_h7/structure2_br_bt.csv
0.20455042071689772,2.143154908800059,0.4191429927271307,0.08112543468278016,0.5106783515674461,0.04904435641138518,0.24000000000000002,-0.22,2.1999999999999997,gaussian,False,2.8647889756541165,5;15;25;35;45;55,results/paper5_structure2_alpha52_offset30_h7/structure2_br_bt.csv
0.28573268993942325,2.0649112091277066,0.3742023131728665,0.11465537852989378,0.5106783515674461,0.04904435641138518,0.36,0.30000000000000004,2.6,gaussian,False,2.8647889756541165,5;15;25;35;45;55,results/paper5_structure2_alpha52_offset30_h7/structure2_br_bt.csv
0.1804051064463242,2.1717312396212707,0.44269203385967265,0.08690592181464821,0.5106783515674461,0.04904435641138518,0.12,-0.22,3.0000000000000004,gaussian,False,2.8647889756541165,5;15;25;35;45;55,results/paper5_structure2_alpha52_offset30_h7/structure2_br_bt.csv
0.17720642818233623,2.1763212174400675,0.44441470150775625,0.08642313976832318,0.5106783515674461,0.04904435641138518,0.12,-0.22,2.8000000000000003,gaussian,False,2.8647889756541165,5;15;25;35;45;55,results/paper5_structure2_alpha52_offset30_h7/structure2_br_bt.csv
0.1469663400919693,2.21235992945441,0.4691585182391558,0.07870398250186114,0.5106783515674461,0.04904435641138518,0.08,-0.26,1.4,gaussian,False,2.8647889756541165,5;15;25;35;45;55,results/paper5_structure2_alpha52_offset30_h7/structure2_br_bt.csv
0.19679252461463512,2.16300026056201,0.4256110847456899,0.08348972972599658,0.5106783515674461,0.04904435641138518,0.2,-0.22,2.4,gaussian,False,2.8647889756541165,5;15;25;35;45;55,results/paper5_structure2_alpha52_offset30_h7/structure2_br_bt.csv
0.1471413974496408,2.2128868285187493,0.4622137601508031,0.07861132040028122,0.5106783515674461,0.04904435641138518,0.12,-0.26,1.4,gaussian,False,2.8647889756541165,5;15;25;35;45;55,results/paper5_structure2_alpha52_offset30_h7/structure2_br_bt.csv
0.13896281916544637,2.2221188562189256,0.46351713062046385,0.07687684843483451,0.5106783515674461,0.04904435641138518,0.16,-0.3,1.0,gaussian,False,2.8647889756541165,5;15;25;35;45;55,results/paper5_structure2_alpha52_offset30_h7/structure2_br_bt.csv
0.1493428905348898,2.2118752724289763,0.47620893090023647,0.07879939620846327,0.5106783515674461,0.04904435641138518,0.04,-0.26,1.4,gaussian,False,2.8647889756541165,5;15;25;35;45;55,results/paper5_structure2_alpha52_offset30_h7/structure2_br_bt.csv
0.1873864366812887,2.1740419399993263,0.4341250287117663,0.08524986535996311,0.5106783515674461,0.04904435641138518,0.16,-0.22,2.6,gaussian,False,2.8647889756541165,5;15;25;35;45;55,results/paper5_structure2_alpha52_offset30_h7/structure2_br_bt.csv
0.24417269969355215,2.1175814653648053,0.39643841498556187,0.07797622882620676,0.5106783515674461,0.04904435641138518,0.36,-0.22,1.9999999999999998,gaussian,False,2.8647889756541165,5;15;25;35;45;55,results/paper5_structure2_alpha52_offset30_h7/structure2_br_bt.csv
0.1401287793508172,2.2217343949964627,0.4683294439858294,0.07694211395821765,0.5106783515674461,0.04904435641138518,0.12,-0.3,1.0,gaussian,False,2.8647889756541165,5;15;25;35;45;55,results/paper5_structure2_alpha52_offset30_h7/structure2_br_bt.csv
0.13973227338497915,2.2225332348802236,0.45880778344625256,0.0768136142518835,0.5106783515674461,0.04904435641138518,0.2,-0.3,1.0,gaussian,False,2.8647889756541165,5;15;25;35;45;55,results/paper5_structure2_alpha52_offset30_h7/structure2_br_bt.csv
0.14985912092205275,2.21345593945565,0.45537949051126353,0.07852141964512355,0.5106783515674461,0.04904435641138518,0.16,-0.26,1.4,gaussian,False,2.8647889756541165,5;15;25;35;45;55,results/paper5_structure2_alpha52_offset30_h7/structure2_br_bt.csv
0.1431828806148239,2.2213798667465507,0.473241582415585,0.0770094056573459,0.5106783515674461,0.04904435641138518,0.08,-0.3,1.0,gaussian,False,2.8647889756541165,5;15;25;35;45;55,results/paper5_structure2_alpha52_offset30_h7/structure2_br_bt.csv
0.14240577287149556,2.2229775142498926,0.45420460523951267,0.07675241643005956,0.5106783515674461,0.04904435641138518,0.24000000000000002,-0.3,1.0,gaussian,False,2.8647889756541165,5;15;25;35;45;55,results/paper5_structure2_alpha52_offset30_h7/structure2_br_bt.csv
0.22139295652500043,2.144343820419602,0.40877776546049177,0.08100489704064737,0.5106783515674461,0.04904435641138518,0.28,-0.22,2.1999999999999997,gaussian,False,2.8647889756541165,5;15;25;35;45;55,results/paper5_structure2_alpha52_offset30_h7/structure2_br_bt.csv
0.21757127716001554,2.149753662815178,0.415691608550832,0.11723907865499025,0.5106783515674461,0.04904435641138518,0.2,0.30000000000000004,3.0000000000000004,gaussian,False,2.8647889756541165,5;15;25;35;45;55,results/paper5_structure2_alpha52_offset30_h7/structure2_br_bt.csv
0.15498580889978336,2.214067229714287,0.4486607584278144,0.0784342897314882,0.5106783515674461,0.04904435641138518,0.2,-0.26,1.4,gaussian,False,2.8647889756541165,5;15;25;35;45;55,results/paper5_structure2_alpha52_offset30_h7/structure2_br_bt.csv
0.1480082856019732,2.221055285803032,0.47825046999247256,0.07707871822550917,0.5106783515674461,0.04904435641138518,0.04,-0.3,1.0,gaussian,False,2.8647889756541165,5;15;25;35;45;55,results/paper5_structure2_alpha52_offset30_h7/structure2_br_bt.csv
0.2520105709896955,2.117111122552814,0.3932073210604537,0.11631446458431306,0.5106783515674461,0.04904435641138518,0.28,0.30000000000000004,2.8000000000000003,gaussian,False,2.8647889756541165,5;15;25;35;45;55,results/paper5_structure2_alpha52_offset30_h7/structure2_br_bt.csv
0.19664494038087776,2.1730440962965187,0.4292226255837274,0.08675189327035157,0.5106783515674461,0.04904435641138518,0.16,-0.22,3.0000000000000004,gaussian,False,2.8647889756541165,5;15;25;35;45;55,results/paper5_structure2_alpha52_offset30_h7/structure2_br_bt.csv
0.19225071537804855,2.1775536135539255,0.4315357566996159,0.08627421336020583,0.5106783515674461,0.04904435641138518,0.16,-0.22,2.8000000000000003,gaussian,False,2.8647889756541165,5;15;25;35;45;55,results/paper5_structure2_alpha52_offset30_h7/structure2_br_bt.csv
0.14687938206497494,2.2234516764040877,0.44971085620472045,0.0766932598441406,0.5106783515674461,0.04904435641138518,0.28,-0.3,1.0,gaussian,False,2.8647889756541165,5;15;25;35;45;55,results/paper5_structure2_alpha52_offset30_h7/structure2_br_bt.csv
0.15299527578104238,2.2239557022291825,0.44532984904862044,0.07663614922110802,0.5106783515674461,0.04904435641138518,0.32,-0.3,1.0,gaussian,False,2.8647889756541165,5;15;25;35;45;55,results/paper5_structure2_alpha52_offset30_h7/structure2_br_bt.csv
0.16229333120557485,2.2147206643686204,0.44206283195595075,0.0783499399034102,0.5106783515674461,0.04904435641138518,0.24000000000000002,-0.26,1.4,gaussian,False,2.8647889756541165,5;15;25;35;45;55,results/paper5_structure2_alpha52_offset30_h7/structure2_br_bt.csv
0.21355582838312354,2.164216185499418,0.4143053787182996,0.08336001329310791,0.5106783515674461,0.04904435641138518,0.24000000000000002,-0.22,2.4,gaussian,False,2.8647889756541165,5;15;25;35;45;55,results/paper5_structure2_alpha52_offset30_h7/structure2_br_bt.csv
0.20359876339578623,2.1752723628969695,0.42198223243677613,0.08511074641144199,0.5106783515674461,0.04904435641138518,0.2,-0.22,2.6,gaussian,False,2.8647889756541165,5;15;25;35;45;55,results/paper5_structure2_alpha52_offset30_h7/structure2_br_bt.csv
0.16056590159094491,2.2244895714256074,0.44106494330952484,0.07658108913831453,0.5106783515674461,0.04904435641138518,0.36,-0.3,1.0,gaussian,False,2.8647889756541165,5;15;25;35;45;55,results/paper5_structure2_alpha52_offset30_h7/structure2_br_bt.csv
0.2395264967809901,2.1456012724974323,0.3985304104695935,0.08088859492494341,0.5106783515674461,0.04904435641138518,0.32,-0.22,2.1999999999999997,gaussian,False,2.8647889756541165,5;15;25;35;45;55,results/paper5_structure2_alpha52_offset30_h7/structure2_br_bt.csv
0.17150314662995877,2.215416206127316,0.4355912006801544,0.07826837914918428,0.5106783515674461,0.04904435641138518,0.28,-0.26,1.4,gaussian,False,2.8647889756541165,5;15;25;35;45;55,results/paper5_structure2_alpha52_offset30_h7/structure2_br_bt.csv
0.20976835346557227,2.1788713925430168,0.4187228929773779,0.08613026737124463,0.5106783515674461,0.04904435641138518,0.2,-0.22,2.8000000000000003,gaussian,False,2.8647889756541165,5;15;25;35;45;55,results/paper5_structure2_alpha52_offset30_h7/structure2_br_bt.csv
0.23795060664426046,2.1510388970427265,0.4023424448328051,0.1171231346041795,0.5106783515674461,0.04904435641138518,0.24000000000000002,0.30000000000000004,3.0000000000000004,gaussian,False,2.8647889756541165,5;15;25;35;45;55,results/paper5_structure2_alpha52_offset30_h7/structure2_br_bt.csv
0.21533222704591395,2.1744479274078854,0.4158109757489783,0.08660313300087272,0.5106783515674461,0.04904435641138518,0.2,-0.22,3.0000000000000004,gaussian,False,2.8647889756541165,5;15;25;35;45;55,results/paper5_structure2_alpha52_offset30_h7/structure2_br_bt.csv
0.2738838721477227,2.1185271886996713,0.38063242847427387,0.11621039646391688,0.5106783515674461,0.04904435641138518,0.32,0.30000000000000004,2.8000000000000003,gaussian,False,2.8647889756541165,5;15;25;35;45;55,results/paper5_structure2_alpha52_offset30_h7/structure2_br_bt.csv
0.23188920468695506,2.165506193689779,0.4030991504269547,0.08323477357097486,0.5106783515674461,0.04904435641138518,0.28,-0.22,2.4,gaussian,False,2.8647889756541165,5;15;25;35;45;55,results/paper5_structure2_alpha52_offset30_h7/structure2_br_bt.csv
0.22176401837457607,2.1765824811170713,0.40992128466213557,0.08497635267277283,0.5106783515674461,0.04904435641138518,0.24000000000000002,-0.22,2.6,gaussian,False,2.8647889756541165,5;15;25;35;45;55,results/paper5_structure2_alpha52_offset30_h7/structure2_br_bt.csv
0.18232721357725054,2.2161538153443225,0.42925157692454874,0.07818961619678444,0.5106783515674461,0.04904435641138518,0.32,-0.26,1.4,gaussian,False,2.8647889756541165,5;15;25;35;45;55,results/paper5_structure2_alpha52_offset30_h7/structure2_br_bt.csv
0.25867968416429354,2.146927144601415,0.3884102572729317,0.08077654663061014,0.5106783515674461,0.04904435641138518,0.36,-0.22,2.1999999999999997,gaussian,False,2.8647889756541165,5;15;25;35;45;55,results/paper5_structure2_alpha52_offset30_h7/structure2_br_bt.csv
0.2291929140396774,2.1802743995886344,0.4059823669758723,0.08599132681250146,0.5106783515674461,0.04904435641138518,0.24000000000000002,-0.22,2.8000000000000003,gaussian,False,2.8647889756541165,5;15;25;35;45;55,results/paper5_structure2_alpha52_offset30_h7/structure2_br_bt.csv
0.19449621043712917,2.2169334500300915,0.4230498953357806,0.0781136595093839,0.5106783515674461,0.04904435641138518,0.36,-0.26,1.4,gaussian,False,2.8647889756541165,5;15;25;35;45;55,results/paper5_structure2_alpha52_offset30_h7/structure2_br_bt.csv
0.23588600787959377,2.1759425568761737,0.4024628586140588,0.08645966819958821,0.5106783515674461,0.04904435641138518,0.24000000000000002,-0.22,3.0000000000000004,gaussian,False,2.8647889756541165,5;15;25;35;45;55,results/paper5_structure2_alpha52_offset30_h7/structure2_br_bt.csv
0.25976764048158024,2.152416070292029,0.3890633009918223,0.11701117756516326,0.5106783515674461,0.04904435641138518,0.28,0.30000000000000004,3.0000000000000004,gaussian,False,2.8647889756541165,5;15;25;35;45;55,results/paper5_structure2_alpha52_offset30_h7/structure2_br_bt.csv
0.2966473127010655,2.120030778125939,0.3681537223441591,0.1161101205066925,0.5106783515674461,0.04904435641138518,0.36,0.30000000000000004,2.8000000000000003,gaussian,False,2.8647889756541165,5;15;25;35;45;55,results/paper5_structure2_alpha52_offset30_h7/structure2_br_bt.csv
0.25144946209137353,2.1668701528205947,0.3920009313489698,0.08311403079668886,0.5106783515674461,0.04904435641138518,0.32,-0.22,2.4,gaussian,False,2.8647889756541165,5;15;25;35;45;55,results/paper5_structure2_alpha52_offset30_h7/structure2_br_bt.csv
0.24144180835171966,2.1779721508419647,0.39794962738289197,0.08484670659758027,0.5106783515674461,0.04904435641138518,0.28,-0.22,2.6,gaussian,False,2.8647889756541165,5;15;25;35;45;55,results/paper5_structure2_alpha52_offset30_h7/structure2_br_bt.csv
0.14957327263707768,2.27805928027061,0.4671462258577015,0.08362578208215125,0.5106783515674461,0.04904435641138518,0.08,-0.26,1.5999999999999999,gaussian,False,2.8647889756541165,5;15;25;35;45;55,results/paper5_structure2_alpha52_offset30_h7/structure2_br_bt.csv
0.15037915279289235,2.2775061183473007,0.4752076335721939,0.08372837460631159,0.5106783515674461,0.04904435641138518,0.04,-0.26,1.5999999999999999,gaussian,False,2.8647889756541165,5;15;25;35;45;55,results/paper5_structure2_alpha52_offset30_h7/structure2_br_bt.csv
0.15163763515394676,2.278659426817171,0.45918852425010603,0.08352615550175542,0.5106783515674461,0.04904435641138518,0.12,-0.26,1.5999999999999999,gaussian,False,2.8647889756541165,5;15;25;35;45;55,results/paper5_structure2_alpha52_offset30_h7/structure2_br_bt.csv
0.25008044056742323,2.1817624702701846,0.3933212082843634,0.0858574159844061,0.5106783515674461,0.04904435641138518,0.28,-0.22,2.8000000000000003,gaussian,False,2.8647889756541165,5;15;25;35;45;55,results/paper5_structure2_alpha52_offset30_h7/structure2_br_bt.csv
0.2578603395325756,2.1775277977326195,0.38918481129719856,0.08632152526941689,0.5106783515674461,0.04904435641138518,0.28,-0.22,3.0000000000000004,gaussian,False,2.8647889756541165,5;15;25;35;45;55,results/paper5_structure2_alpha52_offset30_h7/structure2_br_bt.csv
0.15645866904027964,2.27930652087351,0.4513400141965824,0.08342950549038862,0.5106783515674461,0.04904435641138518,0.16,-0.26,1.5999999999999999,gaussian,False,2.8647889756541165,5;15;25;35;45;55,results/paper5_structure2_alpha52_offset30_h7/structure2_br_bt.csv
0.28268970296427176,2.1538850062083283,0.3758615984819698,0.11690321899290557,0.5106783515674461,0.04904435641138518,0.32,0.30000000000000004,3.0000000000000004,gaussian,False,2.8647889756541165,5;15;25;35;45;55,results/paper5_structure2_alpha52_offset30_h7/structure2_br_bt.csv
0.27197201702285423,2.1683079233368847,0.38102015976257086,0.08299780459633611,0.5106783515674461,0.04904435641138518,0.36,-0.22,2.4,gaussian,False,2.8647889756541165,5;15;25;35;45;55,results/paper5_structure2_alpha52_offset30_h7/structure2_br_bt.csv
0.2622919315949709,2.1794412198991866,0.38607556700431894,0.08472182998128645,0.5106783515674461,0.04904435641138518,0.32,-0.22,2.6,gaussian,False,2.8647889756541165,5;15;25;35;45;55,results/paper5_structure2_alpha52_offset30_h7/structure2_br_bt.csv
0.16379313799939374,2.280000522466673,0.44360649135133,0.08333584240441515,0.5106783515674461,0.04904435641138518,0.2,-0.26,1.5999999999999999,gaussian,False,2.8647889756541165,5;15;25;35;45;55,results/paper5_structure2_alpha52_offset30_h7/structure2_br_bt.csv
0.17332225249107386,2.280741388776496,0.43599407457577843,0.08324517632602879,0.5106783515674461,0.04904435641138518,0.24000000000000002,-0.26,1.5999999999999999,gaussian,False,2.8647889756541165,5;15;25;35;45;55,results/paper5_structure2_alpha52_offset30_h7/structure2_br_bt.csv
0.2720942241960493,2.1833354306601587,0.3807473346934472,0.08572855845677592,0.5106783515674461,0.04904435641138518,0.32,-0.22,2.8000000000000003,gaussian,False,2.8647889756541165,5;15;25;35;45;55,results/paper5_structure2_alpha52_offset30_h7/structure2_br_bt.csv
0.2809220638824997,2.1792034522340504,0.3759842575098404,0.08618872979997981,0.5106783515674461,0.04904435641138518,0.32,-0.22,3.0000000000000004,gaussian,False,2.8647889756541165,5;15;25;35;45;55,results/paper5_structure2_alpha52_offset30_h7/structure2_br_bt.csv
0.30646894551382114,2.155445517182886,0.3627457925577407,0.11679926997485886,0.5106783515674461,0.04904435641138518,0.36,0.30000000000000004,3.0000000000000004,gaussian,False,2.8647889756541165,5;15;25;35;45;55,results/paper5_structure2_alpha52_offset30_h7/structure2_br_bt.csv
0.28405635272715957,2.1809895278435394,0.37430839174352865,0.08460174394380929,0.5106783515674461,0.04904435641138518,0.36,-0.22,2.6,gaussian,False,2.8647889756541165,5;15;25;35;45;55,results/paper5_structure2_alpha52_offset30_h7/structure2_br_bt.csv
0.1847066554743739,2.281529074148743,0.42850921822456367,0.08315751705808147,0.5106783515674461,0.04904435641138518,0.28,-0.26,1.5999999999999999,gaussian,False,2.8647889756541165,5;15;25;35;45;55,results/paper5_structure2_alpha52_offset30_h7/structure2_br_bt.csv
0.29498222337178087,2.1849930974241434,0.36826968686685135,0.08560477704922147,0.5106783515674461,0.04904435641138518,0.36,-0.22,2.8000000000000003,gaussian,False,2.8647889756541165,5;15;25;35;45;55,results/paper5_structure2_alpha52_offset30_h7/structure2_br_bt.csv
0.1976259804771046,2.282363530109072,0.4211587233855537,0.08307287411901657,0.5106783515674461,0.04904435641138518,0.32,-0.26,1.5999999999999999,gaussian,False,2.8647889756541165,5;15;25;35;45;55,results/paper5_structure2_alpha52_offset30_h7/structure2_br_bt.csv
0.1515376636863271,2.331927162061237,0.4742402153637063,0.08818696922611047,0.5106783515674461,0.04904435641138518,0.04,-0.26,1.7999999999999998,gaussian,False,2.8647889756541165,5;15;25;35;45;55,results/paper5_structure2_alpha52_offset30_h7/structure2_br_bt.csv
0.15237178875090152,2.3325492779183707,0.4651977346632609,0.08807778572640466,0.5106783515674461,0.04904435641138518,0.08,-0.26,1.7999999999999998,gaussian,False,2.8647889756541165,5;15;25;35;45;55,results/paper5_structure2_alpha52_offset30_h7/structure2_br_bt.csv
0.3048244782326642,2.1809693119841027,0.36286965458159987,0.08606130654521192,0.5106783515674461,0.04904435641138518,0.36,-0.22,3.0000000000000004,gaussian,False,2.8647889756541165,5;15;25;35;45;55,results/paper5_structure2_alpha52_offset30_h7/structure2_br_bt.csv
0.15633895447348306,2.3332231257479212,0.45625362080406845,0.08797177759404763,0.5106783515674461,0.04904435641138518,0.12,-0.26,1.7999999999999998,gaussian,False,2.8647889756541165,5;15;25;35;45;55,results/paper5_structure2_alpha52_offset30_h7/structure2_br_bt.csv
0.1431326089144825,2.3472423476831623,0.46527795475383643,0.08361307004788848,0.5106783515674461,0.04904435641138518,0.12,-0.3,1.2,gaussian,False,2.8647889756541165,5;15;25;35;45;55,results/paper5_structure2_alpha52_offset30_h7/structure2_br_bt.csv
0.14379936914710606,2.3476934983320534,0.459460044568087,0.08354095648655908,0.5106783515674461,0.04904435641138518,0.16,-0.3,1.2,gaussian,False,2.8647889756541165,5;15;25;35;45;55,results/paper5_structure2_alpha52_offset30_h7/structure2_br_bt.csv
0.14471836968949167,2.346825256965623,0.4712033035459539,0.0836874247628576,0.5106783515674461,0.04904435641138518,0.08,-0.3,1.2,gaussian,False,2.8647889756541165,5;15;25;35;45;55,results/paper5_structure2_alpha52_offset30_h7/structure2_br_bt.csv
0.1466879375507844,2.3481786892807057,0.4537537056558399,0.08347108988750004,0.5106783515674461,0.04904435641138518,0.2,-0.3,1.2,gaussian,False,2.8647889756541165,5;15;25;35;45;55,results/paper5_structure2_alpha52_offset30_h7/structure2_br_bt.csv
0.14848450067215843,2.346442244342355,0.47723208906425224,0.0837640146632592,0.5106783515674461,0.04904435641138518,0.04,-0.3,1.2,gaussian,False,2.8647889756541165,5;15;25;35;45;55,results/paper5_structure2_alpha52_offset30_h7/structure2_br_bt.csv
0.21179953247730085,2.283244705377835,0.41394974768220055,0.08299125673791312,0.5106783515674461,0.04904435641138518,0.36,-0.26,1.5999999999999999,gaussian,False,2.8647889756541165,5;15;25;35;45;55,results/paper5_structure2_alpha52_offset30_h7/structure2_br_bt.csv
0.16321085610843336,2.3339486607423785,0.4474137730906295,0.0878689563216574,0.5106783515674461,0.04904435641138518,0.16,-0.26,1.7999999999999998,gaussian,False,2.8647889756541165,5;15;25;35;45;55,results/paper5_structure2_alpha52_offset30_h7/structure2_br_bt.csv
0.15167142480394133,2.348697899433117,0.4481631998564891,0.08340347589751262,0.5106783515674461,0.04904435641138518,0.24000000000000002,-0.3,1.2,gaussian,False,2.8647889756541165,5;15;25;35;45;55,results/paper5_structure2_alpha52_offset30_h7/structure2_br_bt.csv
0.17264097602975703,2.3347258347151243,0.43868449470997006,0.08776933310939944,0.5106783515674461,0.04904435641138518,0.2,-0.26,1.7999999999999998,gaussian,False,2.8647889756541165,5;15;25;35;45;55,results/paper5_structure2_alpha52_offset30_h7/structure2_br_bt.csv
0.1585524165838228,2.3492511062334414,0.442692915554463,0.08333811999936598,0.5106783515674461,0.04904435641138518,0.28,-0.3,1.2,gaussian,False,2.8647889756541165,5;15;25;35;45;55,results/paper5_structure2_alpha52_offset30_h7/structure2_br_bt.csv
0.16709666103917278,2.3498382856708653,0.43734736391787843,0.08327502750964651,0.5106783515674461,0.04904435641138518,0.32,-0.3,1.2,gaussian,False,2.8647889756541165,5;15;25;35;45;55,results/paper5_structure2_alpha52_offset30_h7/structure2_br_bt.csv
0.18423690684670116,2.3355545961163444,0.43007251846644173,0.08767291885919354,0.5106783515674461,0.04904435641138518,0.24000000000000002,-0.26,1.7999999999999998,gaussian,False,2.8647889756541165,5;15;25;35;45;55,results/paper5_structure2_alpha52_offset30_h7/structure2_br_bt.csv
0.1770635396677361,2.35045941228479,0.432131173877824,0.08321420357666078,0.5106783515674461,0.04904435641138518,0.36,-0.3,1.2,gaussian,False,2.8647889756541165,5;15;25;35;45;55,results/paper5_structure2_alpha52_offset30_h7/structure2_br_bt.csv
0.1527422145773683,2.3789061100383697,0.47332518858176564,0.09218883778747392,0.5106783515674461,0.04904435641138518,0.04,-0.26,1.9999999999999998,gaussian,False,2.8647889756541165,5;15;25;35;45;55,results/paper5_structure2_alpha52_offset30_h7/structure2_br_bt.csv
0.19761775545594681,2.3364348900500054,0.42158503302960343,0.08757972416903,0.5106783515674461,0.04904435641138518,0.28,-0.26,1.7999999999999998,gaussian,False,2.8647889756541165,5;15;25;35;45;55,results/paper5_structure2_alpha52_offset30_h7/structure2_br_bt.csv
0.15520238517377352,2.3795960185688405,0.46335149610012677,0.0920737589774245,0.5106783515674461,0.04904435641138518,0.08,-0.26,1.9999999999999998,gaussian,False,2.8647889756541165,5;15;25;35;45;55,results/paper5_structure2_alpha52_offset30_h7/structure2_br_bt.csv
0.1610083534261289,2.380342367636092,0.45346852108006575,0.09196206261624179,0.5106783515674461,0.04904435641138518,0.12,-0.26,1.9999999999999998,gaussian,False,2.8647889756541165,5;15;25;35;45;55,results/paper5_structure2_alpha52_offset30_h7/structure2_br_bt.csv
0.2124465224133505,2.337366658291897,0.4132297093656909,0.08748975932740158,0.5106783515674461,0.04904435641138518,0.32,-0.26,1.7999999999999998,gaussian,False,2.8647889756541165,5;15;25;35;45;55,results/paper5_structure2_alpha52_offset30_h7/structure2_br_bt.csv
0.16981729194076037,2.381145104167749,0.4436823257274428,0.0918537610433418,0.5106783515674461,0.04904435641138518,0.16,-0.26,1.9999999999999998,gaussian,False,2.8647889756541165,5;15;25;35;45;55,results/paper5_structure2_alpha52_offset30_h7/structure2_br_bt.csv
0.18119174559269793,2.382004171156008,0.4339994569067313,0.09174886628048398,0.5106783515674461,0.04904435641138518,0.2,-0.26,1.9999999999999998,gaussian,False,2.8647889756541165,5;15;25;35;45;55,results/paper5_structure2_alpha52_offset30_h7/structure2_br_bt.csv
0.2284414163121029,2.338349839308724,0.405014726922013,0.0874030343078577,0.5106783515674461,0.04904435641138518,0.36,-0.26,1.7999999999999998,gaussian,False,2.8647889756541165,5;15;25;35;45;55,results/paper5_structure2_alpha52_offset30_h7/structure2_br_bt.csv
0.1539365465078408,2.4174690306766022,0.4724759227723939,0.09560001953874074,0.5106783515674461,0.04904435641138518,0.04,-0.26,2.1999999999999997,gaussian,False,2.8647889756541165,5;15;25;35;45;55,results/paper5_structure2_alpha52_offset30_h7/structure2_br_bt.csv
0.15795362599970245,2.4182252004123055,0.4616359371988115,0.0954796060816603,0.5106783515674461,0.04904435641138518,0.08,-0.26,2.1999999999999997,gaussian,False,2.8647889756541165,5;15;25;35;45;55,results/paper5_structure2_alpha52_offset30_h7/structure2_br_bt.csv
0.19468255689583452,2.38291950767774,0.4244269865451739,0.09164739002543369,0.5106783515674461,0.04904435641138518,0.24000000000000002,-0.26,1.9999999999999998,gaussian,False,2.8647889756541165,5;15;25;35;45;55,results/paper5_structure2_alpha52_offset30_h7/structure2_br_bt.csv
0.16548827892034884,2.4190425107572464,0.4508778024906499,0.09536278556900633,0.5106783515674461,0.04904435641138518,0.12,-0.26,2.1999999999999997,gaussian,False,2.8647889756541165,5;15;25;35;45;55,results/paper5_structure2_alpha52_offset30_h7/structure2_br_bt.csv
0.1469083073023156,2.443772770457151,0.4691664441426305,0.0898638380761414,0.5106783515674461,0.04904435641138518,0.08,-0.3,1.4,gaussian,False,2.8647889756541165,5;15;25;35;45;55,results/paper5_structure2_alpha52_offset30_h7/structure2_br_bt.csv
0.14708274241601657,2.4442542954455253,0.46222174776914987,0.08978298982688038,0.5106783515674461,0.04904435641138518,0.12,-0.3,1.4,gaussian,False,2.8647889756541165,5;15;25;35;45;55,results/paper5_structure2_alpha52_offset30_h7/structure2_br_bt.csv
0.14928646271159154,2.4433295046217607,0.47621679514406284,0.08994711968642317,0.5106783515674461,0.04904435641138518,0.04,-0.3,1.4,gaussian,False,2.8647889756541165,5;15;25;35;45;55,results/paper5_structure2_alpha52_offset30_h7/structure2_br_bt.csv
0.20988201568454137,2.3838910489159444,0.4149725546350641,0.0915493436457457,0.5106783515674461,0.04904435641138518,0.28,-0.26,1.9999999999999998,gaussian,False,2.8647889756541165,5;15;25;35;45;55,results/paper5_structure2_alpha52_offset30_h7/structure2_br_bt.csv
0.14980085125089723,2.444774056980207,0.4553875397738338,0.08970458151800258,0.5106783515674461,0.04904435641138518,0.16,-0.3,1.4,gaussian,False,2.8647889756541165,5;15;25;35;45;55,results/paper5_structure2_alpha52_offset30_h7/structure2_br_bt.csv
0.17608954492375894,2.419920899762062,0.4402075196946804,0.09524957122066953,0.5106783515674461,0.04904435641138518,0.16,-0.26,2.1999999999999997,gaussian,False,2.8647889756541165,5;15;25;35;45;55,results/paper5_structure2_alpha52_offset30_h7/structure2_br_bt.csv
0.1549288111071117,2.4453320306793724,0.4486688691239145,0.08962861955298512,0.5106783515674461,0.04904435641138518,0.2,-0.3,1.4,gaussian,False,2.8647889756541165,5;15;25;35;45;55,results/paper5_structure2_alpha52_offset30_h7/structure2_br_bt.csv
0.15508302932582446,2.446021530949569,0.4716993307627423,0.09831113182733289,0.5106783515674461,0.04904435641138518,0.04,-0.26,2.4,gaussian,False,2.8647889756541165,5;15;25;35;45;55,results/paper5_structure2_alpha52_offset30_h7/structure2_br_bt.csv
0.16055591302069555,2.4468425747607734,0.4600662779432127,0.09818575495939026,0.5106783515674461,0.04904435641138518,0.08,-0.26,2.4,gaussian,False,2.8647889756541165,5;15;25;35;45;55,results/paper5_structure2_alpha52_offset30_h7/structure2_br_bt.csv
0.162238273977891,2.4459281903917427,0.44207100371973,0.08955511015690307,0.5106783515674461,0.04904435641138518,0.24000000000000002,-0.3,1.4,gaussian,False,2.8647889756541165,5;15;25;35;45;55,results/paper5_structure2_alpha52_offset30_h7/structure2_br_bt.csv
0.18924275436794386,2.4208603009411043,0.4296316345013015,0.09513997591040455,0.5106783515674461,0.04904435641138518,0.2,-0.26,2.1999999999999997,gaussian,False,2.8647889756541165,5;15;25;35;45;55,results/paper5_structure2_alpha52_offset30_h7/structure2_br_bt.csv
0.2264463210472796,2.384918726182493,0.40564441469461865,0.09145473817267616,0.5106783515674461,0.04904435641138518,0.32,-0.26,1.9999999999999998,gaussian,False,2.8647889756541165,5;15;25;35;45;55,results/paper5_structure2_alpha52_offset30_h7/structure2_br_bt.csv
0.16968610358155392,2.447729488403446,0.4485058844904179,0.09806418908753996,0.5106783515674461,0.04904435641138518,0.12,-0.26,2.4,gaussian,False,2.8647889756541165,5;15;25;35;45;55,results/paper5_structure2_alpha52_offset30_h7/structure2_br_bt.csv
0.17145045387014826,2.446562508202688,0.43559943297458115,0.08948405937396814,0.5106783515674461,0.04904435641138518,0.28,-0.3,1.4,gaussian,False,2.8647889756541165,5;15;25;35;45;55,results/paper5_structure2_alpha52_offset30_h7/structure2_br_bt.csv
0.15615942343875294,2.4636471536250046,0.470996790673026,0.1002798131353745,0.5106783515674461,0.04904435641138518,0.04,-0.26,2.6,gaussian,False,2.8647889756541165,5;15;25;35;45;55,results/paper5_structure2_alpha52_offset30_h7/structure2_br_bt.csv
0.15806632812569119,2.4670945610176087,0.4698016476173883,0.10212298504960117,0.5106783515674461,0.04904435641138518,0.04,-0.26,3.0000000000000004,gaussian,False,2.8647889756541165,5;15;25;35;45;55,results/paper5_structure2_alpha52_offset30_h7/structure2_br_bt.csv
0.2044559786554245,2.421860643297422,0.41915729229532667,0.09503401215887486,0.5106783515674461,0.04904435641138518,0.24000000000000002,-0.26,2.1999999999999997,gaussian,False,2.8647889756541165,5;15;25;35;45;55,results/paper5_structure2_alpha52_offset30_h7/structure2_br_bt.csv
0.1629720026394558,2.464531922535144,0.4586461883916653,0.10014966979683865,0.5106783515674461,0.04904435641138518,0.08,-0.26,2.6,gaussian,False,2.8647889756541165,5;15;25;35;45;55,results/paper5_structure2_alpha52_offset30_h7/structure2_br_bt.csv
0.15715489108137126,2.470394585608934,0.47036581986489234,0.10152821158185961,0.5106783515674461,0.04904435641138518,0.04,-0.26,2.8000000000000003,gaussian,False,2.8647889756541165,5;15;25;35;45;55,results/paper5_structure2_alpha52_offset30_h7/structure2_br_bt.csv
0.18227709202729492,2.4472349544407277,0.42925986902452634,0.08941547306512548,0.5106783515674461,0.04904435641138518,0.32,-0.3,1.4,gaussian,False,2.8647889756541165,5;15;25;35;45;55,results/paper5_structure2_alpha52_offset30_h7/structure2_br_bt.csv
0.24409777832586788,2.3860024669421915,0.39645148142689873,0.09136358429523055,0.5106783515674461,0.04904435641138518,0.36,-0.26,1.9999999999999998,gaussian,False,2.8647889756541165,5;15;25;35;45;55,results/paper5_structure2_alpha52_offset30_h7/structure2_br_bt.csv
0.1819237851772458,2.4486822003033537,0.4370239165172209,0.09794644840179409,0.5106783515674461,0.04904435641138518,0.16,-0.26,2.4,gaussian,False,2.8647889756541165,5;15;25;35;45;55,results/paper5_structure2_alpha52_offset30_h7/structure2_br_bt.csv
0.16720195017549902,2.468103819211643,0.4562318201188503,0.10198341198361564,0.5106783515674461,0.04904435641138518,0.08,-0.26,3.0000000000000004,gaussian,False,2.8647889756541165,5;15;25;35;45;55,results/paper5_structure2_alpha52_offset30_h7/structure2_br_bt.csv
0.1651873265464399,2.471342080009771,0.4573711703380146,0.10139336596383862,0.5106783515674461,0.04904435641138518,0.08,-0.26,2.8000000000000003,gaussian,False,2.8647889756541165,5;15;25;35;45;55,results/paper5_structure2_alpha52_offset30_h7/structure2_br_bt.csv
0.1735569801104786,2.4654873443682503,0.44635934695770896,0.10002356495546304,0.5106783515674461,0.04904435641138518,0.12,-0.26,2.6,gaussian,False,2.8647889756541165,5;15;25;35;45;55,results/paper5_structure2_alpha52_offset30_h7/structure2_br_bt.csv
0.1944487026962806,2.4479454976844304,0.4230582463104818,0.08934935690571046,0.5106783515674461,0.04904435641138518,0.36,-0.3,1.4,gaussian,False,2.8647889756541165,5;15;25;35;45;55,results/paper5_structure2_alpha52_offset30_h7/structure2_br_bt.csv
0.2213047880480694,2.422921851349373,0.4087922985527154,0.09493169212683318,0.5106783515674461,0.04904435641138518,0.28,-0.26,2.1999999999999997,gaussian,False,2.8647889756541165,5;15;25;35;45;55,results/paper5_structure2_alpha52_offset30_h7/structure2_br_bt.csv
0.19668978315990285,2.4497006336917924,0.42562672103273524,0.09783254671289605,0.5106783515674461,0.04904435641138518,0.2,-0.26,2.4,gaussian,False,2.8647889756541165,5;15;25;35;45;55,results/paper5_structure2_alpha52_offset30_h7/structure2_br_bt.csv
0.17708825791220192,2.472365072388532,0.44443204184049406,0.10126279592701135,0.5106783515674461,0.04904435641138518,0.12,-0.26,2.8000000000000003,gaussian,False,2.8647889756541165,5;15;25;35;45;55,results/paper5_structure2_alpha52_offset30_h7/structure2_br_bt.csv
0.18028734142891487,2.4691934774473636,0.4427101072305204,0.10184836024324764,0.5106783515674461,0.04904435641138518,0.12,-0.26,3.0000000000000004,gaussian,False,2.8647889756541165,5;15;25;35;45;55,results/paper5_structure2_alpha52_offset30_h7/structure2_br_bt.csv
0.18727578762612787,2.466513337020558,0.43414167997926506,0.09990151390453189,0.5106783515674461,0.04904435641138518,0.16,-0.26,2.6,gaussian,False,2.8647889756541165,5;15;25;35;45;55,results/paper5_structure2_alpha52_offset30_h7/structure2_br_bt.csv
0.23944416070542732,2.4240438451588417,0.3985451848652137,0.0948330276084464,0.5106783515674461,0.04904435641138518,0.32,-0.26,2.1999999999999997,gaussian,False,2.8647889756541165,5;15;25;35;45;55,results/paper5_structure2_alpha52_offset30_h7/structure2_br_bt.csv
0.2134600555314943,2.4507847066362793,0.4143212938887078,0.09772249744462035,0.5106783515674461,0.04904435641138518,0.24000000000000002,-0.26,2.4,gaussian,False,2.8647889756541165,5;15;25;35;45;55,results/paper5_structure2_alpha52_offset30_h7/structure2_br_bt.csv
0.19214019492873632,2.473463469070268,0.4315534284090542,0.10113651803105914,0.5106783515674461,0.04904435641138518,0.16,-0.26,2.8000000000000003,gaussian,False,2.8647889756541165,5;15;25;35;45;55,results/paper5_structure2_alpha52_offset30_h7/structure2_br_bt.csv
0.19653514723373744,2.4703634293332626,0.4292410560155127,0.10171784783751804,0.5106783515674461,0.04904435641138518,0.16,-0.26,3.0000000000000004,gaussian,False,2.8647889756541165,5;15;25;35;45;55,results/paper5_structure2_alpha52_offset30_h7/structure2_br_bt.csv
0.20349560069462747,2.46760981246542,0.4219991956891881,0.09978353151932813,0.5106783515674461,0.04904435641138518,0.2,-0.26,2.6,gaussian,False,2.8647889756541165,5;15;25;35;45;55,results/paper5_structure2_alpha52_offset30_h7/structure2_br_bt.csv
0.14949779994314025,2.524277933140594,0.4671556798813256,0.09561146674426997,0.5106783515674461,0.04904435641138518,0.08,-0.3,1.5999999999999999,gaussian,False,2.8647889756541165,5;15;25;35;45;55,results/paper5_structure2_alpha52_offset30_h7/structure2_br_bt.csv
0.15030491419156883,2.5237733822722332,0.4752169956369711,0.09570087164544784,0.5106783515674461,0.04904435641138518,0.04,-0.3,1.5999999999999999,gaussian,False,2.8647889756541165,5;15;25;35;45;55,results/paper5_structure2_alpha52_offset30_h7/structure2_br_bt.csv
0.1515623678905878,2.52482490800715,0.45919807130542656,0.09552468174088923,0.5106783515674461,0.04904435641138518,0.12,-0.3,1.5999999999999999,gaussian,False,2.8647889756541165,5;15;25;35;45;55,results/paper5_structure2_alpha52_offset30_h7/structure2_br_bt.csv
0.15638492493978753,2.5254142793062924,0.4513496552318934,0.0954405237822021,0.5106783515674461,0.04904435641138518,0.16,-0.3,1.5999999999999999,gaussian,False,2.8647889756541165,5;15;25;35;45;55,results/paper5_structure2_alpha52_offset30_h7/structure2_br_bt.csv
0.23179999382500802,2.4519343320732276,0.4031153561273203,0.09761631362622655,0.5106783515674461,0.04904435641138518,0.28,-0.26,2.4,gaussian,False,2.8647889756541165,5;15;25;35;45;55,results/paper5_structure2_alpha52_offset30_h7/structure2_br_bt.csv
0.25860266405573656,2.4252265403610385,0.3884252807864788,0.09473803002477266,0.5106783515674461,0.04904435641138518,0.36,-0.26,2.1999999999999997,gaussian,False,2.8647889756541165,5;15;25;35;45;55,results/paper5_structure2_alpha52_offset30_h7/structure2_br_bt.csv
0.209665598280173,2.4746371696477327,0.41874091360608556,0.10101454837274942,0.5106783515674461,0.04904435641138518,0.2,-0.26,2.8000000000000003,gaussian,False,2.8647889756541165,5;15;25;35;45;55,results/paper5_structure2_alpha52_offset30_h7/structure2_br_bt.csv
0.21523036030851284,2.4716135608470156,0.41582978376340474,0.1015918922611163,0.5106783515674461,0.04904435641138518,0.2,-0.26,3.0000000000000004,gaussian,False,2.8647889756541165,5;15;25;35;45;55,results/paper5_structure2_alpha52_offset30_h7/structure2_br_bt.csv
0.16372193607242275,2.5260460173625052,0.4436162271686642,0.09535899982361061,0.5106783515674461,0.04904435641138518,0.2,-0.3,1.5999999999999999,gaussian,False,2.8647889756541165,5;15;25;35;45;55,results/paper5_structure2_alpha52_offset30_h7/structure2_br_bt.csv
0.22166808962570866,2.468776676790756,0.4099385749326616,0.09966963224851315,0.5106783515674461,0.04904435641138518,0.24000000000000002,-0.26,2.6,gaussian,False,2.8647889756541165,5;15;25;35;45;55,results/paper5_structure2_alpha52_offset30_h7/structure2_br_bt.csv
0.17325424718961546,2.526720090397801,0.4360039058068817,0.09528011662625645,0.5106783515674461,0.04904435641138518,0.24000000000000002,-0.3,1.5999999999999999,gaussian,False,2.8647889756541165,5;15;25;35;45;55,results/paper5_structure2_alpha52_offset30_h7/structure2_br_bt.csv
0.2513662592488996,2.453149417842566,0.39201743964421754,0.09751400788507762,0.5106783515674461,0.04904435641138518,0.32,-0.26,2.4,gaussian,False,2.8647889756541165,5;15;25;35;45;55,results/paper5_structure2_alpha52_offset30_h7/structure2_br_bt.csv
0.22909752699487804,2.475886067026875,0.40600075527351226,0.10089690257617867,0.5106783515674461,0.04904435641138518,0.24000000000000002,-0.26,2.8000000000000003,gaussian,False,2.8647889756541165,5;15;25;35;45;55,results/paper5_structure2_alpha52_offset30_h7/structure2_br_bt.csv
0.23579155451487727,2.472943750390536,0.40248206634616773,0.10147051048325176,0.5106783515674461,0.04904435641138518,0.24000000000000002,-0.26,3.0000000000000004,gaussian,False,2.8647889756541165,5;15;25;35;45;55,results/paper5_structure2_alpha52_offset30_h7/structure2_br_bt.csv
0.24135258026322887,2.4700138302388996,0.39796726054000725,0.0995598301056841,0.5106783515674461,0.04904435641138518,0.28,-0.26,2.6,gaussian,False,2.8647889756541165,5;15;25;35;45;55,results/paper5_structure2_alpha52_offset30_h7/structure2_br_bt.csv
0.18464216799592847,2.5274364645396754,0.4285191453044285,0.09520388075431625,0.5106783515674461,0.04904435641138518,0.28,-0.3,1.5999999999999999,gaussian,False,2.8647889756541165,5;15;25;35;45;55,results/paper5_structure2_alpha52_offset30_h7/structure2_br_bt.csv
0.19756507902534634,2.528195103829568,0.42116874652341546,0.09513029857236065,0.5106783515674461,0.04904435641138518,0.32,-0.3,1.5999999999999999,gaussian,False,2.8647889756541165,5;15;25;35;45;55,results/paper5_structure2_alpha52_offset30_h7/structure2_br_bt.csv
0.27189423083626163,2.454429866724258,0.3810369830977925,0.09741559243943085,0.5106783515674461,0.04904435641138518,0.36,-0.26,2.4,gaussian,False,2.8647889756541165,5;15;25;35;45;55,results/paper5_structure2_alpha52_offset30_h7/structure2_br_bt.csv
0.24999179151766304,2.477210047475208,0.39333998428410266,0.1007835957832217,0.5106783515674461,0.04904435641138518,0.28,-0.26,2.8000000000000003,gaussian,False,2.8647889756541165,5;15;25;35;45;55,results/paper5_structure2_alpha52_offset30_h7/structure2_br_bt.csv
0.25777259676741643,2.4743538688484783,0.38920444263393983,0.10135371893674551,0.5106783515674461,0.04904435641138518,0.28,-0.26,3.0000000000000004,gaussian,False,2.8647889756541165,5;15;25;35;45;55,results/paper5_structure2_alpha52_offset30_h7/structure2_br_bt.csv
0.26220876725672,2.4713211672487896,0.3860935597675923,0.0994541386611198,0.5106783515674461,0.04904435641138518,0.32,-0.26,2.6,gaussian,False,2.8647889756541165,5;15;25;35;45;55,results/paper5_structure2_alpha52_offset30_h7/structure2_br_bt.csv
0.21174211889325292,2.5289959702318288,0.4139598668299351,0.0950593762427793,0.5106783515674461,0.04904435641138518,0.36,-0.3,1.5999999999999999,gaussian,False,2.8647889756541165,5;15;25;35;45;55,results/paper5_structure2_alpha52_offset30_h7/structure2_br_bt.csv
0.1514489745201549,2.591520526401053,0.4742511955440753,0.10090042971092146,0.5106783515674461,0.04904435641138518,0.04,-0.3,1.7999999999999998,gaussian,False,2.8647889756541165,5;15;25;35;45;55,results/paper5_structure2_alpha52_offset30_h7/structure2_br_bt.csv
0.15228261253163575,2.5920865356717036,0.46520884522010286,0.10080540057262022,0.5106783515674461,0.04904435641138518,0.08,-0.3,1.7999999999999998,gaussian,False,2.8647889756541165,5;15;25;35;45;55,results/paper5_structure2_alpha52_offset30_h7/structure2_br_bt.csv
0.15625109427708833,2.592699125219108,0.4562648644816257,0.1007131737697451,0.5106783515674461,0.04904435641138518,0.12,-0.3,1.7999999999999998,gaussian,False,2.8647889756541165,5;15;25;35;45;55,results/paper5_structure2_alpha52_offset30_h7/structure2_br_bt.csv
0.27201161731681317,2.47860899067301,0.38076651978545384,0.10067464264419977,0.5106783515674461,0.04904435641138518,0.32,-0.26,2.8000000000000003,gaussian,False,2.8647889756541165,5;15;25;35;45;55,results/paper5_structure2_alpha52_offset30_h7/structure2_br_bt.csv
0.16312578898870725,2.5933582620344184,0.4474251525598763,0.1006237570077462,0.5106783515674461,0.04904435641138518,0.16,-0.3,1.7999999999999998,gaussian,False,2.8647889756541165,5;15;25;35;45;55,results/paper5_structure2_alpha52_offset30_h7/structure2_br_bt.csv
0.28397860982479356,2.4726985765004703,0.37432676168649964,0.0993525710337258,0.5106783515674461,0.04904435641138518,0.36,-0.26,2.6,gaussian,False,2.8647889756541165,5;15;25;35;45;55,results/paper5_structure2_alpha52_offset30_h7/structure2_br_bt.csv
0.28084029516712256,2.475843779650149,0.3760043382354309,0.10124153350737808,0.5106783515674461,0.04904435641138518,0.32,-0.26,3.0000000000000004,gaussian,False,2.8647889756541165,5;15;25;35;45;55,results/paper5_structure2_alpha52_offset30_h7/structure2_br_bt.csv
0.17255969920773057,2.594063910635448,0.438696012541029,0.10053715778429219,0.5106783515674461,0.04904435641138518,0.2,-0.3,1.7999999999999998,gaussian,False,2.8647889756541165,5;15;25;35;45;55,results/paper5_structure2_alpha52_offset30_h7/structure2_br_bt.csv
0.2949049834479946,2.4800827697673085,0.3682893038650285,0.10057005730878057,0.5106783515674461,0.04904435641138518,0.36,-0.26,2.8000000000000003,gaussian,False,2.8647889756541165,5;15;25;35;45;55,results/paper5_structure2_alpha52_offset30_h7/structure2_br_bt.csv
0.1841599433514523,2.594816033076185,0.43008417709670105,0.10045338338624539,0.5106783515674461,0.04904435641138518,0.24000000000000002,-0.3,1.7999999999999998,gaussian,False,2.8647889756541165,5;15;25;35;45;55,results/paper5_structure2_alpha52_offset30_h7/structure2_br_bt.csv
0.3047479883716389,2.477413338834745,0.3628902125269935,0.10113396952350863,0.5106783515674461,0.04904435641138518,0.36,-0.26,3.0000000000000004,gaussian,False,2.8647889756541165,5;15;25;35;45;55,results/paper5_structure2_alpha52_offset30_h7/structure2_br_bt.csv
0.19754525523745506,2.595614588956926,0.42159683472705534,0.10037244088670441,0.5106783515674461,0.04904435641138518,0.28,-0.3,1.7999999999999998,gaussian,False,2.8647889756541165,5;15;25;35;45;55,results/paper5_structure2_alpha52_offset30_h7/structure2_br_bt.csv
0.15264279935855143,2.650504739439002,0.4733378466155963,0.1055638836421705,0.5106783515674461,0.04904435641138518,0.04,-0.3,1.9999999999999998,gaussian,False,2.8647889756541165,5;15;25;35;45;55,results/paper5_structure2_alpha52_offset30_h7/structure2_br_bt.csv
0.1551034277903406,2.6511310684003506,0.46336432890461515,0.10546382952923986,0.5106783515674461,0.04904435641138518,0.08,-0.3,1.9999999999999998,gaussian,False,2.8647889756541165,5;15;25;35;45;55,results/paper5_structure2_alpha52_offset30_h7/structure2_br_bt.csv
0.21237838681355004,2.596459535435068,0.41324165618700076,0.10029433714211669,0.5106783515674461,0.04904435641138518,0.32,-0.3,1.7999999999999998,gaussian,False,2.8647889756541165,5;15;25;35;45;55,results/paper5_structure2_alpha52_offset30_h7/structure2_br_bt.csv
0.16091188796464703,2.6518080915199134,0.45348153374069533,0.10536675821671868,0.5106783515674461,0.04904435641138518,0.12,-0.3,1.9999999999999998,gaussian,False,2.8647889756541165,5;15;25;35;45;55,results/paper5_structure2_alpha52_offset30_h7/structure2_br_bt.csv
0.16972481057322236,2.6525357699807404,0.44369552337887846,0.10527267795587504,0.5106783515674461,0.04904435641138518,0.16,-0.3,1.9999999999999998,gaussian,False,2.8647889756541165,5;15;25;35;45;55,results/paper5_structure2_alpha52_offset30_h7/structure2_br_bt.csv
0.22837740407337584,2.597350827236514,0.4050268206648251,0.10021907878946401,0.5106783515674461,0.04904435641138518,0.36,-0.3,1.7999999999999998,gaussian,False,2.8647889756541165,5;15;25;35;45;55,results/paper5_structure2_alpha52_offset30_h7/structure2_br_bt.csv
0.18110411430892628,2.653314062105743,0.4340128447052631,0.10518159677279741,0.5106783515674461,0.04904435641138518,0.2,-0.3,1.9999999999999998,gaussian,False,2.8647889756541165,5;15;25;35;45;55,results/paper5_structure2_alpha52_offset30_h7/structure2_br_bt.csv
0.1946001088767948,2.654142923369571,0.42444056963479254,0.1050935224650994,0.5106783515674461,0.04904435641138518,0.24000000000000002,-0.3,1.9999999999999998,gaussian,False,2.8647889756541165,5;15;25;35;45;55,results/paper5_structure2_alpha52_offset30_h7/structure2_br_bt.csv
0.1538297796314199,2.6993382705503377,0.4724902001347947,0.1095369307574307,0.5106783515674461,0.04904435641138518,0.04,-0.3,2.1999999999999997,gaussian,False,2.8647889756541165,5;15;25;35;45;55,results/paper5_structure2_alpha52_offset30_h7/structure2_br_bt.csv
0.1578482946970828,2.700023623900664,0.46165043553132645,0.10943233595429826,0.5106783515674461,0.04904435641138518,0.08,-0.3,2.1999999999999997,gaussian,False,2.8647889756541165,5;15;25;35;45;55,results/paper5_structure2_alpha52_offset30_h7/structure2_br_bt.csv
0.20980471345953,2.655022306411265,0.41498633810610436,0.10500846259869914,0.5106783515674461,0.04904435641138518,0.28,-0.3,1.9999999999999998,gaussian,False,2.8647889756541165,5;15;25;35;45;55,results/paper5_structure2_alpha52_offset30_h7/structure2_br_bt.csv
0.16538652319332142,2.700763777841111,0.4508925297459263,0.10933090760320466,0.5106783515674461,0.04904435641138518,0.12,-0.3,2.1999999999999997,gaussian,False,2.8647889756541165,5;15;25;35;45;55,results/paper5_structure2_alpha52_offset30_h7/structure2_br_bt.csv
0.17599276930330132,2.7015586873300426,0.4402224840767123,0.1092326545248096,0.5106783515674461,0.04904435641138518,0.16,-0.3,2.1999999999999997,gaussian,False,2.8647889756541165,5;15;25;35;45;55,results/paper5_structure2_alpha52_offset30_h7/structure2_br_bt.csv
0.22637390853308584,2.6559521610476997,0.40565840353378024,0.10492642450467603,0.5106783515674461,0.04904435641138518,0.32,-0.3,1.9999999999999998,gaussian,False,2.8647889756541165,5;15;25;35;45;55,results/paper5_structure2_alpha52_offset30_h7/structure2_br_bt.csv
0.1549715895845606,2.736050137812341,0.4717150632272475,0.11269375568565379,0.5106783515674461,0.04904435641138518,0.04,-0.3,2.4,gaussian,False,2.8647889756541165,5;15;25;35;45;55,results/paper5_structure2_alpha52_offset30_h7/structure2_br_bt.csv
0.18915163895136386,2.702408304048663,0.42964684444812795,0.1091375852949028,0.5106783515674461,0.04904435641138518,0.2,-0.3,2.1999999999999997,gaussian,False,2.8647889756541165,5;15;25;35;45;55,results/paper5_structure2_alpha52_offset30_h7/structure2_br_bt.csv
0.16044681117186094,2.7367934751460443,0.4600822751095861,0.11258494069051907,0.5106783515674461,0.04904435641138518,0.08,-0.3,2.4,gaussian,False,2.8647889756541165,5;15;25;35;45;55,results/paper5_structure2_alpha52_offset30_h7/structure2_br_bt.csv
0.24402989242916873,2.656932434287787,0.39646568045732655,0.10484741527620792,0.5106783515674461,0.04904435641138518,0.36,-0.3,1.9999999999999998,gaussian,False,2.8647889756541165,5;15;25;35;45;55,results/paper5_structure2_alpha52_offset30_h7/structure2_br_bt.csv
0.1695814912477721,2.73759575202874,0.44852215745495544,0.11247948274558665,0.5106783515674461,0.04904435641138518,0.12,-0.3,2.4,gaussian,False,2.8647889756541165,5;15;25;35;45;55,results/paper5_structure2_alpha52_offset30_h7/structure2_br_bt.csv
0.20437065608056657,2.703312576415618,0.41917275645414864,0.10904570824080063,0.5106783515674461,0.04904435641138518,0.24000000000000002,-0.3,2.1999999999999997,gaussian,False,2.8647889756541165,5;15;25;35;45;55,results/paper5_structure2_alpha52_offset30_h7/structure2_br_bt.csv
0.15604524948061524,2.7595519330830016,0.4710137470050981,0.11498624701683925,0.5106783515674461,0.04904435641138518,0.04,-0.3,2.6,gaussian,False,2.8647889756541165,5;15;25;35;45;55,results/paper5_structure2_alpha52_offset30_h7/structure2_br_bt.csv
0.18182492253308874,2.738456916658442,0.43704047690069964,0.11237739130189361,0.5106783515674461,0.04904435641138518,0.16,-0.3,2.4,gaussian,False,2.8647889756541165,5;15;25;35;45;55,results/paper5_structure2_alpha52_offset30_h7/structure2_br_bt.csv
0.16286094396127165,2.7603524811118456,0.458663447528212,0.11487338034635433,0.5106783515674461,0.04904435641138518,0.08,-0.3,2.6,gaussian,False,2.8647889756541165,5;15;25;35;45;55,results/paper5_structure2_alpha52_offset30_h7/structure2_br_bt.csv
0.22122504942588983,2.704271449602542,0.40880802574567526,0.10895703143782551,0.5106783515674461,0.04904435641138518,0.28,-0.3,2.1999999999999997,gaussian,False,2.8647889756541165,5;15;25;35;45;55,results/paper5_structure2_alpha52_offset30_h7/structure2_br_bt.csv
0.15795016948609006,2.7682065888985066,0.4698202792472494,0.11713577904733152,0.5106783515674461,0.04904435641138518,0.04,-0.3,3.0000000000000004,gaussian,False,2.8647889756541165,5;15;25;35;45;55,results/paper5_structure2_alpha52_offset30_h7/structure2_br_bt.csv
0.15703929788444682,2.7699308663535365,0.4703837416118473,0.11644094409992671,0.5106783515674461,0.04904435641138518,0.04,-0.3,2.8000000000000003,gaussian,False,2.8647889756541165,5;15;25;35;45;55,results/paper5_structure2_alpha52_offset30_h7/structure2_br_bt.csv
0.1734511396203805,2.761216166292229,0.4463769231462844,0.11476407002809079,0.5106783515674461,0.04904435641138518,0.12,-0.3,2.6,gaussian,False,2.8647889756541165,5;15;25;35;45;55,results/paper5_structure2_alpha52_offset30_h7/structure2_br_bt.csv
0.16507549237681166,2.770787984569654,0.45738942564839646,0.1163240775348437,0.5106783515674461,0.04904435641138518,0.08,-0.3,2.8000000000000003,gaussian,False,2.8647889756541165,5;15;25;35;45;55,results/paper5_structure2_alpha52_offset30_h7/structure2_br_bt.csv
0.19659715169924347,2.7393769134983836,0.42564358098606664,0.1122786755425992,0.5106783515674461,0.04904435641138518,0.2,-0.3,2.4,gaussian,False,2.8647889756541165,5;15;25;35;45;55,results/paper5_structure2_alpha52_offset30_h7/structure2_br_bt.csv
0.1670900732216828,2.7691196407598406,0.4562508082535178,0.11701488504598674,0.5106783515674461,0.04904435641138518,0.08,-0.3,3.0000000000000004,gaussian,False,2.8647889756541165,5;15;25;35;45;55,results/paper5_structure2_alpha52_offset30_h7/structure2_br_bt.csv
0.23936961962213504,2.705284865550567,0.3985611840437511,0.10887156270587205,0.5106783515674461,0.04904435641138518,0.32,-0.3,2.1999999999999997,gaussian,False,2.8647889756541165,5;15;25;35;45;55,results/paper5_structure2_alpha52_offset30_h7/structure2_br_bt.csv
0.1769822038084888,2.7717125055481002,0.44445064789707683,0.11621097550917887,0.5106783515674461,0.04904435641138518,0.12,-0.3,2.8000000000000003,gaussian,False,2.8647889756541165,5;15;25;35;45;55,results/paper5_structure2_alpha52_offset30_h7/structure2_br_bt.csv
0.18717625968168133,2.762142929397724,0.43415958831404344,0.11465832623346896,0.5106783515674461,0.04904435641138518,0.16,-0.3,2.6,gaussian,False,2.8647889756541165,5;15;25;35;45;55,results/paper5_structure2_alpha52_offset30_h7/structure2_br_bt.csv
0.1801816704868581,2.770104425490092,0.4427294716214031,0.11689797188858911,0.5106783515674461,0.04904435641138518,0.12,-0.3,3.0000000000000004,gaussian,False,2.8647889756541165,5;15;25;35;45;55,results/paper5_structure2_alpha52_offset30_h7/structure2_br_bt.csv
0.2133736042252956,2.740355683294818,0.4143384660916746,0.11218334437900648,0.5106783515674461,0.04904435641138518,0.24000000000000002,-0.3,2.4,gaussian,False,2.8647889756541165,5;15;25;35;45;55,results/paper5_structure2_alpha52_offset30_h7/structure2_br_bt.csv
0.192040849624313,2.7727043618652405,0.43157240358512894,0.11610164902476705,0.5106783515674461,0.04904435641138518,0.16,-0.3,2.8000000000000003,gaussian,False,2.8647889756541165,5;15;25;35;45;55,results/paper5_structure2_alpha52_offset30_h7/structure2_br_bt.csv
0.2585328644108441,2.7063527629877417,0.38844156097180127,0.10878930960606292,0.5106783515674461,0.04904435641138518,0.36,-0.3,2.1999999999999997,gaussian,False,2.8647889756541165,5;15;25;35;45;55,results/paper5_structure2_alpha52_offset30_h7/structure2_br_bt.csv
0.20340267974243334,2.7631327069587477,0.42201745215203157,0.11455615883898339,0.5106783515674461,0.04904435641138518,0.2,-0.3,2.6,gaussian,False,2.8647889756541165,5;15;25;35;45;55,results/paper5_structure2_alpha52_offset30_h7/structure2_br_bt.csv
0.1964364565738926,2.771160866614342,0.4292608179446373,0.11678505153077127,0.5106783515674461,0.04904435641138518,0.16,-0.3,3.0000000000000004,gaussian,False,2.8647889756541165,5;15;25;35;45;55,results/paper5_structure2_alpha52_offset30_h7/structure2_br_bt.csv
0.2317193717099995,2.741393163095965,0.4031328537780931,0.1120914064466783,0.5106783515674461,0.04904435641138518,0.28,-0.3,2.4,gaussian,False,2.8647889756541165,5;15;25;35;45;55,results/paper5_structure2_alpha52_offset30_h7/structure2_br_bt.csv
0.20957309121641163,2.773763481286749,0.4187602775518614,0.11599610875696645,0.5106783515674461,0.04904435641138518,0.2,-0.3,2.8000000000000003,gaussian,False,2.8647889756541165,5;15;25;35;45;55,results/paper5_structure2_alpha52_offset30_h7/structure2_br_bt.csv
0.22158156883988536,2.764185431284153,0.40995719643050743,0.11445757742175884,0.5106783515674461,0.04904435641138518,0.24000000000000002,-0.3,2.6,gaussian,False,2.8647889756541165,5;15;25;35;45;55,results/paper5_structure2_alpha52_offset30_h7/structure2_br_bt.csv
0.2151386386608494,2.7722888822138994,0.415849966181296,0.1166761355653507,0.5106783515674461,0.04904435641138518,0.2,-0.3,3.0000000000000004,gaussian,False,2.8647889756541165,5;15;25;35;45;55,results/paper5_structure2_alpha52_offset30_h7/structure2_br_bt.csv
0.25129098032561153,2.7424892862720913,0.3920352764367579,0.11200287010165078,0.5106783515674461,0.04904435641138518,0.32,-0.3,2.4,gaussian,False,2.8647889756541165,5;15;25;35;45;55,results/paper5_structure2_alpha52_offset30_h7/structure2_br_bt.csv
0.22901152455200297,2.774889786793718,0.40602052900479196,0.11589436504963628,0.5106783515674461,0.04904435641138518,0.24000000000000002,-0.3,2.8000000000000003,gaussian,False,2.8647889756541165,5;15;25;35;45;55,results/paper5_structure2_alpha52_offset30_h7/structure2_br_bt.csv
0.24127199745898817,2.765301030484203,0.3979862649361505,0.11436259125521411,0.5106783515674461,0.04904435641138518,0.28,-0.3,2.6,gaussian,False,2.8647889756541165,5;15;25;35;45;55,results/paper5_structure2_alpha52_offset30_h7/structure2_br_bt.csv
0.23570636711816878,2.773488384957816,0.40250269402033156,0.11657123521659597,0.5106783515674461,0.04904435641138518,0.24000000000000002,-0.3,3.0000000000000004,gaussian,False,2.8647889756541165,5;15;25;35;45;55,results/paper5_structure2_alpha52_offset30_h7/structure2_br_bt.csv
0.271823773209929,2.743643982536714,0.3810551731835289,0.11191774341674889,0.5106783515674461,0.04904435641138518,0.36,-0.3,2.4,gaussian,False,2.8647889756541165,5;15;25;35;45;55,results/paper5_structure2_alpha52_offset30_h7/structure2_br_bt.csv
0.24991174716551195,2.776083196610438,0.39336019027133745,0.11579642791023953,0.5106783515674461,0.04904435641138518,0.28,-0.3,2.8000000000000003,gaussian,False,2.8647889756541165,5;15;25;35;45;55,results/paper5_structure2_alpha52_offset30_h7/structure2_br_bt.csv
0.262133564144919,2.766479428494902,0.3861129659036209,0.11427120930483828,0.5106783515674461,0.04904435641138518,0.32,-0.3,2.6,gaussian,False,2.8647889756541165,5;15;25;35;45;55,results/paper5_structure2_alpha52_offset30_h7/structure2_br_bt.csv
0.2576933340948327,2.7747592821364,0.38922554230730805,0.11647036133463934,0.5106783515674461,0.04904435641138518,0.28,-0.3,3.0000000000000004,gaussian,False,2.8647889756541165,5;15;25;35;45;55,results/paper5_structure2_alpha52_offset30_h7/structure2_br_bt.csv
0.27193692199306213,2.7773436242338145,0.38078718204034534,0.11570230700507583,0.5106783515674461,0.04904435641138518,0.32,-0.3,2.8000000000000003,gaussian,False,2.8647889756541165,5;15;25;35;45;55,results/paper5_structure2_alpha52_offset30_h7/structure2_br_bt.csv
0.2839082206100238,2.76772054510368,0.3743465893905679,0.11418344022408358,0.5106783515674461,0.04904435641138518,0.36,-0.3,2.6,gaussian,False,2.8647889756541165,5;15;25;35;45;55,results/paper5_structure2_alpha52_offset30_h7/structure2_br_bt.csv
0.280766313249011,2.776101475696699,0.3760259387932768,0.11637352439004162,0.5106783515674461,0.04904435641138518,0.32,-0.3,3.0000000000000004,gaussian,False,2.8647889756541165,5;15;25;35;45;55,results/paper5_structure2_alpha52_offset30_h7/structure2_br_bt.csv
0.2948350435291887,2.778670978464391,0.36831044802055773,0.11561201165464995,0.5106783515674461,0.04904435641138518,0.36,-0.3,2.8000000000000003,gaussian,False,2.8647889756541165,5;15;25;35;45;55,results/paper5_structure2_alpha52_offset30_h7/structure2_br_bt.csv
0.30467867689688627,2.7775148622799026,0.3629123451695547,0.11628073446851558,0.5106783515674461,0.04904435641138518,0.36,-0.3,3.0000000000000004,gaussian,False,2.8647889756541165,5;15;25;35;45;55,results/paper5_structure2_alpha52_offset30_h7/structure2_br_bt.csv
