apply_s1_correction,s1_theta_offset_deg,s1_scale,s1_condition,solver,Br_rms,Bt_rms,Br_L2_all,Bt_L2_all,Br_L2_edge,Bt_L2_edge,Br_L2_middle,Bt_L2_middle,objective
True,-90.0,0.30000000000000066,174075200.51443508,rowcol,0.5068607853296314,0.05135939172503419,0.07378770740360399,0.22490323890850777,0.13898657565050795,0.28357708555336775,0.05399943751457834,0.1596589132462306,0.2986909463121118
True,30.0,0.30000000000000066,174075200.51443508,rowcol,0.5068607853296314,0.05135939172503419,0.07378770740360399,0.22490323890850777,0.13898657565050795,0.28357708555336775,0.053999437514578336,0.1596589132462306,0.2986909463121118
True,-90.0,0.20000000000000065,174075200.51443508,rowcol,0.4985816477460826,0.050574562702210224,0.07731990360623359,0.22320034049971632,0.15343726316402168,0.2821105885518382,0.0526945079490203,0.15742878775249697,0.3005202441059499
True,30.0,0.20000000000000065,174075200.51443508,rowcol,0.4985816477460826,0.050574562702210224,0.07731990360623359,0.22320034049971632,0.15343726316402168,0.2821105885518382,0.0526945079490203,0.15742878775249697,0.3005202441059499
True,-90.0,0.4000000000000007,174075200.51443508,rowcol,0.5151404269870429,0.05214498207650549,0.07374642949401107,0.227793122247163,0.12476474449609656,0.2859725598376848,0.05993722863173447,0.16356046948298839,0.3015395517411741
True,30.0,0.4000000000000007,174075200.51443508,rowcol,0.5151404269870429,0.05214498207650549,0.07374642949401107,0.227793122247163,0.12476474449609656,0.2859725598376848,0.05993722863173448,0.16356046948298839,0.3015395517411741
True,20.0,0.30000000000000066,174075200.51443508,rowcol,0.5051095877233583,0.05096200063740016,0.07622060633535348,0.2263973410485881,0.13900861914713186,0.2815501411087454,0.05784721975370807,0.1664201482703328,0.3026179473839416
True,-80.0,0.30000000000000066,174075200.51443508,rowcol,0.5051095876880103,0.05096200098775251,0.07619714243820339,0.22718022934193735,0.13900868615598994,0.28144385915384434,0.05781063256287309,0.1685221757053075,0.30337737178014074
True,40.0,0.30000000000000066,174075200.51443508,rowcol,0.5051095876880103,0.05096200098775251,0.07619714243820339,0.22718022934193735,0.13900868615598994,0.28144385915384434,0.057810632562873075,0.1685221757053075,0.30337737178014074
True,20.0,0.20000000000000065,174075200.51443508,rowcol,0.4974109151090913,0.05030757034694554,0.07925098161208655,0.22436540145026876,0.15345180092396324,0.2809840857836798,0.05597642883986631,0.16210260404585172,0.3036163830623553
True,10.0,0.30000000000000066,174075200.51443508,rowcol,0.4977760713846878,0.050215074662802846,0.07964723660376433,0.22400590757659136,0.1390221516968149,0.27807040192198784,0.06306402919505576,0.1653795806576386,0.3036531441803557
True,-80.0,0.20000000000000065,174075200.51443508,rowcol,0.4974109150855411,0.05030757057979538,0.07923593804796711,0.22489234518791043,0.15345184139187037,0.28091309283903687,0.05595122450344895,0.163543957144752,0.30412828323587754
True,40.0,0.20000000000000065,174075200.51443508,rowcol,0.4974109150855411,0.05030757057979538,0.07923593804796711,0.22489234518791043,0.15345184139187035,0.28091309283903687,0.05595122450344896,0.163543957144752,0.30412828323587754
True,10.0,0.20000000000000065,174075200.51443508,rowcol,0.49248716164719325,0.04980606445369756,0.08214856823921175,0.22292137206994603,0.15346086407101675,0.27910012634818254,0.06071053321344993,0.16116935118405665,0.3050699403091578
True,10.0,0.4000000000000007,174075200.51443508,rowcol,0.5031019119244613,0.05063030819711177,0.07934721429007141,0.22597439451745055,0.12481237862413667,0.2773297775851123,0.06785309693034935,0.17125143230691,0.30532160880752196
True,20.0,0.4000000000000007,174075200.51443508,rowcol,0.5128118380676979,0.05161916033775851,0.07620399062718809,0.2294448261314646,0.12479447025593506,0.28283271219096917,0.06345709908499984,0.17217536869129618,0.3056488167586527
True,-70.0,0.30000000000000066,174075200.51443508,rowcol,0.49777607160112075,0.050215072517328825,0.07964153500401638,0.22602544335526667,0.13902214638543242,0.27792351040658286,0.06305551761000838,0.17056459599290338,0.305666978359283
True,50.0,0.30000000000000066,174075200.51443508,rowcol,0.49777607160112075,0.050215072517328825,0.07964153500401638,0.22602544335526667,0.13902214638543242,0.27792351040658286,0.06305551761000837,0.17056459599290338,0.305666978359283
True,-70.0,0.20000000000000065,174075200.51443508,rowcol,0.49248716179093494,0.04980606303236549,0.0821448829119692,0.22427626251384558,0.15346086086325078,0.27900256868951256,0.06070463888535226,0.16473254630871936,0.3064211454258148
True,50.0,0.20000000000000065,174075200.51443508,rowcol,0.49248716179093494,0.04980606303236549,0.0821448829119692,0.22427626251384555,0.15346086086325078,0.27900256868951256,0.060704638885352255,0.16473254630871936,0.3064211454258148
True,-90.0,0.10000000000000064,174075200.51443508,rowcol,0.49030303977140227,0.04979053100964003,0.0839032839196851,0.22271165646653263,0.16805778178295974,0.2815875834380585,0.05634524935030775,0.15694136191665853,0.3066149403862177
True,30.0,0.10000000000000064,174075200.51443508,rowcol,0.49030303977140227,0.04979053100964003,0.0839032839196851,0.22271165646653263,0.16805778178295974,0.2815875834380585,0.056345249350307755,0.15694136191665853,0.3066149403862177
True,-80.0,0.4000000000000007,174075200.51443508,rowcol,0.5128118380205379,0.05161916080627053,0.07617269698149749,0.23047428485502267,0.1247945697775174,0.28269163697340893,0.06341262723599013,0.17488025074727506,0.30664698183652017
True,40.0,0.4000000000000007,174075200.51443508,rowcol,0.5128118380205379,0.05161916080627053,0.07617269698149749,0.23047428485502267,0.12479456977751739,0.28269163697340893,0.06341262723599014,0.17488025074727503,0.30664698183652017
True,50.0,0.4000000000000007,174075200.51443508,rowcol,0.5031019122140881,0.05063030531915597,0.07933958341838988,0.22863995964591183,0.12481237073603196,0.277133381516838,0.06784254917648244,0.17790320640704654,0.3079795430643017
True,-70.0,0.4000000000000007,174075200.51443508,rowcol,0.5031019122140881,0.05063030531915598,0.07933958341838988,0.22863995964591188,0.12481237073603196,0.277133381516838,0.06784254917648244,0.17790320640704654,0.30797954306430175
True,20.0,0.10000000000000064,174075200.51443508,rowcol,0.48971598895806806,0.049655977381526974,0.08497328966539795,0.223376722692197,0.16806497801536555,0.281138874226435,0.05820638007620779,0.1593396468188745,0.30835001235759496
True,-80.0,0.10000000000000064,174075200.51443508,rowcol,0.4897159889463009,0.04965597749757661,0.08496627479897727,0.22364151434879695,0.16806499648998702,0.2811033995412698,0.05819426218552919,0.1600743850332452,0.3086077891477742
True,40.0,0.10000000000000064,174075200.51443508,rowcol,0.4897159889463009,0.04965597749757661,0.08496627479897727,0.22364151434879695,0.16806499648998702,0.2811033995412698,0.05819426218552919,0.1600743850332452,0.3086077891477742
True,-90.0,0.5000000000000007,174075200.51443508,rowcol,0.5234205487974897,0.05293129985840604,0.07720166961525554,0.23182560474181904,0.110859882291255,0.28927393377315036,0.06932753811058957,0.16901774761487404,0.30902727435707456
True,30.0,0.5000000000000007,174075200.51443508,rowcol,0.5234205487974897,0.05293129985840604,0.07720166961525554,0.23182560474181907,0.110859882291255,0.28927393377315036,0.06932753811058957,0.16901774761487404,0.3090272743570746
False,90.0,-0.19999999999999937,174075200.51443508,rowcol,0.4988672411157171,0.05083318807674386,0.07602621257782344,0.23303561549677473,0.14909678521597125,0.2990166652275269,0.05274017060584943,0.15742411598643266,0.30906182807459814
False,-30.0,-0.19999999999999937,174075200.51443508,rowcol,0.4988672411157171,0.05083318807674386,0.07602621257782342,0.23303561549677476,0.1490967852159712,0.2990166652275269,0.05274017060584943,0.15742411598643266,0.3090618280745982
False,-90.0,0.20000000000000065,174075200.51443508,rowcol,0.4988672412376,0.050833188059976796,0.0760262132347676,0.23303561553558869,0.14909678647654456,0.2990166646381443,0.052740171075891074,0.15742411703369127,0.30906182877035626
False,30.0,0.20000000000000065,174075200.51443508,rowcol,0.4988672412376,0.050833188059976796,0.07602621323476762,0.2330356155355887,0.14909678647654456,0.2990166646381443,0.052740171075891074,0.15742411703369127,0.3090618287703563
True,10.0,0.10000000000000064,174075200.51443508,rowcol,0.48723638535566355,0.04940343213846136,0.08666080608327935,0.22273370078758437,0.16806952214737647,0.2804157660384925,0.06107482261357021,0.15875300077462567,0.30939450687086373
True,0.0,0.20000000000000065,174075200.51443508,rowcol,0.48463288539457017,0.04926372938208612,0.08607158270602608,0.2233273604644265,0.15346631065895322,0.28044134109659136,0.06682578377000856,0.16024344524777806,0.3093989431704526
True,-70.0,0.10000000000000064,174075200.51443508,rowcol,0.48723638542724945,0.04940343143245285,0.08665905936184128,0.22341274313831727,0.1680695206829035,0.2803672203501007,0.06107189306193375,0.1605712990272678,0.31007180250015853
True,50.0,0.10000000000000064,174075200.51443508,rowcol,0.48723638542724945,0.04940343143245285,0.08665905936184128,0.22341274313831727,0.1680695206829035,0.2803672203501007,0.06107189306193375,0.1605712990272678,0.31007180250015853
True,10.0,0.5000000000000007,174075200.51443508,rowcol,0.5084635227859832,0.051051613202687855,0.08127288363708965,0.22880401913099194,0.11091956719907894,0.27688057327777144,0.07461019901618697,0.17862111260180055,0.3100769027680816
True,0.0,0.30000000000000066,174075200.51443508,rowcol,0.4860711291731482,0.04940577816529947,0.08554629617517623,0.22458458302299295,0.13903062275743489,0.27985001438343693,0.07161534060315813,0.1642963833961641,0.3101308791981692
False,-30.0,-0.09999999999999937,174075200.51443508,rowcol,0.49044547587955545,0.049919913440657625,0.08324703913828042,0.22749885300169412,0.16588295281613483,0.2898454744403028,0.056369172344849026,0.15693912389088582,0.31074589213997456
False,90.0,-0.09999999999999937,174075200.51443508,rowcol,0.49044547587955545,0.049919913440657625,0.08324703913828042,0.22749885300169412,0.16588295281613483,0.2898454744403028,0.056369172344849026,0.15693912389088582,0.31074589213997456
False,-90.0,0.10000000000000064,174075200.51443508,rowcol,0.4904454759408255,0.049919913432402624,0.08324703942204353,0.2274988530472902,0.1658829534537753,0.28984547418943907,0.05636917249826657,0.15693912440220817,0.3107458924693337
False,30.0,0.10000000000000064,174075200.51443508,rowcol,0.4904454759408255,0.049919913432402624,0.08324703942204353,0.2274988530472902,0.1658829534537753,0.28984547418943907,0.056369172498266576,0.15693912440220817,0.3107458924693337
True,60.0,0.20000000000000065,174075200.51443508,rowcol,0.4846328856445602,0.049263726922803806,0.08609113729426746,0.22513057301564565,0.1534663339250544,0.28049079585801046,0.06685554801159299,0.16475246819935757,0.3112217103099131
True,-60.0,0.20000000000000065,174075200.51443508,rowcol,0.4846328856445602,0.049263726922803806,0.08609113729426746,0.22513057301564568,0.1534663339250544,0.28049079585801046,0.06685554801159299,0.16475246819935757,0.31122171030991314
True,0.0,0.10000000000000064,174075200.51443508,rowcol,0.4832839220467083,0.049130890002276474,0.08857311424211425,0.2229460558943815,0.16807215964199843,0.28116277563537195,0.06423515714593603,0.15818960755756112,0.31151917013649577
False,-30.0,-0.2999999999999994,174075200.51443508,rowcol,0.5072902207490859,0.05174712196673842,0.07196216270571637,0.2399528007146251,0.13250144551248386,0.3094078432457804,0.05405823836419638,0.1596516935064735,0.3119149634203415
False,90.0,-0.2999999999999994,174075200.51443508,rowcol,0.5072902207490859,0.05174712196673842,0.07196216270571637,0.23995280071462513,0.13250144551248383,0.3094078432457804,0.05405823836419638,0.15965169350647349,0.31191496342034153
False,-90.0,0.30000000000000066,174075200.51443508,rowcol,0.5072902209309568,0.05174712194121616,0.07196216380306547,0.23995280069802144,0.13250144737300124,0.30940784224202245,0.05405823926001106,0.159651695096509,0.3119149645010869
False,30.0,0.30000000000000066,174075200.51443508,rowcol,0.5072902209309568,0.05174712194121616,0.07196216380306547,0.2399528006980214,0.13250144737300124,0.30940784224202245,0.05405823926001106,0.159651695096509,0.3119149645010869
True,-60.0,0.10000000000000064,174075200.51443508,rowcol,0.4832839221720521,0.04913088876931065,0.08858261597004619,0.22385101368104904,0.1680721702641112,0.28118744066101026,0.06425064104964506,0.1604888125560986,0.3124336296510952
True,60.0,0.10000000000000064,174075200.51443508,rowcol,0.4832839221720521,0.04913088876931065,0.08858261597004619,0.22385101368104904,0.1680721702641112,0.28118744066101026,0.06425064104964506,0.1604888125560986,0.3124336296510952
True,20.0,0.5000000000000007,174075200.51443508,rowcol,0.520517507319968,0.05227894651998464,0.07920303124639998,0.2334680919993612,0.11089745729550768,0.2848221196545763,0.07193655787437775,0.17922982380016686,0.3126711232457612
True,-60.0,0.30000000000000066,174075200.51443508,rowcol,0.48607112954702375,0.049405774486982156,0.08557580642880998,0.22726907487189982,0.13903066128019786,0.2799243499553369,0.07165699822688686,0.17085497548041548,0.3128448813007098
True,60.0,0.30000000000000066,174075200.51443508,rowcol,0.48607112954702375,0.049405774486982156,0.08557580642880998,0.22726907487189982,0.13903066128019786,0.2799243499553369,0.07165699822688686,0.17085497548041548,0.3128448813007098
False,20.0,0.10000000000000064,174075200.51443508,rowcol,0.48927364762127923,0.04967479917334611,0.08694866938738288,0.22623990329728086,0.173621235716517,0.2861324292992174,0.05868085114222581,0.15930103366035447,0.3131885726846637
False,-40.0,-0.09999999999999937,174075200.51443508,rowcol,0.48927364757553105,0.04967479916098388,0.08694866950917496,0.22623990345155268,0.1736212359358142,0.28613242932036625,0.058680851237311885,0.15930103403176374,0.31318857296072766
False,80.0,-0.09999999999999937,174075200.51443508,rowcol,0.48927364757553105,0.04967479916098388,0.08694866950917496,0.22623990345155268,0.1736212359358142,0.28613242932036625,0.058680851237311885,0.15930103403176374,0.31318857296072766
True,-70.0,0.5000000000000007,174075200.51443508,rowcol,0.5084635231492756,0.05105160958437108,0.08126357108965966,0.23209056903717004,0.11091955610395444,0.27663465776735957,0.0745982085260303,0.18657068404337246,0.3133541401268297
True,50.0,0.5000000000000007,174075200.51443508,rowcol,0.5084635231492756,0.05105160958437108,0.08126357108965966,0.23209056903717004,0.11091955610395444,0.27663465776735957,0.07459820852603029,0.18657068404337246,0.3133541401268297
False,-80.0,0.10000000000000064,174075200.51443508,rowcol,0.4892736476095014,0.04967479928935176,0.08697329875746848,0.22658610245241426,0.1737133726752124,0.286247094160787,0.058674298803729555,0.16003197137071387,0.31355940120988274
False,40.0,0.10000000000000064,174075200.51443508,rowcol,0.4892736476095014,0.04967479928935176,0.08697329875746848,0.22658610245241426,0.1737133726752124,0.286247094160787,0.058674298803729555,0.16003197137071387,0.31355940120988274
False,-20.0,-0.09999999999999937,174075200.51443508,rowcol,0.48927364756375324,0.049674799276989576,0.08697329887770315,0.2265861025881979,0.1737133728912461,0.28624709417798205,0.05867429889785573,0.16003197169878433,0.31355940146590106
False,20.0,0.20000000000000065,174075200.51443508,rowcol,0.49653675083608645,0.05034717257543247,0.0833623825259966,0.23025285582202643,0.1652712506113157,0.2912791713707364,0.056895760521646015,0.16201868757643517,0.313615238348023
False,-40.0,-0.19999999999999937,174075200.51443508,rowcol,0.49653675074371384,0.05034717255066748,0.0833623827294765,0.2302528560917145,0.16527125100468223,0.29127917135819453,0.05689576066584221,0.16201868830098834,0.313615238821191
False,80.0,-0.19999999999999937,174075200.51443508,rowcol,0.49653675074371384,0.05034717255066748,0.0833623827294765,0.2302528560917145,0.1652712510046822,0.2912791713581945,0.05689576066584221,0.16201868830098834,0.313615238821191
True,0.0,0.4000000000000007,174075200.51443508,rowcol,0.48759786334460803,0.04955695715919101,0.08703304479253081,0.22670315136246305,0.1248241463735077,0.27938962161478353,0.07820083320051223,0.17020567409977932,0.3137361961549939
True,-10.0,0.10000000000000064,174075200.51443508,rowcol,0.4793016628235359,0.048856398394287445,0.09051270162618948,0.22334623936596512,0.1680747752072782,0.28204299825930895,0.06735475262437822,0.15791083840123596,0.3138589409921546
True,-80.0,0.5000000000000007,174075200.51443508,rowcol,0.520517507260983,0.05227894710727137,0.07916539412775529,0.23473215597965033,0.11089759728677263,0.28464699718472936,0.07188752110337855,0.18247400118784662,0.3138975501074056
True,40.0,0.5000000000000007,174075200.51443508,rowcol,0.520517507260983,0.05227894710727137,0.07916539412775529,0.23473215597965033,0.11089759728677263,0.28464699718472936,0.07188752110337855,0.1824740011878466,0.3138975501074056
True,-10.0,0.20000000000000065,174075200.51443508,rowcol,0.47666044452741224,0.04871363592614992,0.09007377624462043,0.22402979441169363,0.15347171721787728,0.28217121275525,0.07279320907333245,0.15949288772674455,0.31410357065631406
False,-80.0,0.20000000000000065,174075200.51443508,rowcol,0.4965367508124948,0.05034717280809916,0.08341375183985023,0.23093262957460628,0.16546477264832551,0.291504278116788,0.05688224382256266,0.1634529916654084,0.3143463814144565
False,40.0,0.20000000000000065,174075200.51443508,rowcol,0.4965367508124948,0.05034717280809916,0.08341375183985023,0.23093262957460628,0.16546477264832551,0.291504278116788,0.05688224382256266,0.1634529916654084,0.3143463814144565
False,-20.0,-0.19999999999999937,174075200.51443508,rowcol,0.49653675072012227,0.05034717278333424,0.08341375204002897,0.23093262980769563,0.16546477303462384,0.29150427809653,0.05688224396479092,0.16345299230206206,0.3143463818477246
True,-50.0,0.10000000000000064,174075200.51443508,rowcol,0.47930166289415277,0.04885639770150665,0.09051102919659876,0.2240234269432769,0.168074773742854,0.2819947327023742,0.06735209615607543,0.15973872813387507,0.31453445613987563
True,70.0,0.10000000000000064,174075200.51443508,rowcol,0.47930166289415277,0.04885639770150665,0.09051102919659876,0.2240234269432769,0.168074773742854,0.2819947327023742,0.06735209615607543,0.15973872813387507,0.31453445613987563
False,-50.0,-0.09999999999999937,174075200.51443508,rowcol,0.4861451583021639,0.049283362818687226,0.09166680295263485,0.22299536239368947,0.18264665077925266,0.2809239689639664,0.06207797692767876,0.15867361892093737,0.3146621653463243
False,70.0,-0.09999999999999937,174075200.51443508,rowcol,0.48614515830216387,0.049283362818687226,0.09166680295263485,0.22299536239368947,0.18264665077925266,0.2809239689639664,0.06207797692767876,0.15867361892093737,0.3146621653463243
False,10.0,0.10000000000000064,174075200.51443508,rowcol,0.4861451582653593,0.04928336280946657,0.09166680308671521,0.22299536255282756,0.1826466510233057,0.2809239690022639,0.06207797703086984,0.15867361927564883,0.31466216563954275
True,-50.0,0.20000000000000065,174075200.51443508,rowcol,0.4766604446672625,0.04871363455772238,0.09007041501047894,0.22537802910577648,0.15347171401034465,0.28207471726004507,0.0727882929383893,0.16309273306421984,0.3154484441162554
True,70.0,0.20000000000000065,174075200.51443508,rowcol,0.4766604446672625,0.04871363455772238,0.09007041501047895,0.22537802910577648,0.15347171401034468,0.28207471726004507,0.07278829293838932,0.1630927330642198,0.31544844411625544
False,-10.0,-0.09999999999999937,174075200.51443508,rowcol,0.4861451583739105,0.04928336211095867,0.0917253960466722,0.22380690559476696,0.18282059894300762,0.2811141378131076,0.06208696747865426,0.1604835573081464,0.31553230164143914
False,-70.0,0.10000000000000064,174075200.51443508,rowcol,0.48614515833710586,0.049283362101738004,0.09172539618204632,0.2238069057745615,0.1828205991907317,0.281114137855644,0.06208696758214483,0.1604835577070899,0.3155323019566078
False,50.0,0.10000000000000064,174075200.51443508,rowcol,0.48614515833710586,0.049283362101738,0.09172539618204632,0.22380690577456153,0.1828205991907317,0.281114137855644,0.06208696758214483,0.1604835577070899,0.31553230195660786
True,-20.0,0.10000000000000064,174075200.51443508,rowcol,0.4767984183653349,0.0486006165595027,0.09270724200332764,0.22320030421079073,0.16807922639018755,0.28160633330103996,0.07079381875126932,0.15818612684151262,0.3159075462141184
True,-40.0,0.10000000000000064,174075200.51443508,rowcol,0.47679841835364534,0.04860061667418366,0.09270081239070782,0.2234653045434654,0.1680792448632442,0.2815709175096104,0.07078385582008637,0.1589261970785051,0.3161661169341732
True,80.0,0.10000000000000064,174075200.51443508,rowcol,0.47679841835364534,0.04860061667418366,0.09270081239070782,0.22346530454346536,0.1680792448632442,0.2815709175096104,0.07078385582008635,0.15892619707850508,0.3161661169341732
True,-90.0,6.38378239159465e-16,174075200.51443508,rowcol,0.48202498869312377,0.0490073349150095,0.09289136903055076,0.22344515356608197,0.1828073879324502,0.2820133194925467,0.06411058509300797,0.15821274341870184,0.3163365225966327
True,30.0,6.38378239159465e-16,174075200.51443508,rowcol,0.48202498869312377,0.0490073349150095,0.09289136903055076,0.22344515356608197,0.1828073879324502,0.2820133194925467,0.06411058509300797,0.15821274341870184,0.3163365225966327
False,-90.0,6.38378239159465e-16,174075200.51443508,rowcol,0.48202498869312377,0.0490073349150095,0.09289136903055076,0.223445153566082,0.1828073879324502,0.28201331949254677,0.06411058509300797,0.15821274341870184,0.31633652259663275
False,30.0,6.38378239159465e-16,174075200.51443508,rowcol,0.48202498869312377,0.0490073349150095,0.09289136903055076,0.223445153566082,0.1828073879324502,0.28201331949254677,0.06411058509300797,0.15821274341870184,0.31633652259663275
True,-80.0,6.38378239159465e-16,174075200.51443508,rowcol,0.48202498869312377,0.04900733491500949,0.09289136903055077,0.22344515356608197,0.1828073879324502,0.2820133194925467,0.06411058509300802,0.1582127434187019,0.31633652259663275
True,-70.0,6.38378239159465e-16,174075200.51443508,rowcol,0.48202498869312377,0.04900733491500949,0.09289136903055079,0.22344515356608197,0.1828073879324502,0.2820133194925467,0.06411058509300803,0.15821274341870187,0.31633652259663275
True,10.0,6.38378239159465e-16,174075200.51443508,rowcol,0.48202498869312377,0.04900733491500949,0.09289136903055079,0.22344515356608197,0.1828073879324502,0.2820133194925467,0.06411058509300802,0.15821274341870187,0.31633652259663275
True,20.0,6.38378239159465e-16,174075200.51443508,rowcol,0.48202498869312377,0.04900733491500949,0.09289136903055077,0.22344515356608197,0.1828073879324502,0.2820133194925467,0.064110585093008,0.15821274341870187,0.31633652259663275
True,40.0,6.38378239159465e-16,174075200.51443508,rowcol,0.48202498869312377,0.04900733491500949,0.09289136903055077,0.22344515356608197,0.1828073879324502,0.2820133194925467,0.06411058509300802,0.1582127434187019,0.31633652259663275
True,50.0,6.38378239159465e-16,174075200.51443508,rowcol,0.48202498869312377,0.04900733491500949,0.09289136903055079,0.22344515356608197,0.1828073879324502,0.2820133194925467,0.06411058509300803,0.15821274341870187,0.31633652259663275
False,-80.0,6.38378239159465e-16,174075200.51443508,rowcol,0.48202498869312377,0.04900733491500949,0.0928913690305508,0.223445153566082,0.18280738793245024,0.2820133194925467,0.06411058509300802,0.1582127434187019,0.3163365225966328
False,-70.0,6.38378239159465e-16,174075200.51443508,rowcol,0.48202498869312377,0.04900733491500949,0.09289136903055081,0.22344515356608197,0.18280738793245033,0.2820133194925467,0.06411058509300803,0.15821274341870187,0.3163365225966328
False,-60.0,6.38378239159465e-16,174075200.51443508,rowcol,0.48202498869312366,0.04900733491500949,0.09289136903055085,0.22344515356608197,0.18280738793245033,0.2820133194925467,0.06411058509300809,0.1582127434187019,0.3163365225966328
False,-40.0,6.38378239159465e-16,174075200.51443508,rowcol,0.4820249886931236,0.049007334915009484,0.0928913690305509,0.22344515356608194,0.18280738793245035,0.2820133194925467,0.06411058509300814,0.1582127434187019,0.3163365225966328
False,0.0,6.38378239159465e-16,174075200.51443508,rowcol,0.48202498869312366,0.04900733491500949,0.09289136903055085,0.22344515356608197,0.18280738793245033,0.2820133194925467,0.06411058509300807,0.15821274341870187,0.3163365225966328
False,10.0,6.38378239159465e-16,174075200.51443508,rowcol,0.48202498869312377,0.04900733491500949,0.09289136903055083,0.22344515356608197,0.18280738793245033,0.2820133194925467,0.06411058509300803,0.15821274341870187,0.3163365225966328
False,20.0,6.38378239159465e-16,174075200.51443508,rowcol,0.48202498869312377,0.0490073349150095,0.0928913690305508,0.223445153566082,0.18280738793245024,0.2820133194925467,0.06411058509300802,0.15821274341870187,0.3163365225966328
False,40.0,6.38378239159465e-16,174075200.51443508,rowcol,0.48202498869312377,0.04900733491500949,0.0928913690305508,0.223445153566082,0.18280738793245024,0.2820133194925467,0.06411058509300802,0.1582127434187019,0.3163365225966328
False,50.0,6.38378239159465e-16,174075200.51443508,rowcol,0.48202498869312377,0.04900733491500949,0.09289136903055081,0.22344515356608197,0.18280738793245033,0.2820133194925467,0.06411058509300803,0.15821274341870187,0.3163365225966328
False,60.0,6.38378239159465e-16,174075200.51443508,rowcol,0.48202498869312366,0.04900733491500949,0.09289136903055085,0.22344515356608197,0.18280738793245033,0.2820133194925467,0.06411058509300809,0.1582127434187019,0.3163365225966328
False,80.0,6.38378239159465e-16,174075200.51443508,rowcol,0.4820249886931236,0.049007334915009484,0.0928913690305509,0.22344515356608194,0.18280738793245035,0.2820133194925467,0.06411058509300814,0.1582127434187019,0.3163365225966328
True,-60.0,6.38378239159465e-16,174075200.51443508,rowcol,0.48202498869312366,0.04900733491500949,0.09289136903055081,0.22344515356608197,0.1828073879324502,0.2820133194925467,0.06411058509300807,0.1582127434187019,0.3163365225966328
True,-50.0,6.38378239159465e-16,174075200.51443508,rowcol,0.48202498869312366,0.04900733491500949,0.09289136903055084,0.223445153566082,0.1828073879324502,0.2820133194925467,0.06411058509300811,0.1582127434187019,0.3163365225966328
True,-40.0,6.38378239159465e-16,174075200.51443508,rowcol,0.4820249886931236,0.049007334915009484,0.09289136903055085,0.22344515356608197,0.1828073879324502,0.2820133194925467,0.06411058509300813,0.1582127434187019,0.3163365225966328
True,-20.0,6.38378239159465e-16,174075200.51443508,rowcol,0.4820249886931236,0.049007334915009484,0.09289136903055085,0.22344515356608197,0.1828073879324502,0.2820133194925467,0.06411058509300813,0.15821274341870187,0.3163365225966328
True,-10.0,6.38378239159465e-16,174075200.51443508,rowcol,0.48202498869312366,0.04900733491500949,0.09289136903055084,0.223445153566082,0.1828073879324502,0.2820133194925467,0.06411058509300811,0.1582127434187019,0.3163365225966328
True,0.0,6.38378239159465e-16,174075200.51443508,rowcol,0.48202498869312366,0.04900733491500949,0.09289136903055081,0.22344515356608197,0.1828073879324502,0.2820133194925467,0.06411058509300807,0.15821274341870187,0.3163365225966328
True,60.0,6.38378239159465e-16,174075200.51443508,rowcol,0.48202498869312366,0.04900733491500949,0.09289136903055081,0.22344515356608197,0.1828073879324502,0.2820133194925467,0.06411058509300807,0.1582127434187019,0.3163365225966328
True,70.0,6.38378239159465e-16,174075200.51443508,rowcol,0.48202498869312366,0.04900733491500949,0.09289136903055084,0.223445153566082,0.1828073879324502,0.2820133194925467,0.06411058509300811,0.1582127434187019,0.3163365225966328
True,80.0,6.38378239159465e-16,174075200.51443508,rowcol,0.4820249886931236,0.049007334915009484,0.09289136903055085,0.22344515356608197,0.1828073879324502,0.2820133194925467,0.06411058509300813,0.1582127434187019,0.3163365225966328
False,-50.0,6.38378239159465e-16,174075200.51443508,rowcol,0.48202498869312366,0.04900733491500949,0.09289136903055088,0.22344515356608197,0.18280738793245033,0.2820133194925467,0.06411058509300813,0.1582127434187019,0.31633652259663286
False,-30.0,6.38378239159465e-16,174075200.51443508,rowcol,0.4820249886931236,0.049007334915009484,0.09289136903055094,0.22344515356608194,0.1828073879324504,0.2820133194925467,0.06411058509300818,0.1582127434187019,0.31633652259663286
False,-20.0,6.38378239159465e-16,174075200.51443508,rowcol,0.4820249886931236,0.049007334915009484,0.0928913690305509,0.22344515356608197,0.18280738793245035,0.2820133194925467,0.06411058509300814,0.15821274341870187,0.31633652259663286
False,-10.0,6.38378239159465e-16,174075200.51443508,rowcol,0.4820249886931236,0.04900733491500949,0.09289136903055088,0.22344515356608197,0.18280738793245033,0.2820133194925467,0.06411058509300813,0.1582127434187019,0.31633652259663286
False,70.0,6.38378239159465e-16,174075200.51443508,rowcol,0.48202498869312366,0.04900733491500949,0.09289136903055088,0.22344515356608197,0.18280738793245033,0.2820133194925467,0.06411058509300813,0.1582127434187019,0.31633652259663286
False,90.0,6.38378239159465e-16,174075200.51443508,rowcol,0.4820249886931236,0.049007334915009484,0.09289136903055094,0.22344515356608194,0.1828073879324504,0.2820133194925467,0.06411058509300818,0.1582127434187019,0.31633652259663286
True,-30.0,6.38378239159465e-16,174075200.51443508,rowcol,0.4820249886931236,0.049007334915009484,0.09289136903055088,0.223445153566082,0.1828073879324502,0.2820133194925467,0.06411058509300817,0.1582127434187019,0.31633652259663286
True,90.0,6.38378239159465e-16,174075200.51443508,rowcol,0.4820249886931236,0.049007334915009484,0.09289136903055088,0.223445153566082,0.1828073879324502,0.2820133194925467,0.06411058509300817,0.1582127434187019,0.31633652259663286
False,-50.0,-0.19999999999999937,174075200.51443508,rowcol,0.4903383717776474,0.04957436832321991,0.09263712618353283,0.22406604218989687,0.18466779143185236,0.2812147789684527,0.0626879947903794,0.1610001348569897,0.3167031683734297
False,70.0,-0.19999999999999937,174075200.51443508,rowcol,0.4903383717776474,0.04957436832321991,0.09263712618353283,0.22406604218989687,0.18466779143185236,0.2812147789684527,0.06268799479037941,0.16100013485698972,0.3167031683734297
False,10.0,0.20000000000000065,174075200.51443508,rowcol,0.4903383717066435,0.04957436830529948,0.09263712648898584,0.22406604254479542,0.1846677920025575,0.2812147791002884,0.06268799501759348,0.16100013557262788,0.31670316903378126
True,-10.0,0.30000000000000066,174075200.51443508,rowcol,0.47410270606652005,0.04857911957543449,0.09160248072106462,0.22548870279428654,0.13903904076613274,0.2823978287685818,0.07997957788883327,0.16290401232804563,0.31709118351535115
True,-60.0,0.4000000000000007,174075200.51443508,rowcol,0.4875978638415479,0.04955695226972934,0.08707171772773822,0.2302425868217302,0.12482420358298621,0.2794888945844945,0.07825169749061865,0.17860794932355517,0.3173143045494684
True,60.0,0.4000000000000007,174075200.51443508,rowcol,0.4875978638415479,0.04955695226972934,0.08707171772773822,0.2302425868217302,0.12482420358298621,0.2794888945844945,0.07825169749061864,0.17860794932355514,0.3173143045494684
False,0.0,0.10000000000000064,174075200.51443508,rowcol,0.4820795999602755,0.04901579117850663,0.09393416120110379,0.22369612330891436,0.1838593799442885,0.2825192907087778,0.06534667893479712,0.15810644555301917,0.3176302845100182
False,-60.0,-0.09999999999999937,174075200.51443508,rowcol,0.48207960003621914,0.04901579117610734,0.09393416139274774,0.22369612335408093,0.18385938051243292,0.2825192904372733,0.06534667896911703,0.1581064460786709,0.31763028474682864
False,60.0,-0.09999999999999937,174075200.51443508,rowcol,0.48207960003621914,0.04901579117610734,0.09393416139274774,0.22369612335408093,0.18385938051243292,0.2825192904372733,0.06534667896911703,0.1581064460786709,0.31763028474682864
True,10.0,0.6000000000000006,174075200.51443508,rowcol,0.5138597842883067,0.051478840612215165,0.08527359436482211,0.2324633373418553,0.09747933243442239,0.27672420818337234,0.08285522844637966,0.18731191125581736,0.3177369317066774
False,20.0,0.30000000000000066,174075200.51443508,rowcol,0.5038136736406471,0.0510244481658499,0.08244060635932086,0.23543663329273584,0.1578901499251275,0.2974260347449661,0.059086571610215424,0.16628583696837007,0.3178772396520567
False,-40.0,-0.2999999999999994,174075200.51443508,rowcol,0.5038136735008154,0.05102444812862672,0.08244060659123018,0.235436633637702,0.1578901504369556,0.29742603464439954,0.059086571743465106,0.16628583801882524,0.31787724022893216
False,80.0,-0.2999999999999994,174075200.51443508,rowcol,0.5038136735008154,0.05102444812862672,0.08244060659123018,0.235436633637702,0.15789015043695562,0.2974260346443995,0.05908657174346511,0.16628583801882524,0.31787724022893216
True,-30.0,-0.09999999999999937,174075200.51443508,rowcol,0.48791079221112615,0.04955363797115438,0.09461463988352978,0.22347216494219796,0.19762904590182798,0.28302667870847964,0.058858940904271316,0.15675444308282419,0.3180868048257277
True,90.0,-0.09999999999999937,174075200.51443508,rowcol,0.48791079221112615,0.04955363797115438,0.09461463988352978,0.22347216494219796,0.19762904590182798,0.28302667870847964,0.05885894090427132,0.15675444308282416,0.3180868048257277
True,-30.0,0.10000000000000064,174075200.51443508,rowcol,0.47621086868220686,0.04846369316041253,0.09398471134453644,0.22421207831456935,0.16808647904638038,0.28121659415089706,0.07275497119860466,0.1613713259939543,0.3181967896591058
True,90.0,0.10000000000000064,174075200.51443508,rowcol,0.4762108686822068,0.04846369316041253,0.09398471134453644,0.22421207831456935,0.16808647904638038,0.28121659415089706,0.07275497119860466,0.1613713259939543,0.3181967896591058
False,-10.0,-0.19999999999999937,174075200.51443508,rowcol,0.49033837192201896,0.04957436689524499,0.09275304948186383,0.22567838503761428,0.18501172369966634,0.28159437927843206,0.06270579975348335,0.16454893343058188,0.3184314345194781
False,-70.0,0.20000000000000065,174075200.51443508,rowcol,0.4903383718510152,0.04957436687732452,0.09275304978966338,0.225678385432103,0.18501172427702442,0.28159437941862403,0.06270579998125558,0.16454893422486774,0.31843143522176637
False,50.0,0.20000000000000065,174075200.51443508,rowcol,0.4903383718510152,0.04957436687732452,0.09275304978966338,0.225678385432103,0.18501172427702442,0.28159437941862403,0.06270579998125558,0.16454893422486774,0.31843143522176637
False,-60.0,0.10000000000000064,174075200.51443508,rowcol,0.48207960008593254,0.04901578994264554,0.09400938187865794,0.22473179093310075,0.18405363587387785,0.28278379611518223,0.06537488264568916,0.1603960569629138,0.3187411728117587
False,60.0,0.10000000000000064,174075200.51443508,rowcol,0.48207960008593254,0.04901578994264554,0.09400938187865794,0.22473179093310075,0.18405363587387785,0.28278379611518223,0.06537488264568916,0.1603960569629138,0.3187411728117587
False,0.0,-0.09999999999999937,174075200.51443508,rowcol,0.48207960016187623,0.04901578994024627,0.09400938207014854,0.22473179097805882,0.18405363644142264,0.28278379584393104,0.06537488267999426,0.16039605748106192,0.31874117304820737
True,-20.0,0.20000000000000065,174075200.51443508,rowcol,0.4716434675752652,0.04819925057508262,0.09502094532986846,0.22374327216052065,0.15348062957122877,0.2814600065181722,0.07988090600052353,0.15980896502953096,0.3187642174903891
False,-80.0,0.30000000000000066,174075200.51443508,rowcol,0.503813673605208,0.05102444851577345,0.08251850906374103,0.23643291569170893,0.15819388896787337,0.2977561547220209,0.05906704739114876,0.1683781994522961,0.31895142475544996
False,40.0,0.30000000000000066,174075200.51443508,rowcol,0.503813673605208,0.05102444851577345,0.08251850906374103,0.23643291569170893,0.15819388896787337,0.2977561547220209,0.059067047391148736,0.1683781994522961,0.31895142475544996
False,-20.0,-0.2999999999999994,174075200.51443508,rowcol,0.5038136734653763,0.05102444847855038,0.08251850929061592,0.23643291598281338,0.15819388946835095,0.2977561546103064,0.05906704752155023,0.1683782003709636,0.3189514252734293
True,-50.0,0.30000000000000066,174075200.51443508,rowcol,0.4741027062741605,0.04857911754898938,0.09159752290409966,0.22749509270477358,0.13903903545540633,0.28225318936649413,0.07997286613452383,0.168165415938172,0.31909261560887325
True,70.0,0.30000000000000066,174075200.51443508,rowcol,0.4741027062741605,0.04857911754898938,0.09159752290409966,0.22749509270477358,0.13903903545540636,0.28225318936649413,0.07997286613452384,0.168165415938172,0.31909261560887325
True,-40.0,0.20000000000000065,174075200.51443508,rowcol,0.4716434675520313,0.04819925080243337,0.09500839883346385,0.22427167620941377,0.15348067003153756,0.281389133644326,0.07986324616443069,0.16127081509045857,0.3192800750428776
True,80.0,0.20000000000000065,174075200.51443508,rowcol,0.4716434675520313,0.04819925080243337,0.09500839883346385,0.22427167620941377,0.15348067003153756,0.281389133644326,0.07986324616443069,0.16127081509045854,0.3192800750428776
False,90.0,-0.39999999999999936,174075200.51443508,rowcol,0.5157143552767087,0.05266168078695753,0.07159450476368415,0.24813499059903324,0.11617873789330312,0.32090051602976216,0.059998218384897016,0.1635506693467327,0.3197294953627174
False,-30.0,-0.39999999999999936,174075200.51443508,rowcol,0.5157143552767087,0.05266168078695753,0.07159450476368415,0.24813499059903327,0.11617873789330312,0.32090051602976216,0.05999821838489701,0.16355066934673274,0.31972949536271744
False,-90.0,0.4000000000000007,174075200.51443508,rowcol,0.515714355517973,0.05266168075244993,0.0715945063097573,0.2481349904833125,0.11617874031625171,0.3209005145473161,0.059998219710874406,0.16355067146968794,0.31972949679306983
False,30.0,0.4000000000000007,174075200.51443508,rowcol,0.515714355517973,0.05266168075244993,0.0715945063097573,0.2481349904833125,0.1161787403162517,0.3209005145473161,0.05999821971087441,0.16355067146968794,0.31972949679306983
True,-40.0,-0.09999999999999937,174075200.51443508,rowcol,0.4873208741934914,0.049419273375868066,0.09556512604667489,0.22421143526185014,0.19763613449971779,0.28271511612418,0.06064302694084159,0.15915239233718523,0.31977656130852505
True,80.0,-0.09999999999999937,174075200.51443508,rowcol,0.4873208741934914,0.049419273375868066,0.09556512604667489,0.22421143526185014,0.19763613449971779,0.28271511612418,0.060643026940841595,0.15915239233718523,0.31977656130852505
True,-20.0,-0.09999999999999937,174075200.51443508,rowcol,0.4873208741816664,0.049419273492473575,0.09555888871738266,0.2244752422745949,0.1976361502100894,0.28267983924761236,0.06063139604367742,0.15988799100829457,0.32003413099197753
True,0.0,0.5000000000000007,174075200.51443508,rowcol,0.48921225942689717,0.049717183074956546,0.09043264697676055,0.22965922940345448,0.11093497585493248,0.2790608108333754,0.08617148766918147,0.1777863083619784,0.320091876380215
True,-90.0,0.6000000000000006,174075200.51443508,rowcol,0.5317011283288648,0.05371831312680773,0.08372163130687102,0.23694235645813702,0.09740782467758094,0.2934506343362821,0.08097806953217739,0.17588599737584706,0.32066398776500804
True,30.0,0.6000000000000006,174075200.51443508,rowcol,0.5317011283288648,0.05371831312680773,0.083721631306871,0.23694235645813702,0.09740782467758094,0.2934506343362821,0.08097806953217739,0.17588599737584706,0.32066398776500804
True,-50.0,-0.09999999999999937,174075200.51443508,rowcol,0.48482903845057607,0.04916637091687463,0.09706884032781678,0.2236492309440946,0.1976405867811426,0.2821304581488849,0.0634012806017085,0.1585675638997102,0.3207180712719114
True,70.0,-0.09999999999999937,174075200.51443508,rowcol,0.48482903845057607,0.04916637091687463,0.09706884032781678,0.22364923094409464,0.1976405867811426,0.2821304581488849,0.0634012806017085,0.1585675638997102,0.32071807127191143
False,-70.0,-0.09999999999999937,174075200.51443508,rowcol,0.4779797518300259,0.04874631321015226,0.09617121529924448,0.22458210911518942,0.18497255716089173,0.2842471589230828,0.0685430090056878,0.15781397723833365,0.3207533244144339
False,50.0,-0.09999999999999937,174075200.51443508,rowcol,0.4779797518300259,0.04874631321015226,0.09617121529924448,0.22458210911518942,0.18497255716089173,0.2842471589230828,0.0685430090056878,0.15781397723833362,0.3207533244144339
False,-10.0,0.10000000000000064,174075200.51443508,rowcol,0.4779797517905657,0.048746313200388997,0.09617121538973308,0.22458210925456815,0.18497255731793755,0.2842471589074118,0.06854300907854154,0.1578139776272264,0.32075332464430123
True,-10.0,-0.09999999999999937,174075200.51443508,rowcol,0.4848290385225174,0.049166370207462035,0.0970672808986688,0.2243255019472788,0.19764058553578726,0.28208220755673796,0.06339845855242719,0.16038796439224534,0.3213927828459476
True,-70.0,0.6000000000000006,174075200.51443508,rowcol,0.5138597847257071,0.05147883624610095,0.08526294368315891,0.23634065310751015,0.09747931728454709,0.27642891639269324,0.08284227188250613,0.1963911639808001,0.3216035967906691
True,50.0,0.6000000000000006,174075200.51443508,rowcol,0.5138597847257071,0.05147883624610095,0.08526294368315891,0.23634065310751015,0.09747931728454709,0.27642891639269324,0.08284227188250612,0.19639116398080006,0.3216035967906691
False,10.0,-0.09999999999999937,174075200.51443508,rowcol,0.477979751900838,0.04874631251580693,0.09622706563556037,0.22538794118444203,0.18514432008859547,0.28443510628316093,0.06855115159859604,0.1596336676034221,0.3216150068200024
False,-50.0,0.10000000000000064,174075200.51443508,rowcol,0.4779797518613778,0.04874631250604367,0.09622706572468151,0.22538794130224077,0.18514432024164146,0.2844351062632903,0.06855115167115634,0.15963366793939268,0.32161500702692225
False,70.0,0.10000000000000064,174075200.51443508,rowcol,0.4779797518613778,0.04874631250604367,0.09622706572468151,0.2253879413022408,0.18514432024164146,0.2844351062632903,0.06855115167115634,0.15963366793939268,0.3216150070269223
False,-50.0,-0.2999999999999994,174075200.51443508,rowcol,0.49460277133813246,0.04988034435443847,0.09573562342372759,0.2266557572283622,0.18880075089099876,0.28291676590901577,0.06586725692772917,0.16511344714340517,0.3223913806520898
False,70.0,-0.2999999999999994,174075200.51443508,rowcol,0.49460277133813246,0.04988034435443847,0.09573562342372759,0.22665575722836223,0.18880075089099876,0.28291676590901577,0.06586725692772917,0.16511344714340517,0.32239138065208983
False,10.0,0.30000000000000066,174075200.51443508,rowcol,0.494602771235483,0.04988034432832269,0.09573562392528295,0.2266557578100068,0.18880075185734094,0.2829167661859875,0.06586725728470628,0.16511344821420504,0.32239138173528975
False,0.0,0.20000000000000065,174075200.51443508,rowcol,0.4822433968568094,0.049041384636907805,0.09706814368146775,0.2254987087359723,0.18717086477267225,0.28432812940785246,0.06894881627658231,0.16008130150483407,0.32256685241744004
False,-60.0,-0.19999999999999937,174075200.51443508,rowcol,0.4822433970086452,0.04904138463211718,0.09706814405238066,0.22549870882602396,0.1871708658888575,0.284328128869063,0.0689488163416361,0.1600813025431679,0.32256685287840464
False,60.0,-0.19999999999999937,174075200.51443508,rowcol,0.4822433970086452,0.04904138463211718,0.09706814405238068,0.225498708826024,0.1871708658888575,0.284328128869063,0.06894881634163612,0.1600813025431679,0.3225668528784047
True,-60.0,-0.09999999999999937,174075200.51443508,rowcol,0.4808567923321712,0.048893135744736034,0.09877987490091436,0.2239177435683988,0.1976430510910697,0.2829673007932334,0.0664509671634875,0.1580101751501994,0.32269761846931316
True,60.0,-0.09999999999999937,174075200.51443508,rowcol,0.4808567923321712,0.048893135744736034,0.09877987490091436,0.2239177435683988,0.1976430510910697,0.2829673007932334,0.0664509671634875,0.1580101751501994,0.32269761846931316
True,-10.0,0.4000000000000007,174075200.51443508,rowcol,0.4716298056240585,0.0484529180214976,0.09500387927623168,0.2277080621103086,0.12483585492583368,0.2827226096785021,0.08848902461513154,0.1680328565372308,0.3227119413865403
True,-30.0,-0.19999999999999937,174075200.51443508,rowcol,0.49386571630911,0.05010251527478029,0.09900755974306188,0.2242928256041364,0.2125303755757132,0.2842543549261359,0.05793021011807053,0.1570437983221565,0.3233003853471983
True,90.0,-0.19999999999999937,174075200.51443508,rowcol,0.49386571630911,0.050102515274780275,0.09900755974306188,0.2242928256041364,0.21253037557571317,0.2842543549261359,0.057930210118070535,0.15704379832215648,0.3233003853471983
True,20.0,0.6000000000000006,174075200.51443508,rowcol,0.5282264458570088,0.05294126098572788,0.08489874406290031,0.2384177452788345,0.09745334720593657,0.28750369082158406,0.08240446369478072,0.1874368752852138,0.3233164893417348
True,-30.0,0.20000000000000065,174075200.51443508,rowcol,0.4704710897977228,0.047922803277775386,0.09780024876618461,0.22576484831314828,0.15349530888805232,0.2806383477442603,0.08374802125303246,0.1661332400368197,0.3235650970793329
True,90.0,0.20000000000000065,174075200.51443508,rowcol,0.4704710897977228,0.04792280327777539,0.09780024876618462,0.2257648483131483,0.15349530888805235,0.2806383477442603,0.08374802125303246,0.16613324003681967,0.3235650970793329
True,0.0,-0.09999999999999937,174075200.51443508,rowcol,0.4808567924581478,0.04889313450577462,0.09878839492060974,0.22481879007755498,0.19764306012392685,0.28299180853994854,0.06646593487411526,0.16031195360124595,0.3236071849981647
False,-20.0,0.10000000000000064,174075200.51443508,rowcol,0.47479143567307025,0.048344800328820506,0.10075320936572978,0.22154605341243783,0.1926271180278013,0.2788234693824109,0.07237451891314205,0.1580506290253615,0.3238056815096272
False,-80.0,-0.09999999999999937,174075200.51443508,rowcol,0.474791435628243,0.048344800316478205,0.10075320951137201,0.2215460535839648,0.19262711828043957,0.27882346945285125,0.07237451903028383,0.15805062936349562,0.32380568211808086
False,40.0,-0.09999999999999937,174075200.51443508,rowcol,0.474791435628243,0.048344800316478205,0.10075320951137201,0.2215460535839648,0.19262711828043957,0.27882346945285125,0.07237451903028383,0.15805062936349562,0.32380568211808086
False,-40.0,0.10000000000000064,174075200.51443508,rowcol,0.4747914356613312,0.0483448004441083,0.10077446495615101,0.2218995743400471,0.19271016826589596,0.27894113678044524,0.0723692064267788,0.15878732181198016,0.32422296920850013
False,80.0,0.10000000000000064,174075200.51443508,rowcol,0.4747914356613312,0.0483448004441083,0.10077446495615101,0.2218995743400471,0.19271016826589596,0.27894113678044524,0.0723692064267788,0.15878732181198016,0.32422296920850013
False,20.0,-0.09999999999999937,174075200.51443508,rowcol,0.47479143561650405,0.048344800431765964,0.10077446510307692,0.22189957452994222,0.19271016852126233,0.2789411368549103,0.07236920654471607,0.15878732219051467,0.3242229698391729
True,-60.0,0.5000000000000007,174075200.51443508,rowcol,0.48921226004602214,0.04971717698282626,0.09047916924338831,0.23401928144076337,0.11093505632012518,0.2791850426786764,0.08622918644957801,0.187807099235458,0.3244984506841517
True,60.0,0.5000000000000007,174075200.51443508,rowcol,0.48921226004602214,0.04971717698282626,0.09047916924338831,0.23401928144076337,0.11093505632012518,0.2791850426786764,0.08622918644957801,0.187807099235458,0.3244984506841517
True,-20.0,0.30000000000000066,174075200.51443508,rowcol,0.46656251025646306,0.04780337178044337,0.09965865960830933,0.22506835575907114,0.13905241102424587,0.28157474551717987,0.09065180765543811,0.16303200886986643,0.32472701536738047
True,-80.0,0.6000000000000006,174075200.51443508,rowcol,0.5282264457861865,0.052941261692365,0.08485660906288467,0.23990252982850674,0.09745353837026713,0.2872954925336318,0.08235309605335853,0.19115622074279434,0.3247591388913914
True,40.0,0.6000000000000006,174075200.51443508,rowcol,0.5282264457861865,0.05294126169236501,0.08485660906288467,0.23990252982850674,0.09745353837026711,0.2872954925336318,0.08235309605335853,0.1911562207427943,0.3247591388913914
False,-60.0,0.20000000000000065,174075200.51443508,rowcol,0.4822433971080382,0.04904138216647555,0.0972136770165127,0.22754879091876293,0.18755231587357565,0.2848533050693547,0.06900226758739345,0.16457374340751488,0.32476246793527563
False,60.0,0.20000000000000065,174075200.51443508,rowcol,0.4822433971080382,0.04904138216647555,0.0972136770165127,0.22754879091876293,0.18755231587357565,0.2848533050693547,0.06900226758739345,0.16457374340751488,0.32476246793527563
False,0.0,-0.19999999999999937,174075200.51443508,rowcol,0.4822433972598739,0.049041382161684924,0.09721367738687037,0.22754879100799966,0.18755231698749075,0.2848533045315523,0.06900226765239685,0.16457374441750483,0.32476246839487
False,-10.0,-0.2999999999999994,174075200.51443508,rowcol,0.494602771555954,0.04988034219456693,0.09590383811489833,0.229042166777676,0.18930515209050783,0.28348166856372603,0.06589267407726955,0.1702803868936962,0.3249460048925743
False,-70.0,0.30000000000000066,174075200.51443508,rowcol,0.49460277145330456,0.0498803421684511,0.09590383861953196,0.22904216741556158,0.1893051530655836,0.2834816688529333,0.06589267443499779,0.17028038806837673,0.32494600603509355
False,50.0,0.30000000000000066,174075200.51443508,rowcol,0.49460277145330456,0.0498803421684511,0.09590383861953196,0.22904216741556158,0.1893051530655836,0.2834816688529333,0.06589267443499777,0.17028038806837673,0.32494600603509355
True,-50.0,0.4000000000000007,174075200.51443508,rowcol,0.47162980589798575,0.04845291535515065,0.09499750540013664,0.2303535965051503,0.12483584703922862,0.28252996238019484,0.08848093604429323,0.17480721919798586,0.32535110190528693
True,70.0,0.4000000000000007,174075200.51443508,rowcol,0.47162980589798575,0.04845291535515065,0.09499750540013666,0.2303535965051503,0.12483584703922863,0.28252996238019484,0.08848093604429323,0.17480721919798586,0.32535110190528693
True,-40.0,0.30000000000000066,174075200.51443508,rowcol,0.46656251022184025,0.04780337211836331,0.09964071523917306,0.2258558476050579,0.13905247801200551,0.2814684728507028,0.09062846490177841,0.16517715104210712,0.32549656284423095
True,80.0,0.30000000000000066,174075200.51443508,rowcol,0.46656251022184025,0.04780337211836331,0.09964071523917305,0.22585584760505792,0.1390524780120055,0.28146847285070276,0.09062846490177841,0.16517715104210712,0.32549656284423095
True,-70.0,-0.09999999999999937,174075200.51443508,rowcol,0.47685426269466763,0.0486179332067549,0.10052275066517857,0.2243731055494977,0.19764556083353677,0.2839359711421504,0.06947104561326022,0.15773776383497265,0.3259413575450334
True,50.0,-0.09999999999999937,174075200.51443508,rowcol,0.47685426269466763,0.0486179332067549,0.10052275066517857,0.2243731055494977,0.19764556083353677,0.2839359711421504,0.06947104561326023,0.15773776383497265,0.3259413575450334
False,20.0,0.4000000000000007,174075200.51443508,rowcol,0.511103825759416,0.051706608534038426,0.08427082162695543,0.24172904221976624,0.15161950067845215,0.30453526219223387,0.06485158771158901,0.1719871875521543,0.32599986384672164
False,-40.0,-0.39999999999999936,174075200.51443508,rowcol,0.5111038255713299,0.05170660848428653,0.08427082182937636,0.2417290425999804,0.15161950124220516,0.3045352619508669,0.06485158778232092,0.17198718889539322,0.32599986442935674
False,80.0,-0.39999999999999936,174075200.51443508,rowcol,0.5111038255713299,0.05170660848428653,0.08427082182937636,0.2417290425999804,0.1516195012422052,0.3045352619508669,0.06485158778232092,0.17198718889539322,0.32599986442935674
True,10.0,-0.09999999999999937,174075200.51443508,rowcol,0.47685426276564696,0.048617932510576084,0.10052124477865913,0.22504720323180574,0.19764555958821015,0.2838880274198322,0.06946847007187999,0.15956763624388506,0.32661093756778314
True,-40.0,-0.19999999999999937,174075200.51443508,rowcol,0.49268383964246876,0.049836302608555955,0.10052413265349688,0.2257561416323603,0.21254442896889578,0.28367438222178937,0.060930969395687345,0.1617163304603708,0.3273285395928509
True,80.0,-0.19999999999999937,174075200.51443508,rowcol,0.49268383964246876,0.049836302608555955,0.10052413265349688,0.2257561416323603,0.21254442896889578,0.28367438222178937,0.060930969395687345,0.1617163304603708,0.3273285395928509
False,-80.0,0.4000000000000007,174075200.51443508,rowcol,0.5111038257120983,0.05170660900175807,0.0843724227639793,0.24302146751220055,0.15204105499453302,0.30496394460506165,0.06482786912868235,0.17468040691523604,0.3273938902761798
False,40.0,0.4000000000000007,174075200.51443508,rowcol,0.5111038257120984,0.05170660900175808,0.0843724227639793,0.24302146751220055,0.152041054994533,0.30496394460506165,0.06482786912868237,0.174680406915236,0.3273938902761798
False,-20.0,-0.39999999999999936,174075200.51443508,rowcol,0.5111038255240123,0.05170660895200633,0.08437242295987694,0.24302146782249504,0.15204105554233988,0.30496394434952484,0.06482786919592647,0.17468040808516483,0.32739389078237197
True,-20.0,-0.19999999999999937,174075200.51443508,rowcol,0.49268383961869266,0.04983630284360778,0.10051227306879981,0.22627984670755352,0.21254445818572398,0.28360406272267796,0.06090781533678463,0.16316109582528732,0.327816665913953
True,10.0,0.7000000000000006,174075200.51443508,rowcol,0.5192896162034509,0.05191184420416524,0.09107630459795475,0.2369139064942833,0.08470737541975776,0.27686117846976843,0.09218982597900702,0.1971491916310448,0.327990211092238
True,0.0,0.6000000000000006,174075200.51443508,rowcol,0.4909134525776284,0.04988636874148429,0.09554112752833276,0.2334210002745292,0.09749881083633236,0.2788640474876546,0.0951799450057785,0.1868349577373568,0.32896212780286194
True,-10.0,0.5000000000000007,174075200.51443508,rowcol,0.4692430844852596,0.04833509639347271,0.10008722684141719,0.23066592329750812,0.11095032870386867,0.28314521768592305,0.09797742128356979,0.17472822372436728,0.3309276038217597
False,-70.0,-0.19999999999999937,174075200.51443508,rowcol,0.4740113661920684,0.0485007646946495,0.10135993754952857,0.22721335100669754,0.18924135105288195,0.28781581912625087,0.07495813785910253,0.1593013182288606,0.3312931636552833
False,50.0,-0.19999999999999937,174075200.51443508,rowcol,0.4740113661920684,0.0485007646946495,0.10135993754952857,0.22721335100669754,0.18924135105288195,0.28781581912625087,0.07495813785910253,0.1593013182288606,0.3312931636552833
False,-10.0,0.20000000000000065,174075200.51443508,rowcol,0.47401136611044337,0.04850076467455883,0.10135993768459119,0.22721335124113923,0.1892413512740727,0.2878158190352451,0.07495813797323853,0.15930131898274186,0.33129316429491273
True,-80.0,-0.09999999999999937,174075200.51443508,rowcol,0.4743381052910392,0.048361761551222654,0.1025034128202824,0.22430603215241143,0.1976500992640118,0.28363592709851254,0.07281019456356694,0.1580158733401982,0.3318162706132586
True,40.0,-0.09999999999999937,174075200.51443508,rowcol,0.4743381052910392,0.048361761551222654,0.1025034128202824,0.22430603215241143,0.1976500992640118,0.28363592709851254,0.07281019456356694,0.1580158733401982,0.3318162706132586
True,20.0,-0.09999999999999937,174075200.51443508,rowcol,0.47433810527928905,0.04836176166646997,0.10249759771775295,0.22456972770685293,0.19765011497327234,0.28360076476163504,0.07280050757955062,0.1587567372856068,0.3320625208601118
True,-70.0,0.7000000000000006,174075200.51443508,rowcol,0.5192896167153744,0.05191183908324227,0.0910646706183234,0.24134797983978515,0.08470735507993392,0.27651681137117234,0.09217624078280334,0.2072007680629417,0.3324126504581085
True,50.0,0.7000000000000006,174075200.51443508,rowcol,0.5192896167153744,0.05191183908324227,0.09106467061832339,0.24134797983978515,0.08470735507993392,0.2765168113711724,0.09217624078280334,0.2072007680629417,0.3324126504581085
False,90.0,-0.49999999999999933,174075200.51443508,rowcol,0.5241395890131295,0.05357683253465387,0.07497763501303562,0.25746160695592996,0.10026190497136371,0.3333807871822814,0.06938302975871456,0.16900540496371055,0.33243924196896557
False,-30.0,-0.49999999999999933,174075200.51443508,rowcol,0.5241395890131295,0.05357683253465387,0.07497763501303562,0.25746160695593,0.10026190497136371,0.3333807871822814,0.06938302975871456,0.16900540496371058,0.3324392419689656
False,30.0,0.5000000000000007,174075200.51443508,rowcol,0.5241395893132207,0.05357683249094284,0.074977636948455,0.25746160670289914,0.1002619078924035,0.3333807851675383,0.06938303146201913,0.16900540759641003,0.33243924365135413
False,-90.0,0.5000000000000007,174075200.51443508,rowcol,0.5241395893132207,0.05357683249094284,0.07497763694845498,0.2574616067028992,0.1002619078924035,0.3333807851675383,0.06938303146201913,0.16900540759641003,0.3324392436513542
False,-50.0,-0.39999999999999936,174075200.51443508,rowcol,0.49893653170925045,0.050201473478044496,0.10076616544215208,0.23074634562707125,0.19491123639990277,0.286062983432278,0.07127277006310313,0.17088457610999996,0.33304484195352746
False,70.0,-0.39999999999999936,174075200.51443508,rowcol,0.49893653170925045,0.050201473478044496,0.10076616544215208,0.23074634562707125,0.19491123639990277,0.286062983432278,0.07127277006310312,0.17088457610999996,0.33304484195352746
False,10.0,0.4000000000000007,174075200.51443508,rowcol,0.49893653157745693,0.0502014734441305,0.10076616615123926,0.23074634645331335,0.19491123781460465,0.2860629838893009,0.07127277054315206,0.17088457752054403,0.3330448449070311
True,-50.0,-0.19999999999999937,174075200.51443508,rowcol,0.48771241982751745,0.049333427383054844,0.10282463893872511,0.2246335268132403,0.2125533131951573,0.28234602601093367,0.06530674268039612,0.16079073881563605,0.3331074436294156
True,70.0,-0.19999999999999937,174075200.51443508,rowcol,0.48771241982751745,0.049333427383054844,0.10282463893872511,0.2246335268132403,0.2125533131951573,0.28234602601093367,0.06530674268039613,0.16079073881563605,0.3331074436294156
False,10.0,-0.19999999999999937,174075200.51443508,rowcol,0.4740113663327002,0.048500763320215856,0.10146589549952245,0.22880352717680766,0.1895769861169282,0.28818673040101006,0.07497302865579601,0.1628871523827989,0.333201213675375
False,-50.0,0.20000000000000065,174075200.51443508,rowcol,0.4740113662510752,0.04850076330012522,0.10146589563194998,0.22880352736809784,0.1895769863301992,0.2881867303018315,0.07497302876938855,0.1628871530250429,0.3332012142639478
False,70.0,0.20000000000000065,174075200.51443508,rowcol,0.4740113662510752,0.04850076330012522,0.10146589563194998,0.22880352736809784,0.1895769863301992,0.2881867303018315,0.07497302876938855,0.16288715302504286,0.3332012142639478
False,-90.0,-0.09999999999999937,174075200.51443508,rowcol,0.4736058476638178,0.04809549213243357,0.10428900086932684,0.22095615775773914,0.19983496252169247,0.2756343703543407,0.07469656072135936,0.16120329667738803,0.3338231603657197
False,30.0,-0.09999999999999937,174075200.51443508,rowcol,0.4736058476638178,0.04809549213243356,0.10428900086932684,0.22095615775773916,0.19983496252169247,0.27563437035434074,0.07469656072135936,0.16120329667738803,0.3338231603657197
False,-30.0,0.10000000000000064,174075200.51443508,rowcol,0.47360584772577946,0.0480954921244506,0.10428900106994596,0.220956157857642,0.19983496316909524,0.275634370202328,0.07469656073680861,0.1612032971480713,0.3338231610674799
False,90.0,0.10000000000000064,174075200.51443508,rowcol,0.4736058477257794,0.0480954921244506,0.10428900106994596,0.220956157857642,0.19983496316909524,0.275634370202328,0.07469656073680861,0.1612032971480713,0.3338231610674799
True,-60.0,0.6000000000000006,174075200.51443508,rowcol,0.49091345331800385,0.049886361455721034,0.09559396823380392,0.23856101586847114,0.09749892070108672,0.27901322419593844,0.09524263069480209,0.19825121319030542,0.33415498410227507
True,60.0,0.6000000000000006,174075200.51443508,rowcol,0.49091345331800385,0.049886361455721034,0.09559396823380391,0.23856101586847114,0.09749892070108672,0.27901322419593844,0.09524263069480207,0.19825121319030542,0.33415498410227507
True,-50.0,0.5000000000000007,174075200.51443508,rowcol,0.4692430848239096,0.04833509310581624,0.10007966402024793,0.23392636161389857,0.11095031761184311,0.28290474779035313,0.09796828959105233,0.18284723097870445,0.33416535367464234
True,70.0,0.5000000000000007,174075200.51443508,rowcol,0.4692430848239096,0.04833509310581624,0.10007966402024793,0.23392636161389857,0.11095031761184311,0.2829047477903531,0.09796828959105235,0.18284723097870448,0.33416535367464234
True,-10.0,-0.19999999999999937,174075200.51443508,rowcol,0.48771241997266646,0.049333425948105795,0.10282169468426829,0.22597815193975038,0.21255331087919466,0.2822495902808942,0.06530126322406922,0.16436214196106644,0.3344432359925552
False,0.0,0.30000000000000066,174075200.51443508,rowcol,0.4825162681889708,0.04908439475251048,0.10210093080870197,0.22883980196908651,0.19262534662250583,0.2874562956982003,0.0745749259159616,0.16406217442874305,0.3351425943951924
False,60.0,-0.2999999999999994,174075200.51443508,rowcol,0.4825162684165956,0.04908439474536029,0.10210093133764662,0.22883980210445987,0.192625348249374,0.28745629490276337,0.07457492600618058,0.164062175948452,0.3351425961173997
False,-60.0,-0.2999999999999994,174075200.51443508,rowcol,0.4825162684165956,0.04908439474536029,0.10210093133764662,0.22883980210445992,0.192625348249374,0.28745629490276337,0.07457492600618058,0.16406217594845196,0.3351425961173998
True,30.0,0.7000000000000006,174075200.51443508,rowcol,0.5399821445238361,0.054505991755282104,0.0926616270902733,0.2430749151047578,0.084624782951205,0.2984659161033941,0.09405260225055732,0.18400728890391602,0.3357365421950311
True,-90.0,0.7000000000000006,174075200.51443508,rowcol,0.5399821445238361,0.054505991755282104,0.09266162709027331,0.2430749151047578,0.084624782951205,0.2984659161033941,0.09405260225055734,0.184007288903916,0.33573654219503113
True,-90.0,-0.09999999999999937,174075200.51443508,rowcol,0.4737475237041193,0.04822501512980314,0.10366052120872878,0.22538889985422672,0.19765718535356755,0.2833835207756857,0.0747184793598462,0.1612013229246891,0.336370463480413
True,30.0,-0.09999999999999937,174075200.51443508,rowcol,0.4737475237041193,0.04822501512980314,0.10366052120872878,0.22538889985422672,0.19765718535356755,0.2833835207756857,0.0747184793598462,0.1612013229246891,0.336370463480413
False,-10.0,-0.39999999999999936,174075200.51443508,rowcol,0.4989365320012952,0.05020147057550447,0.10097921672735186,0.2338654695107489,0.19556246956649398,0.28680465367310476,0.07130408861827929,0.17751661378263026,0.33680311969280446
False,-70.0,0.4000000000000007,174075200.51443508,rowcol,0.4989365318695016,0.050201470541590416,0.10097921743995504,0.2338654704076661,0.1955624709910803,0.2868046541464048,0.07130408909921254,0.17751661531489454,0.3368031227275312
False,50.0,0.4000000000000007,174075200.51443508,rowcol,0.49893653186950154,0.05020147054159042,0.10097921743995504,0.23386547040766612,0.19556247099108032,0.2868046541464048,0.07130408909921254,0.17751661531489454,0.3368031227275312
True,20.0,0.7000000000000006,174075200.51443508,rowcol,0.5359385126026813,0.053606010022513674,0.09279589399336312,0.24423747068081317,0.08467813382187328,0.29085828208909803,0.09420024022429925,0.19665226928698684,0.3370333646741763
False,20.0,0.5000000000000007,174075200.51443508,rowcol,0.5184066490765131,0.052393623688492125,0.08868280680481148,0.2490566267191501,0.14660186528977043,0.3125596131760786,0.07335287327385968,0.1789857380951795,0.3377394335239616
False,-40.0,-0.49999999999999933,174075200.51443508,rowcol,0.5184066488394143,0.0523936236261258,0.08868280692637813,0.24905662709613355,0.14660186582866003,0.31255961274401317,0.07335287325130543,0.17898573969543735,0.33773943402251166
False,80.0,-0.49999999999999933,174075200.51443508,rowcol,0.5184066488394143,0.0523936236261258,0.08868280692637814,0.24905662709613355,0.14660186582866003,0.3125596127440131,0.07335287325130543,0.17898573969543738,0.3377394340225117
True,-80.0,0.7000000000000006,174075200.51443508,rowcol,0.5359385125200099,0.053606010849040105,0.09275092014735087,0.24592785991266242,0.08467839049411269,0.29061817335858725,0.09414781734339697,0.20078575885487196,0.3386787800600133
True,40.0,0.7000000000000006,174075200.51443508,rowcol,0.5359385125200099,0.053606010849040105,0.09275092014735085,0.24592785991266242,0.08467839049411267,0.29061817335858725,0.09414781734339697,0.20078575885487196,0.3386787800600133
False,-60.0,0.30000000000000066,174075200.51443508,rowcol,0.4825162685656008,0.049084391050109116,0.10230841506914529,0.23186326433504173,0.19318108607244094,0.28823416930429985,0.0746490460405334,0.1705993492654903,0.3387885095424776
False,60.0,0.30000000000000066,174075200.51443508,rowcol,0.4825162685656008,0.049084391050109116,0.1023084150691453,0.23186326433504173,0.19318108607244094,0.28823416930429985,0.0746490460405334,0.1705993492654903,0.33878850954247763
False,0.0,-0.2999999999999994,174075200.51443508,rowcol,0.48251626879322573,0.04908439104295893,0.10230841559701725,0.23186326446861769,0.19318108769462894,0.2882341685109529,0.07464904613066282,0.17059935072696572,0.3387885112596694
False,-80.0,0.5000000000000007,174075200.51443508,rowcol,0.518406649017288,0.05239362427449343,0.08880348051108665,0.250622213813792,0.14714658908304448,0.3130787061062699,0.07332666122947051,0.18221679399055876,0.3394256943248787
False,40.0,0.5000000000000007,174075200.51443508,rowcol,0.518406649017288,0.05239362427449343,0.08880348051108664,0.250622213813792,0.14714658908304445,0.3130787061062699,0.07332666122947051,0.18221679399055873,0.3394256943248787
False,-20.0,-0.49999999999999933,174075200.51443508,rowcol,0.518406648780189,0.052393624212127295,0.08880348062503036,0.25062221410654595,0.14714658960136212,0.31307870565799656,0.07332666120302515,0.1822167953795808,0.3394256947315763
True,-30.0,0.30000000000000066,174075200.51443508,rowcol,0.46480840609630836,0.047384759503801804,0.10403890866884972,0.22808741453076875,0.13907471847885702,0.2802799325096238,0.0962886432038254,0.17236565190410022,0.34020414053731796
True,90.0,0.30000000000000066,174075200.51443508,rowcol,0.46480840609630836,0.047384759503801804,0.10403890866884972,0.22808741453076875,0.13907471847885702,0.28027993250962374,0.09628864320382538,0.17236565190410022,0.34020414053731796
True,10.0,0.8000000000000006,174075200.51443508,rowcol,0.5247519764304266,0.05235048065009398,0.09836261334804784,0.24211209556174956,0.07295552058316382,0.27729104945073707,0.10231621179778179,0.2079703268606049,0.3404747089097974
True,-30.0,-0.2999999999999994,174075200.51443508,rowcol,0.49988729078950467,0.05065388314356544,0.10573791589741029,0.22589848603470938,0.22749572162470655,0.28569358528389677,0.061520485050280016,0.1590712723146558,0.3431122337269402
True,90.0,-0.2999999999999994,174075200.51443508,rowcol,0.49988729078950467,0.05065388314356544,0.10573791589741029,0.22589848603470938,0.22749572162470655,0.28569358528389677,0.061520485050280016,0.1590712723146558,0.3431122337269402
True,-60.0,-0.19999999999999937,174075200.51443508,rowcol,0.47977999588575865,0.04878835694821258,0.10598514795624728,0.22526325493478278,0.21255812876244917,0.28404809386175806,0.07102701333489624,0.1598889888905444,0.3432186988035246
True,60.0,-0.19999999999999937,174075200.51443508,rowcol,0.47977999588575865,0.04878835694821258,0.10598514795624728,0.22526325493478278,0.21255812876244917,0.28404809386175806,0.07102701333489624,0.1598889888905444,0.3432186988035246
True,0.0,0.7000000000000006,174075200.51443508,rowcol,0.49270054372060534,0.050064423324209774,0.10210230710588232,0.2379502552942347,0.08473143016359556,0.27879961115593355,0.10495932662609704,0.19714959160743545,0.3442571766118816
True,0.0,-0.19999999999999937,174075200.51443508,rowcol,0.4797799961382774,0.04878835446496809,0.1060010290440982,0.22705109336481516,0.2125581455605028,0.28409692077089377,0.07105501774491375,0.16440773339883777,0.34505418049710973
True,-70.0,0.8000000000000006,174075200.51443508,rowcol,0.524751977017262,0.05235047476775865,0.09835030246096235,0.24706651213869532,0.07295549359320466,0.2768980630784369,0.10230222274161943,0.21885298063501502,0.3454168145996577
True,50.0,0.8000000000000006,174075200.51443508,rowcol,0.5247519770172621,0.05235047476775865,0.09835030246096235,0.24706651213869532,0.07295549359320466,0.2768980630784369,0.10230222274161943,0.21885298063501502,0.3454168145996577
True,-20.0,0.4000000000000007,174075200.51443508,rowcol,0.46155799003685394,0.047413117622688246,0.1063166866982441,0.22716186867688534,0.12485365200165004,0.2819502315778825,0.10257747333888559,0.1677630548187597,0.3461119287716176
True,-40.0,0.4000000000000007,174075200.51443508,rowcol,0.46155798999100855,0.04741311806898445,0.1062942588822346,0.2282016208916159,0.1248537514760653,0.2818087145824472,0.10254996797832779,0.17053792070145118,0.34708439753831966
True,80.0,0.4000000000000007,174075200.51443508,rowcol,0.46155798999100855,0.04741311806898445,0.1062942588822346,0.2282016208916159,0.12485375147606528,0.2818087145824472,0.10254996797832779,0.17053792070145118,0.34708439753831966
False,90.0,-0.5999999999999993,174075200.51443508,rowcol,0.532565869789643,0.0544925473368359,0.08164662136706193,0.267813112190264,0.08497931755971887,0.346742033339391,0.08102437264459937,0.17587120181836333,0.3494597335573259
False,-30.0,-0.5999999999999993,174075200.51443508,rowcol,0.532565869789643,0.0544925473368359,0.08164662136706193,0.26781311219026405,0.08497931755971888,0.346742033339391,0.08102437264459937,0.17587120181836335,0.34945973355732596
False,-90.0,0.6000000000000006,174075200.51443508,rowcol,0.5325658701480214,0.054492547283714624,0.08164662359907202,0.2678131117672894,0.0849793208622044,0.34674203074827914,0.08102437467236707,0.1758712049288267,0.34945973536636143
False,30.0,0.6000000000000006,174075200.51443508,rowcol,0.5325658701480214,0.054492547283714624,0.08164662359907202,0.2678131117672894,0.0849793208622044,0.34674203074827914,0.08102437467236707,0.1758712049288267,0.34945973536636143
True,60.0,0.7000000000000006,174075200.51443508,rowcol,0.4927005445812436,0.050064414854383066,0.10215999273293994,0.24382504261211396,0.08473157765266222,0.2789736830925429,0.10502564676256174,0.20975440540340964,0.35030502081093373
True,-60.0,0.7000000000000006,174075200.51443508,rowcol,0.4927005445812436,0.050064414854383066,0.10215999273293994,0.243825042612114,0.08473157765266222,0.2789736830925429,0.10502564676256175,0.20975440540340964,0.3503050208109338
True,-40.0,-0.2999999999999994,174075200.51443508,rowcol,0.4981117183775318,0.05025829588784568,0.10745245566590333,0.22806345608146963,0.22751663446846185,0.2848885169722028,0.06492446430906831,0.16582923395115692,0.3504208230791796
True,80.0,-0.2999999999999994,174075200.51443508,rowcol,0.49811171837753176,0.05025829588784568,0.10745245566590333,0.22806345608146963,0.22751663446846185,0.2848885169722028,0.06492446430906831,0.16582923395115692,0.3504208230791796
True,-20.0,-0.2999999999999994,174075200.51443508,rowcol,0.49811171834168716,0.05025829624310368,0.10743581299565597,0.2288406444393947,0.22751667540969198,0.28478348090867783,0.06489186751551862,0.1679386576902183,0.35114808342636256
False,-20.0,0.20000000000000065,174075200.51443508,rowcol,0.46757368958486906,0.04768760460927281,0.11014337469427761,0.22093730131800118,0.2030673102010423,0.2767424340066277,0.08262193989478629,0.15955067982155957,0.351367425400834
False,-80.0,-0.19999999999999937,174075200.51443508,rowcol,0.4675736894961825,0.04768760458458827,0.11014337499901314,0.22093730169275858,0.2030673107351858,0.2767424341982806,0.0826219401357813,0.15955068049736493,0.351367426689798
False,40.0,-0.19999999999999937,174075200.51443508,rowcol,0.4675736894961825,0.04768760458458827,0.11014337499901314,0.22093730169275858,0.2030673107351858,0.27674243419828054,0.0826219401357813,0.15955068049736493,0.351367426689798
False,-40.0,0.20000000000000065,174075200.51443508,rowcol,0.4675736895614329,0.047687604839062835,0.11018225887093294,0.22164562562274076,0.20322484390210085,0.2769793201323645,0.08261263254222798,0.16100696757605626,0.3521924022355396
False,80.0,0.20000000000000065,174075200.51443508,rowcol,0.4675736895614329,0.047687604839062835,0.11018225887093296,0.22164562562274073,0.20322484390210083,0.2769793201323645,0.08261263254222798,0.16100696757605626,0.3521924022355396
False,20.0,-0.19999999999999937,174075200.51443508,rowcol,0.46757368947274636,0.04768760481437822,0.11018225917796522,0.22164562603363927,0.2032248444412106,0.2769793203320429,0.08261263278462874,0.16100696832853031,0.3521924035675349
False,20.0,0.6000000000000006,174075200.51443508,rowcol,0.5257216155435946,0.05308544907708143,0.09531872907348601,0.25733836469421306,0.14296923167153772,0.32144351567693474,0.08376138556100961,0.1871360063013,0.35265709376769905
False,-40.0,-0.5999999999999993,174075200.51443508,rowcol,0.5257216152567595,0.05308544900199988,0.09531872907649519,0.2573383650320996,0.14296923210094037,0.32144351500808716,0.08376138543146039,0.18713600812289594,0.3526570941085948
False,80.0,-0.5999999999999993,174075200.51443508,rowcol,0.5257216152567595,0.05308544900199988,0.09531872907649519,0.25733836503209967,0.1429692321009404,0.32144351500808716,0.08376138543146038,0.18713600812289594,0.35265709410859486
True,-70.0,-0.19999999999999937,174075200.51443508,rowcol,0.47172554484638457,0.04823538844846993,0.10926043864203631,0.22618557717470836,0.21256303461828613,0.2861296004584888,0.07666781133607406,0.1591632242387075,0.3539668931008173
True,50.0,-0.19999999999999937,174075200.51443508,rowcol,0.47172554484638457,0.04823538844846993,0.10926043864203631,0.22618557717470836,0.21256303461828613,0.2861296004584888,0.07666781133607406,0.15916322423870752,0.3539668931008173
True,-10.0,0.6000000000000006,174075200.51443508,rowcol,0.466943864133963,0.048225716111109804,0.10661220461124761,0.2343343230297886,0.0975182503455864,0.28366521555905916,0.10818750247324423,0.18281808198865052,0.3541709368635314
False,-80.0,0.6000000000000006,174075200.51443508,rowcol,0.5257216154724347,0.053085449781799236,0.09545345264347743,0.25915284552479223,0.14363918452689378,0.3220437536874153,0.08373384012092192,0.1908412020690844,0.35460629816826966
False,40.0,0.6000000000000006,174075200.51443508,rowcol,0.5257216154724347,0.053085449781799236,0.09545345264347743,0.25915284552479223,0.14363918452689378,0.3220437536874153,0.0837338401209219,0.19084120206908434,0.35460629816826966
False,-20.0,-0.5999999999999993,174075200.51443508,rowcol,0.5257216151855997,0.053085449706717906,0.09545345263815648,0.25915284576570796,0.14363918493145697,0.3220437530007925,0.08373383998724954,0.19084120364579885,0.35460629840386443
True,10.0,-0.19999999999999937,174075200.51443508,rowcol,0.4717255449876978,0.04823538706647458,0.10925766767347336,0.22752103761497822,0.21256303230242463,0.28603444034995007,0.07666314366603189,0.16277036070524273,0.35529404063539827
False,-70.0,-0.2999999999999994,174075200.51443508,rowcol,0.47012177792986787,0.04827118718229408,0.1081832209915293,0.23130755211929793,0.19547600164656434,0.29270449746700206,0.08289693700143023,0.16262302393291758,0.3558572150938858
False,50.0,-0.2999999999999994,174075200.51443508,rowcol,0.47012177792986787,0.04827118718229408,0.1081832209915293,0.23130755211929793,0.19547600164656434,0.29270449746700206,0.08289693700143025,0.16262302393291758,0.3558572150938858
False,-10.0,0.30000000000000066,174075200.51443508,rowcol,0.47012177780332626,0.04827118715129682,0.1081832211298375,0.23130755240298587,0.19547600184315017,0.29270449724210695,0.08289693713033033,0.16262302501618792,0.35585721579249835
True,-50.0,-0.2999999999999994,174075200.51443508,rowcol,0.4906737342796263,0.049508423123164204,0.1099110834777183,0.22638786463098964,0.22752993056698742,0.28265979788043205,0.06961258430577416,0.16480667548203334,0.35612111506414457
True,70.0,-0.2999999999999994,174075200.51443508,rowcol,0.4906737342796263,0.049508423123164204,0.1099110834777183,0.22638786463098964,0.22752993056698742,0.28265979788043205,0.06961258430577416,0.16480667548203334,0.35612111506414457
True,-50.0,0.6000000000000006,174075200.51443508,rowcol,0.46694386453571063,0.048225712221201235,0.10660368453593529,0.2381812480232859,0.09751823520178823,0.2833771567132132,0.1081775784723268,0.1921099817713787,0.35799230163109175
True,70.0,0.6000000000000006,174075200.51443508,rowcol,0.46694386453571063,0.048225712221201235,0.1066036845359353,0.2381812480232859,0.09751823520178826,0.2833771567132132,0.1081775784723268,0.1921099817713787,0.3579923016310918
True,20.0,0.8000000000000006,174075200.51443508,rowcol,0.5436535744302006,0.05427310417291483,0.10238634554630376,0.25086672247226377,0.07292421019354081,0.29486292394244923,0.1068851590413162,0.2067412105424296,0.35802575911117507
True,-10.0,-0.2999999999999994,174075200.51443508,rowcol,0.49067373449919205,0.04950842094706711,0.10990695187485372,0.2283863385642602,0.22752992732170757,0.2825152925987466,0.06960487351093941,0.1700091642956249,0.35810719418882136
False,-50.0,-0.49999999999999933,174075200.51443508,rowcol,0.5033378612956104,0.050537597494966204,0.10745775292783652,0.23626231342628873,0.2028205926579438,0.2906108904327578,0.07844565853310234,0.17815248299734096,0.35863557220979825
False,70.0,-0.49999999999999933,174075200.51443508,rowcol,0.5033378612956104,0.050537597494966204,0.10745775292783652,0.23626231342628873,0.20282059265794383,0.2906108904327578,0.07844565853310234,0.17815248299734096,0.35863557220979825
False,10.0,0.5000000000000007,174075200.51443508,rowcol,0.5033378611371209,0.05053759745377621,0.1074577538454262,0.23626231451976917,0.20282059455753573,0.29061089111887783,0.0784456591239258,0.17815248472579356,0.3586355760560478
False,10.0,-0.2999999999999994,174075200.51443508,rowcol,0.4701217781392666,0.04827118514292179,0.10833210884330963,0.23364649210973956,0.19596322179178016,0.2932505833941334,0.0829171335850147,0.16786667899450405,0.35864281863966846
False,-50.0,0.30000000000000066,174075200.51443508,rowcol,0.470121778012725,0.048271185111924575,0.10833210897792381,0.2336464923296404,0.19596322197695307,0.29325058315751534,0.08291713371317706,0.16786667990560344,0.3586428192634118
False,70.0,0.30000000000000066,174075200.51443508,rowcol,0.470121778012725,0.048271185111924575,0.10833210897792381,0.23364649232964038,0.19596322197695307,0.29325058315751534,0.08291713371317706,0.16786667990560344,0.3586428192634118
True,-80.0,0.8000000000000006,174075200.51443508,rowcol,0.5436535743356694,0.054273105119835095,0.10233976200377783,0.25274700876601597,0.0729245508134546,0.2945922282999039,0.10683235901750239,0.21123309825943207,0.35976629477734945
True,40.0,0.8000000000000006,174075200.51443508,rowcol,0.5436535743356693,0.054273105119835095,0.10233976200377783,0.25274700876601597,0.07292455081345459,0.2945922282999039,0.10683235901750239,0.21123309825943207,0.35976629477734945
False,0.0,0.4000000000000007,174075200.51443508,rowcol,0.48289802905262424,0.049145225179047465,0.1087692663543649,0.23368454638254058,0.20004760987967327,0.29191593006628325,0.0818084920781164,0.16990812248337922,0.35999234544563524
False,-60.0,-0.39999999999999936,174075200.51443508,rowcol,0.4828980293558841,0.049145225169553004,0.10876926701638696,0.23368454656118307,0.20004761196834966,0.2919159290252097,0.08180849218777207,0.1699081244399405,0.35999234761034393
False,60.0,-0.39999999999999936,174075200.51443508,rowcol,0.4828980293558841,0.049145225169553004,0.10876926701638696,0.23368454656118307,0.20004761196834966,0.2919159290252097,0.08180849218777207,0.1699081244399405,0.35999234761034393
True,-90.0,0.8000000000000006,174075200.51443508,rowcol,0.5482635775961999,0.05529430730926872,0.10339581495584214,0.2501485822899284,0.07286372379306136,0.3042783160361725,0.10803536585445252,0.1932236887636282,0.36033602715745483
True,30.0,0.8000000000000006,174075200.51443508,rowcol,0.5482635775961999,0.05529430730926872,0.10339581495584214,0.2501485822899284,0.07286372379306136,0.30427831603617256,0.10803536585445252,0.1932236887636282,0.36033602715745483
False,-10.0,-0.49999999999999933,174075200.51443508,rowcol,0.5033378616626023,0.05053759383984775,0.10770745714799744,0.24006112195166776,0.20360268807441725,0.2915156605390364,0.07848122700757437,0.1860821472299156,0.36318349339566003
False,-70.0,0.5000000000000007,174075200.51443508,rowcol,0.5033378615041127,0.05053759379865769,0.10770745806933359,0.24006112312759437,0.20360268998423614,0.2915156612449785,0.07848122759937386,0.18608214909269957,0.3631834973355951
False,50.0,0.5000000000000007,174075200.51443508,rowcol,0.5033378615041127,0.05053759379865769,0.10770745806933359,0.24006112312759437,0.20360268998423617,0.2915156612449785,0.07848122759937384,0.18608214909269957,0.3631834973355951
False,-60.0,0.4000000000000007,174075200.51443508,rowcol,0.4828980295544007,0.04914522024862255,0.10902890564376191,0.23762325308737828,0.20076086112126793,0.29293355362556167,0.0818985757422919,0.1782856077791724,0.364709970018664
False,60.0,0.4000000000000007,174075200.51443508,rowcol,0.4828980295544007,0.04914522024862255,0.10902890564376191,0.23762325308737828,0.20076086112126793,0.29293355362556167,0.0818985757422919,0.17828560777917238,0.364709970018664
False,0.0,-0.39999999999999936,174075200.51443508,rowcol,0.4828980298576605,0.04914522023912808,0.10902890630420747,0.23762325326293207,0.20076086320252381,0.29293355258787795,0.08189857585182697,0.17828560964379667,0.3647099721755545
True,-80.0,-0.19999999999999937,174075200.51443508,rowcol,0.4666555421819335,0.04771938197248641,0.11337414807406979,0.2262120800567229,0.2125721172081242,0.2859590906810645,0.08342687867568863,0.1594899397640878,0.3663345242789322
True,40.0,-0.19999999999999937,174075200.51443508,rowcol,0.4666555421819335,0.04771938197248641,0.11337414807406979,0.22621208005672291,0.21257211720812422,0.2859590906810645,0.08342687867568863,0.1594899397640878,0.36633452427893226
True,20.0,-0.19999999999999937,174075200.51443508,rowcol,0.46665554215845123,0.047719382202123344,0.1133636328333767,0.22673473066821295,0.21257214642114475,0.28588933314806325,0.08340996960911272,0.1609546874398544,0.36682562916834305
True,-30.0,0.4000000000000007,174075200.51443508,rowcol,0.45922566955480976,0.04684965989679057,0.11229756694313912,0.2311565743442186,0.1248838133875382,0.2801421922073557,0.10984808178942146,0.17991580916258798,0.36804927517363595
True,90.0,0.4000000000000007,174075200.51443508,rowcol,0.45922566955480976,0.04684965989679057,0.11229756694313912,0.2311565743442186,0.1248838133875382,0.2801421922073557,0.10984808178942146,0.17991580916258798,0.36804927517363595
True,10.0,0.9000000000000006,174075200.51443508,rowcol,0.5302458596929917,0.05279460955090847,0.10682938374909119,0.24801089973804058,0.06279909116404948,0.27801246245479855,0.11302176086368758,0.2196299419011542,0.3684990509853141
False,-30.0,-0.6999999999999993,174075200.51443508,rowcol,0.5409931486814891,0.05540879727751073,0.09088095618930493,0.2790754836485962,0.07074322308014494,0.3608864176639803,0.0940883555027852,0.18399016172074895,0.3699564398379011
False,90.0,-0.6999999999999993,174075200.51443508,rowcol,0.5409931486814891,0.05540879727751073,0.09088095618930493,0.2790754836485962,0.07074322308014494,0.3608864176639803,0.09408835550278519,0.18399016172074895,0.3699564398379011
False,-90.0,0.7000000000000006,174075200.51443508,rowcol,0.5409931490976395,0.05540879721478288,0.09088095863271113,0.27907548302829194,0.07074322654078699,0.3608864144606734,0.09408835781880842,0.18399016527263573,0.36995644166100305
False,30.0,0.7000000000000006,174075200.51443508,rowcol,0.5409931490976395,0.05540879721478288,0.09088095863271112,0.27907548302829194,0.07074322654078699,0.3608864144606734,0.09408835781880842,0.18399016527263576,0.36995644166100305
True,-60.0,-0.2999999999999994,174075200.51443508,rowcol,0.4787952160214923,0.048693059338379675,0.11425834825504863,0.22746619764114223,0.22753700459025453,0.28525425727949255,0.07744342373569067,0.16377756907587745,0.3702412424062881
True,60.0,-0.2999999999999994,174075200.51443508,rowcol,0.4787952160214923,0.048693059338379675,0.11425834825504863,0.22746619764114223,0.22753700459025453,0.28525425727949255,0.07744342373569067,0.16377756907587745,0.3702412424062881
False,-90.0,-0.19999999999999937,174075200.51443508,rowcol,0.46518812594593906,0.047184427739093975,0.11692834283608369,0.22008495890112842,0.21694139240041327,0.27081133683135694,0.087095986107484,0.16581791461386117,0.3708699874093795
False,30.0,-0.19999999999999937,174075200.51443508,rowcol,0.46518812594593906,0.047184427739093975,0.11692834283608368,0.22008495890112842,0.21694139240041327,0.27081133683135694,0.08709598610748401,0.16581791461386117,0.3708699874093795
False,-30.0,0.20000000000000065,174075200.51443508,rowcol,0.46518812607059107,0.047184427723416265,0.11692834317085822,0.2200849591548914,0.21694139370190454,0.2708113366356928,0.0870959860479402,0.16581791550267092,0.370869988667466
False,90.0,0.20000000000000065,174075200.51443508,rowcol,0.46518812607059107,0.047184427723416265,0.11692834317085822,0.22008495915489137,0.21694139370190454,0.2708113366356928,0.0870959860479402,0.1658179155026709,0.370869988667466
True,-30.0,-0.39999999999999936,174075200.51443508,rowcol,0.5059731360439703,0.05120766112764192,0.1143938809396969,0.22827258186171126,0.24251323310212097,0.28734119091149046,0.06892718936578131,0.16277192841293625,0.3714542246808019
True,90.0,-0.39999999999999936,174075200.51443508,rowcol,0.5059731360439703,0.05120766112764192,0.1143938809396969,0.22827258186171126,0.24251323310212097,0.28734119091149046,0.06892718936578131,0.1627719284129362,0.3714542246808019
True,0.0,0.8000000000000006,174075200.51443508,rowcol,0.4945726017039842,0.0502512525478894,0.109856205287183,0.24320411905738287,0.0729846579572892,0.27886759356635465,0.11531366020824244,0.20854244545357303,0.3727727349189318
True,0.0,-0.2999999999999994,174075200.51443508,rowcol,0.47879521640104933,0.04869305560622293,0.11428044453283402,0.23011707570460044,0.22753702812859816,0.2853271849010939,0.0774819479949198,0.17035613631964613,0.37295840930310253
True,-70.0,0.9000000000000006,174075200.51443508,rowcol,0.5302458603551035,0.052794602900947785,0.10681663186758258,0.2534481139290421,0.06279905588965287,0.2775714627175622,0.11300751412952499,0.23122044855636242,0.37389800953178987
True,50.0,0.9000000000000006,174075200.51443508,rowcol,0.5302458603551035,0.052794602900947785,0.10681663186758258,0.2534481139290421,0.06279905588965287,0.2775714627175623,0.11300751412952499,0.23122044855636242,0.37389800953178987
True,-20.0,0.5000000000000007,174075200.51443508,rowcol,0.45663242008925026,0.047028628125540144,0.11464357094091684,0.23000282886770093,0.11097246448133297,0.28258542529734354,0.11530014119522225,0.1738790534876003,0.37393354169045145
True,-40.0,0.5000000000000007,174075200.51443508,rowcol,0.45663242003236004,0.047028628677924574,0.11461757222497404,0.2312858240149298,0.11097260437798664,0.2824089158476013,0.11526955336787756,0.17722118753778565,0.3751385406898519
True,80.0,0.5000000000000007,174075200.51443508,rowcol,0.45663242003236004,0.047028628677924574,0.11461757222497404,0.2312858240149298,0.11097260437798662,0.2824089158476013,0.11526955336787756,0.17722118753778565,0.3751385406898519
True,-90.0,-0.19999999999999937,174075200.51443508,rowcol,0.4654706760716667,0.047443615003659075,0.11571453108055742,0.22851201391185738,0.2125861790790656,0.28568459807021507,0.08713689938819362,0.16581427585720512,0.37565560715352964
True,30.0,-0.19999999999999937,174075200.51443508,rowcol,0.4654706760716667,0.047443615003659075,0.11571453108055742,0.22851201391185738,0.2125861790790656,0.2856845980702151,0.08713689938819362,0.16581427585720515,0.37565560715352964
False,-40.0,-0.6999999999999993,174075200.51443508,rowcol,0.533048224906004,0.05378202376394419,0.10375273980502671,0.2664902697292775,0.14082881788256083,0.33112652372909174,0.09545525372348462,0.1962945865521736,0.37774848914435755
False,80.0,-0.6999999999999993,174075200.51443508,rowcol,0.533048224906004,0.05378202376394419,0.10375273980502671,0.2664902697292774,0.14082881788256085,0.3311265237290917,0.09545525372348464,0.19629458655217363,0.37774848914435755
False,20.0,0.7000000000000006,174075200.51443508,rowcol,0.533048225243266,0.053782023851856355,0.10375273994404909,0.2664902694632171,0.1408288176507657,0.3311265246766765,0.0954552539644701,0.1962945845429056,0.3777484892953643
True,-40.0,-0.39999999999999936,174075200.51443508,rowcol,0.5036024114767756,0.05068512922519617,0.11599775974130752,0.23111053902291256,0.24254091548111137,0.28635427848424094,0.0720096231035236,0.17137961918626266,0.37910381824683514
True,80.0,-0.39999999999999936,174075200.51443508,rowcol,0.5036024114767756,0.05068512922519617,0.11599775974130752,0.23111053902291256,0.24254091548111142,0.28635427848424094,0.0720096231035236,0.17137961918626266,0.37910381824683514
True,-60.0,0.8000000000000006,174075200.51443508,rowcol,0.49457260268384773,0.050251242904075885,0.10991747870334448,0.249765697051973,0.07298485364544026,0.27906647559588926,0.115382650014809,0.22215221738116225,0.37951813316200644
True,60.0,0.8000000000000006,174075200.51443508,rowcol,0.49457260268384773,0.050251242904075885,0.10991747870334448,0.249765697051973,0.07298485364544026,0.27906647559588926,0.115382650014809,0.22215221738116225,0.37951813316200644
True,-20.0,-0.39999999999999936,174075200.51443508,rowcol,0.5036024114287533,0.050685129702342124,0.11597720397838035,0.23213261071759977,0.24254096668792588,0.28621493904759737,0.07197043620724101,0.17409686480898978,0.3800642226527408
False,-20.0,-0.6999999999999993,174075200.51443508,rowcol,0.5330482248228843,0.05378202458776589,0.10389714194526385,0.2685300151345974,0.14162193481171506,0.33179948933454645,0.0954270547170214,0.20041321922597685,0.3802214409703889
False,-80.0,0.7000000000000006,174075200.51443508,rowcol,0.5330482251601463,0.053782024675677796,0.10389714209301706,0.26853001497668766,0.14162193460824032,0.3317994903010609,0.09542705496225536,0.20041321749075963,0.38022144125573887
False,40.0,0.7000000000000006,174075200.51443508,rowcol,0.5330482251601462,0.05378202467567779,0.10389714209301705,0.2685300149766877,0.1416219346082403,0.3317994903010609,0.09542705496225534,0.20041321749075963,0.38022144125573887
True,-10.0,0.7000000000000006,174075200.51443508,rowcol,0.46473344327510635,0.04812483473205014,0.11433225556827112,0.23868050169095173,0.08475548246554705,0.28428206887297514,0.11893354996550674,0.19212635864053312,0.3816772683957651
True,-50.0,-0.39999999999999936,174075200.51443508,rowcol,0.49371157946579725,0.04969127425901894,0.11808886254718319,0.22889453936858917,0.24255860447308986,0.2830714471934943,0.07591143619081187,0.17048873307281961,0.3831611270101387
True,70.0,-0.39999999999999936,174075200.51443508,rowcol,0.49371157946579725,0.04969127425901894,0.11808886254718319,0.22889453936858917,0.24255860447308986,0.2830714471934943,0.07591143619081187,0.17048873307281961,0.3831611270101387
False,-20.0,0.30000000000000066,174075200.51443508,rowcol,0.4603724938950447,0.047036196685062,0.12070570746662462,0.22164656468382474,0.21403718999383023,0.27582528014038266,0.09420779698716346,0.16266691879020806,0.3837636870836986
False,-80.0,-0.2999999999999994,174075200.51443508,rowcol,0.4603724937635169,0.04703619664802264,0.12070570793613028,0.22164656528889048,0.21403719083203165,0.27582528050141736,0.09420779735125405,0.16266691979316955,0.3837636890972813
False,40.0,-0.2999999999999994,174075200.51443508,rowcol,0.4603724937635169,0.04703619664802263,0.12070570793613028,0.22164656528889048,0.21403719083203165,0.27582528050141736,0.09420779735125404,0.16266691979316952,0.3837636890972813
False,-40.0,0.30000000000000066,174075200.51443508,rowcol,0.4603724938599563,0.047036197028493515,0.12075892757257459,0.22270441060760074,0.2142613491989989,0.2761809868382982,0.09419555282025913,0.16480522534045938,0.3849811933253245
False,80.0,0.30000000000000066,174075200.51443508,rowcol,0.4603724938599563,0.047036197028493515,0.12075892757257459,0.22270441060760077,0.2142613491989989,0.2761809868382982,0.09419555282025914,0.1648052253404594,0.38498119332532454
False,20.0,-0.2999999999999994,174075200.51443508,rowcol,0.4603724937284286,0.04703619699145404,0.12075892804516385,0.22270441126558466,0.2142613500439782,0.2761809872112761,0.09419555318621066,0.16480522645171825,0.3849811954010762
True,-70.0,-0.2999999999999994,174075200.51443508,rowcol,0.466640220251358,0.047859865063608634,0.11886070247663666,0.22886155451704798,0.22754421326300442,0.2885880282019688,0.08523701349977199,0.162439101238841,0.38544366194695795
True,50.0,-0.2999999999999994,174075200.51443508,rowcol,0.466640220251358,0.04785986506360863,0.11886070247663666,0.22886155451704798,0.22754421326300442,0.2885880282019688,0.08523701349977199,0.16243910123884103,0.38544366194695795
True,-10.0,-0.39999999999999936,174075200.51443508,rowcol,0.49371157976093266,0.04969127132667743,0.11808373528598536,0.231526487231916,0.24255860041414887,0.2828790374618643,0.07590200827559128,0.17716914467618006,0.3857776930898721
False,-70.0,-0.39999999999999936,174075200.51443508,rowcol,0.46631295883076174,0.0480582192248859,0.11635385573459454,0.23681668611998583,0.2034959009829483,0.29889672086354496,0.09196566360494779,0.16767010819666692,0.38587825332376946
False,50.0,-0.39999999999999936,174075200.51443508,rowcol,0.46631295883076174,0.048058219224885894,0.11635385573459454,0.23681668611998583,0.2034959009829483,0.29889672086354496,0.09196566360494779,0.16767010819666692,0.38587825332376946
False,-10.0,0.4000000000000007,174075200.51443508,rowcol,0.4663129586565063,0.048058219182272106,0.11635385584220129,0.23681668639957862,0.2034959010751236,0.29889672043513926,0.09196566372872896,0.16767010956592687,0.38587825392618247
True,70.0,0.7000000000000006,174075200.51443508,rowcol,0.4647334437382656,0.0481248302593991,0.11432298653789395,0.24308243905905336,0.08475546213730982,0.28394670189347043,0.11892301795487156,0.20242768966372154,0.3860513986727352
True,-50.0,0.7000000000000006,174075200.51443508,rowcol,0.4647334437382656,0.0481248302593991,0.11432298653789398,0.24308243905905336,0.0847554621373098,0.28394670189347043,0.11892301795487156,0.20242768966372157,0.3860513986727353
True,10.0,-0.2999999999999994,174075200.51443508,rowcol,0.46664022046231896,0.04785986300670935,0.11885688167354083,0.23083863038275443,0.22754421001792163,0.28844649284254165,0.08523071575940627,0.16771509038555224,0.3874092754033769
False,10.0,-0.39999999999999936,174075200.51443508,rowcol,0.4663129591078124,0.04805821653664036,0.11653841311596129,0.23985716892426598,0.20411974708630629,0.2996070727719388,0.09198993659031829,0.1744244832250336,0.3894724082721498
False,-50.0,0.4000000000000007,174075200.51443508,rowcol,0.4663129589335569,0.04805821649402663,0.11653841321905468,0.2398571691215597,0.20411974716421635,0.299607072329411,0.0919899367132179,0.1744244843637615,0.3894724087787237
False,70.0,0.4000000000000007,174075200.51443508,rowcol,0.4663129589335569,0.04805821649402663,0.11653841321905468,0.2398571691215597,0.20411974716421635,0.299607072329411,0.0919899367132179,0.17442448436376148,0.3894724087787237
False,-50.0,-0.5999999999999993,174075200.51443508,rowcol,0.5078050031597864,0.05088868627525082,0.11552209871485258,0.24311436908642156,0.2123278873124002,0.29650983609284803,0.08694961935428955,0.18674248837650334,0.3896806652309793
False,70.0,-0.5999999999999993,174075200.51443508,rowcol,0.5078050031597864,0.05088868627525082,0.11552209871485258,0.24311436908642156,0.2123278873124002,0.29650983609284803,0.08694961935428953,0.18674248837650334,0.3896806652309793
False,10.0,0.6000000000000006,174075200.51443508,rowcol,0.5078050029769956,0.0508886862270518,0.11552209983556552,0.24311437044968676,0.21232788971929703,0.296509837025994,0.08694962004333755,0.1867424903978278,0.3896806699563833
False,0.0,0.5000000000000007,174075200.51443508,rowcol,0.4833884214580332,0.04922394809703018,0.11679333975683868,0.2399445772108796,0.20922834127129675,0.29765195530985333,0.09026388352001104,0.177434895423929,0.3903245964813956
False,-60.0,-0.49999999999999933,174075200.51443508,rowcol,0.4833884218367235,0.04922394808522115,0.11679334052751252,0.23994457743077005,0.20922834376758098,0.2976519540378479,0.09026388364424076,0.17743489776588417,0.3903245990133076
False,60.0,-0.49999999999999933,174075200.51443508,rowcol,0.4833884218367235,0.04922394808522115,0.11679334052751252,0.23994457743077005,0.20922834376758098,0.2976519540378479,0.09026388364424075,0.17743489776588417,0.3903245990133076
False,-10.0,-0.5999999999999993,174075200.51443508,rowcol,0.5078050036024022,0.050888681858503024,0.11580081393679079,0.24753413803314,0.21322421502389913,0.29756341546481707,0.0869881274303928,0.19580261031763677,0.3949365798435124
False,-70.0,0.6000000000000006,174075200.51443508,rowcol,0.5078050034196113,0.050888681810303905,0.11580081506136222,0.24753413948861483,0.21322421744075787,0.2975634164213122,0.08698812812048232,0.19580261248262557,0.3949365846727015
False,50.0,0.6000000000000006,174075200.51443508,rowcol,0.5078050034196113,0.050888681810303905,0.11580081506136222,0.24753413948861483,0.21322421744075787,0.2975634164213122,0.0869881281204823,0.19580261248262554,0.3949365846727015
False,-60.0,0.5000000000000007,174075200.51443508,rowcol,0.48338842208461735,0.049223941943855376,0.11709556103806118,0.24472789833055275,0.2100805683913128,0.29889139878101356,0.09036593846004688,0.18742832478924576,0.3960145814447363
False,60.0,0.5000000000000007,174075200.51443508,rowcol,0.48338842208461735,0.049223941943855376,0.11709556103806121,0.24472789833055275,0.2100805683913128,0.29889139878101356,0.09036593846004688,0.18742832478924576,0.39601458144473634
False,0.0,-0.49999999999999933,174075200.51443508,rowcol,0.48338842246330765,0.04922394193204635,0.11709556180674592,0.24472789854589938,0.21008057087747045,0.2988913975138418,0.09036593858413633,0.1874283270063311,0.3960145839661371
False,-30.0,-0.7999999999999993,174075200.51443508,rowcol,0.5494213797600072,0.05632555624133048,0.10198616574725196,0.29114303459694607,0.05832501337369409,0.37572550561852214,0.10806023253168316,0.19320436550431094,0.3971015318387019
False,90.0,-0.7999999999999993,174075200.51443508,rowcol,0.5494213797600072,0.05632555624133048,0.10198616574725196,0.29114303459694607,0.058325013373694085,0.37572550561852214,0.10806023253168316,0.19320436550431094,0.3971015318387019
False,-90.0,0.8000000000000006,174075200.51443508,rowcol,0.5494213802334386,0.05632555616880957,0.1019861683415469,0.29114303375665,0.05832501655227932,0.3757255017741615,0.10806023511373436,0.1932043694605069,0.39710153878129073
False,30.0,0.8000000000000006,174075200.51443508,rowcol,0.5494213802334386,0.05632555616880957,0.10198616834154692,0.29114303375665,0.05832501655227932,0.3757255017741615,0.10806023511373436,0.19320436946050687,0.39710153878129073
True,20.0,0.9000000000000006,174075200.51443508,rowcol,0.5513715056135975,0.05494245801608843,0.11324069136294047,0.2582431651410883,0.06276796265636432,0.29949154112301896,0.12017799936652196,0.2175822179755683,0.3979652392299097
True,-80.0,0.9000000000000006,174075200.51443508,rowcol,0.5513715055071959,0.05494245908387493,0.11319330898105295,0.2602975956380636,0.06276840785695617,0.29919170258448774,0.12012517095817327,0.22238301026095533,0.39987752258122244
True,40.0,0.9000000000000006,174075200.51443508,rowcol,0.5513715055071959,0.05494245908387492,0.11319330898105298,0.2602975956380636,0.06276840785695614,0.29919170258448774,0.12012517095817327,0.2223830102609553,0.39987752258122256
True,-60.0,-0.39999999999999936,174075200.51443508,rowcol,0.4779030215752681,0.048607298680624786,0.1233848425108747,0.23050198919159445,0.24256786000895092,0.28658420809063906,0.08528583004727995,0.1695376817786719,0.40065651672421854
True,60.0,-0.39999999999999936,174075200.51443508,rowcol,0.4779030215752681,0.048607298680624786,0.1233848425108747,0.23050198919159445,0.24256786000895092,0.28658420809063906,0.08528583004727995,0.1695376817786719,0.40065651672421854
True,-30.0,0.5000000000000007,174075200.51443508,rowcol,0.4537258312420341,0.0463176064972683,0.12216724492169848,0.23494307037988882,0.11101071312877418,0.28022545224525863,0.12409281144427298,0.18862554104903592,0.40144480514498426
True,90.0,0.5000000000000007,174075200.51443508,rowcol,0.4537258312420341,0.04631760649726829,0.12216724492169848,0.23494307037988885,0.11101071312877418,0.28022545224525863,0.12409281144427295,0.18862554104903592,0.40144480514498426
True,10.0,1.0000000000000007,174075200.51443508,rowcol,0.5357702962636972,0.05324409346292373,0.1162189048385783,0.2545616188766367,0.05512706279962921,0.2790231561496966,0.1241567465354973,0.23200165373498324,0.40321833339237156
True,0.0,-0.39999999999999936,174075200.51443508,rowcol,0.477903022082289,0.04860729369563591,0.1234121246216659,0.23398396733531143,0.24256788944865298,0.28668098970275213,0.0853324712742018,0.1779714966186766,0.4042203412003091
True,-90.0,0.9000000000000006,174075200.51443508,rowcol,0.5565454089364659,0.056083232930570846,0.11542471050334617,0.2580859873944391,0.06270238731322189,0.31084312184038765,0.12261603729027347,0.20338637776866772,0.40436011890447765
True,30.0,0.9000000000000006,174075200.51443508,rowcol,0.5565454089364659,0.056083232930570846,0.11542471050334617,0.2580859873944391,0.06270238731322189,0.3108431218403876,0.12261603729027348,0.20338637776866772,0.40436011890447765
True,-80.0,-0.2999999999999994,174075200.51443508,rowcol,0.458977516310625,0.0470803269101664,0.12517607549175516,0.22913721645132565,0.22755784079766986,0.28896591421399664,0.09532222238554137,0.1625895019843911,0.4046654429265911
True,40.0,-0.2999999999999994,174075200.51443508,rowcol,0.458977516310625,0.0470803269101664,0.1251760754917552,0.22913721645132565,0.22755784079766986,0.28896591421399664,0.09532222238554136,0.1625895019843911,0.4046654429265912
True,0.0,0.9000000000000006,174075200.51443508,rowcol,0.49652866547933616,0.05044675892215062,0.11856905675871968,0.24913675354074194,0.06283353589622033,0.27906789794522463,0.12610139525698294,0.22084671536396835,0.40484392381690093
True,-30.0,-0.49999999999999933,174075200.51443508,rowcol,0.5121209607713868,0.05176377187554892,0.12457470168789964,0.23139146165881133,0.2575737858529993,0.2891936103385981,0.07908521545432781,0.16803525702018043,0.4051155667225102
True,90.0,-0.49999999999999933,174075200.51443508,rowcol,0.5121209607713868,0.05176377187554892,0.12457470168789964,0.23139146165881133,0.2575737858529992,0.2891936103385981,0.07908521545432783,0.1680352570201804,0.4051155667225102
True,20.0,-0.2999999999999994,174075200.51443508,rowcol,0.45897751627543004,0.0470803272532759,0.125161789593234,0.22991077208069421,0.22755788173148345,0.28886236077859884,0.09530002360978997,0.16474040641549392,0.4053961408603962
True,-20.0,0.6000000000000006,174075200.51443508,rowcol,0.45178838265932303,0.046650045826148054,0.12430438406469096,0.23356396315185918,0.09754451997109076,0.2834785808911167,0.12858345072498154,0.1812398520055922,0.40647711534593206
True,-40.0,0.6000000000000006,174075200.51443508,rowcol,0.45178838259157783,0.046650046482234774,0.12427561026864799,0.23507939453621193,0.0975447109567579,0.2832674242049831,0.1285505373550598,0.18508374313205558,0.4079062253421559
True,80.0,0.6000000000000006,174075200.51443508,rowcol,0.45178838259157783,0.046650046482234774,0.12427561026864799,0.23507939453621193,0.09754471095675789,0.2832674242049831,0.1285505373550598,0.18508374313205558,0.4079062253421559
True,-70.0,1.0000000000000007,174075200.51443508,rowcol,0.5357702970014266,0.05324408603949858,0.11620588101700956,0.2604440486441784,0.05512701815125567,0.2785348913630241,0.12414233677688681,0.2441945215994792,0.4090616916952071
True,50.0,1.0000000000000007,174075200.51443508,rowcol,0.5357702970014266,0.05324408603949858,0.11620588101700959,0.2604440486441784,0.05512701815125567,0.2785348913630241,0.12414233677688681,0.24419452159947913,0.4090616916952071
False,-90.0,-0.2999999999999994,174075200.51443508,rowcol,0.4567719020077752,0.04627418771071314,0.13044896093331204,0.22085070319678732,0.2341093922815504,0.2676283514100544,0.10064080165754732,0.17192587362513911,0.41219758599672346
False,30.0,-0.2999999999999994,174075200.51443508,rowcol,0.4567719020077752,0.04627418771071315,0.13044896093331204,0.22085070319678732,0.23410939228155042,0.2676283514100544,0.10064080165754732,0.17192587362513911,0.41219758599672346
False,-30.0,0.30000000000000066,174075200.51443508,rowcol,0.456771902195886,0.046274187687646344,0.13044896135237863,0.22085070365558485,0.23410939424183436,0.2676283512857613,0.10064080146855747,0.17192587487285507,0.41219758771272075
False,90.0,0.30000000000000066,174075200.51443508,rowcol,0.456771902195886,0.046274187687646344,0.13044896135237863,0.22085070365558485,0.23410939424183436,0.2676283512857613,0.10064080146855747,0.17192587487285507,0.41219758771272075
True,-60.0,0.9000000000000006,174075200.51443508,rowcol,0.49652866657733996,0.05044674811490672,0.11863292456398031,0.25633594041681546,0.06283379161158764,0.27929146980545344,0.12617237035620354,0.23530328266965517,0.41223471410875634
True,60.0,0.9000000000000006,174075200.51443508,rowcol,0.49652866657733996,0.05044674811490673,0.11863292456398031,0.25633594041681546,0.06283379161158764,0.27929146980545344,0.12617237035620354,0.2353032826696552,0.41223471410875634
True,-40.0,-0.49999999999999933,174075200.51443508,rowcol,0.5091538867822423,0.05111668137472668,0.1258310428902399,0.2348685999184237,0.2576081606886587,0.2880678257628597,0.08138293612652657,0.17823324228765647,0.41236172858914344
True,80.0,-0.49999999999999933,174075200.51443508,rowcol,0.5091538867822423,0.05111668137472668,0.1258310428902399,0.2348685999184237,0.25760816068865877,0.2880678257628597,0.08138293612652656,0.1782332422876565,0.41236172858914344
True,-10.0,0.8000000000000006,174075200.51443508,rowcol,0.46261309479432083,0.0480325058063771,0.12302260138112478,0.24366819444387314,0.07301385767103448,0.28499514871661086,0.1300828041263583,0.20248509059498182,0.41273599858724747
True,-20.0,-0.49999999999999933,174075200.51443508,rowcol,0.5091538867219408,0.05111668197536703,0.12580735599825973,0.23612516651002635,0.25760822095338154,0.287894677615753,0.08133959444038705,0.18149523398560807,0.41354723450480557
True,70.0,-0.49999999999999933,174075200.51443508,rowcol,0.4968245515411949,0.04988189440455804,0.1271475754082785,0.2321291797045186,0.2576302250330555,0.28358054770982516,0.08375484100631458,0.17767713739500302,0.4135719059293541
True,-50.0,-0.49999999999999933,174075200.51443508,rowcol,0.4968245515411949,0.04988189440455804,0.12714757540827853,0.2321291797045186,0.25763022503305555,0.28358054770982516,0.08375484100631458,0.17767713739500302,0.41357190592935417
True,-10.0,-0.49999999999999933,174075200.51443508,rowcol,0.49682455191299796,0.04988189070139265,0.12714162301839876,0.23536930363917438,0.2576302202561943,0.28334044727733276,0.08374415985632269,0.1856671305115881,0.41679417269437063
False,-40.0,-0.7999999999999993,174075200.51443508,rowcol,0.5403860042069081,0.054483269426655496,0.11358500322320333,0.2764291076632065,0.14024896049684352,0.3415463158454226,0.10801782878892521,0.2063272462251932,0.41718411733281646
False,80.0,-0.7999999999999993,174075200.51443508,rowcol,0.5403860042069081,0.054483269426655496,0.11358500322320333,0.2764291076632065,0.14024896049684354,0.34154631584542267,0.10801782878892521,0.2063272462251932,0.41718411733281646
False,20.0,0.8000000000000006,174075200.51443508,rowcol,0.5403860045952565,0.0544832695275273,0.11358500351682901,0.27642910749822197,0.14024896054847738,0.3415463171092889,0.10801782914174425,0.20632724405877995,0.41718411804870903
True,-50.0,0.8000000000000006,174075200.51443508,rowcol,0.46261309531714456,0.04803250077093109,0.12301275638454962,0.24859171037028072,0.07301383070269532,0.28461280018696705,0.13007179906294494,0.21364756777402638,0.41762997952392955
True,70.0,0.8000000000000006,174075200.51443508,rowcol,0.46261309531714456,0.04803250077093109,0.12301275638454962,0.24859171037028072,0.07301383070269532,0.28461280018696705,0.13007179906294494,0.21364756777402638,0.41762997952392955
True,-90.0,-0.2999999999999994,174075200.51443508,rowcol,0.457194479324821,0.046663180737161046,0.12869286529623128,0.23276702864845944,0.22757878399207454,0.2888943086202216,0.10069821921160806,0.17192089714810782,0.41884562453715324
True,30.0,-0.2999999999999994,174075200.51443508,rowcol,0.457194479324821,0.046663180737161046,0.12869286529623128,0.23276702864845944,0.22757878399207454,0.2888943086202216,0.10069821921160806,0.17192089714810782,0.41884562453715324
True,-70.0,-0.39999999999999936,174075200.51443508,rowcol,0.4615997230685126,0.04749152960994833,0.12913130071466697,0.232371207201403,0.24257729412959922,0.29130455025168045,0.09480723445227734,0.16745683361189428,0.4197651093454039
True,50.0,-0.39999999999999936,174075200.51443508,rowcol,0.46159972306851255,0.04749152960994833,0.129131300714667,0.232371207201403,0.24257729412959922,0.29130455025168045,0.09480723445227736,0.16745683361189428,0.41976510934540395
False,-20.0,-0.7999999999999993,174075200.51443508,rowcol,0.540386004111805,0.054483270369923384,0.113735753493212,0.2786716690981373,0.14115873953614358,0.3422843565208421,0.10798934985473557,0.21080379696065865,0.4198789295777733
False,-80.0,0.8000000000000006,174075200.51443508,rowcol,0.5403860045001535,0.054483270470794896,0.11373575379576521,0.27867166905098073,0.1411587396184286,0.3422843578044127,0.10798935021186629,0.21080379509314837,0.4198789304382764
False,40.0,0.8000000000000006,174075200.51443508,rowcol,0.5403860045001535,0.054483270470794896,0.11373575379576521,0.27867166905098073,0.1411587396184286,0.3422843578044127,0.10798935021186629,0.21080379509314837,0.4198789304382764
False,-20.0,0.4000000000000007,174075200.51443508,rowcol,0.4531886375648682,0.04639106141115824,0.13215946305663306,0.22367760795182023,0.2254594537476803,0.27611251881846066,0.10669696889555731,0.16730906265605408,0.4201559971217194
False,-80.0,-0.39999999999999936,174075200.51443508,rowcol,0.453188637391571,0.04639106136162374,0.1321594636921998,0.22367760880090498,0.22545945490745678,0.2761125193792962,0.10669696937958398,0.16730906396747533,0.4201559998775044
False,40.0,-0.39999999999999936,174075200.51443508,rowcol,0.453188637391571,0.04639106136162374,0.1321594636921998,0.22367760880090498,0.22545945490745684,0.27611251937929626,0.10669696937958398,0.1673090639674753,0.4201559998775044
False,-70.0,-0.49999999999999933,174075200.51443508,rowcol,0.4625869039952929,0.04786230382723139,0.12560918859963485,0.24365381141735282,0.21309958338702345,0.30632915054260446,0.10186297553842705,0.17429274740573644,0.42048137721625733
False,50.0,-0.49999999999999933,174075200.51443508,rowcol,0.4625869039952929,0.04786230382723139,0.12560918859963488,0.24365381141735282,0.21309958338702345,0.30632915054260446,0.10186297553842705,0.17429274740573644,0.42048137721625745
False,-10.0,0.5000000000000007,174075200.51443508,rowcol,0.4625869037704832,0.04786230377245502,0.1256091886502955,0.24365381165524813,0.21309958330653,0.30632914986858434,0.10186297564297934,0.17429274901424904,0.4204813776061346
False,-40.0,0.4000000000000007,174075200.51443508,rowcol,0.4531886375181762,0.04639106186728694,0.13222427176176696,0.22507324760824024,0.2257431609101286,0.2765844391291325,0.10668255426972513,0.17007636415054414,0.4217460628935411
False,80.0,0.4000000000000007,174075200.51443508,rowcol,0.4531886375181762,0.04639106186728694,0.13222427176176696,0.22507324760824027,0.2257431609101286,0.27658443912913255,0.10668255426972514,0.17007636415054414,0.4217460628935411
False,20.0,-0.39999999999999936,174075200.51443508,rowcol,0.45318863734487896,0.0463910618177523,0.13222427240102913,0.2250732485261018,0.22574316207813477,0.27658443970630614,0.10668255475595231,0.17007636559736222,0.4217460657291892
True,10.0,-0.39999999999999936,174075200.51443508,rowcol,0.46159972334839205,0.04749152688962548,0.12912661142841136,0.23496424375046182,0.2425772900709626,0.29111758210881605,0.0947996849701193,0.17425359162214782,0.4223440780356959
False,10.0,-0.49999999999999933,174075200.51443508,rowcol,0.4625869043388157,0.04786230050709876,0.12582287441067042,0.2473397073277733,0.21384408860631998,0.30718858342025085,0.10189036854202478,0.18239040464455797,0.42480833055978456
False,-50.0,0.5000000000000007,174075200.51443508,rowcol,0.46258690411400616,0.04786230045232248,0.1258228744562169,0.24733970746699058,0.21384408850942216,0.3071885827302474,0.10189036864559094,0.18239040596946152,0.4248083308356413
False,70.0,0.5000000000000007,174075200.51443508,rowcol,0.46258690411400616,0.04786230045232248,0.1258228744562169,0.24733970746699058,0.21384408850942216,0.3071885827302474,0.10189036864559094,0.18239040596946154,0.4248083308356413
False,0.0,0.6000000000000006,174075200.51443508,rowcol,0.4839871151976578,0.04932084114631317,0.1259142279366081,0.24752533876305718,0.21994745254070425,0.3046150499612234,0.09963050462297088,0.18643903336776935,0.42526802257288143
False,-60.0,-0.5999999999999993,174075200.51443508,rowcol,0.48398711565152397,0.049320841132305476,0.12591422879442601,0.24752533902577814,0.219947455390258,0.3046150484820422,0.0996305047580314,0.18643903604238887,0.42526802540905617
False,60.0,-0.5999999999999993,174075200.51443508,rowcol,0.48398711565152397,0.049320841132305476,0.12591422879442601,0.2475253390257781,0.21994745539025803,0.3046150484820422,0.0996305047580314,0.18643903604238887,0.42526802540905617
False,-50.0,-0.6999999999999993,174075200.51443508,rowcol,0.5123362358212336,0.05125494336191154,0.12469314327366889,0.2512065702831675,0.2232290457091596,0.3037053111959629,0.09643315115643185,0.19648126539974817,0.42528600010417417
False,70.0,-0.6999999999999993,174075200.51443508,rowcol,0.5123362358212336,0.05125494336191155,0.12469314327366889,0.2512065702831675,0.2232290457091596,0.3037053111959629,0.09643315115643183,0.19648126539974817,0.42528600010417417
False,10.0,0.7000000000000006,174075200.51443508,rowcol,0.5123362356164819,0.051254943307278804,0.12469314458927415,0.2512065719329989,0.22322904863470255,0.30370531242275234,0.09643315193323101,0.19648126768829882,0.4252860057008213
False,-10.0,-0.6999999999999993,174075200.51443508,rowcol,0.5123362363401048,0.05125493817535717,0.12499439491543653,0.25618652795678015,0.22422357892789616,0.30489371374567803,0.09647365970760582,0.20651498308201385,0.4311697127030897
False,-70.0,0.7000000000000006,174075200.51443508,rowcol,0.5123362361353532,0.051254938120724326,0.12499439623495696,0.25618652970584366,0.22422358186274022,0.3048937149978849,0.09647366048549533,0.2065149855217459,0.4311697184107145
False,50.0,0.7000000000000006,174075200.51443508,rowcol,0.5123362361353532,0.051254938120724326,0.12499439623495696,0.25618652970584366,0.22422358186274022,0.3048937149978849,0.09647366048549533,0.2065149855217459,0.4311697184107145
False,-60.0,0.6000000000000006,174075200.51443508,rowcol,0.4839871159486287,0.04932083377700914,0.12625060887293352,0.25307690192358506,0.22092011585303853,0.30605761686977107,0.09974145803129637,0.19782566806699037,0.43182872854238563
False,60.0,0.6000000000000006,174075200.51443508,rowcol,0.4839871159486287,0.049320833777009146,0.12625060887293352,0.25307690192358506,0.22092011585303853,0.30605761686977107,0.09974145803129637,0.19782566806699034,0.43182872854238563
False,0.0,-0.5999999999999993,174075200.51443508,rowcol,0.48398711640249487,0.04932083376300145,0.1262506097284659,0.2530769021800761,0.2209201186900463,0.3060576153967168,0.09974145816620665,0.19782567058766184,0.43182873136547384
True,-60.0,-0.49999999999999933,174075200.51443508,rowcol,0.47710393195744044,0.048531125533988126,0.13318933603592947,0.23433826379765885,0.25764159768415384,0.2880362316082639,0.0941987441748502,0.17698669158975736,0.4339062719054472
True,60.0,-0.49999999999999933,174075200.51443508,rowcol,0.47710393195744044,0.048531125533988126,0.13318933603592947,0.23433826379765885,0.25764159768415384,0.2880362316082639,0.0941987441748502,0.17698669158975736,0.4339062719054472
True,0.0,-0.49999999999999933,174075200.51443508,rowcol,0.47710393259227807,0.048531119292971575,0.13322092801599172,0.23861283350977555,0.25764163233075954,0.288156593940869,0.09425152896773119,0.18705032499876775,0.43827561755775074
True,-30.0,0.6000000000000006,174075200.51443508,rowcol,0.4483119421255975,0.04578870549388427,0.13329055138393575,0.23941286940817563,0.09759104502673353,0.2805295158473512,0.1388120209060403,0.19834214631430136,0.4392845235599829
True,90.0,0.6000000000000006,174075200.51443508,rowcol,0.44831194212559755,0.04578870549388427,0.13329055138393578,0.23941286940817563,0.09759104502673357,0.2805295158473512,0.13881202090604033,0.19834214631430133,0.43928452355998293
True,0.0,1.0000000000000007,174075200.51443508,rowcol,0.49856774629122186,0.050650841968709163,0.12804525472660952,0.2557009176941287,0.05516605900194066,0.2794002397044963,0.13722035275866062,0.23391862231312424,0.4398366818739573
True,10.0,1.1000000000000008,174075200.51443508,rowcol,0.541324350716305,0.05369879791450559,0.1263255854277405,0.26171530537201404,0.05107161236157943,0.2803200015485209,0.13561543069024987,0.24497760045215344,0.44069206165523556
True,20.0,1.0000000000000007,174075200.51443508,rowcol,0.5590921873236914,0.05561398996107508,0.12503019323394,0.26630471602826683,0.055100058607883126,0.30471570048960783,0.13389782740460196,0.2290685385284873,0.4413952957300868
True,-20.0,0.7000000000000006,174075200.51443508,rowcol,0.44702852823387546,0.04627751569971076,0.13501308265995587,0.23781292094616904,0.08478544054340105,0.2846272699294714,0.14227045286603432,0.1897006027979821,0.4428521689260367
True,-30.0,-0.5999999999999993,174075200.51443508,rowcol,0.5183285595860846,0.05232214100534651,0.13593820570714743,0.2352255017831661,0.2726702480003186,0.2912469355565568,0.09107860171080392,0.17472009169960845,0.44304011890460837
True,90.0,-0.5999999999999993,174075200.51443508,rowcol,0.5183285595860846,0.05232214100534651,0.13593820570714743,0.2352255017831661,0.2726702480003186,0.2912469355565568,0.09107860171080392,0.17472009169960842,0.44304011890460837
True,40.0,1.0000000000000007,174075200.51443508,rowcol,0.5590921872054097,0.055613991150170156,0.12498251126238014,0.26851792462624746,0.0551006221138442,0.3043882462388906,0.13384514486518784,0.23413514327469645,0.44346545841338786
True,-80.0,1.0000000000000007,174075200.51443508,rowcol,0.5590921872054097,0.05561399115017015,0.12498251126238015,0.26851792462624746,0.055100622113844214,0.3043882462388906,0.13384514486518784,0.2341351432746965,0.4434654584133879
True,80.0,0.7000000000000006,174075200.51443508,rowcol,0.44702852815547756,0.04627751645701317,0.13498217588265765,0.23954863350330663,0.08478569689080817,0.2843819002875113,0.14223574829939914,0.19398224242333023,0.44449516115127957
True,-40.0,0.7000000000000006,174075200.51443508,rowcol,0.4470285281554776,0.04627751645701317,0.13498217588265765,0.23954863350330668,0.08478569689080823,0.2843819002875113,0.14223574829939914,0.1939822424233302,0.4444951611512796
True,-80.0,-0.39999999999999936,174075200.51443508,rowcol,0.4513042592528462,0.04644473359524792,0.1376699201416006,0.23304306996427937,0.24259546455268527,0.29263532466912034,0.10807483711408535,0.16722419692199306,0.44605283038908117
True,40.0,-0.39999999999999936,174075200.51443508,rowcol,0.4513042592528462,0.04644473359524792,0.1376699201416006,0.23304306996427937,0.2425954645526853,0.29263532466912034,0.10807483711408535,0.16722419692199303,0.44605283038908117
True,-10.0,0.9000000000000006,174075200.51443508,rowcol,0.4605840626670503,0.04794877873926392,0.13249245085597333,0.2492588940000088,0.06286814744033542,0.2858037348357785,0.1415400139795622,0.21374160518806506,0.4467362465679288
True,70.0,-0.5999999999999993,174075200.51443508,rowcol,0.5000112473319025,0.050080194846362,0.13691247457699024,0.2360618626648141,0.2727376725789234,0.2841865756987165,0.09275178508283555,0.18619750650253927,0.4467992863957848
True,-50.0,-0.5999999999999993,174075200.51443508,rowcol,0.5000112473319025,0.050080194846362,0.13691247457699027,0.2360618626648141,0.2727376725789234,0.2841865756987165,0.09275178508283557,0.18619750650253925,0.4467992863957849
True,50.0,1.1000000000000008,174075200.51443508,rowcol,0.5413243515299715,0.05369878971213433,0.12631240561550933,0.2680062116450428,0.0510715593484231,0.2797853529242082,0.13560091950259584,0.2576835904333246,0.44694342849157076
True,-70.0,1.1000000000000008,174075200.51443508,rowcol,0.5413243515299715,0.05369878971213432,0.12631240561550933,0.26800621164504285,0.0510715593484231,0.2797853529242082,0.13560091950259584,0.2576835904333246,0.4469434284915708
True,20.0,-0.39999999999999936,174075200.51443508,rowcol,0.4513042592059592,0.04644473405084936,0.13765260082145678,0.2340566975862721,0.242595515747982,0.29249897738899455,0.10804873119727261,0.17000785842076202,0.4470145000506424
False,-30.0,-0.8999999999999992,174075200.51443508,rowcol,0.5578505198671364,0.0572427997718692,0.11441879303019732,0.30391986793050724,0.04912326467916073,0.39118024622697284,0.1226300721813362,0.20336499538692393,0.44717624702109915
False,90.0,-0.8999999999999992,174075200.51443508,rowcol,0.5578505198671364,0.0572427997718692,0.11441879303019732,0.30391986793050724,0.04912326467916073,0.39118024622697284,0.1226300721813362,0.20336499538692393,0.44717624702109915
False,-90.0,0.9000000000000006,174075200.51443508,rowcol,0.557850520397379,0.05724279968937791,0.1144187957378416,0.3039198668516633,0.04912326676300277,0.39118024171848714,0.12263007501601872,0.20336499971199085,0.447176254065188
False,30.0,0.9000000000000006,174075200.51443508,rowcol,0.5578505203973791,0.05724279968937791,0.11441879573784161,0.3039198668516633,0.04912326676300277,0.3911802417184872,0.12263007501601873,0.2033649997119909,0.44717625406518813
True,-60.0,1.0000000000000007,174075200.51443508,rowcol,0.49856774750623645,0.05065083000904325,0.12811096796723898,0.26348867941781656,0.055166382620536136,0.2796483466283269,0.13729282511655025,0.24908832174428286,0.4478215833195335
True,60.0,1.0000000000000007,174075200.51443508,rowcol,0.49856774750623645,0.05065083000904325,0.12811096796723898,0.26348867941781656,0.055166382620536136,0.2796483466283269,0.13729282511655025,0.24908832174428286,0.4478215833195335
True,-40.0,-0.5999999999999993,174075200.51443508,rowcol,0.5147641777802138,0.051552833832115647,0.13667458980426017,0.23930414526364266,0.2727112488930192,0.2900247668788898,0.09235028687019779,0.1862462863647318,0.44932791467642313
True,80.0,-0.5999999999999993,174075200.51443508,rowcol,0.5147641777802138,0.05155283383211565,0.13667458980426017,0.23930414526364266,0.2727112488930192,0.2900247668788898,0.09235028687019779,0.1862462863647318,0.44932791467642313
True,-10.0,-0.5999999999999993,174075200.51443508,rowcol,0.5000112477814173,0.05008019035831051,0.136905841235527,0.23988102063253547,0.27273766716420905,0.28389904585267595,0.09274021115888233,0.19532856556543488,0.4505985443391164
True,-20.0,-0.5999999999999993,174075200.51443508,rowcol,0.5147641777075392,0.051552834557784255,0.1366484206126349,0.24078346382153062,0.2727113172056436,0.2898183796705081,0.0923044542654898,0.1899889407736808,0.45072872565943534
True,-90.0,1.0000000000000007,174075200.51443508,rowcol,0.5648276210257267,0.05687274323105343,0.12838490903611866,0.26681005482606845,0.0550341283104931,0.318113755490777,0.1376046836648177,0.21436080951768333,0.4519647819344244
True,30.0,1.0000000000000007,174075200.51443508,rowcol,0.5648276210257267,0.05687274323105343,0.12838490903611866,0.26681005482606845,0.0550341283104931,0.318113755490777,0.1376046836648177,0.21436080951768333,0.4519647819344244
True,70.0,0.9000000000000006,174075200.51443508,rowcol,0.4605840632477306,0.047948773161392566,0.1324821667386989,0.25466960118494597,0.06286811220475766,0.28537477549553353,0.14152863533598314,0.225635072884725,0.45211610140104264
True,-50.0,0.9000000000000006,174075200.51443508,rowcol,0.4605840632477306,0.047948773161392566,0.1324821667386989,0.254669601184946,0.06286811220475765,0.2853747754955336,0.14152863533598314,0.22563507288472504,0.4521161014010427
True,-70.0,-0.49999999999999933,174075200.51443508,rowcol,0.4566055378581094,0.047130550613504456,0.1399247016981519,0.23667745081162428,0.2576531924882943,0.2942720190334698,0.10510538995432231,0.1740658510052409,0.45645155590608
True,50.0,-0.49999999999999933,174075200.51443508,rowcol,0.4566055378581094,0.047130550613504456,0.13992470169815194,0.23667745081162428,0.2576531924882943,0.2942720190334698,0.10510538995432231,0.1740658510052409,0.4564515559060801
False,-90.0,-0.39999999999999936,174075200.51443508,rowcol,0.4483572601949034,0.045364821669687874,0.1446038652764393,0.22323654619052635,0.25132634501672624,0.2661442636745429,0.11492674479996347,0.17937468746813368,0.45704814201984423
False,30.0,-0.39999999999999936,174075200.51443508,rowcol,0.44835726019490346,0.045364821669687874,0.1446038652764393,0.22323654619052635,0.25132634501672624,0.2661442636745429,0.11492674479996348,0.17937468746813368,0.45704814201984423
False,-30.0,0.4000000000000007,174075200.51443508,rowcol,0.44835726044728397,0.04536482163955647,0.14460386574315487,0.2232365469005499,0.25132634763919076,0.2661442637394367,0.11492674444888606,0.1793746890139367,0.4570481441300145
False,90.0,0.4000000000000007,174075200.51443508,rowcol,0.44835726044728397,0.04536482163955647,0.14460386574315487,0.2232365469005499,0.25132634763919076,0.2661442637394367,0.11492674444888606,0.1793746890139367,0.4570481441300145
False,-70.0,-0.5999999999999993,174075200.51443508,rowcol,0.4589456292495787,0.04768384409119526,0.13572750219891874,0.2517142079667149,0.22408350985360512,0.31492006158583097,0.11237014583042244,0.18231932908981385,0.45889671456347114
False,50.0,-0.5999999999999993,174075200.51443508,rowcol,0.4589456292495787,0.04768384409119526,0.13572750219891874,0.2517142079667149,0.22408350985360512,0.31492006158583097,0.11237014583042247,0.18231932908981385,0.45889671456347114
False,-10.0,0.6000000000000006,174075200.51443508,rowcol,0.45894562897133395,0.047683844023631565,0.13572750217306964,0.2517142081242605,0.2240835095443302,0.3149200606212577,0.1123701459059282,0.1823193308914278,0.45889671464346937
True,10.0,-0.49999999999999933,174075200.51443508,rowcol,0.4566055382061323,0.047130547241823154,0.13991929216131957,0.23985618659963284,0.2576531877118491,0.2940406488998955,0.1050968776009931,0.18221437450066255,0.45961406308359154
False,-20.0,0.5000000000000007,174075200.51443508,rowcol,0.44602295842286316,0.04575291395283122,0.14429251737440038,0.22701983141428433,0.2372687763350428,0.27764494142352647,0.11980729287882456,0.17335457122892275,0.45989738353748544
False,40.0,-0.49999999999999933,174075200.51443508,rowcol,0.44602295820892535,0.045752913890827564,0.14429251817511446,0.2270198325290364,0.2372687778299549,0.27764494223417463,0.11980729347931798,0.1733545728245959,0.45989738705437977
False,-80.0,-0.49999999999999933,174075200.51443508,rowcol,0.44602295820892535,0.045752913890827564,0.14429251817511446,0.22701983252903643,0.23726877782995487,0.2776449422341747,0.11980729347931796,0.1733545728245959,0.4598973870543798
False,-40.0,-0.8999999999999992,174075200.51443508,rowcol,0.5477345042536358,0.05518908912130541,0.1244846413548873,0.28707432415362005,0.14124888052749182,0.35263966632367255,0.12117923629060336,0.21711284856433702,0.4605282482182819
False,80.0,-0.8999999999999992,174075200.51443508,rowcol,0.5477345042536358,0.05518908912130541,0.1244846413548873,0.28707432415362005,0.14124888052749185,0.35263966632367255,0.12117923629060336,0.21711284856433702,0.4605282482182819
False,20.0,0.9000000000000006,174075200.51443508,rowcol,0.5477345046937011,0.055189089235278044,0.12448464180872425,0.2870743241144618,0.14124888093998156,0.35263966793523804,0.12117923675416023,0.21711284626769214,0.46052824954063454
False,-40.0,0.5000000000000007,174075200.51443508,rowcol,0.4460229583646198,0.04575291452061762,0.1443667154618929,0.2287337142662356,0.23760573223387488,0.2782245458223088,0.11979124633608687,0.17668861207639808,0.4618338606519143
False,80.0,0.5000000000000007,174075200.51443508,rowcol,0.44602295836461975,0.045752914520617624,0.14436671546189292,0.22873371426623562,0.23760573223387488,0.2782245458223088,0.11979124633608687,0.17668861207639808,0.46183386065191434
False,20.0,-0.49999999999999933,174075200.51443508,rowcol,0.446022958150682,0.04575291445861377,0.14436671626678288,0.22873371546405807,0.2376057337381715,0.2782245466533924,0.11979124693903752,0.1766886138305489,0.4618338642644067
False,-20.0,-0.8999999999999992,174075200.51443508,rowcol,0.5477345041465276,0.055189090184320465,0.12463939255054136,0.2894990909113283,0.14226477930475537,0.35343636786587007,0.12115067762608495,0.2218979768418601,0.4634172685629524
False,-80.0,0.9000000000000006,174075200.51443508,rowcol,0.5477345045865929,0.05518909029829277,0.12463939301337926,0.28949909099880156,0.14226477974888554,0.3534363694984961,0.12115067809398147,0.22189797486502583,0.4634172700389393
False,40.0,0.9000000000000006,174075200.51443508,rowcol,0.5477345045865929,0.05518909029829277,0.12463939301337926,0.28949909099880156,0.14226477974888552,0.35343636949849616,0.12115067809398147,0.2218979748650258,0.4634172700389393
False,-50.0,0.6000000000000006,174075200.51443508,rowcol,0.4589456293800831,0.047683840089518655,0.1359648034530779,0.25598654481963684,0.22493299756086158,0.3159139261995397,0.11239994378070942,0.19158888421553333,0.4638809551788705
False,70.0,0.6000000000000006,174075200.51443508,rowcol,0.4589456293800831,0.047683840089518655,0.1359648034530779,0.25598654481963684,0.22493299756086158,0.3159139261995397,0.11239994378070942,0.19158888421553336,0.4638809551788705
False,10.0,-0.5999999999999993,174075200.51443508,rowcol,0.4589456296583278,0.047683840157082255,0.13596480348446546,0.25598654477469585,0.22493299788800303,0.31591392718134725,0.11239994370626584,0.19158888274349478,0.46388095522809225
False,0.0,0.7000000000000006,174075200.51443508,rowcol,0.4846937089501928,0.04943620778936937,0.13591129113952963,0.25631747158793633,0.23199180046413567,0.3127372567759404,0.10967513722825394,0.19671777558942088,0.46405134500652523
False,-60.0,-0.6999999999999993,174075200.51443508,rowcol,0.48469370947893153,0.049436207773148916,0.1359112920667035,0.25631747188652043,0.2319918036160176,0.3127372550996951,0.10967513737139342,0.19671777854676614,0.4640513480866309
False,60.0,-0.6999999999999993,174075200.51443508,rowcol,0.48469370947893153,0.049436207773148916,0.1359112920667035,0.25631747188652043,0.2319918036160176,0.3127372550996951,0.10967513737139342,0.19671777854676614,0.4640513480866309
False,-50.0,-0.7999999999999993,174075200.51443508,rowcol,0.51692987388786,0.05163597037402974,0.1347451027987685,0.2603983060870292,0.23533044460745786,0.3120619351481166,0.10663522096850672,0.20720689964919412,0.4646336144833347
False,70.0,-0.7999999999999993,174075200.51443508,rowcol,0.51692987388786,0.05163597037402974,0.1347451027987685,0.2603983060870292,0.23533044460745786,0.3120619351481166,0.10663522096850671,0.20720689964919417,0.4646336144833347
False,10.0,0.8000000000000006,174075200.51443508,rowcol,0.5169298736634341,0.05163597031338491,0.13474510430043082,0.26039830802794484,0.2353304480550395,0.31206193669497206,0.10663522182505045,0.207206902180474,0.4646336209292373
True,-90.0,-0.39999999999999936,174075200.51443508,rowcol,0.4489189694624456,0.04588376161508929,0.1423429179205879,0.23809326649201595,0.24262320805215407,0.29298279093330704,0.11499881525498615,0.17936869544921355,0.46512202025377963
True,30.0,-0.39999999999999936,174075200.51443508,rowcol,0.4489189694624456,0.04588376161508929,0.1423429179205879,0.23809326649201595,0.24262320805215407,0.29298279093330704,0.11499881525498615,0.17936869544921355,0.46512202025377963
True,-60.0,-0.5999999999999993,174075200.51443508,rowcol,0.47639841567799496,0.04846458510537053,0.1435329570612518,0.23893646779965774,0.2727511079751458,0.2896084917134287,0.10390705304117616,0.18592171068331098,0.4695353389834131
True,60.0,-0.5999999999999993,174075200.51443508,rowcol,0.47639841567799496,0.04846458510537053,0.1435329570612518,0.23893646779965777,0.2727511079751458,0.2896084917134287,0.10390705304117616,0.18592171068331098,0.46953533898341315
False,-10.0,-0.7999999999999993,174075200.51443508,rowcol,0.5169298744835753,0.05163596441029798,0.1350637148935505,0.2658798755535852,0.236408538371942,0.3133732821756679,0.10667708799555993,0.21807313820869478,0.47107102023423675
False,50.0,0.8000000000000006,174075200.51443508,rowcol,0.5169298742591495,0.05163596434965303,0.13506371639916498,0.2658798775992847,0.236408541827949,0.3133732837500184,0.10667708885323153,0.21807314089780697,0.47107102679677965
False,-70.0,0.8000000000000006,174075200.51443508,rowcol,0.5169298742591495,0.05163596434965303,0.13506371639916498,0.2658798775992848,0.236408541827949,0.3133732837500184,0.10667708885323153,0.21807314089780697,0.4710710267967797
False,60.0,0.7000000000000006,174075200.51443508,rowcol,0.4846937098250484,0.04943619921191148,0.1362748683498932,0.2625600631137281,0.23306754488101025,0.3143650855568639,0.1097927299867689,0.20929073553249564,0.4713846681634076
False,-60.0,0.7000000000000006,174075200.51443508,rowcol,0.4846937098250484,0.04943619921191148,0.13627486834989322,0.2625600631137281,0.23306754488101022,0.3143650855568639,0.1097927299867689,0.2092907355324957,0.47138466816340774
False,0.0,-0.6999999999999993,174075200.51443508,rowcol,0.484693710353787,0.049436199195691026,0.13627486927459337,0.26256006340472504,0.23306754801834434,0.3143650838884058,0.10979273012975503,0.20929073831218128,0.47138467122850514
True,0.0,-0.5999999999999993,174075200.51443508,rowcol,0.47639841644092834,0.0484645776058681,0.14356813530880563,0.24396030531136034,0.27275114724790345,0.2897521367782181,0.10396447682773781,0.19739079158389558,0.47466471123777726
True,0.0,1.1000000000000008,174075200.51443508,rowcol,0.5006888298673147,0.05086339844918405,0.13812778124674688,0.26284930199807516,0.05111245244453128,0.2798641484570337,0.14859619849438357,0.24763663317289253,0.4772326457383158
True,10.0,1.2000000000000008,174075200.51443508,rowcol,0.5469071207082404,0.054158591414067744,0.13699078913401116,0.2694239339247537,0.05149442163887375,0.28189904945113775,0.1473223011692232,0.258466793886735,0.48039630132678723
True,-30.0,0.7000000000000006,174075200.51443508,rowcol,0.44298715345539563,0.04526306739445063,0.14538001792122215,0.24452850348933672,0.08484024850485929,0.2810536663721214,0.15386960375733957,0.20892519042038782,0.48066855725300317
True,90.0,0.7000000000000006,174075200.51443508,rowcol,0.44298715345539563,0.04526306739445062,0.14538001792122215,0.2445285034893367,0.08484024850485931,0.2810536663721214,0.15386960375733957,0.20892519042038782,0.48066855725300317
True,-20.0,0.8000000000000006,174075200.51443508,rowcol,0.44235557431055295,0.045911185071136326,0.14654011782788587,0.24271358170564408,0.0730465641101956,0.2860284137649071,0.15625510050787586,0.199121142730927,0.4823339351893017
True,-50.0,-0.6999999999999993,174075200.51443508,rowcol,0.503270266389242,0.05028608472402034,0.1472431280075947,0.24065836980297442,0.2878753066580884,0.28488891259593263,0.10259925378252098,0.19587610096542218,0.48238775382575855
True,70.0,-0.6999999999999993,174075200.51443508,rowcol,0.503270266389242,0.05028608472402034,0.1472431280075947,0.24065836980297442,0.2878753066580884,0.2848889125959327,0.10259925378252097,0.19587610096542218,0.48238775382575855
True,-10.0,1.0000000000000007,174075200.51443508,rowcol,0.4586475588308026,0.047873698662510414,0.1425865769035031,0.25541300603367034,0.05520537527894054,0.28670701917624813,0.1532361190818672,0.22576165154828393,0.4831727367441796
True,-40.0,0.8000000000000006,174075200.51443508,rowcol,0.4423555742217179,0.04591118592706454,0.14650757440440637,0.24465651559611834,0.07304690415959333,0.2857493491444,0.15621898813420912,0.20378102100965081,0.48417923880933744
True,80.0,0.8000000000000006,174075200.51443508,rowcol,0.44235557422171795,0.04591118592706454,0.14650757440440637,0.24465651559611834,0.07304690415959329,0.2857493491443999,0.15621898813420912,0.20378102100965081,0.48417923880933744
True,-30.0,-0.6999999999999993,174075200.51443508,rowcol,0.5245938105445975,0.05288269698078843,0.1482126121731689,0.23974039315775517,0.2877969686903757,0.29349694994270425,0.10427597322624077,0.18267043878063716,0.4843782296772618
True,90.0,-0.6999999999999993,174075200.51443508,rowcol,0.5245938105445975,0.05288269698078843,0.1482126121731689,0.23974039315775517,0.28779696869037563,0.29349694994270425,0.10427597322624077,0.18267043878063716,0.4843782296772618
True,-60.0,1.1000000000000008,174075200.51443508,rowcol,0.5006888311981688,0.050863385348528356,0.13819479039819063,0.2711778252729621,0.05111283665662906,0.28013660203391877,0.14866981632457166,0.26340781930339574,0.48576219646753394
True,60.0,1.1000000000000008,174075200.51443508,rowcol,0.5006888311981688,0.050863385348528356,0.13819479039819063,0.2711778252729621,0.05111283665662906,0.28013660203391877,0.14866981632457166,0.26340781930339574,0.48576219646753394
True,-10.0,-0.6999999999999993,174075200.51443508,rowcol,0.5032702669174602,0.050286079437536955,0.14723593216689576,0.24502469096460783,0.28787530067310346,0.284554260824844,0.10258704707479491,0.20598980883922174,0.48673248746529507
True,-70.0,1.2000000000000008,174075200.51443508,rowcol,0.5469071215981426,0.054158582427610236,0.13697753075540295,0.2760880791933213,0.05149436428118751,0.28131901984775826,0.14730772898359834,0.27161093687264914,0.4870206714595301
True,50.0,1.2000000000000008,174075200.51443508,rowcol,0.5469071215981426,0.05415858242761024,0.13697753075540295,0.2760880791933213,0.05149436428118751,0.28131901984775826,0.14730772898359837,0.2716109368726491,0.4870206714595301
True,20.0,1.1000000000000008,174075200.51443508,rowcol,0.5668155071644442,0.056287622051271864,0.13751454058973542,0.27499112850126856,0.05105426916562365,0.3105053440406217,0.1479258840740386,0.2411079621866048,0.48753475027047477
True,70.0,1.0000000000000007,174075200.51443508,rowcol,0.4586475594674715,0.04787369256298837,0.14257595892123978,0.2612764323231854,0.05520533069399527,0.28623186212013263,0.15322444101799956,0.2382743759668796,0.48900430908690473
True,-50.0,1.0000000000000007,174075200.51443508,rowcol,0.4586475594674715,0.04787369256298837,0.1425759589212398,0.2612764323231854,0.05520533069399526,0.28623186212013263,0.15322444101799956,0.23827437596687956,0.48900430908690484
True,-40.0,-0.6999999999999993,174075200.51443508,rowcol,0.5204313823608729,0.05199347082705705,0.14830696778962976,0.24438028845556928,0.28784453814620997,0.2922202119916918,0.10441056171102663,0.19527607497406865,0.4893011918244586
True,80.0,-0.6999999999999993,174075200.51443508,rowcol,0.520431382360873,0.05199347082705705,0.1483069677896298,0.24438028845556928,0.28784453814620997,0.29222021199169174,0.10441056171102664,0.19527607497406868,0.48930119182445864
True,-80.0,1.1000000000000008,174075200.51443508,rowcol,0.5668155070342734,0.05628762336208975,0.13746685293954483,0.2773484506754261,0.05105493814167737,0.31015184931522083,0.14787342983782728,0.24640334411467382,0.4897490094940605
True,40.0,1.1000000000000008,174075200.51443508,rowcol,0.5668155070342734,0.05628762336208975,0.13746685293954483,0.277348450675426,0.05105493814167736,0.31015184931522083,0.1478734298378273,0.24640334411467382,0.4897490094940605
True,-80.0,-0.49999999999999933,174075200.51443508,rowcol,0.4436360184570057,0.04581274610992335,0.15068367051659046,0.2378813373292076,0.25767590215899333,0.29694275970825273,0.1214148965148861,0.17327088193915302,0.48993234887897896
True,40.0,-0.49999999999999933,174075200.51443508,rowcol,0.4436360184570057,0.04581274610992335,0.15068367051659046,0.2378813373292076,0.25767590215899333,0.29694275970825273,0.12141489651488611,0.17327088193915302,0.48993234887897896
True,-20.0,-0.6999999999999993,174075200.51443508,rowcol,0.5204313822757382,0.05199347167921786,0.1482788317346985,0.2460696964887971,0.2878446136541838,0.29198122323207903,0.10436326771632981,0.19943808890671658,0.49090619169289257
True,20.0,-0.49999999999999933,174075200.51443508,rowcol,0.44363601839844896,0.04581274667696803,0.15066389104683195,0.2391220646237799,0.25767596240786866,0.2967747895373034,0.1213858495465387,0.17662452453007896,0.49111373776427575
True,-70.0,-0.5999999999999993,174075200.51443508,rowcol,0.45165920089546885,0.046777098383988566,0.15112893355147017,0.24173771839602148,0.27276480877487747,0.2974829248672995,0.11593766579176733,0.1820929699352879,0.495124519050432
True,50.0,-0.5999999999999993,174075200.51443508,rowcol,0.45165920089546885,0.046777098383988566,0.15112893355147017,0.24173771839602148,0.27276480877487747,0.2974829248672995,0.11593766579176733,0.18209296993528792,0.495124519050432
True,10.0,-0.5999999999999993,174075200.51443508,rowcol,0.45165920131081216,0.04677709437361515,0.15112292328095153,0.24546864668152688,0.2727648033606907,0.29720825865195527,0.11592840524217299,0.19142007153739732,0.49883741652438146
False,-10.0,0.7000000000000006,174075200.51443508,rowcol,0.455391167949904,0.04752339637281842,0.1465301316713155,0.2608926599553298,0.23625524816866628,0.3245918063689669,0.12333140296492952,0.1915734684529977,0.5004830549692763
False,-70.0,-0.6999999999999993,174075200.51443508,rowcol,0.4553911682845025,0.04752339645416882,0.14653013178798202,0.26089265992682903,0.23625524875148346,0.3245918076886541,0.12333140292530159,0.19157346650108406,0.5004830552907751
False,50.0,-0.6999999999999993,174075200.51443508,rowcol,0.45539116828450243,0.04752339645416882,0.14653013178798202,0.26089265992682903,0.23625524875148346,0.3245918076886541,0.12333140292530159,0.19157346650108406,0.5004830552907751
False,-30.0,-0.9999999999999992,174075200.51443508,rowcol,0.566280528409943,0.058160504942971016,0.1277919981135983,0.3173203179114648,0.04514939041514288,0.4071805433122313,0.13760806984480733,0.21433749813419953,0.5006963122522596
False,90.0,-0.9999999999999992,174075200.51443508,rowcol,0.566280528409943,0.058160504942971016,0.12779199811359832,0.3173203179114648,0.045149390415142876,0.4071805433122313,0.13760806984480733,0.21433749813419953,0.5006963122522597
False,-90.0,1.0000000000000007,174075200.51443508,rowcol,0.5662805289965486,0.05816050485034066,0.12779200091290255,0.3173203165789975,0.04514939032077338,0.4071805381212944,0.13760807292392638,0.2143375027957773,0.5006963193177052
False,30.0,1.0000000000000007,174075200.51443508,rowcol,0.5662805289965486,0.05816050485034066,0.12779200091290255,0.3173203165789975,0.045149390320773364,0.40718053812129446,0.13760807292392638,0.2143375027957773,0.5006963193177052
True,-90.0,1.1000000000000008,174075200.51443508,rowcol,0.5731101973569797,0.05766281419471175,0.14202168063600815,0.2762462644497519,0.050996273955526576,0.32604300133680564,0.15288135717764884,0.22602877667473079,0.5023113063577763
True,30.0,1.1000000000000008,174075200.51443508,rowcol,0.5731101973569797,0.05766281419471175,0.14202168063600815,0.2762462644497519,0.050996273955526576,0.32604300133680564,0.15288135717764886,0.22602877667473084,0.5023113063577763
False,-20.0,0.6000000000000006,174075200.51443508,rowcol,0.43887634682480653,0.045122119822748406,0.15694740679441177,0.231610198960673,0.24941018326931552,0.280390774119251,0.13335569646450565,0.1806626171238777,0.5024524193439084
False,-80.0,-0.5999999999999993,174075200.51443508,rowcol,0.4388763465714177,0.04512211974822171,0.15694740775839508,0.23161020035252722,0.24941018510984356,0.28039077521639616,0.13335569717837173,0.1806626189768475,0.5024524236277125
False,40.0,-0.5999999999999993,174075200.51443508,rowcol,0.4388763465714177,0.04512211974822171,0.15694740775839508,0.23161020035252722,0.24941018510984359,0.2803907752163962,0.13335569717837173,0.1806626189768475,0.5024524236277125
False,-40.0,0.6000000000000006,174075200.51443508,rowcol,0.4388763467550682,0.04512212050105155,0.15702926497775802,0.2336195052053813,0.24979482308221337,0.281069468917818,0.13333839698614508,0.18449783273514567,0.5047073001386553
False,80.0,0.6000000000000006,174075200.51443508,rowcol,0.4388763467550682,0.04512212050105155,0.15702926497775802,0.23361950520538133,0.24979482308221337,0.281069468917818,0.13333839698614508,0.18449783273514567,0.5047073001386554
False,20.0,-0.5999999999999993,174075200.51443508,rowcol,0.43887634650167945,0.04512212042652464,0.15702926594629985,0.23361950669301967,0.24979482493303906,0.2810694700392155,0.13333839770266614,0.18449783476632392,0.5047073045319193
False,-90.0,-0.49999999999999933,174075200.51443508,rowcol,0.4399442912894021,0.04445638324891694,0.15922398277681107,0.22719145338720406,0.2685828367035376,0.266387469640728,0.12970916672371888,0.18800504848131006,0.5048634017176372
False,30.0,-0.49999999999999933,174075200.51443508,rowcol,0.4399442912894021,0.04445638324891694,0.15922398277681107,0.22719145338720406,0.2685828367035376,0.266387469640728,0.12970916672371888,0.18800504848131006,0.5048634017176372
False,-30.0,0.5000000000000007,174075200.51443508,rowcol,0.4399442916069092,0.04445638321206578,0.15922398326424303,0.22719145438804175,0.26858283999067206,0.2663874700109347,0.12970916619044656,0.188005050266743,0.5048634041807709
False,90.0,0.5000000000000007,174075200.51443508,rowcol,0.4399442916069092,0.04445638321206578,0.15922398326424303,0.22719145438804175,0.2685828399906721,0.2663874700109347,0.12970916619044656,0.188005050266743,0.5048634041807709
False,0.0,0.8000000000000006,174075200.51443508,rowcol,0.4855077316122982,0.049569913226056014,0.146605398940769,0.26618167298507367,0.24516614693198607,0.32189591681415175,0.1202279646835114,0.20808232102541835,0.5059978698073806
False,60.0,-0.7999999999999993,174075200.51443508,rowcol,0.48550773221555776,0.04956991320766908,0.14660539992310193,0.2661816733152348,0.24516615034057018,0.3218959149557872,0.12022796483274069,0.2080823242206503,0.5059978730845406
False,-60.0,-0.7999999999999993,174075200.51443508,rowcol,0.48550773221555776,0.04956991320766908,0.14660539992310195,0.26618167331523485,0.24516615034057018,0.3218959149557872,0.12022796483274069,0.20808232422065032,0.5059978730845407
False,-50.0,0.7000000000000006,174075200.51443508,rowcol,0.45539116842256483,0.04752339184356317,0.14678657254818192,0.2656923864954472,0.23719517024225112,0.3257061125710628,0.12336307743412732,0.20185148461507105,0.5060521041399929
False,70.0,0.7000000000000006,174075200.51443508,rowcol,0.45539116842256483,0.04752339184356316,0.14678657254818192,0.2656923864954472,0.23719517024225112,0.3257061125710628,0.12336307743412732,0.20185148461507102,0.5060521041399929
False,10.0,-0.6999999999999993,174075200.51443508,rowcol,0.4553911687571633,0.047523391924913456,0.14678657267067857,0.2656923865908669,0.23719517084381775,0.32570611390879295,0.12336307739561733,0.2018514830309776,0.5060521046029026
False,-40.0,-0.9999999999999992,174075200.51443508,rowcol,0.5550932992725142,0.05589936767112617,0.13619563115301814,0.29834942562132016,0.14379562557905895,0.3643434574092086,0.13476413980920807,0.2285448186685414,0.5069363190803746
False,80.0,-0.9999999999999992,174075200.51443508,rowcol,0.5550932992725142,0.05589936767112617,0.13619563115301814,0.2983494256213202,0.14379562557905898,0.36434345740920865,0.13476413980920804,0.22854481866854146,0.5069363190803746
False,20.0,1.0000000000000007,174075200.51443508,rowcol,0.555093299764899,0.055899367798350745,0.13619563176872607,0.2983494257290499,0.14379562641651783,0.3643434593951258,0.13476414038199766,0.22854481626493614,0.506936321035228
False,-50.0,-0.8999999999999992,174075200.51443508,rowcol,0.5215842685327611,0.05203186396010478,0.14549551037002156,0.27056008812559645,0.24845676819783447,0.3214570133044916,0.11736860497162309,0.2187742941766315,0.5070466192356611
False,70.0,-0.8999999999999992,174075200.51443508,rowcol,0.5215842685327611,0.05203186396010478,0.14549551037002156,0.2705600881255965,0.24845676819783452,0.3214570133044916,0.11736860497162308,0.21877429417663155,0.5070466192356612
False,10.0,0.9000000000000006,174075200.51443508,rowcol,0.5215842682908934,0.05203186389356025,0.14549551204946307,0.2705600903562548,0.24845677216558942,0.32145701518764697,0.11736860590200879,0.2187742969282852,0.5070466265046439
True,-60.0,-0.6999999999999993,174075200.51443508,rowcol,0.47578688900024607,0.048407717117701754,0.15430732629593316,0.24425357380376056,0.2878907585223963,0.29129904151447467,0.11420809782849155,0.19613976153102902,0.50717555269156
True,60.0,-0.6999999999999993,174075200.51443508,rowcol,0.47578688900024607,0.04840771711770175,0.15430732629593316,0.24425357380376056,0.2878907585223963,0.29129904151447467,0.11420809782849155,0.19613976153102902,0.50717555269156
False,-20.0,-0.9999999999999992,174075200.51443508,rowcol,0.5550932991533805,0.05589936885415103,0.136352798880302,0.30093814687150383,0.14490412509451714,0.3651941878882496,0.13473560699977805,0.23359553159459134,0.5099965435124099
False,-80.0,1.0000000000000007,174075200.51443508,rowcol,0.5550932996457653,0.05589936898137523,0.1363527995050144,0.30093814711293315,0.1449041259632984,0.36519418989541585,0.13473560757691544,0.23359552952823248,0.5099965456279762
False,40.0,1.0000000000000007,174075200.51443508,rowcol,0.5550932996457653,0.05589936898137523,0.13635279950501436,0.3009381471129332,0.1449041259632984,0.36519418989541585,0.1347356075769154,0.23359552952823243,0.5099965456279762
True,0.0,-0.6999999999999993,174075200.51443508,rowcol,0.47578688989147894,0.04840770835800356,0.15434550186983106,0.24998027067374123,0.2878908019311169,0.2914656485158594,0.1142690502353676,0.20880554391253223,0.5130167762832344
True,-90.0,-0.49999999999999933,174075200.51443508,rowcol,0.4406441851846049,0.04510541026240172,0.15648901180329935,0.24442070753327982,0.25771037624057574,0.2979138671903048,0.12979455962393907,0.18799834087267026,0.5138877429431778
True,30.0,-0.49999999999999933,174075200.51443508,rowcol,0.4406441851846049,0.04510541026240172,0.15648901180329935,0.24442070753327982,0.25771037624057574,0.2979138671903048,0.12979455962393907,0.18799834087267026,0.5138877429431778
False,-10.0,-0.8999999999999992,174075200.51443508,rowcol,0.5215842692058681,0.05203185721266109,0.145827478446738,0.27649356483442666,0.24960552252770463,0.3228906755418233,0.1174113988135172,0.23034979557115373,0.5139760001746406
False,-70.0,0.9000000000000006,174075200.51443508,rowcol,0.5215842689640005,0.052031857146116425,0.14582748013016525,0.27649356717136936,0.2496055265029283,0.3228906774490333,0.11741139974506022,0.23034979848696363,0.5139760075618651
False,50.0,0.9000000000000006,174075200.51443508,rowcol,0.5215842689640005,0.052031857146116425,0.14582748013016525,0.27649356717136936,0.24960552650292828,0.32289067744903327,0.11741139974506022,0.23034979848696358,0.5139760075618651
False,-60.0,0.8000000000000006,174075200.51443508,rowcol,0.48550773261045665,0.049569903449688105,0.14699061508749853,0.273041430609243,0.2463294417657831,0.3236930678572041,0.12035056359228667,0.22165790767317323,0.5140132758717386
False,60.0,0.8000000000000006,174075200.51443508,rowcol,0.48550773261045665,0.049569903449688105,0.14699061508749853,0.273041430609243,0.2463294417657831,0.3236930678572041,0.12035056359228667,0.22165790767317323,0.5140132758717386
False,0.0,-0.7999999999999993,174075200.51443508,rowcol,0.4855077332137162,0.04956990343130116,0.14699061606725708,0.2730414309304662,0.24632944515827013,0.3236930660079692,0.12035056374136394,0.22165791067271146,0.5140132791322374
True,0.0,1.2000000000000008,174075200.51443508,rowcol,0.5028908785995909,0.051084322592489274,0.14869334653269806,0.2705355997250409,0.05153270243727012,0.28045897132649933,0.1601742078896313,0.2618992408543038,0.516615639323135
True,70.0,-0.7999999999999993,174075200.51443508,rowcol,0.5066002129227647,0.050499471209635285,0.15802862109188204,0.24588147535880692,0.30303860359654533,0.2856868481004966,0.11307525420721333,0.20655016741179877,0.519967338634453
True,-50.0,-0.7999999999999993,174075200.51443508,rowcol,0.5066002129227647,0.050499471209635285,0.15802862109188207,0.2458814753588069,0.30303860359654533,0.2856868481004966,0.11307525420721334,0.20655016741179877,0.5199673386344531
True,-10.0,1.1000000000000008,174075200.51443508,rowcol,0.45680476003527687,0.04780730631572481,0.15318161635224847,0.262090845362217,0.051153806342566624,0.2877041097873851,0.16512036164928012,0.238429781020686,0.5216356944189624
True,10.0,1.300000000000001,174075200.51443508,rowcol,0.5525177357943687,0.05462334545016101,0.14809389644266835,0.2776412849733707,0.056294677057838166,0.2837555886808485,0.15922262355507064,0.2723929951231237,0.5219229743013758
True,-20.0,0.9000000000000006,174075200.51443508,rowcol,0.4377723037287193,0.045551203512960894,0.1587072803267134,0.24822734943898428,0.06290168659813097,0.2876783236605351,0.1704641540864338,0.20937195680574383,0.5243491904191245
True,-10.0,-0.7999999999999993,174075200.51443508,rowcol,0.5066002135306267,0.05049946511168871,0.15802095865325855,0.25076142937735446,0.30303859709881825,0.2853054265447111,0.11306259635811323,0.21750388918755742,0.5248243053371301
True,-30.0,0.8000000000000006,174075200.51443508,rowcol,0.4377547166605315,0.044740807201955175,0.15821432077843658,0.2502503691525041,0.07310913431458492,0.2817966757168137,0.1691752324940298,0.2202498111212274,0.5248933314878138
True,90.0,0.8000000000000006,174075200.51443508,rowcol,0.4377547166605315,0.044740807201955175,0.15821432077843658,0.2502503691525041,0.07310913431458495,0.2817966757168137,0.1691752324940298,0.2202498111212274,0.5248933314878138
True,-60.0,1.2000000000000008,174075200.51443508,rowcol,0.5028908800450744,0.05108430836267166,0.1487612541278601,0.2793590889243769,0.051533118159529004,0.2807555505908127,0.1602487142344602,0.2781792525647385,0.5256428513079572
True,60.0,1.2000000000000008,174075200.51443508,rowcol,0.5028908800450744,0.05108430836267166,0.1487612541278601,0.2793590889243769,0.051533118159529004,0.2807555505908127,0.1602487142344602,0.2781792525647385,0.5256428513079572
True,-40.0,0.9000000000000006,174075200.51443508,rowcol,0.4377723036296763,0.04555120446481914,0.1586734759283439,0.250363955405942,0.06290213085230002,0.28736615944063815,0.17042691434287327,0.21435665237222992,0.5263843831909737
True,80.0,0.9000000000000006,174075200.51443508,rowcol,0.4377723036296763,0.045551204464819146,0.1586734759283439,0.250363955405942,0.06290213085229998,0.28736615944063815,0.17042691434287327,0.21435665237222992,0.5263843831909737
True,70.0,1.1000000000000008,174075200.51443508,rowcol,0.45680476072600684,0.04780729971571327,0.15317074429836947,0.26837314214414143,0.05115375341470064,0.28718320849444484,0.16510844020554882,0.2514672137593474,0.5278853750392498
True,-50.0,1.1000000000000008,174075200.51443508,rowcol,0.45680476072600684,0.04780729971571327,0.1531707442983695,0.26837314214414143,0.05115375341470063,0.28718320849444484,0.16510844020554885,0.25146721375934744,0.5278853750392499
True,-30.0,-0.7999999999999993,174075200.51443508,rowcol,0.5309146726158128,0.05344537099243909,0.16118996311673847,0.24489848263204775,0.3029494153932111,0.2959391672699445,0.11827498472420422,0.19172893335177882,0.5284683719822632
True,90.0,-0.7999999999999993,174075200.51443508,rowcol,0.5309146726158128,0.053445370992439095,0.16118996311673847,0.24489848263204775,0.3029494153932111,0.2959391672699445,0.11827498472420422,0.19172893335177882,0.5284683719822632
True,-70.0,1.300000000000001,174075200.51443508,rowcol,0.552517736760786,0.05462333567480309,0.14808061028153083,0.28464538719459637,0.05629462021882092,0.2831312899665994,0.15920801715206861,0.2859125200649402,0.5288872180391888
True,50.0,1.300000000000001,174075200.51443508,rowcol,0.5525177367607861,0.05462333567480309,0.14808061028153083,0.28464538719459637,0.05629462021882092,0.2831312899665994,0.15920801715206861,0.2859125200649402,0.5288872180391888
True,-40.0,-0.7999999999999993,174075200.51443508,rowcol,0.5261536614777029,0.052438479309875496,0.160556815318503,0.2500580203941367,0.3030035033738683,0.294648829829148,0.11722692535414853,0.20518841944477195,0.5317284663496457
True,80.0,-0.7999999999999993,174075200.51443508,rowcol,0.5261536614777029,0.052438479309875496,0.16055681531850302,0.25005802039413677,0.3030035033738684,0.294648829829148,0.11722692535414853,0.20518841944477198,0.5317284663496458
True,-20.0,-0.7999999999999993,174075200.51443508,rowcol,0.5261536613800275,0.052438480289925246,0.16052711321552876,0.25194434206778843,0.30300358535145044,0.2943779373106372,0.11717878535497764,0.20971356901942512,0.5335256817143748
True,-70.0,-0.6999999999999993,174075200.51443508,rowcol,0.446762301441659,0.04643134481115444,0.16265912226962687,0.24750576610275843,0.28790651876432805,0.3009294754623406,0.12716764431202313,0.19135981491511345,0.535483132911639
True,50.0,-0.6999999999999993,174075200.51443508,rowcol,0.44676230144165896,0.04643134481115445,0.16265912226962687,0.24750576610275843,0.28790651876432805,0.3009294754623406,0.1271676443120231,0.19135981491511345,0.535483132911639
True,20.0,1.2000000000000008,174075200.51443508,rowcol,0.5745413587459957,0.056963279779507416,0.15052093921054843,0.2842451218026501,0.05149158145136083,0.31682947284458607,0.1621822077725536,0.25362173376461317,0.5358079394342954
True,-80.0,-0.5999999999999993,174075200.51443508,rowcol,0.43597305861319413,0.04518451575666577,0.16409367696895183,0.24359646659286832,0.27279205322782296,0.3018609074961279,0.1351685840569911,0.18058777818787047,0.5358774974997238
True,40.0,-0.5999999999999993,174075200.51443508,rowcol,0.43597305861319413,0.04518451575666577,0.16409367696895183,0.24359646659286827,0.27279205322782296,0.3018609074961279,0.1351685840569911,0.18058777818787045,0.5358774974997238
True,20.0,-0.5999999999999993,174075200.51443508,rowcol,0.4359730585429915,0.04518451643403201,0.16407188129463857,0.24504986315765126,0.2727921215202076,0.3016626182815745,0.1351372745411491,0.1844452594346895,0.537265507041567
True,-80.0,1.2000000000000008,174075200.51443508,rowcol,0.574541358603927,0.056963281212436094,0.15047341228613953,0.28673280250849087,0.051492305045032966,0.31645152938672366,0.16213001585699513,0.25911432086362823,0.5381530393669094
True,40.0,1.2000000000000008,174075200.51443508,rowcol,0.5745413586039271,0.05696328121243609,0.15047341228613953,0.28673280250849087,0.051492305045032986,0.3164515293867237,0.16213001585699513,0.2591143208636282,0.5381530393669094
True,10.0,-0.6999999999999993,174075200.51443508,rowcol,0.44676230192344896,0.046431340175372315,0.16265260724977926,0.25175344009934325,0.28790651277997975,0.3006126810852313,0.12715779430290514,0.201700299284265,0.539711261848681
False,-10.0,0.8000000000000006,174075200.51443508,rowcol,0.4519255691201983,0.04738148764428556,0.15787666768019532,0.27107293890338324,0.24944097802490117,0.33524610889968515,0.13463588528314763,0.20188642488831507,0.5447029419439692
False,-70.0,-0.7999999999999993,174075200.51443508,rowcol,0.45192556951410395,0.04738148773977669,0.15787666789806623,0.2710729390164293,0.24944097891618905,0.3352461105779392,0.13463588528419979,0.20188642282403796,0.544702942710628
False,50.0,-0.7999999999999993,174075200.51443508,rowcol,0.45192556951410395,0.04738148773977669,0.15787666789806626,0.27107293901642937,0.24944097891618908,0.33524611057793924,0.1346358852841998,0.20188642282403796,0.5447029427106281
True,-60.0,-0.7999999999999993,174075200.51443508,rowcol,0.4752697147318943,0.048360555692949905,0.1654283010589453,0.2502437609485956,0.30305603224492456,0.2931058342361393,0.12495537290497101,0.20745134284937353,0.5465286641254314
True,60.0,-0.7999999999999993,174075200.51443508,rowcol,0.4752697147318943,0.048360555692949905,0.1654283010589453,0.2502437609485956,0.30305603224492456,0.2931058342361393,0.12495537290497101,0.2074513428493735,0.5465286641254314
False,-20.0,0.7000000000000006,174075200.51443508,rowcol,0.4317497496280869,0.04449931775687474,0.17000763942589275,0.2373804478041727,0.26183748236056137,0.28432242154165493,0.14722128320742994,0.1890868689970378,0.5474033660818509
False,-80.0,-0.6999999999999993,174075200.51443508,rowcol,0.4317497493365017,0.044499317669434664,0.17000764055095427,0.2373804494672171,0.2618374845548003,0.284322422934002,0.1472212840320935,0.18908687107993272,0.5474033711200799
False,40.0,-0.6999999999999993,174075200.51443508,rowcol,0.4317497493365017,0.044499317669434664,0.1700076405509543,0.2373804494672171,0.2618374845548003,0.28432242293400206,0.1472212840320935,0.18908687107993272,0.54740337112008
False,-40.0,0.7000000000000006,174075200.51443508,rowcol,0.4317497495469147,0.04449931854443906,0.1700958042443405,0.23966016276443622,0.26226491119196915,0.28509136996500284,0.14720300140200324,0.19335905353025035,0.5499475754974577
False,80.0,0.7000000000000006,174075200.51443508,rowcol,0.43174974954691464,0.04449931854443906,0.17009580424434054,0.23966016276443627,0.26226491119196915,0.28509136996500284,0.14720300140200324,0.19335905353025035,0.5499475754974579
False,20.0,-0.6999999999999993,174075200.51443508,rowcol,0.43174974925532955,0.04449931845699873,0.1700958053742698,0.23966016453442743,0.26226491339722396,0.285091371384942,0.14720300222947716,0.19335905580838567,0.5499475806572368
False,0.0,0.9000000000000006,174075200.51443508,rowcol,0.48642864384781676,0.049722152429170365,0.157854948021835,0.27698836503047836,0.25929831128605496,0.3319777398831751,0.13116638574397713,0.22036474408247497,0.5505532090959834
False,-60.0,-0.8999999999999992,174075200.51443508,rowcol,0.4864286445251989,0.04972215240887895,0.15785494904820277,0.27698836538954585,0.25929831491171734,0.3319777378598921,0.1311663858978597,0.22036474747675744,0.5505532125341541
False,60.0,-0.8999999999999992,174075200.51443508,rowcol,0.4864286445251989,0.04972215240887895,0.15785494904820277,0.2769883653895458,0.2592983149117173,0.3319777378598921,0.1311663858978597,0.22036474747675744,0.5505532125341541
False,-50.0,0.8000000000000006,174075200.51443508,rowcol,0.4519255696553862,0.04738148253965289,0.15814868334466345,0.2763445851594003,0.2504583405958632,0.3364700578920725,0.13466904528907145,0.21302446819267176,0.5507906351933907
False,70.0,0.8000000000000006,174075200.51443508,rowcol,0.4519255696553862,0.04738148253965289,0.15814868334466345,0.27634458515940036,0.2504583405958632,0.3364700578920725,0.13466904528907145,0.21302446819267176,0.5507906351933907
False,10.0,-0.7999999999999993,174075200.51443508,rowcol,0.4519255700492918,0.04738148263514387,0.15814868356856018,0.27634458540557033,0.25045834150632346,0.3364700595886057,0.1346690452912831,0.21302446652701398,0.5507906361112509
False,-50.0,-0.9999999999999992,174075200.51443508,rowcol,0.5262978078283057,0.05244245509646712,0.15680077298347359,0.2815472742677148,0.26245428051515585,0.33172869611919314,0.12850023302666497,0.23105706057994105,0.5519495932181355
False,70.0,-0.9999999999999992,174075200.51443508,rowcol,0.5262978078283057,0.05244245509646712,0.15680077298347359,0.2815472742677148,0.2624542805151559,0.33172869611919314,0.12850023302666494,0.23105706057994105,0.5519495932181355
False,10.0,1.0000000000000007,174075200.51443508,rowcol,0.5262978075711747,0.052442455024693684,0.15680077483343643,0.28154727679547964,0.2624542849980323,0.3317286983705004,0.12850023402658708,0.23105706353217578,0.551949601295789
True,0.0,-0.7999999999999993,174075200.51443508,rowcol,0.4752697157515545,0.04836054567210328,0.16546899732472403,0.25662540753222035,0.30305607937235074,0.29329506153920265,0.12501904219613216,0.22112827901835427,0.5530323995063924
True,-90.0,1.2000000000000008,174075200.51443508,rowcol,0.581393122363157,0.05845342308736264,0.15615787684959342,0.28632421603458635,0.05145078629264276,0.33458403766509426,0.16836767450649667,0.2382884226013838,0.5547978465833666
True,30.0,1.2000000000000008,174075200.51443508,rowcol,0.581393122363157,0.05845342308736264,0.15615787684959342,0.28632421603458635,0.05145078629264276,0.33458403766509426,0.16836767450649667,0.2382884226013838,0.5547978465833666
False,-90.0,-0.5999999999999993,174075200.51443508,rowcol,0.43153309313395927,0.04354893049940853,0.174192215451356,0.2326354141438073,0.28587170718907234,0.2683532730611631,0.14483613065741047,0.1976622504988614,0.5552120604978752
False,30.0,-0.5999999999999993,174075200.51443508,rowcol,0.4315330931339593,0.04354893049940853,0.174192215451356,0.2326354141438073,0.28587170718907234,0.268353273061163,0.14483613065741047,0.1976622504988614,0.5552120604978752
False,-30.0,0.6000000000000006,174075200.51443508,rowcol,0.43153309351749886,0.04354893045620455,0.1741922159395107,0.2326354154676016,0.2858717111427386,0.268353273846611,0.14483612992909456,0.19766225247036626,0.5552120632861337
False,90.0,0.6000000000000006,174075200.51443508,rowcol,0.43153309351749886,0.04354893045620455,0.1741922159395107,0.2326354154676016,0.2858717111427386,0.26835327384661095,0.14483612992909456,0.19766225247036623,0.5552120632861337
False,-40.0,-1.0999999999999992,174075200.51443508,rowcol,0.5624619851905681,0.05661418668943658,0.14852617612043098,0.31019227262301463,0.1478092621477252,0.37661257410306964,0.1486564816881499,0.24053101238804683,0.5557708009843075
False,80.0,-1.0999999999999992,174075200.51443508,rowcol,0.5624619851905681,0.05661418668943658,0.14852617612043098,0.31019227262301463,0.1478092621477252,0.37661257410306964,0.1486564816881499,0.24053101238804683,0.5557708009843075
False,20.0,1.1000000000000008,174075200.51443508,rowcol,0.5624619857358489,0.0566141868293557,0.14852617689763048,0.31019227286895046,0.14780926345832798,0.37661257643799895,0.14865648236867743,0.24053100989734366,0.5557708035618418
False,90.0,-1.0999999999999992,174075200.51443508,rowcol,0.5747113671731403,0.0590786502417957,0.14183998644233678,0.3312687137414685,0.04772760366289037,0.4236645902289219,0.1528743036106539,0.2260036551099042,0.5567886730684788
False,-30.0,-1.0999999999999992,174075200.51443508,rowcol,0.5747113671731403,0.0590786502417957,0.1418399864423368,0.3312687137414685,0.047727603662890375,0.42366459022892194,0.1528743036106539,0.22600365510990422,0.5567886730684789
False,-90.0,1.1000000000000008,174075200.51443508,rowcol,0.5747113678156794,0.059078650138865624,0.14183998932129976,0.33126871214319836,0.04772760084509681,0.42366458434106086,0.1528743069290661,0.22600366007931685,0.5567886801070976
False,30.0,1.1000000000000008,174075200.51443508,rowcol,0.5747113678156794,0.059078650138865624,0.14183998932129976,0.3312687121431984,0.04772760084509681,0.42366458434106086,0.1528743069290661,0.22600366007931688,0.5567886801070977
True,0.0,1.300000000000001,174075200.51443508,rowcol,0.5051728337076442,0.05131350632083432,0.15964607515010795,0.27871531135328076,0.05632676044818185,0.2811838774978797,0.17191353992480335,0.27662222014407084,0.5576535368036046
False,-20.0,-1.0999999999999992,174075200.51443508,rowcol,0.5624619850593897,0.05661418799269375,0.14868471469536162,0.3129272941580342,0.14899531490541223,0.3775112418970057,0.14862802896851496,0.2458103365938416,0.558981438244119
False,-80.0,1.1000000000000008,174075200.51443508,rowcol,0.5624619856046706,0.05661418813261246,0.14868471548153173,0.3129272945442355,0.1489953162459444,0.377511244253911,0.14862802965338737,0.24581033445484157,0.5589814409888307
False,40.0,1.1000000000000008,174075200.51443508,rowcol,0.5624619856046706,0.05661418813261246,0.14868471548153173,0.3129272945442355,0.14899531624594436,0.377511244253911,0.1486280296533874,0.24581033445484154,0.5589814409888307
False,-60.0,0.9000000000000006,174075200.51443508,rowcol,0.4864286449686191,0.04972214146443126,0.15825744778950449,0.2844010205887644,0.2605356747162695,0.3339380795629877,0.13129281110292884,0.23478467392293495,0.5591733639572778
False,60.0,0.9000000000000006,174075200.51443508,rowcol,0.4864286449686191,0.04972214146443126,0.15825744778950449,0.2844010205887644,0.2605356747162695,0.3339380795629877,0.13129281110292884,0.23478467392293495,0.5591733639572778
False,0.0,-0.8999999999999992,174075200.51443508,rowcol,0.48642864564600125,0.04972214144413985,0.15825744881326184,0.2844010209393376,0.2605356783247124,0.3339380775531936,0.13129281125666328,0.2347846771087489,0.5591733673791232
True,70.0,-0.8999999999999992,174075200.51443508,rowcol,0.5099996976117542,0.05072025968578905,0.16918198695788242,0.25169217292156054,0.3182238949270388,0.286579583675935,0.1240206125929873,0.21807357843865613,0.5592381337952078
True,-50.0,-0.8999999999999992,174075200.51443508,rowcol,0.5099996976117541,0.05072025968578905,0.16918198695788245,0.25169217292156054,0.31822389492703884,0.286579583675935,0.1240206125929873,0.2180735784386561,0.5592381337952079
False,-10.0,-0.9999999999999992,174075200.51443508,rowcol,0.5262978085793131,0.05244244755956718,0.15714304925175243,0.28789255595745034,0.26366261193188895,0.33329409068315696,0.12854366348358823,0.24323618639465633,0.5593217037127076
False,-70.0,1.0000000000000007,174075200.51443508,rowcol,0.5262978083221821,0.05244244748779359,0.1571430511057376,0.2878925585932946,0.26366261642128513,0.33329409295744583,0.1285436644846912,0.24323618951730205,0.5593217119105074
False,50.0,1.0000000000000007,174075200.51443508,rowcol,0.5262978083221821,0.05244244748779359,0.1571430511057376,0.28789255859329466,0.2636626164212851,0.33329409295744583,0.1285436644846912,0.24323618951730203,0.5593217119105074
True,-10.0,1.2000000000000008,174075200.51443508,rowcol,0.45505680468616494,0.04774963793786251,0.16418062175393594,0.2692534474295269,0.05157169081494418,0.28879403504391615,0.1771548827356595,0.2516481378664687,0.5617953126913346
True,-10.0,-0.8999999999999992,174075200.51443508,rowcol,0.5099996983001508,0.050720252763859316,0.16917393511509893,0.257051531609761,0.3182238879659183,0.2861517873837562,0.12400762947870766,0.2297426166912287,0.5645733369550578
True,-90.0,-0.5999999999999993,174075200.51443508,rowcol,0.4323701681504345,0.04432818292550076,0.17100809097008177,0.2516738480504593,0.2728331976371867,0.3036464901769718,0.14493388819097688,0.1976550952224157,0.5646981209607046
True,30.0,-0.5999999999999993,174075200.51443508,rowcol,0.4323701681504345,0.04432818292550076,0.17100809097008177,0.2516738480504593,0.2728331976371867,0.3036464901769718,0.14493388819097688,0.19765509522241567,0.5646981209607046
True,10.0,1.400000000000001,174075200.51443508,rowcol,0.5581553562730569,0.05509293448436005,0.15954350849125556,0.2863235615811067,0.06450236588361687,0.28588421318191437,0.17127607927318772,0.2866925277600891,0.5649540870548734
True,60.0,1.300000000000001,174075200.51443508,rowcol,0.505172835266511,0.05131349097404993,0.15971459552271583,0.2879905330319022,0.056327172482786604,0.28150433022828897,0.17198874443384676,0.2933343551159701,0.5671343196000497
True,-60.0,1.300000000000001,174075200.51443508,rowcol,0.505172835266511,0.05131349097404994,0.15971459552271583,0.28799053303190225,0.056327172482786604,0.28150433022828897,0.1719887444338468,0.2933343551159701,0.5671343196000498
True,-50.0,1.2000000000000008,174075200.51443508,rowcol,0.45505680542896976,0.04774963085888951,0.16416955577571835,0.27592193420977207,0.05157163354331388,0.28822788125776727,0.17714276086128475,0.2651309679689371,0.5684306015369271
True,70.0,1.2000000000000008,174075200.51443508,rowcol,0.45505680542896976,0.04774963085888951,0.16416955577571835,0.27592193420977207,0.05157163354331387,0.2882278812577672,0.17714276086128475,0.2651309679689371,0.5684306015369271
True,-20.0,1.0000000000000007,174075200.51443508,rowcol,0.43328156252019007,0.045197722728762824,0.17137828502006322,0.25431434911210293,0.055236182651341045,0.2895727474354315,0.18484587076734418,0.2203371941922333,0.5684492041722926
True,-40.0,1.0000000000000007,174075200.51443508,rowcol,0.4332815624111827,0.04519772377374699,0.17134350183761532,0.25663095378758566,0.05523674476865181,0.2892281493506092,0.18480771285463363,0.22559991146510566,0.5706614593004316
True,80.0,1.0000000000000007,174075200.51443508,rowcol,0.4332815624111827,0.045197723773747,0.17134350183761532,0.25663095378758566,0.055236744768651785,0.28922814935060914,0.18480771285463363,0.22559991146510566,0.5706614593004316
True,-30.0,0.9000000000000006,174075200.51443508,rowcol,0.43261798269201557,0.044222044595309054,0.17162644363283616,0.25653790512309527,0.06297019398886398,0.2827568185792436,0.18466724163999418,0.23220753503016825,0.5714172360216038
True,90.0,0.9000000000000006,174075200.51443508,rowcol,0.43261798269201557,0.044222044595309054,0.17162644363283616,0.25653790512309527,0.062970193988864,0.2827568185792436,0.18466724163999418,0.23220753503016825,0.5714172360216038
True,-70.0,1.400000000000001,174075200.51443508,rowcol,0.5581553573162503,0.055092923915598384,0.15953022735797345,0.293636571999878,0.06450231246127872,0.2852168525895084,0.17126145652631178,0.30053491824037587,0.5722272540737984
True,50.0,1.400000000000001,174075200.51443508,rowcol,0.5581553573162504,0.055092923915598384,0.15953022735797345,0.293636571999878,0.06450231246127872,0.28521685258950835,0.17126145652631178,0.3005349182403758,0.5722272540737984
True,90.0,-0.8999999999999992,174075200.51443508,rowcol,0.5372891831162705,0.054010096843609204,0.17471368915463592,0.25066006610801683,0.31812391209041957,0.2985688710622041,0.1328224075496617,0.20174636175956337,0.5748011335719245
True,-30.0,-0.8999999999999992,174075200.51443508,rowcol,0.5372891831162705,0.054010096843609204,0.17471368915463595,0.25066006610801683,0.3181239120904197,0.2985688710622041,0.1328224075496617,0.20174636175956337,0.5748011335719246
True,-40.0,-0.8999999999999992,174075200.51443508,rowcol,0.531929237725068,0.05288774893287059,0.17329323774735003,0.25629736337657555,0.3181844748278725,0.29730490623735933,0.13057693279646626,0.21586177344669075,0.5761770766186256
True,80.0,-0.8999999999999992,174075200.51443508,rowcol,0.531929237725068,0.05288774893287059,0.17329323774735006,0.25629736337657555,0.31818447482787254,0.29730490623735933,0.13057693279646626,0.21586177344669075,0.5761770766186257
True,-70.0,-0.7999999999999993,174075200.51443508,rowcol,0.44191648295852953,0.046093463141458846,0.17445064817500386,0.253933367242445,0.30307381200362205,0.30460367205492295,0.13869875712971333,0.20169558170583993,0.5772853117674566
True,50.0,-0.7999999999999993,174075200.51443508,rowcol,0.44191648295852953,0.046093463141458846,0.17445064817500391,0.253933367242445,0.30307381200362205,0.30460367205492295,0.13869875712971333,0.20169558170583993,0.5772853117674567
True,-20.0,-0.8999999999999992,174075200.51443508,rowcol,0.5319292376147773,0.05288775004214134,0.17326227883194908,0.25836726642425234,0.3181845626524948,0.29700286018880645,0.13052831318822242,0.22069999272453683,0.5781541029200996
True,10.0,-0.7999999999999993,174075200.51443508,rowcol,0.441916483505839,0.0460934578941834,0.17444370562286396,0.25866156371733673,0.30307380550663654,0.30424596671187276,0.13868843575236361,0.2128994577414583,0.5819926805859286
True,-80.0,-0.6999999999999993,174075200.51443508,rowcol,0.4283156631647236,0.04456020144512132,0.1778103081778715,0.25012835928652793,0.2879382931704882,0.30736045295043996,0.14922157175820847,0.18902744071902447,0.5835592838201424
True,40.0,-0.6999999999999993,174075200.51443508,rowcol,0.4283156631647236,0.04456020144512132,0.17781030817787152,0.25012835928652793,0.28793829317048825,0.30736045295043996,0.1492215717582085,0.18902744071902447,0.5835592838201424
True,20.0,-0.6999999999999993,174075200.51443508,rowcol,0.42831566308290064,0.04456020223160931,0.17778684150263283,0.2517791862246061,0.2879383686538708,0.30713324545604015,0.14918848418750488,0.1933239900068644,0.5851397107325046
True,20.0,1.300000000000001,174075200.51443508,rowcol,0.582269641291057,0.057640891913166965,0.16392517201996534,0.2940131073974465,0.056307638376784125,0.32365675750778455,0.1766115290697471,0.2665430519963899,0.5857886234573425
True,-60.0,-0.8999999999999992,174075200.51443508,rowcol,0.4748472011615051,0.04832312925076486,0.17683049875713047,0.25685994311675586,0.3182432660936876,0.29502673421329395,0.13604316409270992,0.21968760386759867,0.5873514393881473
True,60.0,-0.8999999999999992,174075200.51443508,rowcol,0.4748472011615051,0.04832312925076486,0.17683049875713047,0.2568599431167559,0.3182432660936876,0.295026734213294,0.13604316409270992,0.21968760386759867,0.5873514393881474
True,-80.0,1.300000000000001,174075200.51443508,rowcol,0.5822696411370823,0.057640893468569786,0.16387789529173,0.296618419307583,0.056308355223122476,0.3232559464279389,0.17655960798932208,0.27220605278618876,0.5882521051827729
True,40.0,1.300000000000001,174075200.51443508,rowcol,0.5822696411370823,0.057640893468569786,0.16387789529173,0.296618419307583,0.05630835522312249,0.3232559464279389,0.17655960798932208,0.27220605278618876,0.5882521051827729
False,-10.0,0.9000000000000006,174075200.51443508,rowcol,0.4485508921910712,0.04725826251496346,0.16965801772008868,0.28212359733939607,0.2634885138711882,0.34675140998809584,0.14620400007166973,0.21310453452218878,0.5910976504996621
False,-70.0,-0.8999999999999992,174075200.51443508,rowcol,0.44855089264726833,0.04725826262522662,0.1696580180467055,0.28212359761295885,0.2634885150977833,0.34675141204217175,0.14620400011682916,0.21310453237810933,0.5910976517530753
False,50.0,-0.8999999999999992,174075200.51443508,rowcol,0.44855089264726833,0.04725826262522662,0.1696580180467055,0.28212359761295885,0.2634885150977833,0.34675141204217175,0.14620400011682919,0.21310453237810933,0.5910976517530753
False,-20.0,0.8000000000000006,174075200.51443508,rowcol,0.4246441745098673,0.04388532195233718,0.18338663381299922,0.2442441620196763,0.2745118488790235,0.2893863697048478,0.1613222885285205,0.19848525327874114,0.5944040634586739
False,-80.0,-0.7999999999999993,174075200.51443508,rowcol,0.4246441741814097,0.04388532185216885,0.18338663509695408,0.24424416397134663,0.27451185143322526,0.2893863714457956,0.16132228946188973,0.1984852555654316,0.5944040692622088
False,40.0,-0.7999999999999993,174075200.51443508,rowcol,0.4246441741814097,0.04388532185216885,0.18338663509695408,0.24424416397134663,0.2745118514332253,0.2893863714457957,0.16132228946188973,0.1984852555654316,0.5944040692622088
True,0.0,-0.8999999999999992,174075200.51443508,rowcol,0.4748472023096436,0.04832311796858093,0.17687332998687527,0.26384848448019554,0.3182433165818953,0.2952382213452144,0.13610895507607557,0.23421572628913956,0.5944684744408213
False,-40.0,0.8000000000000006,174075200.51443508,rowcol,0.42464417441732705,0.04388532284777733,0.1834800431095364,0.24676975942544085,0.2749777700141731,0.2902392162118579,0.16130322139226824,0.20313464877250542,0.59720988875405
False,80.0,0.8000000000000006,174075200.51443508,rowcol,0.42464417441732705,0.04388532284777733,0.1834800431095364,0.2467697594254409,0.2749777700141731,0.2902392162118579,0.16130322139226824,0.20313464877250542,0.59720988875405
False,20.0,-0.7999999999999993,174075200.51443508,rowcol,0.42464417408886945,0.0438853227476087,0.18348004439861273,0.24676976149370694,0.27497777257995254,0.290239217983454,0.161303222328572,0.2031346512693164,0.5972098946895451
False,0.0,1.0000000000000007,174075200.51443508,rowcol,0.48745583984276425,0.04989310758854363,0.1695494143558054,0.28860143608450867,0.2742402585062274,0.3428455356125016,0.14240157126110223,0.23342019528412292,0.5972496791519248
False,-60.0,-0.9999999999999992,174075200.51443508,rowcol,0.48745584059382513,0.04989310756622053,0.1695494154175557,0.2886014364604198,0.274240262315248,0.3428455334227743,0.1424015714185928,0.23342019884460793,0.5972496827130869
False,60.0,-0.9999999999999992,174075200.51443508,rowcol,0.4874558405938251,0.04989310756622053,0.1695494154175557,0.28860143646041975,0.274240262315248,0.3428455334227743,0.1424015714185928,0.23342019884460788,0.5972496827130869
False,70.0,0.9000000000000006,174075200.51443508,rowcol,0.44855089278732924,0.047258256855590784,0.16994279116119637,0.2878175732295515,0.2645720093945376,0.348078490110849,0.1462383534407479,0.22497223645894648,0.5976459467131405
False,-50.0,0.9000000000000006,174075200.51443508,rowcol,0.44855089278732924,0.047258256855590784,0.16994279116119637,0.28781757322955154,0.2645720093945376,0.348078490110849,0.14623835344074787,0.22497223645894648,0.5976459467131406
False,10.0,-0.8999999999999992,174075200.51443508,rowcol,0.4485508932435265,0.04725825696585379,0.1699427914939668,0.28781757364532007,0.2645720106403835,0.34807849218631504,0.1462383534870982,0.22497223473762756,0.5976459481272205
False,-50.0,-1.0999999999999992,174075200.51443508,rowcol,0.5310689169493856,0.052867262319730234,0.1685492786676822,0.2932252594573999,0.2771910338582234,0.3427198152027784,0.13993509822688915,0.24394716562466745,0.5988730954604465
False,70.0,-1.0999999999999992,174075200.51443508,rowcol,0.5310689169493856,0.052867262319730234,0.1685492786676822,0.29322525945739997,0.2771910338582234,0.3427198152027784,0.13993509822688915,0.2439471656246675,0.5988730954604466
False,10.0,1.1000000000000008,174075200.51443508,rowcol,0.5310689166791159,0.05286726224282321,0.168549280682018,0.29322526228558254,0.2771910388494547,0.34271981784584016,0.13993509929319908,0.2439471687603031,0.5988731043316365
True,-50.0,-0.9999999999999992,174075200.51443508,rowcol,0.5134673392958594,0.05094835392134506,0.18063509522212837,0.25805077196607,0.3334281755968761,0.2875662364167965,0.1353214860193011,0.230318885015997,0.5999560576324551
True,70.0,-0.9999999999999992,174075200.51443508,rowcol,0.5134673392958594,0.05094835392134506,0.18063509522212837,0.25805077196607,0.33342817559687604,0.2875662364167965,0.1353214860193011,0.230318885015997,0.5999560576324551
True,0.0,1.400000000000001,174075200.51443508,rowcol,0.5075336173757643,0.05155083947342507,0.17091155015203574,0.28734630283576207,0.0645270203960355,0.2820378639354192,0.1837832832882269,0.291735878906466,0.6000809532918693
True,-10.0,1.300000000000001,174075200.51443508,rowcol,0.4534047896993824,0.04770072516978229,0.1755076603078146,0.2768631915606807,0.05635969863498942,0.2899757481413132,0.18931102484789641,0.2653345016240361,0.6033861724841244
True,-10.0,-0.9999999999999992,174075200.51443508,rowcol,0.5134673400656328,0.05094834616341947,0.18062671609414058,0.2638554253771404,0.3334281682149934,0.28709250142549875,0.1353082652634295,0.24259634309461017,0.6057355736595621
False,-60.0,1.0000000000000007,174075200.51443508,rowcol,0.48745584108547596,0.04989309544724436,0.16996580925268617,0.29651469311288037,0.27554021890555314,0.34497473168352677,0.14253096445661373,0.2485507135473217,0.6064121208709389
False,60.0,1.0000000000000007,174075200.51443508,rowcol,0.48745584108547596,0.04989309544724436,0.16996580925268617,0.29651469311288037,0.27554021890555314,0.3449747316835268,0.14253096445661373,0.2485507135473217,0.6064121208709389
False,0.0,-0.9999999999999992,174075200.51443508,rowcol,0.4874558418365368,0.04989309542492126,0.16996581031183525,0.2965146934802118,0.2755402226966033,0.34497472951004726,0.1425309646139614,0.2485507168910627,0.6064121244157176
False,-40.0,-1.1999999999999993,174075200.51443508,rowcol,0.5698401783059754,0.05733339216394858,0.16133428363686328,0.3225327706994251,0.15317452259829556,0.38937987081881775,0.16277756545705033,0.2529926685741457,0.606535621610015
False,80.0,-1.1999999999999993,174075200.51443508,rowcol,0.5698401783059754,0.05733339216394859,0.1613342836368633,0.3225327706994251,0.15317452259829556,0.38937987081881775,0.16277756545705033,0.2529926685741457,0.6065356216100151
False,20.0,1.2000000000000008,174075200.51443508,rowcol,0.5698401789047042,0.05733339231732609,0.16133428457422722,0.3225327711219329,0.1531745244142153,0.38937987356350423,0.1627775662439737,0.25299266601316006,0.6065356248446145
False,-10.0,-1.0999999999999992,174075200.51443508,rowcol,0.5310689177787646,0.0528672539883461,0.16889955729622527,0.2999395997977422,0.2784495738520896,0.34441225650174445,0.13997896861499587,0.2566404795908462,0.606638271686418
False,-70.0,1.1000000000000008,174075200.51443508,rowcol,0.531068917508495,0.05286725391143892,0.16889955931462408,0.2999396027352561,0.278449578848951,0.3444122591669782,0.13997896968250567,0.2566404829031677,0.6066382806791284
False,50.0,1.1000000000000008,174075200.51443508,rowcol,0.531068917508495,0.05286725391143892,0.16889955931462408,0.2999396027352561,0.278449578848951,0.34441225916697826,0.1399789696825057,0.2566404829031677,0.6066382806791284
False,-90.0,-0.6999999999999993,174075200.51443508,rowcol,0.42312377132981394,0.042642526347834726,0.1894260582668362,0.23946689503997615,0.30318741744652467,0.27200432832955557,0.16021007179719657,0.20820345712243898,0.6077450698404847
False,30.0,-0.6999999999999993,174075200.51443508,rowcol,0.42312377132981394,0.042642526347834726,0.1894260582668362,0.23946689503997615,0.30318741744652467,0.2720043283295555,0.16021007179719657,0.20820345712243904,0.6077450698404847
False,-30.0,0.7000000000000006,174075200.51443508,rowcol,0.4231237717803451,0.04264252629866879,0.18942605874065982,0.2394668967113645,0.303187422068137,0.2720043296300805,0.16021007086531602,0.20820345923260067,0.607745072933344
False,90.0,0.7000000000000006,174075200.51443508,rowcol,0.4231237717803451,0.04264252629866879,0.18942605874065982,0.2394668967113645,0.303187422068137,0.2720043296300805,0.16021007086531605,0.20820345923260067,0.607745072933344
True,-90.0,1.300000000000001,174075200.51443508,rowcol,0.5896763813512084,0.059244548373284425,0.170669443845997,0.29697858433298563,0.056288947736194604,0.3436912568732886,0.18401071247411613,0.25105308211495336,0.6089869158709766
True,30.0,1.300000000000001,174075200.51443508,rowcol,0.5896763813512084,0.059244548373284425,0.170669443845997,0.29697858433298563,0.056288947736194604,0.3436912568732886,0.18401071247411613,0.2510530821149535,0.6089869158709766
True,10.0,1.500000000000001,174075200.51443508,rowcol,0.5638191720651928,0.05556723593761905,0.17127014661622095,0.29542977601448045,0.07500712685162109,0.28827889586047944,0.1834524866555423,0.30131224433477294,0.6092402158631433
False,-20.0,-1.1999999999999993,174075200.51443508,rowcol,0.5698401781627347,0.05733339358762751,0.16149351082942914,0.3254018491939893,0.1544229989790939,0.39032749968885394,0.16274921902627,0.25846906916063406,0.6098823816822767
False,-80.0,1.2000000000000008,174075200.51443508,rowcol,0.5698401787614634,0.05733339374100457,0.16149351177571125,0.32540184976397196,0.15442300082281613,0.39032750245920306,0.16274921981752927,0.2584690669632962,0.6098823850911057
False,40.0,1.2000000000000008,174075200.51443508,rowcol,0.5698401787614634,0.05733339374100457,0.16149351177571122,0.325401849763972,0.1544230008228161,0.39032750245920317,0.16274921981752927,0.25846906696329613,0.6098823850911057
True,-60.0,1.400000000000001,174075200.51443508,rowcol,0.5075336190467352,0.05155082302220815,0.17098047833911534,0.29703291496700646,0.06452740773556684,0.28238190814620484,0.18385904296602332,0.3088166466880417,0.6099743499843524
True,60.0,1.400000000000001,174075200.51443508,rowcol,0.5075336190467352,0.05155082302220815,0.17098047833911534,0.29703291496700646,0.06452740773556684,0.28238190814620484,0.18385904296602332,0.3088166466880417,0.6099743499843524
True,70.0,1.300000000000001,174075200.51443508,rowcol,0.45340479049221816,0.04770071763372173,0.17549644573709094,0.283886747046703,0.05635964186166336,0.2893648696236157,0.18929873591924878,0.27919650782768485,0.6103760842579758
True,-50.0,1.300000000000001,174075200.51443508,rowcol,0.45340479049221816,0.04770071763372173,0.17549644573709094,0.2838867470467031,0.05635964186166338,0.2893648696236157,0.18929873591924878,0.2791965078276849,0.610376084257976
True,-20.0,1.1000000000000008,174075200.51443508,rowcol,0.428886257237955,0.04485089642133098,0.18444932468339045,0.26093446726871716,0.051176572953973605,0.2917069213103706,0.19936288713983127,0.23191554071685064,0.6142824413188885
False,-30.0,-1.1999999999999993,174075200.51443508,rowcol,0.583143000147787,0.05999721546234892,0.1563810126414849,0.34569873554350555,0.05595949626620791,0.44057809242356183,0.16835037884509424,0.23826159656677628,0.6148417734679603
False,90.0,-1.1999999999999993,174075200.51443508,rowcol,0.583143000147787,0.05999721546234892,0.15638101264148493,0.34569873554350555,0.05595949626620789,0.44057809242356183,0.16835037884509424,0.23826159656677628,0.6148417734679603
False,-90.0,1.2000000000000008,174075200.51443508,rowcol,0.5831430008458488,0.05999721534896606,0.15638101559373302,0.34569873366963144,0.055959491114047494,0.44057808582741037,0.16835038239948075,0.23826160181911551,0.6148417804508304
False,30.0,1.2000000000000008,174075200.51443508,rowcol,0.5831430008458488,0.05999721534896606,0.15638101559373302,0.3456987336696315,0.055959491114047494,0.44057808582741037,0.16835038239948075,0.23826160181911551,0.6148417804508306
True,-40.0,1.1000000000000008,174075200.51443508,rowcol,0.4288862571192416,0.04485089755652626,0.18441377479528245,0.2634175761977283,0.051177240331349856,0.29133061784130454,0.1993239700790126,0.23741596710044408,0.6166589005835756
True,80.0,1.1000000000000008,174075200.51443508,rowcol,0.4288862571192416,0.04485089755652626,0.18441377479528245,0.2634175761977283,0.05117724033134985,0.29133061784130454,0.1993239700790126,0.23741596710044408,0.6166589005835756
True,-70.0,1.500000000000001,174075200.51443508,rowcol,0.5638191731854063,0.055567224571246514,0.17125689133712443,0.30302301458254177,0.07500707762962833,0.28756976172199955,0.1834378595502207,0.3154335189614949,0.616793688593915
True,50.0,1.500000000000001,174075200.51443508,rowcol,0.5638191731854063,0.055567224571246514,0.17125689133712443,0.30302301458254177,0.07500707762962833,0.28756976172199955,0.1834378595502207,0.3154335189614949,0.616793688593915
True,-90.0,-0.6999999999999993,174075200.51443508,rowcol,0.424096963266086,0.04355213978166389,0.18581274275012197,0.2597751606932576,0.28798605559668683,0.31013621520326157,0.1603194942126421,0.2081960864105501,0.6172133889436235
True,30.0,-0.6999999999999993,174075200.51443508,rowcol,0.424096963266086,0.04355213978166389,0.18581274275012197,0.2597751606932576,0.28798605559668683,0.31013621520326157,0.1603194942126421,0.2081960864105501,0.6172133889436235
True,-30.0,1.0000000000000007,174075200.51443508,rowcol,0.42758040073934017,0.04370690411451622,0.1854910892059078,0.263350598120983,0.055306122614659115,0.2839318921946536,0.2003023901429676,0.24470556853031913,0.6198238657387063
True,90.0,1.0000000000000007,174075200.51443508,rowcol,0.42758040073934017,0.04370690411451622,0.18549108920590782,0.26335059812098305,0.05530612261465912,0.2839318921946536,0.2003023901429676,0.24470556853031913,0.6198238657387065
True,-70.0,-0.8999999999999992,174075200.51443508,rowcol,0.437123444254022,0.04576362773456084,0.1864539362144586,0.2609717929781556,0.3182630308914826,0.30849738097675033,0.1504617850406458,0.21294467930846658,0.6203336016215314
True,50.0,-0.8999999999999992,174075200.51443508,rowcol,0.43712344425402194,0.04576362773456084,0.1864539362144586,0.2609717929781556,0.3182630308914826,0.30849738097675033,0.1504617850406458,0.21294467930846664,0.6203336016215314
True,-40.0,-0.9999999999999992,174075200.51443508,rowcol,0.5377563938505845,0.05334117202692844,0.18641652986302848,0.26305835876602923,0.3333844462997014,0.30018240347466374,0.14431256164467932,0.22718890540956968,0.6223079483551146
True,80.0,-0.9999999999999992,174075200.51443508,rowcol,0.5377563938505845,0.05334117202692843,0.1864165298630285,0.2630583587660293,0.33338444629970143,0.30018240347466374,0.14431256164467932,0.22718890540956968,0.6223079483551148
True,-30.0,-0.9999999999999992,174075200.51443508,rowcol,0.5437154551295021,0.05457681084097598,0.18866633327792187,0.2569845558566176,0.333317447273981,0.30138115361525647,0.14775634808566676,0.21258720799083802,0.6229835556903832
True,90.0,-0.9999999999999992,174075200.51443508,rowcol,0.5437154551295021,0.05457681084097598,0.18866633327792187,0.2569845558566176,0.333317447273981,0.30138115361525647,0.14775634808566676,0.21258720799083797,0.6229835556903832
True,-20.0,-0.9999999999999992,174075200.51443508,rowcol,0.53775639372761,0.053341173266690134,0.18638455275798388,0.26529865078586073,0.3333845394335247,0.2998499986248122,0.14426368242878942,0.23229651004696483,0.6244523090598124
True,10.0,-0.8999999999999992,174075200.51443508,rowcol,0.4371234448658677,0.04576362189035351,0.1864466285558331,0.2661444839409471,0.31826302393120376,0.30810001899464484,0.15045108115386263,0.22488029907734705,0.6254843696084464
True,-60.0,-0.9999999999999992,174075200.51443508,rowcol,0.4745196011475908,0.048295460423450634,0.18846288347295073,0.26405506957573227,0.33344945950536997,0.29705952787134604,0.14739464523926646,0.2327027223362134,0.6294437199945845
True,60.0,-0.9999999999999992,174075200.51443508,rowcol,0.47451960114759073,0.048295460423450634,0.18846288347295073,0.26405506957573227,0.33344945950536997,0.29705952787134604,0.14739464523926646,0.2327027223362134,0.6294437199945845
True,-80.0,-0.7999999999999993,174075200.51443508,rowcol,0.4206641359796015,0.0439399700970374,0.1917677793053598,0.25741484688737815,0.303110111448792,0.31341079150803725,0.16349670082841247,0.19844667210570785,0.6327181848034575
True,40.0,-0.7999999999999993,174075200.51443508,rowcol,0.4206641359796015,0.0439399700970374,0.1917677793053598,0.25741484688737815,0.303110111448792,0.31341079150803725,0.16349670082841247,0.19844667210570782,0.6327181848034575
True,20.0,-0.7999999999999993,174075200.51443508,rowcol,0.42066413588618573,0.0439399709913636,0.19174291226830945,0.25924762551846653,0.3031101933975357,0.31315612925904307,0.1634621882925878,0.20312202445379815,0.6344763623233949
True,0.0,-0.9999999999999992,174075200.51443508,rowcol,0.4745196024241809,0.04829544788050871,0.18850753646058724,0.27160339585574084,0.3334495130451583,0.29729289753402094,0.1474621173809789,0.2479468232246551,0.6371260052375025
True,20.0,1.400000000000001,174075200.51443508,rowcol,0.5900002592716802,0.05832039032883525,0.17763720194952085,0.3042455832269358,0.06452937267370293,0.3309560607243935,0.1911746798773546,0.27981546350965486,0.6371571890754983
False,-10.0,1.0000000000000007,174075200.51443508,rowcol,0.4452692044473208,0.047154041618387904,0.18178966368948024,0.2939213620929283,0.27826736883674025,0.35898087230407644,0.1579778435421801,0.22509250554896768,0.639290353161369
False,-70.0,-0.9999999999999992,174075200.51443508,rowcol,0.4452692049688213,0.047154041744735045,0.1817896641303439,0.2939213625432738,0.27826737041904437,0.3589808747489661,0.15797784363393433,0.22509250335242448,0.6392903549343054
False,50.0,-0.9999999999999992,174075200.51443508,rowcol,0.4452692049688212,0.047154041744735045,0.18178966413034392,0.2939213625432738,0.27826737041904437,0.3589808747489661,0.15797784363393436,0.22509250335242448,0.6392903549343055
True,-80.0,1.400000000000001,174075200.51443508,rowcol,0.5900002591057917,0.05832039200705258,0.17759021914998732,0.3069568748318352,0.06453004630324033,0.3305339301541214,0.1911230248993136,0.2856261887176117,0.6397275322817971
True,40.0,1.400000000000001,174075200.51443508,rowcol,0.5900002591057917,0.05832039200705258,0.17759021914998732,0.3069568748318352,0.06453004630324034,0.3305339301541214,0.1911230248993136,0.2856261887176117,0.6397275322817971
True,70.0,-1.0999999999999992,174075200.51443508,rowcol,0.5170017665461655,0.051183656244499165,0.19233440625346376,0.26491782297827254,0.3486489612887476,0.2886458432382879,0.14689584679500683,0.24317705731371148,0.6419210417386638
True,-50.0,-1.0999999999999992,174075200.51443508,rowcol,0.5170017665461655,0.051183656244499165,0.1923344062534638,0.26491782297827254,0.3486489612887476,0.2886458432382879,0.14689584679500686,0.24317705731371142,0.6419210417386639
False,-20.0,0.9000000000000006,174075200.51443508,rowcol,0.4175606946613159,0.04328038548335195,0.197019462220834,0.2520775685400781,0.28740059766225456,0.2954600217153896,0.17560200858772698,0.2087262236809693,0.6431359552025802
False,-80.0,-0.8999999999999992,174075200.51443508,rowcol,0.4175606942973839,0.04328038537038208,0.19701946366164597,0.25207757078478416,0.2874006005812479,0.29546002383574943,0.17560200962811257,0.2087262261475552,0.6431359617697221
False,40.0,-0.8999999999999992,174075200.51443508,rowcol,0.4175606942973839,0.04328038537038208,0.19701946366164597,0.25207757078478416,0.2874006005812479,0.2954600238357494,0.17560200962811257,0.20872622614755518,0.6431359617697221
True,0.0,1.500000000000001,174075200.51443508,rowcol,0.5099721348560344,0.05179621002701954,0.18243184288031175,0.29638915234951363,0.07502477375040048,0.2830197621775773,0.1957597172383582,0.30718255720620086,0.6436846809904488
False,0.0,1.1000000000000008,174075200.51443508,rowcol,0.4885886492530141,0.05008232851960919,0.18160286583323265,0.3008911704237911,0.2898667884576704,0.35435940288596773,0.1538685274428092,0.2471261898689725,0.645699767923489
False,-60.0,-1.0999999999999992,174075200.51443508,rowcol,0.4885886500772655,0.05008232849529069,0.1816028669236397,0.3008911708077336,0.2898667924217171,0.35435940053198,0.15386852760313835,0.247126193568289,0.6456997715786527
False,60.0,-1.0999999999999992,174075200.51443508,rowcol,0.4885886500772655,0.05008232849529069,0.1816028669236397,0.3008911708077336,0.2898667924217171,0.35435940053198,0.15386852760313835,0.247126193568289,0.6456997715786527
False,-40.0,0.9000000000000006,174075200.51443508,rowcol,0.4175606945574788,0.04328038648515194,0.19711727690210187,0.25482788446267024,0.28790124125641103,0.2963960759292893,0.17558230246847095,0.21369917204661926,0.6461797151689759
False,80.0,0.9000000000000006,174075200.51443508,rowcol,0.4175606945574788,0.04328038648515194,0.1971172769021019,0.25482788446267024,0.28790124125641103,0.2963960759292893,0.17558230246847095,0.21369917204661926,0.6461797151689759
False,20.0,-0.8999999999999992,174075200.51443508,rowcol,0.41756069419354686,0.043280386372181734,0.19711727834824644,0.25482788683052193,0.2879012441874189,0.29639607807969515,0.1755823035118921,0.21369917473647596,0.6461797218752612
True,-10.0,1.400000000000001,174075200.51443508,rowcol,0.45184976738332305,0.04766059496842199,0.18710316509864341,0.28488424822745984,0.06455262127502416,0.2912481318189948,0.2015667849295012,0.27942010997566985,0.6461937435233901
False,-50.0,1.0000000000000007,174075200.51443508,rowcol,0.44526920510311885,0.047154035425775974,0.182084970693533,0.29999981264095327,0.2794073229701401,0.36041814280077766,0.15801316922330197,0.2375779266409588,0.6462547247215522
False,70.0,1.0000000000000007,174075200.51443508,rowcol,0.44526920510311885,0.04715403542577597,0.182084970693533,0.29999981264095327,0.2794073229701401,0.3604181428007776,0.15801316922330197,0.2375779266409588,0.6462547247215522
False,10.0,-0.9999999999999992,174075200.51443508,rowcol,0.44526920562461925,0.047154035552122935,0.18208497114063055,0.2999998132437188,0.2794073245715277,0.36041814527490107,0.15801316931627113,0.23757792488565704,0.6462547266656105
False,-50.0,-1.1999999999999993,174075200.51443508,rowcol,0.5358960582571912,0.05330637826407063,0.18065457185296072,0.30545938170149256,0.2925553372189617,0.3542587628414171,0.15160460057851374,0.2573533658413709,0.6474230972603747
False,70.0,-1.1999999999999993,174075200.51443508,rowcol,0.5358960582571912,0.05330637826407063,0.18065457185296072,0.30545938170149256,0.2925553372189617,0.3542587628414171,0.15160460057851372,0.2573533658413709,0.6474230972603747
False,10.0,1.2000000000000008,174075200.51443508,rowcol,0.5358960579758544,0.05330637818273307,0.18065457402655066,0.3054593848268877,0.292555342711047,0.3542587658863917,0.15160460170888798,0.2573533691456808,0.6474231069065397
True,-10.0,-1.0999999999999992,174075200.51443508,rowcol,0.5170017673981112,0.05118364763906717,0.19232574998572488,0.27113443392062375,0.3486489535231704,0.28812664450091086,0.1468824500553014,0.2559724381411957,0.6481116838777984
True,-50.0,1.400000000000001,174075200.51443508,rowcol,0.4518497682240897,0.047660586997471534,0.18709183621200975,0.29223356675168327,0.06455256789438592,0.2905930899987392,0.2015543552303219,0.2936060949928938,0.6535090753877125
True,70.0,1.400000000000001,174075200.51443508,rowcol,0.4518497682240897,0.047660586997471534,0.18709183621200975,0.29223356675168327,0.06455256789438589,0.2905930899987392,0.2015543552303219,0.2936060949928938,0.6535090753877125
True,60.0,1.500000000000001,174075200.51443508,rowcol,0.5099721366377996,0.051796192484215374,0.18250103172299514,0.30644986039815897,0.07502513068794664,0.2833870877802881,0.19583592320907453,0.3245793103364888,0.6539529555671444
True,-60.0,1.500000000000001,174075200.51443508,rowcol,0.5099721366377996,0.051796192484215374,0.18250103172299517,0.30644986039815897,0.07502513068794664,0.2833870877802881,0.19583592320907453,0.3245793103364888,0.6539529555671445
True,10.0,1.6000000000000012,174075200.51443508,rowcol,0.5695084016265829,0.05604613017073281,0.1832206271801819,0.30492194909532716,0.0869806431736388,0.2909330669815647,0.19572890036599008,0.31620773730241253,0.6545838306358729
False,-60.0,1.1000000000000008,174075200.51443508,rowcol,0.48858865061682755,0.0500823152146393,0.1820305208640007,0.30925179789564305,0.29121970603758474,0.3566497212646645,0.15400025617462598,0.2628556073615333,0.6553433604876452
False,60.0,1.1000000000000008,174075200.51443508,rowcol,0.48858865061682755,0.0500823152146393,0.1820305208640007,0.30925179789564305,0.29121970603758474,0.3566497212646645,0.15400025617462598,0.2628556073615333,0.6553433604876452
False,0.0,-1.0999999999999992,174075200.51443508,rowcol,0.488588651441079,0.0500823151903208,0.18203052195184602,0.30925179827095695,0.29121970998321567,0.35664971892911723,0.15400025633481798,0.26285561083948134,0.655343364126495
False,-10.0,-1.1999999999999993,174075200.51443508,rowcol,0.5358960591653782,0.053306369133946076,0.18101110753293678,0.3125016037716104,0.29385624652084846,0.35606649933238665,0.15164877602392599,0.27048569000611267,0.6555349263704208
False,-70.0,1.2000000000000008,174075200.51443508,rowcol,0.5358960588840413,0.05330636905260835,0.18101110971063356,0.312501607007837,0.2938562520177603,0.35606650239995663,0.15164877715551575,0.27048569349340373,0.6555349361397377
False,50.0,1.2000000000000008,174075200.51443508,rowcol,0.5358960588840413,0.05330636905260835,0.18101110971063356,0.312501607007837,0.2938562520177602,0.35606650239995663,0.15164877715551578,0.27048569349340373,0.6555349361397377
False,-40.0,-1.2999999999999994,174075200.51443508,rowcol,0.5772275140523517,0.058056732643642896,0.17451483660754086,0.3353074818528373,0.159755285124954,0.4025824611991267,0.1770726748631503,0.26586293731128224,0.6588519916754598
False,80.0,-1.2999999999999994,174075200.51443508,rowcol,0.5772275140523517,0.05805673264364291,0.17451483660754086,0.3353074818528373,0.15975528512495402,0.4025824611991267,0.1770726748631503,0.2658629373112823,0.6588519916754598
False,20.0,1.300000000000001,174075200.51443508,rowcol,0.5772275147050568,0.05805673281063949,0.1745148377033798,0.33530748246090475,0.1597552874643015,0.4025824643628898,0.17707267575531174,0.26586293469418487,0.6588519955710441
True,-20.0,1.2000000000000008,174075200.51443508,rowcol,0.42458935172102663,0.044510880144877946,0.19784112622992284,0.26804820675205715,0.05158138630506848,0.2940756255682324,0.2139876686058748,0.24401973883502973,0.6615715854418256
False,-90.0,-0.7999999999999993,174075200.51443508,rowcol,0.41471644001888935,0.041737239111193924,0.20486626752905854,0.2475710609317427,0.32052561762176607,0.27727407088242173,0.1757661941799921,0.2195013464898148,0.6621698635189183
False,30.0,-0.7999999999999993,174075200.51443508,rowcol,0.41471644001888935,0.041737239111193924,0.20486626752905857,0.2475710609317427,0.320525617621766,0.27727407088242173,0.1757661941799921,0.2195013464898148,0.6621698635189184
False,-30.0,0.8000000000000006,174075200.51443508,rowcol,0.41471644053742857,0.0417372390564829,0.2048662679770398,0.24757106296842685,0.32052562291241354,0.2772740727849839,0.17576619303869837,0.21950134869765106,0.6621698668995463
False,90.0,0.8000000000000006,174075200.51443508,rowcol,0.41471644053742857,0.0417372390564829,0.2048662679770398,0.24757106296842685,0.32052562291241354,0.2772740727849839,0.17576619303869834,0.21950134869765106,0.6621698668995463
False,-20.0,-1.2999999999999994,174075200.51443508,rowcol,0.577227513897032,0.058056734187905384,0.17467431044779794,0.33830082261653366,0.16105210870774178,0.4035820158612314,0.17704444551971657,0.27150964400941735,0.6623237539599275
False,-80.0,1.300000000000001,174075200.51443508,rowcol,0.5772275145497371,0.058056734354901496,0.17467431155249444,0.33830082338011336,0.16105211107238215,0.4035820190571546,0.17704444641620173,0.27150964176581793,0.6623237580375967
False,40.0,1.300000000000001,174075200.51443508,rowcol,0.5772275145497371,0.058056734354901496,0.17467431155249444,0.33830082338011336,0.16105211107238213,0.4035820190571546,0.17704444641620173,0.27150964176581793,0.6623237580375967
True,-70.0,1.6000000000000012,174075200.51443508,rowcol,0.5695084028240439,0.056046118002824295,0.18320741063084053,0.3127691309955586,0.08698059789766481,0.29018351422073835,0.19571427694486548,0.3305709795761449,0.6623913628880802
True,50.0,1.6000000000000012,174075200.51443508,rowcol,0.5695084028240439,0.056046118002824295,0.18320741063084053,0.3127691309955586,0.08698059789766481,0.2901835142207383,0.19571427694486548,0.3305709795761449,0.6623913628880802
True,-40.0,1.2000000000000008,174075200.51443508,rowcol,0.42458935159288125,0.044510881367256686,0.19780496985664317,0.2706847413327702,0.051582108639009236,0.2936683999628086,0.2139481154040115,0.24972352424182218,0.6640996509026997
True,80.0,1.2000000000000008,174075200.51443508,rowcol,0.42458935159288125,0.044510881367256686,0.1978049698566432,0.27068474133277015,0.05158210863900926,0.2936683999628086,0.2139481154040115,0.24972352424182218,0.6640996509026997
True,-70.0,-0.9999999999999992,174075200.51443508,rowcol,0.432384940542147,0.045442013799298554,0.19863059960913537,0.26857302442269604,0.3334711793790766,0.3126023997389542,0.16240634330204007,0.22497014260281764,0.6644648232501021
True,50.0,-0.9999999999999992,174075200.51443508,rowcol,0.432384940542147,0.045442013799298554,0.1986305996091354,0.26857302442269604,0.3334711793790766,0.3126023997389542,0.1624063433020401,0.22497014260281764,0.6644648232501023
True,-90.0,1.400000000000001,174075200.51443508,rowcol,0.597959960441651,0.060036169638198154,0.18546829230966605,0.3081495857797859,0.06453221396091781,0.3533208797867783,0.19977365900438068,0.2642495808241915,0.664554462708784
True,30.0,1.400000000000001,174075200.51443508,rowcol,0.597959960441651,0.060036169638198154,0.18546829230966605,0.3081495857797859,0.06453221396091781,0.3533208797867783,0.1997736590043807,0.2642495808241915,0.664554462708784
True,-30.0,1.1000000000000008,174075200.51443508,rowcol,0.42264551624530367,0.043195515349866605,0.19971403396256085,0.27064879374969397,0.05123974163913842,0.2853192410293957,0.21604960396999998,0.25766530060102394,0.6697908956373765
True,90.0,1.1000000000000008,174075200.51443508,rowcol,0.42264551624530367,0.043195515349866605,0.19971403396256085,0.270648793749694,0.05123974163913842,0.2853192410293957,0.21604960396999998,0.25766530060102394,0.6697908956373766
True,-40.0,-1.0999999999999992,174075200.51443508,rowcol,0.5436334712171726,0.05379864357390711,0.19985049416216438,0.2703018654987644,0.3486009324371439,0.30327501903181625,0.1583334842594472,0.2390769081094774,0.6698533479852575
True,80.0,-1.0999999999999992,174075200.51443508,rowcol,0.5436334712171726,0.05379864357390711,0.19985049416216438,0.2703018654987644,0.34860093243714396,0.30327501903181625,0.1583334842594472,0.2390769081094774,0.6698533479852575
True,10.0,-0.9999999999999992,174075200.51443508,rowcol,0.43238494121748655,0.04544200737337974,0.1986229776494958,0.27415513849705453,0.3334711719981307,0.3121666611946679,0.16239532468259638,0.23752456746806686,0.6700240714455419
True,-90.0,-0.7999999999999993,174075200.51443508,rowcol,0.41582461900691625,0.042777345279883534,0.20083982520517912,0.2686479243044984,0.3031644462625468,0.31733659608641457,0.1758867605685563,0.21949395745381645,0.6711673999200358
True,30.0,-0.7999999999999993,174075200.51443508,rowcol,0.41582461900691625,0.042777345279883534,0.20083982520517912,0.2686479243044984,0.3031644462625468,0.3173365960864146,0.1758867605685563,0.21949395745381645,0.6711673999200358
True,-20.0,-1.0999999999999992,174075200.51443508,rowcol,0.543633471081451,0.053798644945370025,0.19981768390103008,0.2726997263433597,0.34860103041251256,0.30291308674299633,0.15828447905503462,0.2444162973392574,0.6721527780464499
True,-60.0,-1.0999999999999992,174075200.51443508,rowcol,0.47428711136651946,0.048277565987855986,0.20028535208541717,0.27178316369084204,0.3486721319110176,0.29920193458435274,0.15895333297663186,0.24637329546605075,0.6726392199470935
True,60.0,-1.0999999999999992,174075200.51443508,rowcol,0.47428711136651946,0.04827756598785598,0.20028535208541717,0.27178316369084204,0.3486721319110176,0.29920193458435274,0.15895333297663186,0.24637329546605075,0.6726392199470935
True,-30.0,-1.0999999999999992,174075200.51443508,rowcol,0.5501916749257051,0.05514545168974804,0.20295945558932438,0.26383147351694464,0.3485275310899824,0.30437095407699377,0.16297058436565684,0.2241320223407812,0.6727098402849178
True,90.0,-1.0999999999999992,174075200.51443508,rowcol,0.5501916749257051,0.05514545168974804,0.20295945558932438,0.26383147351694464,0.34852753108998236,0.30437095407699377,0.16297058436565684,0.22413202234078114,0.6727098402849178
False,90.0,-1.2999999999999994,174075200.51443508,rowcol,0.5915753933745633,0.060916181608425185,0.1712895585384814,0.36055256110141276,0.06781659581368238,0.45787346110172916,0.18398334964052176,0.2510246440749716,0.6744212367168569
False,-30.0,-1.2999999999999994,174075200.51443508,rowcol,0.5915753933745634,0.060916181608425185,0.1712895585384814,0.36055256110141287,0.06781659581368238,0.45787346110172916,0.18398334964052176,0.2510246440749716,0.674421236716857
False,-90.0,1.300000000000001,174075200.51443508,rowcol,0.5915753941277547,0.06091618148444353,0.17128956156084377,0.3605525589440683,0.06781658894607105,0.4578734537884132,0.1839833534286836,0.25102464958887977,0.6744212436265996
False,30.0,1.300000000000001,174075200.51443508,rowcol,0.5915753941277546,0.06091618148444353,0.17128956156084377,0.3605525589440683,0.06781658894607105,0.4578734537884133,0.1839833534286836,0.2510246495888798,0.6744212436265996
True,0.0,-1.0999999999999992,174075200.51443508,rowcol,0.4742871127714571,0.04827755218550564,0.20033157115400008,0.27984593158504384,0.34867218823354246,0.29945679465750796,0.15902215613989024,0.26222047574468105,0.6808406450470441
True,-80.0,-0.8999999999999992,174075200.51443508,rowcol,0.41301880320177536,0.04332399706929895,0.20591712235117637,0.26539378359821497,0.3183038505421299,0.3199806807633396,0.17794051598027807,0.20871289036849053,0.6831451506517441
True,40.0,-0.8999999999999992,174075200.51443508,rowcol,0.41301880320177536,0.04332399706929895,0.20591712235117637,0.26539378359821497,0.3183038505421299,0.3199806807633396,0.17794051598027807,0.2087128903684905,0.6831451506517441
True,70.0,-1.1999999999999993,174075200.51443508,rowcol,0.5206016191186317,0.051426067712543835,0.20423761485072306,0.2722548548102767,0.36388418085995344,0.28981736534468794,0.1586838619059622,0.2565559643416479,0.6849676993624458
True,-50.0,-1.1999999999999993,174075200.51443508,rowcol,0.5206016191186317,0.051426067712543835,0.2042376148507231,0.27225485481027667,0.36388418085995344,0.28981736534468794,0.15868386190596223,0.2565559643416479,0.684967699362446
True,20.0,-0.8999999999999992,174075200.51443508,rowcol,0.4130188030967964,0.04332399807009015,0.20589106928789536,0.2673932564532958,0.3183039383338086,0.31970005904430776,0.17790484122732006,0.21371295900350867,0.6850664643169819
True,0.0,1.6000000000000012,174075200.51443508,rowcol,0.5124872765303436,0.052049504312559426,0.19416160092778054,0.30580732563822177,0.08699221165088324,0.28412824610400433,0.2078243976067314,0.3229144684102475,0.6882921284215634
False,-10.0,1.1000000000000008,174075200.51443508,rowcol,0.442082576738608,0.04706951849773918,0.19420596988938346,0.3063507880516833,0.29366715235082813,0.3718104788021004,0.16991465459406122,0.23773390337805242,0.6889686977198337
False,-70.0,-1.0999999999999992,174075200.51443508,rowcol,0.4420825773284465,0.04706951864014814,0.1942059704485351,0.30635078867799415,0.29366715430424173,0.3718104816244562,0.16991465473424675,0.23773390115166979,0.6889687000235993
False,50.0,-1.0999999999999992,174075200.51443508,rowcol,0.44208257732844647,0.04706951864014814,0.1942059704485351,0.30635078867799415,0.2936671543042417,0.37181048162445623,0.16991465473424675,0.23773390115166984,0.6889687000235993
True,20.0,1.500000000000001,174075200.51443508,rowcol,0.5977331220737194,0.059001709855946965,0.1915909539223198,0.31489727220697084,0.07504566846017811,0.33869686625690093,0.2058432573477801,0.293391323989798,0.6896701339739303
True,-10.0,1.500000000000001,174075200.51443508,rowcol,0.45039274236742344,0.047629269533130236,0.198920193165827,0.29328287214489956,0.07504342171877433,0.29261000326504144,0.21390504073221384,0.2938475550551351,0.6900434516423806
True,-10.0,-1.1999999999999993,174075200.51443508,rowcol,0.5206016200534996,0.051426058248591054,0.20422872213325569,0.27885135318380677,0.36388417274310375,0.2892532145244565,0.15867033316243143,0.2697932173709045,0.6915375195835738
True,-80.0,1.500000000000001,174075200.51443508,rowcol,0.5977331218959097,0.0590017116572976,0.19154428188414926,0.3177039644643525,0.07504628906711991,0.33825491378177747,0.20579185713179016,0.29933056108649053,0.6923368101168003
True,40.0,1.500000000000001,174075200.51443508,rowcol,0.5977331218959098,0.0590017116572976,0.1915442818841493,0.3177039644643525,0.07504628906711996,0.33825491378177747,0.20579185713179016,0.29933056108649053,0.6923368101168004
False,-20.0,1.0000000000000007,174075200.51443508,rowcol,0.41050045389321776,0.042685583733281386,0.21085689592881485,0.2607577814662017,0.30047614257015687,0.3024155169002996,0.19002015724953253,0.2196919799994506,0.6933284692526462
False,-80.0,-0.9999999999999992,174075200.51443508,rowcol,0.4105004534952887,0.04268558360688105,0.21085689752464873,0.2607577840069113,0.30047614585767,0.30241551942823336,0.19002015839556688,0.21969198262471054,0.6933284765808575
False,40.0,-0.9999999999999992,174075200.51443508,rowcol,0.4105004534952887,0.04268558360688105,0.21085689752464873,0.2607577840069113,0.30047614585767,0.30241551942823336,0.1900201583955669,0.21969198262471049,0.6933284765808575
False,0.0,1.2000000000000008,174075200.51443508,rowcol,0.48982633933041686,0.050289817060619926,0.1939483836651282,0.31373984744510086,0.30607306518444916,0.3663868038188093,0.16551909094875167,0.2613804103075951,0.6955849984404855
False,-60.0,-1.1999999999999993,174075200.51443508,rowcol,0.48982634022732824,0.050289817034729366,0.19394838477894497,0.3137398478197981,0.30607306927989014,0.3663868012845176,0.16551909111134497,0.2613804141231331,0.695585002156633
False,60.0,-1.1999999999999993,174075200.51443508,rowcol,0.48982634022732824,0.050289817034729366,0.19394838477894497,0.31373984781979813,0.30607306927989014,0.3663868012845176,0.16551909111134497,0.26138041412313306,0.695585002156633
False,-50.0,1.1000000000000008,174075200.51443508,rowcol,0.44208257745234064,0.047069511794276216,0.1945100483215994,0.31277726963781943,0.2948553752212498,0.3733593543919072,0.16995078302809394,0.25074233028709103,0.6963074146026176
False,70.0,1.1000000000000008,174075200.51443508,rowcol,0.44208257745234064,0.047069511794276216,0.1945100483215994,0.31277726963781943,0.2948553752212498,0.3733593543919072,0.16995078302809394,0.25074233028709103,0.6963074146026176
False,10.0,-1.0999999999999992,174075200.51443508,rowcol,0.44208257804217915,0.047069511936684995,0.19451004888703247,0.31277727042220776,0.29485537719341254,0.37335935724487795,0.16995078316951323,0.25074232851578343,0.6963074170833051
False,-40.0,1.0000000000000007,174075200.51443508,rowcol,0.41050045377816086,0.042685584839765145,0.21095844738477942,0.2637224560030648,0.3010081988710205,0.3034526900120176,0.18999992301992574,0.2249414932522645,0.6965977981574031
False,80.0,1.0000000000000007,174075200.51443508,rowcol,0.41050045377816086,0.042685584839765145,0.21095844738477945,0.2637224560030648,0.3010081988710205,0.3034526900120176,0.18999992301992574,0.2249414932522645,0.6965977981574032
False,20.0,-0.9999999999999992,174075200.51443508,rowcol,0.41050045338023183,0.042685584713364456,0.21095844898612376,0.26372245866964134,0.30100820217088514,0.3034526925639646,0.18999992416907924,0.22494149611252853,0.6965978056280127
False,-50.0,-1.2999999999999994,174075200.51443508,rowcol,0.5407777312743977,0.053758682316624035,0.19304954644897906,0.31813585876927103,0.3084534285957234,0.3661993733642996,0.16345849470220838,0.271199135552758,0.6972844981162082
False,70.0,-1.2999999999999994,174075200.51443508,rowcol,0.5407777312743977,0.053758682316624035,0.19304954644897906,0.31813585876927103,0.3084534285957234,0.3661993733642996,0.16345849470220836,0.27119913555275804,0.6972844981162082
False,10.0,1.300000000000001,174075200.51443508,rowcol,0.5407777309840122,0.05375868223126032,0.1930495487775933,0.31813586218988377,0.3084534345810453,0.3661993768221986,0.16345849589491177,0.2711991390132125,0.6972845085226637
True,-50.0,1.500000000000001,174075200.51443508,rowcol,0.45039274325396617,0.04762926114978813,0.19890877601575568,0.30093060818237993,0.07504337252068889,0.29191139080637335,0.21389249122073978,0.3083114939108671,0.697656936229647
True,70.0,1.500000000000001,174075200.51443508,rowcol,0.45039274325396617,0.04762926114978814,0.19890877601575568,0.30093060818237993,0.07504337252068884,0.2919113908063733,0.21389249122073975,0.3083114939108671,0.697656936229647
True,-60.0,1.6000000000000012,174075200.51443508,rowcol,0.5124872784215658,0.052049485691296665,0.19423094460883336,0.31620790661961923,0.08699254000728876,0.2845185167158382,0.20790096591463117,0.3405834202833336,0.6989007404461193
True,60.0,1.6000000000000012,174075200.51443508,rowcol,0.5124872784215658,0.052049485691296665,0.19423094460883336,0.31620790661961923,0.08699254000728876,0.28451851671583817,0.20790096591463117,0.3405834202833336,0.6989007404461193
True,10.0,1.7000000000000013,174075200.51443508,rowcol,0.5752222908939293,0.056529500459504334,0.19535387482405228,0.31476516543110594,0.09989617024530062,0.2938396949714753,0.20808762112708318,0.3313418161129536,0.7008267899032627
False,-60.0,1.2000000000000008,174075200.51443508,rowcol,0.489826340814454,0.05028980260599195,0.19438524227457296,0.32249832470951245,0.30747089724094756,0.3688255790696738,0.16565268324438093,0.27761607024567636,0.7056540515332314
False,60.0,1.2000000000000008,174075200.51443508,rowcol,0.489826340814454,0.05028980260599195,0.19438524227457296,0.3224983247095125,0.30747089724094756,0.36882557906967384,0.16565268324438093,0.27761607024567636,0.7056540515332314
False,0.0,-1.1999999999999993,174075200.51443508,rowcol,0.48982634171136535,0.05028980258010139,0.1943852433858866,0.322498325075314,0.3074709013177696,0.3688255765545899,0.1656526834068431,0.2776160738380732,0.7056540552329739
False,-10.0,-1.2999999999999994,174075200.51443508,rowcol,0.5407777322617955,0.05375867238403786,0.1934110123918937,0.3254643625387994,0.3097901842432714,0.3681002606664474,0.16350288152473821,0.2847075000280219,0.7056973997144805
False,-70.0,1.300000000000001,174075200.51443508,rowcol,0.5407777319714099,0.05375867229867395,0.1934110147246605,0.3254643660718246,0.30979019023271126,0.3681002641480863,0.16350288271867,0.2847075036777326,0.705697410245806
False,50.0,1.300000000000001,174075200.51443508,rowcol,0.54077773197141,0.053758672298673954,0.19341101472466052,0.3254643660718246,0.30979019023271126,0.36810026414808633,0.16350288271867003,0.2847075036777326,0.7056974102458061
True,-70.0,1.7000000000000013,174075200.51443508,rowcol,0.5752222921688501,0.05652948748640309,0.19534070461553077,0.32284234887467333,0.09989612835914574,0.293051130704208,0.20807300676101365,0.3459159436080536,0.7088644627212657
True,50.0,1.7000000000000013,174075200.51443508,rowcol,0.5752222921688501,0.05652948748640309,0.19534070461553077,0.32284234887467345,0.09989612835914574,0.293051130704208,0.20807300676101365,0.3459159436080536,0.7088644627212657
True,-70.0,-1.0999999999999992,174075200.51443508,rowcol,0.4277027844003907,0.04512879710891425,0.21095061735471823,0.2766906813592548,0.3486957806672247,0.31691051700513057,0.17449515749926983,0.2376541468825999,0.7095425334234094
True,50.0,-1.0999999999999992,174075200.51443508,rowcol,0.4277027844003907,0.04512879710891425,0.21095061735471823,0.2766906813592548,0.3486957806672247,0.31691051700513057,0.17449515749926986,0.2376541468825999,0.7095425334234094
True,-20.0,1.300000000000001,174075200.51443508,rowcol,0.4203938632542565,0.04417783114063335,0.21149276614512008,0.275617348813288,0.05635449631937348,0.2966732426361057,0.22869954215013946,0.2565753766242712,0.7100956472486482
False,-40.0,-1.3999999999999995,174075200.51443508,rowcol,0.5846236458494739,0.05878403514921067,0.18798951128073016,0.34846522362633686,0.16740826811443252,0.4161726306265027,0.1915028424047517,0.2790852937203331,0.7124337574685273
False,80.0,-1.3999999999999995,174075200.51443508,rowcol,0.5846236458494739,0.05878403514921067,0.18798951128073016,0.3484652236263369,0.16740826811443255,0.4161726306265027,0.19150284240475168,0.27908529372033314,0.7124337574685273
False,20.0,1.400000000000001,174075200.51443508,rowcol,0.5846236465566617,0.05878403532998326,0.18798951253328997,0.3484652244274539,0.16740827098424726,0.416172634216994,0.1915028434011685,0.279085291059042,0.7124337620273238
True,-40.0,1.300000000000001,174075200.51443508,rowcol,0.4203938631169691,0.044177832447052985,0.21145612528182764,0.2783948197496391,0.056355212569722535,0.29623592474839705,0.22865944949021483,0.26245344621401706,0.712763195595122
True,80.0,1.300000000000001,174075200.51443508,rowcol,0.4203938631169691,0.04417783244705299,0.21145612528182767,0.2783948197496391,0.05635521256972257,0.29623592474839705,0.22865944949021483,0.26245344621401706,0.7127631955951221
True,10.0,-1.0999999999999992,174075200.51443508,rowcol,0.42770278513811966,0.04512879011717492,0.21094272275426404,0.282648660780723,0.3486957729026742,0.31643769723473236,0.1744838765807224,0.2507319142429472,0.7154768290435151
False,-20.0,-1.3999999999999995,174075200.51443508,rowcol,0.5846236456820597,0.05878403681419199,0.18814894752625463,0.35157333398937,0.1687411069665661,0.41722533449075333,0.19147473249030794,0.284879628630138,0.7160201765681339
False,-80.0,1.400000000000001,174075200.51443508,rowcol,0.5846236463892475,0.05878403699496405,0.18814894878760902,0.35157333495168935,0.16874110985907181,0.4172253381167219,0.1914747334910348,0.2848796263504618,0.7160201813145164
False,40.0,1.400000000000001,174075200.51443508,rowcol,0.5846236463892475,0.05878403699496405,0.18814894878760902,0.35157333495168935,0.16874110985907176,0.41722533811672197,0.1914747334910348,0.2848796263504618,0.7160201813145164
True,-60.0,-1.1999999999999993,174075200.51443508,rowcol,0.4741498717244379,0.04826945681465904,0.21226614598144722,0.28000009869537146,0.36390921532001574,0.3014516173122621,0.17067713483026473,0.26059619049678817,0.7167985366397132
True,60.0,-1.1999999999999993,174075200.51443508,rowcol,0.4741498717244379,0.04826945681465904,0.21226614598144722,0.28000009869537146,0.36390921532001574,0.3014516173122621,0.17067713483026473,0.26059619049678817,0.7167985366397132
False,-90.0,-0.8999999999999992,174075200.51443508,rowcol,0.4063112227621723,0.04083314307691615,0.2204694899213552,0.25682746170572557,0.33788284557366766,0.2840724316503311,0.1914600963061962,0.23144513373928163,0.7182359314697911
False,30.0,-0.8999999999999992,174075200.51443508,rowcol,0.40631122276217235,0.04083314307691615,0.2204694899213552,0.25682746170572557,0.33788284557366766,0.2840724316503311,0.1914600963061962,0.23144513373928163,0.7182359314697911
False,-30.0,0.9000000000000006,174075200.51443508,rowcol,0.40631122334979786,0.040833143017105195,0.22046949033455457,0.2568274641194356,0.3378828515341991,0.284072434227581,0.19146009495134936,0.23144513600993774,0.7182359351230992
False,90.0,0.9000000000000006,174075200.51443508,rowcol,0.40631122334979786,0.04083314301710519,0.22046949033455457,0.2568274641194356,0.3378828515341991,0.284072434227581,0.19146009495134936,0.23144513600993769,0.7182359351230992
True,-40.0,-1.1999999999999993,174075200.51443508,rowcol,0.5495588682280675,0.054260061175270755,0.21353650386063577,0.2779901681716278,0.36383186117484556,0.30657624290145696,0.1725701762947312,0.2514462427349389,0.7185996797535351
True,80.0,-1.1999999999999993,174075200.51443508,rowcol,0.5495588682280675,0.054260061175270755,0.21353650386063577,0.2779901681716278,0.36383186117484567,0.30657624290145696,0.1725701762947312,0.25144624273493893,0.7185996797535351
True,-20.0,-1.1999999999999993,174075200.51443508,rowcol,0.5495588680795405,0.05426006267958794,0.21350300500080793,0.28053332115165247,0.36383196358270387,0.306185643515404,0.17252112702272132,0.25698533083370456,0.7210423361540763
True,-30.0,1.2000000000000008,174075200.51443508,rowcol,0.41781696814040786,0.042688013134656914,0.21422392423459538,0.2783943118086304,0.051628258780720124,0.28691578580154364,0.2318860534200983,0.27102050645107056,0.7210660845124165
True,90.0,1.2000000000000008,174075200.51443508,rowcol,0.41781696814040786,0.042688013134656914,0.21422392423459538,0.2783943118086304,0.051628258780720124,0.28691578580154364,0.23188605342009833,0.2710205064510705,0.7210660845124165
True,-90.0,1.500000000000001,174075200.51443508,rowcol,0.6062438465130647,0.06082826751804152,0.20049081692401322,0.31978308222810753,0.07506707943219901,0.363431383326707,0.21563021912298325,0.27781638743041387,0.7212555330001471
True,30.0,1.500000000000001,174075200.51443508,rowcol,0.6062438465130647,0.06082826751804152,0.20049081692401322,0.31978308222810753,0.07506707943219901,0.363431383326707,0.21563021912298325,0.27781638743041387,0.7212555330001471
True,-30.0,-1.1999999999999993,174075200.51443508,rowcol,0.5567160993957,0.05571596039323051,0.21752595035939934,0.2711612475063005,0.363752087629775,0.3075330950665131,0.17839341594885508,0.23627763710285085,0.7237390985844985
True,90.0,-1.1999999999999993,174075200.51443508,rowcol,0.5567160993957,0.05571596039323051,0.21752595035939937,0.27116124750630044,0.36375208762977496,0.30753309506651316,0.17839341594885508,0.23627763710285085,0.7237390985844985
True,0.0,-1.1999999999999993,174075200.51443508,rowcol,0.47414987325754065,0.048269441755019814,0.21231372107430502,0.28853430491968945,0.3639092741901274,0.3017275628281427,0.17074705823116026,0.27695280951608814,0.7254754681426046
True,-90.0,-0.8999999999999992,174075200.51443508,rowcol,0.4075531877787592,0.04200386851678078,0.21604292915437767,0.2782183407905539,0.3183647177555139,0.32520043158353795,0.19159141134785868,0.23143789135227583,0.7263471282536869
True,30.0,-0.8999999999999992,174075200.51443508,rowcol,0.4075531877787592,0.04200386851678078,0.21604292915437767,0.2782183407905539,0.3183647177555139,0.32520043158353795,0.1915914113478587,0.23143789135227583,0.7263471282536869
True,70.0,-1.2999999999999994,174075200.51443508,rowcol,0.5242655492923638,0.05167548827785658,0.2163110632839359,0.28002492749920865,0.3791320942614212,0.2910796929308245,0.17064125893164583,0.2703783158863936,0.7289581173510163
True,-50.0,-1.2999999999999994,174075200.51443508,rowcol,0.5242655492923638,0.05167548827785658,0.21631106328393593,0.28002492749920865,0.3791320942614212,0.2910796929308245,0.17064125893164586,0.2703783158863936,0.7289581173510165
True,0.0,1.7000000000000013,174075200.51443508,rowcol,0.5150779199248707,0.05231060722716672,0.2060650574691587,0.3155672196283957,0.09990255750495197,0.28536184055775554,0.21996280426080506,0.33889189192443636,0.7337623920358718
True,-80.0,-0.9999999999999992,174075200.51443508,rowcol,0.4053800153048043,0.04271246659496548,0.22022135679209248,0.2740046843448882,0.33351651457802867,0.3270388104218322,0.19251505295598761,0.2197073966738534,0.7346687547211657
True,40.0,-0.9999999999999992,174075200.51443508,rowcol,0.4053800153048043,0.04271246659496548,0.2202213567920925,0.27400468434488817,0.33351651457802867,0.32703881042183225,0.19251505295598764,0.2197073966738534,0.7346687547211657
True,-10.0,1.6000000000000012,174075200.51443508,rowcol,0.4490346685958631,0.047606766244620013,0.21092151479714522,0.3020275673799921,0.08700481779523568,0.29406011915636104,0.22631229997608104,0.3085688918398472,0.7347921117714278
False,-30.0,-1.3999999999999995,174075200.51443508,rowcol,0.6000085148002008,0.061835530805013535,0.18647749730880941,0.3757799374436521,0.08173616389070275,0.47550902997410716,0.19973637967937027,0.26421961079050754,0.7352124293700804
False,90.0,-1.3999999999999995,174075200.51443508,rowcol,0.6000085148002008,0.061835530805013535,0.18647749730880941,0.3757799374436521,0.08173616389070276,0.47550902997410716,0.19973637967937027,0.2642196107905075,0.7352124293700804
False,-90.0,1.400000000000001,174075200.51443508,rowcol,0.6000085156081446,0.061835530670293806,0.18647750039992117,0.37577993499653556,0.08173615573319135,0.4755090219367447,0.19973638369981522,0.2642196165478157,0.7352124361962991
False,30.0,1.400000000000001,174075200.51443508,rowcol,0.6000085156081446,0.061835530670293806,0.1864775003999212,0.37577993499653556,0.08173615573319135,0.47550902193674477,0.19973638369981525,0.2642196165478157,0.7352124361962992
True,-10.0,-1.2999999999999994,174075200.51443508,rowcol,0.5242655503108605,0.05167547794485795,0.21630196734377216,0.28697085783385895,0.379132085821814,0.2904711360856374,0.17062763001192155,0.28399376548978217,0.7358767598651754
True,20.0,-0.9999999999999992,174075200.51443508,rowcol,0.4053800151882941,0.04271246770075246,0.22019428928476606,0.2761561612478162,0.3335166076749655,0.3267337292745306,0.19247841542966582,0.2249848465911699,0.7367390291021144
False,-10.0,1.2000000000000008,174075200.51443508,rowcol,0.438993079177221,0.04700431986358285,0.2068556833295503,0.3193001963951924,0.30959522020472724,0.38511142500962553,0.1819823673428323,0.2509299920636793,0.7398672463838434
False,-70.0,-1.1999999999999993,174075200.51443508,rowcol,0.43899307983845093,0.04700432002258962,0.20685568400998403,0.3193001971997616,0.3095952225408198,0.3851114282035933,0.18198236753282776,0.2509299898260165,0.7398672492297137
False,50.0,-1.1999999999999993,174075200.51443508,rowcol,0.4389930798384509,0.04700432002258962,0.20685568400998403,0.3193001971997616,0.3095952225408198,0.38511142820359334,0.1819823675328278,0.2509299898260165,0.7398672492297137
True,-50.0,1.6000000000000012,174075200.51443508,rowcol,0.44903466952597426,0.047606757471660946,0.21091002930886293,0.3099483914502193,0.08700477253193474,0.29331855746743984,0.2262996475594601,0.32327233838498737,0.7426784793768082
True,70.0,1.6000000000000012,174075200.51443508,rowcol,0.44903466952597426,0.04760675747166095,0.21091002930886293,0.3099483914502193,0.08700477253193473,0.29331855746743984,0.2262996475594601,0.32327233838498737,0.7426784793768082
True,20.0,1.6000000000000012,174075200.51443508,rowcol,0.6054681436865647,0.05968478812895581,0.205737250752031,0.32592707575833685,0.08702865844358795,0.3468496157220917,0.2205962314010835,0.3072304097703238,0.7431388280144299
True,-60.0,1.7000000000000013,174075200.51443508,rowcol,0.5150779219241877,0.05231058754083006,0.20613447980412866,0.3262764508602009,0.09990286129836766,0.28577469543165573,0.22003966939540764,0.3567964877795132,0.7446798902725869
True,60.0,1.7000000000000013,174075200.51443508,rowcol,0.5150779219241877,0.05231058754083006,0.20613447980412866,0.3262764508602009,0.09990286129836766,0.2857746954316557,0.22003966939540764,0.3567964877795132,0.7446798902725869
False,-20.0,1.1000000000000008,174075200.51443508,rowcol,0.4034646721915787,0.042101033277584445,0.22486116530452377,0.27015421499501047,0.31371512766623183,0.3101001216625127,0.20454746392795486,0.2312794514024299,0.7447377109085818
False,-80.0,-1.0999999999999992,174075200.51443508,rowcol,0.4034646717612144,0.04210103313819457,0.22486116705375378,0.27015421783892,0.31371513132514106,0.3101001246335705,0.20454746517852415,0.23127945416790038,0.7447377190001814
False,40.0,-1.0999999999999992,174075200.51443508,rowcol,0.4034646717612144,0.04210103313819457,0.22486116705375378,0.27015421783892,0.31371513132514106,0.3101001246335705,0.20454746517852415,0.23127945416790036,0.7447377190001814
True,-80.0,1.6000000000000012,174075200.51443508,rowcol,0.6054681434968268,0.05968479005373837,0.20569089070634355,0.3288196234442954,0.0870292292765798,0.3463892753019165,0.22054507162619974,0.3132818707337707,0.745892295563326
True,40.0,1.6000000000000012,174075200.51443508,rowcol,0.6054681434968268,0.059684790053738376,0.20569089070634358,0.32881962344429533,0.08702922927657986,0.3463892753019165,0.22054507162619974,0.3132818707337707,0.745892295563326
False,0.0,1.300000000000001,174075200.51443508,rowcol,0.49116811721209086,0.05051529511697253,0.2065335998108167,0.327031971377672,0.32277177374653315,0.37878503658058177,0.17731707388426682,0.2760979592222877,0.7466327708101221
False,-60.0,-1.2999999999999994,174075200.51443508,rowcol,0.49116811818109046,0.05051529508913867,0.20653360094392473,0.32703197173162885,0.3227717779537252,0.3787850338579318,0.17731707404868968,0.27609796313544877,0.746632774563403
False,60.0,-1.2999999999999994,174075200.51443508,rowcol,0.49116811818109046,0.05051529508913867,0.20653360094392473,0.32703197173162885,0.3227717779537252,0.3787850338579318,0.1773170740486897,0.27609796313544877,0.746632774563403
False,-50.0,1.2000000000000008,174075200.51443508,rowcol,0.43899307994720665,0.047004312672362984,0.20716712891884295,0.32603814486642374,0.3108248198867569,0.38676455689078304,0.18201916665195533,0.2643820003133565,0.7475395316229526
False,70.0,1.2000000000000008,174075200.51443508,rowcol,0.43899307994720665,0.04700431267236299,0.20716712891884295,0.32603814486642374,0.3108248198867569,0.38676455689078304,0.18201916665195533,0.2643820003133565,0.7475395316229526
False,10.0,-1.1999999999999993,174075200.51443508,rowcol,0.43899308060843656,0.047004312831369556,0.20716712960558287,0.3260381458333606,0.3108248222411571,0.3867645601158425,0.1820191668431994,0.2643819985408776,0.7475395346501092
True,10.0,1.8000000000000014,174075200.51443508,rowcol,0.5809601122644003,0.05701723296518471,0.20763785222198455,0.32492752352224724,0.11343238826221462,0.2969913676042238,0.22051481071267856,0.3466832365595635,0.747841080188201
False,-50.0,-1.3999999999999995,174075200.51443508,rowcol,0.5457124725621203,0.05422394994175863,0.2056818380356804,0.3311232762587435,0.3248069366298395,0.37834918120739397,0.1754594125061198,0.28542051128177715,0.7481687903657848
False,70.0,-1.3999999999999995,174075200.51443508,rowcol,0.5457124725621203,0.05422394994175863,0.2056818380356804,0.33112327625874355,0.32480693662983956,0.37834918120739397,0.17545941250611977,0.28542051128177726,0.7481687903657848
False,10.0,1.400000000000001,174075200.51443508,rowcol,0.5457124722646524,0.054223949852564526,0.2056818405158301,0.33112327998173996,0.324806943101029,0.3783491851054005,0.17545941375983926,0.2854205148877564,0.7481688015292303
False,-40.0,1.1000000000000008,174075200.51443508,rowcol,0.40346467206538544,0.04210103448692594,0.22496591570406357,0.27331605402335146,0.314275686641121,0.3112406525051714,0.2045267871303595,0.23676508038850033,0.7482138011355421
False,80.0,1.1000000000000008,174075200.51443508,rowcol,0.40346467206538544,0.04210103448692594,0.22496591570406357,0.27331605402335146,0.314275686641121,0.31124065250517147,0.2045267871303595,0.23676508038850033,0.7482138011355421
False,20.0,-1.0999999999999992,174075200.51443508,rowcol,0.40346467163502125,0.042101034347535676,0.22496591745895556,0.2733160569978392,0.31427569031263947,0.31124065549953217,0.20452678838411778,0.23676508339952118,0.7482138093747058
True,-70.0,-1.1999999999999993,174075200.51443508,rowcol,0.42307884660560907,0.04482415369544849,0.22339027264771777,0.2852806825579277,0.3639347699357562,0.3214135660908434,0.18670020807562643,0.2508968350718648,0.7554515005010809
True,50.0,-1.1999999999999993,174075200.51443508,rowcol,0.423078846605609,0.04482415369544848,0.22339027264771777,0.2852806825579277,0.3639347699357562,0.3214135660908434,0.18670020807562643,0.2508968350718648,0.7554515005010809
True,-70.0,1.8000000000000014,174075200.51443508,rowcol,0.5809601136169785,0.057017219183489065,0.20762473248473917,0.33321300415243343,0.11343234920459022,0.2961652371589206,0.22050020894302677,0.36144198344601053,0.7560872016066509
True,50.0,1.8000000000000014,174075200.51443508,rowcol,0.5809601136169786,0.057017219183489065,0.20762473248473917,0.33321300415243343,0.11343234920459022,0.2961652371589206,0.22050020894302677,0.3614419834460104,0.7560872016066509
False,-10.0,-1.3999999999999995,174075200.51443508,rowcol,0.5457124736290997,0.05422393920362379,0.2060472189749996,0.33870477963156875,0.32617412386773637,0.3803272423851391,0.17550394481757703,0.29925222135681656,0.7568464365565675
False,-70.0,1.400000000000001,174075200.51443508,rowcol,0.5457124733316319,0.054223939114429485,0.20604722145934828,0.33870478346777183,0.3261741303424294,0.3803272463072223,0.1755039460725356,0.2992522251582548,0.7568464478458168
False,50.0,1.400000000000001,174075200.51443508,rowcol,0.545712473331632,0.05422393911442949,0.2060472214593483,0.33870478346777183,0.3261741303424294,0.3803272463072223,0.17550394607253564,0.2992522251582548,0.7568464478458168
False,-60.0,1.300000000000001,174075200.51443508,rowcol,0.49116811881540584,0.05051527952768775,0.20697804709508602,0.33614021568978547,0.3242078324641899,0.38135045000848067,0.17745217249042286,0.29276320400049943,0.7570743569750435
False,60.0,1.300000000000001,174075200.51443508,rowcol,0.4911681188154059,0.05051527952768775,0.20697804709508605,0.3361402156897854,0.3242078324641899,0.3813504500084808,0.17745217249042283,0.2927632040004994,0.7570743569750435
False,0.0,-1.2999999999999994,174075200.51443508,rowcol,0.4911681197844054,0.050515279499853884,0.2069780482257609,0.336140216034202,0.3242078366527464,0.38135044730424356,0.17745217265472055,0.2927632076909086,0.7570743607114847
True,-20.0,1.400000000000001,174075200.51443508,rowcol,0.41630285808345335,0.04385190815520838,0.22535702804112714,0.28360543309398256,0.06453379847867398,0.299493816245007,0.24348272127945,0.26951937012448796,0.759676517217364
True,10.0,-1.1999999999999993,174075200.51443508,rowcol,0.4230788474045579,0.044824146154460336,0.22338213983603838,0.2915828574566485,0.36393476182001805,0.32090496617204495,0.18668870598935206,0.2644179776797299,0.7617292769647637
True,-60.0,-1.2999999999999994,174075200.51443508,rowcol,0.47410796493729107,0.04827113783540245,0.2243799051975279,0.2886641324783683,0.3791589723516905,0.30380619293000716,0.1825342387435143,0.2752858120764561,0.761803848070952
True,60.0,-1.2999999999999994,174075200.51443508,rowcol,0.47410796493729107,0.04827113783540245,0.22437990519752793,0.2886641324783683,0.3791589723516905,0.30380619293000716,0.18253423874351432,0.2752858120764561,0.7618038480709521
True,-40.0,1.400000000000001,174075200.51443508,rowcol,0.41630285793733035,0.043851909542409695,0.22531999643150752,0.28651205710933353,0.06453447206206094,0.2990272743685126,0.24344216626701856,0.275547201117727,0.7624720464038561
True,80.0,1.400000000000001,174075200.51443508,rowcol,0.41630285793733035,0.043851909542409695,0.22531999643150752,0.28651205710933353,0.06453447206206099,0.2990272743685126,0.24344216626701856,0.27554720111772707,0.7624720464038561
False,-40.0,-1.4999999999999996,174075200.51443508,rowcol,0.5920282440336824,0.05951525190204638,0.2016993692177869,0.36196372667667503,0.17599365243204332,0.4301127187353293,0.20603969329682317,0.29261201198483444,0.7670618343300357
False,80.0,-1.4999999999999996,174075200.51443508,rowcol,0.5920282440336824,0.05951525190204638,0.2016993692177869,0.3619637266766751,0.17599365243204335,0.43011271873532936,0.20603969329682317,0.29261201198483444,0.7670618343300357
False,20.0,1.500000000000001,174075200.51443508,rowcol,0.592028244795838,0.05951525209563817,0.20169937062539073,0.36196372765930557,0.17599365583145793,0.4301127227260414,0.20603969439666567,0.2926120092893723,0.7670618395354778
True,-40.0,-1.2999999999999994,174075200.51443508,rowcol,0.5555310387265783,0.05472532501741637,0.22742906146457942,0.28608740874182204,0.3790754916428604,0.31007941238382747,0.18697335632229356,0.26422932033404106,0.7683745931355603
True,80.0,-1.2999999999999994,174075200.51443508,rowcol,0.5555310387265783,0.05472532501741637,0.22742906146457947,0.28608740874182204,0.3790754916428605,0.31007941238382747,0.18697335632229356,0.2642293203340411,0.7683745931355603
False,-20.0,-1.4999999999999996,174075200.51443508,rowcol,0.5920282438541592,0.059515253687854174,0.20185858717053834,0.3651770341522809,0.17735219479040207,0.43121754567837295,0.2060117005711425,0.29853476810539026,0.770752795663896
False,-80.0,1.500000000000001,174075200.51443508,rowcol,0.592028244616315,0.05951525388144539,0.20185858858687467,0.36517703529985257,0.1773521982100158,0.4312175497050297,0.20601170167528088,0.29853476579823124,0.7707528010604765
False,40.0,1.500000000000001,174075200.51443508,rowcol,0.592028244616315,0.05951525388144539,0.20185858858687467,0.3651770352998526,0.17735219821001574,0.4312175497050297,0.20601170167528088,0.29853476579823124,0.7707528010604767
True,0.0,-1.2999999999999994,174075200.51443508,rowcol,0.4741079665982992,0.048271121521361225,0.22442866253801544,0.2976294738642867,0.3791590335625788,0.3041028080027537,0.1826050692509066,0.2920744246668332,0.770915461478333
True,-20.0,-1.2999999999999994,174075200.51443508,rowcol,0.5555310385651925,0.05472532665568593,0.22739498794213295,0.28876423721558186,0.3790755981234411,0.3096610278992435,0.18692431341672322,0.26994086418330304,0.7709492010419807
True,-30.0,1.300000000000001,174075200.51443508,rowcol,0.41309848521601333,0.042184537740832896,0.22896621417450733,0.2865508809939154,0.05637965185346359,0.2887180561149875,0.24779463005168245,0.28471553982753195,0.7734495235174373
True,90.0,1.300000000000001,174075200.51443508,rowcol,0.41309848521601333,0.042184537740832896,0.22896621417450733,0.28655088099391546,0.05637965185346357,0.2887180561149875,0.24779463005168245,0.28471553982753195,0.7734495235174375
True,70.0,-1.3999999999999995,174075200.51443508,rowcol,0.5279922230956678,0.051931816949672624,0.22852777110499362,0.28819301707547335,0.39439122919319375,0.2924316500703071,0.18273478997383516,0.28457950346190564,0.7737763303904541
True,-50.0,-1.3999999999999995,174075200.51443508,rowcol,0.5279922230956678,0.05193181694967262,0.22852777110499364,0.28819301707547335,0.3943912291931938,0.2924316500703071,0.18273478997383516,0.28457950346190564,0.7737763303904542
False,-90.0,-0.9999999999999992,174075200.51443508,rowcol,0.39790825352839354,0.03993031915813556,0.23620342248831852,0.2671163387853666,0.3552563123173552,0.2922927688980313,0.20726048221607649,0.24393996396652998,0.7757266062503222
False,30.0,-0.9999999999999992,174075200.51443508,rowcol,0.39790825352839354,0.03993031915813556,0.23620342248831852,0.2671163387853666,0.3552563123173552,0.29229276889803124,0.20726048221607649,0.24393996396652998,0.7757266062503222
False,90.0,1.0000000000000007,174075200.51443508,rowcol,0.3979082541862507,0.03993031909370064,0.2362034228596907,0.2671163415829906,0.3552563189484395,0.2922927722081781,0.20726048064466565,0.24393996627066566,0.7757266101620626
False,-30.0,1.0000000000000007,174075200.51443508,rowcol,0.3979082541862507,0.03993031909370064,0.2362034228596907,0.26711634158299064,0.35525631894843956,0.2922927722081781,0.20726048064466565,0.24393996627066566,0.7757266101620628
True,-30.0,-1.2999999999999994,174075200.51443508,rowcol,0.5632870535110068,0.056288280156643264,0.23231440057058614,0.27893581545218543,0.378989372726025,0.3108623174024337,0.19397509339053157,0.24893612849555197,0.7758790171639438
True,90.0,-1.2999999999999994,174075200.51443508,rowcol,0.5632870535110067,0.056288280156643264,0.2323144005705861,0.27893581545218543,0.37898937272602484,0.3108623174024337,0.19397509339053154,0.24893612849555197,0.7758790171639438
True,30.0,1.6000000000000012,174075200.51443508,rowcol,0.6145280271510667,0.061620823633039765,0.21569028656498482,0.3318304340195291,0.08706563595699078,0.37398376827279983,0.2315611625603772,0.2917018383843205,0.7789012937144836
True,-90.0,1.6000000000000012,174075200.51443508,rowcol,0.6145280271510667,0.061620823633039765,0.21569028656498485,0.3318304340195291,0.08706563595699078,0.3739837682727999,0.23156116256037723,0.2917018383843204,0.7789012937144837
True,0.0,1.8000000000000014,174075200.51443508,rowcol,0.5177429316712582,0.052579402440864745,0.21811377581779118,0.32563811002468274,0.1134343202062466,0.2867189306972405,0.23216337339526932,0.35508168773127996,0.7799794374780562
True,-10.0,1.7000000000000013,174075200.51443508,rowcol,0.44777644640557873,0.04759309761693328,0.2230773875934257,0.3110891511767447,0.09991001172273858,0.2955971807891808,0.2387778063310254,0.32354400636851155,0.7803213139570218
True,-10.0,-1.3999999999999995,174075200.51443508,rowcol,0.5279922241984567,0.051931805737584824,0.22851849926293222,0.29545975948991654,0.3943912204560352,0.2917792652499544,0.18272108424337014,0.2985198907629308,0.7810152572787132
True,-90.0,-0.9999999999999992,174075200.51443508,rowcol,0.39928272632391737,0.04123178365173511,0.23138736118421133,0.28841696876329526,0.33358387898660835,0.33368081820779727,0.207402240348287,0.24393300510840965,0.7825790523159293
True,30.0,-0.9999999999999992,174075200.51443508,rowcol,0.39928272632391737,0.04123178365173511,0.23138736118421133,0.28841696876329526,0.33358387898660835,0.33368081820779727,0.207402240348287,0.24393300510840965,0.7825790523159293
True,-80.0,-1.0999999999999992,174075200.51443508,rowcol,0.39774814937388997,0.04210557224198234,0.23465215811833373,0.28318990696906804,0.34874562698547007,0.33455428052076247,0.2071927275358206,0.2313263718462026,0.7871463813240693
True,40.0,-1.0999999999999992,174075200.51443508,rowcol,0.39774814937388997,0.04210557224198234,0.23465215811833373,0.28318990696906804,0.34874562698547007,0.33455428052076247,0.2071927275358206,0.23132637184620258,0.7871463813240693
True,-50.0,1.7000000000000013,174075200.51443508,rowcol,0.44777644737699973,0.047593088477383326,0.223065849107656,0.31925973877251485,0.09990996984247254,0.2948133174940052,0.2387650647960786,0.33845475543862236,0.7884572860954828
True,70.0,1.7000000000000013,174075200.51443508,rowcol,0.44777644737699973,0.047593088477383326,0.22306584910765598,0.31925973877251485,0.0999099698424725,0.2948133174940052,0.2387650647960786,0.33845475543862236,0.7884572860954828
True,20.0,-1.0999999999999992,174075200.51443508,rowcol,0.3977481492458831,0.04210557345119307,0.2346242150087317,0.285479503173623,0.3487457249201819,0.3342262221469639,0.20715528142915546,0.23684048190091989,0.789352148199818
True,-60.0,1.8000000000000014,174075200.51443508,rowcol,0.5177429337772854,0.05257938170306815,0.21818322195208958,0.33662763325305434,0.11343460349816945,0.28715398674790754,0.23224048367449104,0.37319127971888366,0.7911772991093231
True,60.0,1.8000000000000014,174075200.51443508,rowcol,0.5177429337772854,0.05257938170306815,0.21818322195208958,0.33662763325305434,0.11343460349816945,0.28715398674790754,0.23224048367449104,0.3731912797188836,0.7911772991093231
False,-10.0,1.300000000000001,174075200.51443508,rowcol,0.43600277654861513,0.04695848593488616,0.21969849061728125,0.332668382533889,0.32597414095389465,0.39876260546050246,0.1941565749179894,0.26459779356497093,0.7917638543857326
False,-70.0,-1.2999999999999994,174075200.51443508,rowcol,0.4360027772843036,0.04695848611188415,0.21969849142123501,0.33266838349097777,0.3259741436813277,0.3987626089708528,0.1941565751588459,0.264597791331182,0.7917638577546828
False,50.0,-1.2999999999999994,174075200.51443508,rowcol,0.4360027772843036,0.04695848611188415,0.21969849142123501,0.33266838349097777,0.3259741436813277,0.39876260897085275,0.19415657515884588,0.264597791331182,0.7917638577546828
True,10.0,1.9000000000000015,174075200.51443508,rowcol,0.5867211636086413,0.05750921670071556,0.22004731769340155,0.3353800136567183,0.12739159280923928,0.3003803717535356,0.23299951388455623,0.362205653391914,0.795521966736923
False,-30.0,-1.4999999999999996,174075200.51443508,rowcol,0.6084423341457939,0.06275524621732385,0.20188178107378532,0.3913372611462906,0.09683281820644342,0.4934483246911514,0.215583151764492,0.27778495419750965,0.7969826043676466
False,90.0,-1.4999999999999996,174075200.51443508,rowcol,0.6084423341457939,0.06275524621732385,0.20188178107378532,0.3913372611462906,0.0968328182064434,0.4934483246911513,0.21558315176449203,0.27778495419750965,0.7969826043676466
False,-90.0,1.500000000000001,174075200.51443508,rowcol,0.6084423350081288,0.06275524607173302,0.20188178423329053,0.3913372584043598,0.09683280900099707,0.49344831592444727,0.21558315601618594,0.2777849601828282,0.7969826111042314
False,30.0,1.500000000000001,174075200.51443508,rowcol,0.6084423350081287,0.06275524607173302,0.20188178423329056,0.3913372584043598,0.09683280900099708,0.4934483159244474,0.21558315601618597,0.2777849601828282,0.7969826111042315
False,-20.0,1.2000000000000008,174075200.51443508,rowcol,0.3964546517653708,0.04152750233139694,0.23900294516575846,0.2801361420596617,0.3270977082692842,0.3183480307696942,0.2191622228731652,0.2433998606139859,0.797144977556937
False,-80.0,-1.1999999999999993,174075200.51443508,rowcol,0.396454651304224,0.04152750217835715,0.2390029470669566,0.2801361452230871,0.32709771230180473,0.31834803423621,0.21916222422735487,0.24339986350381926,0.7971449864239569
False,40.0,-1.1999999999999993,174075200.51443508,rowcol,0.396454651304224,0.04152750217835715,0.2390029470669566,0.2801361452230871,0.32709771230180473,0.31834803423621,0.2191622242273549,0.2433998635038192,0.7971449864239569
True,20.0,1.7000000000000013,174075200.51443508,rowcol,0.6132052424159674,0.06036956544755547,0.22003895946598567,0.3372979023357056,0.0999522138085435,0.3553859595892351,0.23541773587530918,0.3212987094661079,0.7974147807336627
False,0.0,1.400000000000001,174075200.51443508,rowcol,0.4926131323568074,0.05075786076935269,0.21931725388655485,0.34067143548744694,0.33989034281515146,0.39143464690724944,0.18923490535456386,0.2912085958580056,0.7986231971471115
False,-60.0,-1.3999999999999995,174075200.51443508,rowcol,0.4926131333972844,0.05075786073953409,0.21931725503569738,0.34067143580506404,0.3398903471177788,0.39143464397788696,0.18923490552048297,0.2912085998535082,0.7986232009121561
False,60.0,-1.3999999999999995,174075200.51443508,rowcol,0.4926131333972844,0.05075786073953408,0.2193172550356974,0.340671435805064,0.3398903471177788,0.39143464397788696,0.18923490552048297,0.2912085998535082,0.7986232009121562
False,-50.0,1.300000000000001,174075200.51443508,rowcol,0.436002777373095,0.046958478279708456,0.2200161761591212,0.3396825269241222,0.327239333228224,0.4005067706626994,0.1941939411475599,0.2784270980035704,0.7997310554014858
False,70.0,1.300000000000001,174075200.51443508,rowcol,0.436002777373095,0.046958478279708456,0.22001617615912117,0.3396825269241222,0.327239333228224,0.40050677066269935,0.1941939411475599,0.27842709800357035,0.7997310554014858
False,10.0,-1.2999999999999994,174075200.51443508,rowcol,0.43600277810878346,0.046958478456706226,0.22001617696939033,0.3396825280438982,0.32723933597346005,0.4005067741977542,0.19419394138967694,0.27842709624213957,0.7997310589520692
False,-50.0,-1.4999999999999996,174075200.51443508,rowcol,0.5506988555084614,0.05470092549244497,0.21851029191348093,0.3443536128362751,0.34155045124624134,0.39062528900644866,0.1875791373170619,0.29996407504440614,0.7998844885767178
False,70.0,-1.4999999999999996,174075200.51443508,rowcol,0.5506988555084614,0.05470092549244497,0.2185102919134809,0.3443536128362751,0.3415504512462414,0.3906252890064486,0.18757913731706188,0.29996407504440614,0.7998844885767178
False,10.0,1.500000000000001,174075200.51443508,rowcol,0.550698855205826,0.05470092540004979,0.21851029454228338,0.34435361684573074,0.3415504581963749,0.3906252933264774,0.18757913863079037,0.29996407878691994,0.7998845004725808
True,-80.0,1.7000000000000013,174075200.51443508,rowcol,0.6132052422142947,0.0603695674960497,0.21999290381488243,0.34026773309200453,0.09995274189879756,0.35490859248986506,0.2353668012214699,0.3274485560689525,0.8002464445366518
True,40.0,1.7000000000000013,174075200.51443508,rowcol,0.6132052422142947,0.0603695674960497,0.21999290381488243,0.34026773309200453,0.0999527418987976,0.35490859248986506,0.2353668012214699,0.32744855606895246,0.8002464445366518
False,-40.0,1.2000000000000008,174075200.51443508,rowcol,0.3964546516281315,0.041527503641592606,0.2391104576759728,0.28347516764553127,0.32768420620392924,0.3195850480334268,0.2191411706161091,0.24908717319013837,0.8008065406734497
False,80.0,1.2000000000000008,174075200.51443508,rowcol,0.3964546516281315,0.041527503641592606,0.2391104576759728,0.28347516764553127,0.32768420620392924,0.31958504803342686,0.2191411706161091,0.24908717319013837,0.8008065406734497
False,20.0,-1.1999999999999993,174075200.51443508,rowcol,0.3964546511669848,0.041527503488552386,0.23911045958296345,0.28347517094450814,0.32768421024925304,0.31958505152452826,0.2191411719735471,0.24908717633505242,0.8008065496933985
True,-70.0,-1.2999999999999994,174075200.51443508,rowcol,0.41851505682769885,0.044528259523392136,0.23593064225517527,0.29430167093742343,0.3791864124882005,0.32610347185958366,0.19900010919369293,0.2646143420498567,0.8020935977029492
True,50.0,-1.2999999999999994,174075200.51443508,rowcol,0.41851505682769885,0.044528259523392136,0.23593064225517527,0.29430167093742343,0.3791864124882005,0.32610347185958366,0.19900010919369296,0.2646143420498566,0.8020935977029492
True,50.0,1.9000000000000015,174075200.51443508,rowcol,0.5867211650390615,0.057509202107266254,0.22003425026358922,0.3438541857122533,0.127391556099338,0.29951814537462024,0.23298492698906595,0.37712673546612946,0.8039569365030209
True,-70.0,1.9000000000000015,174075200.51443508,rowcol,0.5867211650390614,0.057509202107266254,0.22003425026358925,0.3438541857122533,0.127391556099338,0.2995181453746203,0.23298492698906592,0.37712673546612946,0.803956936503021
True,-60.0,-1.3999999999999995,174075200.51443508,rowcol,0.47416141628187475,0.04828260802751185,0.23660620794874176,0.2977362362830845,0.3944199329791223,0.3062632421730656,0.1945002672075229,0.29037133502856094,0.8075548601293099
True,60.0,-1.3999999999999995,174075200.51443508,rowcol,0.4741614162818747,0.048282608027511845,0.23660620794874176,0.2977362362830845,0.3944199329791223,0.3062632421730656,0.1945002672075229,0.29037133502856094,0.8075548601293099
True,10.0,-1.2999999999999994,174075200.51443508,rowcol,0.4185150576866298,0.04452825145041615,0.2359222999094987,0.3009184805369772,0.37918640404978493,0.32556039011128185,0.19898841863483357,0.278512194440044,0.8086853802654732
False,-10.0,-1.4999999999999996,174075200.51443508,rowcol,0.5506988566553638,0.05470091394606087,0.2188788049330564,0.3521636434982953,0.3429435756819739,0.39267462984758317,0.18762376823971563,0.31407499541101974,0.8088000582974644
False,-70.0,1.500000000000001,174075200.51443508,rowcol,0.5506988563527283,0.05470091385366548,0.21887880756610414,0.35216364762101565,0.3429435826350854,0.3926746341904048,0.1876237695546923,0.3140749993550739,0.8088000703193281
False,50.0,1.500000000000001,174075200.51443508,rowcol,0.5506988563527283,0.05470091385366548,0.21887880756610414,0.35216364762101565,0.3429435826350854,0.39267463419040477,0.18762376955469232,0.3140749993550739,0.8088000703193281
False,-60.0,1.400000000000001,174075200.51443508,rowcol,0.49261313407838947,0.050757844061122,0.21976801227993356,0.3500882438329159,0.3413590706683242,0.39410742092578294,0.18937123611671644,0.3082400100495679,0.8093922806727166
False,60.0,1.400000000000001,174075200.51443508,rowcol,0.49261313407838947,0.050757844061122,0.21976801227993356,0.3500882438329159,0.3413590706683242,0.39410742092578294,0.18937123611671644,0.3082400100495679,0.8093922806727166
False,0.0,-1.3999999999999995,174075200.51443508,rowcol,0.49261313511886634,0.050757844031303394,0.21976801342671914,0.3500882441416586,0.34135907495243917,0.39410741801564253,0.18937123628251606,0.30824001382430477,0.809392284421816
True,-20.0,1.500000000000001,174075200.51443508,rowcol,0.41231944624856315,0.04353327124119256,0.239396973864268,0.2919780767175387,0.0750132327338329,0.30253111041953407,0.2583249644561408,0.282798397959321,0.8101689983103426
True,-40.0,1.500000000000001,174075200.51443508,rowcol,0.412319446093928,0.04353327270579805,0.2393596242436457,0.29500284542212907,0.07501385360916667,0.30203624327369627,0.25828400940004026,0.288955332884433,0.8130817181530661
True,80.0,1.500000000000001,174075200.51443508,rowcol,0.412319446093928,0.04353327270579805,0.2393596242436457,0.29500284542212907,0.07501385360916676,0.3020362432736962,0.25828400940004026,0.288955332884433,0.8130817181530661
True,0.0,-1.3999999999999995,174075200.51443508,rowcol,0.47416141807045104,0.048282590462717906,0.23665600274994947,0.3070952966367808,0.39441999634797553,0.30658010186800366,0.19457185410017333,0.30752790188304513,0.8170633048866291
True,-40.0,-1.3999999999999995,174075200.51443508,rowcol,0.5615484903810019,0.05519433783410665,0.24149252280302524,0.2945598649063946,0.39433035081137086,0.3137777636910051,0.20150732721621528,0.277368942398391,0.8190374333154704
True,80.0,-1.3999999999999995,174075200.51443508,rowcol,0.5615484903810019,0.05519433783410665,0.2414925228030253,0.2945598649063946,0.39433035081137086,0.3137777636910051,0.20150732721621525,0.27736894239839105,0.8190374333154704
True,70.0,-1.4999999999999996,174075200.51443508,rowcol,0.5317803214232218,0.052194951951250804,0.24086594097439465,0.2967262563005604,0.40966033170972344,0.29387199974436934,0.19493912044637024,0.2991055718412143,0.8193240792237443
True,-50.0,-1.4999999999999996,174075200.51443508,rowcol,0.5317803214232218,0.05219495195125081,0.2408659409743947,0.2967262563005604,0.4096603317097235,0.29387199974436934,0.1949391204463703,0.2991055718412143,0.8193240792237445
True,-20.0,-1.3999999999999995,174075200.51443508,rowcol,0.5615484902067082,0.055194339607374056,0.24145796526529267,0.2973594827859121,0.3943304610466475,0.3133324908690319,0.2014583215980268,0.28322986438931885,0.8217333785817902
False,-40.0,-1.5999999999999996,174075200.51443508,rowcol,0.5994409948617802,0.06025062009781961,0.21559954955892816,0.37576715497937935,0.18538193956059149,0.4443714341623349,0.2206621441875346,0.3064027849030222,0.8225658036561638
False,80.0,-1.5999999999999996,174075200.51443508,rowcol,0.5994409948617802,0.06025062009781962,0.21559954955892816,0.37576715497937935,0.18538193956059157,0.4443714341623349,0.2206621441875346,0.30640278490302225,0.8225658036561638
False,20.0,1.6000000000000012,174075200.51443508,rowcol,0.5994409956793693,0.060250620305374335,0.21559955112003643,0.3757671561668884,0.18538194348361212,0.4443714385916326,0.22066214539010193,0.30640278218182826,0.8225658095269976
False,-20.0,-1.5999999999999996,174075200.51443508,rowcol,0.5994409946701345,0.06025062200452656,0.21575843670215816,0.3790762442478802,0.18675786775721687,0.4455257321057505,0.22063426401926142,0.31243767645404397,0.8263515543543547
False,-80.0,1.6000000000000012,174075200.51443508,rowcol,0.5994409954877237,0.060250622212080676,0.21575843827193936,0.37907624560399117,0.18675787169817254,0.4455257365723508,0.2206342652261104,0.3124376741266663,0.8263515604198093
False,40.0,1.6000000000000012,174075200.51443508,rowcol,0.5994409954877237,0.06025062221208068,0.21575843827193936,0.37907624560399117,0.18675787169817248,0.44552573657235084,0.2206342652261104,0.31243767412666623,0.8263515604198093
True,-10.0,1.8000000000000014,174075200.51443508,rowcol,0.4466189197079349,0.04758827126272519,0.2353638663913502,0.32044074126230737,0.11343734619528346,0.2972198392563032,0.2512928918175542,0.3387392430012043,0.826532340436358
True,-30.0,1.400000000000001,174075200.51443508,rowcol,0.40849388155445593,0.04168523507682189,0.24389876571727234,0.29508441709302247,0.06453739410924426,0.29072222594031183,0.2637622833361477,0.2987036629180843,0.8267807142448395
True,90.0,1.400000000000001,174075200.51443508,rowcol,0.40849388155445593,0.04168523507682189,0.24389876571727234,0.29508441709302247,0.06453739410924424,0.29072222594031183,0.2637622833361477,0.2987036629180843,0.8267807142448395
True,0.0,1.9000000000000015,174075200.51443508,rowcol,0.5204811694093665,0.052855772597453006,0.23028495641273813,0.3359920329462517,0.12738962635074022,0.2881977719468268,0.2444167962816443,0.37145608833156024,0.8268469021844661
True,-10.0,-1.4999999999999996,174075200.51443508,rowcol,0.5317803226109262,0.052194939850503906,0.2408565158553364,0.30428714377747773,0.4096603226973999,0.29317639452298727,0.19492535529437852,0.3133263142021179,0.8268566913434869
True,-30.0,-1.3999999999999995,174075200.51443508,rowcol,0.5699029278199924,0.05686235629504394,0.24728498844702948,0.2871190474289885,0.3942379105063559,0.31435331260320243,0.20968020739778054,0.26203317779416957,0.828974012770077
True,90.0,-1.3999999999999995,174075200.51443508,rowcol,0.5699029278199924,0.05686235629504394,0.24728498844702948,0.2871190474289885,0.3942379105063559,0.31435331260320243,0.2096802073977805,0.2620331777941695,0.828974012770077
False,-90.0,-1.0999999999999992,174075200.51443508,rowcol,0.3895076778094563,0.03902885563550335,0.25204358749693556,0.2783232119147576,0.3726437465957485,0.30181891816575707,0.22314473341109045,0.256905448319096,0.8344539744055643
False,30.0,-1.0999999999999992,174075200.51443508,rowcol,0.3895076778094563,0.03902885563550335,0.25204358749693556,0.2783232119147576,0.37264374659574856,0.301818918165757,0.22314473341109045,0.25690544831909595,0.8344539744055643
False,-30.0,1.1000000000000008,174075200.51443508,rowcol,0.38950767853876295,0.03902885556695411,0.25204358782085096,0.27832321509945873,0.37264375389791793,0.30181892225347334,0.22314473162087262,0.25690545063215886,0.8344539785620115
False,90.0,1.1000000000000008,174075200.51443508,rowcol,0.38950767853876295,0.03902885556695411,0.25204358782085096,0.27832321509945873,0.37264375389791793,0.30181892225347334,0.22314473162087262,0.25690545063215886,0.8344539785620115
True,-50.0,1.8000000000000014,174075200.51443508,rowcol,0.4466189207183584,0.04758826177983593,0.23535228679842587,0.3288397136243816,0.1134373071394463,0.2963943456505793,0.2512800725191584,0.35383022400568087,0.8348965740196592
True,70.0,1.8000000000000014,174075200.51443508,rowcol,0.44661892071835835,0.04758826177983593,0.23535228679842587,0.3288397136243816,0.11343730713944626,0.2963943456505793,0.2512800725191584,0.3538302240056809,0.8348965740196592
True,-90.0,1.7000000000000013,174075200.51443508,rowcol,0.6228124906013512,0.06241382052662544,0.23103178048732828,0.34424819389953976,0.10000241141614133,0.38494169653024246,0.2475521291644683,0.30586253961784887,0.8373435353615246
True,30.0,1.7000000000000013,174075200.51443508,rowcol,0.6228124906013512,0.06241382052662544,0.23103178048732834,0.34424819389953976,0.10000241141614133,0.38494169653024246,0.2475521291644683,0.30586253961784887,0.8373435353615247
True,-60.0,1.9000000000000015,174075200.51443508,rowcol,0.5204811716207,0.052855750822013416,0.23035438692472926,0.3472361782125144,0.12738989262291503,0.2886546258466443,0.24449411051679826,0.38974486381626505,0.8382993389867022
True,60.0,1.9000000000000015,174075200.51443508,rowcol,0.5204811716207,0.052855750822013416,0.23035438692472926,0.3472361782125144,0.12738989262291503,0.2886546258466443,0.24449411051679823,0.38974486381626505,0.8382993389867022
True,-90.0,-1.0999999999999992,174075200.51443508,rowcol,0.39101329617845787,0.040461170365917794,0.24684676709046552,0.2991795704726378,0.34881945745942716,0.3427319921291698,0.22329669442464503,0.25689888602645305,0.8397198717440344
True,30.0,-1.0999999999999992,174075200.51443508,rowcol,0.39101329617845787,0.040461170365917794,0.24684676709046552,0.2991795704726378,0.34881945745942716,0.3427319921291698,0.223296694424645,0.25689888602645305,0.8397198717440344
True,-80.0,-1.1999999999999993,174075200.51443508,rowcol,0.3901236116460008,0.04150351738897415,0.24918753830019968,0.2928954241213046,0.363989123196811,0.3424969858840862,0.22195307930863634,0.24348043264489747,0.8404580390219036
True,40.0,-1.1999999999999993,174075200.51443508,rowcol,0.3901236116460008,0.04150351738897415,0.24918753830019968,0.2928954241213046,0.36398912319681104,0.3424969858840862,0.22195307930863634,0.2434804326448974,0.8404580390219036
True,20.0,-1.1999999999999993,174075200.51443508,rowcol,0.3901236115065344,0.04150351869992655,0.2491588331105961,0.2953102057296432,0.36398922556041663,0.3421473964944088,0.22191494583544993,0.24919656269751905,0.8427867050614315
True,10.0,2.0000000000000013,174075200.51443508,rowcol,0.5925047673169397,0.05800534349327005,0.23256218406025908,0.3460963499130141,0.14164878560896219,0.3039987701472242,0.2455329575570287,0.3778867629568117,0.8437829020937913
False,-10.0,1.400000000000001,174075200.51443508,rowcol,0.4331137234418446,0.046932189662145976,0.23270242349834985,0.34634560175656964,0.34273928423933636,0.412616701245521,0.20641843552931247,0.278667908346985,0.8444528722516191
False,-70.0,-1.3999999999999995,174075200.51443508,rowcol,0.43311372425506717,0.04693218985664165,0.23270242442751138,0.3463456028730659,0.3427392873645752,0.41261670507790726,0.20641843582184324,0.27866790612942294,0.8444528761556
False,50.0,-1.3999999999999995,174075200.51443508,rowcol,0.43311372425506717,0.04693218985664164,0.23270242442751138,0.3463456028730659,0.3427392873645752,0.41261670507790726,0.20641843582184324,0.27866790612942294,0.8444528761556
True,-70.0,-1.3999999999999995,174075200.51443508,rowcol,0.41401340415851967,0.044241290142870725,0.24855648268812083,0.3037152452192277,0.39444924058434344,0.3309722910809652,0.21137830371529034,0.2787365746340017,0.8493846932835902
True,50.0,-1.3999999999999995,174075200.51443508,rowcol,0.41401340415851967,0.044241290142870725,0.2485564826881209,0.3037152452192277,0.39444924058434344,0.3309722910809652,0.21137830371529034,0.2787365746340017,0.8493846932835903
False,-20.0,1.300000000000001,174075200.51443508,rowcol,0.38947178363235485,0.04096496513416899,0.2532592011519613,0.29058105300046627,0.34060695902898724,0.3269956672206184,0.233848038194003,0.25597751579733635,0.8503586564563503
False,-80.0,-1.2999999999999994,174075200.51443508,rowcol,0.3894717831421754,0.04096496496810279,0.2532592032038779,0.2905810564789759,0.3406069634368195,0.3269956711942117,0.23384803965105594,0.25597751879804564,0.8503586660906095
False,40.0,-1.2999999999999994,174075200.51443508,rowcol,0.3894717831421754,0.04096496496810279,0.2532592032038779,0.2905810564789759,0.3406069634368195,0.32699567119421163,0.23384803965105597,0.25597751879804564,0.8503586660906095
False,0.0,1.500000000000001,174075200.51443508,rowcol,0.4941604791117785,0.05101684874878539,0.23226658289752028,0.3545776161610966,0.3573684413402476,0.4042341866348268,0.20125129467786732,0.3066542165651802,0.8513773648536573
False,-60.0,-1.4999999999999996,174075200.51443508,rowcol,0.4941604802230845,0.05101684871691065,0.23226658406010126,0.3545776164269049,0.35736844572474274,0.4042341834781868,0.20125129484502333,0.3066542206304548,0.8513773686072086
False,60.0,-1.4999999999999996,174075200.51443508,rowcol,0.49416048022308445,0.05101684871691065,0.23226658406010126,0.3545776164269049,0.35736844572474274,0.4042341834781868,0.20125129484502333,0.3066542206304548,0.8513773686072086
False,-50.0,-1.5999999999999996,174075200.51443508,rowcol,0.5557354900379172,0.05518869324299566,0.23150230000432565,0.35777775326362427,0.3586293512854304,0.40297306947785005,0.1997960496335532,0.3147851732455776,0.8522846532766011
False,70.0,-1.5999999999999996,174075200.51443508,rowcol,0.5557354900379172,0.05518869324299566,0.23150230000432565,0.3577777532636244,0.3586293512854304,0.40297306947785005,0.1997960496335532,0.3147851732455776,0.8522846532766013
False,10.0,1.6000000000000012,174075200.51443508,rowcol,0.555735489731978,0.05518869314778517,0.23150230277939063,0.35777775755171426,0.35862935870812224,0.40297307421601286,0.1997960510065085,0.3147851771170118,0.8522846658898862
True,20.0,1.8000000000000014,174075200.51443508,rowcol,0.6209443406179884,0.06105598464450778,0.23446764303944656,0.34897641849622235,0.1134954858963531,0.3642789319354623,0.25029559677396207,0.3355673956797987,0.852379347614562
True,-70.0,2.0000000000000013,174075200.51443508,rowcol,0.592504768825373,0.05800532808513796,0.23254916927134567,0.3547415494603892,0.14164875085634518,0.3031019305922879,0.2455183869348986,0.392951195010413,0.8523890572744262
True,50.0,2.0000000000000013,174075200.51443508,rowcol,0.592504768825373,0.05800532808513796,0.23254916927134567,0.3547415494603892,0.14164875085634518,0.3031019305922879,0.2455183869348986,0.392951195010413,0.8523890572744262
False,-50.0,1.400000000000001,174075200.51443508,rowcol,0.4331137243189819,0.046932181567483335,0.23302543702284048,0.35360169476899367,0.34403521616095856,0.41443232223536314,0.20645628569048516,0.2928192900694814,0.8526780058375151
False,70.0,1.400000000000001,174075200.51443508,rowcol,0.4331137243189819,0.046932181567483335,0.23302543702284048,0.3536016947689937,0.34403521616095845,0.4144323222353632,0.2064562856904852,0.2928192900694814,0.8526780058375152
False,10.0,-1.3999999999999995,174075200.51443508,rowcol,0.4331137251322045,0.04693218176197877,0.23302543795831582,0.3536016960506519,0.3440352193034631,0.4144323260913155,0.20645628598428614,0.2928192883291674,0.8526780099255993
True,-60.0,-1.4999999999999996,174075200.51443508,rowcol,0.4743101935196648,0.048303860417403754,0.2489284718149208,0.3071802570462512,0.4096908452043144,0.3088203191361895,0.20655629073993093,0.3057941728163943,0.8539656724910136
True,60.0,-1.4999999999999996,174075200.51443508,rowcol,0.4743101935196648,0.048303860417403754,0.2489284718149208,0.3071802570462512,0.4096908452043144,0.30882031913618946,0.20655629073993093,0.3057941728163943,0.8539656724910136
False,-40.0,1.300000000000001,174075200.51443508,rowcol,0.38947178348416756,0.0409649665430506,0.2533691175880218,0.29407277576758345,0.34121713194508435,0.3283093014520157,0.23382666392644674,0.26183740194250604,0.8541801285316488
False,80.0,1.300000000000001,174075200.51443508,rowcol,0.38947178348416756,0.0409649665430506,0.2533691175880218,0.29407277576758345,0.34121713194508435,0.3283093014520157,0.23382666392644674,0.26183740194250604,0.8541801285316488
False,20.0,-1.2999999999999994,174075200.51443508,rowcol,0.3894717829939881,0.04096496637698394,0.25336911964584424,0.2940727793870649,0.34121713636586337,0.32830930545332826,0.23382666538679883,0.26183740520694226,0.8541801383245975
True,-80.0,1.8000000000000014,174075200.51443508,rowcol,0.6209443404043749,0.06105598681697569,0.23442187941939185,0.35201585944519176,0.11349597832779003,0.3637858211013293,0.2502448719906469,0.34180383822292887,0.8552814977033674
True,40.0,1.8000000000000014,174075200.51443508,rowcol,0.6209443404043749,0.06105598681697569,0.23442187941939185,0.35201585944519176,0.11349597832779007,0.3637858211013293,0.25024487199064693,0.3418038382229288,0.8552814977033674
True,10.0,-1.3999999999999995,174075200.51443508,rowcol,0.41401340507612333,0.044241281555863925,0.2485479548770466,0.31061933767786093,0.3944492318484519,0.3303960155900889,0.21136645099702067,0.2929556611752787,0.8562632023090007
False,90.0,-1.5999999999999996,174075200.51443508,rowcol,0.6168768227858678,0.0636753119766847,0.21745643804037668,0.4071867152127665,0.11263424546051375,0.5116593994465841,0.23150441640888364,0.29166900090623615,0.8595560293338964
False,-30.0,-1.5999999999999996,174075200.51443508,rowcol,0.6168768227858678,0.0636753119766847,0.21745643804037665,0.40718671521276656,0.11263424546051372,0.5116593994465841,0.23150441640888364,0.29166900090623615,0.8595560293338965
False,-90.0,1.6000000000000012,174075200.51443508,rowcol,0.616876823702247,0.06367531182009566,0.21745644126847327,0.40718671217199165,0.11263423534267711,0.5116593899465062,0.23150442089109644,0.2916690071065521,0.8595560359774115
False,30.0,1.6000000000000012,174075200.51443508,rowcol,0.616876823702247,0.06367531182009566,0.21745644126847327,0.40718671217199165,0.11263423534267711,0.5116593899465062,0.23150442089109644,0.29166900710655214,0.8595560359774115
False,-10.0,-1.5999999999999996,174075200.51443508,rowcol,0.5557354912650552,0.05518868088604108,0.23187333636973403,0.3658012224355215,0.36004467683252456,0.40510053514942745,0.19984074547676892,0.32913825793811147,0.8614212315447236
False,-70.0,1.6000000000000012,174075200.51443508,rowcol,0.5557354909591159,0.05518868079083037,0.23187333914908928,0.3658012268368608,0.36004468425774877,0.4051005399089559,0.1998407468509801,0.32913826201700497,0.8614212442841286
False,50.0,1.6000000000000012,174075200.51443508,rowcol,0.5557354909591159,0.05518868079083037,0.23187333914908928,0.3658012268368608,0.36004468425774877,0.4051005399089559,0.1998407468509801,0.32913826201700497,0.8614212442841286
True,-20.0,1.6000000000000012,174075200.51443508,rowcol,0.40844677570112864,0.043222081539527314,0.2535834244489047,0.3007031589069329,0.08696522910159271,0.305778667183073,0.2732166460495107,0.29636742894262164,0.8614534322536469
False,-60.0,1.500000000000001,174075200.51443508,rowcol,0.4941604809505548,0.051016830937987666,0.23272263349463146,0.3642696626607112,0.3588652144460293,0.407001035459537,0.20138864443277427,0.3239992484479113,0.8624375631446055
False,60.0,1.500000000000001,174075200.51443508,rowcol,0.4941604809505548,0.051016830937987666,0.23272263349463146,0.3642696626607112,0.35886521444602926,0.407001035459537,0.20138864443277427,0.3239992484479113,0.8624375631446055
False,0.0,-1.4999999999999996,174075200.51443508,rowcol,0.49416048206186086,0.05101683090611292,0.23272263465493412,0.3642696629184153,0.3588652188122373,0.4070010323223339,0.20138864459981629,0.3239992522955556,0.8624375668832176
True,0.0,-1.4999999999999996,174075200.51443508,rowcol,0.47431019543539554,0.04830384160626146,0.2489791825903578,0.3168985604678399,0.4096909105687728,0.3091569912664409,0.20662851490089035,0.32326565140025826,0.8638361082389133
True,-40.0,1.6000000000000012,174075200.51443508,rowcol,0.40844677553832237,0.04322208307803992,0.25354581380432617,0.3038358693074697,0.08696580035096729,0.3052563961908334,0.2731753419071938,0.30263605949264377,0.8644733107204483
True,80.0,1.6000000000000012,174075200.51443508,rowcol,0.40844677553832237,0.04322208307803993,0.2535458138043262,0.3038358693074697,0.08696580035096736,0.3052563961908334,0.2731753419071938,0.3026360594926437,0.8644733107204483
True,-50.0,-1.5999999999999996,174075200.51443508,rowcol,0.5356285410480505,0.05246479087208982,0.2533078249182594,0.30559405799554157,0.4249383273312239,0.2953994489660389,0.2072346758885815,0.31391142325354704,0.86551753275032
True,70.0,-1.5999999999999996,174075200.51443508,rowcol,0.5356285410480505,0.05246479087208982,0.2533078249182594,0.30559405799554157,0.42493832733122383,0.295399448966039,0.20723467588858147,0.31391142325354704,0.86551753275032
True,-40.0,-1.4999999999999996,174075200.51443508,rowcol,0.5676097830638296,0.05566700486639316,0.2556986902476311,0.30337610208992916,0.40959518408567686,0.3176644797887524,0.21614570684747142,0.2908167849945319,0.8704721728328224
True,80.0,-1.4999999999999996,174075200.51443508,rowcol,0.5676097830638296,0.05566700486639316,0.25569869024763114,0.3033761020899292,0.4095951840856769,0.3176644797887524,0.21614570684747145,0.29081678499453195,0.8704721728328226
True,-20.0,-1.4999999999999996,174075200.51443508,rowcol,0.5676097828765833,0.05566700677565343,0.255663721499419,0.30628838730908686,0.40959529779319587,0.31719322375906744,0.21609675715644544,0.2968075437747482,0.873279551807344
True,-10.0,-1.5999999999999996,174075200.51443508,rowcol,0.5356285423212539,0.05246477787357839,0.2532982653919166,0.31342441260557413,0.4249383180637043,0.29466125793182585,0.20722086442292906,0.32837512209085185,0.873319208781324
True,-10.0,1.9000000000000015,174075200.51443508,rowcol,0.4455628732933442,0.04759228987209188,0.24776152172170712,0.3300576881396406,0.12738878101212314,0.29892670062968024,0.2638505015454409,0.35412626715254525,0.8733422533047619
True,0.0,2.0000000000000013,174075200.51443508,rowcol,0.5232914836271552,0.053139599509035226,0.24256016522779816,0.3466036246387497,0.14164334329368966,0.28979650041252764,0.25671550466072746,0.38799172182095937,0.8742841203221441
False,-40.0,-1.6999999999999997,174075200.51443508,rowcol,0.6068615995827691,0.060989473653016026,0.2296554964137514,0.3898322261854691,0.19545746772559372,0.4588988206746634,0.23535424075183622,0.320423520183068,0.8787987154267233
False,80.0,-1.6999999999999997,174075200.51443508,rowcol,0.6068615995827691,0.06098947365301602,0.22965549641375146,0.3898322261854691,0.19545746772559378,0.45889882067466353,0.23535424075183622,0.3204235201830681,0.8787987154267235
False,20.0,1.7000000000000013,174075200.51443508,rowcol,0.6068616004562383,0.0609894738746588,0.2296554981269802,0.389832227578954,0.1954574721632652,0.45889882554076405,0.23535424205653432,0.3204235174432642,0.8787987219598946
True,-30.0,1.500000000000001,174075200.51443508,rowcol,0.40400705093478967,0.04119025688668478,0.2589886711218801,0.3039631725811867,0.07499804924537358,0.29292415115305065,0.2797788985171916,0.31294557638859116,0.8809291859468271
True,90.0,1.500000000000001,174075200.51443508,rowcol,0.40400705093478967,0.04119025688668478,0.2589886711218801,0.3039631725811867,0.07499804924537357,0.29292415115305065,0.2797788985171917,0.31294557638859116,0.8809291859468271
True,-50.0,1.9000000000000015,174075200.51443508,rowcol,0.4455628743404165,0.04759228006931389,0.24774991029756643,0.3386655204312816,0.12738874430148697,0.298060269140692,0.2638376139219152,0.3693746371742051,0.881915251323981
True,70.0,1.9000000000000015,174075200.51443508,rowcol,0.4455628743404165,0.04759228006931389,0.24774991029756643,0.3386655204312816,0.12738874430148692,0.298060269140692,0.2638376139219152,0.3693746371742051,0.881915251323981
False,-20.0,-1.6999999999999997,174075200.51443508,rowcol,0.6068615993789883,0.06098947568068962,0.22981398529301356,0.3932282231917507,0.19684425746526182,0.46009907499806724,0.2353264673672646,0.3265567094843307,0.8826701790707914
False,-80.0,1.7000000000000013,174075200.51443508,rowcol,0.6068616002524575,0.06098947590233176,0.22981398701485897,0.3932282247566176,0.19684426191888446,0.4600990799018589,0.23532646867623064,0.3265567071428898,0.8826701858011945
False,40.0,1.7000000000000013,174075200.51443508,rowcol,0.6068616002524575,0.06098947590233176,0.22981398701485897,0.3932282247566176,0.1968442619188844,0.46009907990185894,0.23532646867623064,0.32655670714288976,0.8826701858011945
True,-30.0,-1.4999999999999996,174075200.51443508,rowcol,0.5765621759883544,0.057438136145206875,0.2624065423652584,0.2956770145155615,0.40949644391432105,0.3180007529119623,0.22548296700512369,0.2755062474401936,0.8828966416113366
True,90.0,-1.4999999999999996,174075200.51443508,rowcol,0.5765621759883544,0.057438136145206875,0.2624065423652584,0.2956770145155615,0.40949644391432105,0.3180007529119623,0.22548296700512369,0.2755062474401936,0.8828966416113366
True,-60.0,2.0000000000000013,174075200.51443508,rowcol,0.5232914859423737,0.053139576709947074,0.24262955192296337,0.3580792124044201,0.14164359537470664,0.29027473073177057,0.25679298971692494,0.40643783845825565,0.8859678681733101
True,60.0,2.0000000000000013,174075200.51443508,rowcol,0.5232914859423737,0.053139576709947074,0.24262955192296337,0.3580792124044201,0.14164359537470664,0.29027473073177057,0.2567929897169249,0.40643783845825565,0.8859678681733101
False,-90.0,-1.1999999999999993,174075200.51443508,rowcol,0.3811096538819086,0.038128848998876017,0.2679711469460351,0.29034179964233703,0.3900432804699109,0.3125314964315471,0.23909613581063185,0.27027386111077273,0.8942552404804422
False,30.0,-1.1999999999999993,174075200.51443508,rowcol,0.3811096538819086,0.038128848998876017,0.2679711469460351,0.29034179964233703,0.39004328046991094,0.3125314964315471,0.23909613581063185,0.27027386111077273,0.8942552404804422
False,-30.0,1.2000000000000008,174075200.51443508,rowcol,0.38110965468396174,0.038128848926758836,0.26797114721793797,0.29034180321454917,0.39004328844359243,0.31253150132954965,0.23909613379990083,0.27027386341227283,0.8942552448683629
False,90.0,1.2000000000000008,174075200.51443508,rowcol,0.38110965468396174,0.038128848926758836,0.26797114721793797,0.2903418032145491,0.39004328844359243,0.31253150132954965,0.23909613379990086,0.27027386341227283,0.8942552448683629
True,-80.0,-1.2999999999999994,174075200.51443508,rowcol,0.38250684034226023,0.04090651571720941,0.2638102116880923,0.30307125437607946,0.37924526877544595,0.35083791086039146,0.23678064707067123,0.2560934057359902,0.8945018894403565
True,40.0,-1.2999999999999994,174075200.51443508,rowcol,0.38250684034226023,0.04090651571720941,0.2638102116880923,0.30307125437607946,0.379245268775446,0.35083791086039146,0.23678064707067126,0.25609340573599015,0.8945018894403565
True,-90.0,1.8000000000000014,174075200.51443508,rowcol,0.6310972257264205,0.06320724160880048,0.24648878128798773,0.3569977112865387,0.11355720315252538,0.3962715265760813,0.2635921951455889,0.32026198181949356,0.8964640551505019
True,30.0,1.8000000000000014,174075200.51443508,rowcol,0.6310972257264205,0.06320724160880048,0.24648878128798773,0.3569977112865387,0.11355720315252538,0.3962715265760813,0.2635921951455889,0.32026198181949356,0.8964640551505019
True,20.0,-1.2999999999999994,174075200.51443508,rowcol,0.38250684019137465,0.040906517128103635,0.2637808381579947,0.30559930959118126,0.37924537520835094,0.350468186740899,0.23674192296631646,0.26198228981220845,0.8969418240651654
True,-70.0,-1.4999999999999996,174075200.51443508,rowcol,0.4095759374516937,0.04396342032283784,0.26125540244686535,0.31348604088023707,0.4097220041856091,0.33601224647438005,0.22382180225089257,0.29320505778334066,0.8972522482208332
True,50.0,-1.4999999999999996,174075200.51443508,rowcol,0.4095759374516937,0.04396342032283784,0.26125540244686535,0.31348604088023707,0.4097220041856091,0.3360122464743801,0.2238218022508926,0.29320505778334066,0.8972522482208332
True,-90.0,-1.1999999999999993,174075200.51443508,rowcol,0.3827449641885244,0.039692114370539745,0.26240082652169566,0.3104474958910155,0.36406939209326405,0.35230996390839164,0.23925810795189048,0.27026778856317146,0.8976499754561025
True,30.0,-1.1999999999999993,174075200.51443508,rowcol,0.3827449641885244,0.039692114370539745,0.26240082652169566,0.3104474958910155,0.36406939209326405,0.3523099639083917,0.23925810795189048,0.27026778856317146,0.8976499754561025
False,-10.0,1.500000000000001,174075200.51443508,rowcol,0.43032795911045446,0.04692450653994076,0.24584191484207177,0.3602612322603943,0.35983667064989716,0.4265884480382922,0.21875320992194347,0.29308240013036624,0.8977869767866096
False,-70.0,-1.4999999999999996,174075200.51443508,rowcol,0.4303279600042897,0.04692450675225246,0.24584191589772447,0.3602612335296038,0.3598366741777519,0.42658845217482283,0.218753210266786,0.2930823979391054,0.8977869812227772
False,50.0,-1.4999999999999996,174075200.51443508,rowcol,0.4303279600042897,0.04692450675225246,0.24584191589772447,0.3602612335296038,0.3598366741777519,0.4265884521748229,0.21875321026678604,0.2930823979391054,0.8977869812227772
True,-60.0,-1.5999999999999996,174075200.51443508,rowcol,0.47455420699395934,0.04833488210166071,0.2613331230003909,0.3169629523279364,0.4249706362252581,0.31147496027399196,0.21868742582736103,0.32150578548010017,0.9009623213291091
True,60.0,-1.5999999999999996,174075200.51443508,rowcol,0.4745542069939593,0.04833488210166071,0.2613331230003909,0.3169629523279364,0.4249706362252581,0.31147496027399196,0.21868742582736103,0.32150578548010017,0.9009623213291091
False,-20.0,1.400000000000001,174075200.51443508,rowcol,0.3825175547929237,0.04041347911884731,0.267611638709488,0.3013657322946119,0.35422838773665416,0.3358646864407714,0.24859231705100787,0.26894827380299796,0.904200648423076
False,-80.0,-1.3999999999999995,174075200.51443508,rowcol,0.3825175542755652,0.04041347893924019,0.26761164091103007,0.30136573611849793,0.3542283925210972,0.33586469099984834,0.2485923186102919,0.2689482769031619,0.9042006588515881
False,40.0,-1.3999999999999995,174075200.51443508,rowcol,0.3825175542755652,0.04041347893924019,0.2676116409110301,0.3013657361184979,0.3542283925210973,0.33586469099984834,0.24859231861029193,0.26894827690316186,0.9042006588515883
True,10.0,-1.4999999999999996,174075200.51443508,rowcol,0.409575938426586,0.04396341124045804,0.2612467095192822,0.3206522817552275,0.40972199517462343,0.33540404863249645,0.22380980879494805,0.30769920020816705,0.904392410313074
False,0.0,1.6000000000000012,174075200.51443508,rowcol,0.49580919939273127,0.05129174907161366,0.2453553563435451,0.36867534743016284,0.37515582243696244,0.4170828038736434,0.21334958942022744,0.32238667744426347,0.9047414164607981
False,-60.0,-1.5999999999999996,174075200.51443508,rowcol,0.49580920057418254,0.05129174903815929,0.24535535751747747,0.36867534759657794,0.37515582689201493,0.41708280040464973,0.21334958958841652,0.32238668156894534,0.9047414201490104
False,60.0,-1.5999999999999996,174075200.51443508,rowcol,0.4958092005741825,0.05129174903815929,0.24535535751747753,0.36867534759657794,0.37515582689201493,0.4170828004046497,0.21334958958841652,0.32238668156894534,0.9047414201490105
False,-50.0,-1.6999999999999997,174075200.51443508,rowcol,0.5608210222503496,0.055686488189352915,0.24463180537957516,0.3713719724238574,0.37599793703364004,0.4153808284875011,0.21209335565894796,0.3298463963640616,0.9052673885625828
False,70.0,-1.6999999999999997,174075200.51443508,rowcol,0.5608210222503496,0.05568648818935291,0.24463180537957516,0.3713719724238574,0.37599793703364004,0.4153808284875011,0.21209335565894794,0.3298463963640616,0.9052673885625828
False,10.0,1.7000000000000013,174075200.51443508,rowcol,0.5608210219429203,0.05568648809169919,0.2446318082989106,0.37137197698151403,0.37599794492306887,0.41538083363637646,0.2120933570905149,0.3298464003579559,0.9052674018782458
False,-50.0,1.500000000000001,174075200.51443508,rowcol,0.4303279600383338,0.04692449803068854,0.24616951250812835,0.3677337782054812,0.36115926528254705,0.42846571515276866,0.2187914769746303,0.3075098458456372,0.9062423157298662
False,70.0,1.500000000000001,174075200.51443508,rowcol,0.4303279600383338,0.04692449803068854,0.24616951250812835,0.36773377820548114,0.36115926528254705,0.42846571515276866,0.2187914769746303,0.3075098458456372,0.9062423157298662
False,10.0,-1.4999999999999996,174075200.51443508,rowcol,0.4303279609321691,0.04692449824299998,0.24616951357008612,0.36773377964152393,0.36115926882711963,0.42846571931085903,0.21879147732075094,0.3075098441347528,0.9062423203517823
True,20.0,1.9000000000000015,174075200.51443508,rowcol,0.6286853644522864,0.06174399096065464,0.24900122930580673,0.36093275821339726,0.12746108508620252,0.3735030600452986,0.2652203301176049,0.3500119622296496,0.9079364461308175
False,-40.0,1.400000000000001,174075200.51443508,rowcol,0.38251755463389464,0.040413480624073427,0.26772366268323516,0.30499012283663895,0.3548602311132339,0.33723931955446285,0.24857066392836036,0.27495621272452725,0.9081611108863443
False,80.0,1.400000000000001,174075200.51443508,rowcol,0.38251755463389464,0.040413480624073427,0.26772366268323516,0.30499012283663895,0.3548602311132339,0.33723931955446285,0.2485706639283604,0.27495621272452725,0.9081611108863443
False,20.0,-1.3999999999999995,174075200.51443508,rowcol,0.3825175541165362,0.04041348044446582,0.2677236648907824,0.30499012680556176,0.3548602359107269,0.33723932414307956,0.2485706654909875,0.2749562160962854,0.9081611214779091
True,-80.0,1.9000000000000015,174075200.51443508,rowcol,0.6286853642267258,0.06174399325734165,0.24895574302356682,0.3640349572694142,0.12746154792312506,0.3729954073147291,0.26516980058025175,0.35632492389293163,0.9109021863401148
True,40.0,1.9000000000000015,174075200.51443508,rowcol,0.6286853642267258,0.06174399325734165,0.24895574302356688,0.36403495726941426,0.1274615479231251,0.3729954073147291,0.2651698005802518,0.3563249238929316,0.9109021863401148
True,0.0,-1.5999999999999996,174075200.51443508,rowcol,0.4745542090363546,0.04833486204932001,0.26138464711214093,0.3270089187517711,0.424970703440494,0.31183100711399425,0.21876019199715782,0.33924811327463267,0.911162860088194
True,-50.0,-1.6999999999999997,174075200.51443508,rowcol,0.5395355955322496,0.05274123081489967,0.2658388611475631,0.31476814705934547,0.4402242901523395,0.29701265395584914,0.21960613401611648,0.32895928231081745,0.9122847305020347
True,70.0,-1.6999999999999997,174075200.51443508,rowcol,0.5395355955322496,0.05274123081489967,0.2658388611475631,0.31476814705934547,0.44022429015233944,0.29701265395584914,0.21960613401611648,0.32895928231081745,0.9122847305020347
True,-20.0,1.7000000000000013,174075200.51443508,rowcol,0.40468802567685513,0.042918501043300035,0.26789310604627814,0.30975089856081295,0.09986245094440196,0.3092298620229597,0.2881501011859584,0.3101884072969279,0.9134302166996473
False,-10.0,-1.6999999999999997,174075200.51443508,rowcol,0.5608210235580089,0.055686475019857976,0.24500488782523908,0.3795896519834827,0.37743234986230756,0.4175808297986852,0.2121380920043635,0.3444104561062243,0.9146043154592
False,-70.0,1.7000000000000013,174075200.51443508,rowcol,0.5608210232505796,0.05568647492220402,0.24500489074890852,0.37958965665480654,0.37743235775389344,0.41758083496825454,0.21213809343719295,0.3444104603133037,0.9146043289015322
False,50.0,1.7000000000000013,174075200.51443508,rowcol,0.5608210232505796,0.05568647492220402,0.24500489074890852,0.37958965665480654,0.37743235775389344,0.4175808349682545,0.21213809343719295,0.34441046031330375,0.9146043289015322
False,-60.0,1.6000000000000012,174075200.51443508,rowcol,0.49580920134757056,0.051291730175250815,0.24581587974926722,0.3786211687187822,0.3766767840824359,0.41994552595674545,0.2134877903671833,0.34000164884158857,0.916068807966584
False,60.0,1.6000000000000012,174075200.51443508,rowcol,0.49580920134757056,0.051291730175250815,0.24581587974926722,0.3786211687187822,0.3766767840824359,0.41994552595674545,0.21348779036718332,0.34000164884158857,0.916068807966584
False,0.0,-1.5999999999999996,174075200.51443508,rowcol,0.4958092025290217,0.05129173014179644,0.24581588092100046,0.37862116888243585,0.3766767885194995,0.41994552251457634,0.21348779053526343,0.3400016527525778,0.9160688116454372
True,-40.0,1.7000000000000013,174075200.51443508,rowcol,0.40468802550623634,0.0429185026521021,0.26785527945293697,0.3129821542533083,0.09986297950937259,0.3086811239934257,0.2881084900863476,0.31655404017712,0.9165479926121192
True,80.0,1.7000000000000013,174075200.51443508,rowcol,0.40468802550623634,0.0429185026521021,0.26785527945293697,0.3129821542533083,0.09986297950937265,0.3086811239934257,0.28810849008634754,0.3165540401771201,0.9165479926121192
True,-10.0,-1.6999999999999997,174075200.51443508,rowcol,0.5395355968914979,0.052741216909973236,0.2658291830614698,0.3228452556946139,0.4402242806475095,0.29623253617927664,0.21959228623453872,0.3436344716282185,0.9203328048790234
True,-10.0,2.0000000000000013,174075200.51443508,rowcol,0.444609030277863,0.047605151205079146,0.26025446583107703,0.33991747012754303,0.14163905001875707,0.3007163311094409,0.2764448405369717,0.3696811316149205,0.9206808676207741
True,-40.0,-1.5999999999999996,174075200.51443508,rowcol,0.5737135272332243,0.05614323382038558,0.27002504119509446,0.3125070260928983,0.4248689164080593,0.3217327340851271,0.23086863575361216,0.3045320186881025,0.9225821496781816
True,80.0,-1.5999999999999996,174075200.51443508,rowcol,0.5737135272332243,0.05614323382038558,0.27002504119509446,0.3125070260928984,0.42486891640805935,0.3217327340851271,0.23086863575361216,0.30453201868810253,0.9225821496781816
False,-30.0,-1.6999999999999997,174075200.51443508,rowcol,0.6253119536371888,0.06459571311264654,0.23316732993627162,0.42329548620083707,0.1288814811892664,0.530114245508949,0.24748579725660813,0.3058283483584797,0.9227974760096519
False,90.0,-1.6999999999999997,174075200.51443508,rowcol,0.6253119536371888,0.06459571311264654,0.23316732993627162,0.423295486200837,0.1288814811892664,0.530114245508949,0.24748579725660808,0.3058283483584797,0.9227974760096519
False,-90.0,1.7000000000000013,174075200.51443508,rowcol,0.6253119546072795,0.06459571294493774,0.23316733323345026,0.42329548285800034,0.12888147023780616,0.5301142352724673,0.24748580196881617,0.30582835476278875,0.9227974825583511
False,30.0,1.7000000000000013,174075200.51443508,rowcol,0.6253119546072795,0.06459571294493774,0.23316733323345026,0.4232954828580004,0.12888147023780616,0.5301142352724673,0.24748580196881617,0.30582835476278875,0.9227974825583511
True,-20.0,-1.5999999999999996,174075200.51443508,rowcol,0.5737135270329845,0.05614323586658542,0.26998972025585416,0.31552262563528616,0.42486903333586257,0.3212364025029692,0.23081975280210892,0.31063605076495837,0.9254917864028487
True,70.0,2.0000000000000013,174075200.51443508,rowcol,0.4446090313591871,0.0476051411060349,0.2602428298565221,0.34871637933766636,0.14163901526382264,0.29980967277854975,0.2764318925004923,0.3850675356116298,0.9294448689072325
True,-50.0,2.0000000000000013,174075200.51443508,rowcol,0.4446090313591871,0.0476051411060349,0.26024282985652214,0.34871637933766636,0.14163901526382272,0.2998096727785498,0.2764318925004923,0.3850675356116298,0.9294448689072328
False,-40.0,-1.7999999999999998,174075200.51443508,rowcol,0.6142897735722407,0.061731585253133374,0.24384027422055352,0.40412971075910575,0.20611948044698492,0.4736665867624642,0.2501037094909786,0.33464531466667347,0.9356505334207663
False,80.0,-1.7999999999999998,174075200.51443508,rowcol,0.6142897735722407,0.061731585253133374,0.24384027422055352,0.40412971075910575,0.206119480446985,0.4736665867624642,0.25010370949097854,0.3346453146666735,0.9356505334207663
False,20.0,1.8000000000000014,174075200.51443508,rowcol,0.6142897745020185,0.06173158548896649,0.24384027608467262,0.4041297123576562,0.20611948538893413,0.473666592060317,0.250103710897302,0.33464531191428715,0.9356505406116742
True,-30.0,1.6000000000000012,174075200.51443508,rowcol,0.3996419601350244,0.04069976094955961,0.2742099538430575,0.31315778550415013,0.08693423721248399,0.2953194083462069,0.2958365232976388,0.327408163063788,0.9357876470333226
True,90.0,1.6000000000000012,174075200.51443508,rowcol,0.3996419601350244,0.04069976094955961,0.2742099538430575,0.31315778550415013,0.08693423721248397,0.29531940834620696,0.2958365232976388,0.32740816306378806,0.9357876470333226
True,90.0,-1.5999999999999996,174075200.51443508,rowcol,0.5832633123907174,0.058015568981310106,0.2776543977807639,0.3045781306838902,0.4247638957508479,0.32179931868280265,0.24136419361835296,0.289302807472297,0.9375413240261818
True,-30.0,-1.5999999999999996,174075200.51443508,rowcol,0.5832633123907174,0.0580155689813101,0.27765439778076395,0.3045781306838902,0.4247638957508479,0.32179931868280265,0.24136419361835296,0.289302807472297,0.9375413240261821
False,-20.0,-1.7999999999999998,174075200.51443508,rowcol,0.614289773356313,0.06173158740182611,0.24399832724586565,0.4076046432741996,0.20751212634556376,0.4749094065498414,0.25007603668668327,0.3408650118323002,0.9395996250117965
False,-80.0,1.8000000000000014,174075200.51443508,rowcol,0.6142897742860908,0.06173158763765854,0.24399832911854866,0.4076046450450926,0.2075121313017691,0.47490941188291375,0.2500760380972613,0.3408650094820285,0.9395996324007385
False,40.0,1.8000000000000014,174075200.51443508,rowcol,0.6142897742860908,0.06173158763765854,0.2439983291185487,0.4076046450450927,0.2075121313017691,0.47490941188291386,0.2500760380972613,0.3408650094820285,0.9395996324007388
True,-70.0,-1.5999999999999996,174075200.51443508,rowcol,0.40520476544707107,0.04369482366497302,0.2740172414631785,0.3235816998242168,0.42500363217811776,0.3412157547813458,0.23632028923254578,0.3079709947894213,0.9456334242137523
True,50.0,-1.5999999999999996,174075200.51443508,rowcol,0.40520476544707107,0.04369482366497302,0.2740172414631785,0.3235816998242168,0.42500363217811776,0.3412157547813458,0.23632028923254578,0.3079709947894213,0.9456334242137523
True,-60.0,-1.6999999999999997,174075200.51443508,rowcol,0.4748933098996491,0.04837565428612412,0.27380896429985646,0.3270539326844105,0.44025838158935776,0.31422469286368754,0.23088183310099078,0.3374658414008873,0.9484808255839798
True,60.0,-1.6999999999999997,174075200.51443508,rowcol,0.4748933098996491,0.04837565428612412,0.2738089642998565,0.3270539326844105,0.44025838158935776,0.31422469286368754,0.23088183310099078,0.33746584140088726,0.9484808255839801
True,-80.0,-1.3999999999999995,174075200.51443508,rowcol,0.37489830883194647,0.04031479171744603,0.27850642892040983,0.31367162875023225,0.39451259623796503,0.3595493424919103,0.2516635503635612,0.26910077007148037,0.9491909155114617
True,40.0,-1.3999999999999995,174075200.51443508,rowcol,0.37489830883194647,0.04031479171744603,0.2785064289204099,0.31367162875023225,0.39451259623796503,0.35954934249191034,0.2516635503635612,0.26910077007148037,0.949190915511462
False,-10.0,1.6000000000000012,174075200.51443508,rowcol,0.42764750207809293,0.0469349232157516,0.2590963418366706,0.3743542661571633,0.3772211265573013,0.4406026301291565,0.2311492257357564,0.3077928893436761,0.9516432916671749
False,-70.0,-1.5999999999999996,174075200.51443508,rowcol,0.42764750305561666,0.046934923446139795,0.2590963430197984,0.37435426757162205,0.3772211304913355,0.4406026345514474,0.23114922613341674,0.30779288718694847,0.9516432966310171
False,50.0,-1.5999999999999996,174075200.51443508,rowcol,0.42764750305561666,0.046934923446139795,0.25909634301979845,0.37435426757162205,0.3772211304913354,0.4406026345514474,0.23114922613341674,0.3077928871869484,0.9516432966310173
True,20.0,-1.3999999999999995,174075200.51443508,rowcol,0.3748983086696854,0.040314793226356324,0.27847646517320723,0.3163020834199894,0.39451270642231073,0.35916081988335846,0.2516243138846253,0.27513777241961573,0.9517314789396112
True,10.0,-1.5999999999999996,174075200.51443508,rowcol,0.4052047664777899,0.04369481410658147,0.27400840074321986,0.3309871153004079,0.42500362291200317,0.34057688379160633,0.23630817266454746,0.3227016852049456,0.9530123175300675
False,30.0,-1.2999999999999994,174075200.51443508,rowcol,0.3727143542371763,0.03723040490455279,0.2839713957196031,0.3030755507016533,0.4074533638709658,0.3243129560271382,0.255102092935062,0.2839883059054732,0.9549897378604626
False,-90.0,-1.2999999999999994,174075200.51443508,rowcol,0.3727143542371763,0.03723040490455278,0.28397139571960317,0.3030755507016533,0.4074533638709658,0.3243129560271382,0.255102092935062,0.2839883059054732,0.9549897378604628
False,-30.0,1.300000000000001,174075200.51443508,rowcol,0.3727143551133584,0.03723040482945431,0.2839713959357635,0.30307555465990677,0.40745337251650493,0.32431296175808955,0.25510209070249557,0.2839883081783181,0.9549897424671971
False,90.0,1.300000000000001,174075200.51443508,rowcol,0.3727143551133584,0.03723040482945431,0.2839713959357635,0.30307555465990677,0.407453372516505,0.3243129617580896,0.25510209070249557,0.2839883081783181,0.9549897424671971
True,-90.0,1.9000000000000015,174075200.51443508,rowcol,0.6393822219656731,0.06400107110357293,0.2620408495551076,0.37004469665674716,0.1275331065290006,0.40794227296713576,0.27967291264929345,0.3348693686935259,0.95616724532207
True,30.0,1.9000000000000015,174075200.51443508,rowcol,0.6393822219656731,0.06400107110357293,0.2620408495551076,0.37004469665674716,0.1275331065290006,0.40794227296713576,0.27967291264929345,0.3348693686935259,0.95616724532207
True,-90.0,-1.2999999999999994,174075200.51443508,rowcol,0.37447780309473283,0.03892470797033732,0.27803365430205784,0.3221677277770659,0.37933195144933596,0.3623729641691468,0.255273920996102,0.28398279993831194,0.9562686906832394
True,30.0,-1.2999999999999994,174075200.51443508,rowcol,0.3744778030947329,0.03892470797033732,0.27803365430205784,0.3221677277770659,0.37933195144933596,0.3623729641691468,0.25527392099610197,0.28398279993831194,0.9562686906832394
False,-20.0,1.500000000000001,174075200.51443508,rowcol,0.3755935560461202,0.03987278716366097,0.28204557506163846,0.3123970275415161,0.36794953617802456,0.3448230492633124,0.26338524127885704,0.2822579464079232,0.9585337527264315
False,40.0,-1.4999999999999996,174075200.51443508,rowcol,0.375593555503548,0.03987278697121211,0.2820455774118493,0.3123970316881356,0.36794954134006363,0.34482305438209326,0.2633852429398401,0.2822579495978917,0.9585337639236835
False,-80.0,-1.4999999999999996,174075200.51443508,rowcol,0.375593555503548,0.03987278697121211,0.2820455774118493,0.31239703168813565,0.36794954134006363,0.34482305438209326,0.26338524293984006,0.28225794959789174,0.9585337639236837
False,0.0,1.7000000000000013,174075200.51443508,rowcol,0.49755828545992625,0.05158143524862532,0.25856239850193113,0.38294992960442603,0.3932105159659241,0.4299886838324795,0.22551660802108633,0.3383659706155934,0.9586371251102195
False,60.0,-1.6999999999999997,174075200.51443508,rowcol,0.49755828671080543,0.05158143521293217,0.25856239968552364,0.382949929690223,0.3932105204820737,0.42998868009269997,0.22551660819014596,0.3383659747911061,0.9586371287467939
False,-60.0,-1.6999999999999997,174075200.51443508,rowcol,0.49755828671080543,0.05158143521293217,0.25856239968552364,0.38294992969022307,0.3932105204820737,0.4299886800927,0.22551660819014593,0.3383659747911061,0.9586371287467941
False,-50.0,-1.7999999999999998,174075200.51443508,rowcol,0.5659541339976751,0.05619364961177828,0.25787780742058297,0.3851253518333307,0.3936178627767605,0.4278573219531347,0.22445784226244436,0.3451163079522237,0.9587587740950796
False,70.0,-1.7999999999999998,174075200.51443508,rowcol,0.5659541339976751,0.05619364961177828,0.25787780742058297,0.3851253518333307,0.3936178627767605,0.4278573219531347,0.22445784226244436,0.34511630795222376,0.9587587740950796
False,10.0,1.8000000000000014,174075200.51443508,rowcol,0.5659541336905205,0.05619364951204094,0.2578778104825198,0.38512535665128117,0.3936178711276585,0.4278573275037977,0.2244578437521336,0.3451163120630823,0.9587587880988406
True,0.0,-1.6999999999999997,174075200.51443508,rowcol,0.47489331206814467,0.048375632998468754,0.273861214459644,0.33739876580431094,0.4402584505256557,0.3145996727713246,0.2309550642558782,0.3554422785658482,0.9589824091832428
True,-50.0,-1.7999999999999998,174075200.51443508,rowcol,0.543500216040632,0.05302416853707929,0.278447013479624,0.32422252472818697,0.4555174180991758,0.29871022532736835,0.2320413547214844,0.344217411550609,0.9595635651670589
True,70.0,-1.7999999999999998,174075200.51443508,rowcol,0.543500216040632,0.05302416853707929,0.278447013479624,0.32422252472818697,0.4555174180991758,0.29871022532736835,0.23204135472148443,0.34421741155060903,0.9595635651670589
False,-50.0,1.6000000000000012,174075200.51443508,rowcol,0.42764750305472016,0.04693491431721329,0.2594279120258511,0.38202538194626656,0.3785669505294776,0.4425404375467233,0.2311878549260509,0.3224579893076417,0.9603091180238197
False,70.0,1.6000000000000012,174075200.51443508,rowcol,0.4276475030547201,0.04693491431721329,0.259427912025851,0.38202538194626656,0.37856695052947764,0.4425404375467233,0.23118785492605087,0.3224579893076417,0.9603091180238197
False,10.0,-1.5999999999999996,174075200.51443508,rowcol,0.42764750403224383,0.046934914547601216,0.25942791321527037,0.38202538353181587,0.3785669544796852,0.4425404419938709,0.2311878553249959,0.3224579876330702,0.9603091231776271
False,-40.0,1.500000000000001,174075200.51443508,rowcol,0.3755935558763647,0.03987278876272321,0.2821594591885851,0.3161409422256226,0.3686012703101079,0.34625296539459277,0.26336334457824967,0.2883933103026074,0.9626193197913779
False,80.0,1.500000000000001,174075200.51443508,rowcol,0.3755935558763647,0.03987278876272321,0.2821594591885851,0.31614094222562267,0.3686012703101079,0.3462529653945928,0.26336334457824967,0.2883933103026074,0.9626193197913779
False,20.0,-1.4999999999999996,174075200.51443508,rowcol,0.3755935553337925,0.03987278857027383,0.28215946154488875,0.31614094651899943,0.3686012754852677,0.34625297054040965,0.26336334624261404,0.2883933137713453,0.9626193311536657
True,20.0,2.0000000000000013,174075200.51443508,rowcol,0.6364282436531333,0.062433531926712096,0.263622368878027,0.3731402159715671,0.14172421713573657,0.38303442026356294,0.2801844456682585,0.3646115065191546,0.964007322605648
True,-20.0,1.8000000000000014,174075200.51443508,rowcol,0.40104639929996916,0.0426226923427162,0.28230728015946777,0.31909385050724753,0.11338279936997461,0.31287795633301296,0.3031191558876965,0.324229115192318,0.9660156909856508
True,-80.0,2.0000000000000013,174075200.51443508,rowcol,0.6364282434156202,0.062433534347848096,0.2635771443630749,0.37629906274556857,0.1417246553011099,0.38251334585040814,0.280134097645561,0.37099234434388806,0.9670304958347933
True,40.0,2.0000000000000013,174075200.51443508,rowcol,0.6364282434156202,0.062433534347848096,0.2635771443630749,0.37629906274556857,0.14172465530110992,0.3825133458504082,0.280134097645561,0.37099234434388806,0.9670304958347933
True,-10.0,-1.7999999999999998,174075200.51443508,rowcol,0.5435002174864347,0.05302415371753236,0.27843723023276856,0.33252557193450516,0.45551740837311566,0.29788886182806423,0.23202747833223666,0.35907752229922896,0.9678372626328109
False,-10.0,-1.7999999999999998,174075200.51443508,rowcol,0.5659541353861164,0.056193635628096004,0.2582525586823904,0.3935107378149122,0.3950687589812394,0.4301060976044029,0.22450260129471486,0.35986499003476263,0.9682684138620834
False,-70.0,1.8000000000000014,174075200.51443508,rowcol,0.5659541350789616,0.05619363552835843,0.25825256174870287,0.3935107427470151,0.3950687673339806,0.4301061031750973,0.22450260278567225,0.35986499436431857,0.9682684279931237
False,50.0,1.8000000000000014,174075200.51443508,rowcol,0.5659541350789618,0.05619363552835843,0.2582525617487029,0.3935107427470151,0.3950687673339806,0.4301061031750973,0.22450260278567227,0.3598649943643185,0.968268427993124
True,-40.0,1.8000000000000014,174075200.51443508,rowcol,0.40104639912191486,0.04262269401806869,0.2822692735977438,0.3224150415486227,0.11338329229085159,0.31230369663866636,0.30307727300628906,0.3306793188937307,0.9692228623418542
True,80.0,1.8000000000000014,174075200.51443508,rowcol,0.40104639912191486,0.04262269401806869,0.2822692735977438,0.3224150415486227,0.11338329229085169,0.31230369663866636,0.30307727300628906,0.3306793188937307,0.9692228623418542
False,-60.0,1.7000000000000013,174075200.51443508,rowcol,0.4975582875296416,0.05158141528399609,0.25902673030048856,0.39313049579382764,0.3947524385097783,0.4329489733243678,0.22565552653668652,0.35621444167231686,0.9702106866952933
False,60.0,1.7000000000000013,174075200.51443508,rowcol,0.4975582875296416,0.05158141528399608,0.25902673030048856,0.39313049579382764,0.3947524385097783,0.4329489733243679,0.22565552653668652,0.35621444167231686,0.9702106866952933
False,0.0,-1.6999999999999997,174075200.51443508,rowcol,0.4975582887805208,0.05158141524830293,0.2590267314819595,0.3931304958782486,0.3947524430082877,0.4329489696118392,0.22565552670564207,0.35621444563861243,0.970210690324127
True,-40.0,-1.6999999999999997,174075200.51443508,rowcol,0.5798583823236861,0.05662293482319546,0.28445341728294454,0.3219258612291321,0.4401506213579115,0.3259757297318704,0.24566091280512203,0.31848010004125377,0.9752861130779658
True,80.0,-1.6999999999999997,174075200.51443508,rowcol,0.5798583823236861,0.056622934823195456,0.2844534172829446,0.32192586122913214,0.4401506213579117,0.32597572973187044,0.24566091280512203,0.3184801000412538,0.975286113077966
True,-20.0,-1.6999999999999997,174075200.51443508,rowcol,0.5798583821104155,0.05662293700723529,0.2844177924264954,0.3250361753172351,0.4401507412803276,0.3254552275157543,0.24561210237156222,0.32468333813385647,0.9782895525967212
False,-30.0,-1.7999999999999998,174075200.51443508,rowcol,0.6337477010564175,0.06551643549069629,0.24898866930591382,0.4396350699593937,0.14542518183259054,0.5487882705460759,0.2635163569979584,0.32022647999285353,0.9866010778771351
False,90.0,-1.7999999999999998,174075200.51443508,rowcol,0.6337477010564175,0.06551643549069629,0.24898866930591382,0.4396350699593937,0.14542518183259057,0.5487882705460759,0.2635163569979584,0.3202264799928535,0.9866010778771351
False,-90.0,1.8000000000000014,174075200.51443508,rowcol,0.6337477020798999,0.06551643531175144,0.24898867267280744,0.4396350663119292,0.14542517009551814,0.5487882595709557,0.263516361939781,0.32022648659183733,0.9866010843303517
False,30.0,1.8000000000000014,174075200.51443508,rowcol,0.6337477020798999,0.06551643531175144,0.24898867267280744,0.4396350663119292,0.14542517009551814,0.5487882595709557,0.26351636193978106,0.3202264865918374,0.9866010843303517
True,-30.0,1.7000000000000013,174075200.51443508,rowcol,0.39540264105597733,0.04021391127819509,0.28954189501661415,0.32264125312777037,0.09981802375185958,0.29790333416621073,0.3119288244050594,0.3420634336194529,0.9912669381776127
True,90.0,1.7000000000000013,174075200.51443508,rowcol,0.39540264105597733,0.04021391127819509,0.28954189501661415,0.32264125312777037,0.09981802375185952,0.2979033341662108,0.31192882440505937,0.34206343361945296,0.9912669381776127
True,-30.0,-1.6999999999999997,174075200.51443508,rowcol,0.5900049097588052,0.05859460593428389,0.2930088375868092,0.31379319580051757,0.44003933772482784,0.325743723041642,0.2573093586117467,0.30337872760501544,0.9928197085609451
True,90.0,-1.6999999999999997,174075200.51443508,rowcol,0.5900049097588052,0.05859460593428389,0.2930088375868092,0.31379319580051757,0.4400393377248278,0.325743723041642,0.2573093586117467,0.30337872760501544,0.9928197085609451
False,-40.0,-1.9,174075200.51443508,rowcol,0.6217252455246718,0.06247760112230314,0.25813264548820075,0.41863572797369214,0.21728165846510675,0.48865280994719607,0.2649009672712878,0.3490435927242775,0.9930336644382944
False,80.0,-1.9,174075200.51443508,rowcol,0.6217252455246718,0.06247760112230314,0.25813264548820075,0.41863572797369214,0.21728165846510678,0.4886528099471961,0.26490096727128787,0.3490435927242775,0.9930336644382944
False,20.0,1.9000000000000015,174075200.51443508,rowcol,0.6217252465111699,0.06247760137102567,0.25813264750212245,0.4186357297738275,0.21728166390056342,0.48865281566728114,0.26490096877880404,0.3490435899644268,0.9930336722801949
True,-70.0,-1.6999999999999997,174075200.51443508,rowcol,0.4009020566518365,0.04343567219921196,0.28683360162390154,0.33397276248470814,0.44029320157109725,0.346575449295121,0.24886547993223734,0.3229935931319029,0.9944735673564127
True,50.0,-1.6999999999999997,174075200.51443508,rowcol,0.40090205665183637,0.043435672199211954,0.28683360162390154,0.33397276248470814,0.44029320157109725,0.3465754492951211,0.24886547993223734,0.3229935931319029,0.9944735673564127
True,-60.0,-1.7999999999999998,174075200.51443508,rowcol,0.4753272987237298,0.04842615234262888,0.286346690816534,0.3374255407148259,0.45555328048666865,0.3170670429012761,0.24312999232399846,0.35364070491695465,0.9964656131644278
True,60.0,-1.7999999999999998,174075200.51443508,rowcol,0.47532729872372975,0.04842615234262888,0.286346690816534,0.3374255407148259,0.45555328048666865,0.3170670429012761,0.24312999232399843,0.35364070491695465,0.9964656131644278
False,-20.0,-1.9,174075200.51443508,rowcol,0.621725245296586,0.06247760339202325,0.25829024487140145,0.4221808194904716,0.21867639063109431,0.48993192061744245,0.2648733888170166,0.3553397205697722,0.9970515541046758
False,-80.0,1.9000000000000015,174075200.51443508,rowcol,0.6217252462830841,0.06247760364074505,0.258290246893838,0.4221808214650154,0.21867639607938463,0.4899319263728156,0.2648733903287747,0.35533971821513244,0.9970515621465295
False,40.0,1.9000000000000015,174075200.51443508,rowcol,0.6217252462830841,0.06247760364074505,0.258290246893838,0.4221808214650154,0.2186763960793846,0.48993192637281563,0.2648733903287747,0.35533971821513244,0.9970515621465295
True,10.0,-1.6999999999999997,174075200.51443508,rowcol,0.4009020577368383,0.043435662184873616,0.2868246279578806,0.3415964388567131,0.4402931920677353,0.34590712759380976,0.24885325489684684,0.337928629877291,1.002070322730355
True,-80.0,-1.4999999999999996,174075200.51443508,rowcol,0.36729852917350764,0.039728581209919185,0.2932651338317652,0.32465496428115603,0.4097898557933826,0.3686050125922423,0.2665925217963673,0.2824480431083958,1.0044503657764516
True,40.0,-1.4999999999999996,174075200.51443508,rowcol,0.3672985291735076,0.039728581209919185,0.2932651338317652,0.32465496428115603,0.40978985579338273,0.3686050125922423,0.2665925217963673,0.2824480431083958,1.0044503657764516
False,-10.0,1.7000000000000013,174075200.51443508,rowcol,0.4250743445069925,0.04696287931082339,0.27244893041043605,0.38858688768047916,0.39485473694912604,0.4546206798125849,0.24359713390683863,0.3227589062063829,1.0059336789117874
False,-70.0,-1.6999999999999997,174075200.51443508,rowcol,0.42507434557127133,0.04696287955950702,0.2724489317217986,0.38858688923837365,0.39485474129196335,0.4546206845134125,0.2435971343577231,0.3227589040909346,1.0059336844037696
False,50.0,-1.6999999999999997,174075200.51443508,rowcol,0.42507434557127133,0.046962879559507016,0.2724489317217986,0.38858688923837365,0.39485474129196335,0.4546206845134126,0.24359713435772312,0.3227589040909346,1.0059336844037696
True,20.0,-1.4999999999999996,174075200.51443508,rowcol,0.36729852899991844,0.039728582814785134,0.2932346455402649,0.3273779581275167,0.4097899694468767,0.36819896088039117,0.26655283703143756,0.28861245255636386,1.0070818947483113
True,0.0,-1.7999999999999998,174075200.51443508,rowcol,0.4753273010176874,0.04842612982626244,0.28639959232073087,0.34804307247207,0.455553351027406,0.31746051184235186,0.24320362554566874,0.3718204868888819,1.0072418494342625
True,70.0,-1.9,174075200.51443508,rowcol,0.5475211520616226,0.05331350058649609,0.29112226267203484,0.3339333851174822,0.4708170129571388,0.30049073324335657,0.24453061056047187,0.3596590505430488,1.0073001731335867
True,-50.0,-1.9,174075200.51443508,rowcol,0.5475211520616226,0.05331350058649609,0.2911222626720349,0.3339333851174822,0.4708170129571389,0.3004907332433565,0.2445306105604719,0.35965905054304875,1.0073001731335869
False,-50.0,-1.9,174075200.51443508,rowcol,0.5711335424058703,0.0567096522407264,0.27122323826992345,0.3990235693870502,0.4114568401832482,0.4404009432228604,0.2368789897067517,0.3605683953924661,1.0126932841968206
False,70.0,-1.9,174075200.51443508,rowcol,0.5711335424058703,0.0567096522407264,0.27122323826992345,0.3990235693870502,0.4114568401832483,0.4404009432228605,0.2368789897067517,0.3605683953924661,1.0126932841968206
False,10.0,1.9000000000000015,174075200.51443508,rowcol,0.5711335421007065,0.05670965213925636,0.27122324147305454,0.3990235744560759,0.4114568489908701,0.44040094916544154,0.23687899125416975,0.3605683996155988,1.0126932988752395
False,0.0,1.8000000000000014,174075200.51443508,rowcol,0.49940668277273137,0.051885212531626757,0.2718704739921219,0.39738624236912984,0.411497337949423,0.442954554038304,0.23774179937946924,0.35455872485167766,1.0129976643454954
False,-60.0,-1.7999999999999998,174075200.51443508,rowcol,0.4994066840922896,0.05188521249359722,0.27187047518399254,0.39738624236728365,0.41149734251872655,0.44295455001889467,0.23774179954926872,0.3545587290708949,1.0129976679192614
False,60.0,-1.7999999999999998,174075200.51443508,rowcol,0.4994066840922896,0.05188521249359722,0.27187047518399254,0.39738624236728365,0.41149734251872655,0.44295455001889456,0.23774179954926872,0.3545587290708949,1.0129976679192614
False,-20.0,1.6000000000000012,174075200.51443508,rowcol,0.3687014905063523,0.039342191820738386,0.296549110073438,0.3236333935662411,0.3817596521691575,0.35383127602531084,0.2782190515535963,0.2958607976400265,1.013280723786555
False,-80.0,-1.5999999999999996,174075200.51443508,rowcol,0.36870148994065116,0.039342191615573965,0.29654911257147815,0.32363339803163804,0.3817596577095317,0.3538312817132943,0.2782190533158268,0.2958608009116486,1.0132807357460725
False,40.0,-1.5999999999999996,174075200.51443508,rowcol,0.36870148994065116,0.03934219161557396,0.29654911257147815,0.32363339803163804,0.3817596577095317,0.3538312817132943,0.2782190533158268,0.29586080091164857,1.0132807357460725
False,-50.0,1.7000000000000013,174075200.51443508,rowcol,0.4250743455302945,0.046962870048625226,0.2727839662599238,0.3964448210207466,0.3962208896060298,0.45662523518568354,0.24363608005961873,0.33762950902691236,1.0147967198005179
False,70.0,1.7000000000000013,174075200.51443508,rowcol,0.4250743455302945,0.04696287004862523,0.2727839662599238,0.3964448210207466,0.39622088960602975,0.45662523518568354,0.24363608005961873,0.3376295090269124,1.0147967198005179
False,10.0,-1.6999999999999997,174075200.51443508,rowcol,0.42507434659457344,0.04696287029730857,0.27278396757756124,0.39644482275426196,0.39622089396450977,0.4566252399156833,0.24363608051179336,0.3376295073943745,1.0147967254869457
True,30.0,-1.3999999999999995,174075200.51443508,rowcol,0.3662118921953389,0.03815905068913436,0.2937326742445859,0.33429269620543434,0.3946056706332242,0.37288172642760853,0.2713345007568891,0.2979961359138084,1.015490718939192
True,-90.0,-1.3999999999999995,174075200.51443508,rowcol,0.3662118921953389,0.03815905068913436,0.29373267424458593,0.33429269620543434,0.3946056706332242,0.37288172642760853,0.2713345007568891,0.29799613591380836,1.0154907189391922
True,-10.0,-1.9,174075200.51443508,rowcol,0.5475211535944541,0.05331348484455766,0.29111238566618186,0.3424433573814749,0.47081700302435725,0.29962882447455774,0.2445167115652852,0.37468156025647575,1.0157805143800205
True,-90.0,2.0000000000000013,174075200.51443508,rowcol,0.64766746929855,0.06479529400013373,0.27767201191211227,0.38335877971290394,0.1418056659953462,0.4199255119941475,0.29578765159835335,0.34965863983638823,1.0163748154492407
True,30.0,2.0000000000000013,174075200.51443508,rowcol,0.64766746929855,0.06479529400013373,0.27767201191211227,0.3833587797129039,0.1418056659953462,0.4199255119941475,0.29578765159835335,0.34965863983638823,1.0163748154492407
False,-90.0,-1.3999999999999995,174075200.51443508,rowcol,0.3643219672073818,0.03633363926653288,0.30003270483802785,0.31643814044963897,0.42487269993143206,0.3370512289232943,0.27115294398166756,0.2980010118272113,1.0165362549637225
False,30.0,-1.3999999999999995,174075200.51443508,rowcol,0.36432196720738186,0.03633363926653288,0.30003270483802785,0.31643814044963886,0.42487269993143195,0.33705122892329437,0.2711529439816675,0.2980010118272113,1.0165362549637225
False,-30.0,1.400000000000001,174075200.51443508,rowcol,0.3643219681591689,0.036333639189083916,0.30003270499535906,0.3164381447912089,0.4248727092491101,0.3370512355017463,0.2711529415262239,0.29800101405712537,1.016536259777286
False,90.0,1.400000000000001,174075200.51443508,rowcol,0.3643219681591689,0.03633363918908391,0.30003270499535906,0.31643814479120885,0.4248727092491101,0.33705123550174626,0.2711529415262239,0.29800101405712537,1.016536259777286
False,-40.0,1.6000000000000012,174075200.51443508,rowcol,0.36870149032599575,0.03934219351097766,0.2966646461824145,0.32749278741051924,0.38242969246423775,0.35532652501630363,0.27819694043597865,0.302106227328142,1.0174867259577627
False,80.0,1.6000000000000012,174075200.51443508,rowcol,0.3687014903259958,0.03934219351097766,0.2966646461824145,0.32749278741051924,0.38242969246423775,0.3553265250163036,0.27819694043597865,0.30210622732814196,1.0174867259577627
False,20.0,-1.5999999999999996,174075200.51443508,rowcol,0.36870148976029465,0.03934219330581269,0.2966646486866254,0.32749279202374953,0.38242969801777765,0.3553265307279574,0.27819694220162416,0.3021062308850907,1.0174867380836257
True,-20.0,1.9000000000000015,174075200.51443508,rowcol,0.39752511540324864,0.04233481835113768,0.296810723605086,0.328706842936894,0.1273279283022346,0.316716146227831,0.3181187847900818,0.33846220806616756,1.0191390137521519
False,-10.0,-1.9,174075200.51443508,rowcol,0.5711335438753301,0.05670963744152035,0.27159935777255134,0.4075574854670892,0.41292203394420224,0.44268582076697455,0.23692375836803797,0.375479345864459,1.0223555587847433
False,-70.0,1.9000000000000015,174075200.51443508,rowcol,0.5711335435701661,0.056709637340050065,0.2715993609800982,0.4075574906507691,0.4129220427534058,0.4426858267288246,0.23692375991672918,0.3754793503115749,1.0223555735910637
False,50.0,1.9000000000000015,174075200.51443508,rowcol,0.5711335435701662,0.056709637340050065,0.2715993609800982,0.407557490650769,0.41292204275340577,0.4426858267288246,0.2369237599167292,0.3754793503115749,1.0223555735910637
True,-40.0,1.9000000000000015,174075200.51443508,rowcol,0.3975251152181542,0.042334820089179874,0.29677256604588476,0.33211011108531646,0.12732839162321286,0.3161173125414196,0.3180766597620659,0.3449864334722841,1.0224278092229708
True,80.0,1.9000000000000015,174075200.51443508,rowcol,0.3975251152181542,0.042334820089179874,0.29677256604588476,0.33211011108531646,0.12732839162321294,0.31611731254141956,0.31807665976206584,0.34498643347228414,1.0224278092229708
False,60.0,1.8000000000000014,174075200.51443508,rowcol,0.49940668495608365,0.051885191516372005,0.2723380710815953,0.40777746388123015,0.4130575096370788,0.44599954804507425,0.23788132791064306,0.37261016453872525,1.024791677126016
False,-60.0,1.8000000000000014,174075200.51443508,rowcol,0.49940668495608365,0.051885191516372005,0.2723380710815953,0.4077774638812302,0.4130575096370788,0.44599954804507425,0.23788132791064304,0.37261016453872525,1.0247916771260162
False,0.0,-1.7999999999999998,174075200.51443508,rowcol,0.49940668627564183,0.05188519147834246,0.2723380722714196,0.40777746387659813,0.41305751418912356,0.4459995440474358,0.23788132808034299,0.3726101685535397,1.024791680690857
True,-40.0,-1.7999999999999998,174075200.51443508,rowcol,0.5860430551518644,0.057106020377356875,0.2989690475433061,0.33160807534098435,0.45543949640119175,0.33038673444383576,0.26051072512495194,0.332631738688094,1.0285152179709027
True,80.0,-1.7999999999999998,174075200.51443508,rowcol,0.5860430551518644,0.057106020377356875,0.2989690475433061,0.3316080753409844,0.4554394964011918,0.3303867344438358,0.26051072512495194,0.332631738688094,1.0285152179709027
True,-20.0,-1.7999999999999998,174075200.51443508,rowcol,0.586043054925529,0.05710602270009286,0.2989331585918705,0.33480522715694805,0.45543961911532455,0.32984295910556444,0.2604619897351398,0.33892220364308107,1.0316047029325595
True,-70.0,-1.7999999999999998,174075200.51443508,rowcol,0.3966700389484979,0.043186135962082046,0.2996974883311854,0.34463250962203035,0.4555899128265181,0.35208419733082885,0.2614506514807027,0.338238656317912,1.0437249746155866
True,50.0,-1.7999999999999998,174075200.51443508,rowcol,0.3966700389484979,0.043186135962082046,0.2996974883311854,0.3446325096220304,0.4555899128265181,0.35208419733082885,0.2614506514807027,0.338238656317912,1.0437249746155866
True,-60.0,-1.9,174075200.51443508,rowcol,0.47585591385347564,0.04848634588298178,0.2989385161015496,0.3480526900851405,0.47085463580722564,0.3199995424126845,0.25542417103551285,0.3700022057804948,1.0448682383897892
True,60.0,-1.9,174075200.51443508,rowcol,0.47585591385347564,0.04848634588298178,0.2989385161015496,0.3480526900851405,0.47085463580722564,0.31999954241268447,0.25542417103551285,0.3700022057804948,1.0448682383897892
True,-30.0,1.8000000000000014,174075200.51443508,rowcol,0.3912931815984767,0.03973287831517909,0.30496780538128637,0.33238885221921066,0.11332667906826958,0.3006710644756313,0.3280506988091276,0.3568876516739759,1.0472922683630697
True,90.0,1.8000000000000014,174075200.51443508,rowcol,0.3912931815984767,0.03973287831517909,0.30496780538128637,0.33238885221921066,0.11332667906826953,0.3006710644756313,0.3280506988091276,0.3568876516739759,1.0472922683630697
True,-30.0,-1.7999999999999998,174075200.51443508,rowcol,0.5967855968904904,0.05917519991467637,0.30845394529331843,0.3232953650027519,0.4553219656617485,0.32982873380213074,0.2733072714251961,0.31769687791074175,1.048657200882707
True,90.0,-1.7999999999999998,174075200.51443508,rowcol,0.5967855968904904,0.05917519991467637,0.30845394529331843,0.3232953650027519,0.45532196566174843,0.32982873380213074,0.2733072714251961,0.3176968779107417,1.048657200882707
False,-40.0,-2.0,174075200.51443508,rowcol,0.629167756699271,0.06322653482525253,0.2725156821861703,0.4333206458742139,0.2288708333242537,0.5038216359255429,0.27973843053864017,0.36359738897171984,1.0508676924327247
False,80.0,-2.0,174075200.51443508,rowcol,0.629167756699271,0.06322653482525253,0.2725156821861703,0.4333206458742139,0.22887083332425376,0.5038216359255429,0.27973843053864017,0.3635973889717199,1.0508676924327247
False,20.0,2.0000000000000013,174075200.51443508,rowcol,0.629167757742885,0.06322653508825238,0.2725156843489351,0.433320647878445,0.22887083924268015,0.5038216420699891,0.2797384321469768,0.36359738620876664,1.0508677009252503
False,-30.0,-1.9,174075200.51443508,rowcol,0.6421840407457949,0.06643746575505287,0.26490066727844774,0.45618066524827294,0.1621746441431819,0.5676598443031986,0.27958763653285407,0.33483259336040655,1.0508826670836162
False,90.0,-1.9,174075200.51443508,rowcol,0.6421840407457949,0.06643746575505287,0.26490066727844774,0.45618066524827294,0.16217464414318186,0.5676598443031985,0.27958763653285407,0.33483259336040655,1.0508826670836162
False,-90.0,1.9000000000000015,174075200.51443508,rowcol,0.642184041822362,0.06643746556476066,0.26490067071574563,0.45618066129413776,0.1621746316511469,0.5676598325878349,0.27958764170401146,0.3348326001461566,1.0508826734413748
False,30.0,1.9000000000000015,174075200.51443508,rowcol,0.642184041822362,0.06643746556476066,0.26490067071574563,0.45618066129413776,0.16217463165114693,0.5676598325878349,0.27958764170401146,0.3348326001461566,1.0508826734413748
True,10.0,-1.7999999999999998,174075200.51443508,rowcol,0.39667004008615453,0.043186125512563386,0.2996883945210611,0.3524554658803602,0.4555899031019856,0.3513876168564661,0.2614383302557672,0.3533510175146516,1.0515206494435436
False,-20.0,-2.0,174075200.51443508,rowcol,0.6291677564590169,0.06322653721602278,0.27267282322795094,0.43692827369938364,0.23026485926864193,0.5051316171897586,0.2797109403992442,0.3699613042991689,1.0549467433832365
False,-80.0,2.0000000000000013,174075200.51443508,rowcol,0.629167757502631,0.06322653747902188,0.2726728253991848,0.4369282758770892,0.23026486519872313,0.5051316233643525,0.2797109420118108,0.36996130194398186,1.0549467520746436
False,40.0,2.0000000000000013,174075200.51443508,rowcol,0.629167757502631,0.06322653747902188,0.2726728253991848,0.4369282758770892,0.23026486519872308,0.5051316233643525,0.2797109420118108,0.36996130194398186,1.0549467520746436
True,-50.0,-2.0,174075200.51443508,rowcol,0.5515971720398477,0.05360912343140589,0.30385621207887686,0.3438790003298781,0.4861224641328163,0.3023527125062807,0.25706602595012573,0.3752615462410531,1.0554476365665086
True,70.0,-2.0,174075200.51443508,rowcol,0.5515971720398477,0.053609123431405885,0.30385621207887686,0.3438790003298781,0.4861224641328163,0.3023527125062807,0.25706602595012573,0.3752615462410531,1.0554476365665086
True,0.0,-1.9,174075200.51443508,rowcol,0.4758559162721855,0.04848632214521177,0.2989920046329794,0.3589192002829903,0.47085470784717837,0.32041105538335984,0.2554981544395115,0.38835945410792777,1.0558952141819284
True,-80.0,-1.5999999999999996,174075200.51443508,rowcol,0.3597080560851049,0.0391481318752066,0.3080773459782585,0.3359837059707148,0.4250759765627617,0.3779801801181779,0.2815602335481119,0.2960892606454241,1.0602157439054902
True,40.0,-1.5999999999999996,174075200.51443508,rowcol,0.35970805608510487,0.0391481318752066,0.30807734597825853,0.3359837059707148,0.4250759765627617,0.3779801801181779,0.2815602335481119,0.2960892606454241,1.0602157439054904
False,-10.0,1.8000000000000014,174075200.51443508,rowcol,0.4226104463515063,0.0470078673667007,0.2858859266895691,0.4029423066121612,0.41270556629928606,0.46863848726746343,0.2560893674468226,0.3379465041707233,1.0606000866808685
False,-70.0,-1.7999999999999998,174075200.51443508,rowcol,0.42261044750559157,0.04700786763467968,0.2858859281297571,0.40294230827890043,0.4127055710528419,0.4686384921783809,0.2560893679512608,0.33794650210210325,1.0606000926681718
False,50.0,-1.7999999999999998,174075200.51443508,rowcol,0.42261044750559157,0.04700786763467968,0.2858859281297571,0.40294230827890043,0.4127055710528419,0.4686384921783809,0.2560893679512608,0.33794650210210314,1.0606000926681718
True,20.0,-1.5999999999999996,174075200.51443508,rowcol,0.3597080559002392,0.03914813357382394,0.30804638879333596,0.338790342982729,0.4250760934335997,0.3775577978002765,0.28152015356735705,0.3023636586148563,1.062929509362737
True,-10.0,-2.0,174075200.51443508,rowcol,0.5515971736601494,0.053609106759728666,0.30384625107578433,0.352578573083364,0.48612245400644755,0.3014509758742934,0.25705210906383275,0.39042728364988327,1.064117326310717
False,70.0,-2.0,174075200.51443508,rowcol,0.5763579993493507,0.05723411711459448,0.28465411371697996,0.41305820956483175,0.42948757486505773,0.45301850040352815,0.24934833055147976,0.37618021003015106,1.0670205507157715
False,-50.0,-2.0,174075200.51443508,rowcol,0.5763579993493507,0.05723411711459448,0.28465411371698,0.41305820956483175,0.4294875748650577,0.45301850040352815,0.24934833055147976,0.37618021003015106,1.0670205507157717
False,10.0,2.0000000000000013,174075200.51443508,rowcol,0.5763579990478465,0.05723411701173962,0.28465411706011295,0.4130582148762487,0.42948758412513854,0.4530185067282292,0.24934833215630717,0.37618021436154075,1.0670205660565875
False,0.0,1.9000000000000015,174075200.51443508,rowcol,0.5013532929054992,0.052202498731346574,0.28526544307952334,0.41197217133155606,0.42998667296577214,0.45598496347328454,0.25001663013154557,0.3709369861404989,1.067768500570126
False,-60.0,-1.9,174075200.51443508,rowcol,0.5013532942929582,0.05220249869090368,0.2852654442785342,0.41197217123370367,0.42998667758153125,0.45598495916200316,0.2500166303019788,0.3709369903974731,1.0677685040693061
False,60.0,-1.9,174075200.51443508,rowcol,0.5013532942929582,0.05220249869090368,0.2852654442785342,0.41197217123370367,0.42998667758153125,0.45598495916200316,0.2500166303019788,0.3709369903974731,1.0677685040693061
False,-20.0,1.7000000000000013,174075200.51443508,rowcol,0.36184318288378003,0.03882141539164151,0.31111251018445163,0.3350502004590374,0.39564941960097416,0.3628775709315426,0.29308753994049563,0.3097182006129706,1.0683877310123924
False,-80.0,-1.6999999999999997,174075200.51443508,rowcol,0.3618431822971629,0.03882141517389862,0.31111251282958263,0.33505020523566875,0.3956494255202291,0.3628775771899078,0.2930875418035877,0.30971820395935473,1.0683877437244167
False,40.0,-1.6999999999999997,174075200.51443508,rowcol,0.3618431822971629,0.03882141517389862,0.3111125128295827,0.3350502052356687,0.39564942552022914,0.36287757718990776,0.29308754180358776,0.30971820395935473,1.0683877437244167
False,-50.0,1.8000000000000014,174075200.51443508,rowcol,0.4226104474193319,0.04700785776672663,0.28622400496760786,0.41096977520225153,0.4140895879884525,0.47070226047086483,0.2561285929396887,0.35299560448295647,1.069641790105075
False,70.0,1.8000000000000014,174075200.51443508,rowcol,0.4226104474193319,0.04700785776672663,0.28622400496760786,0.41096977520225153,0.4140895879884525,0.47070226047086483,0.2561285929396887,0.35299560448295647,1.069641790105075
False,10.0,-1.7999999999999998,174075200.51443508,rowcol,0.42261044857341723,0.047007858034705294,0.2862240064140519,0.41096977704187043,0.41408959275713897,0.470702265400932,0.2561285934454217,0.35299560289722615,1.0696417962840261
False,-40.0,1.7000000000000013,174075200.51443508,rowcol,0.3618431826929588,0.0388214171702313,0.31122952176063545,0.33901541320997175,0.39633635114374305,0.364435053098163,0.2930652387562854,0.316059064741476,1.0727039784918782
False,80.0,1.7000000000000013,174075200.51443508,rowcol,0.3618431826929588,0.0388214171702313,0.31122952176063545,0.33901541320997175,0.39633635114374305,0.364435053098163,0.2930652387562854,0.31605906474147605,1.0727039784918782
False,20.0,-1.6999999999999997,174075200.51443508,rowcol,0.3618431821063417,0.03882141695248783,0.31122952441200674,0.3390154181369968,0.3963363570761886,0.3644350593801491,0.29306524062282246,0.3160590683791902,1.072703991373017
True,-20.0,2.0000000000000013,174075200.51443508,rowcol,0.39412739955618226,0.04205504201222136,0.3113909631234309,0.3385668747016252,0.14157236844428478,0.320737607295429,0.3331448581686716,0.35286440663986146,1.0727397640719178
True,-90.0,-1.4999999999999996,174075200.51443508,rowcol,0.35794731810082586,0.037395249965251724,0.30948781356012794,0.3467799496089495,0.4098893020996824,0.38379963639617043,0.28743234317229654,0.31226763618905523,1.0752433902893332
True,30.0,-1.4999999999999996,174075200.51443508,rowcol,0.35794731810082586,0.037395249965251724,0.30948781356012794,0.3467799496089495,0.4098893020996824,0.38379963639617043,0.28743234317229654,0.31226763618905523,1.0752433902893332
True,-40.0,2.0000000000000013,174075200.51443508,rowcol,0.39412739936446156,0.042055043808970786,0.31135267808546985,0.3420450693782108,0.14157280707965803,0.3201151439287822,0.33310251616766284,0.3594536720638321,1.0761031036346203
True,80.0,2.0000000000000013,174075200.51443508,rowcol,0.39412739936446156,0.04205504380897078,0.31135267808546985,0.3420450693782108,0.1415728070796581,0.3201151439287822,0.3331025161676628,0.3594536720638321,1.0761031036346203
False,-10.0,-2.0,174075200.51443508,rowcol,0.576358000900043,0.05723410149883888,0.285031360182771,0.4217258583729777,0.4309652237750792,0.45533276032681547,0.24939309924831524,0.3912343883524864,1.0768199389212907
False,-70.0,2.0000000000000013,174075200.51443508,rowcol,0.5763580005985386,0.05723410139598377,0.28503136353035746,0.42172586379965366,0.4309652330365255,0.45533276667010586,0.24939310085442004,0.39123439291291345,1.076819954390726
False,50.0,2.0000000000000013,174075200.51443508,rowcol,0.5763580005985386,0.05723410139598377,0.2850313635303574,0.42172586379965366,0.4309652330365255,0.45533276667010586,0.2493931008544201,0.3912343929129134,1.076819954390726
False,-90.0,-1.4999999999999996,174075200.51443508,rowcol,0.3559326988185436,0.0354386795036139,0.3161457682019872,0.33035326926473113,0.4423001954459286,0.35064205206544985,0.28724116311873726,0.3122718294638,1.0787905738706927
False,30.0,-1.4999999999999996,174075200.51443508,rowcol,0.3559326988185436,0.0354386795036139,0.3161457682019872,0.33035326926473113,0.44230019544592863,0.3506420520654498,0.28724116311873726,0.31227182946380005,1.0787905738706927
False,-30.0,1.500000000000001,174075200.51443508,rowcol,0.3559326998475136,0.03543867942449375,0.3161457682979099,0.3303532739861249,0.44230020543597626,0.35064205949964267,0.28724116043958364,0.31227183163883176,1.0787905788798546
False,90.0,1.500000000000001,174075200.51443508,rowcol,0.3559326998475136,0.03543867942449375,0.3161457682979099,0.3303532739861249,0.44230020543597626,0.35064205949964267,0.28724116043958364,0.31227183163883176,1.0787905788798546
False,-60.0,1.9000000000000015,174075200.51443508,rowcol,0.5013532952012005,0.052202476683404095,0.28573585807131757,0.42254762654286276,0.43156280578983347,0.4590929624366957,0.2501566812455893,0.38916569735777756,1.0797552007568154
False,60.0,1.9000000000000015,174075200.51443508,rowcol,0.5013532952012005,0.052202476683404095,0.2857358580713176,0.42254762654286276,0.43156280578983347,0.4590929624366958,0.2501566812455893,0.38916569735777756,1.0797552007568156
False,0.0,-1.9,174075200.51443508,rowcol,0.5013532965886595,0.052202476642961196,0.2857358592683545,0.42254762644302973,0.4315628103887351,0.45909295814567497,0.25015668141592706,0.3891657014153541,1.0797552042480931
True,-40.0,-1.9,174075200.51443508,rowcol,0.5922662983426076,0.05759240531400179,0.313559814433279,0.34153126923772026,0.4707348429115958,0.3349591108607136,0.27540876610845455,0.34696202787536135,1.0822107125375573
True,80.0,-1.9,174075200.51443508,rowcol,0.5922662983426076,0.057592405314001796,0.313559814433279,0.3415312692377203,0.47073484291159595,0.33495911086071367,0.27540876610845455,0.34696202787536135,1.0822107125375573
True,-20.0,-1.9,174075200.51443508,rowcol,0.592266298103177,0.05759240777624773,0.3135236945028054,0.3448080652885927,0.4707349682343771,0.33439294842385753,0.2753601061879779,0.3533294867633662,1.0853791487970088
True,-70.0,-1.9,174075200.51443508,rowcol,0.3925109988983846,0.04294638255927048,0.31260303436392917,0.3555367748648012,0.4708930699460711,0.3577351131478997,0.27407029623127205,0.3536774178570832,1.0933458779565886
True,50.0,-1.9,174075200.51443508,rowcol,0.3925109988983846,0.042946382559270475,0.31260303436392917,0.3555367748648012,0.4708930699460711,0.35773511314789974,0.27407029623127205,0.3536774178570832,1.0933458779565886
True,-60.0,-2.0,174075200.51443508,rowcol,0.4764788403480579,0.04855619884966831,0.31157788132858555,0.35891268232088086,0.4861618379270937,0.32301973617068996,0.2677580303206757,0.38652664389045943,1.0936463263066376
True,60.0,-2.0,174075200.51443508,rowcol,0.4764788403480579,0.04855619884966831,0.31157788132858555,0.35891268232088086,0.4861618379270937,0.32301973617068996,0.26775803032067563,0.3865266438904594,1.0936463263066376
True,10.0,-1.9,174075200.51443508,rowcol,0.3925110000869796,0.042946371696034664,0.3125938315132924,0.36354182106457333,0.4708930600148734,0.35701143238389516,0.27405788919599317,0.3689443395660126,1.1013233156044504
True,-30.0,1.9000000000000015,174075200.51443508,rowcol,0.3873177152349396,0.03925683912525491,0.3204741157011128,0.34237802382907434,0.1272613710772587,0.3036175727171376,0.3441979909879462,0.3718606125073075,1.1038003709324127
True,90.0,1.9000000000000015,174075200.51443508,rowcol,0.3873177152349396,0.039256839125254905,0.3204741157011128,0.34237802382907434,0.12726137107725868,0.30361757271713763,0.3441979909879461,0.3718606125073075,1.1038003709324127
True,0.0,-2.0,174075200.51443508,rowcol,0.4764788428907397,0.048556173898488174,0.3116319011978898,0.370006707066535,0.4861619113710054,0.32344884851524197,0.2678323207451868,0.40503948790982014,1.1049024106602043
True,-30.0,-1.9,174075200.51443508,rowcol,0.6036040564230172,0.05975730553889495,0.3239767537897121,0.3330600660475147,0.4706110794910774,0.33404919267403804,0.2893491830213622,0.3322259412272569,1.1049903274166508
True,90.0,-1.9,174075200.51443508,rowcol,0.6036040564230172,0.05975730553889495,0.323976753789712,0.3330600660475147,0.47061107949107733,0.33404919267403804,0.2893491830213622,0.3322259412272569,1.1049903274166508
False,-30.0,-2.0,174075200.51443508,rowcol,0.6506209496661364,0.06735879127606952,0.280887917139776,0.47291064955493495,0.1790721398468119,0.5867099045760672,0.29569299642263175,0.34962062285168694,1.115574400974263
False,90.0,-2.0,174075200.51443508,rowcol,0.6506209496661364,0.06735879127606953,0.280887917139776,0.47291064955493495,0.1790721398468119,0.5867099045760672,0.29569299642263175,0.34962062285168694,1.115574400974263
False,-90.0,2.0000000000000013,174075200.51443508,rowcol,0.6506209507954926,0.06735879107432333,0.28088792064817436,0.47291064529250615,0.17907212662020544,0.5867098921193531,0.29569300182291613,0.3496206298174717,1.1155744072370293
False,30.0,2.0000000000000013,174075200.51443508,rowcol,0.6506209507954926,0.06735879107432333,0.28088792064817436,0.47291064529250615,0.17907212662020544,0.5867098921193531,0.29569300182291613,0.3496206298174717,1.1155744072370293
False,-10.0,1.9000000000000015,174075200.51443508,rowcol,0.4202577293230223,0.047069325352284655,0.29939596614723135,0.4174182014168375,0.4307466097497603,0.4826756636085495,0.2686197423371969,0.3533271107168887,1.1156060998585315
False,-70.0,-1.9,174075200.51443508,rowcol,0.4202577305699433,0.047069325638147266,0.2993959677167062,0.41741820327292317,0.4307466149154142,0.4826756688781593,0.26861974289545865,0.3533271086996788,1.1156061064230418
False,50.0,-1.9,174075200.51443508,rowcol,0.4202577305699433,0.047069325638147266,0.2993959677167062,0.41741820327292317,0.4307466149154142,0.4826756688781593,0.26861974289545865,0.3533271086996788,1.1156061064230418
True,-80.0,-1.6999999999999997,174075200.51443508,rowcol,0.3521274914055452,0.038573703793093606,0.32293570273497574,0.34762408607441847,0.440370035775928,0.38765166509186366,0.2965608198925729,0.3099856191735978,1.1164311942793457
True,40.0,-1.6999999999999997,174075200.51443508,rowcol,0.3521274914055452,0.038573703793093606,0.32293570273497574,0.3476240860744184,0.440370035775928,0.38765166509186366,0.29656081989257294,0.30998561917359774,1.1164311942793457
True,20.0,-1.6999999999999997,174075200.51443508,rowcol,0.35212749120945896,0.038573705583104495,0.3229043241671368,0.3505063695108336,0.4403701556385843,0.3872140779962296,0.29652038908504924,0.3163553328981736,1.119219342012244
False,0.0,2.0000000000000013,174075200.51443508,rowcol,0.5033969765077981,0.05253293266914782,0.29873561735929416,0.42668779024170767,0.44865348458729815,0.4690654071331261,0.26233413236514835,0.38747723162307174,1.12289464231959
False,-60.0,-2.0,174075200.51443508,rowcol,0.5033969779623519,0.052532932625483614,0.2987356185645013,0.4266877900726193,0.44865348924383974,0.46906540258281715,0.2623341325361281,0.38747723591281563,1.1228946457661233
False,60.0,-2.0,174075200.51443508,rowcol,0.5033969779623519,0.052532932625483614,0.2987356185645013,0.4266877900726193,0.44865348924383974,0.46906540258281704,0.26233413253612814,0.3874772359128156,1.1228946457661233
False,-20.0,1.8000000000000014,174075200.51443508,rowcol,0.355020589595796,0.038310276289692476,0.3257277457258101,0.3466371823923964,0.4096107356899207,0.3719745849678941,0.30798568406094556,0.32379747519498797,1.1238204195698267
False,-80.0,-1.7999999999999998,174075200.51443508,rowcol,0.3550205889906135,0.03831027605951219,0.3257277485173801,0.34663718747111233,0.40961074198845027,0.371974591793213,0.3079856860245672,0.32379747861029556,1.1238204330232526
False,40.0,-1.7999999999999998,174075200.51443508,rowcol,0.3550205889906135,0.03831027605951219,0.3257277485173801,0.3466371874711124,0.40961074198845027,0.37197459179321296,0.3079856860245672,0.3237974786102955,1.1238204330232526
False,-50.0,1.9000000000000015,174075200.51443508,rowcol,0.4202577304331425,0.04706931544059271,0.2997367309018008,0.42559228421856715,0.432146406434146,0.4847776541820934,0.2686592155662118,0.3685319377257945,1.1248024769239695
False,70.0,1.9000000000000015,174075200.51443508,rowcol,0.4202577304331425,0.04706931544059271,0.2997367309018008,0.4255922842185672,0.432146406434146,0.4847776541820934,0.26865921556621175,0.3685319377257945,1.1248024769239695
False,10.0,-1.9,174075200.51443508,rowcol,0.4202577316800636,0.047069315726454994,0.2997367324775119,0.42559228624840273,0.4321464116144411,0.48477765947054896,0.26865921612577226,0.36853193619087304,1.1248024836809385
False,-40.0,1.8000000000000014,174075200.51443508,rowcol,0.3550205893946583,0.03831027815363189,0.3258460820265371,0.35068884152097685,0.4103132914653877,0.37356952977044594,0.30796321333149407,0.3302214118916831,1.1282270876005882
False,80.0,1.8000000000000014,174075200.51443508,rowcol,0.3550205893946583,0.03831027815363189,0.3258460820265371,0.3506888415209769,0.4103132914653877,0.3735695297704459,0.307963213331494,0.3302214118916831,1.1282270876005882
False,20.0,-1.7999999999999998,174075200.51443508,rowcol,0.3550205887894758,0.03831027792345099,0.32584608482441013,0.3506888467539893,0.4103132977771163,0.37356953662244513,0.3079632152985873,0.3302214156038267,1.1282271012272198
False,-60.0,2.0000000000000013,174075200.51443508,rowcol,0.5033969789145153,0.052532909606768506,0.2992084789775959,0.43742864932195535,0.4502436395222484,0.4722259464568491,0.2624746343294503,0.405861484133551,1.135054086254743
False,60.0,2.0000000000000013,174075200.51443508,rowcol,0.5033969789145153,0.052532909606768506,0.2992084789775959,0.43742864932195535,0.45024363952224844,0.4722259464568491,0.2624746343294503,0.40586148413355094,1.135054086254743
False,0.0,-2.0,174075200.51443508,rowcol,0.5033969803690691,0.05253290956310429,0.2992084801808983,0.4374286491525147,0.45024364416234414,0.47222594192786005,0.26247463450033853,0.4058614882289841,1.1350540896952097
True,-90.0,-1.5999999999999996,174075200.51443508,rowcol,0.3496841755949322,0.0366334219256029,0.3252909180942708,0.35959174763125173,0.4251817769260173,0.39509277662762954,0.30356152019368976,0.32676347628739183,1.1354645019140641
True,30.0,-1.5999999999999996,174075200.51443508,rowcol,0.3496841755949322,0.0366334219256029,0.3252909180942708,0.35959174763125173,0.4251817769260173,0.39509277662762954,0.3035615201936898,0.32676347628739183,1.1354645019140641
True,-40.0,-2.0,174075200.51443508,rowcol,0.5985269087795573,0.05808200674504394,0.32821569755175817,0.3516750443739889,0.48603604992660443,0.3396863425730272,0.29034761186034475,0.36144971951357596,1.1363221370292633
True,80.0,-2.0,174075200.51443508,rowcol,0.5985269087795573,0.05808200674504394,0.32821569755175817,0.3516750443739889,0.4860360499266046,0.3396863425730272,0.29034761186034475,0.36144971951357596,1.1363221370292633
True,-20.0,-2.0,174075200.51443508,rowcol,0.5985269085270036,0.058082009347573134,0.32817937439103206,0.35502492945453423,0.4860361776923056,0.3390986640634083,0.2902990264892014,0.3678854011024207,1.1395630526276304
False,-90.0,-1.5999999999999996,174075200.51443508,rowcol,0.34754677490896346,0.03454566596817785,0.332303057352387,0.34475403809255367,0.4597349224968792,0.3649902008560783,0.30336080514708585,0.3267669432040844,1.1416632101497146
False,30.0,-1.5999999999999996,174075200.51443508,rowcol,0.34754677490896346,0.03454566596817785,0.332303057352387,0.34475403809255367,0.4597349224968792,0.3649902008560783,0.3033608051470859,0.3267669432040844,1.1416632101497146
False,-30.0,1.6000000000000012,174075200.51443508,rowcol,0.3475467760168057,0.0345456658881192,0.33230305738472654,0.3447540431898647,0.4597349331594866,0.3649902091495005,0.3033608022435478,0.32676694531419614,1.1416632153440442
False,90.0,1.6000000000000012,174075200.51443508,rowcol,0.3475467760168057,0.0345456658881192,0.33230305738472654,0.3447540431898647,0.4597349331594866,0.3649902091495005,0.3033608022435478,0.32676694531419614,1.1416632153440442
True,-70.0,-2.0,174075200.51443508,rowcol,0.38842728070783944,0.04271657671411322,0.3255452852754644,0.3666637435857595,0.48620206428151863,0.3635215668439147,0.28671986232513236,0.36928558464578454,1.1432995994121526
True,50.0,-2.0,174075200.51443508,rowcol,0.38842728070783944,0.042716576714113226,0.3255452852754644,0.3666637435857595,0.48620206428151863,0.3635215668439147,0.28671986232513236,0.36928558464578454,1.1432995994121526
True,10.0,-2.0,174075200.51443508,rowcol,0.38842728194556525,0.04271656545931247,0.32553598306765563,0.3748353341690211,0.4862020541567869,0.3627719085574323,0.28670737832095294,0.3846878101113005,1.151443283371988
True,-30.0,2.0000000000000013,174075200.51443508,rowcol,0.38348040922856524,0.03878597758188511,0.3360496964971225,0.3525882365938372,0.14149628618868515,0.3067377069363275,0.3603672842083006,0.3869650504507661,1.1607373260852047
True,90.0,2.0000000000000013,174075200.51443508,rowcol,0.38348040922856524,0.03878597758188511,0.3360496964971225,0.3525882365938372,0.1414962861886851,0.3067377069363275,0.3603672842083006,0.3869650504507661,1.1607373260852047
True,90.0,-2.0,174075200.51443508,rowcol,0.6104590226728095,0.06034087905868468,0.33956660729714255,0.34306488223168335,0.4859060669742057,0.3384000318484163,0.30542816067435624,0.346939420841089,1.161764704123111
True,-30.0,-2.0,174075200.51443508,rowcol,0.6104590226728095,0.060340879058684675,0.3395666072971426,0.3430648822316833,0.4859060669742057,0.33840003184841627,0.30542816067435624,0.346939420841089,1.1617647041231112
False,-10.0,2.0000000000000013,174075200.51443508,rowcol,0.4180180706967335,0.047147003120206435,0.31296958970486544,0.4319978844330684,0.44895493689306626,0.4967218533259176,0.2811831595412342,0.3688765836896349,1.1709066535476647
False,-70.0,-2.0,174075200.51443508,rowcol,0.41801807203949043,0.047147003424961774,0.31296959140398983,0.43199788644390735,0.4489549424717928,0.49672185888673326,0.2811831601535428,0.3688765817276351,1.170906660655877
False,50.0,-2.0,174075200.51443508,rowcol,0.41801807203949043,0.04714700342496177,0.3129695914039899,0.43199788644390735,0.44895494247179274,0.49672185888673326,0.2811831601535428,0.3688765817276351,1.170906660655877
True,-80.0,-1.7999999999999998,174075200.51443508,rowcol,0.344557489116307,0.038005569985850966,0.3378341156679388,0.3595458377678366,0.4556712341005092,0.3975978445201881,0.3115895329063698,0.3241043019313642,1.173048184771653
True,40.0,-1.7999999999999998,174075200.51443508,rowcol,0.34455748911630707,0.038005569985850966,0.33783411566793886,0.3595458377678366,0.4556712341005092,0.3975978445201881,0.3115895329063698,0.32410430193136414,1.1730481847716532
True,20.0,-1.7999999999999998,174075200.51443508,rowcol,0.34455748890906146,0.03800557186473372,0.3378023565589584,0.36249659746771656,0.4556713567522255,0.39714610579662857,0.3115487887397257,0.33055694150487586,1.1759036671445917
False,-20.0,1.9000000000000015,174075200.51443508,rowcol,0.34823580978132,0.03780875020356974,0.34038813979395677,0.3583802248499044,0.4236365266473929,0.3811236085860843,0.3229093792408847,0.33807090237896903,1.1795446442317747
False,-80.0,-1.9,174075200.51443508,rowcol,0.3482358091600703,0.03780874996109456,0.34038814273138895,0.3583802302220444,0.4236365333254715,0.38112361597455335,0.32290938130474844,0.33807090585824034,1.1795446584162113
False,40.0,-1.9,174075200.51443508,rowcol,0.3482358091600703,0.03780874996109456,0.34038814273138895,0.3583802302220444,0.4236365333254715,0.38112361597455335,0.32290938130474844,0.3380709058582403,1.1795446584162113
False,-50.0,2.0000000000000013,174075200.51443508,rowcol,0.41801807184684275,0.047146992923025335,0.3133127395183593,0.44030345437247,0.4503687183860493,0.4988531496522113,0.28122285374588485,0.3842178579721108,1.1802416729275478
False,70.0,2.0000000000000013,174075200.51443508,rowcol,0.4180180718468428,0.047146992923025335,0.3133127395183593,0.44030345437247,0.4503687183860493,0.4988531496522114,0.28122285374588485,0.3842178579721108,1.1802416729275478
False,10.0,-2.0,174075200.51443508,rowcol,0.41801807318959977,0.04714699322778033,0.3133127412236996,0.44030345655672243,0.45036872397895195,0.4988531552286157,0.2812228543594954,0.3842178564913671,1.1802416802278213
False,-40.0,1.9000000000000015,174075200.51443508,rowcol,0.34823580957002725,0.03780875214967216,0.3405076712272572,0.36250536501340214,0.42435356888326364,0.38274232261274305,0.3228867564061456,0.34456743605553203,1.1840283786951737
False,80.0,1.9000000000000015,174075200.51443508,rowcol,0.34823580957002725,0.03780875214967216,0.3405076712272572,0.3625053650134022,0.4243535688832636,0.3827423226127431,0.3228867564061456,0.34456743605553203,1.184028378695174
False,20.0,-1.9,174075200.51443508,rowcol,0.3482358089487776,0.03780875190719634,0.34050767417104894,0.3625053705424448,0.4243535755745364,0.38274233002862995,0.3228867584735048,0.3445674398366981,1.1840283930555915
True,-90.0,-1.6999999999999997,174075200.51443508,rowcol,0.3414225686200185,0.03587369224853607,0.34113532194135415,0.3726946220130306,0.44048217405304735,0.4067298927299614,0.3197172895283449,0.3414550856152579,1.196100587837093
True,30.0,-1.6999999999999997,174075200.51443508,rowcol,0.3414225686200185,0.03587369224853607,0.3411353219413542,0.3726946220130306,0.44048217405304735,0.4067298927299614,0.3197172895283449,0.3414550856152579,1.1961005878370932
False,-90.0,-1.6999999999999997,174075200.51443508,rowcol,0.33916444355793757,0.033654753587356874,0.3484984210776011,0.35958210402202095,0.477176088422439,0.3800099012546585,0.31950711409759686,0.34145778967957335,1.2050773672548243
False,30.0,-1.6999999999999997,174075200.51443508,rowcol,0.33916444355793757,0.033654753587356874,0.3484984210776011,0.35958210402202107,0.477176088422439,0.3800099012546585,0.31950711409759686,0.34145778967957335,1.2050773672548243
False,-30.0,1.7000000000000013,174075200.51443508,rowcol,0.33916444474646384,0.033654753507151275,0.3484984210445087,0.35958210949117614,0.4771760997577636,0.3800099104073326,0.31950711096912143,0.34145779171630425,1.2050773726247022
False,90.0,1.7000000000000013,174075200.51443508,rowcol,0.33916444474646384,0.033654753507151275,0.3484984210445087,0.35958210949117614,0.4771760997577636,0.38000991040733256,0.31950711096912143,0.3414577917163043,1.2050773726247022
True,-80.0,-1.9,174075200.51443508,rowcol,0.33699876100698084,0.03744401696152327,0.3527675097420744,0.3717218898438969,0.4709788757289995,0.40779861956360997,0.3266424903162957,0.3384174841486299,1.2300244190701202
True,40.0,-1.9,174075200.51443508,rowcol,0.33699876100698084,0.03744401696152326,0.3527675097420744,0.37172188984389687,0.47097887572899955,0.40779861956360997,0.3266424903162958,0.3384174841486298,1.2300244190701202
True,20.0,-1.9,174075200.51443508,rowcol,0.3369987607886427,0.03744401892658154,0.3527354054265973,0.3747347072561805,0.47097900098683726,0.40733371101918964,0.3266014646793734,0.34494255583037664,1.2329409235359725
False,-20.0,2.0000000000000013,174075200.51443508,rowcol,0.34149109729358956,0.037317007609348314,0.35508809910159955,0.3702709781677289,0.43772059465242785,0.390334479240896,0.33785523958362174,0.3525148990737566,1.2355352754725275
False,-80.0,-2.0,174075200.51443508,rowcol,0.3414910966589292,0.03731700735472431,0.35508810218438114,0.370270983823254,0.43772060171023564,0.39033448718448605,0.33785524174747705,0.3525149026127658,1.2355352903763974
False,40.0,-2.0,174075200.51443508,rowcol,0.3414910966589292,0.03731700735472431,0.3550881021843812,0.370270983823254,0.43772060171023564,0.390334487184486,0.3378552417474771,0.35251490261276575,1.2355352903763976
False,-40.0,2.0000000000000013,174075200.51443508,rowcol,0.3414910970723177,0.037317009634225906,0.35520871356577005,0.3744608281037469,0.4384510988130194,0.39197038122217004,0.33783247957877804,0.3590751227246135,1.240086968801057
False,80.0,2.0000000000000013,174075200.51443508,rowcol,0.34149109707231773,0.037317009634225906,0.35520871356577005,0.3744608281037469,0.4384510988130194,0.39197038122217015,0.33783247957877804,0.3590751227246135,1.240086968801057
False,20.0,-2.0,174075200.51443508,rowcol,0.3414910964376574,0.03731700937960123,0.3552087166549626,0.37446083391837554,0.4384511058840063,0.39197038919332433,0.3378324817461502,0.35907512657017276,1.2400869838832633
True,30.0,-1.7999999999999998,174075200.51443508,rowcol,0.33316261140819137,0.03511619712688094,0.3570155265341856,0.38605893641981553,0.4557896956507085,0.418682303648268,0.33589581412196773,0.35631824929746,1.2571055160223723
True,-90.0,-1.7999999999999998,174075200.51443508,rowcol,0.33316261140819137,0.03511619712688094,0.35701552653418567,0.38605893641981553,0.4557896956507085,0.418682303648268,0.3358958141219678,0.35631824929746,1.2571055160223725
False,-90.0,-1.7999999999999998,174075200.51443508,rowcol,0.33078597787887465,0.03276611375311744,0.3647267874115304,0.37478675372702375,0.4946230120892982,0.39562467525233347,0.33567624188831824,0.3563201599158038,1.268967115961615
False,30.0,-1.7999999999999998,174075200.51443508,rowcol,0.33078597787887465,0.03276611375311744,0.3647267874115304,0.37478675372702375,0.4946230120892982,0.39562467525233347,0.33567624188831824,0.3563201599158038,1.268967115961615
False,-30.0,1.8000000000000014,174075200.51443508,rowcol,0.3307859791500303,0.032766113673621436,0.36472678731142305,0.37478675956395135,0.4946230240974713,0.3956246852618394,0.3356762385344477,0.3563201618719931,1.2689671214982206
False,90.0,1.8000000000000014,174075200.51443508,rowcol,0.3307859791500303,0.03276611367362144,0.36472678731142305,0.3747867595639514,0.4946230240974712,0.3956246852618395,0.3356762385344477,0.3563201618719931,1.2689671214982206
True,-80.0,-2.0,174075200.51443508,rowcol,0.3294520830801966,0.03688934525189628,0.3677316232830561,0.3841280607009892,0.48629235218961236,0.4182353618492262,0.3417164881667549,0.35290150075573873,1.2873229305501575
True,40.0,-2.0,174075200.51443508,rowcol,0.3294520830801966,0.03688934525189628,0.3677316232830561,0.3841280607009892,0.4862923521896125,0.4182353618492262,0.34171648816675493,0.3529015007557387,1.2873229305501575
True,20.0,-2.0,174075200.51443508,rowcol,0.32945208285083893,0.03688934730024781,0.3676992045135211,0.3871971952478166,0.48629247988796515,0.4177581962669117,0.34167520840663024,0.35949008663705584,1.29029480878838
True,-90.0,-1.9,174075200.51443508,rowcol,0.32490442978391354,0.0343610843442563,0.37292695843283424,0.3996584645681713,0.4711036472354726,0.4309237744516002,0.3520939572134518,0.3713323677045567,1.318439339866674
True,30.0,-1.9,174075200.51443508,rowcol,0.32490442978391354,0.03436108434425629,0.37292695843283424,0.3996584645681713,0.4711036472354726,0.4309237744516002,0.3520939572134518,0.3713323677045567,1.318439339866674
False,-90.0,-1.9,174075200.51443508,rowcol,0.32241167924189007,0.031879936504869116,0.3809839390467902,0.39032398144379166,0.5120751049813531,0.411766830344283,0.35186504277543423,0.3713334591167809,1.3332757985841623
False,30.0,-1.9,174075200.51443508,rowcol,0.32241167924189007,0.031879936504869116,0.3809839390467902,0.39032398144379166,0.5120751049813531,0.411766830344283,0.35186504277543423,0.3713334591167809,1.3332757985841623
False,-30.0,1.9000000000000015,174075200.51443508,rowcol,0.3224116805977682,0.03187993642701121,0.38098393887830234,0.3903239876445307,0.5120751176624841,0.4117668412065473,0.35186503919578566,0.37133346098634296,1.3332758042794377
False,90.0,1.9000000000000015,174075200.51443508,rowcol,0.32241168059776815,0.03187993642701121,0.38098393887830234,0.39032398764453063,0.5120751176624841,0.4117668412065472,0.3518650391957856,0.37133346098634296,1.3332758042794377
True,-90.0,-2.0,174075200.51443508,rowcol,0.3166481626691442,0.033608514479519604,0.38886578442244135,0.4134699977164036,0.4864234215065065,0.44343036616621706,0.36830913036206014,0.3864798481945972,1.3800673509837278
True,30.0,-2.0,174075200.51443508,rowcol,0.3166481626691442,0.033608514479519604,0.38886578442244135,0.4134699977164036,0.4864234215065065,0.44343036616621706,0.36830913036206014,0.3864798481945972,1.3800673509837278
False,-90.0,-2.0,174075200.51443508,rowcol,0.31404188100449537,0.030996433056764344,0.3972663420953237,0.40615562127783195,0.5295318560032629,0.42837675212523485,0.3680709209327123,0.3864800986137446,1.397954647563803
False,30.0,-2.0,174075200.51443508,rowcol,0.3140418810044953,0.03099643305676434,0.3972663420953237,0.40615562127783195,0.5295318560032629,0.42837675212523485,0.3680709209327123,0.38648009861374466,1.397954647563803
False,-30.0,2.0000000000000013,174075200.51443508,rowcol,0.3140418824473515,0.030996432981552795,0.3972663418572703,0.40615562783859843,0.5295318693574439,0.4283767638351244,0.36807091712696266,0.3864801003914853,1.3979546534104093
False,90.0,2.0000000000000013,174075200.51443508,rowcol,0.3140418824473515,0.030996432981552795,0.3972663418572703,0.40615562783859843,0.529531869357444,0.42837676383512435,0.3680709171269626,0.3864801003914853,1.3979546534104093
