apply_s1_correction,s1_theta_offset_deg,s1_scale,s1_condition,solver,Br_rms,Bt_rms,Br_L2_all,Bt_L2_all,Br_L2_edge,Bt_L2_edge,Br_L2_middle,Bt_L2_middle,objective
True,-90.0,0.25,5192.509650873193,rowcol,0.5035061796563031,0.05100048658811887,0.07517166365882527,0.22492880138430615,0.1445236617852306,0.28273882638556713,0.0536052708589606,0.16097009630708933,0.3001004650431314
True,30.0,0.25,5192.509650873193,rowcol,0.5035061796563031,0.05100048658811887,0.07517166365882527,0.22492880138430615,0.1445236617852306,0.28273882638556713,0.053605270858960594,0.16097009630708933,0.3001004650431314
True,25.0,0.25,5192.509650873193,rowcol,0.5030731789069518,0.05092056798119892,0.07555637383887337,0.22474941574112253,0.14452668362892734,0.28231009372505644,0.05423948913161011,0.16114155526708376,0.3003057895799959
True,-85.0,0.25,5192.509650873193,rowcol,0.503073178872921,0.050920568317408925,0.07554069848958633,0.22504861251087488,0.1445267082375951,0.2822339422980557,0.05421365748977849,0.16202009928997446,0.3005893110004612
True,35.0,0.25,5192.509650873193,rowcol,0.503073178872921,0.050920568317408925,0.07554069848958633,0.22504861251087488,0.14452670823759511,0.28223394229805565,0.05421365748977849,0.16202009928997446,0.3005893110004612
True,20.0,0.25,5192.509650873193,rowcol,0.5017006234885304,0.05069972257311714,0.07662150064383277,0.22446385166786778,0.1445344684082948,0.2810470006704652,0.05597451252282433,0.16226171813331822,0.3010853523117005
True,-80.0,0.25,5192.509650873193,rowcol,0.5017006234674855,0.05069972278136825,0.07659961486963915,0.22515409381583304,0.14453450674736804,0.2809279606569376,0.05593906884171044,0.16418424903193268,0.3017537086854722
True,40.0,0.25,5192.509650873193,rowcol,0.5017006234674855,0.05069972278136825,0.07659961486963915,0.22515409381583304,0.14453450674736806,0.2809279606569376,0.05593906884171044,0.16418424903193268,0.3017537086854722
True,15.0,0.25,5192.509650873193,rowcol,0.49923258027982276,0.050386347250438,0.078252095105886,0.22411616332705528,0.14454376733391575,0.27948710986032316,0.058576650801314085,0.1636370098831076,0.3023682584329413
True,45.0,0.25,5192.509650873193,rowcol,0.49923258033726886,0.050386346681257105,0.07823687863776752,0.2253092045735698,0.14454380378076329,0.2793736657838293,0.05855259896388971,0.16678578040251352,0.3035460832113373
True,-75.0,0.25,5192.509650873193,rowcol,0.49923258033726886,0.050386346681257105,0.07823687863776752,0.22530920457356982,0.14454380378076329,0.2793736657838293,0.05855259896388971,0.16678578040251352,0.30354608321133736
True,10.0,0.25,5192.509650873193,rowcol,0.49558060742632226,0.05003624517712659,0.08034526573395065,0.2238611761286486,0.14455119119617454,0.278580032698919,0.06183296399550352,0.1642939281247879,0.30420644186259926
True,-70.0,0.25,5192.509650873193,rowcol,0.495580607603623,0.05003624342106338,0.08034511290155458,0.22558738383118543,0.1445512140702287,0.2785092605468466,0.06183271946024453,0.16868304060856448,0.30593249673274003
True,50.0,0.25,5192.509650873193,rowcol,0.495580607603623,0.05003624342106338,0.08034511290155459,0.22558738383118543,0.1445512140702287,0.2785092605468466,0.06183271946024453,0.16868304060856446,0.30593249673274003
True,5.0,0.25,5192.509650873193,rowcol,0.4908671493984372,0.04968745808257533,0.08269897559185045,0.22379028247346405,0.1445552053482969,0.27890673331428933,0.06539735299922497,0.16364870711026175,0.3064892580653145
True,-65.0,0.25,5192.509650873193,rowcol,0.4908671496818951,0.049687455282267305,0.08271308430285022,0.22593078573287353,0.14455521309238423,0.27888384564336616,0.06541844170506772,0.16900836219676849,0.30864387003572374
True,55.0,0.25,5192.509650873193,rowcol,0.4908671496818951,0.049687455282267305,0.08271308430285022,0.22593078573287353,0.14455521309238423,0.27888384564336616,0.0654184417050677,0.16900836219676849,0.30864387003572374
True,0.0,0.25,5192.509650873193,rowcol,0.48548808389235765,0.04934802254895732,0.08508351997227678,0.22383609311458427,0.14455658879272446,0.28009903027820726,0.06891844889427735,0.1620436068716594,0.30891961308686106
True,15.0,0.5,5192.509650873193,rowcol,0.5165426381689312,0.051793660567775554,0.0793386305438292,0.23092864275227204,0.1077552052645677,0.28031789299983867,0.07297617309430714,0.1791451460310556,0.31026727329610126
True,20.0,0.5,5192.509650873193,rowcol,0.521403906635315,0.052409142472704916,0.07869138547295836,0.23230132713686785,0.10773654958781786,0.2849020028946717,0.07214794703030382,0.17630820044678588,0.3109927126098262
True,-60.0,0.25,5192.509650873193,rowcol,0.4854880842155496,0.04934801936937982,0.0851029738134733,0.22613282201643548,0.1445565900770606,0.2800965471541266,0.06894684036286977,0.16781502657246591,0.3112357958299088
True,60.0,0.25,5192.509650873193,rowcol,0.4854880842155496,0.04934801936937982,0.0851029738134733,0.22613282201643548,0.14455659007706056,0.2800965471541266,0.06894684036286976,0.16781502657246591,0.3112357958299088
True,-5.0,0.25,5192.509650873193,rowcol,0.4800555727853362,0.04900513954809064,0.0875521749940576,0.22394030351328145,0.14455794284905243,0.28133596393627736,0.07248132421922322,0.1604992361053415,0.3114924785073391
True,10.0,0.5,5192.509650873193,rowcol,0.5093847206626657,0.05110534966218572,0.08161870208640214,0.22997276453923296,0.10777037292157658,0.2770424648628039,0.07588685929597974,0.181155214913971,0.3115914666256351
False,30.0,0.25,5192.509650873193,rowcol,0.5036568297728973,0.051312112666149684,0.07441992687460944,0.23770149091590964,0.14154893357478615,0.3047698567492517,0.05381162209748066,0.16094893012056405,0.31212141779051905
False,-90.0,0.25,5192.509650873193,rowcol,0.5036568297728973,0.051312112666149684,0.07441992687460945,0.23770149091590964,0.14154893357478615,0.3047698567492517,0.053811622097480666,0.16094893012056405,0.3121214177905191
False,-30.0,-0.25,5192.509650873193,rowcol,0.5036568297729029,0.051312112666149295,0.0744199268746211,0.237701490915899,0.14154893357480605,0.30476985674923635,0.05381162209749018,0.16094893012055983,0.3121214177905201
False,90.0,-0.25,5192.509650873193,rowcol,0.5036568297729029,0.051312112666149295,0.0744199268746211,0.237701490915899,0.14154893357480605,0.30476985674923635,0.05381162209749018,0.16094893012055983,0.3121214177905201
True,25.0,0.5,5192.509650873193,rowcol,0.5241269422531727,0.052841688051167755,0.07879508995242372,0.2334244369489826,0.10772103507810736,0.2881898037903761,0.07228585341850483,0.1745363268138174,0.3122195269014063
True,-80.0,0.5,5192.509650873193,rowcol,0.5214039065930627,0.052409142893062206,0.07864875978152822,0.23363346905451407,0.107736652455706,0.28466709721953876,0.07209294690758519,0.17983266627929406,0.3122822288360423
True,40.0,0.5,5192.509650873193,rowcol,0.5214039065930627,0.052409142893062206,0.07864875978152823,0.23363346905451407,0.10773665245570604,0.28466709721953876,0.0720929469075852,0.17983266627929406,0.3122822288360423
False,25.0,0.25,5192.509650873193,rowcol,0.502875930240132,0.05115765918947258,0.07649775174228982,0.23593154200458272,0.1467744475352896,0.30165126150308774,0.054697370118255685,0.16109534220572347,0.31242929374687256
False,-35.0,-0.25,5192.509650873193,rowcol,0.502875930240137,0.051157659189472245,0.07649775174230046,0.23593154200457367,0.14677444753530833,0.3016512615030751,0.054697370118264095,0.16109534220571933,0.3124292937468741
False,85.0,-0.25,5192.509650873193,rowcol,0.502875930240137,0.051157659189472245,0.07649775174230046,0.23593154200457367,0.14677444753530833,0.3016512615030751,0.054697370118264095,0.16109534220571933,0.3124292937468741
True,-75.0,0.5,5192.509650873193,rowcol,0.5165426382846947,0.051793659413256254,0.079308611741186,0.23323893761074654,0.10775530304477068,0.280091631875545,0.07293755900945172,0.18486165285193917,0.3125475493519325
True,45.0,0.5,5192.509650873193,rowcol,0.5165426382846947,0.051793659413256254,0.07930861174118599,0.23323893761074654,0.10775530304477068,0.280091631875545,0.07293755900945172,0.18486165285193917,0.3125475493519325
True,-85.0,0.5,5192.509650873193,rowcol,0.5241269421851522,0.0528416887258514,0.07876502517625773,0.23400026746288197,0.10772110111179055,0.2880405897453337,0.07224708676456416,0.17615548534818198,0.3127652926391397
True,35.0,0.5,5192.509650873193,rowcol,0.5241269421851522,0.0528416887258514,0.07876502517625773,0.23400026746288197,0.10772110111179058,0.2880405897453337,0.07224708676456415,0.17615548534818198,0.3127652926391397
False,-85.0,0.25,5192.509650873193,rowcol,0.5028759302060878,0.051157659524124405,0.07653019329619465,0.23633162931642396,0.14692067815126345,0.30178051527130734,0.0546794597356301,0.1619690221391859,0.31286182261261863
False,35.0,0.25,5192.509650873193,rowcol,0.5028759302060878,0.051157659524124405,0.07653019329619465,0.23633162931642396,0.14692067815126345,0.30178051527130734,0.0546794597356301,0.1619690221391859,0.31286182261261863
False,-25.0,-0.25,5192.509650873193,rowcol,0.5028759302060928,0.05115765952412408,0.07653019329620536,0.2363316293164155,0.14692067815128237,0.3017805152712947,0.05467945973563855,0.1619690221391828,0.31286182261262085
True,-90.0,0.5,5192.509650873193,rowcol,0.5249903857932906,0.05299781724784858,0.07889015607126261,0.23397761471793704,0.10771503048846205,0.28921736991160213,0.07240996739325603,0.17447048387741054,0.31286777078919964
True,30.0,0.5,5192.509650873193,rowcol,0.5249903857932906,0.05299781724784858,0.0788901560712626,0.23397761471793704,0.10771503048846204,0.28921736991160213,0.07240996739325603,0.17447048387741054,0.31286777078919964
True,-55.0,0.25,5192.509650873193,rowcol,0.4800555730632609,0.04900513682553313,0.08756550150182417,0.22607939690900195,0.14455795059299306,0.2813132739078253,0.07250035203029086,0.16596066010107527,0.3136448984108261
True,65.0,0.25,5192.509650873193,rowcol,0.4800555730632609,0.04900513682553313,0.08756550150182417,0.22607939690900197,0.14455795059299306,0.2813132739078253,0.07250035203029086,0.16596066010107527,0.31364489841082616
False,20.0,0.25,5192.509650873193,rowcol,0.5006273737379772,0.0507514420568598,0.08186844847965011,0.23199299052800668,0.15997567979268934,0.29420040928266605,0.05708975526329243,0.16214970377068702,0.3138614390076568
False,-40.0,-0.25,5192.509650873193,rowcol,0.50062737373798,0.050751442056859615,0.08186844847965821,0.23199299052800212,0.159975679792704,0.29420040928265984,0.057089755263298674,0.16214970377068438,0.31386143900766034
False,80.0,-0.25,5192.509650873193,rowcol,0.50062737373798,0.050751442056859615,0.08186844847965821,0.23199299052800212,0.159975679792704,0.29420040928265984,0.05708975526329867,0.16214970377068438,0.31386143900766034
True,-10.0,0.25,5192.509650873193,rowcol,0.47522348324505614,0.04864785443557939,0.09044488866528702,0.22418654186508372,0.14456193167924344,0.28209099340483507,0.07656422772944217,0.1600168440733183,0.31463143053037074
False,-80.0,0.25,5192.509650873193,rowcol,0.500627373716887,0.05075144226489869,0.08193721493882,0.23287559107028233,0.1602417822367768,0.29446546416621555,0.057070357081121,0.1640629558044891,0.31481280600910233
False,40.0,0.25,5192.509650873193,rowcol,0.500627373716887,0.05075144226489869,0.08193721493881999,0.23287559107028233,0.1602417822367768,0.2944654641662156,0.057070357081120994,0.1640629558044891,0.31481280600910233
False,-20.0,-0.25,5192.509650873193,rowcol,0.50062737371689,0.05075144226489851,0.08193721493882823,0.2328755910702786,0.16024178223679175,0.2944654641662097,0.05707035708112731,0.1640629558044882,0.3148128060091068
True,-70.0,0.5,5192.509650873193,rowcol,0.5093847210198651,0.051105346101855985,0.0816184014825408,0.23332198865867623,0.10777043428298798,0.2769001165057518,0.07588646117027678,0.18905065224029924,0.31494039014121705
True,50.0,0.5,5192.509650873193,rowcol,0.5093847210198651,0.051105346101855985,0.08161840148254082,0.23332198865867623,0.10777043428298798,0.2769001165057518,0.07588646117027678,0.1890506522402992,0.31494039014121705
True,5.0,0.5,5192.509650873193,rowcol,0.5001400193014849,0.050418978360978646,0.08544186923943006,0.22972734109709525,0.10777900768495453,0.2769509100877724,0.08070686528472726,0.1806991004058816,0.31516921033652534
False,-90.0,0.0,5192.509650873193,rowcol,0.48202498869312366,0.04900733491500949,0.09289136903055085,0.223445153566082,0.18280738793245033,0.2820133194925467,0.06411058509300809,0.15821274341870187,0.31633652259663286
False,-85.0,0.0,5192.509650873193,rowcol,0.48202498869312366,0.04900733491500949,0.09289136903055085,0.223445153566082,0.18280738793245033,0.2820133194925467,0.06411058509300809,0.15821274341870187,0.31633652259663286
False,-80.0,0.0,5192.509650873193,rowcol,0.48202498869312366,0.04900733491500949,0.09289136903055085,0.223445153566082,0.18280738793245033,0.2820133194925467,0.06411058509300809,0.15821274341870187,0.31633652259663286
False,-75.0,0.0,5192.509650873193,rowcol,0.48202498869312366,0.04900733491500949,0.09289136903055085,0.223445153566082,0.18280738793245033,0.2820133194925467,0.06411058509300809,0.15821274341870187,0.31633652259663286
False,-70.0,0.0,5192.509650873193,rowcol,0.48202498869312366,0.04900733491500949,0.09289136903055085,0.223445153566082,0.18280738793245033,0.2820133194925467,0.06411058509300809,0.15821274341870187,0.31633652259663286
False,-65.0,0.0,5192.509650873193,rowcol,0.48202498869312366,0.04900733491500949,0.09289136903055085,0.223445153566082,0.18280738793245033,0.2820133194925467,0.06411058509300809,0.15821274341870187,0.31633652259663286
False,-60.0,0.0,5192.509650873193,rowcol,0.48202498869312366,0.04900733491500949,0.09289136903055085,0.223445153566082,0.18280738793245033,0.2820133194925467,0.06411058509300809,0.15821274341870187,0.31633652259663286
False,-55.0,0.0,5192.509650873193,rowcol,0.48202498869312366,0.04900733491500949,0.09289136903055085,0.223445153566082,0.18280738793245033,0.2820133194925467,0.06411058509300809,0.15821274341870187,0.31633652259663286
False,-50.0,0.0,5192.509650873193,rowcol,0.48202498869312366,0.04900733491500949,0.09289136903055085,0.223445153566082,0.18280738793245033,0.2820133194925467,0.06411058509300809,0.15821274341870187,0.31633652259663286
False,-45.0,0.0,5192.509650873193,rowcol,0.48202498869312366,0.04900733491500949,0.09289136903055085,0.223445153566082,0.18280738793245033,0.2820133194925467,0.06411058509300809,0.15821274341870187,0.31633652259663286
False,-40.0,0.0,5192.509650873193,rowcol,0.48202498869312366,0.04900733491500949,0.09289136903055085,0.223445153566082,0.18280738793245033,0.2820133194925467,0.06411058509300809,0.15821274341870187,0.31633652259663286
False,-35.0,0.0,5192.509650873193,rowcol,0.48202498869312366,0.04900733491500949,0.09289136903055085,0.223445153566082,0.18280738793245033,0.2820133194925467,0.06411058509300809,0.15821274341870187,0.31633652259663286
False,-30.0,0.0,5192.509650873193,rowcol,0.48202498869312366,0.04900733491500949,0.09289136903055085,0.223445153566082,0.18280738793245033,0.2820133194925467,0.06411058509300809,0.15821274341870187,0.31633652259663286
False,-25.0,0.0,5192.509650873193,rowcol,0.48202498869312366,0.04900733491500949,0.09289136903055085,0.223445153566082,0.18280738793245033,0.2820133194925467,0.06411058509300809,0.15821274341870187,0.31633652259663286
False,-20.0,0.0,5192.509650873193,rowcol,0.48202498869312366,0.04900733491500949,0.09289136903055085,0.223445153566082,0.18280738793245033,0.2820133194925467,0.06411058509300809,0.15821274341870187,0.31633652259663286
False,-15.0,0.0,5192.509650873193,rowcol,0.48202498869312366,0.04900733491500949,0.09289136903055085,0.223445153566082,0.18280738793245033,0.2820133194925467,0.06411058509300809,0.15821274341870187,0.31633652259663286
False,-10.0,0.0,5192.509650873193,rowcol,0.48202498869312366,0.04900733491500949,0.09289136903055085,0.223445153566082,0.18280738793245033,0.2820133194925467,0.06411058509300809,0.15821274341870187,0.31633652259663286
False,-5.0,0.0,5192.509650873193,rowcol,0.48202498869312366,0.04900733491500949,0.09289136903055085,0.223445153566082,0.18280738793245033,0.2820133194925467,0.06411058509300809,0.15821274341870187,0.31633652259663286
False,0.0,0.0,5192.509650873193,rowcol,0.48202498869312366,0.04900733491500949,0.09289136903055085,0.223445153566082,0.18280738793245033,0.2820133194925467,0.06411058509300809,0.15821274341870187,0.31633652259663286
False,5.0,0.0,5192.509650873193,rowcol,0.48202498869312366,0.04900733491500949,0.09289136903055085,0.223445153566082,0.18280738793245033,0.2820133194925467,0.06411058509300809,0.15821274341870187,0.31633652259663286
False,10.0,0.0,5192.509650873193,rowcol,0.48202498869312366,0.04900733491500949,0.09289136903055085,0.223445153566082,0.18280738793245033,0.2820133194925467,0.06411058509300809,0.15821274341870187,0.31633652259663286
False,15.0,0.0,5192.509650873193,rowcol,0.48202498869312366,0.04900733491500949,0.09289136903055085,0.223445153566082,0.18280738793245033,0.2820133194925467,0.06411058509300809,0.15821274341870187,0.31633652259663286
False,20.0,0.0,5192.509650873193,rowcol,0.48202498869312366,0.04900733491500949,0.09289136903055085,0.223445153566082,0.18280738793245033,0.2820133194925467,0.06411058509300809,0.15821274341870187,0.31633652259663286
False,25.0,0.0,5192.509650873193,rowcol,0.48202498869312366,0.04900733491500949,0.09289136903055085,0.223445153566082,0.18280738793245033,0.2820133194925467,0.06411058509300809,0.15821274341870187,0.31633652259663286
False,30.0,0.0,5192.509650873193,rowcol,0.48202498869312366,0.04900733491500949,0.09289136903055085,0.223445153566082,0.18280738793245033,0.2820133194925467,0.06411058509300809,0.15821274341870187,0.31633652259663286
False,35.0,0.0,5192.509650873193,rowcol,0.48202498869312366,0.04900733491500949,0.09289136903055085,0.223445153566082,0.18280738793245033,0.2820133194925467,0.06411058509300809,0.15821274341870187,0.31633652259663286
False,40.0,0.0,5192.509650873193,rowcol,0.48202498869312366,0.04900733491500949,0.09289136903055085,0.223445153566082,0.18280738793245033,0.2820133194925467,0.06411058509300809,0.15821274341870187,0.31633652259663286
False,45.0,0.0,5192.509650873193,rowcol,0.48202498869312366,0.04900733491500949,0.09289136903055085,0.223445153566082,0.18280738793245033,0.2820133194925467,0.06411058509300809,0.15821274341870187,0.31633652259663286
False,50.0,0.0,5192.509650873193,rowcol,0.48202498869312366,0.04900733491500949,0.09289136903055085,0.223445153566082,0.18280738793245033,0.2820133194925467,0.06411058509300809,0.15821274341870187,0.31633652259663286
False,55.0,0.0,5192.509650873193,rowcol,0.48202498869312366,0.04900733491500949,0.09289136903055085,0.223445153566082,0.18280738793245033,0.2820133194925467,0.06411058509300809,0.15821274341870187,0.31633652259663286
False,60.0,0.0,5192.509650873193,rowcol,0.48202498869312366,0.04900733491500949,0.09289136903055085,0.223445153566082,0.18280738793245033,0.2820133194925467,0.06411058509300809,0.15821274341870187,0.31633652259663286
False,65.0,0.0,5192.509650873193,rowcol,0.48202498869312366,0.04900733491500949,0.09289136903055085,0.223445153566082,0.18280738793245033,0.2820133194925467,0.06411058509300809,0.15821274341870187,0.31633652259663286
False,70.0,0.0,5192.509650873193,rowcol,0.48202498869312366,0.04900733491500949,0.09289136903055085,0.223445153566082,0.18280738793245033,0.2820133194925467,0.06411058509300809,0.15821274341870187,0.31633652259663286
False,75.0,0.0,5192.509650873193,rowcol,0.48202498869312366,0.04900733491500949,0.09289136903055085,0.223445153566082,0.18280738793245033,0.2820133194925467,0.06411058509300809,0.15821274341870187,0.31633652259663286
False,80.0,0.0,5192.509650873193,rowcol,0.48202498869312366,0.04900733491500949,0.09289136903055085,0.223445153566082,0.18280738793245033,0.2820133194925467,0.06411058509300809,0.15821274341870187,0.31633652259663286
False,85.0,0.0,5192.509650873193,rowcol,0.48202498869312366,0.04900733491500949,0.09289136903055085,0.223445153566082,0.18280738793245033,0.2820133194925467,0.06411058509300809,0.15821274341870187,0.31633652259663286
False,90.0,0.0,5192.509650873193,rowcol,0.48202498869312366,0.04900733491500949,0.09289136903055085,0.223445153566082,0.18280738793245033,0.2820133194925467,0.06411058509300809,0.15821274341870187,0.31633652259663286
True,-90.0,0.0,5192.509650873193,rowcol,0.48202498869312366,0.04900733491500949,0.09289136903055085,0.223445153566082,0.18280738793245033,0.2820133194925467,0.06411058509300809,0.15821274341870187,0.31633652259663286
True,-85.0,0.0,5192.509650873193,rowcol,0.48202498869312366,0.04900733491500949,0.09289136903055085,0.223445153566082,0.18280738793245033,0.2820133194925467,0.06411058509300809,0.15821274341870187,0.31633652259663286
True,-80.0,0.0,5192.509650873193,rowcol,0.48202498869312366,0.04900733491500949,0.09289136903055085,0.223445153566082,0.18280738793245033,0.2820133194925467,0.06411058509300809,0.15821274341870187,0.31633652259663286
True,-75.0,0.0,5192.509650873193,rowcol,0.48202498869312366,0.04900733491500949,0.09289136903055085,0.223445153566082,0.18280738793245033,0.2820133194925467,0.06411058509300809,0.15821274341870187,0.31633652259663286
True,-70.0,0.0,5192.509650873193,rowcol,0.48202498869312366,0.04900733491500949,0.09289136903055085,0.223445153566082,0.18280738793245033,0.2820133194925467,0.06411058509300809,0.15821274341870187,0.31633652259663286
True,-65.0,0.0,5192.509650873193,rowcol,0.48202498869312366,0.04900733491500949,0.09289136903055085,0.223445153566082,0.18280738793245033,0.2820133194925467,0.06411058509300809,0.15821274341870187,0.31633652259663286
True,-60.0,0.0,5192.509650873193,rowcol,0.48202498869312366,0.04900733491500949,0.09289136903055085,0.223445153566082,0.18280738793245033,0.2820133194925467,0.06411058509300809,0.15821274341870187,0.31633652259663286
True,-55.0,0.0,5192.509650873193,rowcol,0.48202498869312366,0.04900733491500949,0.09289136903055085,0.223445153566082,0.18280738793245033,0.2820133194925467,0.06411058509300809,0.15821274341870187,0.31633652259663286
True,-50.0,0.0,5192.509650873193,rowcol,0.48202498869312366,0.04900733491500949,0.09289136903055085,0.223445153566082,0.18280738793245033,0.2820133194925467,0.06411058509300809,0.15821274341870187,0.31633652259663286
True,-45.0,0.0,5192.509650873193,rowcol,0.48202498869312366,0.04900733491500949,0.09289136903055085,0.223445153566082,0.18280738793245033,0.2820133194925467,0.06411058509300809,0.15821274341870187,0.31633652259663286
True,-40.0,0.0,5192.509650873193,rowcol,0.48202498869312366,0.04900733491500949,0.09289136903055085,0.223445153566082,0.18280738793245033,0.2820133194925467,0.06411058509300809,0.15821274341870187,0.31633652259663286
True,-35.0,0.0,5192.509650873193,rowcol,0.48202498869312366,0.04900733491500949,0.09289136903055085,0.223445153566082,0.18280738793245033,0.2820133194925467,0.06411058509300809,0.15821274341870187,0.31633652259663286
True,-30.0,0.0,5192.509650873193,rowcol,0.48202498869312366,0.04900733491500949,0.09289136903055085,0.223445153566082,0.18280738793245033,0.2820133194925467,0.06411058509300809,0.15821274341870187,0.31633652259663286
True,-25.0,0.0,5192.509650873193,rowcol,0.48202498869312366,0.04900733491500949,0.09289136903055085,0.223445153566082,0.18280738793245033,0.2820133194925467,0.06411058509300809,0.15821274341870187,0.31633652259663286
True,-20.0,0.0,5192.509650873193,rowcol,0.48202498869312366,0.04900733491500949,0.09289136903055085,0.223445153566082,0.18280738793245033,0.2820133194925467,0.06411058509300809,0.15821274341870187,0.31633652259663286
True,-15.0,0.0,5192.509650873193,rowcol,0.48202498869312366,0.04900733491500949,0.09289136903055085,0.223445153566082,0.18280738793245033,0.2820133194925467,0.06411058509300809,0.15821274341870187,0.31633652259663286
True,-10.0,0.0,5192.509650873193,rowcol,0.48202498869312366,0.04900733491500949,0.09289136903055085,0.223445153566082,0.18280738793245033,0.2820133194925467,0.06411058509300809,0.15821274341870187,0.31633652259663286
True,-5.0,0.0,5192.509650873193,rowcol,0.48202498869312366,0.04900733491500949,0.09289136903055085,0.223445153566082,0.18280738793245033,0.2820133194925467,0.06411058509300809,0.15821274341870187,0.31633652259663286
True,0.0,0.0,5192.509650873193,rowcol,0.48202498869312366,0.04900733491500949,0.09289136903055085,0.223445153566082,0.18280738793245033,0.2820133194925467,0.06411058509300809,0.15821274341870187,0.31633652259663286
True,5.0,0.0,5192.509650873193,rowcol,0.48202498869312366,0.04900733491500949,0.09289136903055085,0.223445153566082,0.18280738793245033,0.2820133194925467,0.06411058509300809,0.15821274341870187,0.31633652259663286
True,10.0,0.0,5192.509650873193,rowcol,0.48202498869312366,0.04900733491500949,0.09289136903055085,0.223445153566082,0.18280738793245033,0.2820133194925467,0.06411058509300809,0.15821274341870187,0.31633652259663286
True,15.0,0.0,5192.509650873193,rowcol,0.48202498869312366,0.04900733491500949,0.09289136903055085,0.223445153566082,0.18280738793245033,0.2820133194925467,0.06411058509300809,0.15821274341870187,0.31633652259663286
True,20.0,0.0,5192.509650873193,rowcol,0.48202498869312366,0.04900733491500949,0.09289136903055085,0.223445153566082,0.18280738793245033,0.2820133194925467,0.06411058509300809,0.15821274341870187,0.31633652259663286
True,25.0,0.0,5192.509650873193,rowcol,0.48202498869312366,0.04900733491500949,0.09289136903055085,0.223445153566082,0.18280738793245033,0.2820133194925467,0.06411058509300809,0.15821274341870187,0.31633652259663286
True,30.0,0.0,5192.509650873193,rowcol,0.48202498869312366,0.04900733491500949,0.09289136903055085,0.223445153566082,0.18280738793245033,0.2820133194925467,0.06411058509300809,0.15821274341870187,0.31633652259663286
True,35.0,0.0,5192.509650873193,rowcol,0.48202498869312366,0.04900733491500949,0.09289136903055085,0.223445153566082,0.18280738793245033,0.2820133194925467,0.06411058509300809,0.15821274341870187,0.31633652259663286
True,40.0,0.0,5192.509650873193,rowcol,0.48202498869312366,0.04900733491500949,0.09289136903055085,0.223445153566082,0.18280738793245033,0.2820133194925467,0.06411058509300809,0.15821274341870187,0.31633652259663286
True,45.0,0.0,5192.509650873193,rowcol,0.48202498869312366,0.04900733491500949,0.09289136903055085,0.223445153566082,0.18280738793245033,0.2820133194925467,0.06411058509300809,0.15821274341870187,0.31633652259663286
True,50.0,0.0,5192.509650873193,rowcol,0.48202498869312366,0.04900733491500949,0.09289136903055085,0.223445153566082,0.18280738793245033,0.2820133194925467,0.06411058509300809,0.15821274341870187,0.31633652259663286
True,55.0,0.0,5192.509650873193,rowcol,0.48202498869312366,0.04900733491500949,0.09289136903055085,0.223445153566082,0.18280738793245033,0.2820133194925467,0.06411058509300809,0.15821274341870187,0.31633652259663286
True,60.0,0.0,5192.509650873193,rowcol,0.48202498869312366,0.04900733491500949,0.09289136903055085,0.223445153566082,0.18280738793245033,0.2820133194925467,0.06411058509300809,0.15821274341870187,0.31633652259663286
True,65.0,0.0,5192.509650873193,rowcol,0.48202498869312366,0.04900733491500949,0.09289136903055085,0.223445153566082,0.18280738793245033,0.2820133194925467,0.06411058509300809,0.15821274341870187,0.31633652259663286
True,70.0,0.0,5192.509650873193,rowcol,0.48202498869312366,0.04900733491500949,0.09289136903055085,0.223445153566082,0.18280738793245033,0.2820133194925467,0.06411058509300809,0.15821274341870187,0.31633652259663286
True,75.0,0.0,5192.509650873193,rowcol,0.48202498869312366,0.04900733491500949,0.09289136903055085,0.223445153566082,0.18280738793245033,0.2820133194925467,0.06411058509300809,0.15821274341870187,0.31633652259663286
True,80.0,0.0,5192.509650873193,rowcol,0.48202498869312366,0.04900733491500949,0.09289136903055085,0.223445153566082,0.18280738793245033,0.2820133194925467,0.06411058509300809,0.15821274341870187,0.31633652259663286
True,85.0,0.0,5192.509650873193,rowcol,0.48202498869312366,0.04900733491500949,0.09289136903055085,0.223445153566082,0.18280738793245033,0.2820133194925467,0.06411058509300809,0.15821274341870187,0.31633652259663286
True,90.0,0.0,5192.509650873193,rowcol,0.48202498869312366,0.04900733491500949,0.09289136903055085,0.223445153566082,0.18280738793245033,0.2820133194925467,0.06411058509300809,0.15821274341870187,0.31633652259663286
True,-50.0,0.25,5192.509650873193,rowcol,0.475223483416867,0.048647852757220986,0.09044475263547928,0.2259102748656943,0.14456195455159812,0.28202110231673655,0.07656402987569287,0.16452013030648432,0.31635502750117356
True,70.0,0.25,5192.509650873193,rowcol,0.475223483416867,0.048647852757220986,0.09044475263547928,0.2259102748656943,0.14456195455159812,0.28202110231673655,0.07656402987569287,0.16452013030648432,0.31635502750117356
False,15.0,0.25,5192.509650873193,rowcol,0.4971535085521707,0.05023187979601801,0.08843723275318903,0.22805077709530283,0.1751078432357756,0.28649397936999815,0.06047814369946375,0.16345403254535049,0.31648800984849185
False,-45.0,-0.25,5192.509650873193,rowcol,0.4971535085521709,0.05023187979601802,0.0884372327531939,0.22805077709530364,0.17510784323578268,0.28649397936999943,0.06047814369946844,0.16345403254535082,0.31648800984849756
False,75.0,-0.25,5192.509650873193,rowcol,0.4971535085521709,0.05023187979601802,0.0884372327531939,0.22805077709530364,0.17510784323578268,0.28649397936999943,0.06047814369946843,0.16345403254535082,0.31648800984849756
False,45.0,0.25,5192.509650873193,rowcol,0.49715350860985696,0.05023187922508684,0.08854551205955365,0.22951011539495508,0.1754639448671354,0.28689694231809804,0.06047732654146264,0.16658991833030026,0.3180556274545087
False,-75.0,0.25,5192.509650873193,rowcol,0.49715350860985696,0.05023187922508684,0.08854551205955365,0.2295101153949551,0.1754639448671354,0.28689694231809804,0.06047732654146264,0.16658991833030026,0.31805562745450877
False,-15.0,-0.25,5192.509650873193,rowcol,0.49715350860985724,0.05023187922508686,0.08854551205955864,0.22951011539495686,0.17546394486714278,0.28689694231809953,0.06047732654146737,0.16658991833030265,0.3180556274545155
True,-15.0,0.25,5192.509650873193,rowcol,0.47146762804309944,0.04828714229014846,0.09386915189441836,0.22464452594539822,0.14456948919340937,0.2821712026175947,0.08128878008543992,0.16107686733376303,0.31851367783981654
True,-65.0,0.5,5192.509650873193,rowcol,0.5001400198693283,0.05041897272815405,0.08546917903489404,0.23388010884935528,0.10777902845798021,0.27690480953572294,0.08074104054064131,0.1903103003976144,0.3193492878842493
True,55.0,0.5,5192.509650873193,rowcol,0.5001400198693283,0.05041897272815405,0.08546917903489402,0.23388010884935528,0.10777902845798022,0.27690480953572294,0.08074104054064131,0.1903103003976144,0.3193492878842493
True,0.0,0.5,5192.509650873193,rowcol,0.48951990865610245,0.04974730747335298,0.08986324941079993,0.22977456312292305,0.10778255169304912,0.27908523235293153,0.08619647260667651,0.17802825291920346,0.319637812533723
True,-45.0,0.25,5192.509650873193,rowcol,0.47146762809875553,0.048287141746731384,0.09385646727420464,0.2258347804618591,0.1445695256337722,0.2820588380853861,0.08127144991934786,0.16427472862363945,0.3196912477360637
True,75.0,0.25,5192.509650873193,rowcol,0.47146762809875553,0.04828714174673139,0.09385646727420464,0.2258347804618591,0.14456952563377223,0.2820588380853861,0.08127144991934786,0.16427472862363945,0.3196912477360637
False,10.0,0.25,5192.509650873193,rowcol,0.4927592351674186,0.04974291026006679,0.0941042398294754,0.2258857610777278,0.18637066408225586,0.28229025001994307,0.06433137011933755,0.1640693505630654,0.3199900009072032
False,-50.0,-0.25,5192.509650873193,rowcol,0.49275923516741604,0.049742910260067,0.0941042398294769,0.2258857610777332,0.18637066408225306,0.28229025001994984,0.0643313701193416,0.16406935056306937,0.3199900009072101
False,70.0,-0.25,5192.509650873193,rowcol,0.49275923516741604,0.049742910260067,0.09410423982947688,0.2258857610777332,0.18637066408225306,0.28229025001994984,0.06433137011934159,0.16406935056306937,0.3199900009072101
False,-70.0,0.25,5192.509650873193,rowcol,0.4927592353457345,0.04974290849364805,0.09424987274652212,0.2279242749663957,0.18679461330912345,0.2828140648156585,0.06435929375499237,0.16844259053790356,0.3221741477129178
False,50.0,0.25,5192.509650873193,rowcol,0.4927592353457345,0.04974290849364805,0.09424987274652212,0.2279242749663957,0.18679461330912345,0.2828140648156585,0.06435929375499237,0.16844259053790356,0.3221741477129178
False,-10.0,-0.25,5192.509650873193,rowcol,0.4927592353457319,0.04974290849364825,0.09424987274652372,0.22792427496640189,0.18679461330912092,0.2828140648156655,0.06435929375499645,0.16844259053790908,0.32217414771292563
True,-20.0,0.25,5192.509650873193,rowcol,0.46895241314866015,0.04796244943543998,0.09730111623632164,0.22519395215774393,0.14457887077184353,0.2815503431039105,0.0859246877494729,0.16338636069442106,0.32249506839406555
True,-40.0,0.25,5192.509650873193,rowcol,0.4689524131280946,0.04796244963651928,0.09728388286405873,0.2258819616190972,0.14457890909914228,0.28143151599444427,0.08590160268494097,0.16529580732868565,0.32316584448315594
True,80.0,0.25,5192.509650873193,rowcol,0.4689524131280946,0.04796244963651928,0.09728388286405874,0.2258819616190972,0.14457890909914228,0.2814315159944442,0.08590160268494097,0.16529580732868562,0.32316584448315594
False,5.0,0.25,5192.509650873193,rowcol,0.48774459914776663,0.049361339380100885,0.09776229170931951,0.22595951710435702,0.19110442144220485,0.28286648156567246,0.06813668131985215,0.16342040138615255,0.3237218088136765
False,-55.0,-0.25,5192.509650873193,rowcol,0.48774459914776186,0.04936133938010122,0.09776229170931774,0.2259595171043652,0.19110442144219242,0.28286648156568234,0.06813668131985552,0.16342040138615913,0.32372180881368295
False,65.0,-0.25,5192.509650873193,rowcol,0.48774459914776186,0.04936133938010122,0.09776229170931774,0.2259595171043652,0.19110442144219242,0.28286648156568234,0.06813668131985552,0.16342040138615913,0.32372180881368295
True,-60.0,0.5,5192.509650873193,rowcol,0.4895199092971626,0.04974730116523802,0.08990008429759912,0.23422908248755583,0.10778255513811962,0.27908024804208786,0.08624187083947908,0.18841858737540984,0.32412916678515497
True,60.0,0.5,5192.509650873193,rowcol,0.4895199092971626,0.04974730116523802,0.08990008429759912,0.23422908248755583,0.10778255513811962,0.27908024804208786,0.08624187083947907,0.18841858737540984,0.32412916678515497
True,-5.0,0.5,5192.509650873193,rowcol,0.47869160025118324,0.04906206281893153,0.09461984682835739,0.22974121758058438,0.1077860254786746,0.2813616987821468,0.09201716622338524,0.1749082125990371,0.32436106440894175
True,-25.0,0.25,5192.509650873193,rowcol,0.46757460406424806,0.04773168756853726,0.09984456981123921,0.2256311335096852,0.14458674054138734,0.2806038243666485,0.08930547690902915,0.16584760895042136,0.3254757033209244
True,-35.0,0.25,5192.509650873193,rowcol,0.46757460403065215,0.04773168789763919,0.09983270822846824,0.225929160031185,0.14458676513983343,0.2805272097591266,0.08928979054688807,0.16670134664751232,0.32576186825965325
True,85.0,0.25,5192.509650873193,rowcol,0.46757460403065215,0.04773168789763919,0.09983270822846824,0.225929160031185,0.14458676513983343,0.2805272097591266,0.08928979054688807,0.16670134664751232,0.32576186825965325
False,-65.0,0.25,5192.509650873193,rowcol,0.48774459943303927,0.04936133656129188,0.09793515133539504,0.22842323304220769,0.19157684016830306,0.28346843400772775,0.06818832960350374,0.16876155131771556,0.32635838437760273
False,55.0,0.25,5192.509650873193,rowcol,0.48774459943303927,0.04936133656129188,0.09793515133539504,0.22842323304220769,0.19157684016830306,0.28346843400772775,0.06818832960350374,0.16876155131771556,0.32635838437760273
False,-5.0,-0.25,5192.509650873193,rowcol,0.4877445994330345,0.049361336561292206,0.09793515133539332,0.22842323304221626,0.1915768401682908,0.2834684340077377,0.06818832960350714,0.16876155131772289,0.32635838437760956
False,0.0,0.25,5192.509650873193,rowcol,0.48238635362301774,0.04906598073664439,0.09973471182017254,0.22741956294066853,0.19073699056234472,0.28649320996952277,0.0716151818291902,0.16182802066393706,0.3271542747608411
False,-60.0,-0.25,5192.509650873193,rowcol,0.4823863536230119,0.049065980736644775,0.09973471182016812,0.22741956294067728,0.19073699056232535,0.2864932099695332,0.07161518182919228,0.16182802066394422,0.3271542747608454
False,60.0,-0.25,5192.509650873193,rowcol,0.4823863536230119,0.049065980736644775,0.09973471182016812,0.22741956294067728,0.19073699056232535,0.2864932099695332,0.07161518182919228,0.16182802066394422,0.3271542747608454
True,-30.0,0.25,5192.509650873193,rowcol,0.4671448318126943,0.04764761139070518,0.10077424461789951,0.2258667914549409,0.14458982843256904,0.2801128895919123,0.09053072702750765,0.167131124078184,0.32818952530863943
True,90.0,0.25,5192.509650873193,rowcol,0.4671448318126943,0.04764761139070518,0.10077424461789951,0.2258667914549409,0.14458982843256904,0.28011288959191233,0.09053072702750765,0.167131124078184,0.32818952530863943
True,-55.0,0.5,5192.509650873193,rowcol,0.4786916007966654,0.04906205749673889,0.09464450741643993,0.23389377963178232,0.10778604625034778,0.28131632104651355,0.09204714116038497,0.18482089549987385,0.32853828704822224
True,65.0,0.5,5192.509650873193,rowcol,0.4786916007966654,0.04906205749673889,0.09464450741643993,0.23389377963178232,0.10778604625034778,0.28131632104651355,0.09204714116038495,0.18482089549987385,0.32853828704822224
False,-60.0,0.25,5192.509650873193,rowcol,0.4823863539482878,0.04906597753878999,0.09991626235601599,0.2300257550074509,0.19123128609103843,0.2871156376945455,0.07167407382106507,0.1675794130524223,0.3299420173634669
False,60.0,0.25,5192.509650873193,rowcol,0.4823863539482878,0.04906597753878999,0.09991626235601599,0.2300257550074509,0.19123128609103843,0.2871156376945455,0.07167407382106507,0.1675794130524223,0.3299420173634669
False,0.0,-0.25,5192.509650873193,rowcol,0.48238635394828205,0.04906597753879038,0.09991626235601155,0.23002575500745956,0.19123128609101914,0.2871156376945559,0.07167407382106716,0.1675794130524292,0.3299420173634711
True,-10.0,0.5,5192.509650873193,rowcol,0.4689853246443827,0.0483422415381182,0.10055567931996819,0.22991945944390865,0.10779463184550221,0.28290185073512514,0.09917925719463776,0.17324218093998864,0.3315864974038132
False,-65.0,-0.25,5192.509650873193,rowcol,0.47695819731061945,0.048764717921487434,0.10150578169352477,0.22866289430031486,0.189506290462367,0.28967444574054274,0.07506937766558483,0.16028347374388163,0.33318023938088914
False,55.0,-0.25,5192.509650873193,rowcol,0.47695819731061945,0.048764717921487434,0.10150578169352477,0.2286628943003149,0.189506290462367,0.28967444574054274,0.07506937766558483,0.16028347374388163,0.33318023938088914
False,-5.0,0.25,5192.509650873193,rowcol,0.47695819731062455,0.04876471792148711,0.10150578169353061,0.22866289430030792,0.18950629046238812,0.2896744457405345,0.07506937766558444,0.16028347374387578,0.33318023938089975
True,-50.0,0.5,5192.509650873193,rowcol,0.468985324979316,0.04834223828881087,0.10055543437848834,0.2332694932353734,0.10779469319310436,0.28276245212722284,0.09917895143275292,0.18148230920174926,0.33493579637083837
True,70.0,0.5,5192.509650873193,rowcol,0.468985324979316,0.04834223828881087,0.10055543437848834,0.2332694932353734,0.10779469319310436,0.28276245212722284,0.09917895143275292,0.18148230920174926,0.33493579637083837
True,-30.0,-0.25,5192.509650873193,rowcol,0.49739080892728105,0.05038504551998971,0.10320780604980495,0.22612024603969655,0.22174052849253548,0.2851529917823209,0.06025796693141962,0.16046101027986795,0.3357436641891114
True,90.0,-0.25,5192.509650873193,rowcol,0.49739080892728105,0.05038504551998971,0.10320780604980495,0.22612024603969655,0.22174052849253548,0.2851529917823209,0.06025796693141962,0.16046101027986795,0.3357436641891114
False,5.0,-0.25,5192.509650873193,rowcol,0.47695819759034896,0.04876471518550708,0.10167227675314995,0.23109782232774995,0.1899826832080195,0.2902623157442027,0.0751162589860612,0.1657257805127755,0.33611465258719975
False,-55.0,0.25,5192.509650873193,rowcol,0.4769581975903541,0.048764715185506756,0.10167227675315584,0.2310978223277435,0.18998268320804076,0.29026231574419464,0.07511625898606084,0.16572578051277082,0.33611465258721096
False,65.0,0.25,5192.509650873193,rowcol,0.4769581975903541,0.048764715185506756,0.10167227675315584,0.2310978223277435,0.18998268320804076,0.29026231574419464,0.07511625898606084,0.16572578051277082,0.33611465258721096
True,-35.0,-0.25,5192.509650873193,rowcol,0.49695249696768196,0.05030521853120961,0.103488708648427,0.22604078716772097,0.22174353529665902,0.2849014204204556,0.06082289446867477,0.16063062640867998,0.33650691311300196
True,85.0,-0.25,5192.509650873193,rowcol,0.49695249696768196,0.05030521853120961,0.103488708648427,0.226040787167721,0.221743535296659,0.2849014204204556,0.06082289446867477,0.16063062640867998,0.33650691311300196
False,20.0,0.5,5192.509650873193,rowcol,0.5193248504912816,0.05252782071861387,0.08836622017107479,0.24826974762301005,0.14477432811846136,0.3131692178808269,0.07356248518898811,0.17605299302793878,0.33663596779408483
False,-40.0,-0.5,5192.509650873193,rowcol,0.5193248504912878,0.052527820718613526,0.0883662201710999,0.24826974762300222,0.144774328118501,0.31316921788081425,0.07356248518900954,0.1760529930279372,0.3366359677941021
False,80.0,-0.5,5192.509650873193,rowcol,0.5193248504912878,0.052527820718613526,0.0883662201710999,0.2482697476230022,0.14477432811850102,0.31316921788081425,0.07356248518900954,0.1760529930279372,0.3366359677941021
True,-25.0,-0.25,5192.509650873193,rowcol,0.49695249693323196,0.05030521887153224,0.10347726474126584,0.2263382768788724,0.221743551335951,0.28482596181465847,0.060799859939875814,0.16151194965228996,0.33677007110266993
False,25.0,0.5,5192.509650873193,rowcol,0.5237498545447896,0.05331828650819205,0.08063173227053644,0.25631897211067123,0.11445003675036158,0.32808716573296504,0.07279370168448795,0.17443286667906088,0.33695070438120767
False,-35.0,-0.5,5192.509650873193,rowcol,0.5237498545447996,0.05331828650819138,0.08063173227056733,0.25631897211065224,0.11445003675040201,0.32808716573293445,0.07279370168451682,0.17443286667905786,0.33695070438121955
False,85.0,-0.5,5192.509650873193,rowcol,0.5237498545447996,0.05331828650819138,0.08063173227056733,0.25631897211065224,0.11445003675040202,0.32808716573293445,0.07279370168451682,0.17443286667905786,0.33695070438121955
True,10.0,0.75,5192.509650873193,rowcol,0.5234176681076256,0.052212179359591326,0.09616422855510849,0.24134762358166464,0.07467770947848773,0.27743213679634665,0.0995824635816147,0.20616843452777653,0.33751185213677315
False,-85.0,0.5,5192.509650873193,rowcol,0.52374985447672,0.05331828717684487,0.08069327832464883,0.25705491125387786,0.11482467222001741,0.3283245344843874,0.07276678521404582,0.17604356518510308,0.3377481895785267
False,35.0,0.5,5192.509650873193,rowcol,0.52374985447672,0.05331828717684487,0.08069327832464883,0.25705491125387786,0.11482467222001741,0.3283245344843874,0.0727667852140458,0.17604356518510308,0.3377481895785267
False,-25.0,-0.5,5192.509650873193,rowcol,0.5237498544767301,0.0533182871768442,0.08069327832467983,0.25705491125385976,0.11482467222005821,0.3283245344843571,0.07276678521407474,0.17604356518510203,0.3377481895785396
False,-90.0,0.5,5192.509650873193,rowcol,0.5252931840663531,0.053620050319981995,0.0778113170043309,0.2600653017309412,0.10169511205516389,0.33448278312484064,0.07261624308911975,0.17442641253350866,0.33787661873527214
False,30.0,0.5,5192.509650873193,rowcol,0.5252931840663531,0.053620050319982,0.0778113170043309,0.2600653017309412,0.10169511205516389,0.3344827831248407,0.07261624308911974,0.17442641253350866,0.33787661873527214
False,-30.0,-0.5,5192.509650873193,rowcol,0.5252931840663644,0.053620050319981204,0.07781131700436411,0.2600653017309181,0.10169511205520215,0.3344827831248027,0.07261624308915207,0.17442641253350633,0.3378766187352822
False,90.0,-0.5,5192.509650873193,rowcol,0.5252931840663644,0.053620050319981204,0.07781131700436411,0.2600653017309181,0.10169511205520215,0.3344827831248027,0.07261624308915207,0.17442641253350633,0.3378766187352822
False,-80.0,0.5,5192.509650873193,rowcol,0.5193248504488601,0.05252782113802143,0.08849360164014032,0.24991442602180466,0.14536171222410307,0.31366273936508676,0.07353237532938076,0.1795631137566766,0.338408027661945
False,40.0,0.5,5192.509650873193,rowcol,0.5193248504488601,0.05252782113802143,0.08849360164014031,0.24991442602180466,0.14536171222410305,0.31366273936508676,0.07353237532938077,0.1795631137566766,0.338408027661945
False,-20.0,-0.5,5192.509650873193,rowcol,0.5193248504488663,0.05252782113802108,0.08849360164016562,0.24991442602179834,0.1453617122241432,0.31366273936507455,0.07353237532940228,0.1795631137566783,0.338408027661964
True,80.0,-0.25,5192.509650873193,rowcol,0.49556303588999695,0.05008446666019708,0.10426978128385049,0.22601561434605574,0.22175121314868002,0.28410372382517557,0.0623751349449631,0.16174970841981787,0.33882495819760716
True,-40.0,-0.25,5192.509650873193,rowcol,0.495563035889997,0.05008446666019708,0.1042697812838505,0.22601561434605577,0.22175121314868002,0.28410372382517557,0.0623751349449631,0.16174970841981787,0.3388249581976073
True,15.0,0.75,5192.509650873193,rowcol,0.5339451968372925,0.053227030095399766,0.09561636975277185,0.24336739056223516,0.07465515281793489,0.28447625919324665,0.09895989380623539,0.20243272761360487,0.338983760315007
True,-20.0,-0.25,5192.509650873193,rowcol,0.4955630358686914,0.05008446687100643,0.10425369982041978,0.22670113185575347,0.221751238137576,0.283985965118583,0.062343330277682185,0.16367825338908026,0.3394622313170128
False,15.0,0.5,5192.509650873193,rowcol,0.5125245020391351,0.051519880208410695,0.0985977117333207,0.24086492333647153,0.17782986559423122,0.29835197505145666,0.0756918125974093,0.17873703445764777,0.33946263506979224
False,-45.0,-0.5,5192.509650873193,rowcol,0.512524502039136,0.05151988020841075,0.09859771173333833,0.24086492333647566,0.17782986559425956,0.2983519750514617,0.07569181259742432,0.17873703445765093,0.339462635069814
False,75.0,-0.5,5192.509650873193,rowcol,0.512524502039136,0.05151988020841075,0.09859771173333833,0.24086492333647566,0.17782986559425956,0.29835197505146166,0.07569181259742432,0.17873703445765093,0.339462635069814
True,5.0,0.75,5192.509650873193,rowcol,0.5098200970632994,0.05119969277489238,0.1000618998716752,0.24084314149698124,0.07469178265030868,0.2761702998195083,0.10402172895752819,0.20650682513170346,0.3410288411120068
True,-75.0,0.75,5192.509650873193,rowcol,0.5339451970121297,0.05322702834152575,0.09557900706938861,0.24665001461344963,0.07465536451763587,0.2841417669242563,0.09891718317593405,0.21000065388493008,0.34222902168283825
True,45.0,0.75,5192.509650873193,rowcol,0.5339451970121297,0.05322702834152575,0.09557900706938861,0.24665001461344963,0.07465536451763587,0.2841417669242563,0.09891718317593404,0.2100006538849301,0.34222902168283825
True,-70.0,0.75,5192.509650873193,rowcol,0.5234176686468799,0.05221217395366376,0.09616384622390575,0.24612229601499439,0.07467784230804764,0.2772188869879688,0.09958200891859786,0.21654056190623458,0.34228614223890014
True,50.0,0.75,5192.509650873193,rowcol,0.5234176686468799,0.05221217395366376,0.09616384622390575,0.24612229601499439,0.07467784230804764,0.2772188869879688,0.09958200891859786,0.21654056190623458,0.34228614223890014
False,-75.0,0.5,5192.509650873193,rowcol,0.5125245021558061,0.05151987904775619,0.09879188182965418,0.24361402480679795,0.1785305001073112,0.29911228028085385,0.07569050691423408,0.1844366666943257,0.3424059066364521
False,45.0,0.5,5192.509650873193,rowcol,0.5125245021558061,0.05151987904775619,0.09879188182965416,0.24361402480679792,0.1785305001073112,0.29911228028085385,0.07569050691423408,0.1844366666943257,0.3424059066364521
False,-15.0,-0.5,5192.509650873193,rowcol,0.512524502155807,0.05151987904775625,0.09879188182967198,0.24361402480680389,0.17853050010734,0.2991122802808594,0.0756905069142492,0.18443666669433245,0.34240590663647585
True,-45.0,-0.25,5192.509650873193,rowcol,0.49306432490349417,0.04977076115608543,0.10547479780131958,0.22599502318297973,0.22176031516545885,0.2831288745337708,0.0647204562058786,0.16312839161434461,0.3424194165869385
True,75.0,-0.25,5192.509650873193,rowcol,0.49306432490349417,0.04977076115608543,0.10547479780131958,0.22599502318297973,0.22176031516545885,0.2831288745337708,0.0647204562058786,0.1631283916143446,0.3424194165869385
False,-70.0,-0.25,5192.509650873193,rowcol,0.4717652119141674,0.04836493224322544,0.10475666639533647,0.22823430317490398,0.19177112958886536,0.28926789332189023,0.07918817932046494,0.15977556007286844,0.34250430236091334
False,50.0,-0.25,5192.509650873193,rowcol,0.4717652119141674,0.04836493224322544,0.10475666639533647,0.22823430317490398,0.19177112958886533,0.28926789332189023,0.07918817932046494,0.15977556007286844,0.34250430236091334
False,-10.0,0.25,5192.509650873193,rowcol,0.47176521191417053,0.04836493224322527,0.10475666639534204,0.2282343031749006,0.19177112958888187,0.28926789332188657,0.07918817932046633,0.15977556007286522,0.3425043023609267
True,-15.0,-0.25,5192.509650873193,rowcol,0.49306432496165886,0.049770760579864674,0.10546350914771131,0.22717819768765515,0.22176033892158056,0.28301689022066884,0.06469868837792665,0.166286793497484,0.34356872513078907
True,20.0,0.75,5192.509650873193,rowcol,0.5411318180092264,0.05413398112712224,0.0979451162671858,0.24630751978796056,0.07462838441066048,0.2933883371468581,0.10162041008836242,0.1982382942311976,0.34425263605514633
False,10.0,-0.25,5192.509650873193,rowcol,0.4717652120872377,0.048364930555049084,0.10488750957777795,0.23025204947981723,0.19218316595017704,0.28977911769224646,0.07921086540949007,0.164263184031396,0.3449145782131511
False,-50.0,0.25,5192.509650873193,rowcol,0.47176521208724076,0.04836493055504891,0.10488750957778359,0.23025204947981476,0.1921831659501938,0.28977911769224296,0.07921086540949152,0.16426318403139467,0.3449145782131655
False,70.0,0.25,5192.509650873193,rowcol,0.47176521208724076,0.04836493055504891,0.10488750957778359,0.23025204947981476,0.1921831659501938,0.28977911769224296,0.07921086540949152,0.16426318403139467,0.3449145782131655
True,-80.0,0.75,5192.509650873193,rowcol,0.5411318179456248,0.05413398176289433,0.09789374694716942,0.24819031478569598,0.07462860716679086,0.2930461121612137,0.10156184241039866,0.20293159653659845,0.3460840617328654
True,40.0,0.75,5192.509650873193,rowcol,0.5411318179456248,0.05413398176289433,0.09789374694716942,0.24819031478569595,0.07462860716679089,0.29304611216121373,0.10156184241039866,0.20293159653659845,0.3460840617328654
True,-65.0,0.75,5192.509650873193,rowcol,0.509820097915724,0.051199684286887905,0.10009687902424864,0.24676566368258757,0.07469182761299852,0.276100950597334,0.10406150324863779,0.21907492785588334,0.34705630075533345
True,55.0,0.75,5192.509650873193,rowcol,0.509820097915724,0.051199684286887905,0.10009687902424864,0.24676566368258757,0.07469182761299853,0.2761009505973341,0.10406150324863778,0.2190749278558833,0.34705630075533345
True,-50.0,-0.25,5192.509650873193,rowcol,0.48936635218125596,0.049419509260241905,0.1070376329441067,0.22603431058385176,0.22176754274987284,0.2827391642322905,0.06768170918191913,0.16379568146086015,0.34714720941617183
True,70.0,-0.25,5192.509650873193,rowcol,0.4893663521812559,0.04941950926024191,0.1070376329441067,0.22603431058385176,0.22176754274987284,0.2827391642322905,0.06768170918191913,0.16379568146086015,0.34714720941617183
True,-10.0,-0.25,5192.509650873193,rowcol,0.4893663523608081,0.04941950748226372,0.10703751822413357,0.22774404740237275,0.22176755765950248,0.2826694334069296,0.06768148577835705,0.16819779616720837,0.3488566020747734
True,25.0,0.75,5192.509650873193,rowcol,0.5451856330690953,0.0547698651922659,0.10064048966078647,0.24870010116421506,0.07460642355222333,0.299323628102195,0.1046906604741721,0.19626578359807692,0.35062157014657447
True,-85.0,0.75,5192.509650873193,rowcol,0.5451856329671222,0.054769866207317774,0.10060518191691595,0.2495104771168159,0.07460656656696106,0.29910811061958414,0.10465051258168863,0.1984237876693043,0.35132602286756376
True,35.0,0.75,5192.509650873193,rowcol,0.5451856329671222,0.054769866207317774,0.10060518191691596,0.2495104771168159,0.07460656656696109,0.29910811061958414,0.10465051258168863,0.19842378766930427,0.35132602286756376
True,-55.0,-0.25,5192.509650873193,rowcol,0.48459246605761896,0.049068643820278625,0.10881567417156675,0.2261721224791784,0.2217711698472089,0.28341124778410504,0.07095262098862187,0.16316788240961305,0.3526191449938786
True,65.0,-0.25,5192.509650873193,rowcol,0.48459246605761896,0.049068643820278625,0.10881567417156675,0.2261721224791784,0.2217711698472089,0.28341124778410504,0.07095262098862187,0.16316788240961305,0.3526191449938786
True,-5.0,-0.25,5192.509650873193,rowcol,0.4845924663447472,0.049068640984655354,0.10882639705678725,0.2282902941411602,0.22177117489497117,0.2833887239170398,0.07097205901598974,0.16854282839566775,0.35476948531152197
True,-15.0,0.5,5192.509650873193,rowcol,0.46142532684480747,0.047612144605443024,0.10802955832905918,0.2306993989151241,0.10781018638091683,0.28348859905918866,0.10806949716852403,0.17434090948952566,0.3547880739023016
True,-90.0,0.75,5192.509650873193,rowcol,0.5464772514885814,0.05499887160575477,0.10172236510968398,0.24977071914640878,0.0745979759419863,0.301077800093755,0.10592073481173292,0.19651210064009916,0.3549378144754607
True,30.0,0.75,5192.509650873193,rowcol,0.5464772514885814,0.05499887160575478,0.10172236510968398,0.24977071914640878,0.07459797594198628,0.30107780009375495,0.10592073481173292,0.19651210064009916,0.3549378144754607
False,-75.0,-0.25,5192.509650873193,rowcol,0.4671624996878512,0.0478474104073878,0.11011508579158721,0.22580700476851473,0.19941407892024926,0.2843868240607941,0.08418451830965776,0.16079209524613278,0.35615226214327633
False,45.0,-0.25,5192.509650873193,rowcol,0.4671624996878512,0.0478474104073878,0.11011508579158721,0.22580700476851473,0.19941407892024926,0.28438682406079413,0.08418451830965776,0.16079209524613278,0.35615226214327633
False,-15.0,0.25,5192.509650873193,rowcol,0.46716249968785145,0.04784741040738781,0.11011508579159113,0.2258070047685156,0.19941407892025548,0.28438682406079535,0.08418451830966112,0.1607920952461331,0.35615226214328893
True,-45.0,0.5,5192.509650873193,rowcol,0.46142532695325666,0.04761214355442491,0.1080075136168815,0.23301198412470975,0.10781028411125383,0.2832648705847201,0.10804342554997394,0.18020991927077204,0.35703452497535426
True,75.0,0.5,5192.509650873193,rowcol,0.46142532695325666,0.04761214355442491,0.1080075136168815,0.23301198412470975,0.10781028411125387,0.2832648705847201,0.10804342554997394,0.180209919270772,0.35703452497535426
True,0.0,0.75,5192.509650873193,rowcol,0.4941065409729202,0.050203791585294325,0.10553388608288052,0.24085056878645292,0.07469909196846566,0.2789817428350792,0.11022887551131541,0.20332008535443052,0.3574522270350945
False,15.0,-0.25,5192.509650873193,rowcol,0.4671624997440202,0.04784740985897656,0.11020206744445299,0.22728072067007377,0.19972684861395965,0.28479270864349915,0.08418393113407006,0.16397890645116783,0.3578869230034327
False,-45.0,0.25,5192.509650873193,rowcol,0.46716249974402035,0.04784740985897657,0.11020206744445701,0.22728072067007557,0.19972684861396617,0.28479270864350065,0.0841839311340735,0.16397890645117022,0.3578869230034466
False,75.0,0.25,5192.509650873193,rowcol,0.46716249974402035,0.04784740985897657,0.11020206744445701,0.22728072067007557,0.19972684861396617,0.28479270864350065,0.0841839311340735,0.16397890645117022,0.3578869230034466
True,-60.0,-0.25,5192.509650873193,rowcol,0.4791429546870814,0.04872647691551852,0.11063858288199106,0.2263588157331661,0.22177213358768938,0.28481238522553304,0.07421025037505086,0.1615850586477866,0.3582745643791393
True,60.0,-0.25,5192.509650873193,rowcol,0.4791429546870814,0.04872647691551852,0.11063858288199108,0.22635881573316607,0.2217721335876894,0.28481238522553304,0.07421025037505086,0.1615850586477866,0.3582745643791393
True,0.0,-0.25,5192.509650873193,rowcol,0.47914295501455334,0.04872647369538293,0.11065354401535951,0.228630203762402,0.22177213442485158,0.28480994319498254,0.07423661804498952,0.1673722909974921,0.3605908358084805
False,10.0,0.5,5192.509650873193,rowcol,0.5039376327386519,0.050571544173931705,0.1080823491878706,0.23756814606705368,0.2021900574161852,0.29108630748397213,0.07974606811818659,0.1806788102420272,0.3618151936306655
False,-50.0,-0.5,5192.509650873193,rowcol,0.5039376327386472,0.050571544173932136,0.10808234918787997,0.23756814606706628,0.20219005741619347,0.2910863074839877,0.07974606811819777,0.1806788102420367,0.36181519363070613
False,70.0,-0.5,5192.509650873193,rowcol,0.5039376327386472,0.050571544173932136,0.10808234918787997,0.23756814606706633,0.20219005741619347,0.2910863074839877,0.07974606811819777,0.1806788102420367,0.36181519363070624
True,-60.0,0.75,5192.509650873193,rowcol,0.49410654192558434,0.05020378220915757,0.10558093319736332,0.2472030872010016,0.07469909942475063,0.2789742635619162,0.11028212724906453,0.21691084563745208,0.3639458867930916
True,60.0,0.75,5192.509650873193,rowcol,0.49410654192558434,0.05020378220915757,0.10558093319736332,0.2472030872010016,0.0746990994247506,0.2789742635619162,0.11028212724906451,0.21691084563745208,0.3639458867930916
True,55.0,-0.25,5192.509650873193,rowcol,0.4736376597550348,0.048380779242340945,0.11254793175059903,0.2266030790750101,0.22177311227208865,0.28625550226175916,0.07752999061737945,0.16006357330868257,0.36424687432680714
True,-65.0,-0.25,5192.509650873193,rowcol,0.4736376597550348,0.048380779242340945,0.11254793175059903,0.22660307907501012,0.22177311227208865,0.28625550226175916,0.07752999061737945,0.1600635733086826,0.36424687432680725
True,5.0,-0.25,5192.509650873193,rowcol,0.47363766003672547,0.04838077648464848,0.1125582988873472,0.22871727004184125,0.22177311731980667,0.2862332022109189,0.07754777965277206,0.16553937118139042,0.3663921667038828
False,-70.0,0.5,5192.509650873193,rowcol,0.5039376330997122,0.05057154057602109,0.10833584527459375,0.24142182203550902,0.20297099689277795,0.2920852686759941,0.07979111767052036,0.18855538172574735,0.36642935785929026
False,50.0,0.5,5192.509650873193,rowcol,0.5039376330997122,0.05057154057602109,0.10833584527459375,0.24142182203550902,0.20297099689277792,0.2920852686759941,0.07979111767052036,0.18855538172574735,0.36642935785929026
False,-10.0,-0.5,5192.509650873193,rowcol,0.5039376330997075,0.05057154057602151,0.10833584527460328,0.24142182203552304,0.20297099689278666,0.29208526867601003,0.07979111767053161,0.18855538172575953,0.36642935785933284
True,-70.0,-0.25,5192.509650873193,rowcol,0.4687394236502573,0.048021204269889844,0.11481276618993423,0.22705364369847394,0.2217767555134413,0.28734297799574093,0.08135969987840115,0.15959969011826658,0.37149194226827664
True,50.0,-0.25,5192.509650873193,rowcol,0.4687394236502573,0.048021204269889844,0.11481276618993423,0.22705364369847394,0.2217767555134413,0.2873429779957409,0.08135969987840115,0.15959969011826658,0.37149194226827664
False,-80.0,-0.25,5192.509650873193,rowcol,0.4635291442008214,0.04729698771122772,0.11651787535207903,0.22243461762527708,0.21060238437758322,0.2769396364295884,0.08925488564994319,0.1630544938365452,0.3719882436815141
False,40.0,-0.25,5192.509650873193,rowcol,0.4635291442008214,0.04729698771122772,0.11651787535207903,0.22243461762527708,0.21060238437758322,0.27693963642958835,0.0892548856499432,0.1630544938365452,0.3719882436815141
False,-20.0,0.25,5192.509650873193,rowcol,0.46352914420081864,0.04729698771122792,0.11651787535208094,0.22243461762528133,0.21060238437757683,0.27693963642959274,0.08925488564994886,0.16305449383654963,0.37198824368152417
False,20.0,-0.25,5192.509650873193,rowcol,0.46352914418001523,0.04729698791513618,0.1165662027306261,0.22335496564671004,0.2108045895012934,0.27722115186075813,0.08924247935829496,0.1649572477811956,0.3730535738385883
False,-40.0,0.25,5192.509650873193,rowcol,0.4635291441800125,0.047296987915136375,0.11656620273062811,0.22335496564671514,0.21080458950128728,0.2772211518607628,0.08924247935830065,0.16495724778120183,0.3730535738385995
False,80.0,0.25,5192.509650873193,rowcol,0.4635291441800125,0.047296987915136375,0.11656620273062811,0.22335496564671514,0.21080458950128728,0.27722115186076274,0.08924247935830065,0.16495724778120183,0.3730535738385995
True,10.0,-0.25,5192.509650873193,rowcol,0.4687394238244447,0.04802120256962979,0.11481265903114245,0.22875577337680866,0.22177677042245159,0.2872743646677881,0.08135951368649899,0.16411442342074647,0.37319375047023595
True,-5.0,0.75,5192.509650873193,rowcol,0.47793825468458806,0.04917789943902394,0.11176494371342552,0.2404642160603868,0.07470626764806344,0.2820903316033159,0.11726472904756013,0.19882129240261828,0.37575904720066333
True,-20.0,0.5,5192.509650873193,rowcol,0.4563853095131685,0.04695196335488674,0.1156932853178557,0.23183429749164092,0.1078292074925716,0.2826044556911772,0.11706983113399425,0.17827524414563664,0.37891415344520807
True,-40.0,0.5,5192.509650873193,rowcol,0.4563853094729076,0.04695196374623339,0.11566429683872098,0.23316910113990022,0.10782931027206523,0.2823676386601505,0.1170359437438911,0.18176155642766156,0.3801619916560632
True,80.0,0.5,5192.509650873193,rowcol,0.4563853094729076,0.04695196374623339,0.11566429683872098,0.23316910113990022,0.10782931027206523,0.2823676386601505,0.11703594374389112,0.18176155642766156,0.3801619916560632
True,-75.0,-0.25,5192.509650873193,rowcol,0.4649312406467307,0.047659080836506135,0.1175297735915535,0.22779573959487345,0.22178389244508068,0.2879182591636683,0.08582055896393619,0.16067096066788317,0.38038506036953396
True,45.0,-0.25,5192.509650873193,rowcol,0.4649312406467307,0.047659080836506135,0.11752977359155353,0.2277957395948734,0.22178389244508068,0.2879182591636683,0.08582055896393619,0.16067096066788317,0.38038506036953396
True,15.0,-0.25,5192.509650873193,rowcol,0.46493124070316927,0.047659080285927795,0.11751964283598845,0.22896961371893523,0.22178391619867693,0.28780813837564717,0.08580414410211487,0.1638767429388669,0.3815285422269006
True,65.0,0.75,5192.509650873193,rowcol,0.47793825548614616,0.0491778916490345,0.11179625947621735,0.24639593337406773,0.07470631260203535,0.28202243811871264,0.11730001097535772,0.21184602974010133,0.3817847118027198
True,-55.0,0.75,5192.509650873193,rowcol,0.47793825548614616,0.0491778916490345,0.11179625947621735,0.24639593337406776,0.07470631260203535,0.28202243811871264,0.11730001097535774,0.21184602974010133,0.38178471180271983
False,5.0,0.5,5192.509650873193,rowcol,0.49409435846633903,0.04982781665233191,0.11455666536624315,0.2385626211425566,0.2130739222784951,0.2931757012268934,0.08508685577106961,0.1802495507733273,0.38223261724128604
False,-55.0,-0.5,5192.509650873193,rowcol,0.49409435846632976,0.0498278166523326,0.11455666536624384,0.2385626211425731,0.21307392227848043,0.29317570122691294,0.0850868557710774,0.1802495507733408,0.38223261724130464
False,65.0,-0.5,5192.509650873193,rowcol,0.49409435846632976,0.0498278166523326,0.11455666536624384,0.2385626211425731,0.21307392227848043,0.29317570122691294,0.0850868557710774,0.18024955077334076,0.38223261724130464
False,-85.0,-0.25,5192.509650873193,rowcol,0.46120014711217205,0.046868408336824395,0.12176704410484161,0.21975222186789356,0.22064285982829618,0.2704662001910527,0.0930375001940045,0.16547888380432518,0.3850533541824184
False,35.0,-0.25,5192.509650873193,rowcol,0.46120014711217205,0.046868408336824395,0.12176704410484161,0.21975222186789362,0.2206428598282962,0.2704662001910527,0.09303750019400449,0.16547888380432518,0.3850533541824185
False,-25.0,0.25,5192.509650873193,rowcol,0.4612001471121671,0.046868408336824735,0.12176704410484199,0.2197522218678998,0.2206428598282797,0.270466200191058,0.0930375001940122,0.1654788838043332,0.38505335418242576
False,25.0,-0.25,5192.509650873193,rowcol,0.4612001470781118,0.046868408671988125,0.12178742753331477,0.22018170301714438,0.22074016130361693,0.27061034144210055,0.09302697175697684,0.1663295333876505,0.3855439856170887
False,-35.0,0.25,5192.509650873193,rowcol,0.4612001470781068,0.046868408671988465,0.12178742753331519,0.22018170301715118,0.22074016130360058,0.27061034144210594,0.09302697175698456,0.16632953338765957,0.3855439856170967
False,85.0,0.25,5192.509650873193,rowcol,0.4612001470781068,0.046868408671988465,0.12178742753331519,0.22018170301715112,0.22074016130360058,0.2706103414421059,0.09302697175698457,0.16632953338765954,0.3855439856170967
False,-65.0,0.5,5192.509650873193,rowcol,0.4940943590411305,0.04982781095267897,0.11485158247653252,0.24320248101523959,0.21392070480289077,0.29432277627488945,0.08516956605820482,0.1898377176028921,0.3877572284448371
False,55.0,0.5,5192.509650873193,rowcol,0.4940943590411305,0.04982781095267897,0.11485158247653252,0.24320248101523959,0.21392070480289077,0.29432277627488945,0.0851695660582048,0.1898377176028921,0.3877572284448371
False,-5.0,-0.5,5192.509650873193,rowcol,0.49409435904112126,0.04982781095267965,0.11485158247653332,0.24320248101525668,0.21392070480287645,0.2943227762749092,0.08516956605821263,0.1898377176029067,0.38775722844485666
True,-80.0,-0.25,5192.509650873193,rowcol,0.4623805318364241,0.047333806258089646,0.12028941658247139,0.2286585006792216,0.22179300847480016,0.28786860911953643,0.09022392192811461,0.16298528004331211,0.38952675042663576
True,40.0,-0.25,5192.509650873193,rowcol,0.4623805318364241,0.047333806258089646,0.12028941658247139,0.2286585006792216,0.22179300847480016,0.28786860911953643,0.09022392192811461,0.16298528004331214,0.38952675042663576
True,20.0,-0.25,5192.509650873193,rowcol,0.4623805318155662,0.04733380646183949,0.12027547707668867,0.22933611671373594,0.22179303345898715,0.2877523911445704,0.09020193715817615,0.164899371042678,0.39016254794380195
False,-90.0,-0.25,5192.509650873193,rowcol,0.4603982969883034,0.04670618485749195,0.1237983999371227,0.21888621420723745,0.22469805801450715,0.26799118002590433,0.09442747537128915,0.1667474605763551,0.3902814140186055
False,30.0,-0.25,5192.509650873193,rowcol,0.4603982969883034,0.04670618485749195,0.12379839993712267,0.21888621420723745,0.22469805801450715,0.26799118002590433,0.09442747537128914,0.1667474605763551,0.3902814140186055
False,-30.0,0.25,5192.509650873193,rowcol,0.46039829698829765,0.04670618485749233,0.12379839993712255,0.2188862142072444,0.22469805801448686,0.26799118002590955,0.0944274753712977,0.1667474605763649,0.39028141401861205
False,90.0,0.25,5192.509650873193,rowcol,0.46039829698829765,0.04670618485749233,0.12379839993712254,0.2188862142072444,0.2246980580144868,0.26799118002590955,0.0944274753712977,0.16674746057636486,0.39028141401861205
False,-90.0,0.75,5192.509650873193,rowcol,0.5469335159538615,0.05593075670535126,0.10088425572976573,0.2886583166902484,0.06584775426652557,0.36947762076091234,0.10603042668883314,0.19644673076215496,0.39131108387954555
False,30.0,0.75,5192.509650873193,rowcol,0.5469335159538615,0.05593075670535127,0.10088425572976573,0.2886583166902484,0.06584775426652557,0.36947762076091234,0.10603042668883314,0.19644673076215496,0.39131108387954555
False,-30.0,-0.75,5192.509650873193,rowcol,0.5469335159538786,0.05593075670535006,0.10088425572981678,0.2886583166902119,0.0658477542665745,0.36947762076084734,0.10603042668888506,0.19644673076215907,0.3913110838796623
False,90.0,-0.75,5192.509650873193,rowcol,0.5469335159538785,0.05593075670535006,0.10088425572981677,0.28865831669021197,0.06584775426657449,0.36947762076084745,0.10603042668888506,0.19644673076215907,0.3913110838796623
False,25.0,0.75,5192.509650873193,rowcol,0.5446441191154425,0.05548848653686134,0.10284705694543404,0.28293892311348107,0.08992640586220642,0.35988522676197987,0.1050310870275946,0.19610359321684956,0.3914800939497832
False,-35.0,-0.75,5192.509650873193,rowcol,0.5446441191154575,0.05548848653686034,0.10284705694548302,0.2829389231134523,0.08992640586226926,0.35988522676192897,0.1050310870276415,0.1961035932168519,0.39148009394990135
False,85.0,-0.75,5192.509650873193,rowcol,0.5446441191154575,0.05548848653686034,0.10284705694548303,0.2829389231134523,0.08992640586226928,0.35988522676192897,0.1050310870276415,0.1961035932168519,0.39148009394990135
False,-85.0,0.75,5192.509650873193,rowcol,0.5446441190133681,0.055488487538767464,0.10291943685645075,0.2839380284473091,0.09063994775322448,0.3602087283371131,0.10500310595971853,0.19825082676030548,0.39269633901666134
False,35.0,0.75,5192.509650873193,rowcol,0.5446441190133681,0.055488487538767464,0.10291943685645075,0.2839380284473091,0.09063994775322447,0.3602087283371131,0.10500310595971851,0.19825082676030548,0.39269633901666134
False,-25.0,-0.75,5192.509650873193,rowcol,0.5446441190133832,0.055488487538766465,0.10291943685649987,0.28393802844728155,0.09063994775328775,0.3602087283370624,0.10500310595976547,0.19825082676031033,0.39269633901678114
False,-60.0,-0.5,5192.509650873193,rowcol,0.4834688281438851,0.04924470521541202,0.1180587920810738,0.24165147335569304,0.2132031431248006,0.30051949134530015,0.09051449773648869,0.17763436591720716,0.39582784959891437
False,60.0,-0.5,5192.509650873193,rowcol,0.48346882814388503,0.04924470521541202,0.1180587920810738,0.24165147335569304,0.2132031431248006,0.30051949134530015,0.09051449773648869,0.17763436591720713,0.39582784959891437
False,0.0,0.5,5192.509650873193,rowcol,0.48346882814389647,0.04924470521541127,0.1180587920810813,0.24165147335567724,0.2132031431248352,0.3005194913452815,0.09051449773648539,0.17763436591719411,0.39582784959892114
True,35.0,-0.25,5192.509650873193,rowcol,0.4609831350432009,0.04710294959460359,0.12235667994532493,0.22934406717855246,0.22180070038394364,0.2873915863402208,0.09344934956227842,0.16544797924625734,0.39641410701452723
True,-85.0,-0.25,5192.509650873193,rowcol,0.4609831350432009,0.04710294959460359,0.12235667994532495,0.22934406717855246,0.22180070038394367,0.2873915863402208,0.09344934956227843,0.16544797924625734,0.39641410701452734
True,25.0,-0.25,5192.509650873193,rowcol,0.4609831350091246,0.047102949928098416,0.12234700093864881,0.2296372750524871,0.2218007164191018,0.2873167817326386,0.0934343589027661,0.16630376849666345,0.3966782778684335
True,-25.0,0.5,5192.509650873193,rowcol,0.45364693995647204,0.046480107720598074,0.12135872181099437,0.23275315433003993,0.107845055205006,0.2806186204755421,0.12366295412795393,0.18305349361316087,0.39682931976302305
True,-35.0,0.5,5192.509650873193,rowcol,0.4536469398903286,0.046480108366159546,0.12133920385967788,0.23333063143120203,0.10784512116275154,0.28046537841541247,0.12364029770412835,0.1845979374817366,0.39734824301023564
True,85.0,0.5,5192.509650873193,rowcol,0.4536469398903286,0.046480108366159546,0.12133920385967788,0.233330631431202,0.10784512116275154,0.28046537841541247,0.12364029770412835,0.1845979374817366,0.39734824301023564
False,20.0,0.75,5192.509650873193,rowcol,0.5381075066663068,0.05433547274702312,0.10930345133134267,0.27101499955251196,0.13971651639567123,0.3380059994902698,0.10279476803048018,0.19783240872919106,0.39892535354653996
False,-40.0,-0.75,5192.509650873193,rowcol,0.5381075066663165,0.054335472747022634,0.10930345133138539,0.2710149995525021,0.13971651639574414,0.3380059994902508,0.1027947680305158,0.1978324087291934,0.39892535354665826
False,80.0,-0.75,5192.509650873193,rowcol,0.5381075066663165,0.054335472747022634,0.1093034513313854,0.2710149995525021,0.13971651639574417,0.33800599949025084,0.1027947680305158,0.1978324087291934,0.39892535354665826
True,-90.0,-0.25,5192.509650873193,rowcol,0.46054723481196813,0.04701889367879048,0.12311676975274921,0.2296733268559136,0.22180370734897853,0.28708446898872214,0.09462097837799134,0.166732272128982,0.3990236361141612
True,30.0,-0.25,5192.509650873193,rowcol,0.46054723481196813,0.04701889367879048,0.12311676975274924,0.2296733268559136,0.22180370734897853,0.28708446898872214,0.09462097837799134,0.166732272128982,0.3990236361141613
True,-10.0,0.75,5192.509650873193,rowcol,0.4633332675702282,0.04809152318969763,0.12009290867425232,0.24028689827960373,0.07472036385286612,0.284439621253619,0.12662345513604698,0.19558543092226813,0.4005656243023607
False,0.0,-0.5,5192.509650873193,rowcol,0.48346882879296865,0.049244698842915054,0.11836541669900427,0.24652935696920075,0.21408687643290855,0.30169397967658146,0.09060767892318973,0.187997528624133,0.40162560706621353
False,-60.0,0.5,5192.509650873193,rowcol,0.4834688287929801,0.0492446988429143,0.11836541669901175,0.2465293569691852,0.214086876432943,0.30169397967656286,0.09060767892318644,0.18799752862412067,0.4016256070662204
False,60.0,0.5,5192.509650873193,rowcol,0.4834688287929801,0.0492446988429143,0.11836541669901175,0.2465293569691852,0.21408687643294302,0.30169397967656286,0.09060767892318644,0.18799752862412067,0.4016256070662204
False,-80.0,0.75,5192.509650873193,rowcol,0.5381075066023476,0.05433547338043757,0.10945792551620165,0.2732638705953607,0.14062836449876834,0.3386755158828541,0.10276244846056667,0.20250937569439675,0.40163764714396566
False,40.0,0.75,5192.509650873193,rowcol,0.5381075066023476,0.05433547338043757,0.10945792551620165,0.2732638705953607,0.14062836449876834,0.33867551588285405,0.10276244846056667,0.20250937569439675,0.40163764714396566
False,-20.0,-0.75,5192.509650873193,rowcol,0.5381075066023573,0.054335473380437094,0.10945792551624461,0.2732638705953529,0.14062836449884183,0.3386755158828357,0.10276244846060244,0.20250937569440333,0.40163764714408673
True,-30.0,0.5,5192.509650873193,rowcol,0.45279822139607434,0.04630745943532948,0.12341708570302959,0.23322645252842214,0.10785125955023446,0.27947698358788897,0.12604744671825724,0.1856134617605413,0.4034777096375109
True,90.0,0.5,5192.509650873193,rowcol,0.45279822139607434,0.04630745943532948,0.12341708570302959,0.23322645252842214,0.10785125955023446,0.27947698358788897,0.12604744671825724,0.1856134617605413,0.4034777096375109
True,-50.0,0.75,5192.509650873193,rowcol,0.46333326805862557,0.0480915184842781,0.1200926007363913,0.2450823314834284,0.0747204966066,0.28423162898305965,0.1266230955649519,0.2064900433713021,0.40536013369260226
True,70.0,0.75,5192.509650873193,rowcol,0.46333326805862557,0.0480915184842781,0.1200926007363913,0.2450823314834284,0.0747204966066,0.28423162898305965,0.1266230955649519,0.2064900433713021,0.40536013369260226
False,55.0,-0.5,5192.509650873193,rowcol,0.4725652241200841,0.048638576136495304,0.12089311683308238,0.24365492485259435,0.21019982115890692,0.306173727294104,0.0960488486162494,0.17452512864674452,0.40633427535184147
False,-65.0,-0.5,5192.509650873193,rowcol,0.4725652241200841,0.048638576136495304,0.1208931168330824,0.24365492485259435,0.21019982115890692,0.306173727294104,0.09604884861624942,0.17452512864674452,0.4063342753518416
False,-5.0,0.5,5192.509650873193,rowcol,0.47256522412009466,0.04863857613649468,0.12089311683309571,0.24365492485258336,0.21019982115895286,0.3061737272940911,0.09604884861625092,0.1745251286467355,0.4063342753518705
False,5.0,-0.5,5192.509650873193,rowcol,0.4725652246726379,0.04863857076796336,0.12117261216816065,0.2482002678121601,0.21105813512740945,0.3072733838651896,0.09612212581171238,0.18441126329132163,0.411718104316642
False,-55.0,0.5,5192.509650873193,rowcol,0.47256522467264855,0.048638570767962734,0.12117261216817407,0.24820026781215007,0.2110581351274555,0.3072733838651768,0.09612212581171393,0.1844112632913149,0.4117181043166723
False,65.0,0.5,5192.509650873193,rowcol,0.47256522467264855,0.048638570767962734,0.12117261216817407,0.24820026781215007,0.2110581351274555,0.3072733838651768,0.09612212581171393,0.1844112632913149,0.4117181043166723
True,10.0,1.0,5192.509650873193,rowcol,0.5376615323648977,0.05335438650736346,0.11921912890073459,0.2572886222004387,0.05274436383279429,0.27974099483078496,0.12765919611996857,0.23676386830340937,0.41494600890264244
True,-40.0,-0.5,5192.509650873193,rowcol,0.5095294537378349,0.05119180940960285,0.12725681282722742,0.23342798549671895,0.2610904810730867,0.28766984331923,0.08197899950075654,0.17526491919923465,0.41519842397840123
True,80.0,-0.5,5192.509650873193,rowcol,0.5095294537378349,0.05119180940960285,0.12725681282722742,0.23342798549671895,0.2610904810730867,0.28766984331923,0.08197899950075654,0.17526491919923468,0.41519842397840123
True,-35.0,-0.5,5192.509650873193,rowcol,0.5123154242142677,0.05162366160550967,0.12731806142208396,0.23354675717315307,0.26107526834828143,0.2891495052293966,0.08210017544223822,0.17349961629701904,0.4155009414394049
True,85.0,-0.5,5192.509650873193,rowcol,0.5123154242142677,0.05162366160550967,0.12731806142208396,0.23354675717315307,0.26107526834828143,0.2891495052293966,0.08210017544223823,0.17349961629701904,0.4155009414394049
True,-30.0,-0.5,5192.509650873193,rowcol,0.5131986702355117,0.051779307459430525,0.1273757541529814,0.23371712503109102,0.26106930337852907,0.2894915887709697,0.08220936022953709,0.17344221964541692,0.4158443874900352
True,90.0,-0.5,5192.509650873193,rowcol,0.5131986702355117,0.051779307459430525,0.1273757541529814,0.23371712503109102,0.26106930337852907,0.2894915887709697,0.08220936022953709,0.17344221964541692,0.4158443874900352
True,-25.0,-0.5,5192.509650873193,rowcol,0.5123154241446789,0.05162366229611203,0.12729945700859654,0.23412228683712888,0.26107529559413495,0.28900078668839124,0.08206604504404483,0.17512836005572432,0.41602065786291853
True,-45.0,-0.5,5192.509650873193,rowcol,0.5045540017172233,0.05057546272473948,0.12766133338553076,0.23332250131561,0.26110847676927057,0.2853918881340911,0.0827088844295504,0.17811509306120957,0.4163065014722023
True,75.0,-0.5,5192.509650873193,rowcol,0.5045540017172233,0.05057546272473948,0.12766133338553076,0.23332250131561,0.2611084767692705,0.2853918881340911,0.0827088844295504,0.17811509306120957,0.4163065014722023
True,-20.0,-0.5,5192.509650873193,rowcol,0.5095294536945978,0.051191809839956165,0.127230458925773,0.23475373412568665,0.2610905235205772,0.2874371996477024,0.08193059924275801,0.1788099499978996,0.4164451109030057
True,-15.0,-0.5,5192.509650873193,rowcol,0.5045540018357374,0.05057546154241157,0.12764267954534483,0.23560932408238178,0.26110851712157906,0.28516965287978724,0.08267481622808551,0.1838636280640283,0.41853736271841624
False,15.0,0.75,5192.509650873193,rowcol,0.5281167977813208,0.05287120638147693,0.11970756160905548,0.26088034477582506,0.19052730535652226,0.31712094316965495,0.10161250419024646,0.20179294431224692,0.4200030296029915
False,-45.0,-0.75,5192.509650873193,rowcol,0.5281167977813227,0.05287120638147706,0.1197075616090882,0.2608803447758345,0.19052730535658186,0.31712094316966627,0.10161250419027165,0.2017929443122545,0.4200030296030991
False,75.0,-0.75,5192.509650873193,rowcol,0.5281167977813227,0.05287120638147706,0.1197075616090882,0.2608803447758345,0.1905273053565819,0.3171209431696662,0.10161250419027165,0.2017929443122545,0.4200030296030991
False,-70.0,-0.5,5192.509650873193,rowcol,0.4620115153997276,0.04782345353435002,0.12616852481667967,0.2420071058768952,0.21204976478321536,0.3044638874872057,0.10307240446408653,0.1728113959109764,0.4205126803269342
False,50.0,-0.5,5192.509650873193,rowcol,0.4620115153997276,0.04782345353435002,0.12616852481667967,0.2420071058768952,0.21204976478321533,0.3044638874872057,0.10307240446408654,0.1728113959109764,0.4205126803269342
False,-10.0,0.5,5192.509650873193,rowcol,0.4620115153997344,0.04782345353434969,0.12616852481669472,0.2420071058768921,0.21204976478325804,0.3044638874872026,0.1030724044640923,0.17281139591097291,0.42051268032697625
True,-50.0,-0.5,5192.509650873193,rowcol,0.4972236619053945,0.04988306965335971,0.12909298415101816,0.2335096807773398,0.2611227001003019,0.284193015414971,0.08528769302343762,0.18016695737989608,0.4207886332303943
True,70.0,-0.5,5192.509650873193,rowcol,0.4972236619053945,0.04988306965335971,0.12909298415101816,0.2335096807773398,0.2611227001003019,0.284193015414971,0.08528769302343762,0.18016695737989608,0.4207886332303943
True,-70.0,1.0,5192.509650873193,rowcol,0.537661533087986,0.05335437922067298,0.11921871810748871,0.26325039478784795,0.05274461458672787,0.2794589747283117,0.12765872367291095,0.2488030661055173,0.4209065491103141
True,50.0,1.0,5192.509650873193,rowcol,0.537661533087986,0.05335437922067298,0.11921871810748871,0.26325039478784795,0.05274461458672787,0.2794589747283117,0.12765872367291095,0.2488030661055173,0.4209065491103141
True,5.0,1.0,5192.509650873193,rowcol,0.5198846369597537,0.052027386774114254,0.12237374278964148,0.2564651890712152,0.05276221268171662,0.2765748535205312,0.13113954305618225,0.23824275677196022,0.4235864174401396
True,15.0,1.0,5192.509650873193,rowcol,0.5514314986923913,0.054684406941482425,0.12110741510265298,0.26062808924103775,0.05272118565682556,0.29181999126896535,0.12974528988388143,0.2311604390705109,0.42395033454899667
True,-10.0,-0.5,5192.509650873193,rowcol,0.4972236622713303,0.04988306600579156,0.12909279409522204,0.23680888703458264,0.2611227254253455,0.2840542504422261,0.08528733878132343,0.18810388021911195,0.42408726932024876
False,45.0,0.75,5192.509650873193,rowcol,0.5281167979580876,0.05287120461579933,0.11994745128195657,0.2646658934802119,0.19150762815975228,0.3181647705490352,0.10161104543779123,0.20934498220909203,0.4245082473260816
False,-75.0,0.75,5192.509650873193,rowcol,0.5281167979580875,0.05287120461579933,0.1199474512819566,0.2646658934802119,0.19150762815975228,0.3181647705490352,0.10161104543779124,0.20934498220909198,0.4245082473260817
False,-15.0,-0.75,5192.509650873193,rowcol,0.5281167979580895,0.052871204615799465,0.11994745128198954,0.2646658934802237,0.19150762815981248,0.31816477054904707,0.10161104543781656,0.20934498220910416,0.4245082473261923
False,10.0,-0.5,5192.509650873193,rowcol,0.4620115157397165,0.04782345024979426,0.1263857493116169,0.24579178709318084,0.21279452297064597,0.3054200659660899,0.10310726170007993,0.1810307049601445,0.4249490350280315
False,-50.0,0.5,5192.509650873193,rowcol,0.4620115157397233,0.04782345024979393,0.12638574931163207,0.2457917870931793,0.21279452297068896,0.3054200659660872,0.10310726170008573,0.18103070496014445,0.4249490350280755
False,70.0,0.5,5192.509650873193,rowcol,0.4620115157397233,0.04782345024979393,0.12638574931163207,0.2457917870931793,0.21279452297068896,0.3054200659660872,0.10310726170008573,0.1810307049601444,0.4249490350280755
True,-75.0,1.0,5192.509650873193,rowcol,0.5514314989269609,0.05468440457610763,0.12106808525432673,0.2647106358623513,0.05272158535537379,0.2913851566670693,0.1297018569066697,0.23999339231594993,0.4279148916253315
True,45.0,1.0,5192.509650873193,rowcol,0.5514314989269609,0.05468440457610763,0.12106808525432676,0.2647106358623513,0.05272158535537379,0.2913851566670693,0.1297018569066697,0.23999339231594993,0.4279148916253316
True,-55.0,-0.5,5192.509650873193,rowcol,0.48774856077152245,0.04918884251492,0.13154410122994403,0.2340730029508691,0.2611297247687226,0.28549680746858375,0.08960258342859143,0.1797787465499763,0.4287053066407012
True,65.0,-0.5,5192.509650873193,rowcol,0.48774856077152245,0.04918884251492,0.13154410122994403,0.2340730029508691,0.2611297247687226,0.28549680746858375,0.08960258342859143,0.17977874654997628,0.4287053066407012
True,-65.0,1.0,5192.509650873193,rowcol,0.5198846380963251,0.05202737541690216,0.12241187929028503,0.2638652730350065,0.05276229754906381,0.2764825193227276,0.13118161078238694,0.25276721944374986,0.43110091090586156
True,55.0,1.0,5192.509650873193,rowcol,0.5198846380963251,0.05202737541690216,0.122411879290285,0.2638652730350065,0.05276229754906381,0.2764825193227276,0.13118161078238694,0.25276721944374986,0.43110091090586156
True,-5.0,-0.5,5192.509650873193,rowcol,0.4877485613537922,0.04918883674122727,0.13156184140610327,0.23815000478329423,0.2611297333426078,0.2854520870834949,0.08963336700457068,0.18943664709083258,0.43283552900160405
True,-15.0,0.75,5192.509650873193,rowcol,0.4519324215060909,0.04698428977449408,0.13117053718938798,0.24124445179085574,0.07474381799332667,0.2859494833022968,0.13900941864637678,0.1959036977057882,0.4347560633590197
True,-45.0,0.75,5192.509650873193,rowcol,0.45193242166408687,0.046984288254762537,0.1311433036258084,0.24455561062998243,0.07474402944189869,0.28561671636496644,0.1389790157495257,0.20371440252887205,0.4379855215074076
True,75.0,0.75,5192.509650873193,rowcol,0.45193242166408687,0.046984288254762537,0.1311433036258084,0.24455561062998243,0.07474402944189873,0.28561671636496644,0.1389790157495257,0.2037144025288721,0.4379855215074076
True,-60.0,-0.5,5192.509650873193,rowcol,0.4768525178923419,0.0485064845877398,0.13445737204479488,0.23466525864936066,0.2611314270530436,0.28846806226620736,0.09457615563820916,0.17719272032994843,0.43803737478374527
True,60.0,-0.5,5192.509650873193,rowcol,0.4768525178923419,0.0485064845877398,0.13445737204479488,0.23466525864936066,0.2611314270530436,0.28846806226620736,0.09457615563820916,0.17719272032994843,0.43803737478374527
True,0.0,1.0,5192.509650873193,rowcol,0.49923268942058313,0.050715930392396885,0.12816082834522075,0.25639917406279616,0.052775326031530026,0.2797895718503775,0.13751898748158284,0.23493217178833561,0.4408816590984584
True,0.0,-0.5,5192.509650873193,rowcol,0.47685251855043154,0.04850647811825973,0.13448199306687933,0.23902865276280877,0.2611314284750038,0.28846324007984786,0.09461753331895005,0.18762932971422247,0.4424746319634467
False,-75.0,-0.5,5192.509650873193,rowcol,0.45259225058884706,0.04676103347482877,0.13538790470881973,0.23661322815647293,0.22322611252968408,0.294317037001425,0.11219672469277576,0.17384095613521125,0.44277694228293213
False,45.0,-0.5,5192.509650873193,rowcol,0.45259225058884706,0.04676103347482877,0.13538790470881973,0.23661322815647293,0.22322611252968408,0.294317037001425,0.11219672469277576,0.17384095613521125,0.44277694228293213
False,-15.0,0.5,5192.509650873193,rowcol,0.4525922505888481,0.04676103347482883,0.13538790470883255,0.23661322815647715,0.22322611252970662,0.2943170370014301,0.11219672469278591,0.17384095613521452,0.44277694228297476
True,20.0,1.0,5192.509650873193,rowcol,0.5608817588681119,0.055872810586483614,0.12678166002908042,0.2655079732309635,0.05269637071031821,0.30612107400026095,0.13600474443814853,0.22576621633076308,0.44585295331820474
False,15.0,-0.5,5192.509650873193,rowcol,0.45259225069941283,0.04676103240468077,0.13552937623639782,0.2394099018300639,0.22378466365329755,0.2950854813727384,0.11219584344344966,0.17969599188040636,0.44599803053925735
False,-45.0,0.5,5192.509650873193,rowcol,0.45259225069941383,0.04676103240468083,0.13552937623641081,0.23940990183006988,0.22378466365332053,0.29508548137274404,0.11219584344345984,0.17969599188041327,0.4459980305393023
False,75.0,0.5,5192.509650873193,rowcol,0.45259225069941383,0.04676103240468083,0.13552937623641081,0.23940990183006988,0.22378466365332053,0.29508548137274404,0.11219584344345984,0.17969599188041327,0.4459980305393023
True,-80.0,1.0,5192.509650873193,rowcol,0.5608817587830365,0.055872811440516194,0.12672874901429734,0.2678355268349547,0.05269679133102682,0.30568369586727845,0.13594640099245692,0.23125916774367708,0.4480217738778467
True,40.0,1.0,5192.509650873193,rowcol,0.5608817587830365,0.055872811440516194,0.12672874901429731,0.26783552683495476,0.05269679133102684,0.30568369586727845,0.13594640099245692,0.23125916774367702,0.4480217738778467
True,55.0,-0.5,5192.509650873193,rowcol,0.4657297367333209,0.047809894230169285,0.13768131978519432,0.23517732952857,0.26113315830180156,0.29156182873039677,0.09990880585618411,0.1741581248556899,0.44822128888415297
True,-65.0,-0.5,5192.509650873193,rowcol,0.4657297367333209,0.047809894230169285,0.13768131978519435,0.23517732952857,0.2611331583018016,0.29156182873039677,0.09990880585618413,0.1741581248556899,0.448221288884153
True,-60.0,1.0,5192.509650873193,rowcol,0.4992326906777592,0.05071591801712347,0.12821248397183765,0.2643375926903856,0.052775340103198544,0.2797796282356965,0.13757590163280578,0.25061551389199,0.44897504460589854
True,60.0,1.0,5192.509650873193,rowcol,0.4992326906777593,0.05071591801712347,0.12821248397183765,0.2643375926903856,0.052775340103198516,0.27977962823569646,0.13757590163280575,0.25061551389198994,0.44897504460589854
False,10.0,0.75,5192.509650873193,rowcol,0.5155312902889378,0.051494210898401886,0.1307951268076379,0.25743116692733975,0.22772554917088916,0.3080284040614553,0.10379257062817941,0.20544954175888835,0.44981654735025345
False,-50.0,-0.75,5192.509650873193,rowcol,0.5155312902889315,0.05149421089840256,0.13079512680765792,0.2574311669273606,0.227725549170918,0.3080284040614812,0.10379257062819766,0.20544954175890398,0.4498165473503344
False,70.0,-0.75,5192.509650873193,rowcol,0.5155312902889315,0.05149421089840256,0.13079512680765792,0.2574311669273606,0.22772554917091803,0.3080284040614812,0.10379257062819766,0.20544954175890398,0.4498165473503344
True,5.0,-0.5,5192.509650873193,rowcol,0.4657297372939846,0.04780988876858535,0.13769826864587542,0.23923555216401382,0.26113316687557403,0.291518038752635,0.09993641380210927,0.18411119746510454,0.4523303581016401
False,-70.0,0.75,5192.509650873193,rowcol,0.5155312908364414,0.051494205417101084,0.13110933230035643,0.26273649525471626,0.22876524023049216,0.3094112760857318,0.10384449152639781,0.2158053502393752,0.45606449215578554
False,50.0,0.75,5192.509650873193,rowcol,0.5155312908364416,0.05149420541710109,0.13110933230035643,0.26273649525471626,0.22876524023049208,0.3094112760857318,0.10384449152639783,0.21580535023937517,0.45606449215578554
False,-10.0,-0.75,5192.509650873193,rowcol,0.5155312908364351,0.05149420541710175,0.1311093323003766,0.26273649525473897,0.22876524023052147,0.30941127608575825,0.10384449152641614,0.21580535023939415,0.45606449215586875
True,-5.0,1.0,5192.509650873193,rowcol,0.47779842442393194,0.04935223457641748,0.13520667525873178,0.25549030507634035,0.05278822077882276,0.2835164431411942,0.1452759985579824,0.2292838311450909,0.4611103308525357
True,-70.0,-0.5,5192.509650873193,rowcol,0.455747530230153,0.047080539587685745,0.14182676646743073,0.23614937886335713,0.261140226888404,0.29439910344143044,0.10654100678075246,0.17255820729908727,0.46162967826564927
True,50.0,-0.5,5192.509650873193,rowcol,0.455747530230153,0.047080539587685745,0.14182676646743075,0.23614937886335707,0.261140226888404,0.29439910344143044,0.10654100678075246,0.17255820729908725,0.4616296782656493
True,10.0,-0.5,5192.509650873193,rowcol,0.4557475305748149,0.047080536251300875,0.1418265928031599,0.23941225486774373,0.2611402522117478,0.29426515133593206,0.10654072214640085,0.18082950589610405,0.46489203327722345
True,25.0,1.0,5192.509650873193,rowcol,0.5662487015997604,0.05670437950259279,0.1321676643636277,0.26945615142059703,0.05267687720091963,0.31515520464308877,0.14193868936793977,0.22391647133477502,0.46595914451148013
True,-85.0,1.0,5192.509650873193,rowcol,0.5662487014638686,0.056704380859604386,0.13213181842710067,0.2704532067625605,0.052677147270104696,0.31488226319981166,0.14189920849444557,0.22643817270564587,0.46684866204386255
True,35.0,1.0,5192.509650873193,rowcol,0.5662487014638685,0.056704380859604386,0.13213181842710067,0.2704532067625605,0.05267714727010471,0.31488226319981166,0.1418992084944456,0.22643817270564587,0.46684866204386255
True,-55.0,1.0,5192.509650873193,rowcol,0.47779842546904205,0.04935222445829383,0.13524119046941824,0.2629179742909373,0.05278830560435692,0.28342637037257695,0.14531397104743132,0.24434171033818708,0.468641545699192
True,65.0,1.0,5192.509650873193,rowcol,0.47779842546904205,0.04935222445829383,0.13524119046941824,0.2629179742909373,0.05278830560435692,0.28342637037257695,0.14531397104743132,0.24434171033818708,0.468641545699192
False,-80.0,-0.5,5192.509650873193,rowcol,0.4451531205231378,0.045627002689889964,0.1468214347447549,0.23014525913427084,0.24183030919000278,0.27998870205697923,0.12176135730032119,0.17771646183729184,0.4706095633685355
False,40.0,-0.5,5192.509650873193,rowcol,0.4451531205231378,0.045627002689889964,0.1468214347447549,0.23014525913427084,0.24183030919000278,0.2799887020569792,0.1217613573003212,0.17771646183729184,0.4706095633685355
False,-20.0,0.5,5192.509650873193,rowcol,0.4451531205231327,0.04562700268989038,0.14682143474476397,0.2301452591342791,0.24183030918999604,0.2799887020569854,0.12176135730033658,0.1777164618373033,0.470609563368571
True,-20.0,0.75,5192.509650873193,rowcol,0.44436656551662745,0.04597814477081886,0.1427623675230408,0.24296545611922923,0.074771688673784,0.28515883362599115,0.15191131396857963,0.20072905027107726,0.47125255868835164
False,20.0,-0.5,5192.509650873193,rowcol,0.44515312048186106,0.04562700309260092,0.14689813610957586,0.2319161954977709,0.24218241005800442,0.28053643217722657,0.12174316883984188,0.18119434505344229,0.4726106038264985
False,-40.0,0.5,5192.509650873193,rowcol,0.4451531204818559,0.045627003092601336,0.14689813610958505,0.23191619549778075,0.24218241005799804,0.2805364321772332,0.12174316883985734,0.18119434505345672,0.47261060382653586
False,80.0,0.5,5192.509650873193,rowcol,0.4451531204818559,0.045627003092601336,0.14689813610958505,0.23191619549778075,0.24218241005799804,0.2805364321772332,0.12174316883985734,0.18119434505345672,0.47261060382653586
True,-40.0,0.75,5192.509650873193,rowcol,0.44436656545768805,0.045978145340452845,0.1427271296377587,0.24487393506999294,0.07477191100299066,0.2848067202050188,0.1518721418612156,0.20536540751490773,0.473055323983269
True,80.0,0.75,5192.509650873193,rowcol,0.44436656545768805,0.045978145340452845,0.1427271296377587,0.24487393506999294,0.07477191100299066,0.2848067202050188,0.1518721418612156,0.20536540751490773,0.473055323983269
True,30.0,1.0,5192.509650873193,rowcol,0.5679664748992355,0.0570032575107311,0.13424651776830035,0.27113212563921124,0.05266953085365656,0.31771796911414957,0.14422732445468744,0.22459416681163755,0.4738716789441123
True,-90.0,1.0,5192.509650873193,rowcol,0.5679664748992355,0.0570032575107311,0.13424651776830038,0.27113212563921124,0.05266953085365656,0.31771796911414957,0.14422732445468744,0.22459416681163755,0.47387167894411236
False,5.0,0.75,5192.509650873193,rowcol,0.5010503097853036,0.05040877930068096,0.13901833742026976,0.2599787750210974,0.24506597165627103,0.31234852298250204,0.10909474860019139,0.20586959725612045,0.47703378728190665
False,-55.0,-0.75,5192.509650873193,rowcol,0.5010503097852903,0.050408779300681966,0.1390183374202752,0.2599787750211212,0.245065971656262,0.3123485229825299,0.1090947486002033,0.20586959725614035,0.4770337872819468
False,65.0,-0.75,5192.509650873193,rowcol,0.5010503097852902,0.050408779300681966,0.1390183374202752,0.2599787750211212,0.245065971656262,0.3123485229825299,0.1090947486002033,0.20586959725614035,0.4770337872819468
True,-75.0,-0.5,5192.509650873193,rowcol,0.44796436876643897,0.04634426894460611,0.14722205303322025,0.23802042904295218,0.26115430842249,0.2968937181878237,0.11486257225558703,0.17369269647881236,0.4796865881426129
True,45.0,-0.5,5192.509650873193,rowcol,0.4479643687664389,0.04634426894460611,0.14722205303322025,0.23802042904295215,0.26115430842249,0.2968937181878237,0.11486257225558703,0.17369269647881236,0.4796865881426129
True,15.0,-0.5,5192.509650873193,rowcol,0.447964368878147,0.04634426786483449,0.14720587768239948,0.24026255789807263,0.2611543487677168,0.2966800987768267,0.11483804287554315,0.17958289198034055,0.48188019094527107
False,-65.0,0.75,5192.509650873193,rowcol,0.5010503106526479,0.050408770679499726,0.13938286419499726,0.26633293748092846,0.2461700384818739,0.3139321546109694,0.10919151609098746,0.21841466444497823,0.4844815300659202
False,55.0,0.75,5192.509650873193,rowcol,0.5010503106526479,0.050408770679499726,0.13938286419499726,0.2663329374809284,0.24617003848187394,0.3139321546109694,0.10919151609098746,0.21841466444497823,0.4844815300659202
False,-5.0,-0.75,5192.509650873193,rowcol,0.5010503106526346,0.05040877067950073,0.13938286419500284,0.266332937480953,0.24617003848186528,0.3139321546109976,0.10919151609099939,0.2184146644449993,0.4844815300659615
True,-10.0,1.0,5192.509650873193,rowcol,0.45828899762495606,0.04789656144768342,0.1453026637632713,0.25472360023167334,0.05280627282460186,0.28669260808182045,0.15637456304187414,0.22433861233368038,0.4906315915214873
False,-85.0,-0.5,5192.509650873193,rowcol,0.44040510793550913,0.044743101584762524,0.1563716414665213,0.2257466154699053,0.2595763417570994,0.26828046037801023,0.12894677693189954,0.1824552836940716,0.4948615398694692
False,35.0,-0.5,5192.509650873193,rowcol,0.4404051079355091,0.044743101584762524,0.1563716414665213,0.2257466154699053,0.25957634175709937,0.26828046037801023,0.12894677693189954,0.1824552836940716,0.4948615398694692
False,-25.0,0.5,5192.509650873193,rowcol,0.44040510793549925,0.04474310158476318,0.15637164146652746,0.22574661546991442,0.25957634175706795,0.26828046037801156,0.12894677693191986,0.18245528369409073,0.49486153986949677
False,-60.0,-0.75,5192.509650873193,rowcol,0.48526758659522445,0.049546509156352725,0.14353188975882913,0.2646573716967532,0.246258975656219,0.32315006890392894,0.11533684241017464,0.20280101387435637,0.4952530409732406
False,60.0,-0.75,5192.509650873193,rowcol,0.48526758659522445,0.049546509156352725,0.14353188975882913,0.2646573716967532,0.246258975656219,0.32315006890392894,0.11533684241017464,0.20280101387435637,0.4952530409732406
False,0.0,0.75,5192.509650873193,rowcol,0.48526758659524155,0.04954650915635162,0.14353188975883838,0.2646573716967325,0.24625897565626395,0.3231500689039047,0.11533684241017075,0.20280101387433924,0.4952530409732476
False,25.0,-0.5,5192.509650873193,rowcol,0.4404051078673769,0.04474310225538583,0.15640338620395094,0.22658154753915352,0.2597417402695874,0.268570106161231,0.12893158401947152,0.18399574389377546,0.4957917061510064
False,-35.0,0.5,5192.509650873193,rowcol,0.4404051078673671,0.04474310225538649,0.15640338620395716,0.22658154753916365,0.2597417402695562,0.26857010616123256,0.1289315840194919,0.18399574389379625,0.4957917061510351
False,85.0,0.5,5192.509650873193,rowcol,0.4404051078673671,0.04474310225538649,0.15640338620395716,0.22658154753916365,0.25974174026955615,0.26857010616123256,0.1289315840194919,0.18399574389379625,0.4957917061510351
True,-50.0,1.0,5192.509650873193,rowcol,0.45828899825618324,0.047896555407907215,0.14530232408686553,0.26074418590466986,0.052806523284558086,0.2864174329471554,0.15637417446707025,0.23701012984872877,0.4966511581652664
True,70.0,1.0,5192.509650873193,rowcol,0.45828899825618324,0.047896555407907215,0.14530232408686553,0.2607441859046699,0.052806523284558086,0.2864174329471554,0.15637417446707025,0.23701012984872877,0.4966511581652665
True,-25.0,0.75,5192.509650873193,rowcol,0.44029160453352256,0.04525459227753299,0.1513466555850862,0.2443800400550831,0.07479460046053023,0.28205748367385586,0.1614352538142699,0.20746259558847446,0.49842000681034165
True,-80.0,-0.5,5192.509650873193,rowcol,0.44277140273266147,0.0456812095760058,0.15293695728083884,0.24034409875037055,0.2611723879309549,0.2982129948786597,0.12336833598717985,0.1776379903690489,0.49915497059288705
True,40.0,-0.5,5192.509650873193,rowcol,0.44277140273266147,0.0456812095760058,0.15293695728083884,0.24034409875037055,0.2611723879309549,0.2982129948786597,0.12336833598717985,0.1776379903690489,0.49915497059288705
True,-35.0,0.75,5192.509650873193,rowcol,0.4402916044361064,0.045254593225315894,0.15132317972994086,0.24520467223776526,0.07479474311545563,0.2818287628943925,0.16140922118126605,0.20950525250055957,0.49917421142758783
True,85.0,0.75,5192.509650873193,rowcol,0.4402916044361064,0.045254593225315894,0.15132317972994086,0.2452046722377653,0.07479474311545563,0.28182876289439257,0.16140922118126602,0.20950525250055957,0.49917421142758783
True,20.0,-0.5,5192.509650873193,rowcol,0.44277140269116266,0.045681209978238886,0.15291502933942797,0.24163189780547104,0.2611724303651333,0.2979885825002399,0.12333617916299744,0.18113656820800375,0.500376985823755
False,0.0,-0.75,5192.509650873193,rowcol,0.48526758756524097,0.04954649965583241,0.1439101928348744,0.2713068741852017,0.24740634334027922,0.32476038794821327,0.1154465373503597,0.2163605912578052,0.5030374526898249
False,-60.0,0.75,5192.509650873193,rowcol,0.485267587565258,0.04954649965583131,0.14391019283488363,0.2713068741851815,0.24740634334032394,0.32476038794818896,0.11544653735035582,0.21636059125778914,0.5030374526898324
False,60.0,0.75,5192.509650873193,rowcol,0.48526758756525806,0.04954649965583131,0.14391019283488363,0.2713068741851815,0.24740634334032394,0.32476038794818896,0.11544653735035582,0.21636059125778914,0.5030374526898324
False,-90.0,-0.5,5192.509650873193,rowcol,0.438777516074214,0.04440922642508586,0.16009384021844067,0.22461592360530946,0.2669234519006817,0.2640983645999604,0.1315858412780221,0.18499969835847707,0.5048974442606314
False,30.0,-0.5,5192.509650873193,rowcol,0.43877751607421406,0.04440922642508586,0.16009384021844067,0.22461592360530946,0.2669234519006817,0.26409836459996044,0.1315858412780221,0.18499969835847707,0.5048974442606314
False,-30.0,0.5,5192.509650873193,rowcol,0.43877751607420246,0.0444092264250866,0.16009384021844575,0.22461592360531876,0.266923451900641,0.2640983645999586,0.13158584127804446,0.1849996983584999,0.504897444260656
False,90.0,0.5,5192.509650873193,rowcol,0.43877751607420246,0.0444092264250866,0.16009384021844575,0.22461592360531876,0.266923451900641,0.2640983645999586,0.13158584127804446,0.1849996983584999,0.504897444260656
False,-65.0,-0.75,5192.509650873193,rowcol,0.46886500927475333,0.048634406026397375,0.14684676496804883,0.26695528434959054,0.24131417934711932,0.3305016074302178,0.1219839198140263,0.19833294708984536,0.507495579253737
False,55.0,-0.75,5192.509650873193,rowcol,0.46886500927475333,0.048634406026397375,0.14684676496804883,0.26695528434959054,0.24131417934711932,0.3305016074302178,0.1219839198140263,0.19833294708984536,0.507495579253737
False,-5.0,0.75,5192.509650873193,rowcol,0.4688650092747697,0.04863440602639649,0.14684676496806967,0.2669552843495786,0.24131417934718963,0.3305016074302034,0.1219839198140306,0.19833294708983568,0.5074955792537876
True,-30.0,0.75,5192.509650873193,rowcol,0.43903746532046634,0.044988628116636196,0.154459678996598,0.24507967823280996,0.07480353055787045,0.2801142136535885,0.16488361345250838,0.21116322083486927,0.5084587152226039
True,90.0,0.75,5192.509650873193,rowcol,0.43903746532046634,0.044988628116636196,0.154459678996598,0.24507967823280996,0.07480353055787045,0.2801142136535885,0.16488361345250835,0.21116322083486927,0.5084587152226039
True,-45.0,-0.75,5192.509650873193,rowcol,0.5164639640803432,0.051419501813690656,0.15539065496997287,0.2449992938811495,0.30069675564950893,0.2887753850748895,0.1098464084857528,0.2009318662050225,0.5111712587910681
True,75.0,-0.75,5192.509650873193,rowcol,0.5164639640803432,0.051419501813690656,0.15539065496997287,0.2449992938811495,0.30069675564950893,0.2887753850748895,0.1098464084857528,0.2009318662050225,0.5111712587910681
True,-50.0,-0.75,5192.509650873193,rowcol,0.5055728628584306,0.05039659812951971,0.15573258333625345,0.2454251841580727,0.30071781715380935,0.286363785124524,0.11040696350951144,0.2047549608165262,0.5126229341668331
True,70.0,-0.75,5192.509650873193,rowcol,0.5055728628584305,0.05039659812951971,0.15573258333625345,0.2454251841580727,0.30071781715380935,0.28636378512452404,0.11040696350951144,0.2047549608165262,0.5126229341668331
False,20.0,1.0,5192.509650873193,rowcol,0.5569667247819176,0.05617302782213819,0.13826933742998163,0.2988094157897352,0.14586128595313755,0.3676198934676767,0.13684010917053172,0.22521443826144072,0.51361742807968
False,-40.0,-1.0,5192.509650873193,rowcol,0.5569667247819309,0.05617302782213759,0.13826933743003958,0.2988094157897244,0.1458612859532451,0.3676198934676519,0.13684010917058007,0.22521443826144866,0.5136174280798431
False,80.0,-1.0,5192.509650873193,rowcol,0.5569667247819309,0.05617302782213759,0.13826933743003958,0.2988094157897244,0.1458612859532451,0.3676198934676519,0.13684010917058007,0.22521443826144866,0.5136174280798431
True,-85.0,-0.5,5192.509650873193,rowcol,0.43994852711454985,0.04520853053227325,0.15726871649795043,0.24219779414057685,0.26118766858020426,0.2980658195247022,0.12964166805604688,0.18241654953355296,0.5140039436344281
True,35.0,-0.5,5192.509650873193,rowcol,0.43994852711454985,0.04520853053227325,0.15726871649795043,0.24219779414057688,0.26118766858020426,0.2980658195247022,0.12964166805604688,0.18241654953355296,0.5140039436344281
True,-15.0,-0.75,5192.509650873193,rowcol,0.5164639642610983,0.05141949999816345,0.15536766742044056,0.24826034101726033,0.30069680820908684,0.2884458782707874,0.10980793232976743,0.2085542621948767,0.5143633432785819
True,25.0,-0.5,5192.509650873193,rowcol,0.43994852704634696,0.045208531195992385,0.1572536556732938,0.2427528047213068,0.2611876958143327,0.2979215519243891,0.12962005666202772,0.1839663407861724,0.5145137717411883
False,5.0,-0.75,5192.509650873193,rowcol,0.4688650100918228,0.04863439814935416,0.14719190425709247,0.27314909674279125,0.24243533268958287,0.33200193156410407,0.12207046833887694,0.21132607810317572,0.5147248095140686
False,65.0,0.75,5192.509650873193,rowcol,0.4688650100918392,0.04863439814935328,0.14719190425711334,0.27314909674278065,0.24243533268965317,0.33200193156408997,0.12207046833888127,0.211326078103169,0.5147248095141207
False,-55.0,0.75,5192.509650873193,rowcol,0.4688650100918392,0.04863439814935328,0.14719190425711337,0.27314909674278065,0.24243533268965317,0.33200193156408997,0.12207046833888127,0.211326078103169,0.5147248095141208
True,-40.0,-0.75,5192.509650873193,rowcol,0.5238899834719154,0.05232744524100176,0.15682835778728263,0.24524362602657843,0.30067001414321126,0.29265773689267355,0.11224911500851972,0.19671233658346518,0.5157286993884262
True,80.0,-0.75,5192.509650873193,rowcol,0.5238899834719155,0.05232744524100176,0.15682835778728263,0.24524362602657845,0.30067001414321126,0.29265773689267355,0.11224911500851972,0.1967123365834652,0.5157286993884264
False,-80.0,1.0,5192.509650873193,rowcol,0.5569667246962442,0.05617302867160639,0.13843217463122476,0.3015178417918222,0.14702502282620153,0.36842251442244905,0.1368077389384671,0.23069039800938654,0.5168143656854964
False,40.0,1.0,5192.509650873193,rowcol,0.5569667246962442,0.056173028671606395,0.13843217463122476,0.3015178417918222,0.1470250228262015,0.36842251442244905,0.13680773893846707,0.23069039800938654,0.5168143656854964
False,-20.0,-1.0,5192.509650873193,rowcol,0.5569667246962575,0.056173028671605785,0.13843217463128296,0.3015178417918141,0.14702502282630953,0.368422514422425,0.1368077389385155,0.23069039800939933,0.516814365685663
True,-10.0,-0.75,5192.509650873193,rowcol,0.5055728634167185,0.050396592528838886,0.15573234724860147,0.2501220306294519,0.300717850139602,0.2861571914286028,0.11040655342266008,0.21519522655954218,0.5173190723752563
True,10.0,1.25,5192.509650873193,rowcol,0.5520999890760895,0.054529748049952045,0.14682826041679228,0.2770085766644546,0.05683375888654545,0.2839222223107049,0.15779551741683526,0.2710577977214589,0.5174933579148314
True,-20.0,-0.75,5192.509650873193,rowcol,0.5238899834062206,0.05232744589872304,0.15679628087751263,0.24713452643447356,0.3006700694329064,0.2923146565640278,0.11219609577638431,0.20144119473763597,0.5175233690670114
False,25.0,1.0,5192.509650873193,rowcol,0.5655564695668528,0.057667416512387354,0.13446199701698125,0.31422648502710776,0.0806633815724023,0.39578140565488484,0.14209018618348432,0.2236986637520057,0.5176124760780515
False,-35.0,-1.0,5192.509650873193,rowcol,0.5655564695668729,0.05766741651238602,0.1344619970170441,0.3142264850270695,0.08066338157247424,0.39578140565481174,0.14209018618354718,0.22369866375201578,0.5176124760782017
False,85.0,-1.0,5192.509650873193,rowcol,0.5655564695668729,0.05766741651238602,0.1344619970170441,0.3142264850270695,0.08066338157247427,0.39578140565481174,0.14209018618354718,0.22369866375201583,0.5176124760782017
False,-85.0,1.0,5192.509650873193,rowcol,0.5655564694307949,0.05766741784673707,0.13453581840596227,0.3154244722761417,0.0817212946743113,0.3961712587144342,0.1420626094698489,0.2262081442762685,0.5190319274940285
False,35.0,1.0,5192.509650873193,rowcol,0.5655564694307947,0.057667417846737075,0.13453581840596227,0.3154244722761417,0.08172129467431127,0.3961712587144342,0.14206260946984886,0.2262081442762685,0.5190319274940285
False,-25.0,-1.0,5192.509650873193,rowcol,0.565556469430815,0.057667417846735736,0.13453581840602524,0.315424472276105,0.0817212946743837,0.39617125871436143,0.1420626094699118,0.22620814427628147,0.5190319274941807
True,-90.0,-0.5,5192.509650873193,rowcol,0.4390734223989396,0.045035786816057494,0.15886338999020513,0.2430211244786361,0.2611936433931911,0.2976561503410973,0.13191820324952863,0.18497704471846327,0.5196112944492515
True,30.0,-0.5,5192.509650873193,rowcol,0.4390734223989396,0.045035786816057494,0.15886338999020516,0.2430211244786361,0.2611936433931912,0.2976561503410973,0.13191820324952863,0.18497704471846327,0.5196112944492516
True,-35.0,-0.75,5192.509650873193,rowcol,0.5280757698104499,0.05296112870525104,0.15852045382235566,0.24551311089277558,0.3006473714744316,0.29469876725504,0.11503569041503629,0.1947588979337677,0.5210744723598426
True,85.0,-0.75,5192.509650873193,rowcol,0.5280757698104499,0.05296112870525104,0.15852045382235566,0.24551311089277558,0.30064737147443155,0.29469876725504,0.11503569041503629,0.1947588979337677,0.5210744723598426
True,-55.0,-0.75,5192.509650873193,rowcol,0.4914819333905031,0.049367500850869585,0.15817017831852354,0.2466510932942996,0.30072809185350985,0.28825507364803804,0.11442557719642849,0.20523447995695532,0.5211616282498701
True,65.0,-0.75,5192.509650873193,rowcol,0.49148193339050306,0.04936750085086958,0.15817017831852354,0.2466510932942996,0.30072809185350985,0.28825507364803804,0.11442557719642849,0.20523447995695532,0.5211616282498701
True,-25.0,-0.75,5192.509650873193,rowcol,0.5280757697051728,0.052961129754969125,0.15849804020686972,0.24633397145383576,0.30064740696394093,0.2944798650498816,0.11499915418104548,0.19693341520941218,0.5218280920744449
True,5.0,1.25,5192.509650873193,rowcol,0.5303117498588147,0.05289985521591313,0.1489602644142941,0.27582888616883267,0.05684435391771748,0.27815940014848295,0.160139867232053,0.27385359569024703,0.522709679411715
False,-70.0,-0.75,5192.509650873193,rowcol,0.45279660477217193,0.047392217396002904,0.15317447222311517,0.2635634888680681,0.24080147608594116,0.3268573569286347,0.1310329179050907,0.19503312298267775,0.5230869055374135
False,50.0,-0.75,5192.509650873193,rowcol,0.45279660477217193,0.04739221739600291,0.1531744722231152,0.2635634888680681,0.24080147608594116,0.32685735692863477,0.13103291790509072,0.19503312298267775,0.5230869055374137
False,-10.0,0.75,5192.509650873193,rowcol,0.452796604772183,0.04739221739600249,0.15317447222314096,0.2635634888680681,0.2408014760860144,0.32685735692863577,0.13103291790510177,0.19503312298267636,0.5230869055374909
False,-90.0,1.0,5192.509650873193,rowcol,0.5685773712680989,0.05824390229209425,0.133818614238166,0.3218244656233782,0.044924307165012674,0.4083988316481518,0.14423483817398533,0.22451011563054515,0.5232803083378761
False,30.0,1.0,5192.509650873193,rowcol,0.5685773712680989,0.058243902292094245,0.13381861423816602,0.32182446562337813,0.044924307165012674,0.4083988316481518,0.14423483817398533,0.22451011563054515,0.5232803083378762
False,-30.0,-1.0,5192.509650873193,rowcol,0.5685773712681215,0.05824390229209263,0.13381861423823005,0.32182446562332845,0.04492430716503066,0.40839883164805735,0.14423483817405455,0.22451011563055853,0.5232803083380186
False,90.0,-1.0,5192.509650873193,rowcol,0.5685773712681215,0.05824390229209263,0.13381861423823005,0.32182446562332845,0.04492430716503065,0.40839883164805735,0.14423483817405455,0.22451011563055848,0.5232803083380186
True,-30.0,-0.75,5192.509650873193,rowcol,0.5294089767874108,0.05318881914700041,0.15920741499581548,0.24577982676250532,0.3006384849846902,0.29497621278910074,0.11615608513071127,0.19502480710553577,0.5234020717499517
True,90.0,-0.75,5192.509650873193,rowcol,0.5294089767874108,0.05318881914700041,0.15920741499581548,0.2457798267625053,0.3006384849846902,0.29497621278910074,0.11615608513071125,0.19502480710553577,0.5234020717499517
True,-70.0,1.25,5192.509650873193,rowcol,0.5520999899844699,0.0545297388528287,0.14682784388670572,0.28392412309001736,0.05683404977559095,0.28357485128436855,0.15779504009171746,0.28421752474293055,0.5244076547501345
True,50.0,1.25,5192.509650873193,rowcol,0.5520999899844699,0.0545297388528287,0.1468278438867057,0.2839241230900174,0.05683404977559095,0.28357485128436855,0.15779504009171746,0.28421752474293055,0.5244076547501345
True,-5.0,-0.75,5192.509650873193,rowcol,0.4914819342747333,0.04936749204784703,0.158192309211856,0.25243738984121755,0.30072810302088826,0.28818863249994825,0.11446173631300816,0.21787598984809556,0.5270143174767856
False,15.0,1.0,5192.509650873193,rowcol,0.5439113639102721,0.054284794958059865,0.14712687986584286,0.2865394451738931,0.21141034915573637,0.3415669688442681,0.13208011737550648,0.23029896964122562,0.5279200847714217
False,-45.0,-1.0,5192.509650873193,rowcol,0.5439113639102754,0.054284794958060094,0.14712687986589024,0.286539445173909,0.21141034915583212,0.3415669688442871,0.13208011737554096,0.23029896964123847,0.5279200847715797
False,75.0,-1.0,5192.509650873193,rowcol,0.5439113639102754,0.054284794958060094,0.14712687986589024,0.286539445173909,0.21141034915583215,0.3415669688442871,0.13208011737554096,0.23029896964123847,0.5279200847715797
False,10.0,-0.75,5192.509650873193,rowcol,0.4527966052719345,0.04739221262115157,0.15344285689226858,0.26874900188340173,0.24178494634219846,0.3281629163900744,0.13107404689744295,0.20591367052912216,0.5290775725602075
False,-50.0,0.75,5192.509650873193,rowcol,0.4527966052719455,0.047392212621151154,0.15344285689229445,0.26874900188340384,0.241784946342272,0.32816291639007594,0.13107404689745408,0.20591367052912504,0.5290775725602872
False,70.0,0.75,5192.509650873193,rowcol,0.4527966052719456,0.047392212621151154,0.15344285689229445,0.26874900188340384,0.241784946342272,0.32816291639007594,0.13107404689745408,0.20591367052912504,0.5290775725602872
True,-65.0,1.25,5192.509650873193,rowcol,0.5303117512785639,0.052899840983174795,0.1489994280789409,0.284419890195426,0.05684445238371357,0.27804463536433827,0.16018293066014144,0.28967281554923857,0.5314181744322487
True,55.0,1.25,5192.509650873193,rowcol,0.530311751278564,0.052899840983174795,0.1489994280789409,0.284419890195426,0.056844452383713544,0.27804463536433827,0.16018293066014144,0.28967281554923857,0.5314181744322487
True,-60.0,-0.75,5192.509650873193,rowcol,0.4751622334599048,0.048348188785704745,0.16168634161716175,0.2478228139673982,0.30073039413876107,0.2929482836278347,0.12009425874992076,0.20222230109270373,0.5328818388188834
True,60.0,-0.75,5192.509650873193,rowcol,0.4751622334599048,0.04834818878570474,0.16168634161716175,0.24782281396739822,0.30073039413876107,0.2929482836278347,0.12009425874992075,0.2022223010927037,0.5328818388188834
False,-75.0,1.0,5192.509650873193,rowcol,0.5439113641480849,0.05428479257527261,0.14738715400830413,0.2911357365116792,0.2125880816808859,0.3428668779480041,0.1320786212060233,0.23911819996338599,0.5332971985365915
False,45.0,1.0,5192.509650873193,rowcol,0.5439113641480849,0.054284792575272606,0.14738715400830413,0.2911357365116792,0.2125880816808859,0.3428668779480041,0.1320786212060233,0.23911819996338599,0.5332971985365915
False,-15.0,-1.0,5192.509650873193,rowcol,0.5439113641480883,0.05428479257527284,0.14738715400835176,0.2911357365116979,0.21258808168098214,0.3428668779480239,0.13207862120605787,0.23911819996340397,0.5332971985367532
True,-15.0,1.0,5192.509650873193,rowcol,0.4430242299876514,0.04640549133024106,0.15942832476922172,0.2557248161939814,0.052831272252690145,0.2895246987729837,0.17187691098637153,0.2233747419686395,0.5340097905016465
True,15.0,1.25,5192.509650873193,rowcol,0.5689938230069675,0.05616392226603415,0.15122223970373133,0.28182615276176015,0.05682938488129081,0.30211689279942017,0.1626279829372036,0.26355531012114053,0.5354928718729541
True,-45.0,1.0,5192.509650873193,rowcol,0.44302423019153836,0.04640548938377101,0.1593984495337524,0.25988446259995013,0.0528316711183771,0.2890864116856075,0.17184412592345286,0.2325037953383167,0.5380798112012073
True,75.0,1.0,5192.509650873193,rowcol,0.44302423019153836,0.046405489383771016,0.1593984495337524,0.2598844625999502,0.052831671118377124,0.28908641168560745,0.17184412592345286,0.2325037953383167,0.5380798112012074
True,0.0,-0.75,5192.509650873193,rowcol,0.47516223445055084,0.04834817904971193,0.16171705354913327,0.25400101763510274,0.30073039599084433,0.292941160943814,0.12014313787637938,0.21588218292821146,0.5391521782825025
True,0.0,1.25,5192.509650873193,rowcol,0.504881920880845,0.05128205650057973,0.15472166631019663,0.27566459653772846,0.05685877715821718,0.2815008738179114,0.166472317981836,0.270658943202358,0.5398295954683183
True,-75.0,1.25,5192.509650873193,rowcol,0.5689938233018452,0.05616391927864273,0.15118286913751258,0.2865429725316884,0.05682984838655651,0.30159180972279115,0.16258467082412179,0.2732462110712766,0.5400915799442262
True,45.0,1.25,5192.509650873193,rowcol,0.5689938233018452,0.05616391927864273,0.1511828691375126,0.2865429725316884,0.05682984838655651,0.3015918097227912,0.16258467082412179,0.2732462110712766,0.5400915799442263
True,55.0,-0.75,5192.509650873193,rowcol,0.4583260352009177,0.04729669580513468,0.16581957987444165,0.24860812393385884,0.3007327388166465,0.29787543464281985,0.12658110936629155,0.19789741544242115,0.5460668635571838
True,-65.0,-0.75,5192.509650873193,rowcol,0.4583260352009177,0.04729669580513468,0.16581957987444168,0.24860812393385884,0.3007327388166465,0.2978754346428198,0.12658110936629158,0.19789741544242115,0.5460668635571839
True,60.0,1.25,5192.509650873193,rowcol,0.5048819224347317,0.051282041202257926,0.154775152821515,0.2848828756627692,0.05685879348456389,0.28148851980961215,0.16653108912270756,0.28770649386678776,0.5492083341273142
True,-60.0,1.25,5192.509650873193,rowcol,0.5048819224347317,0.051282041202257926,0.15477515282151502,0.2848828756627692,0.056858793484563866,0.28148851980961215,0.16653108912270756,0.28770649386678776,0.5492083341273143
False,-75.0,-0.75,5192.509650873193,rowcol,0.43834338395832395,0.045759531254056796,0.16505291366115746,0.25498440949955986,0.2522108411888687,0.311426678596226,0.14357361473209515,0.1952716379538027,0.5501431504830322
False,45.0,-0.75,5192.509650873193,rowcol,0.43834338395832395,0.04575953125405679,0.16505291366115746,0.25498440949955986,0.2522108411888687,0.311426678596226,0.14357361473209518,0.1952716379538027,0.5501431504830322
False,-15.0,0.75,5192.509650873193,rowcol,0.4383433839583263,0.04575953125405695,0.1650529136611812,0.2549844094995695,0.25221084118891374,0.31142667859623735,0.14357361473211294,0.19527163795381053,0.5501431504831131
True,5.0,-0.75,5192.509650873193,rowcol,0.45832603603677524,0.047296687705302064,0.16584068879302472,0.25434998734746195,0.30073274998385235,0.2978111397882947,0.1266137952382062,0.2109791957582209,0.551872053726536
False,15.0,-0.75,5192.509650873193,rowcol,0.4383433841212179,0.045759529693649485,0.16522697994684743,0.2588529971366799,0.2529522207258778,0.31248366364677427,0.14357258162814884,0.20306643098000873,0.5545339369772222
False,-45.0,0.75,5192.509650873193,rowcol,0.43834338412122026,0.04575952969364963,0.16522697994687136,0.2588529971366919,0.2529522207259234,0.31248366364678637,0.14357258162816675,0.20306643098002122,0.5545339369773059
False,75.0,0.75,5192.509650873193,rowcol,0.43834338412122026,0.04575952969364963,0.16522697994687136,0.2588529971366919,0.2529522207259234,0.31248366364678637,0.14357258162816675,0.20306643098002122,0.5545339369773059
False,10.0,1.0,5192.509650873193,rowcol,0.5275128288231496,0.05251031302325841,0.15853176629891977,0.2835332178930228,0.2601313970133737,0.33144281766432193,0.13182910222449618,0.23582365659444413,0.5591285167897821
False,-50.0,-1.0,5192.509650873193,rowcol,0.5275128288231421,0.052510313023259335,0.158531766298951,0.28353321789305275,0.26013139701342813,0.33144281766435957,0.131829102224521,0.23582365659446586,0.5591285167899057
False,70.0,-1.0,5192.509650873193,rowcol,0.5275128288231421,0.052510313023259335,0.158531766298951,0.28353321789305275,0.26013139701342813,0.33144281766435957,0.131829102224521,0.23582365659446586,0.5591285167899057
True,-5.0,1.25,5192.509650873193,rowcol,0.4782726475810254,0.04958445120601561,0.16223822788599107,0.27411274578684713,0.056872988050201995,0.28562958632409097,0.17472680422604236,0.26403861378661886,0.5608274294448203
True,-70.0,-0.75,5192.509650873193,rowcol,0.4430751423915955,0.0461881188238207,0.17154412744141917,0.25013446926514826,0.30074309222733697,0.30306112862288515,0.13529568805259953,0.19479243733101176,0.5647668515894058
True,50.0,-0.75,5192.509650873193,rowcol,0.4430751423915955,0.0461881188238207,0.17154412744141917,0.2501344692651483,0.30074309222733697,0.30306112862288515,0.13529568805259956,0.19479243733101176,0.5647668515894058
False,50.0,1.0,5192.509650873193,rowcol,0.5275128295601496,0.0525103056194385,0.15887744788795333,0.28997084508494714,0.26134489900418,0.3331967733196747,0.13188360996134904,0.24784946630911098,0.5666031887488071
False,-70.0,1.0,5192.509650873193,rowcol,0.5275128295601496,0.0525103056194385,0.15887744788795333,0.2899708450849472,0.26134489900418,0.3331967733196747,0.13188360996134904,0.24784946630911098,0.5666031887488072
False,-10.0,-1.0,5192.509650873193,rowcol,0.5275128295601419,0.05251030561943942,0.15887744788798475,0.28997084508497906,0.2613448990042349,0.333196773319713,0.13188360996137394,0.24784946630913635,0.5666031887489333
True,20.0,1.25,5192.509650873193,rowcol,0.5806514813221585,0.057624364336699006,0.16010423075316932,0.2888687854803672,0.056830443390582956,0.3225977959832024,0.17238641057277385,0.257100118542614,0.5691814777398752
True,10.0,-0.75,5192.509650873193,rowcol,0.4430751429023233,0.04618811392449164,0.1715439118634813,0.25474459451591297,0.3007431252103574,0.30286592488696773,0.1352953515294844,0.20573908443411346,0.5693763301063569
True,-55.0,1.25,5192.509650873193,rowcol,0.4782726488562138,0.0495844389060341,0.16227418366528856,0.28275610659428113,0.056873086466622993,0.28551782422047717,0.17476626967485412,0.28041247599993674,0.5695786575901468
True,65.0,1.25,5192.509650873193,rowcol,0.4782726488562138,0.0495844389060341,0.16227418366528856,0.28275610659428113,0.056873086466622993,0.28551782422047717,0.17476626967485412,0.28041247599993674,0.5695786575901468
True,40.0,1.25,5192.509650873193,rowcol,0.5806514812154998,0.05762436541144483,0.16005185978703754,0.2915422938563997,0.056830930919292345,0.3220789506289208,0.17232887547025197,0.2631320908573033,0.5716978732175123
True,-80.0,1.25,5192.509650873193,rowcol,0.5806514812154998,0.05762436541144483,0.16005185978703756,0.2915422938563997,0.05683093091929235,0.3220789506289208,0.172328875470252,0.2631320908573033,0.5716978732175124
True,-20.0,1.0,5192.509650873193,rowcol,0.4329418520157056,0.04504337195315631,0.17451641515991892,0.2580068414010986,0.05285879481809151,0.289173722452814,0.18840954809828434,0.22852870651975962,0.5815560868808554
True,-40.0,1.0,5192.509650873193,rowcol,0.43294185193926826,0.04504337268784634,0.17447798078674953,0.2604014278680392,0.05285921414633023,0.2887106713116484,0.1883674371549162,0.23395675999362853,0.5838353702282878
True,80.0,1.0,5192.509650873193,rowcol,0.4329418519392683,0.04504337268784634,0.17447798078674953,0.2604014278680392,0.05285921414633023,0.28871067131164835,0.1883674371549162,0.23395675999362853,0.5838353702282878
False,-80.0,-0.75,5192.509650873193,rowcol,0.426912390647578,0.044006108688931664,0.18046928190749545,0.24590426477133812,0.27532552278151134,0.29117647137379676,0.15712526110929445,0.20005097031280042,0.5873121104938244
False,40.0,-0.75,5192.509650873193,rowcol,0.426912390647578,0.044006108688931664,0.18046928190749545,0.24590426477133812,0.27532552278151134,0.2911764713737967,0.15712526110929445,0.20005097031280042,0.5873121104938244
False,-20.0,0.75,5192.509650873193,rowcol,0.42691239064757075,0.04400610868893231,0.180469281907514,0.24590426477134988,0.2753255227815081,0.2911764713738024,0.15712526110932062,0.20005097031282013,0.5873121104938919
False,20.0,-0.75,5192.509650873193,rowcol,0.4269123905862289,0.04400610928409253,0.18056288312014765,0.2483722615251499,0.2757893678929068,0.2919379022485091,0.15710411908164426,0.20467721766593702,0.5900609108855929
False,-40.0,0.75,5192.509650873193,rowcol,0.42691239058622166,0.04400610928409318,0.18056288312016633,0.2483722615251639,0.27578936789290415,0.29193790224851546,0.15710411908167046,0.20467721766596056,0.5900609108856629
False,80.0,0.75,5192.509650873193,rowcol,0.42691239058622166,0.04400610928409318,0.18056288312016633,0.24837226152516395,0.2757893678929041,0.2919379022485155,0.1571041190816705,0.20467721766596053,0.5900609108856629
False,5.0,1.0,5192.509650873193,rowcol,0.5085875810525383,0.05110412635998432,0.16782750477214922,0.28805081038561653,0.2837100671827317,0.33851238137812784,0.13648545996801117,0.23745188807512996,0.5915333247020642
False,-55.0,-1.0,5192.509650873193,rowcol,0.5085875810525212,0.051104126359985645,0.16782750477216032,0.28805081038564784,0.28371006718273295,0.3385123813781648,0.1364854599680268,0.2374518880751555,0.5915333247021288
False,65.0,-1.0,5192.509650873193,rowcol,0.5085875810525211,0.051104126359985645,0.16782750477216032,0.28805081038564784,0.28371006718273295,0.3385123813781648,0.1364854599680268,0.2374518880751555,0.5915333247021288
True,-75.0,-0.75,5192.509650873193,rowcol,0.4311393524020091,0.04506582639828074,0.1794771910212366,0.25340918224250847,0.30076398498041457,0.3086719621051871,0.14695201126160318,0.19517494153833673,0.5918407553062183
True,45.0,-0.75,5192.509650873193,rowcol,0.4311393524020091,0.04506582639828074,0.1794771910212366,0.25340918224250847,0.30076398498041457,0.3086719621051871,0.14695201126160318,0.19517494153833673,0.5918407553062183
True,-10.0,1.25,5192.509650873193,rowcol,0.45387277980965546,0.04775803915938371,0.17373288920662133,0.272583775968852,0.05688401955445923,0.2896441218442405,0.18733669898212627,0.25736221525526964,0.593782443588716
True,15.0,-0.75,5192.509650873193,rowcol,0.4311393525676249,0.04506582481385385,0.17945728838977754,0.25656339336614026,0.30076403752824393,0.30836371682823066,0.1469232519383287,0.2030136863055927,0.5949352585354728
True,25.0,1.25,5192.509650873193,rowcol,0.5873156768476842,0.05864460385135347,0.16801195264960045,0.2945362446675727,0.05683332004607776,0.3350192069551141,0.18106522595835983,0.25557369651161194,0.5985721026163741
True,-85.0,1.25,5192.509650873193,rowcol,0.5873156766779046,0.0586446055516661,0.16797670561112388,0.2956763462706714,0.05683363294348092,0.3346982444816435,0.18102654034474164,0.25833601114434246,0.599606463104043
True,35.0,1.25,5192.509650873193,rowcol,0.5873156766779046,0.058644605551666104,0.16797670561112388,0.2956763462706713,0.05683363294348089,0.3346982444816434,0.18102654034474164,0.25833601114434246,0.599606463104043
False,-65.0,1.0,5192.509650873193,rowcol,0.5085875822143558,0.05110411479758984,0.16823015297085903,0.29570437086606377,0.28498165800148767,0.34048827836950823,0.13658859727382974,0.25195293422179665,0.6003948297786408
False,55.0,1.0,5192.509650873193,rowcol,0.5085875822143558,0.05110411479758984,0.168230152970859,0.29570437086606377,0.2849816580014876,0.34048827836950823,0.13658859727382974,0.25195293422179665,0.6003948297786408
False,-5.0,-1.0,5192.509650873193,rowcol,0.5085875822143388,0.051104114797591166,0.16823015297087018,0.29570437086609574,0.28498165800148934,0.3404882783695454,0.13658859727384542,0.25195293422182335,0.6003948297787063
True,-50.0,1.25,5192.509650873193,rowcol,0.45387278057211566,0.04775803191327467,0.17373253375027115,0.2796090132801441,0.05688431018648694,0.2893036212666956,0.18733629316478087,0.27118779373616075,0.6008066145309575
True,70.0,1.25,5192.509650873193,rowcol,0.45387278057211566,0.04775803191327467,0.17373253375027115,0.2796090132801441,0.05688431018648694,0.2893036212666956,0.18733629316478087,0.27118779373616075,0.6008066145309575
True,-90.0,1.25,5192.509650873193,rowcol,0.5894577981672963,0.05901063548057776,0.17101964984518117,0.2968622179080119,0.05683477975887348,0.3384335763850245,0.18436420625162867,0.25674218965317214,0.6099211674435554
True,30.0,1.25,5192.509650873193,rowcol,0.5894577981672963,0.05901063548057776,0.1710196498451812,0.29686221790801204,0.056834779758873494,0.3384335763850246,0.18436420625162867,0.25674218965317214,0.6099211674435556
False,60.0,-1.0,5192.509650873193,rowcol,0.4877747047573318,0.04997325499683528,0.17302481819712276,0.2942936346375496,0.28625916252172734,0.3525614346323608,0.14303102117516395,0.23433129985767126,0.6133680892289178
False,-60.0,-1.0,5192.509650873193,rowcol,0.4877747047573318,0.04997325499683529,0.1730248181971228,0.2942936346375496,0.28625916252172734,0.3525614346323608,0.14303102117516395,0.23433129985767126,0.613368089228918
False,0.0,1.0,5192.509650873193,rowcol,0.48777470475735446,0.049973254996833874,0.173024818197133,0.29429363463752534,0.28625916252177885,0.35256143463233197,0.14303102117515978,0.2343312998576515,0.6133680892289244
True,-50.0,-1.0,5192.509650873193,rowcol,0.5143900035459155,0.050958584070618124,0.18498640958995236,0.2611738110300944,0.34046918532453996,0.28923533195539247,0.1390249430432441,0.2349944884621152,0.6161330397999515
True,70.0,-1.0,5192.509650873193,rowcol,0.5143900035459155,0.050958584070618124,0.18498640958995236,0.2611738110300944,0.34046918532453996,0.28923533195539247,0.1390249430432441,0.2349944884621152,0.6161330397999515
True,-25.0,1.0,5192.509650873193,rowcol,0.42756223294198586,0.04405731634589761,0.18574862183168023,0.25990792175131405,0.052880568435117514,0.28489883830174234,0.20070354520342945,0.2368583343003619,0.6171537872463547
True,-35.0,1.0,5192.509650873193,rowcol,0.42756223281483274,0.0440573175798783,0.18572311817075712,0.26094142737755566,0.05288083746402547,0.28459688109656206,0.2006756265564886,0.2392435911002221,0.618110781889827
True,85.0,1.0,5192.509650873193,rowcol,0.42756223281483274,0.0440573175798783,0.18572311817075712,0.26094142737755566,0.05288083746402548,0.284596881096562,0.2006756265564886,0.2392435911002221,0.618110781889827
True,75.0,-1.0,5192.509650873193,rowcol,0.5287658131221166,0.05230097395743197,0.18620271695629417,0.2604410559987473,0.3404413958883366,0.29324058251201723,0.1409438155167209,0.22925260651074875,0.6190492068676298
True,-45.0,-1.0,5192.509650873193,rowcol,0.5287658131221166,0.05230097395743197,0.1862027169562942,0.2604410559987473,0.34044139588833666,0.29324058251201723,0.1409438155167209,0.22925260651074875,0.6190492068676299
False,-85.0,-0.75,5192.509650873193,rowcol,0.4196443016684498,0.04263442484161426,0.19365804428187722,0.24075863511130624,0.29917947440132536,0.2757800725944779,0.16740385789250753,0.2067638287233732,0.6217327679569379
False,35.0,-0.75,5192.509650873193,rowcol,0.4196443016684498,0.04263442484161426,0.19365804428187725,0.24075863511130619,0.29917947440132536,0.2757800725944779,0.16740385789250753,0.2067638287233732,0.6217327679569379
False,-25.0,0.75,5192.509650873193,rowcol,0.41964430166843514,0.042634424841615226,0.19365804428189135,0.24075863511131437,0.2991794744012802,0.27578007259446563,0.16740385789254159,0.20676382872340454,0.6217327679569884
True,-80.0,-0.75,5192.509650873193,rowcol,0.4232025121548182,0.04405190070607286,0.18812047714717112,0.25762271690583655,0.30079091394263974,0.3126011435766901,0.1592116133623215,0.20001108597961342,0.6219841483473498
True,40.0,-0.75,5192.509650873193,rowcol,0.4232025121548182,0.04405190070607286,0.18812047714717112,0.25762271690583655,0.30079091394263974,0.3126011435766901,0.1592116133623215,0.20001108597961342,0.6219841483473498
True,-10.0,-1.0,5192.509650873193,rowcol,0.5143900043017172,0.05095857644134604,0.18498614484421397,0.2670488622146563,0.3404692241706028,0.28896257823224797,0.13902450922041526,0.24711990202548606,0.6220072967472982
False,0.0,-1.0,5192.509650873193,rowcol,0.4877747060440394,0.04997324243764722,0.1734432895142409,0.30226452909240165,0.2875752579285137,0.35453883314220186,0.143148969179412,0.249978726536745,0.6225943976351244
False,-60.0,1.0,5192.509650873193,rowcol,0.4877747060440621,0.04997324243764581,0.17344328951425114,0.30226452909237816,0.28757525792856503,0.35453883314217344,0.14314896917940786,0.24997872653672645,0.6225943976351316
False,60.0,1.0,5192.509650873193,rowcol,0.4877747060440621,0.04997324243764581,0.17344328951425114,0.30226452909237816,0.28757525792856503,0.35453883314217344,0.14314896917940786,0.24997872653672645,0.6225943976351316
False,25.0,-0.75,5192.509650873193,rowcol,0.41964430156624055,0.0426344258476447,0.19369649344531129,0.24192918916939793,0.299394721998345,0.2761967617721254,0.16738630401397211,0.2088014187267002,0.6230186695053318
False,-35.0,0.75,5192.509650873193,rowcol,0.41964430156622584,0.04263442584764566,0.19369649344532552,0.2419291891694074,0.29939472199830014,0.2761967617721136,0.1673863040140062,0.2088014187267337,0.6230186695053839
False,85.0,0.75,5192.509650873193,rowcol,0.41964430156622584,0.042634425847645666,0.19369649344532552,0.2419291891694074,0.29939472199830014,0.27619676177211355,0.1673863040140062,0.2088014187267337,0.6230186695053839
True,-15.0,-1.0,5192.509650873193,rowcol,0.5287658133667412,0.05230097148426353,0.18617713897309854,0.26452648919713145,0.34044145778638896,0.29280785756816835,0.14090383447726776,0.23815632965768724,0.6230579061164271
True,20.0,-0.75,5192.509650873193,rowcol,0.4232025120929312,0.044051901300615065,0.18809373693966824,0.25942339037831935,0.3007909692101118,0.31227997445314776,0.15917423783793083,0.20466370830163805,0.6237046011973241
True,-55.0,-1.0,5192.509650873193,rowcol,0.4957795428449329,0.049603987171097354,0.1870366679776238,0.263236779962914,0.34048261040997724,0.2916669617865385,0.14222532722454678,0.23669841572431605,0.6243467838957855
True,65.0,-1.0,5192.509650873193,rowcol,0.4957795428449329,0.049603987171097354,0.1870366679776238,0.263236779962914,0.34048261040997724,0.2916669617865385,0.14222532722454678,0.23669841572431605,0.6243467838957855
False,-65.0,-1.0,5192.509650873193,rowcol,0.46587405981170865,0.04875653932511922,0.17649335332840646,0.2965324434533658,0.27938922516986714,0.36093535798386356,0.15033129275424,0.22873916164913172,0.6260125034385852
False,55.0,-1.0,5192.509650873193,rowcol,0.46587405981170865,0.04875653932511922,0.17649335332840646,0.29653244345336577,0.27938922516986714,0.36093535798386356,0.15033129275424,0.22873916164913172,0.6260125034385852
False,-5.0,1.0,5192.509650873193,rowcol,0.46587405981173113,0.04875653932511813,0.17649335332843438,0.2965324434533546,0.2793892251699599,0.3609353579838499,0.1503312927542473,0.22873916164912314,0.6260125034386578
True,-30.0,1.0,5192.509650873193,rowcol,0.42591935135190145,0.043693048104092816,0.18982490499198912,0.2608145299887753,0.05288894476363101,0.2820159497646898,0.2051627500766696,0.24154804610161695,0.6302892449647426
True,90.0,1.0,5192.509650873193,rowcol,0.42591935135190145,0.043693048104092816,0.1898249049919891,0.2608145299887753,0.05288894476363101,0.2820159497646898,0.20516275007666962,0.24154804610161695,0.6302892449647426
True,10.0,1.5,5192.509650873193,rowcol,0.566718165357146,0.05573616655207367,0.1768716227581839,0.2997626139199446,0.08319305855717071,0.28989481355516356,0.18900881445460188,0.3078165435945143,0.6303774821944963
True,-40.0,-1.0,5192.509650873193,rowcol,0.5386131025216456,0.05348957211549928,0.18993340800111447,0.26086489416755265,0.34040601467456566,0.2989962583625833,0.14672620707479248,0.22382319486713795,0.630665118170896
True,80.0,-1.0,5192.509650873193,rowcol,0.5386131025216456,0.053489572115499276,0.18993340800111447,0.2608648941675527,0.34040601467456566,0.29899625836258326,0.14672620707479248,0.22382319486713795,0.6306651181708961
True,-5.0,-1.0,5192.509650873193,rowcol,0.49577954403676505,0.04960397525902927,0.1870616220265554,0.27045164342955796,0.3404826235612877,0.29157940683273453,0.14226411690446328,0.2513121486864969,0.6316365095092242
True,5.0,1.5,5192.509650873193,rowcol,0.5410804748318513,0.05381492044226437,0.17791533423519848,0.2982062415938825,0.08319345437735487,0.2809039718045633,0.1901633825626251,0.3120154018321813,0.6319522442994779
True,-20.0,-1.0,5192.509650873193,rowcol,0.5386131024330529,0.05348957300758346,0.1898980936763644,0.26323350583615585,0.3404060797887826,0.29854844244582857,0.14667212848960332,0.22936268395212941,0.632927786865249
False,5.0,-1.0,5192.509650873193,rowcol,0.4658740608835691,0.04875652908337482,0.17687627335991082,0.3039659167259492,0.2806803917580732,0.36277680151268116,0.15042493434863552,0.24375936105075796,0.6345947368056817
False,-55.0,1.0,5192.509650873193,rowcol,0.46587406088359157,0.04875652908337374,0.1768762733599388,0.3039659167259398,0.280680391758166,0.36277680151266806,0.1504249343486429,0.2437593610507526,0.6345947368057562
False,65.0,1.0,5192.509650873193,rowcol,0.46587406088359157,0.04875652908337373,0.1768762733599388,0.3039659167259398,0.280680391758166,0.36277680151266806,0.1504249343486429,0.2437593610507526,0.6345947368057562
False,-90.0,-0.75,5192.509650873193,rowcol,0.4171635649864301,0.042117145424030215,0.19884865598504164,0.23989821123434585,0.30934653186990724,0.2707721056706104,0.17118710138475987,0.21045614871574844,0.6364441791894708
False,30.0,-0.75,5192.509650873193,rowcol,0.4171635649864301,0.042117145424030215,0.19884865598504164,0.23989821123434585,0.30934653186990724,0.2707721056706104,0.17118710138475987,0.21045614871574844,0.6364441791894708
False,-30.0,0.75,5192.509650873193,rowcol,0.4171635649864126,0.04211714542403131,0.19884865598505422,0.23989821123435265,0.30934653186984606,0.27077210567058946,0.17118710138479729,0.21045614871578538,0.6364441791895152
False,90.0,0.75,5192.509650873193,rowcol,0.4171635649864126,0.042117145424031305,0.19884865598505422,0.23989821123435265,0.3093465318698461,0.27077210567058946,0.17118710138479729,0.21045614871578536,0.6364441791895152
True,-60.0,-1.0,5192.509650873193,rowcol,0.4740785208014418,0.04825219671674112,0.19087158124556586,0.2651101732815367,0.3404854219027926,0.2982158892086049,0.1481253069833045,0.23366541879814176,0.6377249170182342
True,60.0,-1.0,5192.509650873193,rowcol,0.4740785208014418,0.048252196716741115,0.19087158124556589,0.2651101732815367,0.34048542190279263,0.298215889208605,0.1481253069833045,0.2336654187981417,0.6377249170182343
True,-70.0,1.5,5192.509650873193,rowcol,0.5667181664520023,0.05573615541971467,0.1768712082286229,0.3074290105782555,0.08319329702422712,0.2894865186448342,0.18900833670373893,0.32174480874311495,0.6380426352641242
True,50.0,1.5,5192.509650873193,rowcol,0.5667181664520023,0.05573615541971467,0.1768712082286229,0.3074290105782555,0.08319329702422712,0.2894865186448342,0.18900833670373893,0.3217448087431149,0.6380426352641242
False,-70.0,-1.0,5192.509650873193,rowcol,0.44415401604193616,0.04707830024408259,0.1833186461151787,0.2910068345664839,0.2753850224057997,0.35477853196471654,0.16095925814389206,0.22372002840073799,0.64096277291202
False,50.0,-1.0,5192.509650873193,rowcol,0.44415401604193616,0.04707830024408259,0.1833186461151787,0.2910068345664839,0.2753850224057997,0.35477853196471654,0.16095925814389206,0.22372002840073799,0.64096277291202
False,-10.0,1.0,5192.509650873193,rowcol,0.44415401604195204,0.047078300244082126,0.18331864611521537,0.2910068345664887,0.27538502240590473,0.35477853196472353,0.16095925814390868,0.22372002840074015,0.6409627729121348
True,55.0,1.5,5192.509650873193,rowcol,0.5410804765333621,0.05381490333447333,0.17795468333205397,0.3077379853829014,0.0831935351131017,0.2807675946620045,0.1902069011907726,0.32871118408681455,0.6416020353790634
True,-65.0,1.5,5192.509650873193,rowcol,0.5410804765333621,0.05381490333447333,0.177954683332054,0.3077379853829014,0.08319353511310175,0.2807675946620045,0.1902069011907726,0.32871118408681455,0.6416020353790635
True,-35.0,-1.0,5192.509650873193,rowcol,0.5441990063952492,0.0543162145219522,0.19356252055866385,0.26132783427308454,0.3403760187497554,0.30147736316231005,0.15224236689043197,0.22201110906423954,0.6420153959490761
True,85.0,-1.0,5192.509650873193,rowcol,0.5441990063952492,0.0543162145219522,0.19356252055866385,0.26132783427308454,0.3403760187497554,0.30147736316231005,0.15224236689043194,0.22201110906423957,0.6420153959490761
True,-25.0,-1.0,5192.509650873193,rowcol,0.5441990062538515,0.05431621593862862,0.19353804613702946,0.2623557822416233,0.3403760605459928,0.30119202705833314,0.15220555872983926,0.22455420831324852,0.6429699206527117
False,20.0,1.25,5192.509650873193,rowcol,0.5758949832120375,0.05803898428708283,0.17123692495624782,0.3303846220078496,0.16193836926632058,0.40096013351822235,0.17287797042211164,0.2564104134538284,0.644095396876593
False,-40.0,-1.25,5192.509650873193,rowcol,0.5758949832120546,0.058038984287082124,0.17123692495631934,0.330384622007839,0.16193836926645785,0.4009601335181923,0.172877970422172,0.2564104134538428,0.6440953968767971
False,80.0,-1.25,5192.509650873193,rowcol,0.5758949832120546,0.058038984287082124,0.17123692495631934,0.3303846220078391,0.16193836926645788,0.4009601335181923,0.172877970422172,0.25641041345384286,0.6440953968767971
True,-15.0,1.25,5192.509650873193,rowcol,0.43473669789565084,0.04587760601744566,0.19053983365500002,0.27351618042178927,0.05689069595586775,0.29417361947113935,0.20575028163212306,0.25485054923602046,0.6451356813867893
True,-85.0,-0.75,5192.509650873193,rowcol,0.4189222563586442,0.04332538508310178,0.19471949729130889,0.26098074193674237,0.3008137025890765,0.31349551668334336,0.1683232325295348,0.20673549115051232,0.645139233810669
True,35.0,-0.75,5192.509650873193,rowcol,0.4189222563586442,0.04332538508310178,0.19471949729130886,0.26098074193674237,0.30081370258907647,0.31349551668334336,0.1683232325295348,0.20673549115051232,0.645139233810669
True,0.0,-1.0,5192.509650873193,rowcol,0.47407852212532253,0.04825218370959209,0.19090626928227958,0.27279521701567744,0.34048542408390503,0.2982065600149767,0.14817814738016505,0.24942842340894741,0.6455140248625162
True,25.0,-0.75,5192.509650873193,rowcol,0.4189222562562588,0.043325386073087876,0.19470125113149458,0.26175308015715465,0.30081373805896244,0.31328974844177815,0.1682982653429825,0.20878526183200494,0.6458568335516384
True,-30.0,-1.0,5192.509650873193,rowcol,0.5459858839934625,0.05461239983624299,0.19498488649236717,0.26169152030755294,0.34036423789547454,0.30154433695426974,0.15437808843659714,0.22272213925225998,0.6466461797846544
True,90.0,-1.0,5192.509650873193,rowcol,0.5459858839934625,0.05461239983624299,0.19498488649236717,0.26169152030755294,0.34036423789547454,0.30154433695426974,0.15437808843659714,0.22272213925226,0.6466461797846544
False,-80.0,1.25,5192.509650873193,rowcol,0.5758949831044977,0.05803898535415088,0.17140130126607125,0.33344160454620553,0.16324854880538092,0.4018714265469494,0.17284594320121122,0.2624251308293048,0.6476455083444193
False,40.0,1.25,5192.509650873193,rowcol,0.5758949831044977,0.05803898535415087,0.17140130126607123,0.33344160454620553,0.1632485488053809,0.40187142654694946,0.1728459432012112,0.2624251308293048,0.6476455083444193
False,-20.0,-1.25,5192.509650873193,rowcol,0.5758949831045148,0.05803898535415017,0.171401301266143,0.3334416045461978,0.1632485488055186,0.40187142654692015,0.17284594320127167,0.2624251308293244,0.6476455083446269
False,10.0,-1.0,5192.509650873193,rowcol,0.44415401669325183,0.047078294099329884,0.1836176673744536,0.29727842284345485,0.27653159510048475,0.35640966911237026,0.16100390139146714,0.23636278121853105,0.6481314249668156
False,-50.0,1.0,5192.509650873193,rowcol,0.4441540166932677,0.04707829409932942,0.18361766737449037,0.2972784228434621,0.27653159510059,0.3564096691123779,0.16100390139148385,0.23636278121853802,0.6481314249669332
False,70.0,1.0,5192.509650873193,rowcol,0.44415401669326776,0.04707829409932942,0.18361766737449037,0.2972784228434621,0.27653159510058994,0.3564096691123779,0.16100390139148385,0.23636278121853802,0.6481314249669332
True,0.0,1.5,5192.509650873193,rowcol,0.5110368884639294,0.0519004032703628,0.1835161829996649,0.29792666288439446,0.08320463236799876,0.2840993227154697,0.19635449372333302,0.30907680548891486,0.6484752118833892
True,-45.0,1.25,5192.509650873193,rowcol,0.434736698141343,0.04587760368926396,0.1905085874214614,0.2783739326454938,0.05689115896161815,0.2936343324099596,0.20571604748205377,0.2648603144124423,0.649899694909878
True,75.0,1.25,5192.509650873193,rowcol,0.434736698141343,0.04587760368926396,0.1905085874214614,0.27837393264549387,0.05689115896161812,0.2936343324099596,0.20571604748205377,0.2648603144124423,0.6498996949098781
False,15.0,1.25,5192.509650873193,rowcol,0.5598910825029019,0.05575768760752243,0.17796281683841722,0.31616695950683,0.23833695900648946,0.3699969437894038,0.16458863778713725,0.26248542172381334,0.6500554100220817
False,-45.0,-1.25,5192.509650873193,rowcol,0.559891082502907,0.05575768760752279,0.17796281683847845,0.3161669595068527,0.23833695900662227,0.3699969437894308,0.1645886377871805,0.2624854217238316,0.6500554100222881
False,75.0,-1.25,5192.509650873193,rowcol,0.559891082502907,0.05575768760752279,0.17796281683847845,0.3161669595068527,0.23833695900662233,0.3699969437894307,0.16458863778718047,0.2624854217238316,0.6500554100222881
True,-65.0,-1.0,5192.509650873193,rowcol,0.4514513631988937,0.04684307999530496,0.19567063831134113,0.2661612750409894,0.3404882888166805,0.3051338007304974,0.15535096629087336,0.22829224966468853,0.6531731899750128
True,55.0,-1.0,5192.509650873193,rowcol,0.4514513631988937,0.046843079995304966,0.19567063831134113,0.2661612750409894,0.3404882888166805,0.3051338007304974,0.15535096629087336,0.22829224966468853,0.6531731899750128
True,-90.0,-0.75,5192.509650873193,rowcol,0.4176041594825279,0.04305875137023637,0.19715049960589906,0.26240431832110195,0.3008226144232842,0.3131718168597571,0.17163337530647926,0.2104325110113034,0.6538558171387991
True,30.0,-0.75,5192.509650873193,rowcol,0.4176041594825279,0.04305875137023637,0.19715049960589906,0.26240431832110195,0.3008226144232842,0.3131718168597571,0.17163337530647926,0.2104325110113034,0.6538558171387991
False,-75.0,1.25,5192.509650873193,rowcol,0.5598910828025737,0.05575768459836572,0.17823182153682596,0.3214041891143489,0.23964286335445467,0.3715561753540238,0.16458713713745568,0.2721643987631891,0.6560996537248268
False,45.0,1.25,5192.509650873193,rowcol,0.5598910828025737,0.05575768459836572,0.17823182153682596,0.3214041891143489,0.23964286335445464,0.3715561753540238,0.16458713713745568,0.2721643987631891,0.6560996537248268
False,-15.0,-1.25,5192.509650873193,rowcol,0.5598910828025788,0.05575768459836609,0.17823182153688746,0.3214041891143746,0.23964286335458793,0.37155617535405183,0.16458713713749903,0.272164398763213,0.656099653725037
True,15.0,1.5,5192.509650873193,rowcol,0.5866253419649188,0.05766387203498406,0.18370076082912176,0.3061447782116387,0.08320792359530707,0.31507756327014974,0.19655819073153447,0.29842548134236363,0.657247060699004
True,60.0,1.5,5192.509650873193,rowcol,0.5110368903061351,0.05190038513109512,0.1835702974582486,0.30815748592453157,0.0832046457561404,0.2840846334397886,0.19641428765119404,0.327033618125837,0.6588683782992774
True,-60.0,1.5,5192.509650873193,rowcol,0.5110368903061351,0.051900385131095114,0.18357029745824863,0.30815748592453157,0.08320464575614034,0.2840846334397886,0.1964142876511941,0.327033618125837,0.6588683782992775
False,25.0,1.25,5192.509650873193,rowcol,0.5864849712322957,0.05985431421480426,0.17032031824570854,0.34893829765946366,0.09142362319642111,0.4347793490715197,0.18103369384539297,0.2553042178529272,0.6598992523965892
False,-35.0,-1.25,5192.509650873193,rowcol,0.5864849712323209,0.059854314214802605,0.17032031824578323,0.3489382976594167,0.09142362319647684,0.43477934907142374,0.18103369384547094,0.2553042178529464,0.6598992523967664
False,85.0,-1.25,5192.509650873193,rowcol,0.5864849712323209,0.059854314214802605,0.17032031824578323,0.3489382976594167,0.09142362319647686,0.43477934907142374,0.18103369384547097,0.2553042178529463,0.6598992523967664
True,5.0,-1.0,5192.509650873193,rowcol,0.45145136430499716,0.04684306933520282,0.19569448960620472,0.2732990844271034,0.34048830196777163,0.3050501110299389,0.15538647673482678,0.2434114776328,0.6603825532457175
False,-85.0,1.25,5192.509650873193,rowcol,0.5864849710622757,0.05985431588075202,0.17039317187234515,0.350284194239818,0.09259057713422846,0.4352183851323158,0.18100663875938872,0.25805336564437015,0.6614637098568534
False,35.0,1.25,5192.509650873193,rowcol,0.5864849710622757,0.05985431588075202,0.17039317187234515,0.350284194239818,0.09259057713422841,0.4352183851323158,0.18100663875938872,0.25805336564437015,0.6614637098568534
False,-25.0,-1.25,5192.509650873193,rowcol,0.5864849710623009,0.05985431588075036,0.17039317187242004,0.3502841942397727,0.09259057713428498,0.43521838513222033,0.18100663875946674,0.2580533656443924,0.6614637098570328
True,-75.0,1.5,5192.509650873193,rowcol,0.5866253423206091,0.05766386841647903,0.1836618701660043,0.3113546094323188,0.08320830347402952,0.3144733282947308,0.19651518931958092,0.30870741027803617,0.6623402199303317
True,45.0,1.5,5192.509650873193,rowcol,0.5866253423206091,0.05766386841647903,0.1836618701660043,0.3113546094323188,0.08320830347402952,0.3144733282947308,0.19651518931958092,0.30870741027803617,0.6623402199303317
True,-5.0,1.5,5192.509650873193,rowcol,0.47935910173633467,0.0498737408300477,0.19134418021582217,0.2956527413198567,0.083215671457954,0.2884146604123665,0.204997653041878,0.3016054531171705,0.6696852819673231
False,-75.0,-1.0,5192.509650873193,rowcol,0.42444826777296685,0.04485360179442468,0.19713718781261885,0.27918616339976093,0.2847932726836364,0.33416593412253115,0.17653007270544527,0.2226771240408658,0.6705977268376175
False,45.0,-1.0,5192.509650873193,rowcol,0.4244482677729668,0.04485360179442467,0.19713718781261885,0.27918616339976093,0.2847932726836364,0.33416593412253115,0.17653007270544527,0.22267712404086581,0.6705977268376175
False,-15.0,1.0,5192.509650873193,rowcol,0.4244482677729711,0.044853601794424956,0.1971371878126542,0.27918616339977703,0.28479327268370747,0.33416593412255025,0.17653007270547103,0.22267712404087897,0.6705977268377397
False,-90.0,1.25,5192.509650873193,rowcol,0.5902243623911448,0.060559207574495885,0.1710086735852057,0.3582960365429418,0.058212504780737216,0.45022928886538693,0.18427379151186224,0.2566417646627614,0.6713220572985589
False,30.0,1.25,5192.509650873193,rowcol,0.5902243623911448,0.060559207574495885,0.1710086735852057,0.3582960365429418,0.05821250478073722,0.45022928886538693,0.18427379151186227,0.2566417646627614,0.6713220572985589
False,-30.0,-1.25,5192.509650873193,rowcol,0.5902243623911729,0.06055920757449384,0.17100867358528077,0.35829603654287906,0.05821250478067969,0.45022928886526153,0.18427379151194792,0.2566417646627853,0.6713220572987213
False,90.0,-1.25,5192.509650873193,rowcol,0.5902243623911729,0.06055920757449384,0.1710086735852808,0.35829603654287906,0.0582125047806797,0.45022928886526153,0.18427379151194792,0.2566417646627853,0.6713220572987214
False,15.0,-1.0,5192.509650873193,rowcol,0.424448267985777,0.04485359978060871,0.19733151017264902,0.28391504025515,0.2856686277988269,0.3355194460261003,0.17652895226941961,0.23178666795169123,0.6759095707730971
False,-45.0,1.0,5192.509650873193,rowcol,0.4244482679857813,0.044853599780609,0.1973315101726846,0.283915040255169,0.2856686277988985,0.33551944602612027,0.1765289522694455,0.2317866679517098,0.6759095707732228
False,75.0,1.0,5192.509650873193,rowcol,0.4244482679857813,0.044853599780609,0.1973315101726846,0.283915040255169,0.2856686277988985,0.3355194460261202,0.1765289522694455,0.2317866679517098,0.6759095707732228
True,-70.0,-1.0,5192.509650873193,rowcol,0.43075045997342887,0.04534679037570019,0.2027797800553021,0.2682452755367328,0.3405018319414287,0.3131958392581827,0.1657745818984728,0.22355164345423825,0.6765846157026391
True,50.0,-1.0,5192.509650873193,rowcol,0.43075045997342887,0.0453467903757002,0.2027797800553021,0.2682452755367328,0.3405018319414287,0.3131958392581827,0.16577458189847277,0.22355164345423825,0.6765846157026391
True,-55.0,1.5,5192.509650873193,rowcol,0.47935910322728925,0.04987372649980564,0.19138076415048805,0.3052645079543273,0.08321575217214593,0.288281836364155,0.20503801861676638,0.318847292873748,0.6794068004057914
True,65.0,1.5,5192.509650873193,rowcol,0.4793591032272893,0.04987372649980564,0.19138076415048805,0.3052645079543274,0.08321575217214593,0.288281836364155,0.20503801861676638,0.318847292873748,0.6794068004057916
False,10.0,1.25,5192.509650873193,rowcol,0.5398564231425886,0.05361577226317413,0.1890943187767852,0.31369357000735726,0.29716842567607915,0.3588639238616732,0.16179455740983253,0.2699160626424181,0.6809765263377129
False,-50.0,-1.25,5192.509650873193,rowcol,0.5398564231425802,0.053615772263175314,0.1890943187768276,0.313693570007397,0.2971684256761615,0.35886392386172467,0.16179455740986357,0.26991606264244566,0.6809765263378799
False,70.0,-1.25,5192.509650873193,rowcol,0.5398564231425802,0.053615772263175314,0.1890943187768276,0.313693570007397,0.2971684256761615,0.35886392386172467,0.16179455740986357,0.26991606264244566,0.6809765263378799
True,10.0,-1.0,5192.509650873193,rowcol,0.43075046064501143,0.045346783996317835,0.2027795366589511,0.2739688774585174,0.3405018707837671,0.3129439695790915,0.16577421535731698,0.23626537189820782,0.6823074874353707
False,50.0,1.25,5192.509650873193,rowcol,0.5398564240715704,0.0536157629092695,0.18945663003651475,0.32098825408681375,0.2984963799998568,0.36093340205819696,0.16185007546273877,0.2830642299038462,0.6893581441963579
False,-70.0,1.25,5192.509650873193,rowcol,0.5398564240715704,0.053615762909269504,0.18945663003651478,0.3209882540868137,0.2984963799998568,0.36093340205819696,0.16185007546273877,0.2830642299038462,0.689358144196358
False,-10.0,-1.25,5192.509650873193,rowcol,0.539856424071562,0.05361576290927069,0.18945663003655736,0.32098825408685544,0.29849637999993955,0.3609334020582491,0.1618500754627699,0.2830642299038777,0.6893581441965275
True,20.0,1.5,5192.509650873193,rowcol,0.6004390314210605,0.059387516531660814,0.1956337699800237,0.31546706394037677,0.08323323368425753,0.3422782412778211,0.20972853851577644,0.2910131970455062,0.7023683738804478
True,-20.0,1.25,5192.509650873193,rowcol,0.42215939972085026,0.04415012507242375,0.20882909999828805,0.2763206353515464,0.05689356972410419,0.29458941335925637,0.2257624345868019,0.25996483784885904,0.7028079353464105
True,-80.0,1.5,5192.509650873193,rowcol,0.6004390312927212,0.059387517829238345,0.19558233988537593,0.3184046974680234,0.08323363313804087,0.3416913949900503,0.2096717910638287,0.2974127041557012,0.7051517171241513
True,40.0,1.5,5192.509650873193,rowcol,0.6004390312927212,0.059387517829238345,0.19558233988537593,0.3184046974680234,0.0832336331380408,0.3416913949900503,0.2096717910638287,0.2974127041557012,0.7051517171241513
True,-10.0,1.5,5192.509650873193,rowcol,0.45010310103516926,0.04767644827603843,0.20404182120334052,0.29324256291368844,0.0832165876940538,0.293273073277103,0.21899681241410504,0.29321690156084906,0.70536802652371
True,-40.0,1.25,5192.509650873193,rowcol,0.422159399628276,0.04415012595761039,0.20878895156966293,0.2791143285529077,0.0568940567118801,0.2940211470768008,0.2257185057730481,0.26593177362598575,0.7054811832618965
True,80.0,1.25,5192.509650873193,rowcol,0.4221593996282759,0.04415012595761039,0.20878895156966293,0.2791143285529077,0.0568940567118801,0.2940211470768008,0.2257185057730481,0.26593177362598575,0.7054811832618965
True,-75.0,-1.0,5192.509650873193,rowcol,0.4144734672391433,0.04382693602147668,0.21313478194127117,0.2730903989279977,0.34052944147180764,0.3229464736318741,0.18047054515034752,0.2226824478605743,0.7124947447518112
True,45.0,-1.0,5192.509650873193,rowcol,0.4144734672391433,0.04382693602147668,0.21313478194127117,0.2730903989279977,0.34052944147180764,0.3229464736318741,0.18047054515034755,0.22268244786057434,0.7124947447518112
True,-50.0,1.5,5192.509650873193,rowcol,0.4501031019163387,0.04767643995710639,0.20404145766575008,0.3010753372140822,0.08321682609368482,0.2928694881006213,0.2189963954494227,0.3078070685887636,0.7131997102113324
True,70.0,1.5,5192.509650873193,rowcol,0.4501031019163387,0.04767643995710639,0.20404145766575008,0.3010753372140822,0.08321682609368482,0.2928694881006213,0.2189963954494227,0.3078070685887636,0.7131997102113324
False,-80.0,-1.0,5192.509650873193,rowcol,0.4088250643666247,0.04244410060774891,0.21590344904993725,0.26816689732267335,0.31035479609869704,0.309374840073125,0.1937885271462861,0.22781246169969283,0.715877244472485
False,40.0,-1.0,5192.509650873193,rowcol,0.4088250643666247,0.04244410060774891,0.21590344904993725,0.26816689732267335,0.31035479609869704,0.30937484007312493,0.19378852714628614,0.22781246169969283,0.715877244472485
False,-20.0,1.0,5192.509650873193,rowcol,0.4088250643666157,0.04244410060774981,0.2159034490499662,0.26816689732268834,0.31035479609870004,0.30937484007312877,0.1937885271463233,0.22781246169972102,0.7158772444725869
True,15.0,-1.0,5192.509650873193,rowcol,0.414473467457075,0.04382693396048617,0.21311243569580113,0.2769893829555038,0.3405295033538559,0.3225536033792466,0.18043932152123066,0.23183876311423904,0.7163266900429072
False,5.0,1.25,5192.509650873193,rowcol,0.5166807322351334,0.0519115233380221,0.19910587444041625,0.32042227898916253,0.3266538100591141,0.369019334421895,0.16558871597010663,0.27293446975808444,0.7177399023104113
False,-55.0,-1.25,5192.509650873193,rowcol,0.5166807322351129,0.05191152333802375,0.19910587444043326,0.32042227898920245,0.32665381005912814,0.36901933442194407,0.1655887159701258,0.2729344697581149,0.7177399023105022
False,65.0,-1.25,5192.509650873193,rowcol,0.5166807322351129,0.051911523338023756,0.19910587444043326,0.32042227898920245,0.32665381005912814,0.369019334421944,0.1655887159701258,0.272934469758115,0.7177399023105022
False,20.0,-1.0,5192.509650873193,rowcol,0.4088250642856783,0.04244410138743127,0.21600777005380004,0.2711858518019857,0.310903428830571,0.31033643448368564,0.19376567121596988,0.23322738229444068,0.7192091619633858
False,-40.0,1.0,5192.509650873193,rowcol,0.4088250642856693,0.042444101387432154,0.21600777005382912,0.2711858518020032,0.3109034288305746,0.31033643448369025,0.1937656712160072,0.23322738229447318,0.7192091619634906
False,80.0,1.0,5192.509650873193,rowcol,0.4088250642856693,0.04244410138743216,0.21600777005382912,0.2711858518020032,0.3109034288305746,0.3103364344836903,0.1937656712160072,0.23322738229447318,0.7192091619634906
True,-50.0,-1.25,5192.509650873193,rowcol,0.5236514472680301,0.05156744322151113,0.2157938859611423,0.28010977609432663,0.3803278142774784,0.29278703774613796,0.16937739569263704,0.26898620674174245,0.7274914339777535
True,70.0,-1.25,5192.509650873193,rowcol,0.5236514472680301,0.05156744322151113,0.2157938859611423,0.28010977609432663,0.3803278142774784,0.292787037746138,0.16937739569263704,0.26898620674174245,0.7274914339777535
False,-65.0,1.25,5192.509650873193,rowcol,0.5166807336923384,0.05191150883430976,0.19953017468432302,0.3290461854999638,0.3280345112891237,0.3713324639651576,0.1656949852575362,0.28872877459608537,0.7276367095529328
False,55.0,1.25,5192.509650873193,rowcol,0.5166807336923384,0.05191150883430976,0.199530174684323,0.3290461854999638,0.3280345112891237,0.3713324639651577,0.1656949852575362,0.28872877459608537,0.7276367095529328
False,-5.0,-1.25,5192.509650873193,rowcol,0.5166807336923178,0.05191150883431142,0.19953017468434017,0.3290461855000043,0.32803451128913813,0.3713324639652068,0.16569498525755544,0.28872877459611707,0.7276367095530248
True,-10.0,-1.25,5192.509650873193,rowcol,0.5236514482257603,0.0515674334960566,0.2157936025502331,0.2869505929430774,0.3803278577461878,0.2924501964972171,0.1693769510066825,0.2822425394633229,0.7343314005937767
True,-55.0,-1.25,5192.509650873193,rowcol,0.5006268583460968,0.04989747926485814,0.21725234209317246,0.28312663635968366,0.3803443195881946,0.2957098483591922,0.17156082279838383,0.27209417935832136,0.734883662639201
True,65.0,-1.25,5192.509650873193,rowcol,0.5006268583460968,0.04989747926485814,0.21725234209317246,0.28312663635968366,0.3803443195881946,0.2957098483591922,0.17156082279838383,0.2720941793583214,0.734883662639201
True,75.0,-1.25,5192.509650873193,rowcol,0.5414328374306431,0.05321801913078908,0.21879900477721,0.2790234014605497,0.38029337644711164,0.2987389804381929,0.17388943783093472,0.2612937323821999,0.7354204157921798
True,-45.0,-1.25,5192.509650873193,rowcol,0.5414328374306431,0.05321801913078908,0.21879900477721007,0.2790234014605497,0.3802933764471117,0.2987389804381929,0.17388943783093472,0.2612937323821999,0.7354204157921799
True,-15.0,-1.25,5192.509650873193,rowcol,0.5414328377405312,0.053218015978029484,0.21877179578532305,0.283786809576164,0.38029344571159485,0.2982079496095686,0.17384893137987123,0.2710654993797296,0.7401021969321331
True,25.0,1.5,5192.509650873193,rowcol,0.6083861529718334,0.06058998969717135,0.20593125636616694,0.3229344917665508,0.08325645357995476,0.3582454917872385,0.22107511828812532,0.28992799528873436,0.7407282608650516
True,-85.0,1.5,5192.509650873193,rowcol,0.6083861527681942,0.060589991741918925,0.20589674885698744,0.32418231333391084,0.08325670989190277,0.3578852991982108,0.22103709778478106,0.2928510633412946,0.7418725599048732
True,35.0,1.5,5192.509650873193,rowcol,0.6083861527681942,0.06058999174191891,0.20589674885698744,0.32418231333391084,0.08325670989190267,0.3578852991982107,0.22103709778478106,0.2928510633412947,0.7418725599048732
False,-60.0,-1.25,5192.509650873193,rowcol,0.4909793313269583,0.05052360629951431,0.20480827959548492,0.32831960283986217,0.3306932949841372,0.3863701352896294,0.17221710630559045,0.2700049787473652,0.7427444416263169
False,60.0,-1.25,5192.509650873193,rowcol,0.4909793313269583,0.05052360629951431,0.20480827959548492,0.3283196028398622,0.3306932949841372,0.38637013528962943,0.17221710630559045,0.2700049787473652,0.7427444416263169
False,0.0,1.25,5192.509650873193,rowcol,0.49097933132698646,0.050523606299512615,0.20480827959549572,0.3283196028398335,0.3306932949841929,0.3863701352895938,0.17221710630558612,0.27000497874734375,0.7427444416263207
True,-5.0,-1.25,5192.509650873193,rowcol,0.5006268598500306,0.04989746417572296,0.21727919674567078,0.29150264443052454,0.38034433430444076,0.2956018974576118,0.1716010201514857,0.28801005301278293,0.7433402346675368
True,-25.0,1.25,5192.509650873193,rowcol,0.4155163584971962,0.04289064487634391,0.22252676339337676,0.27868548990909625,0.05689396024257043,0.2891013352880974,0.24073687269110716,0.26961455339370843,0.7462657800892265
True,-35.0,1.25,5192.509650873193,rowcol,0.41551635834213896,0.04289064637850858,0.22250015301515536,0.27989011284413434,0.056894272806474994,0.2887293332788017,0.24070777812703664,0.27223433599407026,0.7473905718896003
True,85.0,1.25,5192.509650873193,rowcol,0.41551635834213896,0.04289064637850858,0.22250015301515536,0.27989011284413434,0.05689427280647498,0.2887293332788017,0.24070777812703664,0.27223433599407026,0.7473905718896003
True,5.0,1.75,5192.509650873193,rowcol,0.5521708253471979,0.05477044746550184,0.20825333195241622,0.3229714498938948,0.11770073034528541,0.2847750306009084,0.22079308124274077,0.35189923057370304,0.7477314457511435
True,-60.0,-1.25,5192.509650873193,rowcol,0.47360554384033576,0.04821888047704391,0.22124024788025287,0.28577885537756564,0.3803475777537742,0.3042299821443876,0.17748260750822487,0.26928473181109974,0.7494995990183242
True,60.0,-1.25,5192.509650873193,rowcol,0.47360554384033576,0.04821888047704391,0.22124024788025287,0.28577885537756564,0.3803475777537742,0.3042299821443876,0.17748260750822487,0.26928473181109974,0.7494995990183242
True,10.0,1.75,5192.509650873193,rowcol,0.5815025076548026,0.05697166908354422,0.20829858217502542,0.32491391873718223,0.11770724040981816,0.2975509166544751,0.22084290848487453,0.34625599453091455,0.7498096652622585
False,0.0,-1.25,5192.509650873193,rowcol,0.4909793329248448,0.050523590771537105,0.205250249933049,0.3372788732175214,0.3321175716575814,0.38867997261593346,0.17233956206474646,0.28701122901952597,0.7530296230166684
False,-60.0,1.25,5192.509650873193,rowcol,0.490979332924873,0.050523590771535405,0.20525024993305976,0.3372788732174935,0.3321175716576369,0.3886799726158982,0.17233956206474216,0.28701122901950576,0.7530296230166728
False,60.0,1.25,5192.509650873193,rowcol,0.49097933292487306,0.050523590771535405,0.20525024993305976,0.3372788732174935,0.3321175716576369,0.38867997261589815,0.17233956206474216,0.2870112290195057,0.7530296230166728
True,-80.0,-1.0,5192.509650873193,rowcol,0.4036797119874064,0.04244856131072736,0.22465161205970896,0.2794588436931642,0.34056513574788727,0.33050535558335686,0.19628074435270895,0.22784147600462673,0.753413679872291
True,40.0,-1.0,5192.509650873193,rowcol,0.4036797119874064,0.04244856131072736,0.22465161205970896,0.2794588436931642,0.34056513574788727,0.33050535558335686,0.19628074435270895,0.22784147600462673,0.753413679872291
True,-40.0,-1.25,5192.509650873193,rowcol,0.5536698858559523,0.05467650089002207,0.22501776244761137,0.27965477846839853,0.38024943336210354,0.30660165265431993,0.18304836635769806,0.25479605470087874,0.7547080658112326
True,80.0,-1.25,5192.509650873193,rowcol,0.5536698858559522,0.05467650089002207,0.22501776244761137,0.27965477846839853,0.38024943336210354,0.30660165265431993,0.18304836635769806,0.25479605470087874,0.7547080658112326
False,55.0,-1.25,5192.509650873193,rowcol,0.4636061033866489,0.049005850041231404,0.20826171001936564,0.3302961630688382,0.32196487817209435,0.39531960587843373,0.17995456088803596,0.26346908555080106,0.7550812931269351
False,-65.0,-1.25,5192.509650873193,rowcol,0.4636061033866489,0.049005850041231404,0.20826171001936566,0.3302961630688382,0.32196487817209435,0.39531960587843373,0.17995456088803596,0.2634690855508011,0.7550812931269353
False,-5.0,1.25,5192.509650873193,rowcol,0.4636061033866778,0.049005850041230134,0.20826171001940033,0.33029616306882703,0.32196487817220776,0.3953196058784185,0.17995456088804643,0.26346908555079457,0.755081293127028
True,-90.0,1.5,5192.509650873193,rowcol,0.6109509996937835,0.061020710229126335,0.2098194911448153,0.32592798705510845,0.08326581618123545,0.3625266540401006,0.2253555420782095,0.2916145439518744,0.7553864604895544
True,30.0,1.5,5192.509650873193,rowcol,0.6109509996937835,0.061020710229126335,0.2098194911448153,0.32592798705510845,0.08326581618123546,0.36252665404010065,0.22535554207820951,0.29161454395187436,0.7553864604895544
True,20.0,-1.0,5192.509650873193,rowcol,0.4036797119054283,0.04244856209032779,0.2246217563375777,0.28167111805128525,0.34056520083168124,0.33010028785398954,0.1962403224858873,0.23328552040597467,0.7555363870640184
True,-20.0,-1.25,5192.509650873193,rowcol,0.5536698857440958,0.054676502022712424,0.2249805025622334,0.2824155254272675,0.3802495062263513,0.30605569080702816,0.18299418350564786,0.26088130591409975,0.7573570331139676
True,-70.0,1.75,5192.509650873193,rowcol,0.5815025089370867,0.05697165599543391,0.20829817192355543,0.33316638031774315,0.11770743704415305,0.2970867939587046,0.22084243190043518,0.3607261114057897,0.7580608960884094
True,50.0,1.75,5192.509650873193,rowcol,0.5815025089370867,0.05697165599543392,0.20829817192355546,0.33316638031774315,0.11770743704415305,0.2970867939587046,0.22084243190043518,0.3607261114057897,0.7580608960884095
True,55.0,1.75,5192.509650873193,rowcol,0.5521708273286855,0.05477042748903702,0.2082925525487161,0.33323994874577156,0.11770079692205897,0.2846180815816906,0.2208368107101613,0.3692064119864689,0.7581176063919197
True,-65.0,1.75,5192.509650873193,rowcol,0.5521708273286855,0.05477042748903702,0.20829255254871612,0.33323994874577156,0.11770079692205901,0.2846180815816906,0.22083681071016134,0.369206411986469,0.7581176063919199
True,0.0,-1.25,5192.509650873193,rowcol,0.4736055454968393,0.048218864206873165,0.2212776563217245,0.2946809074957042,0.3803475801944266,0.30421855114363605,0.17753773389921435,0.286414088103708,0.7585138764608776
False,-85.0,-1.0,5192.509650873193,rowcol,0.39892307300735264,0.040546445426952876,0.23233866791920837,0.2632827454349421,0.33921779685384085,0.29228472777252035,0.20699352045621805,0.2361510363020203,0.7602987491925672
False,35.0,-1.0,5192.509650873193,rowcol,0.39892307300735264,0.040546445426952876,0.23233866791920837,0.2632827454349421,0.33921779685384085,0.29228472777252035,0.20699352045621805,0.2361510363020203,0.7602987491925672
False,-25.0,1.0,5192.509650873193,rowcol,0.39892307300733315,0.04054644542695415,0.23233866791923152,0.2632827454349468,0.33921779685378256,0.29228472777248776,0.2069935204562662,0.2361510363020639,0.7602987491926414
False,25.0,-1.0,5192.509650873193,rowcol,0.39892307287107104,0.04054644676778255,0.23238139894583695,0.264700890885609,0.3394709156598313,0.2927917098616454,0.20697459195596182,0.23852947354725462,0.7618450877231199
False,-35.0,1.0,5192.509650873193,rowcol,0.3989230728710515,0.04054644676778382,0.23238139894586027,0.2647008908856153,0.33947091565977344,0.29279170986161346,0.20697459195601,0.23852947354730064,0.7618450877231961
False,85.0,1.0,5192.509650873193,rowcol,0.39892307287105155,0.04054644676778382,0.23238139894586027,0.2647008908856153,0.3394709156597734,0.29279170986161346,0.20697459195601,0.2385294735473006,0.7618450877231961
True,-30.0,1.25,5192.509650873193,rowcol,0.4135050459214043,0.0424228497131372,0.2275057876228333,0.27977685620990284,0.05689385792365017,0.2851568937411834,0.2461775841253409,0.27517088402153156,0.7622942190784028
True,90.0,1.25,5192.509650873193,rowcol,0.4135050459214043,0.0424228497131372,0.2275057876228333,0.27977685620990284,0.05689385792365017,0.2851568937411834,0.2461775841253409,0.27517088402153156,0.7622942190784028
True,0.0,1.75,5192.509650873193,rowcol,0.5176795535867689,0.05256912799028863,0.21364312325235543,0.3225655227693329,0.11770941321930191,0.2875608703172954,0.22679866748123206,0.34929894046307935,0.7634948925263992
True,-15.0,1.5,5192.509650873193,rowcol,0.42710595644587784,0.04540240974316552,0.22331552171359817,0.29401810067597556,0.0832037391211171,0.29984630826532077,0.24020436310951188,0.2890256737105476,0.76396466581677
False,5.0,-1.25,5192.509650873193,rowcol,0.46360610470217894,0.04900583759602671,0.20866739116651156,0.3386663150961204,0.323365600747714,0.3974748735286185,0.18005234786172133,0.2797986034077258,0.7646684885956552
False,-55.0,1.25,5192.509650873193,rowcol,0.46360610470220776,0.049005837596025455,0.2086673911665463,0.3386663150961113,0.3233656007478274,0.397474873528604,0.18005234786173183,0.2797986034077227,0.7646684885957502
False,65.0,1.25,5192.509650873193,rowcol,0.4636061047022078,0.049005837596025455,0.2086673911665463,0.3386663150961113,0.3233656007478274,0.397474873528604,0.18005234786173183,0.2797986034077227,0.7646684885957502
True,-65.0,-1.25,5192.509650873193,rowcol,0.44513023268604,0.04645079239786186,0.22655847523340847,0.2870816111505342,0.3803509040874274,0.31327126476327727,0.18524363936429697,0.2630455190794414,0.7667570368507596
True,55.0,-1.25,5192.509650873193,rowcol,0.44513023268604,0.04645079239786186,0.22655847523340847,0.2870816111505342,0.38035090408742733,0.31327126476327727,0.18524363936429697,0.2630455190794414,0.7667570368507596
False,-70.0,-1.25,5192.509650873193,rowcol,0.4361177758139132,0.04688678337131278,0.2152868269830596,0.3223344775201408,0.3138786099520659,0.386110683310685,0.1919340829153014,0.256713799197574,0.7681949584693196
False,50.0,-1.25,5192.509650873193,rowcol,0.4361177758139132,0.04688678337131278,0.2152868269830596,0.3223344775201408,0.3138786099520658,0.38611068331068493,0.1919340829153014,0.256713799197574,0.7681949584693196
False,-10.0,1.25,5192.509650873193,rowcol,0.4361177758139345,0.04688678337131234,0.21528682698310708,0.3223344775201498,0.3138786099522025,0.38611068331069626,0.19193408291532366,0.2567137991975805,0.7681949584694712
True,-45.0,1.5,5192.509650873193,rowcol,0.4271059567288451,0.04540240708125796,0.22328352959535575,0.2994391158776067,0.08320411901894433,0.29921131648527627,0.24016917485480127,0.29963055870438693,0.769289704663674
True,75.0,1.5,5192.509650873193,rowcol,0.4271059567288451,0.045402407081257964,0.22328352959535575,0.2994391158776067,0.08320411901894427,0.29921131648527627,0.2401691748548013,0.29963055870438693,0.769289704663674
True,-35.0,-1.25,5192.509650873193,rowcol,0.5606538268752626,0.05568763288506587,0.23070117905899457,0.28034039277801726,0.38021214109951046,0.30940450482722814,0.19124336179082588,0.25332948807015454,0.772443929955001
True,85.0,-1.25,5192.509650873193,rowcol,0.5606538268752626,0.05568763288506587,0.23070117905899457,0.2803403927780172,0.38021214109951046,0.30940450482722814,0.1912433617908259,0.25332948807015454,0.772443929955001
True,-25.0,-1.25,5192.509650873193,rowcol,0.5606538266974093,0.055687634675663795,0.23067551108439074,0.2815379870355537,0.3802121878708894,0.3090569420635017,0.19120673546423833,0.2561160085415369,0.7735645202887259
True,-60.0,1.75,5192.509650873193,rowcol,0.5176795557084307,0.05256910709701417,0.21369735510807897,0.3335906365077792,0.11770942426017485,0.2875439390627849,0.2268590640848894,0.3678804399766501,0.7746827018320162
True,60.0,1.75,5192.509650873193,rowcol,0.5176795557084308,0.05256910709701418,0.21369735510807897,0.3335906365077792,0.11770942426017494,0.2875439390627849,0.2268590640848894,0.3678804399766501,0.7746827018320162
True,5.0,-1.25,5192.509650873193,rowcol,0.44513023405617325,0.04645077926809998,0.226584224509863,0.29534567861124594,0.38035091880341887,0.3131693674201028,0.18528086470531113,0.27947757018019675,0.775098352140835
False,10.0,-1.25,5192.509650873193,rowcol,0.4361177766074143,0.04688677599055566,0.21560512505824542,0.3294372896453301,0.31513615698561254,0.38803340807205955,0.19198088158691573,0.2705048798859585,0.7762526648200663
False,-50.0,1.25,5192.509650873193,rowcol,0.4361177766074356,0.04688677599055521,0.21560512505829313,0.3294372896453417,0.3151361569857494,0.3880334080720716,0.1919808815869381,0.27050487988597005,0.776252664820221
False,70.0,1.25,5192.509650873193,rowcol,0.4361177766074356,0.04688677599055521,0.21560512505829313,0.3294372896453417,0.3151361569857494,0.38803340807207165,0.1919808815869381,0.27050487988597005,0.776252664820221
True,-30.0,-1.25,5192.509650873193,rowcol,0.5628970044178467,0.0560489775271798,0.23289675321570127,0.2807986470857942,0.3801974862086577,0.30912690449475316,0.1943693729441037,0.25454593168067724,0.7794889067328981
True,90.0,-1.25,5192.509650873193,rowcol,0.5628970044178467,0.0560489775271798,0.23289675321570127,0.2807986470857942,0.3801974862086577,0.30912690449475316,0.1943693729441037,0.2545459316806772,0.7794889067328981
False,-90.0,-1.0,5192.509650873193,rowcol,0.3955575633071892,0.039830783885398326,0.23886878146903445,0.26307354602676103,0.35189580857347924,0.28727692849660647,0.21186580250717463,0.24084314818419944,0.7796798904338644
False,30.0,-1.0,5192.509650873193,rowcol,0.39555756330718916,0.03983078388539832,0.23886878146903445,0.26307354602676103,0.3518958085734793,0.2872769284966064,0.21186580250717463,0.24084314818419944,0.7796798904338644
False,90.0,1.0,5192.509650873193,rowcol,0.39555756330716574,0.03983078388539974,0.23886878146905555,0.2630735460267618,0.3518958085733977,0.2872769284965572,0.21186580250722736,0.2408431481842504,0.7796798904339284
False,-30.0,1.0,5192.509650873193,rowcol,0.39555756330716574,0.03983078388539974,0.23886878146905555,0.26307354602676186,0.3518958085733977,0.2872769284965572,0.21186580250722736,0.2408431481842504,0.7796798904339286
False,15.0,1.5,5192.509650873193,rowcol,0.5760405450360356,0.05728454913415214,0.21072075479269575,0.34835766924871664,0.26950169754817777,0.40081378389363226,0.19813603371397775,0.2971587723311553,0.7805199336268038
False,75.0,-1.5,5192.509650873193,rowcol,0.5760405450360429,0.05728454913415266,0.2107207547927703,0.3483576692487459,0.2695016975483471,0.40081378389366684,0.1981360337140295,0.2971587723311794,0.7805199336270567
False,-45.0,-1.5,5192.509650873193,rowcol,0.5760405450360427,0.05728454913415266,0.2107207547927703,0.348357669248746,0.2695016975483471,0.40081378389366695,0.1981360337140295,0.2971587723311794,0.780519933627057
False,20.0,1.5,5192.509650873193,rowcol,0.5948856917544066,0.05993153158407167,0.2062965556144352,0.36470974186572985,0.1853814096826825,0.43708303751910366,0.20988448221065956,0.2901929232804179,0.7835994087090354
False,-40.0,-1.5,5192.509650873193,rowcol,0.5948856917544277,0.0599315315840709,0.20629655561451943,0.3647097418657197,0.18538140968284336,0.4370830375190683,0.20988448221073158,0.29019292328043916,0.7835994087092779
False,80.0,-1.5,5192.509650873193,rowcol,0.5948856917544277,0.05993153158407089,0.20629655561451943,0.3647097418657197,0.18538140968284342,0.4370830375190683,0.20988448221073158,0.29019292328043916,0.7835994087092779
True,-5.0,1.75,5192.509650873193,rowcol,0.4810536387575691,0.05021911714306426,0.22170905073802222,0.3195207882586446,0.11771800997431486,0.29185242983871507,0.23577290062667566,0.3410563803296074,0.7846479404727111
True,-85.0,-1.0,5192.509650873193,rowcol,0.39790564444516907,0.04145504962783777,0.23349059389329738,0.2845210531329346,0.3405953714185915,0.333020333514368,0.20811061114735524,0.23614472492355001,0.7849928348128267
True,35.0,-1.0,5192.509650873193,rowcol,0.39790564444516907,0.04145504962783777,0.23349059389329738,0.2845210531329346,0.3405953714185914,0.333020333514368,0.20811061114735524,0.23614472492355001,0.7849928348128267
True,15.0,1.75,5192.509650873193,rowcol,0.6043199991695273,0.05918270257285758,0.21748659093701064,0.33290078918306837,0.11773471071112032,0.3303886638319416,0.2310749332475184,0.33499887739421463,0.7853605619941003
True,25.0,-1.0,5192.509650873193,rowcol,0.397905644308539,0.041455050939279384,0.23347030549375047,0.28546546272469187,0.34059541318791103,0.33276204591003045,0.20808368631091656,0.23853711758174245,0.7858763792059433
False,-75.0,1.5,5192.509650873193,rowcol,0.5760405453982619,0.057284545491686344,0.2109934079397733,0.35406791520197795,0.2708877998272762,0.4025520720332108,0.19813453800188205,0.307429928239461,0.7870481390212979
False,45.0,1.5,5192.509650873193,rowcol,0.5760405453982619,0.057284545491686344,0.2109934079397733,0.35406791520197795,0.2708877998272762,0.40255207203321075,0.19813453800188202,0.307429928239461,0.7870481390212979
False,-15.0,-1.5,5192.509650873193,rowcol,0.5760405453982691,0.057284545491686864,0.21099340793984808,0.35406791520201053,0.2708877998274458,0.4025520720332465,0.19813453800193387,0.3074299282394908,0.7870481390215548
False,-80.0,1.5,5192.509650873193,rowcol,0.5948856916248694,0.05993153286987074,0.2064602982803914,0.3680486492575811,0.18675527021118235,0.4381147920718369,0.20985282642030903,0.29657497520067333,0.7874295440987552
False,40.0,1.5,5192.509650873193,rowcol,0.5948856916248694,0.05993153286987074,0.2064602982803914,0.3680486492575811,0.18675527021118232,0.4381147920718369,0.20985282642030903,0.29657497520067333,0.7874295440987552
False,-20.0,-1.5,5192.509650873193,rowcol,0.5948856916248904,0.05993153286986996,0.20646029828047582,0.3680486492575742,0.1867552702113436,0.4381147920718027,0.2098528264203811,0.2965749752007001,0.7874295440990017
True,-75.0,1.75,5192.509650873193,rowcol,0.604319999586474,0.05918269831537558,0.21744826778758397,0.33849102478650417,0.11773502393317607,0.3297163524555377,0.23103225970415112,0.34569805935614795,0.790835828149256
True,45.0,1.75,5192.509650873193,rowcol,0.604319999586474,0.05918269831537558,0.21744826778758397,0.33849102478650417,0.11773502393317607,0.32971635245553776,0.23103225970415112,0.34569805935614795,0.790835828149256
True,50.0,-1.25,5192.509650873193,rowcol,0.4188041812074563,0.044559448364522976,0.2349288962761364,0.2897090860453123,0.3803675698562543,0.3246653511640864,0.1971797467282524,0.25665164300171334,0.7944957748737214
True,-70.0,-1.25,5192.509650873193,rowcol,0.4188041812074563,0.044559448364522976,0.2349288962761364,0.28970908604531237,0.3803675698562543,0.3246653511640864,0.1971797467282524,0.25665164300171334,0.7944957748737216
True,-55.0,1.75,5192.509650873193,rowcol,0.4810536404492655,0.05021910093814282,0.22174588656241687,0.3298970645610132,0.11771807654131573,0.2916992888442748,0.2358138468543578,0.3588874333833635,0.7951347242482638
True,65.0,1.75,5192.509650873193,rowcol,0.4810536404492655,0.05021910093814282,0.22174588656241687,0.3298970645610132,0.11771807654131573,0.2916992888442748,0.2358138468543578,0.3588874333833635,0.7951347242482638
True,-90.0,-1.0,5192.509650873193,rowcol,0.3961401857586819,0.04108866375345839,0.23674874327307063,0.2866009683535067,0.34060719691765556,0.33294098794323074,0.21241454531349963,0.24082286939269462,0.7968471981727185
True,30.0,-1.0,5192.509650873193,rowcol,0.3961401857586819,0.04108866375345839,0.23674874327307063,0.2866009683535067,0.3406071969176556,0.33294098794323074,0.21241454531349963,0.24082286939269462,0.7968471981727185
False,-75.0,-1.25,5192.509650873193,rowcol,0.4109427874526944,0.04405073122040042,0.23063326792406863,0.30716343424747833,0.3198759080848278,0.36019981696409836,0.21032488249904158,0.2541317472805293,0.7990632380196843
False,45.0,-1.25,5192.509650873193,rowcol,0.4109427874526944,0.04405073122040042,0.23063326792406863,0.30716343424747833,0.3198759080848278,0.3601998169640983,0.21032488249904158,0.2541317472805293,0.7990632380196843
False,-15.0,1.25,5192.509650873193,rowcol,0.4109427874527013,0.044050731220400895,0.23063326792411584,0.3071634342475007,0.3198759080849267,0.3601998169641242,0.21032488249907544,0.2541317472805482,0.7990632380198482
True,10.0,-1.25,5192.509650873193,rowcol,0.4188041820337612,0.04455944059826966,0.23492863341179285,0.29632860125756855,0.38036761332042035,0.3243616164184689,0.19717936116900942,0.270513540300412,0.801114501492947
False,15.0,-1.25,5192.509650873193,rowcol,0.4109427877126123,0.04405072879566421,0.23084090156862194,0.31255761704811547,0.32085010908733375,0.3618125613910858,0.21032370686132792,0.26411721194471566,0.8050803217539813
False,-45.0,1.25,5192.509650873193,rowcol,0.4109427877126193,0.04405072879566469,0.2308409015686694,0.3125576170481409,0.32085010908743333,0.36181256139111256,0.21032370686136184,0.2641172119447403,0.8050803217541491
False,75.0,1.25,5192.509650873193,rowcol,0.4109427877126193,0.04405072879566469,0.2308409015686694,0.3125576170481409,0.3208501090874333,0.36181256139111256,0.21032370686136184,0.2641172119447403,0.8050803217541491
False,10.0,1.5,5192.509650873193,rowcol,0.552537808998535,0.05480099839837789,0.22131512962296443,0.34601852257521953,0.33731456278256483,0.38781363769730487,0.19279159099915752,0.30648844317098084,0.8099639114441128
False,-50.0,-1.5,5192.509650873193,rowcol,0.5525378089985262,0.05480099839837938,0.2213151296230178,0.3460185225752695,0.3373145627826759,0.3878136376973713,0.19279159099919455,0.30648844317101415,0.8099639114443229
False,70.0,-1.5,5192.509650873193,rowcol,0.5525378089985262,0.05480099839837938,0.2213151296230178,0.34601852257526955,0.3373145627826759,0.3878136376973713,0.19279159099919455,0.3064884431710142,0.8099639114443229
False,25.0,1.5,5192.509650873193,rowcol,0.6074279546780086,0.062048485555204896,0.2082413590498094,0.38615882316546424,0.11679833785757804,0.4761295490334926,0.2208670666603531,0.28961021000604525,0.8108829003148923
False,-35.0,-1.5,5192.509650873193,rowcol,0.6074279546780389,0.06204848555520292,0.20824135904989519,0.38615882316540917,0.11679833785760815,0.47612954903337384,0.22086706666044584,0.28961021000607406,0.8108829003150947
False,85.0,-1.5,5192.509650873193,rowcol,0.6074279546780389,0.06204848555520292,0.20824135904989519,0.38615882316540917,0.11679833785760817,0.47612954903337384,0.22086706666044584,0.28961021000607406,0.8108829003150947
False,-85.0,1.5,5192.509650873193,rowcol,0.6074279544740482,0.06204848755188915,0.20831286624334666,0.38761531252908166,0.11789628934414742,0.47660533931906596,0.22084045611697825,0.2925194613381584,0.8125539112591216
False,35.0,1.5,5192.509650873193,rowcol,0.6074279544740482,0.06204848755188915,0.2083128662433467,0.38761531252908166,0.11789628934414739,0.47660533931906596,0.22084045611697825,0.2925194613381584,0.8125539112591217
False,-25.0,-1.5,5192.509650873193,rowcol,0.6074279544740786,0.06204848755188717,0.2083128662434326,0.3876153125290284,0.1178962893441787,0.4766053393189477,0.22084045611707107,0.29251946133819046,0.8125539112593263
False,50.0,1.5,5192.509650873193,rowcol,0.5525378101214897,0.05480098707604735,0.2216866497298739,0.35395332568299154,0.33871866356942343,0.3901069334475724,0.19284750315455748,0.3204059145770853,0.8190132748726131
False,-70.0,1.5,5192.509650873193,rowcol,0.5525378101214897,0.05480098707604735,0.22168664972987392,0.35395332568299154,0.3387186635694235,0.3901069334475724,0.19284750315455748,0.32040591457708534,0.8190132748726133
False,-10.0,-1.5,5192.509650873193,rowcol,0.552537810121481,0.05480098707604884,0.22168664972992752,0.35395332568304366,0.33871866356953495,0.39010693344763947,0.19284750315459465,0.3204059145771227,0.8190132748728263
True,-10.0,1.75,5192.509650873193,rowcol,0.44699631908113324,0.047652081235947434,0.23550521888142895,0.3161518145816009,0.11771205889770359,0.29755467749673115,0.2510910176660921,0.33098389317810617,0.8226674712258877
False,-90.0,1.5,5192.509650873193,rowcol,0.6118741565055092,0.06287643397293433,0.21020767785310274,0.39716345901942207,0.09190992197645244,0.4942308497302794,0.22517077179123546,0.2914994478098801,0.8277864925787302
False,30.0,1.5,5192.509650873193,rowcol,0.6118741565055092,0.06287643397293433,0.2102076778531027,0.39716345901942207,0.09190992197645247,0.4942308497302794,0.22517077179123546,0.2914994478098801,0.8277864925787302
False,-30.0,-1.5,5192.509650873193,rowcol,0.6118741565055429,0.06287643397293184,0.2102076778531881,0.3971634590193467,0.0919099219763518,0.4942308497301224,0.2251707717913372,0.29149944780991516,0.8277864925789109
False,90.0,-1.5,5192.509650873193,rowcol,0.6118741565055428,0.06287643397293184,0.21020767785318817,0.3971634590193467,0.09190992197635181,0.4942308497301224,0.2251707717913372,0.29149944780991516,0.8277864925789111
True,-50.0,1.75,5192.509650873193,rowcol,0.44699632006762,0.04765207198229005,0.23550485106313515,0.32462748743185876,0.11771225552398928,0.2970905606762475,0.25109059299307757,0.34609379892750947,0.8311420406212642
True,70.0,1.75,5192.509650873193,rowcol,0.44699632006762013,0.04765207198229005,0.23550485106313515,0.32462748743185876,0.11771225552398928,0.29709056067624745,0.25109059299307757,0.34609379892750947,0.8311420406212642
True,-20.0,1.5,5192.509650873193,rowcol,0.4120696290515494,0.04330097409489991,0.2446261129116457,0.2973027124012779,0.08318223179333731,0.3013303876367878,0.2636069128068177,0.29387275012375025,0.831181051136215
True,-40.0,1.5,5192.509650873193,rowcol,0.41206962894439453,0.04330097511462912,0.24458498541211954,0.3004179727981397,0.08318263149203832,0.30066362844771427,0.26356176672239845,0.3002112233664872,0.8341729290344984
True,80.0,1.5,5192.509650873193,rowcol,0.4120696289443946,0.04330097511462912,0.24458498541211954,0.3004179727981397,0.08318263149203832,0.30066362844771427,0.26356176672239845,0.30021122336648715,0.8341729290344984
True,-75.0,-1.25,5192.509650873193,rowcol,0.39798670486732896,0.04263104620135286,0.2476236104012613,0.2962096920549684,0.38040182748119866,0.3394024363842738,0.21475004694823652,0.2542671767101164,0.8390805232587522
True,45.0,-1.25,5192.509650873193,rowcol,0.39798670486732896,0.04263104620135286,0.2476236104012613,0.2962096920549684,0.38040182748119866,0.3394024363842738,0.21475004694823652,0.2542671767101164,0.8390805232587522
True,20.0,1.75,5192.509650873193,rowcol,0.6202427029056605,0.061161264102387945,0.23236008924582452,0.3445538614904672,0.11777573250353056,0.36464404750952484,0.2475969435657108,0.32670325088123986,0.8416341292279408
True,15.0,-1.25,5192.509650873193,rowcol,0.3979867051357082,0.042631043695868884,0.2475995680533412,0.30070105934514185,0.38040189672593483,0.3389351215213215,0.21471724771012324,0.2642990368065813,0.8434997635051655
True,-50.0,-1.5,5192.509650873193,rowcol,0.5333340483155716,0.052221536101429135,0.2475756974508398,0.3016333905686089,0.4202631866180247,0.2969945017896488,0.20067884727025725,0.30548011949748505,0.8443604829211282
True,70.0,-1.5,5192.509650873193,rowcol,0.5333340483155716,0.052221536101429135,0.2475756974508398,0.3016333905686089,0.4202631866180247,0.2969945017896488,0.20067884727025725,0.30548011949748505,0.8443604829211282
True,-80.0,1.75,5192.509650873193,rowcol,0.6202427027555544,0.06116126562463064,0.23230957231241323,0.34769209974187554,0.11777606185129287,0.3640013720237031,0.24754086507891684,0.3333590567665887,0.8446208166791151
True,40.0,1.75,5192.509650873193,rowcol,0.6202427027555544,0.06116126562463064,0.23230957231241323,0.34769209974187554,0.11777606185129283,0.3640013720237031,0.24754086507891684,0.33335905676658883,0.8446208166791151
False,5.0,1.5,5192.509650873193,rowcol,0.5253040712981702,0.05282120016384287,0.2318562739608464,0.35504551794314554,0.3724127531110465,0.401187482706015,0.19564173990737807,0.3109851571529504,0.8506143398256847
False,-55.0,-1.5,5192.509650873193,rowcol,0.5253040712981466,0.052821200163844846,0.2318562739608695,0.35504551794319655,0.3724127531110746,0.4011874827060816,0.19564173990740066,0.31098515715298536,0.850614339825805
False,65.0,-1.5,5192.509650873193,rowcol,0.5253040712981466,0.05282120016384485,0.2318562739608695,0.35504551794319655,0.3724127531110746,0.4011874827060816,0.19564173990740064,0.3109851571529854,0.850614339825805
True,-55.0,-1.5,5192.509650873193,rowcol,0.5060080823772714,0.05024697823163378,0.24832519050572455,0.3056763508951716,0.42028272101538516,0.3003582543235908,0.20176330033512782,0.31007821443312267,0.8506519224123452
True,65.0,-1.5,5192.509650873193,rowcol,0.5060080823772714,0.05024697823163377,0.24832519050572455,0.30567635089517164,0.42028272101538516,0.3003582543235908,0.20176330033512782,0.31007821443312267,0.8506519224123452
True,-10.0,-1.5,5192.509650873193,rowcol,0.5333340494789606,0.05222152421983639,0.24757540130515668,0.30925341412331114,0.4202632338237561,0.29659598049232666,0.20067839730199935,0.31951025155833634,0.8519796180387812
False,-80.0,-1.25,5192.509650873193,rowcol,0.390912435987039,0.04095054852341805,0.252372634211524,0.2948965113772679,0.34645312286453167,0.3323310836578873,0.2311336515010422,0.25926342155365606,0.85201441401184
False,40.0,-1.25,5192.509650873193,rowcol,0.39091243598703895,0.04095054852341805,0.252372634211524,0.2948965113772679,0.34645312286453167,0.3323310836578873,0.2311336515010422,0.25926342155365606,0.85201441401184
False,-20.0,1.25,5192.509650873193,rowcol,0.39091243598702874,0.0409505485234192,0.25237263421156375,0.29489651137728634,0.34645312286454266,0.33233108365788927,0.23113365150109055,0.25926342155369264,0.8520144140119776
False,20.0,-1.25,5192.509650873193,rowcol,0.3909124358870649,0.040950549477766704,0.2524841941217968,0.2983597014310565,0.3470674568279398,0.33351295043315377,0.23110969795150071,0.26521337813294665,0.8558122837964468
False,80.0,1.25,5192.509650873193,rowcol,0.3909124358870547,0.04095054947776786,0.2524841941218367,0.2983597014310779,0.34706745682795137,0.33351295043315665,0.23110969795154915,0.26521337813298784,0.855812283796588
False,-40.0,1.25,5192.509650873193,rowcol,0.3909124358870547,0.04095054947776786,0.25248419412183676,0.2983597014310779,0.3470674568279514,0.33351295043315665,0.23110969795154915,0.26521337813298784,0.8558122837965882
True,75.0,-1.5,5192.509650873193,rowcol,0.5544400086195928,0.054168830674985985,0.2524894328893241,0.300163619948986,0.4202221594152036,0.30521474510406954,0.20780607745554508,0.2958489239922609,0.8576319186169581
True,-45.0,-1.5,5192.509650873193,rowcol,0.5544400086195928,0.05416883067498599,0.25248943288932413,0.300163619948986,0.42022215941520374,0.30521474510406954,0.2078060774555451,0.29584892399226087,0.8576319186169583
True,-5.0,-1.5,5192.509650873193,rowcol,0.5060080841967171,0.05024695990905065,0.2483533841192699,0.3149821211093846,0.4202827369967436,0.30023071424660014,0.2018043174836952,0.32687295793517973,0.8600422734671943
False,55.0,1.5,5192.509650873193,rowcol,0.5253040730507823,0.05282118273420445,0.23229356761235248,0.36438575757277314,0.3738662507427214,0.40373656060790736,0.19574967915436398,0.3276538391274619,0.8612664604098306
False,-65.0,1.5,5192.509650873193,rowcol,0.5253040730507823,0.05282118273420445,0.23229356761235254,0.3643857575727731,0.3738662507427214,0.40373656060790736,0.19574967915436398,0.3276538391274619,0.8612664604098308
False,-5.0,-1.5,5192.509650873193,rowcol,0.5253040730507588,0.05282118273420643,0.23229356761237568,0.36438575757282454,0.37386625074274976,0.4037365606079739,0.19574967915438662,0.3276538391274982,0.8612664604099516
True,-15.0,-1.5,5192.509650873193,rowcol,0.554440008995931,0.054168826823010434,0.25246113907777684,0.30547547582314993,0.4202222346349139,0.30459094530444025,0.20776540404291688,0.30621737879084027,0.8628588930564804
True,-60.0,-1.5,5192.509650873193,rowcol,0.4737451318163138,0.04824836990265307,0.2523654757100123,0.30915141554480247,0.42028638103485627,0.3109472515681409,0.20760428507560758,0.307633020972429,0.8662478426748392
True,60.0,-1.5,5192.509650873193,rowcol,0.4737451318163138,0.04824836990265307,0.2523654757100123,0.3091514155448025,0.42028638103485644,0.3109472515681409,0.20760428507560758,0.307633020972429,0.8662478426748392
True,5.0,2.0,5192.509650873193,rowcol,0.5635638139548617,0.055764356375347233,0.23944918607955018,0.34961744694477936,0.1550103667180116,0.2897274269472468,0.25180785342818873,0.3929811246944022,0.8679650051834298
True,10.0,2.0,5192.509650873193,rowcol,0.5964406595185987,0.058234404531379624,0.24056750248954847,0.3519489184537588,0.15502194847042683,0.3067645082943191,0.2530636287110821,0.3858741989560393,0.8736514259224042
True,0.0,-1.5,5192.509650873193,rowcol,0.47374513380353234,0.04824835039038073,0.25240482962194716,0.3190224716336631,0.420286383685324,0.31093383065696006,0.20766083976025354,0.32566945095582134,0.8762369604995046
False,0.0,1.5,5192.509650873193,rowcol,0.4948679158800675,0.05119156745159204,0.23796624637517566,0.36482328141360115,0.3780009586638229,0.42222362636925587,0.2022502491339138,0.3083874877400036,0.8787220205391282
False,-60.0,-1.5,5192.509650873193,rowcol,0.4948679158800339,0.051191567451594,0.2379662463751645,0.3648232814136378,0.3780009586637643,0.42222362636930555,0.20225024913391826,0.3083874877400261,0.8787220205391313
False,60.0,-1.5,5192.509650873193,rowcol,0.4948679158800339,0.051191567451594,0.2379662463751645,0.3648232814136378,0.3780009586637643,0.4222236263693056,0.20225024913391826,0.30838748774002617,0.8787220205391313
True,55.0,2.0,5192.509650873193,rowcol,0.5635638162142439,0.05576433354165224,0.2394881707938738,0.36046256576300817,0.15501042449210609,0.28955111760749697,0.2518516753706227,0.4107278130255156,0.8789270781446294
True,-65.0,2.0,5192.509650873193,rowcol,0.5635638162142439,0.05576433354165224,0.23948817079387383,0.36046256576300817,0.15501042449210614,0.289551117607497,0.2518516753706227,0.4107278130255156,0.8789270781446297
True,-25.0,1.5,5192.509650873193,rowcol,0.40421509180633547,0.04175714316286731,0.26067727154219006,0.3001033613068693,0.0831621118072194,0.2946067312460176,0.2812086905159327,0.3046492067784642,0.8821351759334395
True,50.0,2.0,5192.509650873193,rowcol,0.5964406609890653,0.05823438947075956,0.24056709691839684,0.3606586044435115,0.15502211910279212,0.3062499833201942,0.2530631538373374,0.4007373427338587,0.882359895198702
True,-70.0,2.0,5192.509650873193,rowcol,0.5964406609890653,0.05823438947075956,0.24056709691839684,0.36065860444351155,0.15502211910279212,0.3062499833201942,0.2530631538373374,0.4007373427338587,0.8823598951987022
True,0.0,2.0,5192.509650873193,rowcol,0.5247913971522754,0.05328633401753059,0.2446106663589463,0.3490782574873045,0.15501743733768603,0.2918548078600092,0.25760566327624407,0.3907685989017149,0.8829102565641433
True,-35.0,1.5,5192.509650873193,rowcol,0.4042150916255398,0.04175714491299499,0.260650012717582,0.30144563610281067,0.08316236840993503,0.2941686269672137,0.28117880210533147,0.3074322108370061,0.8833956742555567
True,85.0,1.5,5192.509650873193,rowcol,0.4042150916255398,0.04175714491299499,0.260650012717582,0.30144563610281067,0.08316236840993496,0.2941686269672137,0.2811788021053315,0.30743221083700617,0.8833956742555567
True,-40.0,-1.5,5192.509650873193,rowcol,0.569033847560455,0.05588665134790414,0.2612853146127647,0.30102050169406414,0.42016971290375,0.3153822817625432,0.22030487414307784,0.28838925804531557,0.8848764455323583
True,80.0,-1.5,5192.509650873193,rowcol,0.569033847560455,0.05588665134790414,0.2612853146127647,0.30102050169406414,0.42016971290375,0.3153822817625432,0.22030487414307784,0.28838925804531557,0.8848764455323583
True,-65.0,-1.5,5192.509650873193,rowcol,0.439386534493217,0.046121397928852996,0.25811114869081925,0.3106896854965366,0.42029012176423775,0.3222212306755753,0.2157930185169714,0.300649577733306,0.8850231315689943
True,55.0,-1.5,5192.509650873193,rowcol,0.439386534493217,0.046121397928853,0.2581111486908192,0.3106896854965366,0.42029012176423775,0.3222212306755753,0.21579301851697139,0.300649577733306,0.8850231315689943
True,-20.0,-1.5,5192.509650873193,rowcol,0.5690338474250327,0.05588665272676484,0.2612468092642154,0.30409772340267494,0.42016979203345817,0.3147452916371531,0.2202508516922186,0.29484572219126937,0.8878381511953211
True,-15.0,1.75,5192.509650873193,rowcol,0.4201677914347463,0.04498157239786149,0.2571197635841026,0.3167046089579303,0.11768634619195908,0.30648592424834165,0.275020991063704,0.32504982418601625,0.8880638997102381
True,25.0,1.75,5192.509650873193,rowcol,0.6294597784083233,0.06254005537763387,0.24496385416951977,0.353852903319066,0.11781207823221916,0.3842247949895576,0.2615633138721074,0.32612815034219556,0.8887444658276253
False,-60.0,1.5,5192.509650873193,rowcol,0.49486791778246425,0.051191549061154716,0.23842276498260584,0.3745003826363167,0.3794964506003777,0.424756359743154,0.20237538094542842,0.3262976417881551,0.8897686775841342
False,60.0,1.5,5192.509650873193,rowcol,0.49486791778246425,0.051191549061154716,0.23842276498260584,0.3745003826363167,0.3794964506003777,0.424756359743154,0.20237538094542842,0.32629764178815507,0.8897686775841342
False,0.0,-1.5,5192.509650873193,rowcol,0.4948679177824307,0.05119154906115668,0.2384227649825947,0.37450038263635227,0.37949645060031933,0.42475635974320336,0.20237538094543284,0.32629764178817644,0.8897686775841364
True,-85.0,1.75,5192.509650873193,rowcol,0.6294597781708503,0.06254005776777759,0.24493001066955,0.3551815713854091,0.11781228955387765,0.3838329809267724,0.26152582326636054,0.3291610517615098,0.8899716033940592
True,35.0,1.75,5192.509650873193,rowcol,0.6294597781708503,0.06254005776777759,0.24493001066955,0.3551815713854091,0.11781228955387757,0.3838329809267724,0.26152582326636054,0.3291610517615098,0.8899716033940592
False,55.0,-1.5,5192.509650873193,rowcol,0.46207178597912746,0.0493784493080725,0.24131531375947782,0.3665037621753699,0.36748015464788325,0.43161872425163583,0.21031527738832786,0.3010299367312604,0.8904497034538034
False,-65.0,-1.5,5192.509650873193,rowcol,0.46207178597912746,0.0493784493080725,0.24131531375947785,0.3665037621753699,0.36748015464788325,0.4316187242516358,0.21031527738832786,0.3010299367312604,0.8904497034538035
False,-5.0,1.5,5192.509650873193,rowcol,0.46207178597916293,0.0493784493080711,0.241315313759519,0.3665037621753567,0.367480154648016,0.4316187242516145,0.21031527738834147,0.30102993673125655,0.8904497034539137
True,-80.0,-1.25,5192.509650873193,rowcol,0.38421002824771205,0.04087424755179718,0.2619671955401307,0.30487477586913386,0.3804462242513944,0.351388582093926,0.2339938560024731,0.2593784236246763,0.890776362489526
True,40.0,-1.25,5192.509650873193,rowcol,0.38421002824771205,0.04087424755179718,0.2619671955401307,0.30487477586913386,0.3804462242513944,0.351388582093926,0.23399385600247313,0.2593784236246763,0.890776362489526
True,20.0,-1.25,5192.509650873193,rowcol,0.384210028145994,0.04087424850792735,0.2619351920430416,0.3074090822401174,0.3804462970779522,0.3509123082637409,0.2339514727988769,0.26535854602423875,0.8932146583692422
True,-45.0,1.75,5192.509650873193,rowcol,0.4201677917500102,0.04498156945301682,0.2570873467043502,0.3225758005864656,0.11768665954273665,0.3057610597350306,0.2749851353996941,0.33606617134614686,0.8938378406995162
True,75.0,1.75,5192.509650873193,rowcol,0.4201677917500101,0.04498156945301682,0.2570873467043502,0.3225758005864656,0.11768665954273651,0.3057610597350306,0.27498513539969405,0.33606617134614686,0.8938378406995162
True,5.0,-1.5,5192.509650873193,rowcol,0.4393865361198091,0.04612138243273129,0.2581382704343815,0.3198498976716848,0.4202901377453148,0.3221023476083201,0.2158313651123886,0.31794325816742375,0.8942647089748292
True,-60.0,2.0,5192.509650873193,rowcol,0.5247913995441721,0.05328631046088781,0.244664799970815,0.36072604944597664,0.15501744691902067,0.2918357424819257,0.25766643424441815,0.40979277545112186,0.8947204493584217
True,60.0,2.0,5192.509650873193,rowcol,0.5247913995441721,0.05328631046088782,0.244664799970815,0.36072604944597664,0.15501744691902075,0.2918357424819257,0.2576664342444181,0.40979277545112186,0.8947204493584217
False,5.0,-1.5,5192.509650873193,rowcol,0.46207178752586264,0.04937843483409063,0.24173549357608468,0.37555777415859865,0.36895308485592354,0.4339860773486092,0.21041568508705277,0.3182210055819537,0.9007642548868526
False,-55.0,1.5,5192.509650873193,rowcol,0.46207178752589806,0.04937843483408922,0.24173549357612592,0.3755577741585875,0.3689530848560562,0.4339860773485885,0.21041568508706643,0.3182210055819532,0.9007642548869652
False,65.0,1.5,5192.509650873193,rowcol,0.46207178752589806,0.04937843483408922,0.24173549357612592,0.37555777415858743,0.3689530848560562,0.4339860773485885,0.21041568508706643,0.3182210055819532,0.9007642548869652
True,-30.0,1.5,5192.509650873193,rowcol,0.4018597807623131,0.04118038167972169,0.26652196715418447,0.3013580251710419,0.08315395334919738,0.2894967134011885,0.2876135474998668,0.3109832412629381,0.9009239266335953
True,90.0,1.5,5192.509650873193,rowcol,0.4018597807623131,0.0411803816797217,0.26652196715418447,0.3013580251710419,0.08315395334919738,0.2894967134011885,0.2876135474998668,0.3109832412629381,0.9009239266335953
False,-70.0,-1.5,5192.509650873193,rowcol,0.428721982801546,0.04681467638741635,0.24837571241493198,0.35581957019724103,0.35501262589542215,0.41878192708560724,0.22352193132137912,0.29256091644792936,0.900946707442037
False,50.0,-1.5,5192.509650873193,rowcol,0.42872198280154594,0.04681467638741635,0.24837571241493203,0.3558195701972409,0.3550126258954221,0.41878192708560724,0.22352193132137915,0.29256091644792936,0.900946707442037
False,-10.0,1.5,5192.509650873193,rowcol,0.42872198280157336,0.04681467638741595,0.24837571241499024,0.35581957019725224,0.35501262589559,0.41878192708561907,0.22352193132140713,0.2925609164479405,0.900946707442223
True,-5.0,2.0,5192.509650873193,rowcol,0.48334986320207035,0.05061943211988726,0.2528797465548723,0.34523436885866865,0.15502445761267059,0.2959201479616006,0.26687810863156236,0.38180781187780793,0.9038736085232855
True,-90.0,1.75,5192.509650873193,rowcol,0.6324458879850934,0.06303322376311452,0.2497030681153461,0.3575167947484845,0.11782653072465125,0.38937074324129356,0.2668077969532926,0.32834434768224124,0.9066259990945227
True,30.0,1.75,5192.509650873193,rowcol,0.6324458879850934,0.0630332237631145,0.2497030681153461,0.3575167947484845,0.11782653072465128,0.38937074324129356,0.2668077969532926,0.32834434768224124,0.9066259990945227
False,-85.0,-1.25,5192.509650873193,rowcol,0.3782479264453058,0.038483945596242734,0.2718189576558378,0.29152651874513774,0.3795536122841667,0.3162738438898505,0.24717214426754647,0.2689572898852033,0.9069833917126511
False,35.0,-1.25,5192.509650873193,rowcol,0.3782479264453058,0.038483945596242734,0.2718189576558378,0.29152651874513774,0.37955361228416673,0.31627384388985047,0.24717214426754647,0.26895728988520334,0.9069833917126511
False,-25.0,1.25,5192.509650873193,rowcol,0.3782479264452816,0.038483945596244275,0.27181895765587055,0.2915265187451374,0.379553612284096,0.31627384388979374,0.2471721442676088,0.2689572898852588,0.906983391712749
False,25.0,-1.25,5192.509650873193,rowcol,0.378247926274971,0.03848394727041648,0.271864613778819,0.2931200882513137,0.37983638674256553,0.31684472245400946,0.24715232992914926,0.2715681602035976,0.9087139295877706
False,85.0,1.25,5192.509650873193,rowcol,0.37824792627494674,0.038483947270418026,0.2718646137788517,0.29312008825131525,0.3798363867424952,0.3168447224539534,0.24715232992921166,0.27156816020365565,0.9087139295878703
False,-35.0,1.25,5192.509650873193,rowcol,0.37824792627494674,0.03848394727041802,0.27186461377885174,0.2931200882513153,0.3798363867424952,0.3168447224539534,0.24715232992921166,0.27156816020365565,0.9087139295878706
True,85.0,-1.5,5192.509650873193,rowcol,0.5774118839665499,0.05707420645769488,0.2690696717257574,0.30194732022567283,0.42012516738836947,0.318394416951505,0.23113213867230062,0.2873877507101416,0.909156335402945
True,-35.0,-1.5,5192.509650873193,rowcol,0.5774118839665499,0.05707420645769488,0.26906967172575746,0.30194732022567283,0.4201251673883696,0.318394416951505,0.23113213867230065,0.2873877507101416,0.9091563354029453
False,10.0,-1.5,5192.509650873193,rowcol,0.42872198372666087,0.04681466791534807,0.24870680905294848,0.3635388562085996,0.3563469984863439,0.42090290841470734,0.22357015378829384,0.307110756570083,0.9096592833674451
False,70.0,1.5,5192.509650873193,rowcol,0.4287219837266883,0.04681466791534768,0.24870680905300693,0.36353885620861376,0.3563469984865119,0.4209029084147201,0.22357015378832185,0.30711075657009934,0.9096592833676346
False,-50.0,1.5,5192.509650873193,rowcol,0.42872198372668824,0.04681466791534768,0.24870680905300696,0.36353885620861376,0.3563469984865119,0.42090290841472006,0.22357015378832187,0.30711075657009934,0.9096592833676347
True,-25.0,-1.5,5192.509650873193,rowcol,0.5774118837519868,0.05707420862839932,0.26904326247638366,0.3032815037180337,0.4201252181819353,0.3179890874577323,0.23109577278315127,0.2903363947324192,0.9104112911471847
True,65.0,2.0,5192.509650873193,rowcol,0.48334986507890937,0.050619414198508,0.25291665553264453,0.35621338546506587,0.15502451538151374,0.2957475304239986,0.2669194501829101,0.4000511688511317,0.9149633520629994
True,-55.0,2.0,5192.509650873193,rowcol,0.4833498650789093,0.050619414198508,0.25291665553264453,0.3562133854650659,0.15502451538151374,0.2957475304239986,0.2669194501829101,0.4000511688511317,0.9149633520629996
False,15.0,1.75,5192.509650873193,rowcol,0.5923458681953963,0.058857055634842,0.24462979325723258,0.38208263244381635,0.3036022275755165,0.4327701899483091,0.232272602576737,0.33354435010250744,0.915972012215514
False,-45.0,-1.75,5192.509650873193,rowcol,0.5923458681954057,0.058857055634842705,0.24462979325731996,0.3820826324438513,0.3036022275757211,0.4327701899483496,0.23227260257679705,0.33354435010253713,0.9159720122158111
False,75.0,-1.75,5192.509650873193,rowcol,0.5923458681954056,0.058857055634842705,0.24462979325731996,0.3820826324438513,0.30360222757572114,0.43277018994834954,0.23227260257679705,0.3335443501025372,0.9159720122158111
True,-70.0,-1.5,5192.509650873193,rowcol,0.40726960615041585,0.043829002315841754,0.26766252815509806,0.31383870504266187,0.4203098612346742,0.3373335400397703,0.22913062814525514,0.2926231011634595,0.916826289507956
True,50.0,-1.5,5192.509650873193,rowcol,0.4072696061504158,0.043829002315841754,0.2676625281550981,0.31383870504266187,0.4203098612346742,0.3373335400397703,0.22913062814525514,0.2926231011634595,0.9168262895079562
True,15.0,2.0,5192.509650873193,rowcol,0.6220724068004326,0.0607189970403501,0.252054575252317,0.36155346909947333,0.15505898767098952,0.3477398623281169,0.26594993538125894,0.3727745180614394,0.9177171948564244
True,-30.0,-1.5,5192.509650873193,rowcol,0.5801131104280282,0.05749757803732446,0.27205215691769774,0.3024962949465815,0.42010765393829197,0.3176512772071836,0.23522927743147076,0.28913684554686925,0.9186527656996746
True,90.0,-1.5,5192.509650873193,rowcol,0.5801131104280282,0.05749757803732445,0.27205215691769774,0.3024962949465815,0.42010765393829197,0.3176512772071836,0.23522927743147076,0.28913684554686925,0.9186527656996746
False,-75.0,1.75,5192.509650873193,rowcol,0.5923458686207714,0.058857051353804014,0.24490382014942408,0.38815665989627507,0.30503800892410243,0.43464575721982696,0.23227111420499744,0.34423337436004897,0.9228681203445472
False,45.0,1.75,5192.509650873193,rowcol,0.5923458686207714,0.058857051353804014,0.24490382014942408,0.388156659896275,0.30503800892410243,0.43464575721982696,0.23227111420499746,0.34423337436004897,0.9228681203445472
False,-15.0,-1.75,5192.509650873193,rowcol,0.5923458686207809,0.05885705135380472,0.24490382014951176,0.3881566598963134,0.3050380089243074,0.4346457572198684,0.23227111420505764,0.34423337436008467,0.9228681203448487
True,-75.0,2.0,5192.509650873193,rowcol,0.6220724072790271,0.060718992137099484,0.25201678466620053,0.36743750250361495,0.15505925947261917,0.3470098216121911,0.2659075616808872,0.38377616016489846,0.9234878565022164
True,45.0,2.0,5192.509650873193,rowcol,0.6220724072790271,0.060718992137099484,0.25201678466620053,0.36743750250361495,0.15505925947261917,0.3470098216121911,0.2659075616808872,0.3837761601648984,0.9234878565022164
True,10.0,-1.5,5192.509650873193,rowcol,0.4072696071242599,0.04382899326664787,0.26766225102686175,0.3211695669848527,0.42030990843516336,0.3369827277275294,0.22913022962180354,0.3072414676549699,0.9241563200654379
False,20.0,1.75,5192.509650873193,rowcol,0.6139330551536337,0.061848480376784476,0.24254270313297505,0.40102672050435656,0.21378075120509116,0.47525740796581245,0.24742539304709102,0.3257582554361903,0.9286548299032817
False,-40.0,-1.75,5192.509650873193,rowcol,0.6139330551536588,0.061848480376783664,0.24254270313307155,0.40102672050434707,0.21378075120527107,0.47525740796577154,0.24742539304717456,0.32575825543621867,0.9286548299035617
False,80.0,-1.75,5192.509650873193,rowcol,0.6139330551536588,0.061848480376783664,0.24254270313307155,0.40102672050434707,0.21378075120527115,0.4752574079657716,0.24742539304717456,0.32575825543621867,0.9286548299035617
True,-85.0,-1.25,5192.509650873193,rowcol,0.376900307158783,0.03959933931304645,0.2730200974703267,0.31174287085453345,0.3804838607846847,0.35596705385376004,0.24847315687042706,0.2689797408126751,0.9308031632655134
True,35.0,-1.25,5192.509650873193,rowcol,0.37690030715878303,0.03959933931304645,0.2730200974703267,0.31174287085453345,0.3804838607846846,0.35596705385376004,0.248473156870427,0.2689797408126751,0.9308031632655134
False,-90.0,-1.25,5192.509650873193,rowcol,0.3739608888964963,0.03755118653842693,0.2796114411039349,0.2922703025181191,0.3945304539696591,0.3120568017137554,0.25310297785550445,0.2745282915798672,0.9311046258299238
False,30.0,-1.25,5192.509650873193,rowcol,0.37396088889649626,0.03755118653842693,0.2796114411039349,0.2922703025181191,0.3945304539696591,0.3120568017137554,0.2531029778555045,0.2745282915798672,0.9311046258299238
False,-30.0,1.25,5192.509650873193,rowcol,0.37396088889646667,0.037551186538428656,0.27961144110396496,0.29227030251811154,0.39453045396955716,0.3120568017136724,0.2531029778555728,0.2745282915799318,0.9311046258300064
False,90.0,1.25,5192.509650873193,rowcol,0.37396088889646667,0.037551186538428656,0.27961144110396496,0.29227030251811154,0.39453045396955716,0.3120568017136724,0.2531029778555728,0.2745282915799318,0.9311046258300064
True,25.0,-1.25,5192.509650873193,rowcol,0.37690030698783905,0.039599340940063774,0.2729984089480054,0.31282022075092053,0.3804839075226622,0.3556649958311699,0.2484449682785228,0.2716056465909641,0.9318154475949367
False,-75.0,-1.5,5192.509650873193,rowcol,0.39786662324425914,0.043350702785671415,0.26500634836177017,0.33706863312987834,0.3567218435068255,0.38713180191678437,0.24461081687811284,0.2883132719862061,0.9320876782151888
False,45.0,-1.5,5192.509650873193,rowcol,0.39786662324425914,0.043350702785671415,0.26500634836177017,0.33706863312987834,0.3567218435068255,0.3871318019167843,0.24461081687811284,0.2883132719862061,0.9320876782151888
False,-15.0,1.5,5192.509650873193,rowcol,0.39786662324426947,0.043350702785672116,0.26500634836182946,0.3370686331299059,0.35672184350695335,0.3871318019168152,0.24461081687815475,0.28831327198623086,0.9320876782153944
False,40.0,1.75,5192.509650873193,rowcol,0.6139330550019848,0.061848481882113095,0.24270519781023825,0.404587085257865,0.21517129021040832,0.4763963780594376,0.24739406512663914,0.3323963892812856,0.9327026786885797
False,-80.0,1.75,5192.509650873193,rowcol,0.6139330550019848,0.061848481882113095,0.24270519781023828,0.404587085257865,0.21517129021040837,0.4763963780594376,0.24739406512663914,0.3323963892812856,0.9327026786885798
False,-20.0,-1.75,5192.509650873193,rowcol,0.6139330550020099,0.061848481882112276,0.24270519781033498,0.40458708525785886,0.2151712902105887,0.47639637805939783,0.24739406512672274,0.33239638928131954,0.9327026786888638
False,15.0,-1.5,5192.509650873193,rowcol,0.39786662354802177,0.043350699997780795,0.26522319976265957,0.34296637454821466,0.35777018985491366,0.38893004839724016,0.24460960371789114,0.2988887786566527,0.9386359738361933
False,-45.0,1.5,5192.509650873193,rowcol,0.3978666235480321,0.04335069999778149,0.2652231997627191,0.34296637454824574,0.3577701898550421,0.38893004839727197,0.24460960371793314,0.2988887786566833,0.938635973836403
False,75.0,1.5,5192.509650873193,rowcol,0.3978666235480321,0.04335069999778149,0.265223199762719,0.3429663745482458,0.35777018985504205,0.38893004839727197,0.24460960371793314,0.2988887786566833,0.938635973836403
False,10.0,1.75,5192.509650873193,rowcol,0.565534263212033,0.0560512977179056,0.25456530899746443,0.3795919647859273,0.3795845977530041,0.4172497339200792,0.22439311141598164,0.3447524500051184,0.9432878917783207
False,-50.0,-1.75,5192.509650873193,rowcol,0.5655342632120242,0.056051297717907414,0.25456530899752866,0.37959196478598767,0.37958459775314424,0.4172497339201612,0.22439311141602458,0.34475245000515725,0.9432878917785736
False,70.0,-1.75,5192.509650873193,rowcol,0.5655342632120242,0.056051297717907414,0.25456530899752866,0.37959196478598767,0.37958459775314424,0.4172497339201612,0.22439311141602455,0.3447524500051573,0.9432878917785736
True,-10.0,2.0,5192.509650873193,rowcol,0.4445663318155835,0.04768502576331404,0.2677163550351779,0.3408580678208874,0.15501347266658777,0.30246121915260676,0.28347191166089986,0.37007819226249167,0.944007132926421
True,-90.0,-1.25,5192.509650873193,rowcol,0.3746824102150524,0.039126573483812474,0.2770965905938722,0.3145020402249838,0.3804985822311794,0.35625626670698973,0.25374826693698216,0.2745140165252075,0.9457918120066005
True,30.0,-1.25,5192.509650873193,rowcol,0.3746824102150524,0.039126573483812474,0.2770965905938722,0.3145020402249838,0.38049858223117944,0.35625626670698973,0.25374826693698216,0.2745140165252075,0.9457918120066005
False,-70.0,1.75,5192.509650873193,rowcol,0.5655342645305231,0.056051284414886354,0.254942172773314,0.38803414200690023,0.38104053428371276,0.4197380665557589,0.2244491573015942,0.3592118225844942,0.9528606603268421
False,50.0,1.75,5192.509650873193,rowcol,0.5655342645305232,0.056051284414886354,0.254942172773314,0.3880341420069003,0.3810405342837127,0.41973806655575885,0.22444915730159418,0.3592118225844942,0.9528606603268424
False,-10.0,-1.75,5192.509650873193,rowcol,0.5655342645305144,0.056051284414888165,0.2549421727733784,0.38803414200696273,0.3810405342838532,0.4197380665558415,0.22444915730163723,0.35921182258453715,0.9528606603270979
True,70.0,2.0,5192.509650873193,rowcol,0.44456633289321035,0.047685015716624306,0.267715984892582,0.349844452665382,0.15501364330828285,0.3019393611734732,0.28347148136284706,0.3855515504055055,0.952992407343128
True,-50.0,2.0,5192.509650873193,rowcol,0.44456633289321035,0.0476850157166243,0.2677159848925821,0.3498444526653821,0.15501364330828285,0.30193936117347325,0.28347148136284706,0.3855515504055055,0.9529924073431284
True,-20.0,1.75,5192.509650873193,rowcol,0.4027246062371009,0.04249856230368254,0.2813414393522004,0.3204293339411917,0.11764892018258427,0.3093100093873057,0.3017580829763195,0.3294902103949861,0.9644536519977929
True,-50.0,-1.75,5192.509650873193,rowcol,0.5434152945476309,0.052919185440155156,0.28000026068409195,0.32523131229155483,0.46025532619983156,0.30183030184975757,0.23254639859278523,0.3436800570010286,0.9652320943438306
True,70.0,-1.75,5192.509650873193,rowcol,0.5434152945476308,0.05291918544015516,0.28000026068409195,0.32523131229155483,0.46025532619983156,0.3018303018497576,0.2325463985927852,0.3436800570010286,0.9652320943438306
False,25.0,1.75,5192.509650873193,rowcol,0.6283839719453458,0.06424925309276784,0.2472779550962262,0.42523269523028934,0.14952357563438023,0.5192755497928551,0.26118347859920504,0.3257646119872216,0.9670665605189679
False,-35.0,-1.75,5192.509650873193,rowcol,0.6283839719453812,0.06424925309276555,0.24727795509632272,0.42523269523022666,0.14952357563438748,0.5192755497927137,0.26118347859931246,0.32576461198726037,0.9670665605191948
False,85.0,-1.75,5192.509650873193,rowcol,0.6283839719453812,0.06424925309276555,0.24727795509632272,0.42523269523022666,0.14952357563438745,0.5192755497927137,0.26118347859931246,0.32576461198726037,0.9670665605191948
True,-40.0,1.75,5192.509650873193,rowcol,0.4027246061171295,0.04249856344055433,0.2812997194344217,0.3238014106910646,0.11764924988534545,0.30855210152936063,0.3017120721292977,0.3360907270079572,0.9677005689943297
True,80.0,1.75,5192.509650873193,rowcol,0.4027246061171295,0.04249856344055433,0.28129971943442167,0.3238014106910646,0.11764924988534545,0.30855210152936063,0.3017120721292977,0.3360907270079572,0.9677005689943297
False,-85.0,1.75,5192.509650873193,rowcol,0.6283839717074662,0.06424925541932752,0.2473482122425018,0.42677292219719515,0.15052551346683352,0.5197791557939301,0.2611572253611458,0.3287832291350202,0.9688175589247006
False,35.0,1.75,5192.509650873193,rowcol,0.6283839717074662,0.06424925541932752,0.24734821224250186,0.42677292219719515,0.1505255134668335,0.5197791557939302,0.2611572253611458,0.3287832291350202,0.9688175589247008
False,-25.0,-1.75,5192.509650873193,rowcol,0.6283839717075017,0.06424925541932523,0.24734821224259854,0.4267729221971345,0.15052551346684198,0.5197791557937894,0.2611572253612531,0.3287832291350622,0.96881755892493
True,45.0,-1.5,5192.509650873193,rowcol,0.3817022763979478,0.04148187612119046,0.2826395470592901,0.322027422258968,0.42035071569714516,0.3577389371690211,0.2494770302173105,0.28859354030428624,0.9699460634368384
True,-75.0,-1.5,5192.509650873193,rowcol,0.3817022763979478,0.04148187612119046,0.2826395470592902,0.322027422258968,0.42035071569714516,0.3577389371690211,0.2494770302173105,0.28859354030428624,0.9699460634368386
True,-55.0,-1.75,5192.509650873193,rowcol,0.5119063776751099,0.050651324726411484,0.27996995455294577,0.33034167185803587,0.46027785131902715,0.3055845483150045,0.23249512690102342,0.34980839024023824,0.970251535516873
True,65.0,-1.75,5192.509650873193,rowcol,0.51190637767511,0.050651324726411484,0.27996995455294577,0.33034167185803587,0.46027785131902715,0.3055845483150045,0.23249512690102342,0.34980839024023824,0.970251535516873
True,-10.0,-1.75,5192.509650873193,rowcol,0.5434152959197884,0.05291917134977382,0.2799999554887977,0.3334759194900944,0.4602553764877949,0.3013727696017993,0.23254594599372022,0.35825423274761714,0.9734757859564875
True,15.0,-1.5,5192.509650873193,rowcol,0.3817022767145742,0.041481873207700776,0.2826142705388818,0.326984405253841,0.42035079089385086,0.3572068735331547,0.24944315003551154,0.299213741581206,0.9748272168704863
True,-5.0,-1.75,5192.509650873193,rowcol,0.5119063798124533,0.050651303125397965,0.27999912969570984,0.3403879054248012,0.4602778683438241,0.3054382924231651,0.23253665576139843,0.36721412834479444,0.9803852945119307
True,75.0,-1.75,5192.509650873193,rowcol,0.567763949415938,0.05515166222668894,0.2868887928967086,0.323360424579965,0.46020775451582285,0.31260714294312053,0.2422862910841552,0.3321344175592856,0.9840268032700907
True,-45.0,-1.75,5192.509650873193,rowcol,0.5677639494159381,0.05515166222668895,0.28688879289670866,0.32336042457996506,0.46020775451582296,0.3126071429431206,0.2422862910841552,0.3321344175592855,0.984026803270091
True,20.0,2.0,5192.509650873193,rowcol,0.6400609993767717,0.06294471133955508,0.2697948888660721,0.3755514083789239,0.155112073120003,0.3892325767056128,0.2857824948024631,0.3636474539987833,0.9849360749771403
True,60.0,-1.75,5192.509650873193,rowcol,0.4744967441145955,0.04834055005275033,0.2839986244189535,0.3346618212983028,0.46028188001371734,0.3183231852113474,0.2382005378046086,0.34780878994104214,0.9866576945551633
True,-60.0,-1.75,5192.509650873193,rowcol,0.4744967441145955,0.048340550052750335,0.2839986244189535,0.33466182129830285,0.4602818800137173,0.3183231852113474,0.23820053780460862,0.3478087899410422,0.9866576945551635
False,5.0,1.75,5192.509650873193,rowcol,0.5344319342807563,0.053818076369552645,0.26553459091617154,0.3908714125503171,0.42006790329858645,0.43375715501880585,0.22626639917308125,0.3507691957860605,0.9874751852988317
False,-55.0,-1.75,5192.509650873193,rowcol,0.53443193428073,0.05381807636955499,0.2655345909162006,0.39087141255037916,0.4200679032986292,0.43375715501889067,0.22626639917310717,0.3507691957860996,0.9874751852989809
False,65.0,-1.75,5192.509650873193,rowcol,0.53443193428073,0.053818076369555,0.2655345909162006,0.39087141255037916,0.4200679032986292,0.43375715501889067,0.22626639917310715,0.35076919578609966,0.9874751852989809
True,-80.0,2.0,5192.509650873193,rowcol,0.6400609992048214,0.06294471308805281,0.26974516670387694,0.3788425050950379,0.1551123589166194,0.38854448743084985,0.2857269694466304,0.37048661196357063,0.9880780052066687
True,40.0,2.0,5192.509650873193,rowcol,0.6400609992048214,0.06294471308805281,0.26974516670387694,0.3788425050950379,0.15511235891661931,0.38854448743084985,0.2857269694466304,0.37048661196357063,0.9880780052066687
False,-90.0,1.75,5192.509650873193,rowcol,0.6335264662474857,0.06519537664218754,0.2504742016210257,0.4377890779901278,0.13112744758008169,0.5398729170001231,0.26653109994104973,0.3282157676486416,0.9892116828532047
False,30.0,1.75,5192.509650873193,rowcol,0.6335264662474857,0.06519537664218754,0.2504742016210257,0.4377890779901278,0.13112744758008169,0.5398729170001231,0.26653109994104973,0.3282157676486416,0.9892116828532047
False,-30.0,-1.75,5192.509650873193,rowcol,0.6335264662475247,0.06519537664218462,0.2504742016211212,0.43778907799004024,0.13112744757995287,0.5398729169999339,0.2665310999411674,0.32821576764868804,0.9892116828534039
False,90.0,-1.75,5192.509650873193,rowcol,0.6335264662475247,0.06519537664218462,0.2504742016211212,0.43778907799004024,0.1311274475799529,0.5398729169999339,0.2665310999411674,0.3282157676486881,0.9892116828534039
True,-15.0,-1.75,5192.509650873193,rowcol,0.5677639498597303,0.05515165765802715,0.28685974171387113,0.32911275059900963,0.46020783464735837,0.3118965048008544,0.24224559252126188,0.3429229821908607,0.9896919757406231
True,5.0,2.25,5192.509650873193,rowcol,0.5752414591704033,0.056794632152726746,0.271207030680714,0.3777464332199738,0.19350815602954202,0.29570683622593263,0.28308115980758125,0.4349217155346888,0.9913675252621157
False,-80.0,-1.5,5192.509650873193,rowcol,0.3731996615128,0.03953032626006996,0.28948592931923584,0.32405137011362806,0.3833185935201681,0.357266905221311,0.26887666779900965,0.2932190356596877,0.9925091580713354
False,40.0,-1.5,5192.509650873193,rowcol,0.3731996615128,0.039530326260069956,0.28948592931923584,0.32405137011362806,0.3833185935201681,0.35726690522131094,0.26887666779900965,0.2932190356596877,0.9925091580713354
False,-20.0,1.5,5192.509650873193,rowcol,0.373199661512789,0.03953032626007141,0.2894859293192867,0.3240513701136504,0.38331859352018816,0.3572669052213116,0.26887666779906916,0.2932190356597325,0.9925091580715104
False,20.0,-1.5,5192.509650873193,rowcol,0.3731996613944846,0.039530327377067256,0.28960264058501534,0.32783057773633134,0.3839849059976095,0.3585803561996359,0.26885195864786837,0.29953653482970294,0.9966384994913773
False,80.0,1.5,5192.509650873193,rowcol,0.3731996613944736,0.039530327377068714,0.2896026405850664,0.3278305777363569,0.3839849059976303,0.3585803561996377,0.268851958647928,0.29953653482975257,0.996638499491556
False,-40.0,1.5,5192.509650873193,rowcol,0.3731996613944736,0.039530327377068714,0.28960264058506646,0.32783057773635693,0.38398490599763035,0.35858035619963763,0.26885195864792805,0.2995365348297526,0.9966384994915563
True,0.0,-1.75,5192.509650873193,rowcol,0.47449674642934475,0.04834052733184092,0.28403942356480216,0.345300928062624,0.46028188283723653,0.31830789025281786,0.23825804413831292,0.3664658547109618,0.9974191987570304
False,55.0,1.75,5192.509650873193,rowcol,0.5344319363280136,0.05381805603958179,0.26598010677897127,0.40077341914166936,0.4215715169937983,0.4365059994803231,0.22637528830209436,0.3680468449920415,0.9987137394785832
False,-65.0,1.75,5192.509650873193,rowcol,0.5344319363280136,0.05381805603958179,0.2659801067789713,0.40077341914166936,0.4215715169937983,0.4365059994803231,0.22637528830209436,0.36804684499204154,0.9987137394785834
False,-5.0,-1.75,5192.509650873193,rowcol,0.5344319363279872,0.053818056039584145,0.26598010677900047,0.4007734191417318,0.4215715169938413,0.43650599948040814,0.22637528830212034,0.36804684499208207,0.9987137394787331
True,10.0,2.25,5192.509650873193,rowcol,0.6115213493413302,0.059522639733121656,0.27338039924418966,0.3804662725380169,0.1935239395530063,0.31739998356583765,0.28554012290152736,0.4263426738253986,1.0006074702705858
True,-65.0,2.25,5192.509650873193,rowcol,0.5752414617053618,0.05679460647752606,0.27124575356790315,0.389044806258388,0.19350820809469657,0.2955124942296242,0.2831250139561287,0.45299329770555946,1.0027820669620975
True,55.0,2.25,5192.509650873193,rowcol,0.5752414617053618,0.056794606477526065,0.27124575356790315,0.389044806258388,0.19350820809469652,0.2955124942296242,0.2831250139561287,0.45299329770555946,1.0027820669620975
True,0.0,2.25,5192.509650873193,rowcol,0.5323536158801001,0.05405009144980013,0.2761361464448403,0.37706980331258444,0.19351410956937218,0.2969450275176809,0.28865933857670345,0.43312759774478793,1.0054782426471054
True,-65.0,-1.75,5192.509650873193,rowcol,0.4342431821717319,0.04585625192941063,0.29011181608543507,0.3364201420410141,0.4602860018061971,0.3319179791203479,0.24675531498777659,0.34016028825730327,1.0067555902973193
True,55.0,-1.75,5192.509650873193,rowcol,0.4342431821717319,0.04585625192941063,0.29011181608543507,0.3364201420410141,0.46028600180619705,0.3319179791203478,0.24675531498777659,0.34016028825730327,1.0067555902973193
True,-70.0,2.25,5192.509650873193,rowcol,0.6115213510005676,0.0595226226865109,0.27337999813337427,0.3895343020845118,0.19352409332331805,0.3168405149187495,0.2855396498749667,0.4414985766539903,1.0096742964846346
True,50.0,2.25,5192.509650873193,rowcol,0.6115213510005676,0.0595226226865109,0.27337999813337427,0.3895343020845118,0.19352409332331805,0.3168405149187495,0.2855396498749667,0.4414985766539903,1.0096742964846346
True,-15.0,2.0,5192.509650873193,rowcol,0.4139570283012809,0.04461663219680814,0.2915950616372984,0.3411401447833237,0.15497804010626523,0.3140311416703858,0.3100780656514502,0.3623719730670045,1.015925329695219
True,5.0,-1.75,5192.509650873193,rowcol,0.4342431840457895,0.04585623418271655,0.29013996770625494,0.34629041431642676,0.4602860188306926,0.3317833316681675,0.24679443910479643,0.3580359716344904,1.0167103174351917
True,-60.0,2.25,5192.509650873193,rowcol,0.5323536185327593,0.05405006532305328,0.2761900946859271,0.3892078443210458,0.1935141182040562,0.296923946577776,0.2887203517762634,0.4524746285351651,1.017778128378827
True,60.0,2.25,5192.509650873193,rowcol,0.5323536185327593,0.05405006532305328,0.2761900946859271,0.3892078443210458,0.19351411820405637,0.296923946577776,0.2887203517762633,0.4524746285351651,1.017778128378827
False,0.0,1.75,5192.509650873193,rowcol,0.499424482512306,0.05196435981391821,0.2719965014135717,0.4025906950058582,0.42722864643826286,0.45860360121581834,0.2328028516358658,0.3485851692652579,1.0185801992465733
False,60.0,-1.75,5192.509650873193,rowcol,0.4994244825122672,0.05196435981392047,0.27199650141356024,0.4025906950059035,0.42722864643820246,0.45860360121588445,0.23280285163587028,0.3485851692652811,1.0185801992465842
False,-60.0,-1.75,5192.509650873193,rowcol,0.4994244825122672,0.05196435981392047,0.2719965014135603,0.4025906950059035,0.42722864643820246,0.45860360121588445,0.23280285163587028,0.34858516926528116,1.0185801992465844
True,-40.0,-1.75,5192.509650873193,rowcol,0.5846807724777073,0.05711854753944669,0.29830482081421883,0.3244535944767132,0.4601468494240477,0.32524297568585303,0.25809141651260087,0.3237882433858835,1.0193680569193697
True,80.0,-1.75,5192.509650873193,rowcol,0.5846807724777073,0.05711854753944669,0.29830482081421883,0.3244535944767132,0.4601468494240477,0.32524297568585303,0.25809141651260087,0.3237882433858836,1.0193680569193697
True,-45.0,2.0,5192.509650873193,rowcol,0.41395702864342165,0.04461662902239594,0.2915623940464348,0.3473703144999979,0.1549783120498612,0.3132225444985611,0.31004172076140746,0.3736803254011666,1.0220574966393023
True,75.0,2.0,5192.509650873193,rowcol,0.41395702864342165,0.04461662902239594,0.2915623940464348,0.3473703144999979,0.15497831204986104,0.3132225444985611,0.31004172076140746,0.37368032540116664,1.0220574966393023
True,-20.0,-1.75,5192.509650873193,rowcol,0.5846807723184713,0.057118549169430134,0.2982654730850556,0.32778433111389566,0.46014693372153814,0.32452228072044326,0.25803761876598064,0.3305027581531805,1.0225807503690625
True,-25.0,1.75,5192.509650873193,rowcol,0.39372255692814734,0.04065958540429485,0.29967647376698586,0.3236377656184647,0.11761546200428316,0.3013436247143604,0.3219536772627374,0.3412612868385715,1.0226671869194222
True,85.0,1.75,5192.509650873193,rowcol,0.39372255672414463,0.04065958737973158,0.29964881067141447,0.3250898603377439,0.11761567367920461,0.30084388695526765,0.3219232206620744,0.34416070022668405,1.0240362923519872
True,-35.0,1.75,5192.509650873193,rowcol,0.39372255672414463,0.04065958737973158,0.2996488106714145,0.32508986033774395,0.11761567367920468,0.3008438869552676,0.3219232206620744,0.34416070022668405,1.0240362923519875
True,-5.0,2.25,5192.509650873193,rowcol,0.48623925088802994,0.05107339394357845,0.28459160988681587,0.3724113980336787,0.19352003961752262,0.300592241818283,0.29821004400121964,0.4234844758573458,1.0261862276941263
False,55.0,-1.75,5192.509650873193,rowcol,0.4612784284000378,0.049864386376232216,0.2751914354645515,0.40397844530497823,0.4149688940053225,0.4684053304212427,0.24113505206985428,0.3404861162724575,1.0295527516986327
False,-65.0,-1.75,5192.509650873193,rowcol,0.46127842840003785,0.049864386376232216,0.27519143546455155,0.40397844530497823,0.4149688940053225,0.4684053304212428,0.24113505206985428,0.3404861162724575,1.029552751698633
False,-5.0,1.75,5192.509650873193,rowcol,0.46127842840008004,0.04986438637623066,0.27519143546459907,0.40397844530496074,0.4149688940054736,0.4684053304212106,0.2411350520698711,0.3404861162724566,1.029552751698758
False,60.0,1.75,5192.509650873193,rowcol,0.49942448471151935,0.051964338677484935,0.272462518469287,0.41283427848956206,0.4287726120174172,0.46133825099464937,0.2329296843632162,0.36711507743566674,1.030221833897423
False,-60.0,1.75,5192.509650873193,rowcol,0.49942448471151923,0.051964338677484935,0.27246251846928704,0.41283427848956206,0.4287726120174172,0.46133825099464937,0.23292968436321623,0.36711507743566674,1.0302218338974232
False,0.0,-1.75,5192.509650873193,rowcol,0.4994244847114805,0.05196433867748719,0.27246251846927566,0.4128342784896063,0.42877261201735695,0.4613382509947153,0.2329296843632207,0.36711507743568883,1.0302218338974332
True,-80.0,-1.5,5192.509650873193,rowcol,0.36480196559471273,0.03933244490929538,0.2997744287568313,0.3330519707114003,0.42040376721783146,0.37475313425714024,0.2720832959944275,0.2934292416868328,1.0323752569818943
True,40.0,-1.5,5192.509650873193,rowcol,0.36480196559471273,0.039332444909295376,0.2997744287568313,0.3330519707114003,0.42040376721783146,0.37475313425714024,0.2720832959944275,0.2934292416868328,1.0323752569818943
True,20.0,-1.5,5192.509650873193,rowcol,0.36480196547367366,0.03933244603191229,0.29974086826335516,0.3358357794722479,0.4204038463034852,0.3742172184621635,0.27203955660433277,0.2997770925985054,1.0350583842623133
False,-70.0,-1.75,5192.509650873193,rowcol,0.42200031094233065,0.04685302320462522,0.28219134633981185,0.39046421284307115,0.39796916820855405,0.4516625936304938,0.2554955333729667,0.33033376532051173,1.0370382518625068
False,50.0,-1.75,5192.509650873193,rowcol,0.42200031094233065,0.04685302320462521,0.2821913463398119,0.39046421284307115,0.39796916820855405,0.4516625936304938,0.2554955333729667,0.33033376532051173,1.037038251862507
False,-10.0,1.75,5192.509650873193,rowcol,0.42200031094236473,0.04685302320462489,0.2821913463398808,0.3904642128430835,0.39796916820875256,0.4516625936305035,0.25549553337300035,0.3303337653205278,1.037038251862726
True,65.0,2.25,5192.509650873193,rowcol,0.48623925293398196,0.051073374465288895,0.2846285056037484,0.3838673314468536,0.19352009167947992,0.3004010604115842,0.2982516666028524,0.4420247049078741,1.0377528482580989
True,-55.0,2.25,5192.509650873193,rowcol,0.48623925293398196,0.05107337446528889,0.28462850560374847,0.38386733144685364,0.19352009167947992,0.3004010604115842,0.2982516666028524,0.4420247049078741,1.037752848258099
False,5.0,-1.75,5192.509650873193,rowcol,0.461278430164258,0.04986437005603038,0.27562133849249726,0.4135729462367804,0.41649091652853903,0.47096335413123414,0.2412372246445346,0.3582606256259563,1.0404369617142721
False,-55.0,1.75,5192.509650873193,rowcol,0.4612784301643002,0.04986437005602883,0.27562133849254494,0.4135729462367652,0.41649091652868997,0.4709633541312027,0.2412372246445515,0.3582606256259588,1.0404369617144
False,65.0,1.75,5192.509650873193,rowcol,0.4612784301643002,0.04986437005602883,0.27562133849254494,0.41357294623676527,0.41649091652868997,0.4709633541312028,0.24123722464455144,0.3582606256259588,1.0404369617144
True,25.0,2.0,5192.509650873193,rowcol,0.650536247098514,0.06449437639271131,0.28465213636339504,0.3866874358798224,0.1551585396022727,0.41243720870636186,0.302337714756697,0.363623291785663,1.0406438449700075
True,-85.0,2.0,5192.509650873193,rowcol,0.6505362468272307,0.06449437912906808,0.28461885116431007,0.3880770939695118,0.15515872298153618,0.4120200534608864,0.302300647077165,0.3667332173989954,1.041933647462442
True,35.0,2.0,5192.509650873193,rowcol,0.6505362468272307,0.06449437912906808,0.28461885116431007,0.3880770939695118,0.1551587229815361,0.4120200534608863,0.302300647077165,0.3667332173989954,1.041933647462442
True,-70.0,-1.75,5192.509650873193,rowcol,0.3961826958090437,0.043158341183740054,0.3007899054453819,0.3400671442299475,0.4603087782279897,0.3510706690916071,0.26142721493157095,0.330529843929735,1.0424368605660932
True,50.0,-1.75,5192.509650873193,rowcol,0.3961826958090437,0.043158341183740054,0.3007899054453819,0.3400671442299475,0.4603087782279897,0.3510706690916071,0.26142721493157095,0.330529843929735,1.0424368605660932
True,-30.0,1.75,5192.509650873193,rowcol,0.3910522663681154,0.03996823019773289,0.3063637075059138,0.3250368121400201,0.11760207116672068,0.29498249945986266,0.3293117115409479,0.3483104095130428,1.0441279346577614
True,90.0,1.75,5192.509650873193,rowcol,0.3910522663681154,0.03996823019773289,0.3063637075059138,0.3250368121400201,0.11760207116672068,0.29498249945986266,0.3293117115409479,0.3483104095130428,1.0441279346577614
False,10.0,-1.75,5192.509650873193,rowcol,0.4220003119872493,0.04685301379315069,0.2825313584821866,0.39868041598097287,0.3993580858834784,0.4539697707618359,0.2555447525842963,0.3453979510972165,1.0462744914275326
False,-50.0,1.75,5192.509650873193,rowcol,0.4220003119872833,0.04685301379315036,0.2825313584822557,0.39868041598098836,0.39935808588367705,0.4539697707618464,0.25554475258433007,0.34539795109723775,1.0462744914277553
False,70.0,1.75,5192.509650873193,rowcol,0.4220003119872833,0.04685301379315036,0.2825313584822557,0.39868041598098836,0.39935808588367705,0.4539697707618464,0.25554475258433007,0.34539795109723775,1.0462744914277553
True,-35.0,-1.75,5192.509650873193,rowcol,0.5944475326127168,0.05847485715498468,0.30820903950924766,0.32563258754531443,0.4600950839129106,0.328359820798494,0.27151770581478757,0.32332120522009905,1.0502597060730574
True,85.0,-1.75,5192.509650873193,rowcol,0.5944475326127168,0.05847485715498468,0.30820903950924766,0.32563258754531443,0.4600950839129105,0.328359820798494,0.27151770581478757,0.323321205220099,1.0502597060730574
True,10.0,-1.75,5192.509650873193,rowcol,0.3961826969220554,0.04315833096657158,0.3007896174599806,0.3479607712340463,0.46030882851011357,0.3506773871226545,0.2614268070491229,0.3456595982190429,1.050329623613988
True,-25.0,-1.75,5192.509650873193,rowcol,0.5944475323612569,0.05847485971129227,0.30818214145568706,0.32707591402598624,0.46009513802404,0.3279012596456191,0.27148158987731474,0.3263801913353527,1.0516223383930474
True,15.0,2.25,5192.509650873193,rowcol,0.6398777582899209,0.06227146289708619,0.28712235115690365,0.39168680340766626,0.1935692155354387,0.36684178996703903,0.3010587191986083,0.41142137559451675,1.0530538568783772
False,15.0,2.0,5192.509650873193,rowcol,0.6087945288802333,0.06046625677108343,0.2792709471518346,0.41686666584132304,0.3397557193791735,0.46542952187415115,0.26677226588275293,0.37113890816426415,1.0546795072968267
False,-45.0,-2.0,5192.509650873193,rowcol,0.6087945288802452,0.06046625677108433,0.2792709471519347,0.41686666584136384,0.33975571937941235,0.46542952187419756,0.26677226588282127,0.3711389081642995,1.054679507297168
False,75.0,-2.0,5192.509650873193,rowcol,0.6087945288802452,0.06046625677108433,0.2792709471519347,0.41686666584136384,0.3397557193794124,0.46542952187419756,0.26677226588282127,0.3711389081642995,1.054679507297168
True,-75.0,2.25,5192.509650873193,rowcol,0.6398777588305093,0.06227145734220596,0.2870850297766882,0.3977991025253583,0.1935694604786114,0.36606325118070326,0.30101660857586604,0.42264789573058653,1.0590541918554228
True,45.0,2.25,5192.509650873193,rowcol,0.6398777588305093,0.06227145734220596,0.28708502977668826,0.3977991025253583,0.1935694604786114,0.36606325118070326,0.30101660857586604,0.4226478957305864,1.059054191855423
False,-85.0,-1.5,5192.509650873193,rowcol,0.35762685437538466,0.03645297388310103,0.311795294234829,0.3237733686942933,0.42010123850068687,0.34573550252274166,0.28769307570772185,0.30407797745968695,1.0591592513987802
False,35.0,-1.5,5192.509650873193,rowcol,0.35762685437538466,0.03645297388310103,0.31179529423482905,0.3237733686942933,0.42010123850068687,0.3457355025227416,0.28769307570772185,0.30407797745968695,1.0591592513987804
False,-25.0,1.5,5192.509650873193,rowcol,0.3576268543753558,0.03645297388310283,0.3117952942348716,0.3237733686942883,0.420101238500604,0.3457355025226613,0.2876930757077984,0.30407797745975407,1.0591592513989032
False,25.0,-1.5,5192.509650873193,rowcol,0.3576268541710366,0.03645297588788482,0.3118430575149236,0.32551198765683176,0.4204078185579295,0.3463964738324474,0.28767264762863426,0.30684996353135185,1.0610411602016026
False,85.0,1.5,5192.509650873193,rowcol,0.35762685417100776,0.036452975887886624,0.3118430575149662,0.32551198765682876,0.420407818557847,0.3463964738323678,0.2876726476287108,0.3068499635314216,1.0610411602017273
False,-35.0,1.5,5192.509650873193,rowcol,0.35762685417100776,0.036452975887886624,0.31184305751496627,0.32551198765682876,0.42040781855784704,0.3463964738323678,0.2876726476287108,0.3068499635314216,1.0610411602017276
True,-90.0,2.0,5192.509650873193,rowcol,0.653942296710877,0.0650479497227484,0.2902239320232088,0.3910176386885495,0.15517692413847925,0.4184367192695424,0.3085352509129392,0.3663733849227532,1.0616894347581758
True,30.0,2.0,5192.509650873193,rowcol,0.653942296710877,0.0650479497227484,0.2902239320232088,0.39101763868854955,0.1551769241384793,0.41843671926954246,0.3085352509129392,0.3663733849227532,1.0616894347581758
False,45.0,2.0,5192.509650873193,rowcol,0.608794529369266,0.060466251847337935,0.2795452932845776,0.4232371310837592,0.34122230632840655,0.46743450468505215,0.2667707850300307,0.38213063956202814,1.061873010937492
False,-75.0,2.0,5192.509650873193,rowcol,0.6087945293692659,0.060466251847337935,0.27954529328457767,0.4232371310837592,0.34122230632840655,0.46743450468505227,0.2667707850300307,0.38213063956202814,1.0618730109374923
False,-15.0,-2.0,5192.509650873193,rowcol,0.608794529369278,0.06046625184733883,0.2795452932846779,0.4232371310838035,0.34122230632864575,0.46743450468509967,0.26677078503009916,0.3821306395620696,1.0618730109378374
True,-30.0,-1.75,5192.509650873193,rowcol,0.5976078441953481,0.05895731515954065,0.3119832387098872,0.3262680440289376,0.4600747239010494,0.3270438191370242,0.2765730891755037,0.3256141945092896,1.0622177601585991
True,90.0,-1.75,5192.509650873193,rowcol,0.5976078441953481,0.05895731515954065,0.3119832387098872,0.3262680440289376,0.4600747239010494,0.3270438191370242,0.2765730891755037,0.3256141945092896,1.0622177601585991
False,-75.0,-1.75,5192.509650873193,rowcol,0.38526349166858365,0.04274539377484635,0.2999550833287908,0.36805381791818886,0.39483773800296845,0.41405019897501194,0.27920700774875934,0.32436074832464373,1.0679190679045611
False,45.0,-1.75,5192.509650873193,rowcol,0.38526349166858365,0.04274539377484635,0.2999550833287908,0.36805381791818886,0.3948377380029684,0.41405019897501194,0.2792070077487594,0.32436074832464373,1.0679190679045611
False,-15.0,1.75,5192.509650873193,rowcol,0.38526349166859813,0.04274539377484731,0.299955083328862,0.3680538179182213,0.3948377380031257,0.4140501989750467,0.27920700774880935,0.32436074832467426,1.0679190679048074
True,-10.0,2.25,5192.509650873193,rowcol,0.44282428106091865,0.047775163296524065,0.3004348193847894,0.3669985808013944,0.19350489441380478,0.30796282970951155,0.31605138900471935,0.41012040170632574,1.0683030389557626
False,15.0,-1.75,5192.509650873193,rowcol,0.38526349201241,0.042745390675945336,0.30017860762054077,0.3743535807400642,0.3959428161374642,0.41600605973324645,0.27920576763158184,0.3353428999164803,1.0748894036016865
False,-45.0,1.75,5192.509650873193,rowcol,0.3852634920124245,0.04274539067594629,0.30017860762061227,0.37435358074010006,0.3959428161376221,0.41600605973328214,0.2792057676316319,0.3353428999165169,1.0748894036019367
False,75.0,1.75,5192.509650873193,rowcol,0.3852634920124245,0.04274539067594629,0.30017860762061227,0.3743535807401001,0.3959428161376221,0.41600605973328214,0.2792057676316319,0.33534289991651695,1.074889403601937
False,20.0,2.0,5192.509650873193,rowcol,0.6330319593490206,0.06378720614423866,0.27951416139881674,0.4387871365694859,0.245421806346255,0.5149262095763495,0.2852898182765746,0.3625821629864742,1.0773296207659362
False,-40.0,-2.0,5192.509650873193,rowcol,0.6330319593490498,0.06378720614423782,0.2795141613989252,0.43878713656947654,0.24542180634645128,0.5149262095763022,0.2852898182766695,0.3625821629865098,1.0773296207662522
False,80.0,-2.0,5192.509650873193,rowcol,0.6330319593490498,0.06378720614423782,0.2795141613989252,0.43878713656947654,0.24542180634645128,0.5149262095763022,0.2852898182766695,0.3625821629865098,1.0773296207662522
True,-50.0,2.25,5192.509650873193,rowcol,0.44282428221482767,0.047775152601029276,0.30043444796589386,0.37639177072809477,0.19350504819925082,0.30738618513048693,0.3160509544189588,0.42585494310298766,1.0776951146257763
True,70.0,2.25,5192.509650873193,rowcol,0.44282428221482767,0.047775152601029276,0.30043444796589386,0.37639177072809477,0.19350504819925082,0.30738618513048693,0.3160509544189588,0.4258549431029877,1.0776951146257763
False,10.0,2.0,5192.509650873193,rowcol,0.5788245633090705,0.057356539294953324,0.2884891527050739,0.41416088011210106,0.42334280551008613,0.4471786050812947,0.2563756842610464,0.3842029917034303,1.0796283382273228
False,70.0,-2.0,5192.509650873193,rowcol,0.578824563309062,0.057356539294955475,0.2884891527051488,0.41416088011217167,0.4233428055102552,0.44717860508139257,0.2563756842610952,0.3842029917034746,1.079628338227618
False,-50.0,-2.0,5192.509650873193,rowcol,0.578824563309062,0.05735653929495548,0.2884891527051488,0.4141608801121717,0.4233428055102552,0.44717860508139257,0.2563756842610952,0.38420299170347455,1.0796283382276182
True,-85.0,-1.5,5192.509650873193,rowcol,0.35590824075567074,0.03776041042876704,0.3130208158949912,0.341767627519209,0.4204487692013172,0.38171906117781296,0.28917012336733927,0.3041329855121733,1.0808300752041826
True,35.0,-1.5,5192.509650873193,rowcol,0.35590824075567074,0.03776041042876704,0.3130208158949912,0.341767627519209,0.4204487692013171,0.38171906117781296,0.2891701233673393,0.3041329855121733,1.0808300752041826
False,-80.0,2.0,5192.509650873193,rowcol,0.6330319591751609,0.06378720786964243,0.2796753133723794,0.4425166982960749,0.24680670214672643,0.5161463972976484,0.28525876707121667,0.3694034114171735,1.081542638413213
False,40.0,2.0,5192.509650873193,rowcol,0.633031959175161,0.06378720786964243,0.2796753133723794,0.4425166982960749,0.2468067021467264,0.5161463972976484,0.28525876707121667,0.36940341141717353,1.081542638413213
False,-20.0,-2.0,5192.509650873193,rowcol,0.6330319591751902,0.06378720786964158,0.2796753133724882,0.4425166982960692,0.24680670214692318,0.5161463972976024,0.28525876707131165,0.3694034114172149,1.0815426384135338
True,25.0,-1.5,5192.509650873193,rowcol,0.355908240550336,0.03776041236413613,0.3129981156725403,0.3429468694679316,0.42044881995578937,0.38138103867757167,0.2891410579284543,0.3069206704442171,1.0819412164855526
False,-90.0,-1.5,5192.509650873193,rowcol,0.35237525673122605,0.03527966461326124,0.3208014614901421,0.3258740080126894,0.43722549540678324,0.34332459095936807,0.2946642514158457,0.31043980589434444,1.0882783924831156
False,30.0,-1.5,5192.509650873193,rowcol,0.35237525673122605,0.035279664613261236,0.3208014614901421,0.3258740080126894,0.4372254954067833,0.34332459095936807,0.2946642514158457,0.31043980589434444,1.0882783924831156
False,-30.0,1.5,5192.509650873193,rowcol,0.35237525673119025,0.03527966461326324,0.3208014614901816,0.3258740080126722,0.4372254954066609,0.3433245909592487,0.2946642514159295,0.31043980589442216,1.0882783924832171
False,90.0,1.5,5192.509650873193,rowcol,0.35237525673119025,0.03527966461326324,0.3208014614901816,0.3258740080126722,0.43722549540666095,0.34332459095924867,0.29466425141592956,0.31043980589442216,1.0882783924832171
True,-50.0,-2.0,5192.509650873193,rowcol,0.5538734187454194,0.05365869235243967,0.31286780157580846,0.3504848059909724,0.5002906196602274,0.3072647726903635,0.2647757266855971,0.38307598976366153,1.0890882107183977
True,70.0,-2.0,5192.509650873193,rowcol,0.5538734187454194,0.05365869235243967,0.31286780157580846,0.3504848059909724,0.5002906196602274,0.3072647726903635,0.2647757266855971,0.38307598976366153,1.0890882107183977
False,-70.0,2.0,5192.509650873193,rowcol,0.5788245648242898,0.057356524003824266,0.2888692386436468,0.42297846571248815,0.4248349750478435,0.44977215486135336,0.25643174754433257,0.3990550192849908,1.0895861816434285
False,50.0,2.0,5192.509650873193,rowcol,0.5788245648242898,0.057356524003824266,0.2888692386436468,0.4229784657124881,0.42483497504784345,0.44977215486135336,0.25643174754433257,0.3990550192849908,1.0895861816434285
False,-10.0,-2.0,5192.509650873193,rowcol,0.5788245648242811,0.05735652400382642,0.2888692386437219,0.42297846571256076,0.42483497504801293,0.4497721548614519,0.25643174754438147,0.39905501928503934,1.0895861816437264
True,-55.0,-2.0,5192.509650873193,rowcol,0.5183040917429359,0.0511092170002365,0.3120126692667963,0.3566839752841035,0.5003161060122889,0.31135963145906986,0.2635712046697409,0.3907524470684451,1.0927219830844925
True,65.0,-2.0,5192.509650873193,rowcol,0.5183040917429359,0.0511092170002365,0.3120126692667963,0.3566839752841035,0.5003161060122889,0.31135963145906986,0.2635712046697409,0.39075244706844503,1.0927219830844925
True,-10.0,-2.0,5192.509650873193,rowcol,0.5538734203288969,0.05365867600753406,0.31286748972778544,0.3592299917725453,0.5002906725330454,0.30675108682941077,0.2647752728174698,0.39804363375745977,1.0978324609559016
True,-90.0,-1.5,5192.509650873193,rowcol,0.3532319624156654,0.03717374692147765,0.3179087584936357,0.3452104879737737,0.4204663729859556,0.38246969189911384,0.2954026866117475,0.31043310749553676,1.0989367634546807
True,30.0,-1.5,5192.509650873193,rowcol,0.3532319624156654,0.03717374692147765,0.3179087584936357,0.3452104879737737,0.42046637298595574,0.38246969189911384,0.2954026866117475,0.31043310749553676,1.0989367634546807
True,-20.0,2.0,5192.509650873193,rowcol,0.3941773035311747,0.04174558497433041,0.3186578166962406,0.34526983544410395,0.15492847536193682,0.31843517494910295,0.340112753886952,0.3663188957183231,1.1012432855328258
True,-5.0,-2.0,5192.509650873193,rowcol,0.5183040941996134,0.05110919208679761,0.3120425884699521,0.3673205144458146,0.5003161239121426,0.3111955781893538,0.2636130711287583,0.40859594579073627,1.1034482798556708
True,-75.0,-1.75,5192.509650873193,rowcol,0.3656472161987563,0.04038341441689075,0.31800851981405837,0.34994685745841814,0.46035619037577935,0.3776821744019463,0.28448767195117747,0.32479343534754784,1.1039724169005931
True,45.0,-1.75,5192.509650873193,rowcol,0.3656472161987563,0.04038341441689075,0.31800851981405837,0.349946857458418,0.46035619037577935,0.3776821744019463,0.2844876719511775,0.3247934353475478,1.1039724169005931
True,80.0,2.0,5192.509650873193,rowcol,0.39417730340036666,0.041745586209468166,0.3186157207233691,0.34884666253194896,0.15492876149723542,0.3175937351222106,0.34006610036959767,0.3731089688823705,1.1046938247020561
True,-40.0,2.0,5192.509650873193,rowcol,0.39417730340036666,0.04174558620946816,0.3186157207233691,0.348846662531949,0.15492876149723542,0.3175937351222107,0.34006610036959767,0.3731089688823705,1.1046938247020563
True,15.0,-1.75,5192.509650873193,rowcol,0.3656472165610282,0.040383411136738566,0.3179823103322987,0.35526911044139975,0.4603562704814775,0.3770941908183033,0.28445300957684894,0.33581819332006796,1.1092160414382957
True,-60.0,-2.0,5192.509650873193,rowcol,0.4758574806844866,0.04849506343822131,0.31598718851666563,0.3618582110232371,0.5003204781536732,0.32631312108391486,0.2691095447097159,0.38924658391495637,1.109819776573234
True,60.0,-2.0,5192.509650873193,rowcol,0.4758574806844866,0.04849506343822131,0.31598718851666563,0.3618582110232371,0.5003204781536733,0.3263131210839149,0.2691095447097158,0.38924658391495637,1.109819776573234
True,-45.0,-2.0,5192.509650873193,rowcol,0.5813828813639653,0.05616483285134471,0.3217697962804646,0.3482030368816201,0.5002365383778976,0.32085282296343665,0.2771197929573534,0.36964100297778446,1.1135124257230138
True,75.0,-2.0,5192.509650873193,rowcol,0.5813828813639653,0.05616483285134471,0.3217697962804646,0.3482030368816202,0.5002365383778975,0.32085282296343665,0.2771197929573534,0.3696410029777845,1.113512425723014
True,5.0,2.5,5192.509650873193,rowcol,0.587186777960846,0.0578593321236232,0.30335041222776554,0.4070510818720964,0.2326049008587674,0.3026523934311164,0.31453589412711386,0.47749478668467443,1.117102318555393
True,-15.0,-2.0,5192.509650873193,rowcol,0.5813828818760555,0.056164827550510596,0.3217401943280259,0.3543088513173444,0.5002366226286784,0.3200614604212035,0.27707912746813934,0.38073320170088043,1.1195294343014222
True,0.0,-2.0,5192.509650873193,rowcol,0.4758574833223495,0.048495037554201294,0.3160290960574009,0.3731072470261947,0.5003204811223184,0.326296069100594,0.26916771841755094,0.4083416755779251,1.1211945351983974
False,25.0,2.0,5192.509650873193,rowcol,0.6493517611447953,0.06645631312552679,0.28697522746797904,0.46570882794261387,0.18575419971282764,0.5638326958969353,0.30178940236761975,0.3632158720428021,1.126634510346551
False,-35.0,-2.0,5192.509650873193,rowcol,0.649351761144836,0.06645631312552416,0.2869752274680863,0.4657088279425432,0.18575419971281562,0.5638326958967699,0.30178940236774165,0.36321587204285094,1.126634510346802
False,85.0,-2.0,5192.509650873193,rowcol,0.649351761144836,0.06645631312552416,0.2869752274680863,0.4657088279425432,0.1857541997128156,0.56383269589677,0.3017894023677416,0.36321587204285094,1.126634510346802
False,5.0,2.0,5192.509650873193,rowcol,0.5440389271301697,0.0548912765908542,0.2998283022510004,0.42761023180107766,0.46904164605277826,0.46666926338643766,0.25725862834689645,0.3917588633470721,1.1270951385540788
False,65.0,-2.0,5192.509650873193,rowcol,0.5440389271301409,0.05489127659085694,0.29982830225103546,0.42761023180115026,0.4690416460528361,0.46666926338654036,0.2572586283469256,0.3917588633471152,1.1270951385542567
False,-55.0,-2.0,5192.509650873193,rowcol,0.5440389271301409,0.05489127659085695,0.2998283022510355,0.42761023180115026,0.4690416460528361,0.46666926338654036,0.2572586283469256,0.3917588633471152,1.127095138554257
False,-85.0,2.0,5192.509650873193,rowcol,0.6493517608730172,0.06645631578110027,0.28704441571270534,0.4673132471555938,0.18667672716237116,0.5643573457226967,0.3017634357838995,0.366311164199293,1.1284464942937098
False,35.0,2.0,5192.509650873193,rowcol,0.6493517608730172,0.06645631578110027,0.28704441571270534,0.46731324715559386,0.18667672716237113,0.5643573457226968,0.3017634357838995,0.36631116419929305,1.1284464942937098
False,-25.0,-2.0,5192.509650873193,rowcol,0.6493517608730578,0.06645631578109765,0.2870444157128126,0.46731324715552514,0.18667672716236047,0.564357345722532,0.3017634357840214,0.3663111641993452,1.128446494293963
True,-65.0,2.5,5192.509650873193,rowcol,0.5871867807688815,0.05785930362620236,0.30338887929937625,0.4187083272644709,0.23260494898535608,0.30244140916453754,0.3145797488501783,0.49581261457553333,1.1288749651625996
True,55.0,2.5,5192.509650873193,rowcol,0.5871867807688815,0.05785930362620236,0.3033888792993762,0.4187083272644709,0.23260494898535602,0.30244140916453754,0.3145797488501783,0.49581261457553333,1.1288749651625996
True,10.0,2.5,5192.509650873193,rowcol,0.6267342878194908,0.060834754763940194,0.30656264881209305,0.41015690242120556,0.23262443221325374,0.32931961080010747,0.3181940839466621,0.4674406358699131,1.1298448488574848
True,0.0,2.5,5192.509650873193,rowcol,0.5403473009542441,0.05485845600972656,0.30804831430075513,0.4062345832630547,0.23261001726383812,0.3027913731054114,0.3198878609105093,0.47613863940066276,1.13037952616532
True,20.0,2.25,5192.509650873193,rowcol,0.6598926031562091,0.06473705659706722,0.3076796790631172,0.40802445886658006,0.19363281584500108,0.41564954782427554,0.3241731381303478,0.4014997519861342,1.1310634960559318
True,55.0,-2.0,5192.509650873193,rowcol,0.42972173293556737,0.045656473765449415,0.3224271157359014,0.3638229588023059,0.5003249556623509,0.3422980505672556,0.27799259311550434,0.3809849136855713,1.13110430601001
True,-65.0,-2.0,5192.509650873193,rowcol,0.4297217329355674,0.045656473765449415,0.32242711573590144,0.3638229588023059,0.500324955662351,0.3422980505672556,0.27799259311550434,0.3809849136855713,1.1311043060100103
True,-80.0,2.25,5192.509650873193,rowcol,0.6598926029623455,0.06473705857320125,0.30763062980044237,0.41143297595235595,0.1936330734037802,0.41492465465857437,0.3241180703437026,0.4084734059164851,1.134324865353683
True,40.0,2.25,5192.509650873193,rowcol,0.6598926029623455,0.06473705857320125,0.30763062980044237,0.41143297595235595,0.19363307340378014,0.41492465465857437,0.3241180703437026,0.40847340591648507,1.134324865353683
False,-80.0,-1.75,5192.509650873193,rowcol,0.3557165971475293,0.03817857387749865,0.32702411170513485,0.3544006004611303,0.4207496082571494,0.38251197677172205,0.3068707971524958,0.3289044862237963,1.1354729355765347
False,40.0,-1.75,5192.509650873193,rowcol,0.3557165971475293,0.03817857387749865,0.3270241117051349,0.3544006004611303,0.4207496082571494,0.38251197677172205,0.3068707971524958,0.32890448622379626,1.135472935576535
False,-20.0,1.75,5192.509650873193,rowcol,0.3557165971475181,0.03817857387750045,0.32702411170519696,0.35440060046115635,0.4207496082571794,0.382511976771721,0.3068707971525665,0.32890448622384905,1.1354729355767472
False,55.0,2.0,5192.509650873193,rowcol,0.5440389294706383,0.054891253393974986,0.30027926594054344,0.4379300606297336,0.4705808666794616,0.46952766900659565,0.25736808452866655,0.409473601982656,1.1387678584513639
False,-65.0,2.0,5192.509650873193,rowcol,0.5440389294706381,0.05489125339397499,0.3002792659405435,0.4379300606297336,0.47058086667946164,0.46952766900659565,0.25736808452866655,0.409473601982656,1.138767858451364
False,-5.0,-2.0,5192.509650873193,rowcol,0.5440389294706095,0.054891253393977726,0.30027926594057874,0.4379300606298065,0.47058086667951965,0.46952766900669846,0.25736808452869586,0.4094736019827005,1.1387678584515428
True,-70.0,2.5,5192.509650873193,rowcol,0.6267342896679461,0.060834735720704414,0.30656225176246044,0.41950788740857586,0.23262457435099035,0.32872046175396363,0.3181936127416049,0.4828198975065733,1.1391946426959572
True,50.0,2.5,5192.509650873193,rowcol,0.6267342896679462,0.060834735720704414,0.30656225176246044,0.41950788740857586,0.23262457435099035,0.32872046175396363,0.31819361274160496,0.4828198975065733,1.1391946426959572
False,20.0,-1.75,5192.509650873193,rowcol,0.35571659701170366,0.03817857514300995,0.3271446471838667,0.35843627404573225,0.4214578358430926,0.38395051991092716,0.3068455391340389,0.3354802693500866,1.1398702155973324
False,-40.0,1.75,5192.509650873193,rowcol,0.3557165970116925,0.03817857514301175,0.327144647183929,0.35843627404576167,0.4214578358431235,0.38395051991092727,0.3068455391341097,0.3354802693501445,1.1398702155975486
False,80.0,1.75,5192.509650873193,rowcol,0.3557165970116925,0.03817857514301175,0.327144647183929,0.35843627404576167,0.42145783584312346,0.3839505199109273,0.3068455391341098,0.3354802693501445,1.1398702155975486
True,5.0,-2.0,5192.509650873193,rowcol,0.42972173504663086,0.04565645389597631,0.32245606427842893,0.3742570665931417,0.5003249735618881,0.3421488319495214,0.2780322820218354,0.3992658725013154,1.1416252594284284
True,-60.0,2.5,5192.509650873193,rowcol,0.5403473038580404,0.05485842740777354,0.3081020476299627,0.41876139120275657,0.23261002524540514,0.30276840204317546,0.31994903584508677,0.49572727389737176,1.1430675340926446
True,60.0,2.5,5192.509650873193,rowcol,0.5403473038580405,0.054858427407773545,0.3081020476299627,0.41876139120275657,0.2326100252454053,0.30276840204317546,0.3199490358450867,0.49572727389737176,1.1430675340926446
True,-15.0,2.25,5192.509650873193,rowcol,0.408506845712741,0.04430897031177655,0.3265289323710254,0.3669754905547272,0.1934611400494463,0.32241838829334624,0.34530236007634757,0.40062952468231455,1.1465622876678034
True,-5.0,2.5,5192.509650873193,rowcol,0.48971130260795,0.05157958616504264,0.31668210839909217,0.40075425632411327,0.23261513213612606,0.30584101493739957,0.3297040750419447,0.46583810793803454,1.1508005815213898
True,75.0,2.25,5192.509650873193,rowcol,0.40850684607591853,0.04430896696345838,0.3264961132209347,0.37349263571461144,0.19346138512945432,0.3215323033669316,0.3452656431157833,0.4121504748456505,1.1529809753774154
True,-45.0,2.25,5192.509650873193,rowcol,0.40850684607591853,0.04430896696345839,0.32649611322093475,0.37349263571461144,0.19346138512945443,0.3215323033669316,0.3452656431157833,0.4121504748456505,1.1529809753774156
False,-90.0,2.0,5192.509650873193,rowcol,0.655181042209043,0.06751585873809683,0.2913659897607486,0.4797264227493658,0.17213255638110955,0.5867727955585152,0.3081682698434945,0.3662321416101848,1.1538243920316116
False,30.0,2.0,5192.509650873193,rowcol,0.655181042209043,0.06751585873809683,0.2913659897607486,0.4797264227493658,0.1721325563811095,0.5867727955585151,0.3081682698434945,0.3662321416101848,1.1538243920316116
False,-30.0,-2.0,5192.509650873193,rowcol,0.6551810422090877,0.06751585873809347,0.2913659897608541,0.47972642274926625,0.17213255638095687,0.5867727955582939,0.308168269843628,0.366232141610243,1.1538243920318285
False,90.0,-2.0,5192.509650873193,rowcol,0.6551810422090877,0.06751585873809347,0.2913659897608541,0.4797264227492663,0.17213255638095687,0.5867727955582939,0.308168269843628,0.3662321416102429,1.1538243920318285
True,80.0,-2.0,5192.509650873193,rowcol,0.6005885451877714,0.05837081267190043,0.33582770118479627,0.34953851390991125,0.5001672097928584,0.33608868198747915,0.29620521525636995,0.3604613941715517,1.1570216174643
True,-40.0,-2.0,5192.509650873193,rowcol,0.6005885451877714,0.05837081267190043,0.3358277011847963,0.34953851390991125,0.5001672097928584,0.33608868198747915,0.29620521525636995,0.3604613941715517,1.1570216174643002
True,-20.0,-2.0,5192.509650873193,rowcol,0.60058854500452,0.058370814557409306,0.3357877570503592,0.35307216831356486,0.5001672984243035,0.3352915479162756,0.2961516440587632,0.3673598719682808,1.1604354394646423
False,0.0,2.0,5192.509650873193,rowcol,0.5046309369092467,0.05283016436120043,0.3066087384483091,0.4412361705811297,0.4777832459469521,0.49527448104560967,0.26369441607560024,0.3900372052248945,1.161062385926057
False,-60.0,-2.0,5192.509650873193,rowcol,0.5046309369092028,0.05283016436120301,0.30660873844829756,0.4412361705811831,0.4777832459468903,0.4952744810456914,0.2636944160756048,0.3900372052249183,1.1610623859260758
False,60.0,-2.0,5192.509650873193,rowcol,0.5046309369092027,0.05283016436120301,0.30660873844829756,0.4412361705811831,0.4777832459468903,0.4952744810456914,0.26369441607560473,0.39003720522491825,1.1610623859260758
True,-55.0,2.5,5192.509650873193,rowcol,0.48971130480670166,0.05157956528946234,0.3167189493487346,0.41259002618690155,0.23261518026059802,0.3056322318502855,0.3297459046061778,0.48459766403657745,1.1627468742331053
True,65.0,2.5,5192.509650873193,rowcol,0.48971130480670166,0.05157956528946234,0.3167189493487346,0.41259002618690155,0.23261518026059802,0.30563223185028543,0.3297459046061778,0.48459766403657745,1.1627468742331053
True,-25.0,2.0,5192.509650873193,rowcol,0.3841050355682316,0.03960096032021823,0.3392317902534116,0.34886061670295465,0.15488480525479803,0.30923153824753885,0.3628798284791181,0.3789939148767429,1.1665559874631894
True,-35.0,2.0,5192.509650873193,rowcol,0.3841050353439463,0.03960096249564857,0.339203861878252,0.35040021771519975,0.15488498895815495,0.3086749383661649,0.36284894680157914,0.38197853821295835,1.1680118033499558
True,85.0,2.0,5192.509650873193,rowcol,0.3841050353439463,0.03960096249564857,0.339203861878252,0.35040021771519975,0.1548849889581549,0.3086749383661649,0.36284894680157914,0.38197853821295835,1.1680118033499558
True,-70.0,-2.0,5192.509650873193,rowcol,0.3855820681653481,0.04255029198185063,0.334193957192396,0.3679458437634281,0.5003507407671676,0.36575631591060154,0.29395558232109414,0.36977717754961975,1.170527715340616
True,50.0,-2.0,5192.509650873193,rowcol,0.3855820681653481,0.04255029198185063,0.334193957192396,0.3679458437634281,0.5003507407671676,0.36575631591060154,0.29395558232109414,0.36977717754961975,1.170527715340616
False,-65.0,-2.0,5192.509650873193,rowcol,0.46122985422146806,0.05045224305252792,0.30962021309146764,0.44235142261653615,0.46382533304281354,0.5054831616808556,0.2722580325459875,0.3812496252307664,1.171212061890939
False,55.0,-2.0,5192.509650873193,rowcol,0.46122985422146806,0.05045224305252792,0.30962021309146764,0.44235142261653615,0.46382533304281354,0.5054831616808556,0.27225803254598757,0.3812496252307664,1.171212061890939
False,-5.0,2.0,5192.509650873193,rowcol,0.46122985422151735,0.05045224305252621,0.3096202130915215,0.4423514226165151,0.4638253330429822,0.5054831616808135,0.27225803254600756,0.3812496252307685,1.1712120618910795
False,-60.0,2.0,5192.509650873193,rowcol,0.5046309393967018,0.05283014060115433,0.30708124726790215,0.4519010120380005,0.47936131654277936,0.49812247775619123,0.2638223906094551,0.40900541893175485,1.1731447538417068
False,60.0,2.0,5192.509650873193,rowcol,0.5046309393967018,0.05283014060115434,0.30708124726790215,0.4519010120380005,0.4793613165427793,0.49812247775619123,0.26382239060945506,0.40900541893175474,1.1731447538417068
False,0.0,-2.0,5192.509650873193,rowcol,0.5046309393966579,0.05283014060115692,0.30708124726789054,0.45190101203805266,0.47936131654271774,0.4981224777562728,0.2638223906094596,0.4090054189317775,1.1731447538417243
False,-70.0,-2.0,5192.509650873193,rowcol,0.41598543973951624,0.04699389835561404,0.31650087230019724,0.42597978073223625,0.44221744050159006,0.48469889528376287,0.28772631711442387,0.36944213989794955,1.175482397632828
False,50.0,-2.0,5192.509650873193,rowcol,0.4159854397395162,0.04699389835561404,0.31650087230019724,0.42597978073223625,0.44221744050159006,0.48469889528376287,0.28772631711442387,0.36944213989794955,1.175482397632828
False,-10.0,2.0,5192.509650873193,rowcol,0.41598543973955754,0.046993898355613774,0.31650087230027674,0.4259797807322505,0.44221744050181866,0.4846988952837713,0.28772631711446317,0.3694421398979706,1.1754823976330806
True,-80.0,-1.75,5192.509650873193,rowcol,0.3454659096889449,0.037827128971176946,0.33790832572311147,0.36334859848195217,0.4604178596865939,0.4001646137503821,0.3104105612580036,0.32921482028096793,1.1770735756512867
True,40.0,-1.75,5192.509650873193,rowcol,0.3454659096889449,0.037827128971176946,0.33790832572311147,0.36334859848195217,0.4604178596865938,0.4001646137503821,0.3104105612580036,0.3292148202809679,1.1770735756512867
True,10.0,-2.0,5192.509650873193,rowcol,0.3855820694078244,0.04255028072278167,0.3341936606783509,0.376285878827429,0.5003507936336324,0.3653248846753525,0.29395516736926985,0.3852626255794527,1.1788668608624817
True,20.0,-1.75,5192.509650873193,rowcol,0.34546590954908907,0.03782713024844588,0.33787359063725725,0.36632581063081593,0.46041794393446533,0.3995790729617884,0.310365833118789,0.3358207496972617,1.1799465825425877
False,5.0,-2.0,5192.509650873193,rowcol,0.4612298561883179,0.05045222507176062,0.3100569306917772,0.4523544849285815,0.4653818066117007,0.5081604625976922,0.2723614547639772,0.3994314220361855,1.1825252770039132
False,-55.0,2.0,5192.509650873193,rowcol,0.4612298561883672,0.05045222507175892,0.3100569306918311,0.45235448492856295,0.46538180661186923,0.5081604625976507,0.27236145476399726,0.399431422036191,1.1825252770040562
False,65.0,2.0,5192.509650873193,rowcol,0.4612298561883672,0.05045222507175892,0.3100569306918311,0.45235448492856295,0.46538180661186923,0.5081604625976507,0.2723614547639972,0.39943142203619086,1.1825252770040562
False,10.0,-2.0,5192.509650873193,rowcol,0.41598544089118294,0.04699388816117014,0.31684735271239334,0.4345659038091037,0.44364613120202967,0.48710814997518426,0.2877762666034727,0.38486500686011427,1.1851079619462837
False,-50.0,2.0,5192.509650873193,rowcol,0.41598544089122425,0.04699388816116988,0.316847352712473,0.434565903809121,0.4436461312022584,0.48710814997519336,0.2877762666035121,0.38486500686014047,1.1851079619465401
False,70.0,2.0,5192.509650873193,rowcol,0.41598544089122425,0.04699388816116988,0.316847352712473,0.434565903809121,0.4436461312022584,0.48710814997519336,0.2877762666035121,0.38486500686014047,1.1851079619465401
True,15.0,2.5,5192.509650873193,rowcol,0.6577317539477716,0.0638389203628847,0.32252693549861766,0.4229844657623558,0.2326772802458167,0.3874355820409198,0.33632808030846467,0.4507153966704735,1.1905652722582087
True,90.0,2.0,5192.509650873193,rowcol,0.3811537720059688,0.03878923751941579,0.34674655053076503,0.3503882118510352,0.15486740336411114,0.30155171662687413,0.37118372119948945,0.38671399056591377,1.1906278634433303
True,-30.0,2.0,5192.509650873193,rowcol,0.3811537720059688,0.03878923751941579,0.3467465505307651,0.3503882118510352,0.15486740336411114,0.30155171662687413,0.37118372119948945,0.38671399056591377,1.1906278634433305
True,-35.0,-2.0,5192.509650873193,rowcol,0.6117375821710783,0.0598885972944994,0.3478591746627198,0.35097568215320635,0.5001082504244878,0.3392147536799853,0.31220733585253635,0.3605696562193154,1.1945532061413657
True,85.0,-2.0,5192.509650873193,rowcol,0.6117375821710783,0.05988859729449939,0.3478591746627198,0.35097568215320635,0.5001082504244877,0.3392147536799853,0.31220733585253635,0.3605696562193154,1.1945532061413657
True,-10.0,2.5,5192.509650873193,rowcol,0.44177830504852783,0.04792217111110661,0.3335113340753782,0.39428819104582097,0.23259628365854151,0.3140282348363103,0.3487738042427729,0.4508580309429883,1.1948221932719556
True,25.0,2.25,5192.509650873193,rowcol,0.6716152913635579,0.06645257730475893,0.3247557990375619,0.4209899922948987,0.19368814358410694,0.442455767854893,0.34329635554100846,0.4020512729769719,1.1952573894075844
False,15.0,2.25,5192.509650873193,rowcol,0.6253752169733428,0.06210613772193073,0.3144023139584421,0.45250557089874616,0.3773725927614265,0.49873311182404917,0.3015104105420721,0.4096096959027379,1.1957125127740724
False,-45.0,-2.25,5192.509650873193,rowcol,0.6253752169733576,0.062106137721931805,0.31440231395855456,0.45250557089879306,0.37737259276169877,0.49873311182410235,0.30151041054214867,0.40960969590277907,1.1957125127744568
False,75.0,-2.25,5192.509650873193,rowcol,0.6253752169733576,0.0621061377219318,0.31440231395855456,0.452505570898793,0.3773725927616988,0.4987331118241021,0.30151041054214867,0.40960969590277907,1.1957125127744568
True,-25.0,-2.0,5192.509650873193,rowcol,0.6117375818825892,0.05988860024129779,0.34783193800868173,0.3525061520873354,0.5001083073179181,0.338707428974609,0.31217144010801046,0.36370569338531866,1.1960019661133805
True,-85.0,2.25,5192.509650873193,rowcol,0.6716152910584859,0.06645258038802442,0.3247229775122093,0.4224261105975394,0.19368830884704316,0.442018312971908,0.3432596299617739,0.405216620514699,1.1965950431341672
True,35.0,2.25,5192.509650873193,rowcol,0.6716152910584859,0.06645258038802442,0.3247229775122093,0.4224261105975393,0.19368830884704302,0.44201831297190797,0.3432596299617739,0.405216620514699,1.1965950431341672
True,-75.0,2.5,5192.509650873193,rowcol,0.6577317545506609,0.06383891415132187,0.322490019797507,0.42927566554916335,0.2326775066608213,0.3866165229081268,0.33628619784690894,0.46211303401477816,1.1967457249416844
True,45.0,2.5,5192.509650873193,rowcol,0.6577317545506609,0.06383891415132187,0.322490019797507,0.42927566554916335,0.2326775066608213,0.3866165229081268,0.336286197846909,0.46211303401477816,1.1967457249416844
False,-75.0,2.25,5192.509650873193,rowcol,0.6253752175264675,0.06210613215226353,0.31467648119199626,0.45909198780133886,0.3788583197428175,0.5008017711395439,0.30150893668968237,0.42082631783629854,1.2031214313773275
False,45.0,2.25,5192.509650873193,rowcol,0.6253752175264675,0.06210613215226353,0.3146764811919962,0.45909198780133886,0.37885831974281736,0.5008017711395439,0.30150893668968237,0.4208263178362985,1.2031214313773275
False,-15.0,-2.25,5192.509650873193,rowcol,0.6253752175264823,0.06210613215226461,0.31467648119210895,0.4590919878013894,0.37885831974309,0.5008017711395981,0.301508936689759,0.42082631783634566,1.203121431377716
True,-50.0,2.5,5192.509650873193,rowcol,0.44177830626330683,0.04792215991246779,0.3335109619592253,0.4040072742285606,0.23259642581347942,0.3133998535299813,0.3487733662693854,0.46678498400393603,1.2045401601062364
True,70.0,2.5,5192.509650873193,rowcol,0.44177830626330683,0.04792215991246779,0.3335109619592253,0.4040072742285606,0.23259642581347942,0.3133998535299813,0.3487733662693854,0.466784984003936,1.2045401601062364
False,-75.0,-2.0,5192.509650873193,rowcol,0.37318132177539254,0.04223160997468401,0.33529951729992236,0.399896029203818,0.4338890338810963,0.44101312006475474,0.3140109242127574,0.3617167423922305,1.205794581103585
False,45.0,-2.0,5192.509650873193,rowcol,0.37318132177539254,0.04223160997468401,0.33529951729992236,0.399896029203818,0.4338890338810963,0.4410131200647547,0.3140109242127574,0.3617167423922305,1.205794581103585
False,-15.0,2.0,5192.509650873193,rowcol,0.3731813217754121,0.04223160997468526,0.3352995173000057,0.39989602920385586,0.4338890338812833,0.4410131200647943,0.31401092421281546,0.36171674239226675,1.2057945811038728
True,-30.0,-2.0,5192.509650873193,rowcol,0.6153574418519487,0.06042738182175249,0.3524264364593435,0.3516935661899306,0.5000850533105902,0.33723199767464956,0.31821224870223325,0.3634103685568178,1.208972875567961
True,90.0,-2.0,5192.509650873193,rowcol,0.6153574418519487,0.06042738182175249,0.3524264364593435,0.3516935661899306,0.5000850533105902,0.33723199767464956,0.31821224870223325,0.36341036855681774,1.208972875567961
False,15.0,-2.0,5192.509650873193,rowcol,0.37318132215491734,0.042231606620997474,0.33552805274522585,0.4064917827487794,0.43503839739440053,0.44304646391907493,0.31400966388160917,0.3729865643666496,1.213075940984457
False,75.0,2.0,5192.509650873193,rowcol,0.3731813221549369,0.04223160662099872,0.3355280527453094,0.40649178274882075,0.4350383973945882,0.44304646391911556,0.31400966388166734,0.37298656436669214,1.213075940984749
False,-45.0,2.0,5192.509650873193,rowcol,0.3731813221549369,0.04223160662099872,0.33552805274530945,0.40649178274882075,0.43503839739458816,0.44304646391911556,0.31400966388166734,0.3729865643666921,1.2130759409847491
False,-85.0,-1.75,5192.509650873193,rowcol,0.3370697813634542,0.034459682320381296,0.35209875874263513,0.35848698625426945,0.4608047652508901,0.37844564322220026,0.32842963970371986,0.340798312389102,1.2147832624821748
False,35.0,-1.75,5192.509650873193,rowcol,0.3370697813634542,0.034459682320381296,0.35209875874263513,0.3584869862542695,0.4608047652508901,0.37844564322220026,0.32842963970371986,0.340798312389102,1.2147832624821748
False,-25.0,1.75,5192.509650873193,rowcol,0.33706978136342086,0.034459682320383316,0.3520987587426877,0.3584869862542622,0.4608047652507954,0.37844564322210134,0.32842963970381067,0.3407983123891803,1.2147832624823254
True,-50.0,-2.25,5192.509650873193,rowcol,0.5646874817330618,0.05443835104745162,0.34605212296333315,0.3770613749946327,0.5403594752573878,0.31326675910239277,0.29724917757994507,0.42333414753328574,1.215217743884632
True,70.0,-2.25,5192.509650873193,rowcol,0.5646874817330618,0.05443835104745162,0.34605212296333315,0.3770613749946327,0.5403594752573878,0.3132667591023927,0.29724917757994507,0.42333414753328574,1.215217743884632
False,25.0,-1.75,5192.509650873193,rowcol,0.33706978112516395,0.03445968465123381,0.3521481044411186,0.36033088717250317,0.4611308515073477,0.3791744776709531,0.3284087631719361,0.3436847584621782,1.216775200495859
False,-35.0,1.75,5192.509650873193,rowcol,0.33706978112513064,0.03445968465123583,0.3521481044411712,0.36033088717249817,0.46113085150725347,0.379174477670855,0.328408763172027,0.3436847584622593,1.2167752004960117
False,85.0,1.75,5192.509650873193,rowcol,0.3370697811251306,0.03445968465123583,0.3521481044411712,0.36033088717249817,0.46113085150725347,0.37917447767085505,0.328408763172027,0.34368475846225927,1.2167752004960117
True,-55.0,-2.25,5192.509650873193,rowcol,0.5251829733247029,0.05161923012716208,0.34434225885235537,0.38435861597226406,0.5403878997029953,0.3176535734737489,0.2948827174609075,0.43256582630689533,1.21738539252933
True,65.0,-2.25,5192.509650873193,rowcol,0.5251829733247028,0.05161923012716208,0.34434225885235537,0.38435861597226406,0.5403878997029953,0.3176535734737489,0.29488271746090744,0.43256582630689533,1.21738539252933
False,10.0,2.25,5192.509650873193,rowcol,0.5923889322416305,0.05871271273755659,0.3228743883472029,0.44962108513421206,0.46817209084130035,0.477766040412081,0.28861265850289775,0.42450939559139905,1.2182442501758206
False,70.0,-2.25,5192.509650873193,rowcol,0.5923889322416225,0.058712712737559104,0.32287438834728827,0.449621085134293,0.4681720908414984,0.4777660404121953,0.28861265850295226,0.42450939559144873,1.2182442501761577
False,-50.0,-2.25,5192.509650873193,rowcol,0.5923889322416225,0.058712712737559104,0.3228743883472883,0.449621085134293,0.46817209084149836,0.4777660404121953,0.28861265850295226,0.42450939559144873,1.218244250176158
True,-90.0,2.25,5192.509650873193,rowcol,0.6754400807041017,0.06706468871436012,0.3311482211074885,0.4259796455944957,0.19370997772893309,0.4492935698536674,0.3504396124411257,0.4053361343612209,1.2194243089169612
True,30.0,2.25,5192.509650873193,rowcol,0.6754400807041017,0.06706468871436012,0.33114822110748854,0.42597964559449575,0.19370997772893317,0.4492935698536674,0.3504396124411257,0.4053361343612209,1.2194243089169614
True,-10.0,-2.25,5192.509650873193,rowcol,0.5646874835299125,0.054438332408766214,0.34605180608677805,0.38620935834640413,0.5403595303285916,0.31269989556266403,0.29724872318658163,0.43859402427603605,1.2243647766067383
False,20.0,2.25,5192.509650873193,rowcol,0.6521778762692543,0.06574549349400595,0.31695722045203456,0.47759138171753807,0.27920463353833413,0.5556615402734943,0.3233641318021483,0.4003174796525808,1.2284630430736418
False,80.0,-2.25,5192.509650873193,rowcol,0.6521778762692879,0.06574549349400508,0.31695722045215485,0.4775913817175287,0.27920463353854524,0.5556615402734397,0.32336413180225443,0.4003174796526237,1.2284630430739931
False,-40.0,-2.25,5192.509650873193,rowcol,0.6521778762692879,0.06574549349400508,0.3169572204521549,0.4775913817175287,0.2792046335385452,0.5556615402734397,0.3233641318022545,0.40031747965262365,1.2284630430739933
False,50.0,2.25,5192.509650873193,rowcol,0.5923889339544564,0.058712695455792094,0.32325647309373645,0.4587281622306727,0.46969025412532234,0.4804246288488504,0.288668686002969,0.4396535851010307,1.228497581511882
False,-70.0,2.25,5192.509650873193,rowcol,0.5923889339544564,0.058712695455792094,0.32325647309373645,0.45872816223067275,0.4696902541253224,0.4804246288488504,0.288668686002969,0.4396535851010308,1.2284975815118822
False,-10.0,-2.25,5192.509650873193,rowcol,0.5923889339544485,0.058712695455794606,0.32325647309382205,0.4587281622307558,0.46969025412552073,0.48042462884896536,0.2886686860030237,0.43965358510108454,1.2284975815122219
True,-5.0,-2.25,5192.509650873193,rowcol,0.5251829761012842,0.051619201877735575,0.34437275816985347,0.3954681265770107,0.5403879183470714,0.3174726665332081,0.29492481676993904,0.45073187507773516,1.228586401086571
False,-80.0,2.25,5192.509650873193,rowcol,0.6521778760730975,0.06574549543982906,0.3171171051260456,0.481446977641536,0.28057463041559055,0.5569335207155539,0.3233333124655005,0.4072729774899249,1.2327982930196726
False,40.0,2.25,5192.509650873193,rowcol,0.6521778760730975,0.06574549543982906,0.3171171051260456,0.481446977641536,0.2805746304155905,0.556933520715554,0.3233333124655005,0.4072729774899249,1.2327982930196726
False,-20.0,-2.25,5192.509650873193,rowcol,0.6521778760731312,0.06574549543982817,0.3171171051261661,0.4814469776415301,0.28057463041580205,0.5569335207155007,0.3233333124656068,0.4072729774899736,1.2327982930200283
True,35.0,-1.75,5192.509650873193,rowcol,0.3349319405275644,0.03594083895520456,0.3533327470235706,0.37392072789606323,0.4604701995217689,0.409747772715675,0.33007783651966827,0.3408880268297802,1.2339189689667749
True,-85.0,-1.75,5192.509650873193,rowcol,0.3349319405275644,0.03594083895520456,0.35333274702357065,0.37392072789606323,0.46047019952176904,0.40974777271567503,0.3300778365196683,0.3408880268297802,1.2339189689667753
True,-60.0,-2.25,5192.509650873193,rowcol,0.47782213758234376,0.04871131689543187,0.3482332368323961,0.3903883815946325,0.5403925956711942,0.3348731125412496,0.30023472769177034,0.43158304158094113,1.2350880920918208
True,60.0,-2.25,5192.509650873193,rowcol,0.4778221375823437,0.04871131689543187,0.34823323683239615,0.3903883815946325,0.5403925956711944,0.3348731125412496,0.3002347276917703,0.43158304158094113,1.235088092091821
True,25.0,-1.75,5192.509650873193,rowcol,0.3349319402877532,0.035940841190000405,0.3533092850840476,0.37517825724610165,0.46047025358881755,0.409380387180213,0.33004812961134716,0.34379058818080266,1.2351061124982445
True,-75.0,-2.0,5192.509650873193,rowcol,0.34985310341731785,0.039339909004972626,0.3536246141963235,0.37950442519435695,0.5004046800756681,0.39899128675456697,0.3196887913623586,0.3623057128595044,1.2403782677833275
True,45.0,-2.0,5192.509650873193,rowcol,0.34985310341731785,0.039339909004972626,0.3536246141963235,0.37950442519435695,0.5004046800756681,0.398991286754567,0.3196887913623586,0.36230571285950436,1.2403782677833275
True,-20.0,2.25,5192.509650873193,rowcol,0.38648065105192675,0.041044762862932425,0.35638649111996695,0.37148055999468604,0.19340107512539592,0.3286104665503044,0.3786090841813101,0.4040277182419227,1.2406400333545868
True,-40.0,2.25,5192.509650873193,rowcol,0.38648065091247946,0.04104476417597841,0.3563441470034402,0.3752211075654086,0.1934013329927916,0.327693089892694,0.37856193592848736,0.4109583388549115,1.2442535485757293
True,80.0,2.25,5192.509650873193,rowcol,0.38648065091247946,0.04104476417597841,0.3563441470034402,0.3752211075654086,0.1934013329927916,0.327693089892694,0.37856193592848736,0.4109583388549115,1.2442535485757293
True,5.0,2.75,5192.509650873193,rowcol,0.5993837668722647,0.05895659131294234,0.33576862575064353,0.4372951012036168,0.27204248592957436,0.31049927005062417,0.34612259680223867,0.5205451780280892,1.2446009784555474
True,75.0,-2.25,5192.509650873193,rowcol,0.5952765580955982,0.05720673059399048,0.35699128931487384,0.37436395508652043,0.5402989119913109,0.32988780696257863,0.31218834736692413,0.4080320883120695,1.2453378230311418
True,-45.0,-2.25,5192.509650873193,rowcol,0.5952765580955982,0.05720673059399048,0.35699128931487395,0.37436395508652043,0.5402989119913111,0.3298878069625786,0.31218834736692413,0.4080320883120695,1.2453378230311423
True,15.0,-2.0,5192.509650873193,rowcol,0.34985310382214935,0.039339905404771544,0.35359767733446335,0.38511445799286304,0.5004047642981397,0.39835518240561685,0.3196535392221945,0.373616070717088,1.2459074899962532
True,0.0,-2.25,5192.509650873193,rowcol,0.47782214053773775,0.04871128790518432,0.34827601735402736,0.40212460506032305,0.5403925987632671,0.33485441939283117,0.30029338902883096,0.45099633626019764,1.2469526571224052
False,-90.0,-1.75,5192.509650873193,rowcol,0.3308028284128484,0.033017884839381985,0.36228628714661165,0.36266170008943427,0.4799648156523436,0.3794799275735705,0.3364295308997402,0.3478889084825057,1.2495205615292693
False,30.0,-1.75,5192.509650873193,rowcol,0.3308028284128484,0.03301788483938199,0.36228628714661165,0.36266170008943427,0.47996481565234367,0.3794799275735705,0.3364295308997402,0.3478889084825057,1.2495205615292693
False,-30.0,1.75,5192.509650873193,rowcol,0.3308028284128063,0.033017884839384226,0.3622862871466606,0.3626617000894067,0.4799648156522009,0.37947992757341414,0.3364295308998396,0.34788890848259624,1.2495205615293885
False,90.0,1.75,5192.509650873193,rowcol,0.3308028284128063,0.033017884839384226,0.3622862871466606,0.3626617000894067,0.4799648156522009,0.37947992757341414,0.3364295308998396,0.34788890848259624,1.2495205615293885
True,-15.0,-2.25,5192.509650873193,rowcol,0.5952765586766903,0.05720672454731525,0.3569612730181101,0.3807544417000153,0.5402989997454836,0.32902183845657595,0.31214773820212277,0.4193493538348698,1.2516382607543457
True,-90.0,-1.75,5192.509650873193,rowcol,0.3317902635932928,0.03523172450843756,0.3590269377999771,0.3780427993830972,0.46049067502847907,0.41102714559116205,0.3372589982676368,0.3478907318456926,1.2551236127830285
True,30.0,-1.75,5192.509650873193,rowcol,0.3317902635932928,0.03523172450843756,0.3590269377999771,0.3780427993830972,0.46049067502847907,0.41102714559116205,0.3372589982676368,0.3478907318456926,1.2551236127830285
True,55.0,2.75,5192.509650873193,rowcol,0.5993837699507436,0.05895656001549555,0.3358068547721014,0.4492389870084795,0.2720425311943007,0.3102730489465741,0.34616643535146363,0.5390538001080497,1.2566595513247838
True,-65.0,2.75,5192.509650873193,rowcol,0.5993837699507436,0.05895656001549555,0.33580685477210154,0.44923898700847953,0.2720425311943007,0.3102730489465741,0.34616643535146363,0.5390538001080498,1.256659551324784
True,0.0,2.75,5192.509650873193,rowcol,0.5487535972080682,0.055709485935035157,0.340238380855187,0.43633740391642206,0.2720469343071369,0.3093509780972989,0.3512445973720846,0.5196398386325283,1.257052546481983
True,-65.0,-2.25,5192.509650873193,rowcol,0.4258419967282518,0.04552292404883929,0.3549711290607215,0.39254806179147245,0.540397409183274,0.3533012215864894,0.3094215827924137,0.4227429678153699,1.2574614489736369
True,55.0,-2.25,5192.509650873193,rowcol,0.42584199672825174,0.04552292404883929,0.3549711290607215,0.39254806179147245,0.5403974091832738,0.3533012215864894,0.3094215827924137,0.4227429678153699,1.2574614489736369
True,10.0,2.75,5192.509650873193,rowcol,0.6420700746897261,0.06216923765250481,0.340006129535015,0.44078378077593544,0.27206550379428246,0.34238930038608995,0.35097598207360114,0.5090156333882094,1.2608021693809806
True,5.0,-2.25,5192.509650873193,rowcol,0.42584199906438147,0.04552290219562081,0.35500071021182045,0.4034325960838681,0.5403974278270222,0.3531385768074182,0.3094616974456325,0.4413143497486412,1.2684347267193294
False,5.0,2.25,5192.509650873193,rowcol,0.5541001289334441,0.056036245710286994,0.33454821378704624,0.4652265201740157,0.5189608132898249,0.5002244483677476,0.28849999269758997,0.43361238781337424,1.2688711615351544
False,-55.0,-2.25,5192.509650873193,rowcol,0.5541001289334133,0.05603624571029012,0.33454821378708743,0.4652265201740984,0.518960813289898,0.5002244483678674,0.2884999926976224,0.43361238781342115,1.2688711615353607
False,65.0,-2.25,5192.509650873193,rowcol,0.5541001289334133,0.05603624571029012,0.33454821378708743,0.4652265201740984,0.5189608132898981,0.5002244483678675,0.28849999269762233,0.43361238781342115,1.2688711615353607
True,-60.0,2.75,5192.509650873193,rowcol,0.548753600353313,0.05570945495350875,0.34029189587502984,0.4491751916479797,0.2720469418141198,0.309326245674926,0.35130588290179127,0.5394134227704999,1.2700508792730691
True,60.0,2.75,5192.509650873193,rowcol,0.548753600353313,0.05570945495350875,0.34029189587502984,0.4491751916479796,0.2720469418141199,0.309326245674926,0.35130588290179127,0.5394134227704999,1.2700508792730691
True,-70.0,2.75,5192.509650873193,rowcol,0.6420700767277278,0.06216921660447183,0.3400057361259435,0.45036020500456886,0.2720656374796743,0.3417553840525434,0.3509755126025282,0.5245689645639264,1.2703774133823993
True,50.0,2.75,5192.509650873193,rowcol,0.6420700767277278,0.06216921660447183,0.3400057361259435,0.45036020500456886,0.2720656374796743,0.3417553840525434,0.35097551260252824,0.5245689645639264,1.2703774133823993
True,-5.0,2.75,5192.509650873193,rowcol,0.4937537267210526,0.05213648749449064,0.3490468253745201,0.430032490831478,0.272051400205039,0.3116373304009138,0.361317817350494,0.5086996459171863,1.2771729669550382
True,20.0,2.5,5192.509650873193,rowcol,0.6797363495054376,0.06653758081188375,0.34586662114853955,0.4416476645040803,0.23275063823796502,0.44356839934448733,0.3627037550293007,0.44002585636728286,1.2792475279496989
True,-15.0,2.5,5192.509650873193,rowcol,0.40384803837779076,0.04405978665288762,0.36178856247517055,0.3939353324982191,0.23254491063485053,0.3315837741430956,0.3806474546796728,0.4395783158340163,1.279301019923731
False,-80.0,-2.0,5192.509650873193,rowcol,0.3384988375285332,0.03689211060729805,0.3648560614639649,0.3856558941175067,0.4586077108743163,0.40799556826426797,0.3450330938201912,0.36581388206372817,1.2802240785094015
False,40.0,-2.0,5192.509650873193,rowcol,0.3384988375285332,0.03689211060729805,0.3648560614639649,0.3856558941175067,0.4586077108743163,0.40799556826426797,0.34503309382019126,0.36581388206372817,1.2802240785094015
False,-20.0,2.0,5192.509650873193,rowcol,0.33849883752852256,0.03689211060730024,0.3648560614640382,0.38565589411753637,0.4586077108743569,0.4079955682642645,0.3450330938202732,0.3658138820637889,1.2802240785096508
False,-65.0,2.25,5192.509650873193,rowcol,0.5541001315651223,0.0560362196876017,0.3350029292543434,0.47587173385579457,0.5205260779994042,0.5031581986347126,0.28860979926075275,0.4516497427555216,1.2808805216188248
False,55.0,2.25,5192.509650873193,rowcol,0.5541001315651223,0.0560362196876017,0.3350029292543434,0.47587173385579457,0.5205260779994042,0.5031581986347126,0.28860979926075275,0.4516497427555216,1.2808805216188248
False,-5.0,-2.25,5192.509650873193,rowcol,0.5541001315650915,0.056036219687604825,0.3350029292543846,0.47587173385587744,0.5205260779994775,0.5031581986348325,0.28860979926078534,0.45164974275557,1.280880521619031
True,40.0,2.5,5192.509650873193,rowcol,0.6797363492895987,0.06653758301685621,0.34581813960797314,0.4451473310331071,0.23275087631746155,0.44281367393864934,0.3626490689999458,0.4471004829102898,1.2826017498570266
True,-80.0,2.5,5192.509650873193,rowcol,0.6797363492895987,0.06653758301685621,0.3458181396079732,0.44514733103310716,0.23275087631746164,0.44281367393864934,0.36264906899994587,0.4471004829102899,1.2826017498570268
False,20.0,-2.0,5192.509650873193,rowcol,0.33849883737620906,0.03689211200492879,0.3649795343893439,0.38986401330988824,0.4593503212883002,0.4094720684879867,0.3450074204132798,0.37257584760280943,1.2848026164779198
False,-40.0,2.0,5192.509650873193,rowcol,0.3384988373761984,0.03689211200493098,0.3649795343894175,0.38986401330992126,0.45935032128834163,0.40947206848798445,0.34500742041336174,0.3725758476028752,1.2848026164781736
False,80.0,2.0,5192.509650873193,rowcol,0.3384988373761984,0.03689211200493098,0.3649795343894175,0.3898640133099212,0.45935032128834163,0.40947206848798445,0.34500742041336174,0.3725758476028752,1.2848026164781736
True,-45.0,2.5,5192.509650873193,rowcol,0.40384803875578085,0.0440597831882637,0.36175565070133936,0.4006831512999506,0.23254513717873537,0.33062638253648685,0.38061044625860024,0.4512577495112721,1.2859501034039686
True,75.0,2.5,5192.509650873193,rowcol,0.40384803875578085,0.04405978318826371,0.36175565070133936,0.4006831512999506,0.2325451371787352,0.3306263825364868,0.38061044625860013,0.4512577495112721,1.2859501034039686
False,25.0,2.25,5192.509650873193,rowcol,0.6703302176065343,0.06866899698933308,0.3270927176353714,0.5072475637060014,0.22379414837676478,0.6094841299253543,0.34258190670235333,0.4016013391183227,1.2885257166121156
False,-35.0,-2.25,5192.509650873193,rowcol,0.6703302176065801,0.06866899698933016,0.3270927176354891,0.5072475637059239,0.22379414837673617,0.609484129925167,0.3425819067024896,0.40160133911838175,1.2885257166123911
False,85.0,-2.25,5192.509650873193,rowcol,0.6703302176065801,0.06866899698933014,0.3270927176354891,0.5072475637059239,0.22379414837673617,0.6094841299251669,0.3425819067024896,0.40160133911838164,1.2885257166123911
True,65.0,2.75,5192.509650873193,rowcol,0.49375372905615217,0.052136465380144124,0.34908359266635286,0.44217324733052565,0.27205144546828225,0.3114119360269305,0.36135980380425464,0.5276249675873954,1.2894240253295841
True,-55.0,2.75,5192.509650873193,rowcol,0.49375372905615217,0.052136465380144124,0.3490835926663529,0.4421732473305257,0.27205144546828225,0.31141193602693057,0.36135980380425464,0.5276249675873955,1.2894240253295846
False,-85.0,2.25,5192.509650873193,rowcol,0.6703302173008776,0.06866899997308042,0.3271610088616589,0.5089026332912522,0.22465606116889075,0.6100260623921543,0.34255617278231787,0.40475178446961435,1.2903856598762289
False,35.0,2.25,5192.509650873193,rowcol,0.6703302173008776,0.06866899997308043,0.3271610088616589,0.5089026332912522,0.22465606116889072,0.6100260623921544,0.34255617278231787,0.40475178446961435,1.2903856598762289
False,-25.0,-2.25,5192.509650873193,rowcol,0.6703302173009233,0.0686689999730775,0.3271610088617767,0.5089026332911769,0.2246560611688634,0.6100260623919675,0.3425561727824541,0.4047517844696766,1.2903856598765069
True,-40.0,-2.25,5192.509650873193,rowcol,0.6167369815296956,0.059642163741504044,0.37370235738950924,0.3759447507980599,0.5402211878415246,0.34782727097084515,0.3345344352588717,0.3980566976643847,1.2970518229665875
True,80.0,-2.25,5192.509650873193,rowcol,0.6167369815296956,0.05964216374150404,0.37370235738950924,0.3759447507980599,0.5402211878415246,0.34782727097084515,0.33453443525887167,0.39805669766438473,1.2970518229665875
True,-70.0,-2.25,5192.509650873193,rowcol,0.3755089088029105,0.04200757367461195,0.3677993072269064,0.3971274063283249,0.5404261807764655,0.38128089518354363,0.3266464935780062,0.4099802791105499,1.300525328009044
True,50.0,-2.25,5192.509650873193,rowcol,0.3755089088029105,0.04200757367461195,0.3677993072269064,0.3971274063283249,0.5404261807764655,0.38128089518354363,0.3266464935780062,0.4099802791105499,1.300525328009044
True,-20.0,-2.25,5192.509650873193,rowcol,0.6167369813222666,0.05964216588644802,0.3736619747867188,0.3796413970054697,0.5402212801590082,0.3469607079599048,0.33448107332406724,0.4050896284176713,1.300627321365626
False,0.0,2.25,5192.509650873193,rowcol,0.5104673940881432,0.05378206857364952,0.34162611075386556,0.48063172408653676,0.5292846739337684,0.5323417880788854,0.2948184107102416,0.4323829856486779,1.3055100563481334
False,-60.0,-2.25,5192.509650873193,rowcol,0.5104673940880945,0.0537820685736524,0.3416261107538539,0.4806317240865979,0.5292846739337057,0.5323417880789829,0.2948184107102462,0.432382985648702,1.3055100563481596
False,60.0,-2.25,5192.509650873193,rowcol,0.5104673940880945,0.0537820685736524,0.3416261107538539,0.48063172408659793,0.5292846739337057,0.532341788078983,0.2948184107102462,0.432382985648702,1.3055100563481596
True,10.0,-2.25,5192.509650873193,rowcol,0.3755089101636743,0.04200756151063813,0.36779900383550873,0.4058238332314314,0.5404262358408718,0.38081528771616924,0.3266460730884863,0.42571999944687816,1.3092208447379576
True,-25.0,2.25,5192.509650873193,rowcol,0.37542978036978775,0.038584472579358285,0.37916921771952933,0.3754317609409758,0.1933485320069529,0.31818488079780366,0.40393208149859977,0.4175434157634313,1.3129394140995636
True,-35.0,2.25,5192.509650873193,rowcol,0.3754297801285538,0.03858447492658251,0.37914110784595334,0.3770413205031575,0.19334869756016884,0.3175762914053586,0.40390087067757946,0.42059197862594877,1.3144646440410175
True,85.0,2.25,5192.509650873193,rowcol,0.37542978012855377,0.03858447492658252,0.3791411078459534,0.3770413205031575,0.1933486975601688,0.3175762914053586,0.4039008706775794,0.42059197862594877,1.3144646440410175
False,-65.0,-2.25,5192.509650873193,rowcol,0.46192629839811494,0.051136143706868746,0.34443596104374974,0.48142731504379305,0.5136593557999901,0.5428301706175235,0.3035909826562233,0.4229426283804007,1.3147351981750424
False,55.0,-2.25,5192.509650873193,rowcol,0.4619262983981149,0.051136143706868746,0.34443596104374974,0.48142731504379305,0.5136593557999901,0.5428301706175235,0.3035909826562233,0.4229426283804007,1.3147351981750424
False,-5.0,2.25,5192.509650873193,rowcol,0.46192629839817134,0.05113614370686692,0.3444359610438098,0.48142731504376823,0.513659355800176,0.5428301706174703,0.3035909826562465,0.4229426283804061,1.3147351981751976
False,-70.0,-2.25,5192.509650873193,rowcol,0.41070842389322115,0.04723401979248707,0.35115955514659625,0.462248461835516,0.4874057673670572,0.518023043633563,0.3201366141848182,0.40950358300935547,1.3157271272753048
False,50.0,-2.25,5192.509650873193,rowcol,0.41070842389322115,0.04723401979248707,0.3511595551465963,0.462248461835516,0.4874057673670572,0.5180230436335629,0.3201366141848182,0.40950358300935547,1.3157271272753048
False,-10.0,2.25,5192.509650873193,rowcol,0.41070842389327034,0.04723401979248691,0.35115955514668623,0.4622484618355326,0.48740576736731556,0.5180230436335711,0.32013661418486317,0.40950358300938133,1.3157271272755913
False,-60.0,2.25,5192.509650873193,rowcol,0.5104673968545349,0.053782042316699995,0.3421032303573039,0.4916224894446236,0.5308874767429057,0.5352615805980608,0.29494718612122467,0.4516702435863418,1.3179321805165352
False,60.0,2.25,5192.509650873193,rowcol,0.5104673968545349,0.0537820423167,0.3421032303573039,0.4916224894446236,0.5308874767429056,0.5352615805980608,0.29494718612122467,0.4516702435863418,1.3179321805165352
False,0.0,-2.25,5192.509650873193,rowcol,0.510467396854486,0.05378204231670287,0.3421032303572923,0.49162248944468373,0.5308874767428432,0.5352615805981582,0.2949471861212292,0.4516702435863649,1.3179321805165607
False,-90.0,2.25,5192.509650873193,rowcol,0.6768376668756196,0.06983772681030384,0.3326525375870521,0.5226598366142583,0.2138996543475559,0.6346516951187587,0.34998348872011326,0.4051828011145726,1.3206174493754146
False,30.0,2.25,5192.509650873193,rowcol,0.6768376668756197,0.06983772681030384,0.3326525375870521,0.5226598366142583,0.21389965434755592,0.6346516951187587,0.34998348872011326,0.4051828011145726,1.3206174493754146
False,-30.0,-2.25,5192.509650873193,rowcol,0.6768376668756698,0.06983772681030004,0.33265253758716756,0.5226598366141469,0.21389965434738104,0.6346516951185052,0.3499834887202626,0.40518280111464217,1.3206174493756495
False,90.0,-2.25,5192.509650873193,rowcol,0.6768376668756697,0.06983772681030004,0.33265253758716756,0.5226598366141469,0.21389965434738104,0.6346516951185052,0.3499834887202626,0.40518280111464217,1.3206174493756495
True,-10.0,2.75,5192.509650873193,rowcol,0.4414333518519591,0.0481255280493196,0.366849062322945,0.4225042961467176,0.2720291119295064,0.320625439518512,0.3816023883614669,0.49211840942842794,1.3230514831155527
True,-80.0,-2.0,5192.509650873193,rowcol,0.3262146651707131,0.03636283135158059,0.37626958010008826,0.39527761817918433,0.5004749380632965,0.4272579490346629,0.3488972834386345,0.36622697973959106,1.324086358479449
True,40.0,-2.0,5192.509650873193,rowcol,0.3262146651707131,0.03636283135158059,0.37626958010008826,0.39527761817918433,0.5004749380632965,0.4272579490346629,0.3488972834386345,0.36622697973959106,1.324086358479449
False,10.0,-2.25,5192.509650873193,rowcol,0.41070842513736155,0.04723400897445775,0.3515108903782153,0.47112312785612337,0.4888642042942652,0.5204981957923607,0.3201871184253243,0.4251834938598756,1.3256557989907694
False,-50.0,2.25,5192.509650873193,rowcol,0.4107084251374106,0.047234008974457585,0.3515108903783054,0.47112312785614296,0.48886420429452365,0.5204981957923693,0.3201871184253694,0.4251834938599067,1.3256557989910593
False,70.0,2.25,5192.509650873193,rowcol,0.4107084251374107,0.04723400897445759,0.3515108903783054,0.47112312785614296,0.48886420429452365,0.5204981957923693,0.3201871184253694,0.4251834938599067,1.3256557989910593
False,5.0,-2.25,5192.509650873193,rowcol,0.4619263005517532,0.051136124252481235,0.34487763477399125,0.491746192712209,0.5152407262123853,0.5455819554093327,0.30369532592964094,0.44141699503013354,1.3263790970341827
False,-55.0,2.25,5192.509650873193,rowcol,0.4619263005518096,0.051136124252479404,0.3448776347740513,0.49174619271218645,0.5152407262125709,0.5455819554092799,0.30369532592966414,0.44141699503014203,1.3263790970343403
False,65.0,2.25,5192.509650873193,rowcol,0.4619263005518096,0.051136124252479404,0.3448776347740513,0.49174619271218645,0.515240726212571,0.5455819554092799,0.3036953259296641,0.44141699503014203,1.3263790970343403
True,20.0,-2.0,5192.509650873193,rowcol,0.32621466501265295,0.03636283276955455,0.3762339302337759,0.3984057355579704,0.5004750266402445,0.4266311931367862,0.34885180471781674,0.3730187260572211,1.327107526259298
True,15.0,2.75,5192.509650873193,rowcol,0.6756305374194652,0.06542029185851057,0.3581684626965497,0.4552063597485355,0.2721255524134176,0.40929611034979674,0.3717123131195785,0.4905010732048929,1.3297117478381846
True,-50.0,2.75,5192.509650873193,rowcol,0.44143335311178417,0.048125516493521474,0.36684868983573427,0.43248639138592876,0.2720292456327826,0.31994840517881057,0.38160194763035354,0.5081902834559187,1.3330324608931317
True,70.0,2.75,5192.509650873193,rowcol,0.44143335311178417,0.048125516493521474,0.36684868983573427,0.43248639138592876,0.2720292456327826,0.31994840517881057,0.38160194763035354,0.5081902834559187,1.3330324608931317
True,-75.0,2.75,5192.509650873193,rowcol,0.6756305380849285,0.06542028498591357,0.35813189664540296,0.46163917883362543,0.27212576536584054,0.4084432788736707,0.3716706284205379,0.5020316508283779,1.3360348687698342
True,45.0,2.75,5192.509650873193,rowcol,0.6756305380849285,0.06542028498591357,0.35813189664540296,0.46163917883362543,0.27212576536584054,0.4084432788736707,0.37167062842053794,0.5020316508283778,1.3360348687698342
False,15.0,2.5,5192.509650873193,rowcol,0.6420777043302539,0.06377324185757183,0.34987625676386824,0.48885453021220054,0.4160561108055992,0.532644755964853,0.3364131676537984,0.448731406253026,1.3384833005038053
False,-45.0,-2.5,5192.509650873193,rowcol,0.6420777043302717,0.06377324185757312,0.34987625676399303,0.48885453021225345,0.4160561108059041,0.5326447559649123,0.3364131676538831,0.4487314062530726,1.3384833005042325
False,75.0,-2.5,5192.509650873193,rowcol,0.6420777043302717,0.06377324185757312,0.3498762567639931,0.48885453021225345,0.4160561108059041,0.5326447559649122,0.33641316765388307,0.4487314062530726,1.3384833005042327
True,-30.0,2.25,5192.509650873193,rowcol,0.37223682252371276,0.03764651912041293,0.38750136265616175,0.3770750172167971,0.19332764004073524,0.30913530291632835,0.4131767264523422,0.4259029040981207,1.3395791051852823
True,90.0,2.25,5192.509650873193,rowcol,0.37223682252371276,0.03764651912041293,0.38750136265616175,0.3770750172167971,0.19332764004073524,0.30913530291632835,0.4131767264523422,0.4259029040981207,1.3395791051852823
True,85.0,-2.25,5192.509650873193,rowcol,0.6292610626594575,0.061314521465931304,0.387863466090909,0.37764298797385343,0.5401550554966114,0.35087666828096575,0.3530959267605199,0.398764773997965,1.3412333862465804
True,-35.0,-2.25,5192.509650873193,rowcol,0.6292610626594575,0.061314521465931304,0.38786346609090905,0.37764298797385343,0.5401550554966114,0.35087666828096575,0.3530959267605199,0.3987647739979651,1.3412333862465806
True,-25.0,-2.25,5192.509650873193,rowcol,0.6292610623338518,0.061314524807569326,0.38783598523592827,0.3792432882305598,0.5401551147564163,0.35032487613416724,0.3530602205412354,0.4019560030906382,1.3427512439383444
True,-50.0,-2.5,5192.509650873193,rowcol,0.5758374305723393,0.05525646194812838,0.3794701274366806,0.40470044519598364,0.5804549426411917,0.3198043098222463,0.3298946678694242,0.4642302674139254,1.3431108275060255
True,70.0,-2.5,5192.509650873193,rowcol,0.5758374305723392,0.05525646194812838,0.3794701274366806,0.40470044519598364,0.5804549426411917,0.3198043098222463,0.3298946678694241,0.4642302674139254,1.3431108275060255
True,-55.0,-2.5,5192.509650873193,rowcol,0.5325243763083242,0.05217983581970478,0.3768849052403564,0.4130979091073837,0.5804862866986645,0.3244361787529698,0.3263619086396814,0.47501901801742036,1.3437526248284528
True,65.0,-2.5,5192.509650873193,rowcol,0.5325243763083242,0.05217983581970478,0.37688490524035634,0.4130979091073837,0.5804862866986645,0.3244361787529698,0.3263619086396814,0.47501901801742036,1.3437526248284528
False,-75.0,-2.25,5192.509650873193,rowcol,0.3616723276943786,0.04181207254918969,0.3709265527464666,0.4325944609544521,0.4736444201590676,0.46839401583066054,0.34896041864455124,0.40001482825361007,1.3453741191938517
False,45.0,-2.25,5192.509650873193,rowcol,0.36167232769437857,0.04181207254918969,0.3709265527464666,0.43259446095445203,0.4736444201590676,0.46839401583066054,0.34896041864455124,0.40001482825361007,1.3453741191938517
False,-15.0,2.25,5192.509650873193,rowcol,0.3616723276944041,0.0418120725491913,0.37092655274656183,0.43259446095449594,0.47364442015928454,0.4683940158307064,0.34896041864461746,0.40001482825365203,1.3453741191941815
False,-75.0,2.5,5192.509650873193,rowcol,0.6420777049478418,0.06377323563961185,0.3501500129619164,0.49560909824811455,0.4175536842074352,0.534752723444872,0.33641170010664473,0.4601190153623554,1.3460591371338637
False,45.0,2.5,5192.509650873193,rowcol,0.6420777049478418,0.06377323563961185,0.3501500129619164,0.49560909824811455,0.41755368420743516,0.534752723444872,0.33641170010664473,0.4601190153623554,1.3460591371338637
False,-15.0,-2.5,5192.509650873193,rowcol,0.6420777049478597,0.06377323563961315,0.3501500129620414,0.495609098248171,0.41755368420774047,0.5347527234449323,0.3364117001067295,0.46011901536240823,1.3460591371342954
True,25.0,2.5,5192.509650873193,rowcol,0.6926966760760942,0.06841432495551084,0.3651380022216629,0.45642970852341946,0.23281421657200696,0.4739374001199644,0.38438034426082246,0.44116839615469766,1.3518437151884082
True,-10.0,-2.5,5192.509650873193,rowcol,0.5758374325841751,0.055256440982424535,0.37946980667214375,0.4141746411069594,0.5804549996046461,0.31918730002788054,0.3298942133769198,0.4797124623657383,1.3525840611233906
False,15.0,-2.25,5192.509650873193,rowcol,0.36167232810458555,0.0418120690009195,0.37115896703479107,0.439418163881313,0.4748290107172145,0.47047051471468987,0.3489591426340979,0.4114934410507568,1.3528950649856861
False,-45.0,2.25,5192.509650873193,rowcol,0.3616723281046111,0.04181206900092111,0.3711589670348866,0.4394181638813605,0.474829010717432,0.4704705147147369,0.3489591426341641,0.41149344105080493,1.3528950649860203
False,75.0,2.25,5192.509650873193,rowcol,0.36167232810461114,0.04181206900092111,0.3711589670348866,0.43941816388136057,0.474829010717432,0.4704705147147369,0.3489591426341641,0.41149344105080493,1.3528950649860203
True,-85.0,2.5,5192.509650873193,rowcol,0.6926966757372538,0.06841432838627869,0.36510556717954223,0.45790164097111324,0.23281436933794744,0.47348363318386405,0.38434389971718225,0.44437458116925116,1.35321834250974
True,35.0,2.5,5192.509650873193,rowcol,0.6926966757372538,0.06841432838627869,0.36510556717954223,0.4579016409711132,0.2328143693379473,0.47348363318386405,0.38434389971718225,0.44437458116925116,1.35321834250974
True,-5.0,-2.5,5192.509650873193,rowcol,0.5325243794045981,0.05217980422049018,0.3769158676439725,0.4245891691697532,0.5804863059833257,0.32423936962015726,0.3264041744574264,0.49342876379414824,1.3553367721016707
True,-30.0,-2.25,5192.509650873193,rowcol,0.6333404758001584,0.061907042161531214,0.39322376800256537,0.37843968117941357,0.5401290288566454,0.3481459690576179,0.36004429958698725,0.4021536924843536,1.3581109851871096
True,90.0,-2.25,5192.509650873193,rowcol,0.6333404758001584,0.06190704216153121,0.3932237680025654,0.37843968117941357,0.5401290288566454,0.3481459690576179,0.36004429958698725,0.4021536924843536,1.3581109851871098
False,10.0,2.5,5192.509650873193,rowcol,0.6062089728172172,0.06011954168741293,0.3575879399689552,0.48603770553282183,0.5137921698975205,0.509437029716247,0.32102740374353816,0.4654493700920199,1.3588015254396875
False,-50.0,-2.5,5192.509650873193,rowcol,0.6062089728172101,0.06011954168741582,0.3575879399690512,0.48603770553291303,0.5137921698977473,0.5094370297163782,0.32102740374359845,0.4654493700920747,1.3588015254400665
False,70.0,-2.5,5192.509650873193,rowcol,0.6062089728172101,0.06011954168741582,0.3575879399690512,0.4860377055329131,0.5137921698977473,0.509437029716378,0.32102740374359845,0.4654493700920747,1.3588015254400667
True,-60.0,-2.5,5192.509650873193,rowcol,0.4803833051808452,0.048988492800173936,0.38067134178469564,0.41998060125690767,0.5804912909406603,0.34396060207197265,0.331515203550678,0.474577718011109,1.3619946266109946
True,60.0,-2.5,5192.509650873193,rowcol,0.4803833051808452,0.04898849280017393,0.38067134178469564,0.41998060125690767,0.5804912909406604,0.3439606020719727,0.33151520355067804,0.4745777180111091,1.3619946266109946
False,-70.0,2.5,5192.509650873193,rowcol,0.6062089747282585,0.060119522417628926,0.35797128732022965,0.49540286808463596,0.515329433621292,0.5122071473337362,0.3210833717331325,0.480816215316631,1.369316730045325
False,50.0,2.5,5192.509650873193,rowcol,0.6062089747282586,0.060119522417628926,0.35797128732022965,0.49540286808463596,0.515329433621292,0.5122071473337362,0.32108337173313256,0.48081621531663093,1.369316730045325
False,-10.0,-2.5,5192.509650873193,rowcol,0.6062089747282515,0.06011952241763181,0.3579712873203259,0.49540286808472944,0.5153294336215191,0.512207147333868,0.32108337173319296,0.4808162153166901,1.3693167300457072
False,-85.0,-2.0,5192.509650873193,rowcol,0.31658917460029534,0.03250605748017477,0.39262862471356896,0.39441271810724937,0.5016262431953799,0.41236885834683473,0.36931048750212286,0.3786531973141802,1.3722985922479563
False,35.0,-2.0,5192.509650873193,rowcol,0.31658917460029534,0.03250605748017477,0.39262862471356896,0.39441271810724937,0.50162624319538,0.41236885834683473,0.36931048750212286,0.3786531973141802,1.3722985922479563
False,-25.0,2.0,5192.509650873193,rowcol,0.3165891746002576,0.03250605748017705,0.3926286247136317,0.39441271810724116,0.5016262431952735,0.41236885834671994,0.369310487502228,0.3786531973142695,1.3722985922481363
True,5.0,3.0,5192.509650873193,rowcol,0.6118173744528111,0.060084625967981704,0.36838912281690817,0.468296524288537,0.31169156098879325,0.31918099778638465,0.37780816958656627,0.5639635908597236,1.3734638927392615
True,0.0,-2.5,5192.509650873193,rowcol,0.4803833084471089,0.0489884607710382,0.3807148253829887,0.4321090968207844,0.5804912941389726,0.3439403806278514,0.3315742332654134,0.4942282231803817,1.3742535729697503
False,25.0,-2.0,5192.509650873193,rowcol,0.31658917432817885,0.03250606013042325,0.392679198645354,0.3963290731417364,0.5019685902677693,0.4131348293984166,0.36928926980453197,0.38162311889665207,1.3743666690777983
False,85.0,2.0,5192.509650873193,rowcol,0.31658917432814115,0.03250606013042553,0.3926791986454169,0.3963290731417303,0.5019685902676635,0.41313482939830276,0.3692892698046372,0.3816231188967443,1.374366669077981
False,-35.0,2.0,5192.509650873193,rowcol,0.31658917432814115,0.03250606013042553,0.39267919864541695,0.3963290731417303,0.5019685902676635,0.41313482939830276,0.3692892698046372,0.3816231188967443,1.3743666690779812
True,-75.0,-2.25,5192.509650873193,rowcol,0.33435691944067897,0.03835584555440476,0.38942003137408276,0.41034629007459833,0.540486623016791,0.4214591478448054,0.355023734555344,0.40076201576830794,1.3786063841968468
True,45.0,-2.25,5192.509650873193,rowcol,0.33435691944067897,0.03835584555440476,0.38942003137408276,0.41034629007459833,0.540486623016791,0.4214591478448054,0.355023734555344,0.40076201576830794,1.3786063841968468
True,-45.0,-2.5,5192.509650873193,rowcol,0.6094261890349073,0.0582758146615604,0.39246161090570814,0.4015856223868745,0.5803879196094403,0.33964911210833454,0.34742078319555186,0.44707987357641565,1.3789704551039987
True,75.0,-2.5,5192.509650873193,rowcol,0.6094261890349074,0.0582758146615604,0.3924616109057081,0.4015856223868745,0.5803879196094401,0.33964911210833454,0.3474207831955518,0.44707987357641576,1.3789704551039987
True,-90.0,2.5,5192.509650873193,rowcol,0.69693911270028,0.06908326443961171,0.3723429374879335,0.46207126356543676,0.2328392673124541,0.481597183680159,0.39246421907098444,0.4449873982174127,1.3791000760292373
True,30.0,2.5,5192.509650873193,rowcol,0.69693911270028,0.06908326443961171,0.3723429374879335,0.4620712635654369,0.23283926731245413,0.481597183680159,0.39246421907098444,0.4449873982174127,1.3791000760292373
False,20.0,2.5,5192.509650873193,rowcol,0.6713667838251453,0.06772009770068586,0.3547225709841962,0.5171639653970442,0.31443966458267214,0.5971682468477382,0.3615820364677094,0.4387290961210153,1.3813316783496328
False,-40.0,-2.5,5192.509650873193,rowcol,0.6713667838251831,0.06772009770068495,0.3547225709843283,0.5171639653970344,0.314439664582897,0.5971682468476757,0.36158203646782694,0.43872909612106537,1.3813316783500191
False,80.0,-2.5,5192.509650873193,rowcol,0.6713667838251831,0.06772009770068495,0.3547225709843283,0.5171639653970344,0.31443966458289707,0.5971682468476757,0.3615820364678269,0.4387290961210655,1.3813316783500191
True,-20.0,2.5,5192.509650873193,rowcol,0.37968638311647146,0.040398810363127424,0.39440916093611483,0.39879142369050086,0.23247515687742287,0.339741543164512,0.4172078623967617,0.44239167034267357,1.3820189064988453
True,15.0,-2.25,5192.509650873193,rowcol,0.334356919884398,0.03835584168640159,0.3893925129074868,0.41618483398983647,0.5404867107404866,0.42078167533869054,0.3549880230930096,0.41227926354716093,1.384362372712297
True,0.0,3.0,5192.509650873193,rowcol,0.5575538420111481,0.056601256769228045,0.3726343341181455,0.4671969786107743,0.31169545008824356,0.31657950886872205,0.3826980332103491,0.5635176925521929,1.385099980965211
True,55.0,-2.5,5192.509650873193,rowcol,0.42262164701267235,0.04545618651841833,0.3876862627782965,0.4223257254355078,0.580496424828886,0.3648711253585604,0.3409892779645092,0.4651831454936062,1.385384513770397
True,-65.0,-2.5,5192.509650873193,rowcol,0.42262164701267235,0.045456186518418325,0.38768626277829654,0.42232572543550784,0.580496424828886,0.3648711253585604,0.3409892779645092,0.46518314549360623,1.3853845137703975
True,-15.0,-2.5,5192.509650873193,rowcol,0.609426189685584,0.05827580785703143,0.39243127395962013,0.40820675014539964,0.5803880103791603,0.3387145183043738,0.34738023814627683,0.45856788021800204,1.38550057202426
True,-65.0,3.0,5192.509650873193,rowcol,0.6118173777990059,0.06008459189502752,0.3684271348812666,0.4804715118089806,0.31169160408709495,0.31894092089496695,0.3778519832679876,0.5826229309615838,1.3857529164527804
True,55.0,3.0,5192.509650873193,rowcol,0.6118173777990059,0.06008459189502752,0.36842713488126655,0.4804715118089806,0.31169160408709484,0.31894092089496695,0.3778519832679875,0.5826229309615837,1.3857529164527804
False,-80.0,2.5,5192.509650873193,rowcol,0.6713667836066156,0.06772009986715548,0.354881311715426,0.5211178016044388,0.31579171799735134,0.598477303349567,0.3615514123007276,0.4457853217500841,1.3857617367507167
False,40.0,2.5,5192.509650873193,rowcol,0.6713667836066156,0.06772009986715548,0.354881311715426,0.5211178016044388,0.3157917179973513,0.5984773033495671,0.3615514123007276,0.445785321750084,1.3857617367507167
False,-20.0,-2.5,5192.509650873193,rowcol,0.6713667836066536,0.06772009986715456,0.3548813117155582,0.5211178016044326,0.3157917179975768,0.5984773033495057,0.3615514123008452,0.44578532175013996,1.385761736751107
True,-40.0,2.5,5192.509650873193,rowcol,0.379686382970794,0.04039881173227064,0.3943666479159931,0.4026636442172558,0.23247539523904168,0.33875557719662397,0.41716032242840545,0.44942890163239924,1.385763587965235
True,80.0,2.5,5192.509650873193,rowcol,0.379686382970794,0.04039881173227065,0.3943666479159931,0.4026636442172558,0.23247539523904165,0.33875557719662397,0.41716032242840545,0.44942890163239924,1.385763587965235
True,35.0,-2.0,5192.509650873193,rowcol,0.3139745664535192,0.03414371979141728,0.39386034381450036,0.4076989282782886,0.5005345939011259,0.43961793658389603,0.3711266137382548,0.3787788574428531,1.3892799597217895
True,-85.0,-2.0,5192.509650873193,rowcol,0.3139745664535192,0.03414371979141728,0.39386034381450047,0.4076989282782886,0.500534593901126,0.43961793658389603,0.3711266137382548,0.3787788574428531,1.38927995972179
True,25.0,-2.0,5192.509650873193,rowcol,0.3139745661791367,0.0341437223145498,0.39383628936940546,0.40901711309889854,0.5005346507460959,0.43922659698007716,0.3710964183373436,0.38176516209237743,1.390525981207115
True,10.0,3.0,5192.509650873193,rowcol,0.6575201141795127,0.06352467874860623,0.373640701898223,0.4721647539927999,0.3117179026892902,0.35648258085300555,0.3838530403529966,0.5509596867630012,1.3930868596874688
True,5.0,-2.5,5192.509650873193,rowcol,0.4226216495604679,0.045456162830688714,0.38771635694599516,0.43357303203917225,0.5804964441132103,0.3646961376931078,0.3410297233263392,0.48396808989203194,1.3967221028771577
True,-60.0,3.0,5192.509650873193,rowcol,0.5575538453881677,0.05660122350369742,0.37268763909735525,0.4802858483974193,0.3116954572359608,0.3165531440596069,0.3827593957036569,0.583435704431803,1.398348765689485
True,60.0,3.0,5192.509650873193,rowcol,0.5575538453881677,0.05660122350369743,0.37268763909735525,0.4802858483974193,0.311695457235961,0.3165531440596069,0.38275939570365686,0.583435704431803,1.398348765689485
True,-70.0,3.0,5192.509650873193,rowcol,0.657520116407289,0.06352465568972493,0.37364031174115475,0.4819225170727348,0.31171802997635334,0.3558183715794695,0.38385257250913085,0.5666512407590185,1.402843452296199
True,50.0,3.0,5192.509650873193,rowcol,0.657520116407289,0.06352465568972493,0.3736403117411548,0.4819225170727348,0.31171802997635334,0.3558183715794695,0.3838525725091309,0.5666512407590185,1.4028434522961992
True,-5.0,3.0,5192.509650873193,rowcol,0.4983526435677961,0.05274249166312034,0.3816159980789311,0.460067557008637,0.3116993739134107,0.3179512441959459,0.3930223841592119,0.55195077872861,1.4049155512454303
False,5.0,2.5,5192.509650873193,rowcol,0.5645912577541479,0.05725532135914045,0.3695742260022692,0.5037867930702032,0.5695768810066656,0.534844269418405,0.3199175130834521,0.47610200196499697,1.4125094710770107
False,-55.0,-2.5,5192.509650873193,rowcol,0.5645912577541153,0.05725532135914394,0.36957422600231643,0.503786793070295,0.5695768810067541,0.5348442694185407,0.3199175130834878,0.4761020019650476,1.4125094710772441
False,65.0,-2.5,5192.509650873193,rowcol,0.5645912577541152,0.05725532135914394,0.36957422600231643,0.5037867930702951,0.5695768810067541,0.5348442694185407,0.3199175130834878,0.4761020019650476,1.4125094710772443
True,-90.0,-2.0,5192.509650873193,rowcol,0.31035912706800617,0.033302396423580245,0.40035685398896254,0.4124921390531345,0.5005579327196763,0.44147398014180583,0.3792503618174629,0.3864397579095482,1.413562701020022
True,30.0,-2.0,5192.509650873193,rowcol,0.31035912706800617,0.033302396423580245,0.40035685398896254,0.4124921390531345,0.5005579327196764,0.44147398014180583,0.37925036181746286,0.3864397579095482,1.413562701020022
True,-15.0,2.75,5192.509650873193,rowcol,0.40000825816759905,0.04387007770690051,0.39728722702690294,0.42180410731829804,0.2719705152658952,0.3414646459513886,0.41608256564965435,0.47904977400824716,1.413665788399007
False,-90.0,-2.0,5192.509650873193,rowcol,0.3092463671781555,0.030767995751612032,0.40397510625905797,0.4017596900817031,0.5227375540373472,0.41926026465346417,0.3783312596075027,0.38642883117341736,1.413685008858877
False,30.0,-2.0,5192.509650873193,rowcol,0.3092463671781555,0.03076799575161203,0.40397510625905797,0.4017596900817031,0.5227375540373472,0.4192602646534641,0.37833125960750275,0.38642883117341736,1.413685008858877
False,-30.0,2.0,5192.509650873193,rowcol,0.30924636717810683,0.03076799575161447,0.40397510625911653,0.4017596900816648,0.5227375540371841,0.41926026465327093,0.37833125960761776,0.3864288311735204,1.4136850088590143
False,90.0,2.0,5192.509650873193,rowcol,0.30924636717810683,0.03076799575161447,0.40397510625911653,0.4017596900816648,0.5227375540371841,0.41926026465327093,0.37833125960761776,0.3864288311735204,1.4136850088590143
True,65.0,3.0,5192.509650873193,rowcol,0.49835264602279217,0.052742468466377264,0.38165268449084516,0.4724553746015288,0.3116994170106321,0.31771023804587656,0.3930644924615906,0.5710039150869024,1.4174134280740642
True,-55.0,3.0,5192.509650873193,rowcol,0.49835264602279217,0.052742468466377264,0.3816526844908452,0.4724553746015288,0.3116994170106321,0.3177102380458766,0.39306449246159064,0.5710039150869024,1.4174134280740645
True,75.0,2.75,5192.509650873193,rowcol,0.4000082585538455,0.04387007418509773,0.3972542589073207,0.4287386754232262,0.2719707283397118,0.34044193417425744,0.41604532333357697,0.49084988879225616,1.4205014521451882
True,-45.0,2.75,5192.509650873193,rowcol,0.4000082585538455,0.04387007418509773,0.39725425890732075,0.4287386754232262,0.2719707283397119,0.3404419341742575,0.41604532333357697,0.4908498887922561,1.4205014521451884
False,-65.0,2.5,5192.509650873193,rowcol,0.5645912606745639,0.05725529256108804,0.37003160995751405,0.5147480204672832,0.5711616945475232,0.5379605750478689,0.32002754106480863,0.49438351341851056,1.4248428503398254
False,55.0,2.5,5192.509650873193,rowcol,0.5645912606745639,0.05725529256108804,0.37003160995751405,0.5147480204672832,0.5711616945475232,0.5379605750478689,0.32002754106480863,0.49438351341851045,1.4248428503398254
False,-5.0,-2.5,5192.509650873193,rowcol,0.5645912606745312,0.057255292561091534,0.3700316099575613,0.514748020467375,0.5711616945476119,0.5379605750480044,0.3200275410648444,0.4943835134185627,1.4248428503400588
False,-80.0,-2.25,5192.509650873193,rowcol,0.3215889984422983,0.03567689031094692,0.40289903341310407,0.4177607256915919,0.49679527273595053,0.43398516191019454,0.38331333337763374,0.4036115813878299,1.4264578259309042
False,40.0,-2.25,5192.509650873193,rowcol,0.3215889984422983,0.03567689031094692,0.40289903341310407,0.4177607256915919,0.49679527273595053,0.4339851619101946,0.38331333337763374,0.40361158138782977,1.4264578259309042
False,-20.0,2.25,5192.509650873193,rowcol,0.321588998442289,0.03567689031094953,0.40289903341318883,0.41776072569162487,0.49679527273600227,0.4339851619101884,0.38331333337772683,0.4036115813878982,1.4264578259311913
True,20.0,2.75,5192.509650873193,rowcol,0.6995912051614805,0.06834563757810838,0.38426564536428437,0.4761774479340897,0.27220825099899715,0.47272310461876965,0.4013340324676592,0.47906323286211094,1.4289743840269429
False,20.0,-2.25,5192.509650873193,rowcol,0.3215889982747128,0.03567689182155115,0.40302482610855417,0.42209401035312083,0.49756651701692817,0.4354661358996201,0.38328733533746556,0.41051113137041906,1.4311684886787834
False,-40.0,2.25,5192.509650873193,rowcol,0.32158899827470344,0.03567689182155376,0.4030248261086392,0.4220940103531575,0.49756651701698074,0.43546613589961525,0.3832873353375588,0.41051113137049267,1.4311684886790752
False,80.0,2.25,5192.509650873193,rowcol,0.32158899827470344,0.03567689182155376,0.4030248261086392,0.4220940103531575,0.49756651701698074,0.43546613589961525,0.3832873353375588,0.41051113137049267,1.4311684886790752
True,-70.0,-2.5,5192.509650873193,rowcol,0.3660067709176669,0.041532747424095816,0.40155542000560734,0.42734501439417316,0.580528165174521,0.39754613557024376,0.35945560348128736,0.4508835574704617,1.4320112744109952
True,50.0,-2.5,5192.509650873193,rowcol,0.36600677091766687,0.041532747424095816,0.40155542000560734,0.42734501439417316,0.580528165174521,0.39754613557024376,0.3594556034812874,0.45088355747046166,1.4320112744109952
True,-80.0,2.75,5192.509650873193,rowcol,0.6995912049236102,0.0683456400129673,0.3842176451330821,0.4797486858151297,0.2722084749248926,0.4719441291757144,0.4012796683595645,0.486215266190859,1.432401621214376
True,40.0,2.75,5192.509650873193,rowcol,0.6995912049236102,0.0683456400129673,0.3842176451330821,0.4797486858151297,0.27220847492489253,0.4719441291757145,0.4012796683595646,0.48621526619085886,1.432401621214376
True,80.0,-2.5,5192.509650873193,rowcol,0.6331076662242514,0.06093140605949357,0.41183174625960783,0.4034129197331908,0.5803018224662759,0.3603715000465809,0.3730126750717463,0.4363358570608724,1.4389081585120143
True,-40.0,-2.5,5192.509650873193,rowcol,0.6331076662242514,0.06093140605949357,0.4118317462596079,0.4034129197331908,0.5803018224662759,0.36037150004658086,0.3730126750717463,0.4363358570608724,1.4389081585120145
True,10.0,-2.5,5192.509650873193,rowcol,0.36600677238393214,0.041532734502650936,0.4015551109450719,0.4363283870652451,0.5805282221307906,0.3970499538156874,0.3594551785229964,0.46680963959946165,1.4409937199004608
True,-20.0,-2.5,5192.509650873193,rowcol,0.6331076659925159,0.06093140846734107,0.4117910310879176,0.4072412928125673,0.5803019179565474,0.35944212743616577,0.37295950061414535,0.4434693537369925,1.44261438607632
False,0.0,2.5,5192.509650873193,rowcol,0.5169125144126343,0.05481980731042523,0.37693572389609,0.5208000045381891,0.58148140486019,0.5701139603304065,0.32610829244680944,0.47538373414342167,1.451607176226459
False,-60.0,-2.5,5192.509650873193,rowcol,0.5169125144125808,0.05481980731042838,0.3769357238960782,0.5208000045382563,0.5814814048601264,0.5701139603305168,0.32610829244681394,0.47538373414344604,1.4516071762264908
False,60.0,-2.5,5192.509650873193,rowcol,0.5169125144125808,0.05481980731042838,0.3769357238960782,0.5208000045382563,0.5814814048601264,0.5701139603305168,0.326108292446814,0.4753837341434461,1.4516071762264908
False,25.0,2.5,5192.509650873193,rowcol,0.6913183702184819,0.07088656319336528,0.36749283166608127,0.5496004893407839,0.26285907646622225,0.6559876160355366,0.3835014572963523,0.44067695657548916,1.4520789843390278
False,-35.0,-2.5,5192.509650873193,rowcol,0.6913183702185328,0.07088656319336206,0.36749283166620944,0.5496004893406998,0.2628590764661788,0.6559876160353274,0.3835014572965029,0.4406769565755582,1.452078984339328
False,85.0,-2.5,5192.509650873193,rowcol,0.6913183702185328,0.07088656319336208,0.36749283166620944,0.5496004893406999,0.26285907646617873,0.6559876160353275,0.3835014572965029,0.4406769565755583,1.4520789843393282
True,-10.0,3.0,5192.509650873193,rowcol,0.44179106356312337,0.04838452362151082,0.4003827598813757,0.45147321770286647,0.31167381002944633,0.3277223292038246,0.41451191698600376,0.533780327844226,1.4526214973469938
False,-85.0,2.5,5192.509650873193,rowcol,0.6913183698789658,0.07088656650448176,0.36756036984712037,0.5512959927937077,0.26367473574852013,0.656543589142005,0.38347591497228195,0.4438680274623734,1.453977102335069
False,35.0,2.5,5192.509650873193,rowcol,0.6913183698789658,0.07088656650448176,0.36756036984712037,0.5512959927937077,0.26367473574852013,0.656543589142005,0.38347591497228195,0.4438680274623734,1.453977102335069
False,-25.0,-2.5,5192.509650873193,rowcol,0.6913183698790167,0.07088656650447854,0.36756036984724866,0.5512959927936261,0.2636747357484779,0.6565435891417966,0.3834759149724327,0.44386802746244586,1.453977102335372
False,-70.0,-2.5,5192.509650873193,rowcol,0.406198021388767,0.04757575281953794,0.38607337250966217,0.49930156751527993,0.5332952381010785,0.5519699878357947,0.35267693732083494,0.4502637735885473,1.4575216850442665
False,50.0,-2.5,5192.509650873193,rowcol,0.406198021388767,0.04757575281953793,0.38607337250966217,0.49930156751527993,0.5332952381010785,0.5519699878357947,0.35267693732083494,0.45026377358854724,1.4575216850442665
False,-10.0,2.5,5192.509650873193,rowcol,0.40619802138882455,0.04757575281953797,0.38607337250976254,0.4993015675153004,0.5332952381013661,0.5519699878358051,0.35267693732088556,0.4502637735885781,1.457521685044588
False,-65.0,-2.5,5192.509650873193,rowcol,0.46336440161830694,0.05191362296769738,0.379532200042391,0.5212155343240465,0.5642119864711781,0.5807235979689543,0.33507500463300627,0.4653153402397853,1.4598121344512196
False,55.0,-2.5,5192.509650873193,rowcol,0.46336440161830694,0.05191362296769738,0.379532200042391,0.5212155343240465,0.564211986471178,0.5807235979689543,0.33507500463300627,0.4653153402397853,1.4598121344512196
False,-5.0,2.5,5192.509650873193,rowcol,0.4633644016183706,0.05191362296769544,0.3795322000424572,0.52121553432402,0.5642119864713805,0.5807235979688938,0.3350750046330327,0.4653153402397939,1.4598121344513915
True,-25.0,2.5,5192.509650873193,rowcol,0.36776347936267667,0.03761353856100759,0.4193796053361805,0.4030846499745937,0.23241439863692168,0.32811644658582684,0.4450755440857998,0.4567029838922657,1.4612234659831351
True,-35.0,2.5,5192.509650873193,rowcol,0.3677634791082407,0.03761354104873613,0.4193513669626021,0.40475048075342657,0.2324145516656622,0.32746067577745963,0.4450440713218381,0.459800624258023,1.462804581641233
True,85.0,2.5,5192.509650873193,rowcol,0.3677634791082407,0.037613541048736134,0.4193513669626021,0.40475048075342657,0.2324145516656621,0.32746067577745963,0.4450440713218381,0.459800624258023,1.462804581641233
True,-50.0,3.0,5192.509650873193,rowcol,0.4417910648519142,0.048384511853772516,0.40038238720784414,0.4616693279665924,0.3116739373345167,0.32699970666749206,0.41451147395257415,0.5499635090509235,1.4628164895901248
True,70.0,3.0,5192.509650873193,rowcol,0.4417910648519143,0.048384511853772516,0.40038238720784414,0.4616693279665924,0.3116739373345167,0.32699970666749206,0.41451147395257415,0.5499635090509235,1.4628164895901248
False,60.0,2.5,5192.509650873193,rowcol,0.5169125174480774,0.054819778688307445,0.37741622562166405,0.5320787363813465,0.5831026293121189,0.57314732193212,0.3262376500334824,0.494909293464985,1.4643274132463386
False,-60.0,2.5,5192.509650873193,rowcol,0.5169125174480774,0.054819778688307445,0.3774162256216641,0.5320787363813465,0.5831026293121189,0.57314732193212,0.3262376500334824,0.494909293464985,1.4643274132463389
False,0.0,-2.5,5192.509650873193,rowcol,0.5169125174480239,0.05481977868831059,0.3774162256216524,0.5320787363814121,0.5831026293120556,0.5731473219322293,0.32623765003348687,0.49490929346500845,1.4643274132463693
False,10.0,-2.5,5192.509650873193,rowcol,0.4061980227099527,0.047575741539357286,0.3864284564142392,0.5084222471624515,0.534776441412414,0.5545262111916804,0.35272787546380313,0.4661325288568909,1.467707616405169
False,-50.0,2.5,5192.509650873193,rowcol,0.4061980227100102,0.047575741539357314,0.3864284564143397,0.5084222471624755,0.5347764414127018,0.5545262111916922,0.3527278754638539,0.46613252885692696,1.4677076164054945
False,70.0,2.5,5192.509650873193,rowcol,0.40619802271001026,0.047575741539357314,0.3864284564143397,0.5084222471624755,0.5347764414127018,0.5545262111916923,0.3527278754638539,0.46613252885692696,1.4677076164054945
True,15.0,3.0,5192.509650873193,rowcol,0.6935706412339301,0.0670145923855774,0.3939826330927657,0.48816950642318757,0.3117849255563155,0.4322312182321878,0.4071814715427238,0.5306678342938009,1.4701174057014847
True,-55.0,-2.75,5192.509650873193,rowcol,0.5403094476266839,0.052789422275002676,0.4095898283435037,0.4426945546703786,0.6206061123084985,0.331677470039627,0.3579645443231461,0.5179547229816323,1.4714640397008898
True,65.0,-2.75,5192.509650873193,rowcol,0.5403094476266839,0.052789422275002676,0.4095898283435037,0.4426945546703786,0.6206061123084985,0.331677470039627,0.3579645443231461,0.5179547229816323,1.4714640397008898
False,5.0,-2.5,5192.509650873193,rowcol,0.4633644039420797,0.05191360222644049,0.37997759187126645,0.5317901353597424,0.5658118270404655,0.583539162750559,0.33518004923515365,0.48400535497931463,1.4717229109735417
False,-55.0,2.5,5192.509650873193,rowcol,0.46336440394214334,0.051913602226438545,0.3799775918713327,0.5317901353597183,0.5658118270406679,0.5835391627504996,0.3351800492351802,0.4840053549793264,1.4717229109737162
False,65.0,2.5,5192.509650873193,rowcol,0.46336440394214334,0.05191360222643855,0.3799775918713326,0.5317901353597183,0.5658118270406679,0.5835391627504996,0.33518004923518013,0.4840053549793264,1.4717229109737162
True,-50.0,-2.75,5192.509650873193,rowcol,0.5873041352307323,0.056111343164746245,0.4130651022430022,0.4331986942702879,0.6205718636293969,0.3268452894009043,0.36266574196091067,0.5056095688175035,1.4723940009992944
True,70.0,-2.75,5192.509650873193,rowcol,0.5873041352307323,0.056111343164746245,0.4130651022430022,0.43319869427028795,0.6205718636293969,0.32684528940090435,0.36266574196091067,0.5056095688175035,1.4723940009992946
True,-80.0,-2.25,5192.509650873193,rowcol,0.30706418408446257,0.03494470883620395,0.41479511699583144,0.4284742576148278,0.5405654463838526,0.4557332798704661,0.3874959528953063,0.40412885106927005,1.472859608602322
True,40.0,-2.25,5192.509650873193,rowcol,0.30706418408446257,0.03494470883620395,0.41479511699583144,0.42847425761482777,0.5405654463838525,0.4557332798704661,0.3874959528953063,0.40412885106927,1.472859608602322
True,20.0,-2.25,5192.509650873193,rowcol,0.3070641839089499,0.03494471037845922,0.41475873605554414,0.43172127877511585,0.5405655386425438,0.4550722413183484,0.3874498860750319,0.4110577665403935,1.4759974869417483
True,-75.0,3.0,5192.509650873193,rowcol,0.6935706419622105,0.06701458484820369,0.3939463693187099,0.49471560433697775,0.31178512831776406,0.4313502436298161,0.40713995891226096,0.5423036146356217,1.4765547122931073
True,45.0,3.0,5192.509650873193,rowcol,0.6935706419622105,0.06701458484820369,0.3939463693187099,0.4947156043369777,0.31178512831776406,0.43135024362981617,0.40713995891226096,0.5423036146356217,1.4765547122931073
True,-10.0,-2.75,5192.509650873193,rowcol,0.5873041374587772,0.05611131984432402,0.4130647784163946,0.44293913980829847,0.6205719222385487,0.3261811654795327,0.3626652876222599,0.5212645390105664,1.4821334750574822
False,15.0,2.75,5192.509650873193,rowcol,0.6588927284279021,0.06546538435098374,0.38559823910010715,0.5258479504724255,0.4555346195015899,0.5672210972530325,0.371434135427884,0.4883476273047882,1.4826426677727471
False,-45.0,-2.75,5192.509650873193,rowcol,0.658892728427923,0.06546538435098526,0.3855982391002441,0.5258479504724849,0.455534619501927,0.5672210972530995,0.3714341354279768,0.48834762730484044,1.4826426677732172
False,75.0,-2.75,5192.509650873193,rowcol,0.658892728427923,0.06546538435098524,0.38559823910024416,0.5258479504724848,0.45553461950192703,0.5672210972530995,0.3714341354279769,0.48834762730484044,1.4826426677732174
True,-5.0,-2.75,5192.509650873193,rowcol,0.5403094510417458,0.05278938732120281,0.4096211678562479,0.4544965683550649,0.6206061321502778,0.33146570310142254,0.3580069328089774,0.5365527113915439,1.4833600719238087
False,-75.0,-2.5,5192.509650873193,rowcol,0.3507929290994783,0.04149796645678931,0.4067619398459383,0.4662458802554602,0.5139405300498738,0.4966930129051817,0.3840157456965887,0.4390085173905816,1.486531699793275
False,45.0,-2.5,5192.509650873193,rowcol,0.3507929290994782,0.04149796645678931,0.4067619398459383,0.46624588025546015,0.5139405300498737,0.4966930129051817,0.3840157456965887,0.4390085173905816,1.486531699793275
False,-15.0,2.5,5192.509650873193,rowcol,0.35079292909951076,0.04149796645679133,0.4067619398460457,0.4662458802555109,0.5139405300501207,0.49669301290523604,0.38401574569666286,0.43900851739062935,1.486531699793648
False,-90.0,2.5,5192.509650873193,rowcol,0.6984961496891303,0.07216084707222228,0.37420320415413816,0.5663628423410793,0.2560561325178353,0.6833038475223876,0.3919197708088893,0.4448223830307927,1.4889724548034937
False,30.0,2.5,5192.509650873193,rowcol,0.6984961496891303,0.07216084707222227,0.37420320415413816,0.5663628423410793,0.2560561325178353,0.6833038475223876,0.3919197708088893,0.4448223830307927,1.4889724548034937
False,-30.0,-2.5,5192.509650873193,rowcol,0.6984961496891857,0.07216084707221801,0.37420320415426356,0.5663628423409564,0.2560561325176389,0.6833038475221018,0.39191977080905427,0.4448223830308739,1.488972454803747
False,90.0,-2.5,5192.509650873193,rowcol,0.6984961496891857,0.07216084707221801,0.3742032041542636,0.5663628423409564,0.2560561325176389,0.6833038475221018,0.3919197708090543,0.4448223830308739,1.488972454803747
True,-35.0,-2.5,5192.509650873193,rowcol,0.6469990074534315,0.06275179909274436,0.42812264694627916,0.4053732511898032,0.5802285340695887,0.363267853799579,0.3941215591351498,0.4376587777385209,1.4897411920286405
True,85.0,-2.5,5192.509650873193,rowcol,0.6469990074534315,0.06275179909274436,0.4281226469462791,0.4053732511898032,0.5802285340695887,0.363267853799579,0.3941215591351498,0.437658777738521,1.4897411920286405
True,-60.0,-2.75,5192.509650873193,rowcol,0.48353150478694257,0.049325564135786905,0.4132562800138014,0.45042559399866405,0.6206114122903558,0.35353491456357494,0.3629108188979196,0.518066761186808,1.4901944340400681
True,60.0,-2.75,5192.509650873193,rowcol,0.4835315047869425,0.049325564135786905,0.41325628001380144,0.45042559399866405,0.6206114122903559,0.353534914563575,0.3629108188979196,0.5180667611868078,1.4901944340400683
False,-75.0,2.75,5192.509650873193,rowcol,0.65889272911027,0.06546537748312059,0.38587148415388367,0.5327338929155485,0.45703940815495553,0.5693501157737862,0.37143267349580245,0.49986796380162557,1.4903483453771995
False,45.0,2.75,5192.509650873193,rowcol,0.6588927291102701,0.06546537748312059,0.3858714841538837,0.5327338929155485,0.45703940815495553,0.5693501157737862,0.3714326734958025,0.4998679638016255,1.4903483453771997
False,-15.0,-2.75,5192.509650873193,rowcol,0.658892729110291,0.06546537748312209,0.3858714841540209,0.5327338929156116,0.4570394081552928,0.5693501157738541,0.3714326734958953,0.499867963801684,1.4903483453776742
True,-30.0,2.5,5192.509650873193,rowcol,0.36437348615967585,0.03654347806075464,0.4285220280720263,0.40483322252600823,0.23239027191265085,0.31766061781916605,0.4552572465685181,0.46567892483399065,1.4903993067420869
True,90.0,2.5,5192.509650873193,rowcol,0.36437348615967585,0.03654347806075464,0.4285220280720263,0.40483322252600823,0.23239027191265085,0.3176606178191661,0.4552572465685181,0.46567892483399065,1.4903993067420869
True,-25.0,-2.5,5192.509650873193,rowcol,0.6469990070906587,0.06275180283309395,0.4280949840249901,0.4070298597909715,0.5802285953662857,0.36267564746571174,0.39408601544696364,0.4408904856710095,1.4913148118659416
False,15.0,-2.5,5192.509650873193,rowcol,0.35079292953463687,0.04149796277828157,0.4069974328751923,0.47330928578603293,0.5151536278475255,0.4989235611679133,0.3840144571879961,0.450642302734288,1.4943015844116099
False,-45.0,2.5,5192.509650873193,rowcol,0.35079292953466934,0.04149796277828359,0.4069974328752998,0.4733092857860878,0.5151536278477729,0.49892356116796927,0.3840144571880704,0.450642302734342,1.4943015844119871
False,75.0,2.5,5192.509650873193,rowcol,0.35079292953466934,0.04149796277828359,0.4069974328752998,0.4733092857860878,0.5151536278477729,0.49892356116796927,0.3840144571880704,0.450642302734342,1.4943015844119871
False,10.0,2.75,5192.509650873193,rowcol,0.6202675955868692,0.06158044642963608,0.39254271577813515,0.5234364913714005,0.560009814729183,0.5424779012514088,0.35357103020318137,0.5068694174586938,1.501064638705806
False,-50.0,-2.75,5192.509650873193,rowcol,0.6202675955868633,0.06158044642963937,0.3925427157782417,0.5234364913715022,0.5600098147294384,0.5424779012515573,0.35357103020324737,0.5068694174587537,1.5010646387062272
False,70.0,-2.75,5192.509650873193,rowcol,0.6202675955868633,0.06158044642963937,0.3925427157782417,0.5234364913715022,0.5600098147294384,0.5424779012515573,0.35357103020324737,0.5068694174587537,1.5010646387062272
True,0.0,-2.75,5192.509650873193,rowcol,0.4835315083564399,0.04932552914449847,0.4133003406266541,0.4628728102454559,0.620611415581065,0.3535132733421242,0.3629701346550262,0.5378981760682361,1.5027738321254183
True,5.0,3.25,5192.509650873193,rowcol,0.6244734672418657,0.061241735517574905,0.4011625604574302,0.4999144633088471,0.35148056137741224,0.3286314184423153,0.40956966643298015,0.6076711443308287,1.5034021446811376
True,-30.0,-2.5,5192.509650873193,rowcol,0.6515376171614353,0.06339562443019722,0.43427543915817013,0.40624563989023194,0.5801996840567288,0.3597196772238483,0.4020090309668901,0.4415949420889319,1.5090719573647424
True,90.0,-2.5,5192.509650873193,rowcol,0.6515376171614353,0.06339562443019721,0.43427543915817013,0.406245639890232,0.5801996840567288,0.3597196772238483,0.4020090309668902,0.4415949420889319,1.5090719573647424
True,25.0,2.75,5192.509650873193,rowcol,0.7137801938619177,0.07037932276105345,0.4057155822863479,0.4927612897724983,0.27227974553838774,0.5066094248024999,0.425553378253882,0.4808064905125089,1.509908036631542
True,-85.0,2.75,5192.509650873193,rowcol,0.7137801934893271,0.07037932653983107,0.40568347220634093,0.4942611784595695,0.27227988922404256,0.5061424800639566,0.425517168029946,0.48404341673841667,1.5113115950785923
True,35.0,2.75,5192.509650873193,rowcol,0.7137801934893271,0.07037932653983107,0.40568347220634093,0.4942611784595695,0.27227988922404245,0.5061424800639566,0.425517168029946,0.48404341673841667,1.5113115950785923
False,50.0,2.75,5192.509650873193,rowcol,0.6202675976965069,0.06158042518035575,0.3929268665803634,0.5330474334251047,0.5615614187533692,0.5454266667713743,0.35362692929576095,0.5224095926322592,1.5118280331661949
False,-70.0,2.75,5192.509650873193,rowcol,0.6202675976965069,0.06158042518035575,0.39292686658036347,0.5330474334251047,0.5615614187533692,0.5454266667713743,0.35362692929576095,0.5224095926322592,1.511828033166195
False,-10.0,-2.75,5192.509650873193,rowcol,0.620267597696501,0.061580425180359055,0.3929268665804701,0.5330474334252087,0.561561418753625,0.5454266667715234,0.353626929295827,0.5224095926323236,1.511828033166619
True,75.0,-2.75,5192.509650873193,rowcol,0.6238143574281311,0.05937061644336265,0.4281189180150697,0.4296664736898566,0.6204983989641232,0.3500759867854517,0.3827718494642526,0.4866263000258089,1.5140232277350656
True,-45.0,-2.75,5192.509650873193,rowcol,0.6238143574281311,0.05937061644336265,0.42811891801506974,0.4296664736898566,0.6204983989641233,0.3500759867854517,0.3827718494642526,0.4866263000258089,1.5140232277350658
True,0.0,3.25,5192.509650873193,rowcol,0.5667296838231864,0.0575318740343274,0.405186793236996,0.49867283557303205,0.3514839648559893,0.32443225638718154,0.41422614098807947,0.6076906184122293,1.51423321528402
True,-65.0,-2.75,5192.509650873193,rowcol,0.42007584886035215,0.045456555448226674,0.42053258209424066,0.452948405446827,0.620616853960561,0.37695558128232215,0.3726604314843027,0.508134559440645,1.5145461517295489
True,55.0,-2.75,5192.509650873193,rowcol,0.4200758488603521,0.04545655544822667,0.42053258209424066,0.452948405446827,0.6206168539605609,0.37695558128232215,0.3726604314843027,0.508134559440645,1.5145461517295489
True,-65.0,3.25,5192.509650873193,rowcol,0.6244734708529892,0.061241698695438794,0.40120037649184076,0.5122775438718927,0.351480602781765,0.3283788122483094,0.40961345104070807,0.6264515859874866,1.515878673347415
True,55.0,3.25,5192.509650873193,rowcol,0.6244734708529893,0.061241698695438794,0.4012003764918407,0.5122775438718927,0.35148060278176496,0.3283788122483094,0.40961345104070807,0.6264515859874867,1.515878673347415
True,-75.0,-2.5,5192.509650873193,rowcol,0.31920205753612657,0.037435911942783166,0.4253495008625344,0.44220381064921144,0.5805950908100154,0.44491024268833773,0.3904561714416791,0.43991484037367196,1.5182523132368146
True,45.0,-2.5,5192.509650873193,rowcol,0.31920205753612657,0.03743591194278316,0.4253495008625345,0.44220381064921144,0.5805950908100154,0.4449102426883378,0.39045617144167916,0.43991484037367196,1.5182523132368149
True,-15.0,-2.75,5192.509650873193,rowcol,0.6238143581488699,0.059370608870469986,0.4280883269686502,0.43647586427172724,0.6204984923564901,0.3490785049718905,0.38273136930240564,0.4982465569325398,1.5207408451776778
True,15.0,-2.5,5192.509650873193,rowcol,0.3192020580143521,0.03743590786513192,0.42532150752167025,0.44822555895202654,0.5805951815473466,0.44419717424042626,0.39042009280254925,0.45158557054393844,1.5241900815170373
True,-20.0,2.75,5192.509650873193,rowcol,0.37384370300801945,0.0398103984618814,0.43264832101164846,0.4269913801624005,0.2718915235797989,0.35173767628880975,0.455883067046541,0.48125410336194596,1.524936343197346
True,5.0,-2.75,5192.509650873193,rowcol,0.42007585160500904,0.04545653008413086,0.4205630998645349,0.46449057631013163,0.6206168738019968,0.37676926421953016,0.3727011401439378,0.5270801714760897,1.5261798759037364
True,10.0,3.25,5192.509650873193,rowcol,0.6730765385484117,0.0648997649198266,0.4074190418077345,0.5041590276466527,0.3515101192982329,0.3714829718247726,0.4168027409288319,0.5931945147045966,1.5264161530698561
True,-60.0,3.25,5192.509650873193,rowcol,0.5667296874223912,0.05753183857960241,0.4052399012523209,0.5119663396147806,0.3514839717227896,0.3244043858023664,0.4142875576845935,0.6277234038239013,1.5276860433717432
True,60.0,3.25,5192.509650873193,rowcol,0.5667296874223912,0.05753183857960241,0.4052399012523209,0.5119663396147806,0.35148397172278983,0.32440438580236647,0.41428755768459347,0.6277234038239012,1.5276860433717432
True,80.0,2.75,5192.509650873193,rowcol,0.3738437028587168,0.03981039986392301,0.43260569014604305,0.4309702848164894,0.27189174776654623,0.3506900630814434,0.4558352097463802,0.48837388003947907,1.5287873552546185
True,-40.0,2.75,5192.509650873193,rowcol,0.3738437028587168,0.039810399863923006,0.4326056901460431,0.4309702848164894,0.27189174776654623,0.3506900630814434,0.45583520974638014,0.48837388003947907,1.5287873552546187
False,-85.0,-2.25,5192.509650873193,rowcol,0.2962008961287945,0.03058964893891593,0.43332136875081084,0.4309929440097697,0.5425390484960123,0.4466911906336772,0.41029249278970503,0.4173340133549486,1.5309570502622023
False,35.0,-2.25,5192.509650873193,rowcol,0.2962008961287945,0.03058964893891593,0.43332136875081084,0.4309929440097697,0.5425390484960123,0.4466911906336772,0.41029249278970503,0.4173340133549486,1.5309570502622023
False,-25.0,2.25,5192.509650873193,rowcol,0.2962008961287526,0.03058964893891849,0.43332136875088373,0.4309929440097605,0.5425390484958945,0.4466911906335468,0.4102924927898245,0.4173340133550487,1.5309570502624117
False,25.0,-2.25,5192.509650873193,rowcol,0.29620089582303444,0.030589651899603956,0.4333729217222845,0.43295812098013037,0.5428951502041599,0.44746975703070563,0.41027100724716,0.4203663582528929,1.533076886146984
False,-35.0,2.25,5192.509650873193,rowcol,0.2962008958229925,0.03058965189960651,0.4333729217223574,0.43295812098012365,0.5428951502040427,0.4474697570305763,0.4102710072472795,0.42036635825299595,1.533076886147196
False,85.0,2.25,5192.509650873193,rowcol,0.2962008958229925,0.03058965189960651,0.4333729217223575,0.43295812098012365,0.5428951502040427,0.4474697570305763,0.41027100724727944,0.42036635825299595,1.533076886147196
True,-5.0,3.25,5192.509650873193,rowcol,0.5034928043202047,0.05339592685468132,0.41434141578816186,0.49072050648551846,0.3514874190240345,0.3247525679297452,0.4247974400170779,0.595506624611207,1.5337447538500042
False,20.0,2.75,5192.509650873193,rowcol,0.6905950984065796,0.06970924906914228,0.39271724526605545,0.5573110557039118,0.35068944787521394,0.6392384756742358,0.39990236619982317,0.47765388171693546,1.5354627915020782
False,-40.0,-2.75,5192.509650873193,rowcol,0.690595098406622,0.06970924906914136,0.39271724526619917,0.5573110557039007,0.3506894478754522,0.6392384756741637,0.39990236619995195,0.4776538817169928,1.535462791502498
False,80.0,-2.75,5192.509650873193,rowcol,0.6905950984066219,0.06970924906914136,0.39271724526619917,0.5573110557039007,0.35068944787545225,0.6392384756741637,0.3999023661999519,0.4776538817169928,1.535462791502498
True,-70.0,3.25,5192.509650873193,rowcol,0.6730765409661067,0.0648997398458657,0.40741865456078236,0.5140640643226247,0.35151024158241956,0.37079246897615253,0.41680227460435587,0.6089976548710625,1.5363200280049718
True,50.0,3.25,5192.509650873193,rowcol,0.6730765409661068,0.0648997398458657,0.40741865456078236,0.5140640643226247,0.35151024158241956,0.3707924689761526,0.41680227460435587,0.6089976548710624,1.5363200280049718
False,-80.0,2.75,5192.509650873193,rowcol,0.6905950981656105,0.0697092514563719,0.39287496997639365,0.5613487621749337,0.3520233031961993,0.6405856082127752,0.3998719076794517,0.48478727814330763,1.5399736721041146
False,40.0,2.75,5192.509650873193,rowcol,0.6905950981656105,0.0697092514563719,0.3928749699763937,0.5613487621749337,0.35202330319619923,0.6405856082127752,0.3998719076794517,0.48478727814330763,1.5399736721041148
False,-20.0,-2.75,5192.509650873193,rowcol,0.690595098165653,0.069709251456371,0.39287496997653754,0.5613487621749265,0.35202330319643815,0.6405856082127046,0.39987190767958053,0.48478727814337086,1.539973672104539
True,-90.0,2.75,5192.509650873193,rowcol,0.7184392806613286,0.07110352046819551,0.41372730993068285,0.4990474689065266,0.27230788563251224,0.515075425819834,0.4345741880338087,0.485158392115368,1.5402293986985751
True,30.0,2.75,5192.509650873193,rowcol,0.7184392806613286,0.0711035204681955,0.41372730993068285,0.4990474689065266,0.27230788563251235,0.5150754258198339,0.4345741880338087,0.485158392115368,1.5402293986985751
True,35.0,-2.25,5192.509650873193,rowcol,0.2930401791907428,0.03237279235595146,0.4345432684036512,0.4427304228612924,0.5406324006710516,0.47097932059587155,0.4122743213422817,0.4174963483744316,1.546360228072246
True,-85.0,-2.25,5192.509650873193,rowcol,0.2930401791907428,0.03237279235595146,0.43454326840365126,0.4427304228612925,0.5406324006710517,0.47097932059587155,0.41227432134228165,0.4174963483744315,1.5463602280722462
True,-55.0,3.25,5192.509650873193,rowcol,0.5034928068787765,0.053395902728818126,0.41437802017871034,0.503310272807991,0.35148746042757945,0.3244969422400866,0.42483964491377413,0.6146600604062532,1.546444333344122
True,65.0,3.25,5192.509650873193,rowcol,0.5034928068787766,0.053395902728818126,0.41437802017871034,0.503310272807991,0.35148746042757945,0.32449694224008657,0.42483964491377413,0.6146600604062533,1.546444333344122
True,25.0,-2.25,5192.509650873193,rowcol,0.2930401788816848,0.03237279515356022,0.434518740801297,0.44409613550498267,0.5406324598785338,0.47056838283443725,0.4122437421096337,0.420545252431981,1.5476523579088735
True,-15.0,3.0,5192.509650873193,rowcol,0.3970112699864253,0.04374061733017086,0.432966135093714,0.4504131291916281,0.31160823134941296,0.3520007565174572,0.4515865032579602,0.518924644553354,1.5493115344727701
True,-45.0,3.0,5192.509650873193,rowcol,0.39701127037410705,0.043740613811380925,0.43293313359610497,0.4575000996033309,0.31160843422583523,0.3509184225056914,0.4515490694441357,0.5308184100195393,1.5562995003916458
True,75.0,3.0,5192.509650873193,rowcol,0.39701127037410705,0.043740613811380925,0.43293313359610497,0.45750009960333077,0.31160843422583506,0.35091842250569133,0.4515490694441357,0.5308184100195393,1.5562995003916458
False,5.0,2.75,5192.509650873193,rowcol,0.5754888014357882,0.05855185637880774,0.40482689431649277,0.5431819223415422,0.6207193880268554,0.5705264529547465,0.3514639526777968,0.5190715242050713,1.5576626052910205
False,-55.0,-2.75,5192.509650873193,rowcol,0.5754888014357541,0.0585518563788116,0.4048268943165459,0.5431819223416432,0.6207193880269593,0.5705264529548985,0.35146395267783564,0.5190715242051254,1.5576626052912808
False,65.0,-2.75,5192.509650873193,rowcol,0.5754888014357541,0.0585518563788116,0.4048268943165459,0.5431819223416432,0.6207193880269593,0.5705264529548985,0.35146395267783564,0.5190715242051254,1.5576626052912808
True,-70.0,-2.75,5192.509650873193,rowcol,0.35712123794636175,0.04112816474677789,0.4354272336932719,0.45839382342507834,0.620651548667229,0.4144648468243194,0.39235326135971366,0.49231252314919544,1.564675524504894
True,50.0,-2.75,5192.509650873193,rowcol,0.35712123794636175,0.041128164746777884,0.4354272336932719,0.45839382342507834,0.620651548667229,0.41446484682431944,0.39235326135971366,0.4923125231491954,1.564675524504894
False,-65.0,2.75,5192.509650873193,rowcol,0.5754888046420891,0.05855182486501979,0.405286228275856,0.5543905234883402,0.6223192126293888,0.5737812207777313,0.351574122150539,0.537541938221899,1.570249208315908
False,55.0,2.75,5192.509650873193,rowcol,0.5754888046420891,0.05855182486501977,0.405286228275856,0.5543905234883402,0.6223192126293888,0.5737812207777314,0.351574122150539,0.537541938221899,1.570249208315908
False,-5.0,-2.75,5192.509650873193,rowcol,0.575488804642055,0.05855182486502363,0.40528622827590927,0.5543905234884414,0.622319212629493,0.5737812207778834,0.351574122150578,0.5375419382219547,1.5702492083161692
True,-90.0,-2.25,5192.509650873193,rowcol,0.2889409031088301,0.031388103595576144,0.4418390930380622,0.4481857883208215,0.5406585960411616,0.47344582309879,0.42133640044031134,0.42578385337693514,1.5737030674350079
True,30.0,-2.25,5192.509650873193,rowcol,0.2889409031088301,0.031388103595576144,0.44183909303806224,0.44818578832082157,0.5406585960411617,0.47344582309879,0.42133640044031134,0.42578385337693514,1.5737030674350083
True,10.0,-2.75,5192.509650873193,rowcol,0.3571212395036166,0.041128151224926995,0.435426919871459,0.4676104103052539,0.6206516072688562,0.41394132285039137,0.3923528327050882,0.5083782605011369,1.573891169919631
False,-80.0,-2.5,5192.509650873193,rowcol,0.3050382930372421,0.03455061639684181,0.44109843147667577,0.4508280846009528,0.5352417813164119,0.46102586254977534,0.42167939632714874,0.44206978862809443,1.57412337903098
False,40.0,-2.5,5192.509650873193,rowcol,0.30503829303724206,0.0345506163968418,0.4410984314766758,0.4508280846009528,0.5352417813164119,0.46102586254977534,0.42167939632714874,0.4420697886280943,1.5741233790309803
False,-20.0,2.5,5192.509650873193,rowcol,0.3050382930372349,0.0345506163968449,0.4410984314767719,0.4508280846009894,0.535241781316475,0.46102586254976685,0.42167939632725293,0.44206978862817037,1.5741233790313052
False,20.0,-2.5,5192.509650873193,rowcol,0.3050382928559148,0.03455061799773241,0.4412260984930075,0.4553224831380612,0.5360371917690234,0.462643306011522,0.4216531379653978,0.44907336973975115,1.5790007786170834
False,-40.0,2.5,5192.509650873193,rowcol,0.30503829285590767,0.03455061799773551,0.44122609849310385,0.45532248313810153,0.5360371917690875,0.46264330601151515,0.42165313796550213,0.4490733697398325,1.579000778617413
False,80.0,2.5,5192.509650873193,rowcol,0.30503829285590767,0.03455061799773551,0.44122609849310385,0.4553224831381016,0.5360371917690875,0.46264330601151515,0.42165313796550213,0.4490733697398325,1.579000778617413
True,20.0,3.0,5192.509650873193,rowcol,0.7194562503733087,0.07016064455114722,0.4228189738599138,0.511430216266802,0.3118767133136473,0.5028987699693227,0.44003772406291375,0.5184964139418293,1.5798871378465433
False,-90.0,-2.25,5192.509650873193,rowcol,0.2877094620224296,0.028532810326670828,0.44581069475936885,0.44255608535711777,0.5655361281509681,0.4617296146183054,0.4203286324613181,0.4257634552594094,1.5799881696352243
False,30.0,-2.25,5192.509650873193,rowcol,0.2877094620224296,0.028532810326670825,0.44581069475936885,0.44255608535711777,0.5655361281509682,0.46172961461830536,0.420328632461318,0.4257634552594094,1.5799881696352243
False,-30.0,2.25,5192.509650873193,rowcol,0.2877094620223743,0.028532810326673413,0.44581069475943713,0.4425560853570686,0.5655361281507846,0.461729614618076,0.42032863246144864,0.42576345525952464,1.5799881696353801
False,90.0,2.25,5192.509650873193,rowcol,0.2877094620223743,0.028532810326673413,0.44581069475943713,0.4425560853570686,0.5655361281507846,0.461729614618076,0.42032863246144864,0.42576345525952464,1.5799881696353801
True,-40.0,-2.75,5192.509650873193,rowcol,0.6496837988956148,0.06223742778934254,0.45015114218376656,0.4317403816780135,0.6204039473168214,0.3736402347238213,0.4115981434794091,0.47513361646258084,1.582193808229313
True,80.0,-2.75,5192.509650873193,rowcol,0.6496837988956148,0.06223742778934254,0.45015114218376656,0.4317403816780135,0.6204039473168214,0.3736402347238213,0.4115981434794091,0.47513361646258084,1.582193808229313
True,-10.0,3.25,5192.509650873193,rowcol,0.4428497374533381,0.048698270114720256,0.43406701050154534,0.48105897322451624,0.3514586882339246,0.3352871754950253,0.44748453167308905,0.5757566261461169,1.5832600047291523
True,-80.0,3.0,5192.509650873193,rowcol,0.7194562501133562,0.07016064721680765,0.4227713848411346,0.5150583067453122,0.3118769265254524,0.5020999927829857,0.4399836343547669,0.5257089053043649,1.583372461268716
True,40.0,3.0,5192.509650873193,rowcol,0.7194562501133562,0.07016064721680765,0.4227713848411346,0.5150583067453122,0.3118769265254523,0.5020999927829857,0.4399836343547669,0.5257089053043649,1.583372461268716
True,-20.0,-2.75,5192.509650873193,rowcol,0.6496837986394717,0.06223743046316744,0.45011016810746524,0.4356760227414423,0.620404045566513,0.37265419953019135,0.41154513523756575,0.4823439203406301,1.586006527063838
True,-50.0,3.25,5192.509650873193,rowcol,0.44284973875492084,0.0486982582784546,0.4340666377448741,0.4914307139189593,0.35145881053600575,0.33452196750751395,0.44748408667577017,0.5920267836486367,1.5936306271535816
True,70.0,3.25,5192.509650873193,rowcol,0.4428497387549209,0.0486982582784546,0.4340666377448741,0.49143071391895937,0.35145881053600575,0.3345219675075139,0.44748408667577017,0.5920267836486367,1.5936306271535816
False,0.0,2.75,5192.509650873193,rowcol,0.523943836564245,0.05594658486602018,0.41246253126027654,0.5617253948293832,0.6342017853322542,0.6087631153833002,0.3575205090565224,0.5188766391818795,1.599112988610213
False,60.0,-2.75,5192.509650873193,rowcol,0.523943836564187,0.05594658486602355,0.41246253126026466,0.5617253948294565,0.6342017853321902,0.6087631153834231,0.357520509056527,0.5188766391819041,1.5991129886102504
False,-60.0,-2.75,5192.509650873193,rowcol,0.523943836564187,0.055946584866023545,0.4124625312602647,0.5617253948294565,0.6342017853321902,0.6087631153834231,0.357520509056527,0.5188766391819041,1.5991129886102506
True,-55.0,-3.0,5192.509650873193,rowcol,0.5485192968040625,0.05344631355661984,0.4424210418649049,0.47298763657187914,0.6607434713365001,0.33934808513504,0.3896605905166122,0.5612622175336609,1.6002507621665938
True,65.0,-3.0,5192.509650873193,rowcol,0.5485192968040625,0.053446313556619836,0.4424210418649049,0.47298763657187914,0.6607434713365001,0.33934808513504,0.3896605905166122,0.5612622175336609,1.6002507621665938
False,50.0,-2.75,5192.509650873193,rowcol,0.4024800062675969,0.048024205507357025,0.42117888068785325,0.5371742971562128,0.579719373006997,0.5868275200193348,0.3853143452936641,0.49154891786929167,1.6007109392197725
False,-70.0,-2.75,5192.509650873193,rowcol,0.4024800062675969,0.048024205507357025,0.42117888068785325,0.5371742971562129,0.579719373006997,0.5868275200193348,0.385314345293664,0.49154891786929167,1.6007109392197727
False,-10.0,2.75,5192.509650873193,rowcol,0.4024800062676634,0.04802420550735735,0.42117888068796405,0.5371742971562382,0.5797193730073138,0.58682752001935,0.38531434529372033,0.4915489178693276,1.6007109392201304
True,-50.0,-3.0,5192.509650873193,rowcol,0.5990694070463967,0.05700134032587693,0.44679712961260554,0.46239729199013296,0.6607063303587007,0.3343578954153009,0.39553118597917675,0.5473624805899516,1.6027886808279497
True,70.0,-3.0,5192.509650873193,rowcol,0.5990694070463967,0.05700134032587693,0.44679712961260554,0.46239729199013296,0.6607063303587007,0.3343578954153009,0.39553118597917675,0.5473624805899516,1.6027886808279497
False,-65.0,-2.75,5192.509650873193,rowcol,0.4655372906986923,0.052787426707356595,0.4148377456084051,0.5617373319956626,0.6153061312899072,0.6194058927716534,0.36667118543011484,0.5081977701860134,1.6062505688208777
False,55.0,-2.75,5192.509650873193,rowcol,0.4655372906986923,0.05278742670735659,0.4148377456084051,0.5617373319956626,0.6153061312899072,0.6194058927716535,0.36667118543011484,0.5081977701860134,1.6062505688208777
False,-5.0,2.75,5192.509650873193,rowcol,0.4655372906987633,0.05278742670735465,0.41483774560847725,0.5617373319956355,0.6153061312901262,0.619405892771588,0.36667118543014443,0.5081977701860254,1.606250568821067
True,-25.0,2.75,5192.509650873193,rowcol,0.3611703872719593,0.036691774757334365,0.4597913446730013,0.4316114151086159,0.2718229138471799,0.33894025535827205,0.48628706579084746,0.4963282400385016,1.6109854491276199
False,10.0,-2.75,5192.509650873193,rowcol,0.402480007649352,0.04802419392717822,0.42153692903169143,0.5465415395414688,0.58121836333594,0.5895489301837196,0.38536563104578964,0.5075595201829278,1.611152326636543
False,-50.0,2.75,5192.509650873193,rowcol,0.4024800076494185,0.04802419392717855,0.4215369290318024,0.5465415395414978,0.5812183633362569,0.5895489301837362,0.385365631045846,0.5075595201829689,1.611152326636905
False,70.0,2.75,5192.509650873193,rowcol,0.4024800076494185,0.04802419392717855,0.4215369290318024,0.5465415395414978,0.5812183633362569,0.5895489301837362,0.385365631045846,0.5075595201829689,1.611152326636905
True,15.0,3.25,5192.509650873193,rowcol,0.7115489399999133,0.06862092079210165,0.4299263037394049,0.5217334275414043,0.3515839690971971,0.4560788204163958,0.442715144006785,0.5711352829344252,1.6115123387596189
False,60.0,2.75,5192.509650873193,rowcol,0.5239438398584233,0.055946554015792065,0.4129455821877883,0.5732673242271668,0.6358370560469071,0.6119550810771575,0.357650302505827,0.5385842851082236,1.6121040707905316
False,-60.0,2.75,5192.509650873193,rowcol,0.5239438398584233,0.055946554015792065,0.4129455821877884,0.5732673242271668,0.6358370560469071,0.6119550810771573,0.357650302505827,0.5385842851082236,1.6121040707905319
False,0.0,-2.75,5192.509650873193,rowcol,0.5239438398583652,0.05594655401579543,0.41294558218777655,0.5732673242272384,0.6358370560468432,0.6119550810772795,0.3576503025058316,0.5385842851082473,1.612104070790568
True,-5.0,-3.0,5192.509650873193,rowcol,0.5485193005364016,0.0534462752516232,0.4424526937332802,0.4850448879734095,0.6607434916672007,0.33912228555232976,0.38970307165193707,0.5800084695051265,1.6124029691732502
True,-35.0,2.75,5192.509650873193,rowcol,0.36117038700846393,0.03669177735101441,0.45976301271128645,0.43332285363797146,0.2718230577743159,0.3382419216018374,0.4862553798662252,0.4994643214545356,1.6126118917718308
True,85.0,2.75,5192.509650873193,rowcol,0.36117038700846393,0.036691777351014414,0.45976301271128645,0.43332285363797146,0.27182305777431587,0.3382419216018374,0.4862553798662252,0.4994643214545356,1.6126118917718308
True,-10.0,-3.0,5192.509650873193,rowcol,0.5990694094915352,0.05700131462809362,0.4467968033380432,0.47235687058457326,0.6607063904121024,0.3336496445800523,0.3955307319485207,0.5631542749312508,1.6127472805987029
False,25.0,2.75,5192.509650873193,rowcol,0.7123153618989205,0.07310904060106205,0.4080916408944002,0.5926097236314234,0.30255221435305124,0.7032048698276673,0.424511316960129,0.4802742998837538,1.616884646314624
False,-35.0,-2.75,5192.509650873193,rowcol,0.7123153618989767,0.07310904060105851,0.40809164089453887,0.5926097236313324,0.302552214352994,0.7032048698274348,0.42451131696029404,0.4802742998838331,1.6168846463149489
False,85.0,-2.75,5192.509650873193,rowcol,0.7123153618989767,0.07310904060105851,0.40809164089453887,0.5926097236313322,0.30255221435299395,0.7032048698274348,0.424511316960294,0.4802742998838329,1.6168846463149489
True,-75.0,3.25,5192.509650873193,rowcol,0.7115489407912287,0.06862091258673754,0.4298903027316106,0.5283710724988911,0.35158416389029373,0.45517435961711417,0.44267378192073953,0.5828556873245105,1.618041980693723
True,45.0,3.25,5192.509650873193,rowcol,0.7115489407912287,0.06862091258673754,0.4298903027316106,0.5283710724988911,0.35158416389029373,0.45517435961711417,0.44267378192073953,0.5828556873245105,1.618041980693723
False,5.0,-2.75,5192.509650873193,rowcol,0.46553729317532333,0.05278740486570951,0.415286000656124,0.5725697223539253,0.6169199939523609,0.6223777234847802,0.3667767785485578,0.5270503973544728,1.6184277243222973
False,-55.0,2.75,5192.509650873193,rowcol,0.4655372931753944,0.052787404865707564,0.41528600065619625,0.5725697223539012,0.6169199939525799,0.6223777234847164,0.3667767785485873,0.5270503973544877,1.61842772432249
False,65.0,2.75,5192.509650873193,rowcol,0.4655372931753944,0.052787404865707564,0.41528600065619625,0.5725697223539012,0.6169199939525799,0.6223777234847164,0.3667767785485873,0.5270503973544877,1.61842772432249
False,-85.0,2.75,5192.509650873193,rowcol,0.7123153615255637,0.0731090442387491,0.4081585425789454,0.5943376476473825,0.3033319334004401,0.7037718359600253,0.42448593467131823,0.48349594138218466,1.6188132753842186
False,35.0,2.75,5192.509650873193,rowcol,0.7123153615255637,0.0731090442387491,0.4081585425789454,0.5943376476473825,0.3033319334004401,0.7037718359600252,0.42448593467131823,0.48349594138218466,1.6188132753842186
False,-25.0,-2.75,5192.509650873193,rowcol,0.7123153615256199,0.07310904423874555,0.4081585425790841,0.5943376476472936,0.303331933400384,0.7037718359597934,0.4244859346714832,0.4834959413822672,1.618813275384546
True,-60.0,-3.0,5192.509650873193,rowcol,0.487255357937618,0.049721312785665564,0.44595586640252,0.48156164649490457,0.6607490568116449,0.36355759050849895,0.3943940777647212,0.5619354034247429,1.6194292457024644
True,60.0,-3.0,5192.509650873193,rowcol,0.487255357937618,0.04972131278566556,0.44595586640252005,0.48156164649490457,0.660749056811645,0.363557590508499,0.3943940777647212,0.5619354034247429,1.6194292457024648
True,-80.0,-2.5,5192.509650873193,rowcol,0.28803456542967015,0.03357861226186676,0.4534430649129642,0.4626657389890732,0.5806824606465434,0.4853474221653499,0.42617615360160227,0.44269197036402885,1.6229949337279659
True,40.0,-2.5,5192.509650873193,rowcol,0.28803456542967015,0.03357861226186676,0.4534430649129642,0.4626657389890732,0.5806824606465433,0.4853474221653499,0.42617615360160227,0.44269197036402885,1.6229949337279659
True,20.0,-2.5,5192.509650873193,rowcol,0.28803456523763843,0.03357861390909853,0.4534060871623023,0.4660075072351584,0.5806825560742207,0.48465776082980894,0.42612961415695155,0.44972450262211006,1.6262257687220651
False,15.0,3.0,5192.509650873193,rowcol,0.6758118891643771,0.06718256431373024,0.42150520266355423,0.5634716262471823,0.49561818009917,0.6025784757975442,0.40654276581417587,0.52834713341394,1.627987234237845
False,-45.0,-3.0,5192.509650873193,rowcol,0.6758118891644014,0.06718256431373201,0.42150520266370345,0.5634716262472489,0.4956181800995388,0.6025784757976201,0.40654276581427684,0.5283471334139977,1.6279872342383592
False,75.0,-3.0,5192.509650873193,rowcol,0.6758118891644014,0.06718256431373201,0.42150520266370345,0.563471626247249,0.4956181800995389,0.6025784757976199,0.40654276581427684,0.5283471334139977,1.6279872342383592
False,45.0,-2.75,5192.509650873193,rowcol,0.3406034620801641,0.04130244249917924,0.4427550912481092,0.5008325980686728,0.554659525080611,0.5261254442456352,0.41915035251318805,0.47852779259200995,1.6290978718130003
False,-75.0,-2.75,5192.509650873193,rowcol,0.3406034620801641,0.04130244249917924,0.4427550912481092,0.5008325980686729,0.5546595250806111,0.5261254442456352,0.41915035251318805,0.47852779259200995,1.6290978718130005
False,-15.0,2.75,5192.509650873193,rowcol,0.3406034620802046,0.04130244249918187,0.44275509124822854,0.5008325980687307,0.554659525080888,0.5261254442456982,0.4191503525132703,0.4785277925920633,1.6290978718134164
True,0.0,-3.0,5192.509650873193,rowcol,0.4872553618018552,0.04972127491717622,0.4460004082409668,0.4942702689042463,0.6607490601834406,0.36353463273092196,0.3944536207873418,0.5819075777205648,1.6322714936271467
True,5.0,3.5,5192.509650873193,rowcol,0.637338791232908,0.06242630322002343,0.43405429654287087,0.5320390149515601,0.3913668121524784,0.33878621019819943,0.4413906976638023,0.6516096576011825,1.6342019045801728
False,-75.0,3.0,5192.509650873193,rowcol,0.6758118899117951,0.06718255679520171,0.42177790356187317,0.5704659999576779,0.4971271976794664,0.6047272424923209,0.40654130887098283,0.539972414661283,1.6357997106432975
False,45.0,3.0,5192.509650873193,rowcol,0.6758118899117951,0.06718255679520171,0.4217779035618732,0.570465999957678,0.49712719767946634,0.604727242492321,0.40654130887098283,0.539972414661283,1.6357997106432975
False,-15.0,-3.0,5192.509650873193,rowcol,0.6758118899118194,0.06718255679520348,0.4217779035620226,0.5704659999577483,0.49712719767983543,0.6047272424923983,0.4065413088710838,0.5399724146613472,1.6357997106438162
False,15.0,-2.75,5192.509650873193,rowcol,0.34060346253377594,0.0413024387584377,0.442993079910955,0.5081004418379685,0.5558960512585267,0.5285095150937792,0.41914905381670764,0.49027938581552066,1.6370796815708335
False,-45.0,2.75,5192.509650873193,rowcol,0.3406034625338164,0.04130243875844033,0.4429930799110745,0.5081004418380304,0.5558960512588041,0.5285095150938435,0.4191490538167899,0.4902793858155803,1.637079681571254
False,75.0,2.75,5192.509650873193,rowcol,0.34060346253381646,0.04130243875844033,0.4429930799110745,0.5081004418380304,0.5558960512588041,0.5285095150938435,0.4191490538167899,0.4902793858155803,1.637079681571254
True,85.0,-2.75,5192.509650873193,rowcol,0.6649342534715478,0.06419966764900524,0.4685710222556795,0.4339627503669207,0.620323516765753,0.3763162777435724,0.4352454826886678,0.4770807680423714,1.6396758171339592
True,-35.0,-2.75,5192.509650873193,rowcol,0.6649342534715478,0.06419966764900524,0.4685710222556795,0.43396275036692084,0.6203235167657531,0.3763162777435724,0.4352454826886678,0.4770807680423715,1.6396758171339594
True,-25.0,-2.75,5192.509650873193,rowcol,0.6649342530715867,0.06419967179151591,0.4685432197878603,0.43566511512859385,0.620323579833976,0.3756874255566061,0.43521007886516727,0.48034280176218724,1.6412947744921746
True,-30.0,2.75,5192.509650873193,rowcol,0.357633267517431,0.035483814733162096,0.46973890381011135,0.4334570421153635,0.2717956932191705,0.32705402552616164,0.4974030706553036,0.5059035900696884,1.6426737535456974
True,90.0,2.75,5192.509650873193,rowcol,0.357633267517431,0.035483814733162096,0.46973890381011135,0.4334570421153635,0.2717956932191705,0.3270540255261617,0.4974030706553036,0.5059035900696884,1.6426737535456974
True,0.0,3.5,5192.509650873193,rowcol,0.5762631810237443,0.058499483837746606,0.43786085364756977,0.5306553216568722,0.39136978204944806,0.3328650451707198,0.4458130784841314,0.6520986547714307,1.6442378825995816
False,10.0,3.0,5192.509650873193,rowcol,0.63454894316783,0.0630953417438035,0.42767957321840666,0.5616508332579,0.6066884726758445,0.5767162627765117,0.386210959168661,0.5486608220503333,1.64468955291312
False,70.0,-3.0,5192.509650873193,rowcol,0.6345489431678254,0.06309534174380724,0.4276795732185235,0.5616508332580121,0.6066884726761285,0.5767162627766772,0.38621095916873266,0.5486608220503982,1.6446895529135825
False,-50.0,-3.0,5192.509650873193,rowcol,0.6345489431678254,0.06309534174380724,0.42767957321852357,0.561650833258012,0.6066884726761284,0.5767162627766772,0.3862109591687327,0.5486608220503982,1.6446895529135828
True,-65.0,-3.0,5192.509650873193,rowcol,0.4182169209795667,0.04552402920675849,0.45348158202311156,0.48425582052550226,0.6607547959677269,0.3895067003183885,0.4044107372705264,0.5514777708821863,1.6447005665948369
True,55.0,-3.0,5192.509650873193,rowcol,0.41821692097956664,0.04552402920675849,0.45348158202311156,0.48425582052550226,0.6607547959677269,0.3895067003183885,0.4044107372705264,0.5514777708821863,1.6447005665948369
True,55.0,3.5,5192.509650873193,rowcol,0.6373387951061422,0.062426263676384146,0.4340919359456685,0.5445566015894395,0.3913668521974512,0.33852232546679345,0.4414344515392067,0.6704888732282157,1.6468324094264448
True,-65.0,3.5,5192.509650873193,rowcol,0.6373387951061422,0.062426263676384146,0.43409193594566853,0.5445566015894396,0.3913668521974513,0.33852232546679345,0.44143445153920674,0.6704888732282157,1.6468324094264453
True,75.0,-3.0,5192.509650873193,rowcol,0.6384249357392976,0.060489739563354426,0.4639200970315552,0.4584486562132021,0.6606264390443309,0.3611107817361078,0.41821146405845055,0.5265590305477846,1.6502089473078676
True,-45.0,-3.0,5192.509650873193,rowcol,0.6384249357392976,0.06048973956335443,0.4639200970315553,0.4584486562132021,0.6606264390443313,0.3611107817361078,0.41821146405845055,0.5265590305477846,1.6502089473078678
False,50.0,3.0,5192.509650873193,rowcol,0.6345489454762535,0.06309531852801625,0.4280642325654906,0.5714370494411877,0.6082510505111156,0.5797646741801743,0.3862667871272097,0.5643384831646446,1.6556297471376593
False,-70.0,3.0,5192.509650873193,rowcol,0.6345489454762535,0.06309531852801625,0.42806423256549064,0.5714370494411877,0.6082510505111156,0.5797646741801743,0.38626678712720963,0.5643384831646446,1.6556297471376595
False,-10.0,-3.0,5192.509650873193,rowcol,0.634548945476249,0.06309531852801999,0.4280642325656077,0.5714370494413018,0.6082510505113998,0.5797646741803403,0.3862667871272814,0.564338483164714,1.655629747138125
True,5.0,-3.0,5192.509650873193,rowcol,0.41821692390497134,0.04552400233184997,0.4535124549816399,0.4960399416284951,0.6607548162980791,0.38930999379201203,0.40445165990954635,0.5705467033316666,1.6565773065734146
True,-15.0,-3.0,5192.509650873193,rowcol,0.6384249365304853,0.06048973121294597,0.4638893005345696,0.46541296990601566,0.6606265347383202,0.3600558336578977,0.418171046397634,0.538283635961766,1.6570808715097245
True,-60.0,3.5,5192.509650873193,rowcol,0.5762631848356865,0.05849944628728355,0.43791377928915765,0.544117140857723,0.39136978869081274,0.33283579105124766,0.44587453360773727,0.6722240639640008,1.657858478725196
True,60.0,3.5,5192.509650873193,rowcol,0.5762631848356866,0.05849944628728356,0.43791377928915765,0.544117140857723,0.3913697886908129,0.33283579105124766,0.44587453360773716,0.6722240639640008,1.657858478725196
False,-90.0,2.75,5192.509650873193,rowcol,0.7201563229999794,0.07448510236008742,0.4159388436989459,0.6106702332756788,0.2984370278237234,0.7325752079977238,0.4339420187777451,0.48498199134278025,1.6584867643725165
False,30.0,2.75,5192.509650873193,rowcol,0.7201563229999794,0.07448510236008742,0.4159388436989459,0.6106702332756788,0.2984370278237234,0.7325752079977238,0.4339420187777451,0.48498199134278036,1.6584867643725165
False,-30.0,-2.75,5192.509650873193,rowcol,0.7201563230000403,0.0744851023600827,0.4159388436990812,0.6106702332755447,0.2984370278235059,0.7325752079974059,0.43394201877792565,0.484981991342873,1.6584867643727883
False,90.0,-2.75,5192.509650873193,rowcol,0.7201563230000403,0.0744851023600827,0.4159388436990812,0.6106702332755447,0.29843702782350595,0.7325752079974059,0.43394201877792565,0.484981991342873,1.6584867643727883
True,-75.0,-2.75,5192.509650873193,rowcol,0.30443949455193287,0.03658494615142842,0.4613817063033008,0.4748726206744196,0.6207249417249296,0.46919716447016513,0.425961773496798,0.4795936301344932,1.659017739584322
True,45.0,-2.75,5192.509650873193,rowcol,0.30443949455193287,0.03658494615142842,0.4613817063033009,0.4748726206744196,0.6207249417249296,0.469197164470165,0.425961773496798,0.4795936301344932,1.6590177395843222
True,10.0,3.5,5192.509650873193,rowcol,0.6887321390737378,0.06629327371535525,0.44130813799315893,0.5366569221846852,0.39139951161311015,0.38728508457118715,0.44980912036681947,0.6356621607005661,1.660581336164162
True,-30.0,-2.75,5192.509650873193,rowcol,0.6699314189612728,0.06489251464496433,0.4755155824124905,0.4349082057346523,0.6202918484410147,0.37189153188600577,0.44406882931105773,0.4815626620428369,1.6614549529721239
True,90.0,-2.75,5192.509650873193,rowcol,0.6699314189612728,0.06489251464496433,0.4755155824124905,0.4349082057346523,0.6202918484410147,0.37189153188600577,0.44406882931105773,0.4815626620428369,1.6614549529721239
True,-5.0,3.5,5192.509650873193,rowcol,0.5091578169924991,0.054095074283816796,0.44718877763949944,0.5218824758422631,0.39137281772756927,0.33201134886182665,0.45662826995220135,0.6393049062899585,1.6634488087607613
True,15.0,-2.75,5192.509650873193,rowcol,0.30443949505942863,0.03658494192833174,0.46135331837174864,0.481042776392353,0.6207250350832116,0.46845339710204426,0.42592539500560317,0.49138068482144387,1.665102731507599
True,-20.0,3.0,5192.509650873193,rowcol,0.36899781557830663,0.03928211296872746,0.47105125133514614,0.4559154788177857,0.3115202753397358,0.36451346893379855,0.49461677058796527,0.5205033747730785,1.6690692328232242
True,25.0,3.0,5192.509650873193,rowcol,0.7348656611255007,0.07234730589319738,0.44643526757985297,0.5298012865583719,0.3119559233967086,0.5402559177897165,0.4667918955973936,0.5208466269086754,1.6691070892979307
True,-85.0,3.0,5192.509650873193,rowcol,0.7348656607191768,0.07234731002041901,0.44640343349047856,0.5313232708052386,0.311956060208677,0.5397782569717251,0.466755883387382,0.5241071381279907,1.6705335712766742
True,35.0,3.0,5192.509650873193,rowcol,0.7348656607191768,0.07234731002041901,0.44640343349047856,0.5313232708052386,0.31195606020867683,0.539778256971725,0.466755883387382,0.5241071381279907,1.6705335712766742
True,50.0,3.5,5192.509650873193,rowcol,0.6887321416814253,0.06629324662363859,0.44130775336132155,0.5466826900042503,0.3913996298825515,0.3865718135311967,0.4498086554603739,0.6515567078450084,1.6706059500882149
True,-70.0,3.5,5192.509650873193,rowcol,0.6887321416814253,0.06629324662363859,0.44130775336132155,0.5466826900042504,0.3913996298825515,0.3865718135311967,0.4498086554603739,0.6515567078450084,1.670605950088215
True,-40.0,3.0,5192.509650873193,rowcol,0.3689978154281543,0.03928211437918864,0.47100853662998676,0.4599815296553413,0.31152048879549527,0.3634106478216729,0.4945686512930129,0.5276882446305965,1.6730071395453017
True,80.0,3.0,5192.509650873193,rowcol,0.3689978154281543,0.03928211437918864,0.47100853662998676,0.4599815296553413,0.31152048879549527,0.3634106478216729,0.4945686512930129,0.5276882446305965,1.6730071395453017
True,65.0,3.5,5192.509650873193,rowcol,0.5091578196385753,0.054095049378208256,0.4472253020048455,0.5346387844398985,0.3913728577719277,0.3317420751005767,0.45667055277800755,0.6585382774476706,1.676314690454435
True,-55.0,3.5,5192.509650873193,rowcol,0.5091578196385753,0.054095049378208256,0.44722530200484556,0.5346387844398985,0.3913728577719277,0.3317420751005767,0.4566705527780076,0.6585382774476706,1.6763146904544353
True,-15.0,3.25,5192.509650873193,rowcol,0.39487626388966796,0.04367194132555634,0.4687841337712245,0.4796299533841755,0.3513862852678072,0.363135076434988,0.4871442191133668,0.5591166228917599,1.6859823546978492
False,-85.0,-2.5,5192.509650873193,rowcol,0.27592541327072573,0.02871157139687746,0.47413505557269975,0.46810370929880446,0.5835239716754335,0.48138999511095737,0.45134810137799264,0.4566309169639643,1.6905088760169038
False,35.0,-2.5,5192.509650873193,rowcol,0.27592541327072573,0.028711571396877456,0.47413505557269975,0.4681037092988045,0.5835239716754335,0.48138999511095737,0.45134810137799264,0.4566309169639643,1.6905088760169038
False,-25.0,2.5,5192.509650873193,rowcol,0.2759254132706798,0.028711571396880298,0.47413505557278285,0.46810370929879397,0.5835239716753045,0.4813899951108102,0.45134810137812637,0.45663091696407493,1.6905088760171425
False,20.0,3.0,5192.509650873193,rowcol,0.7098596177086683,0.07171041687450991,0.43088058286240155,0.5979206035898306,0.38766942870666565,0.6817749509154669,0.4382982568119586,0.5169759349560417,1.6905623521770352
False,-40.0,-3.0,5192.509650873193,rowcol,0.7098596177087154,0.07171041687450899,0.43088058286255687,0.5979206035898188,0.38766942870691706,0.6817749509153863,0.4382982568120986,0.5169759349561064,1.6905623521774893
False,80.0,-3.0,5192.509650873193,rowcol,0.7098596177087154,0.07171041687450899,0.43088058286255687,0.5979206035898188,0.3876694287069171,0.6817749509153863,0.43829825681209855,0.5169759349561064,1.6905623521774893
False,25.0,-2.5,5192.509650873193,rowcol,0.2759254129316041,0.02871157465592134,0.47418740616082206,0.4700888977034797,0.5838918544655753,0.48213833556887536,0.4513264001946099,0.4597110222981166,1.6926511161859459
False,-35.0,2.5,5192.509650873193,rowcol,0.27592541293155814,0.02871157465592418,0.4741874061609055,0.47008889770347173,0.5838918544654468,0.48213833556872954,0.4513264001947436,0.45971102229823024,1.6926511161861884
False,85.0,2.5,5192.509650873193,rowcol,0.27592541293155814,0.02871157465592418,0.4741874061609055,0.47008889770347173,0.5838918544654467,0.48213833556872954,0.4513264001947436,0.45971102229823024,1.6926511161861884
True,-45.0,3.25,5192.509650873193,rowcol,0.39487626427178113,0.04367193787053617,0.46875111375906536,0.48684233149536665,0.351386480170491,0.3619984681706314,0.48710662584853387,0.5710842930416514,1.6930956727725626
True,75.0,3.25,5192.509650873193,rowcol,0.3948762642717811,0.04367193787053617,0.46875111375906536,0.48684233149536665,0.3513864801704908,0.3619984681706314,0.48710662584853387,0.5710842930416514,1.6930956727725626
False,-80.0,3.0,5192.509650873193,rowcol,0.7098596174452015,0.07171041948256131,0.43103740934029855,0.6020319369072641,0.38898600713287734,0.683162469431088,0.4382679401845092,0.5241695661508985,1.6951441649281598
False,40.0,3.0,5192.509650873193,rowcol,0.7098596174452017,0.07171041948256131,0.43103740934029855,0.6020319369072641,0.3889860071328773,0.683162469431088,0.4382679401845092,0.5241695661508985,1.6951441649281598
False,-20.0,-3.0,5192.509650873193,rowcol,0.7098596174452486,0.07171041948256039,0.43103740934045415,0.6020319369072563,0.3889860071331294,0.6831624694310088,0.43826794018464926,0.524169566150969,1.6951441649286187
True,-70.0,-3.0,5192.509650873193,rowcol,0.3488994228923944,0.040795915562235496,0.46938970154262943,0.49011588929270594,0.6607924332005011,0.4319602517255264,0.4253189206270139,0.5341448711880405,1.6982849939205942
True,50.0,-3.0,5192.509650873193,rowcol,0.34889942289239434,0.04079591556223549,0.46938970154262954,0.49011588929270594,0.6607924332005011,0.4319602517255264,0.4253189206270139,0.5341448711880405,1.6982849939205944
True,-90.0,3.0,5192.509650873193,rowcol,0.7399404855653624,0.07312531753344634,0.4552496194382401,0.5367254692000054,0.3119870766504448,0.5495136511282679,0.4767469002842344,0.5257299919368292,1.7024743275147256
True,30.0,3.0,5192.509650873193,rowcol,0.7399404855653624,0.07312531753344634,0.4552496194382401,0.5367254692000054,0.31198707665044484,0.5495136511282679,0.47674690028423444,0.5257299919368293,1.7024743275147256
False,5.0,3.0,5192.509650873193,rowcol,0.5867701165029005,0.05992381027441209,0.44025177439549795,0.582944778454036,0.6722681991704605,0.6064568486013032,0.3831074657974036,0.5624109669642917,1.7037001016405298
False,-55.0,-3.0,5192.509650873193,rowcol,0.586770116502865,0.05992381027441633,0.44025177439555707,0.5829447784541473,0.67226819917058,0.6064568486014735,0.3831074657974457,0.5624109669643494,1.7037001016408184
False,65.0,-3.0,5192.509650873193,rowcol,0.586770116502865,0.05992381027441633,0.44025177439555707,0.5829447784541473,0.67226819917058,0.6064568486014735,0.3831074657974457,0.5624109669643494,1.7037001016408184
True,-85.0,-2.5,5192.509650873193,rowcol,0.2721340836921422,0.030632599562951522,0.47534164048079797,0.47874016373534295,0.580756699090382,0.5035533815132766,0.45349403083364875,0.45683036350128414,1.704765085177737
True,35.0,-2.5,5192.509650873193,rowcol,0.27213408369214226,0.030632599562951522,0.47534164048079797,0.47874016373534295,0.5807566990903819,0.5035533815132764,0.4534940308336487,0.45683036350128414,1.704765085177737
True,25.0,-2.5,5192.509650873193,rowcol,0.27213408334829603,0.030632602617614628,0.47531672680061304,0.48014358373129423,0.5807567603313329,0.5031263257810867,0.4534631423580058,0.45992714595757506,1.7060937641331333
True,10.0,-3.0,5192.509650873193,rowcol,0.34889942452431544,0.0407959016055334,0.4693893836574315,0.49952386031031726,0.6607924932460775,0.43141226474525035,0.42531848885071033,0.5503173323734201,1.7076920112826117
True,-10.0,3.5,5192.509650873193,rowcol,0.44460436624264055,0.04906571724007506,0.46786929810983313,0.5111544663924702,0.39134099551117174,0.34328904358338413,0.4805072456196598,0.6179832452189751,1.7147623607219695
False,55.0,3.0,5192.509650873193,rowcol,0.5867701199919331,0.05992377611001731,0.44071256618792826,0.5943808651638939,0.6738797824131796,0.6098753416530404,0.38321772559099493,0.5810303960664234,1.7165185637276785
False,-65.0,3.0,5192.509650873193,rowcol,0.5867701199919331,0.05992377611001731,0.4407125661879283,0.5943808651638939,0.6738797824131796,0.6098753416530404,0.38321772559099493,0.5810303960664234,1.7165185637276787
False,-5.0,-3.0,5192.509650873193,rowcol,0.5867701199918977,0.059923776110021545,0.4407125661879875,0.594380865164005,0.6738797824132992,0.6098753416532101,0.3832177255910371,0.5810303960664829,1.7165185637279676
False,40.0,-2.75,5192.509650873193,rowcol,0.2889084490076912,0.03353610681677224,0.47941686554073876,0.48476937997510783,0.5738951967348348,0.48917845810676197,0.46010981412745316,0.48103010765693754,1.723019976597324
False,-80.0,-2.75,5192.509650873193,rowcol,0.2889084490076912,0.03353610681677224,0.47941686554073876,0.48476937997510794,0.5738951967348349,0.4891784581067621,0.46010981412745316,0.48103010765693766,1.7230199765973242
False,-20.0,2.75,5192.509650873193,rowcol,0.28890844900768736,0.03353610681677591,0.47941686554084634,0.48476937997514785,0.5738951967349097,0.489178458106751,0.4601098141275686,0.4810301076570212,1.7230199765976868
True,-50.0,3.5,5192.509650873193,rowcol,0.4446043675409107,0.0490657054759214,0.46786892532509333,0.5216715569468418,0.3913411137982975,0.34248415690347106,0.4805067989159124,0.6343224085654238,1.7252783329221217
True,70.0,3.5,5192.509650873193,rowcol,0.4446043675409107,0.0490657054759214,0.46786892532509333,0.5216715569468418,0.3913411137982975,0.34248415690347106,0.4805067989159124,0.6343224085654238,1.7252783329221217
True,-40.0,-3.0,5192.509650873193,rowcol,0.6664500498408854,0.06355919458354228,0.48861584364898664,0.46076867921341197,0.6605236482206701,0.38755906815216434,0.45026327435015234,0.5143326302722488,1.7266162101603717
True,80.0,-3.0,5192.509650873193,rowcol,0.6664500498408854,0.06355919458354228,0.48861584364898675,0.46076867921341197,0.6605236482206701,0.3875590681521644,0.45026327435015234,0.5143326302722488,1.7266162101603721
False,20.0,-2.75,5192.509650873193,rowcol,0.2889084488144956,0.03353610848112271,0.4795460761153766,0.4893919559631221,0.5747112439977624,0.4909072213183845,0.4600833425784303,0.48811399232979735,1.7280301843092518
False,-40.0,2.75,5192.509650873193,rowcol,0.28890844881449174,0.03353610848112638,0.4795460761154844,0.48939195596316587,0.5747112439978381,0.4909072213183749,0.4600833425785459,0.48811399232988634,1.728030184309619
False,80.0,2.75,5192.509650873193,rowcol,0.28890844881449174,0.03353610848112638,0.4795460761154844,0.48939195596316587,0.5747112439978381,0.4909072213183749,0.46008334257854594,0.48811399232988634,1.728030184309619
True,-55.0,-3.25,5192.509650873193,rowcol,0.5571351457930854,0.05414878809505599,0.47535237898335325,0.5038515548790474,0.700895351591536,0.34741958831162806,0.4214289712855153,0.6048616476465536,1.7299086918291073
True,65.0,-3.25,5192.509650873193,rowcol,0.5571351457930854,0.05414878809505599,0.47535237898335325,0.5038515548790474,0.700895351591536,0.34741958831162806,0.4214289712855153,0.6048616476465536,1.7299086918291073
True,-20.0,-3.0,5192.509650873193,rowcol,0.6664500495602574,0.06355919752606623,0.4885746635360365,0.46479239341959583,0.6605237488920311,0.38652200613029886,0.45021041317375227,0.5216026997711511,1.7305163840277054
True,20.0,3.25,5192.509650873193,rowcol,0.739330663793112,0.07198207599062988,0.4614879358887608,0.5472662716913621,0.35168468375286105,0.5339223187747251,0.47879702678432084,0.5582415291273839,1.7317300793576447
True,70.0,-3.25,5192.509650873193,rowcol,0.6111160021203522,0.05792483481727456,0.48063735459693024,0.4921716073777569,0.7008553285660192,0.34231107731104554,0.42846928473204077,0.589409610047626,1.7340836711685477
True,-50.0,-3.25,5192.509650873193,rowcol,0.6111160021203522,0.057924834817274576,0.48063735459693036,0.4921716073777569,0.7008553285660192,0.34231107731104554,0.4284692847320408,0.589409610047626,1.734083671168548
True,-90.0,-2.5,5192.509650873193,rowcol,0.26753869294010785,0.029491773957468704,0.48343444526461116,0.4848490140051706,0.5807857455051704,0.5066540547702624,0.4634913247348384,0.4657215597479841,1.735152349799004
True,30.0,-2.5,5192.509650873193,rowcol,0.2675386929401078,0.029491773957468704,0.48343444526461116,0.4848490140051706,0.5807857455051704,0.5066540547702624,0.4634913247348384,0.4657215597479841,1.735152349799004
True,-80.0,3.25,5192.509650873193,rowcol,0.7393306635110312,0.07198207888789196,0.4614407011833252,0.5509400328020381,0.35168488858724933,0.5331072827253414,0.4787431733511495,0.5655020300020259,1.7352621363520135
True,40.0,3.25,5192.509650873193,rowcol,0.7393306635110312,0.07198207888789196,0.4614407011833252,0.5509400328020381,0.3516848885872493,0.5331072827253414,0.4787431733511495,0.5655020300020259,1.7352621363520135
True,-5.0,-3.25,5192.509650873193,rowcol,0.5571351498406685,0.05414874644958637,0.47538429337701826,0.5161203354684667,0.7008953723547297,0.34718065252663993,0.4214715238900769,0.6237266891256189,1.7422732155995215
True,-10.0,-3.25,5192.509650873193,rowcol,0.6111160047831754,0.05792480672406975,0.480637026341626,0.5023130778499466,0.7008553898969856,0.34156160548796316,0.42846883110485956,0.6053115724809282,1.7442241568748247
False,-70.0,-3.0,5192.509650873193,rowcol,0.39957649837284054,0.04858331760656197,0.45643185132089636,0.57570762378958,0.6265593375233418,0.6224481580469735,0.4180260990117263,0.533237098347742,1.745003177752269
False,50.0,-3.0,5192.509650873193,rowcol,0.39957649837284054,0.04858331760656196,0.45643185132089636,0.57570762378958,0.6265593375233418,0.6224481580469735,0.4180260990117263,0.533237098347742,1.745003177752269
False,-10.0,3.0,5192.509650873193,rowcol,0.39957649837291653,0.048583317606562676,0.4564318513210176,0.5757076237896087,0.6265593375236874,0.6224481580469903,0.4180260990117883,0.5332370983477828,1.7450031777526616
False,0.0,3.0,5192.509650873193,rowcol,0.531538097768114,0.05716203988233286,0.4481548825824706,0.6030482820639405,0.6873253283725924,0.6477135270049174,0.3890254275418204,0.5627476008656827,1.7475129298113523
False,-60.0,-3.0,5192.509650873193,rowcol,0.5315380977680515,0.057162039882336424,0.4481548825824588,0.6030482820640215,0.6873253283725279,0.647713527005057,0.38902542754182506,0.5627476008657073,1.7475129298113978
False,60.0,-3.0,5192.509650873193,rowcol,0.5315380977680515,0.05716203988233642,0.4481548825824588,0.6030482820640215,0.6873253283725279,0.6477135270050569,0.38902542754182506,0.5627476008657073,1.7475129298113978
False,-90.0,-2.5,5192.509650873193,rowcol,0.2661968595964054,0.02631607544764915,0.4877552881403944,0.48462215080201376,0.608355085285976,0.5062116335348987,0.46239558937475367,0.46569145092247727,1.747888015223197
False,30.0,-2.5,5192.509650873193,rowcol,0.2661968595964053,0.02631607544764915,0.4877552881403944,0.48462215080201376,0.608355085285976,0.5062116335348987,0.4623955893747537,0.46569145092247727,1.747888015223197
False,90.0,2.5,5192.509650873193,rowcol,0.26619685959634304,0.026316075447651816,0.48775528814047253,0.48462215080195375,0.6083550852857721,0.5062116335346335,0.46239558937489994,0.46569145092260456,1.7478880152233713
False,-30.0,2.5,5192.509650873193,rowcol,0.266196859596343,0.026316075447651813,0.48775528814047264,0.4846221508019538,0.608355085285772,0.5062116335346336,0.46239558937489994,0.46569145092260456,1.7478880152233718
True,-60.0,-3.25,5192.509650873193,rowcol,0.49154178158997486,0.050174350322468364,0.47874660926223905,0.5132630089628669,0.7009012140774896,0.37399258439216065,0.4259455463946375,0.6061012260004511,1.749502836749584
True,60.0,-3.25,5192.509650873193,rowcol,0.49154178158997486,0.050174350322468364,0.47874660926223916,0.5132630089628669,0.7009012140774897,0.3739925843921607,0.4259455463946375,0.6061012260004511,1.7495028367495844
True,15.0,3.5,5192.509650873193,rowcol,0.7295626100574109,0.07023845186295827,0.46596950766693307,0.5557892920823888,0.3914800874147403,0.4807031300098453,0.4782989521423382,0.6118437594604448,1.753697815083188
False,-65.0,-3.0,5192.509650873193,rowcol,0.4684347405815943,0.05375949108483783,0.4503033690718628,0.602851364808582,0.6668173230926592,0.6587512539487768,0.3983528376137427,0.5514710238807009,1.7537614720241703
False,55.0,-3.0,5192.509650873193,rowcol,0.4684347405815943,0.05375949108483783,0.4503033690718628,0.602851364808582,0.6668173230926592,0.6587512539487768,0.3983528376137426,0.5514710238807009,1.7537614720241703
False,-5.0,3.0,5192.509650873193,rowcol,0.4684347405816727,0.05375949108483601,0.4503033690719411,0.6028513648085523,0.6668173230928944,0.6587512539487022,0.3983528376137753,0.5514710238807161,1.7537614720243755
False,10.0,-3.0,5192.509650873193,rowcol,0.3995764997977901,0.0485833058869751,0.4567922918426042,0.5852577150549437,0.6280724806961501,0.6252700408774742,0.4180776688509528,0.5493563503412898,1.7556345905827564
False,-50.0,3.0,5192.509650873193,rowcol,0.399576499797866,0.0485833058869758,0.4567922918427255,0.5852577150549759,0.6280724806964958,0.6252700408774922,0.4180776688510149,0.5493563503413358,1.7556345905831525
False,70.0,3.0,5192.509650873193,rowcol,0.399576499797866,0.0485833058869758,0.4567922918427256,0.5852577150549759,0.6280724806964958,0.625270040877492,0.4180776688510149,0.5493563503413359,1.7556345905831525
True,-75.0,3.5,5192.509650873193,rowcol,0.729562610911956,0.0702384429868494,0.46593373653844894,0.5625016574833943,0.3914802758133305,0.4797790189004929,0.47825772257363103,0.6236332286147572,1.760302867098741
True,45.0,3.5,5192.509650873193,rowcol,0.7295626109119558,0.0702384429868494,0.46593373653844894,0.5625016574833943,0.3914802758133305,0.4797790189004929,0.4782577225736311,0.6236332286147572,1.760302867098741
False,60.0,3.0,5192.509650873193,rowcol,0.5315381013104193,0.05716200694315096,0.44863989978448,0.6147960280425514,0.6889715302953551,0.6510135002482825,0.389155555466256,0.5825971843082682,1.7607157273959912
False,-60.0,3.0,5192.509650873193,rowcol,0.5315381013104193,0.05716200694315097,0.44863989978448,0.6147960280425515,0.6889715302953551,0.6510135002482825,0.389155555466256,0.5825971843082683,1.7607157273959915
False,0.0,-3.0,5192.509650873193,rowcol,0.531538101310357,0.05716200694315453,0.44863989978446817,0.6147960280426306,0.6889715302952909,0.651013500248421,0.38915555546626074,0.5825971843082921,1.7607157273960352
True,-25.0,3.0,5192.509650873193,rowcol,0.3557101849205509,0.03582297697728254,0.5003556509712549,0.4608498051903742,0.31144403385692276,0.350573674018708,0.5275506968059043,0.5363159732268334,1.7619167581041388
True,0.0,-3.25,5192.509650873193,rowcol,0.49154178573972607,0.050174309668688945,0.4787915580222793,0.5261880389458928,0.7009012175210138,0.3739684073871214,0.42600527352113304,0.6261848610125266,1.7625627130127306
True,-35.0,3.0,5192.509650873193,rowcol,0.3557101846524962,0.03582297963897536,0.5003272492184727,0.46259851795184076,0.3114441708937553,0.349837120539831,0.5275188341893544,0.5394827110282653,1.763580265607259
True,85.0,3.0,5192.509650873193,rowcol,0.3557101846524962,0.03582297963897536,0.5003272492184727,0.4625985179518408,0.31144417089375526,0.349837120539831,0.5275188341893544,0.5394827110282653,1.763580265607259
True,5.0,3.75,5192.509650873193,rowcol,0.6504009303850751,0.06363679573370583,0.46703933786513796,0.5645837077674891,0.43132333472265116,0.3495839962685126,0.4732592545029607,0.6957353738999966,1.7657017213629032
False,5.0,-3.0,5192.509650873193,rowcol,0.46843474319338557,0.053759468326921155,0.4507538785382959,0.6138806281346487,0.6684420482777845,0.6618252589105855,0.39845886942449144,0.5704487502046075,1.7661422637495363
False,-55.0,3.0,5192.509650873193,rowcol,0.46843474319346395,0.05375946832691934,0.4507538785383743,0.6138806281346216,0.6684420482780198,0.6618252589105122,0.3984588694245242,0.5704487502046257,1.7661422637497444
False,65.0,3.0,5192.509650873193,rowcol,0.46843474319346395,0.05375946832691934,0.45075387853837423,0.6138806281346216,0.6684420482780199,0.6618252589105122,0.3984588694245242,0.5704487502046258,1.7661422637497444
False,45.0,-3.0,5192.509650873193,rowcol,0.3311676168411953,0.0412328293180047,0.4788704343442487,0.5359759718671283,0.5957146949269679,0.556094516289244,0.45434584733179706,0.5184524786779212,1.7725872748998743
False,-75.0,-3.0,5192.509650873193,rowcol,0.33116761684119533,0.041232829318004705,0.4788704343442487,0.5359759718671284,0.595714694926968,0.556094516289244,0.454345847331797,0.5184524786779212,1.7725872748998746
False,-15.0,3.0,5192.509650873193,rowcol,0.3311676168412449,0.0412328293180079,0.47887043434438,0.5359759718671921,0.5957146949272748,0.5560945162893133,0.4543458473318874,0.5184524786779802,1.772587274900332
True,-80.0,-2.75,5192.509650873193,rowcol,0.26915144617268383,0.032271149363799344,0.4921845883516957,0.4976470488414366,0.6208208424855851,0.5159043016650279,0.46491753629660393,0.4817575715687682,1.7742008138965237
True,40.0,-2.75,5192.509650873193,rowcol,0.26915144617268383,0.032271149363799344,0.4921845883516957,0.4976470488414366,0.620820842485585,0.5159043016650278,0.46491753629660393,0.4817575715687681,1.7742008138965237
False,15.0,3.25,5192.509650873193,rowcol,0.6928275573909328,0.06892418756895163,0.4575535997816192,0.6016950850387247,0.5361711107284186,0.6387681504542104,0.4417181565152186,0.5686490480387288,1.7743558843835823
False,-45.0,-3.25,5192.509650873193,rowcol,0.6928275573909607,0.06892418756895366,0.4575535997817804,0.6016950850387986,0.5361711107288187,0.638768150454296,0.44171815651532764,0.5686490480387923,1.7743558843841398
False,75.0,-3.25,5192.509650873193,rowcol,0.6928275573909607,0.06892418756895366,0.4575535997817805,0.6016950850387986,0.5361711107288188,0.6387681504542959,0.44171815651532764,0.5686490480387923,1.77435588438414
True,0.0,3.75,5192.509650873193,rowcol,0.5861368821130604,0.059502281519276765,0.47063118914237806,0.5630581117575408,0.43132590909583807,0.34183495048289547,0.47744716967632683,0.6966968446639925,1.774951679184675
True,-65.0,-3.25,5192.509650873193,rowcol,0.4170540481968194,0.04565831029284286,0.48651240091184406,0.5161233801259546,0.700907242195758,0.4024808270209885,0.4362229124697938,0.5951271819443859,1.7756605828614866
True,55.0,-3.25,5192.509650873193,rowcol,0.41705404819681935,0.04565831029284286,0.48651240091184406,0.5161233801259546,0.7009072421957578,0.4024808270209885,0.4362229124697938,0.5951271819443859,1.7756605828614866
True,20.0,-2.75,5192.509650873193,rowcol,0.2691514459653067,0.032271151093388656,0.4921471146755451,0.501065198235122,0.6208209406693,0.5151906209351015,0.4648706090740404,0.4888700159203213,1.7775065422617573
True,55.0,3.75,5192.509650873193,rowcol,0.6504009345175952,0.06363675349720153,0.46707681807643786,0.5772293346648878,0.43132337365335616,0.34930999490257264,0.47330297744286004,0.7146962279822677,1.7784597888942013
True,-65.0,3.75,5192.509650873193,rowcol,0.6504009345175952,0.06363675349720153,0.46707681807643797,0.5772293346648879,0.43132337365335627,0.3493099949025727,0.4733029774428601,0.7146962279822677,1.778459788894202
False,15.0,-3.0,5192.509650873193,rowcol,0.331167617305957,0.04123282558520132,0.4791104823068729,0.5434012926124241,0.5969707429847432,0.5585853229517815,0.4543445401741659,0.5302952248075972,1.7807327395330428
False,75.0,3.0,5192.509650873193,rowcol,0.3311676173060066,0.041232825585204524,0.47911048230700437,0.5434012926124923,0.5969707429850505,0.5585853229518526,0.45434454017425635,0.5302952248076624,1.7807327395335055
False,-45.0,3.0,5192.509650873193,rowcol,0.3311676173060066,0.041232825585204524,0.4791104823070045,0.5434012926124921,0.5969707429850505,0.5585853229518526,0.45434454017425635,0.5302952248076624,1.7807327395335057
False,-75.0,3.25,5192.509650873193,rowcol,0.6928275582036308,0.06892417939969116,0.4578257578238843,0.6088033244756389,0.5376824056943134,0.6409854289660526,0.44171670401233465,0.5803586739059591,1.7822805979472918
False,45.0,3.25,5192.509650873193,rowcol,0.6928275582036308,0.06892417939969116,0.4578257578238843,0.6088033244756389,0.5376824056943134,0.6409854289660526,0.44171670401233465,0.5803586739059591,1.7822805979472918
False,-15.0,-3.25,5192.509650873193,rowcol,0.6928275582036586,0.06892417939969318,0.4578257578240458,0.608803324475717,0.5376824056947138,0.6409854289661397,0.4417167040124438,0.5803586739060288,1.7822805979478544
False,25.0,3.0,5192.509650873193,rowcol,0.7333204333873292,0.07533580390592844,0.44883523040853307,0.6361344178324234,0.3426553163682999,0.7509869137745441,0.4655876225118227,0.5202742592116323,1.7826401090580226
False,-35.0,-3.0,5192.509650873193,rowcol,0.7333204333873907,0.0753358039059246,0.448835230408682,0.6361344178323263,0.34265531636822955,0.7509869137742905,0.4655876225120019,0.5202742592117217,1.7826401090583723
False,85.0,-3.0,5192.509650873193,rowcol,0.7333204333873907,0.0753358039059246,0.448835230408682,0.6361344178323263,0.34265531636822943,0.7509869137742905,0.4655876225120019,0.5202742592117217,1.7826401090583723
False,-85.0,3.0,5192.509650873193,rowcol,0.7333204329801494,0.0753358078694272,0.4489015893416161,0.6378898815007521,0.34340651197248956,0.7515647556216116,0.46556237565027786,0.5235193459848996,1.7845946495256004
False,35.0,3.0,5192.509650873193,rowcol,0.7333204329801494,0.07533580786942722,0.4489015893416161,0.6378898815007521,0.34340651197248956,0.7515647556216116,0.4655623756502779,0.5235193459848996,1.7845946495256004
False,-25.0,-3.0,5192.509650873193,rowcol,0.7333204329802107,0.0753358078694234,0.44890158934176533,0.6378898815006574,0.3434065119724204,0.751564755621359,0.4655623756504572,0.5235193459849922,1.7845946495259533
True,75.0,-3.25,5192.509650873193,rowcol,0.6532430007297234,0.0616318591412041,0.49983423395844384,0.4878080436193083,0.7007690231243338,0.3726995034109186,0.4537188781383197,0.5667964217256019,1.78731074549464
True,-45.0,-3.25,5192.509650873193,rowcol,0.6532430007297234,0.0616318591412041,0.49983423395844395,0.48780804361930835,0.700769023124334,0.3726995034109186,0.4537188781383197,0.5667964217256019,1.7873107454946402
True,5.0,-3.25,5192.509650873193,rowcol,0.4170540512856816,0.0456582820784187,0.4865435756547364,0.5281079044487866,0.7009072629585992,0.40227459684362515,0.436264012048929,0.6142924487504691,1.7877386314129957
True,60.0,3.75,5192.509650873193,rowcol,0.5861368861284839,0.05950224196468187,0.4706839469420294,0.576659593174958,0.4313259155524146,0.3418044292350814,0.4775086520707077,0.7168980280331866,1.7887114340010462
True,-60.0,3.75,5192.509650873193,rowcol,0.5861368861284838,0.059502241964681866,0.47068394694202953,0.576659593174958,0.4313259155524145,0.34180442923508136,0.4775086520707077,0.7168980280331866,1.7887114340010466
False,10.0,3.25,5192.509650873193,rowcol,0.6490383133105375,0.06466271530889617,0.4629570560264255,0.6003749706325918,0.6537293971531396,0.6116286878891367,0.4189246814206955,0.5907447756968771,1.7892461387118683
False,-50.0,-3.25,5192.509650873193,rowcol,0.6490383133105346,0.06466271530890037,0.46295705602655285,0.6003749706327138,0.6537293971534521,0.6116286878893185,0.4189246814207729,0.5907447756969472,1.7892461387123724
False,70.0,-3.25,5192.509650873193,rowcol,0.6490383133105346,0.06466271530890037,0.46295705602655285,0.6003749706327138,0.6537293971534521,0.6116286878893183,0.4189246814207729,0.5907447756969472,1.7892461387123724
True,-35.0,-3.0,5192.509650873193,rowcol,0.6830512589560368,0.0656574264892851,0.5091635047176754,0.4632524302616375,0.6604360870597628,0.3899559695860886,0.47644224620847847,0.5169099587883919,1.7907429444146636
True,85.0,-3.0,5192.509650873193,rowcol,0.6830512589560368,0.0656574264892851,0.5091635047176754,0.4632524302616375,0.6604360870597625,0.3899559695860886,0.47644224620847847,0.5169099587883919,1.7907429444146636
True,-25.0,-3.0,5192.509650873193,rowcol,0.6830512585188903,0.0656574310370321,0.5091355927740462,0.4649922891872364,0.660436151682687,0.3892939354889201,0.47640696348133676,0.5201951450842163,1.792399067509375
True,-5.0,3.75,5192.509650873193,rowcol,0.515330372827025,0.054838185583932796,0.4801330565769165,0.5534674934713285,0.4313285637069869,0.33969826298350037,0.48850397140005275,0.6832990062124034,1.793866663202078
True,-15.0,-3.25,5192.509650873193,rowcol,0.6532430015916685,0.06163185000535039,0.49980326846917805,0.4949009075150586,0.7007691208543163,0.37159215150913044,0.4536785192690497,0.5786047221678171,1.7943107129225928
True,10.0,3.75,5192.509650873193,rowcol,0.704480303838911,0.06770406760206062,0.47528429935078426,0.5695722393397029,0.4313591218726914,0.4037948062794518,0.4828605557988703,0.6783188979017583,1.7954251373920556
True,90.0,3.0,5192.509650873193,rowcol,0.3520806752715444,0.03447152969633294,0.5111045232529938,0.4627858862420831,0.311413804321968,0.33724299549139475,0.5395988970655915,0.5464778384818422,1.7960994560010646
True,-30.0,3.0,5192.509650873193,rowcol,0.3520806752715444,0.03447152969633294,0.5111045232529939,0.4627858862420831,0.311413804321968,0.33724299549139475,0.5395988970655915,0.5464778384818422,1.796099456001065
False,-70.0,3.25,5192.509650873193,rowcol,0.649038315817776,0.06466269014301561,0.4633420299404769,0.6103231230393611,0.6553005153387095,0.6147990926780675,0.41898043957540654,0.6065333100749829,1.8003492128607919
False,50.0,3.25,5192.509650873193,rowcol,0.6490383158177759,0.06466269014301561,0.4633420299404769,0.6103231230393611,0.6553005153387093,0.6147990926780674,0.41898043957540654,0.6065333100749828,1.8003492128607919
False,-10.0,-3.25,5192.509650873193,rowcol,0.6490383158177732,0.06466269014301981,0.4633420299406043,0.6103231230394853,0.655300515339022,0.6147990926782501,0.418980439575484,0.6065333100750574,1.8003492128612981
True,-75.0,-3.0,5192.509650873193,rowcol,0.2901291203948336,0.03580786553173279,0.49749432551277034,0.5081962858173099,0.6608722804599061,0.4941967003083006,0.461523654960993,0.5196779225024292,1.800679262355621
True,45.0,-3.0,5192.509650873193,rowcol,0.2901291203948335,0.03580786553173279,0.49749432551277034,0.5081962858173099,0.6608722804599061,0.4941967003083006,0.46152365496099307,0.5196779225024292,1.800679262355621
True,-70.0,3.75,5192.509650873193,rowcol,0.7044803066366057,0.0677040384912353,0.4752839170812788,0.5796978665036495,0.4313592368513054,0.40306184321462035,0.4828600922182232,0.6942892973046977,1.805549617747486
True,50.0,3.75,5192.509650873193,rowcol,0.7044803066366058,0.0677040384912353,0.4752839170812788,0.5796978665036495,0.4313592368513054,0.40306184321462035,0.4828600922182231,0.6942892973046977,1.805549617747486
True,-55.0,3.75,5192.509650873193,rowcol,0.5153303755448881,0.05483816004337624,0.4801695044641647,0.5663623207186588,0.4313286026372201,0.3394162812326175,0.4885463180563495,0.7025969613227414,1.8068708341111528
True,65.0,3.75,5192.509650873193,rowcol,0.5153303755448881,0.05483816004337624,0.4801695044641647,0.5663623207186588,0.4313286026372201,0.33941628123261747,0.4885463180563495,0.7025969613227414,1.8068708341111528
True,15.0,-3.0,5192.509650873193,rowcol,0.2901291209253354,0.035807861233402107,0.49746560478565843,0.514487919301676,0.6608723761182974,0.49342637268455064,0.4614870272062551,0.531554833321342,1.8068847336586513
True,-20.0,3.25,5192.509650873193,rowcol,0.3651884039677454,0.03881640889544297,0.5095809271950394,0.4854342951286756,0.35128954243584304,0.3779898735298387,0.5333962291083388,0.5600581607573809,1.814177076713794
True,-30.0,-3.0,5192.509650873193,rowcol,0.688506119720051,0.06639715091287035,0.5168990887062398,0.46426875271517903,0.6604016046332349,0.3846047473582967,0.48619902326655307,0.5219359215119889,1.8149660188338985
True,90.0,-3.0,5192.509650873193,rowcol,0.688506119720051,0.06639715091287035,0.5168990887062398,0.46426875271517903,0.6604016046332349,0.38460474735829675,0.486199023266553,0.5219359215119889,1.8149660188338985
True,-40.0,3.25,5192.509650873193,rowcol,0.3651884038196521,0.03881641028871813,0.5095381519408129,0.4895721336658221,0.3512897475006353,0.3768377328507876,0.5333478900308515,0.5672952036391803,1.8181865894882607
True,80.0,3.25,5192.509650873193,rowcol,0.3651884038196521,0.03881641028871813,0.5095381519408129,0.4895721336658221,0.3512897475006353,0.3768377328507875,0.5333478900308515,0.5672952036391802,1.8181865894882607
True,-15.0,3.5,5192.509650873193,rowcol,0.39361726647082157,0.04366433650205469,0.5047116112907184,0.5093499981897739,0.39126187657730604,0.3748142978602261,0.522744739151012,0.5995619399065769,1.823484832061929
False,-90.0,3.0,5192.509650873193,rowcol,0.7418180387268596,0.07681038963751442,0.4578088704451702,0.6554594561699151,0.34095866590952595,0.7823487944127888,0.4760274667566349,0.5255424252749699,1.8288860675054257
False,30.0,3.0,5192.509650873193,rowcol,0.7418180387268596,0.07681038963751441,0.4578088704451702,0.6554594561699152,0.34095866590952595,0.7823487944127888,0.4760274667566349,0.5255424252749699,1.8288860675054257
False,-30.0,-3.0,5192.509650873193,rowcol,0.741818038726926,0.07681038963750925,0.45780887044531543,0.6554594561697696,0.3409586659092876,0.7823487944124387,0.4760274667568313,0.5255424252750742,1.828886067505716
False,90.0,-3.0,5192.509650873193,rowcol,0.741818038726926,0.07681038963750923,0.45780887044531543,0.6554594561697696,0.3409586659092876,0.7823487944124387,0.4760274667568312,0.5255424252750741,1.828886067505716
True,25.0,3.25,5192.509650873193,rowcol,0.7559529147390438,0.0743180371929738,0.48726143286110873,0.5674109819563979,0.35177148033001376,0.5747057520651226,0.5080799515926778,0.5612027584530184,1.829195280539724
True,-85.0,3.25,5192.509650873193,rowcol,0.7559529142990027,0.0743180416690115,0.4872298355166485,0.5689506389001087,0.351771611767372,0.5742193140389961,0.5080441087300804,0.5644816713021639,1.830640145450054
True,35.0,3.25,5192.509650873193,rowcol,0.7559529142990027,0.0743180416690115,0.4872298355166485,0.5689506389001087,0.35177161176737176,0.5742193140389961,0.5080441087300804,0.5644816713021639,1.830640145450054
True,-45.0,3.5,5192.509650873193,rowcol,0.3936172668402716,0.04366433317160347,0.5046785825404807,0.5166664258494286,0.39126206508096817,0.37362837908316304,0.5227070111991773,0.6115888074163907,1.8307021734708708
True,75.0,3.5,5192.509650873193,rowcol,0.3936172668402716,0.04366433317160346,0.5046785825404807,0.5166664258494286,0.391262065080968,0.373628379083163,0.5227070111991773,0.6115888074163908,1.8307021734708708
True,-70.0,-3.25,5192.509650873193,rowcol,0.3413892828787824,0.040537778453716124,0.5034244765139957,0.5223885757521026,0.7009478121065237,0.4499650868232504,0.45833790864957874,0.5762927652661477,1.8326620052940898
True,50.0,-3.25,5192.509650873193,rowcol,0.34138928287878234,0.040537778453716124,0.5034244765139957,0.5223885757521027,0.7009478121065237,0.4499650868232504,0.45833790864957874,0.5762927652661477,1.8326620052940898
True,10.0,-3.25,5192.509650873193,rowcol,0.3413892845671938,0.040537764234740266,0.5034241551125468,0.5319551061315029,0.7009478734293979,0.449395189174875,0.45833747418974363,0.5925482016716326,1.8422275714691434
False,20.0,3.25,5192.509650873193,rowcol,0.7291574721242525,0.07372208251069996,0.46917142734941686,0.6389111342009272,0.42518912729637603,0.7247085119751363,0.4767514524285043,0.5566110667211128,1.8464254162491778
False,80.0,-3.25,5192.509650873193,rowcol,0.7291574721243042,0.07372208251069898,0.4691714273495838,0.638911134200915,0.4251891272966403,0.7247085119750474,0.4767514524286556,0.5566110667211848,1.8464254162496663
False,-40.0,-3.25,5192.509650873193,rowcol,0.7291574721243043,0.07372208251069899,0.4691714273495839,0.638911134200915,0.4251891272966403,0.7247085119750474,0.4767514524286556,0.5566110667211848,1.8464254162496667
True,-10.0,3.75,5192.509650873193,rowcol,0.44704675527602744,0.049485668778250995,0.5017657679977232,0.541674740672311,0.4312937045169605,0.35169810525174594,0.5135703947292293,0.6604121704315713,1.8469720446654807
False,5.0,3.25,5192.509650873193,rowcol,0.598413498728841,0.061364249997968405,0.4758104034324169,0.6227488908090528,0.7241365494212141,0.6420502458244648,0.4148258383116045,0.6060409737290698,1.8501801011063035
False,-55.0,-3.25,5192.509650873193,rowcol,0.5984134987288047,0.06136424999797303,0.47581040343248193,0.6227488908091744,0.7241365494213488,0.6420502458246544,0.4148258383116498,0.606040973729131,1.8501801011066201
False,65.0,-3.25,5192.509650873193,rowcol,0.5984134987288047,0.06136424999797303,0.47581040343248193,0.6227488908091744,0.7241365494213489,0.6420502458246544,0.4148258383116498,0.606040973729131,1.8501801011066201
False,-85.0,-2.75,5192.509650873193,rowcol,0.2557895500943223,0.026884026550019875,0.5150409341644813,0.5057512630211121,0.6245668154753751,0.5166531095861651,0.4924589049990279,0.49639761352111544,1.850874065514556
False,35.0,-2.75,5192.509650873193,rowcol,0.2557895500943223,0.026884026550019872,0.5150409341644813,0.5057512630211121,0.6245668154753751,0.5166531095861651,0.4924589049990279,0.49639761352111544,1.850874065514556
False,-25.0,2.75,5192.509650873193,rowcol,0.2557895500942727,0.026884026550022956,0.5150409341645746,0.5057512630210992,0.6245668154752347,0.5166531095859992,0.4924589049991758,0.49639761352123657,1.850874065514823
False,-80.0,3.25,5192.509650873193,rowcol,0.7291574718382361,0.07372208533958016,0.4693274593025568,0.6430824535534586,0.4264897799616842,0.7261273054957705,0.4767212584558786,0.5638524985982587,1.851064831461129
False,40.0,3.25,5192.509650873193,rowcol,0.7291574718382361,0.07372208533958016,0.4693274593025568,0.6430824535534586,0.4264897799616842,0.7261273054957705,0.4767212584558786,0.5638524985982587,1.851064831461129
False,-20.0,-3.25,5192.509650873193,rowcol,0.7291574718382878,0.07372208533957919,0.46932745930272407,0.6430824535534507,0.4264897799619492,0.7261273054956832,0.4767212584560299,0.5638524985983364,1.851064831461623
False,25.0,-2.75,5192.509650873193,rowcol,0.2557895497222714,0.026884030089918215,0.5150939464670647,0.5077689815673397,0.6249448986939291,0.5174122301452446,0.49243702660121147,0.49951501628194134,1.853050820968534
False,85.0,2.75,5192.509650873193,rowcol,0.2557895497222218,0.026884030089921303,0.5150939464671583,0.5077689815673292,0.6249448986937894,0.5174122301450794,0.49243702660135946,0.49951501628206546,1.8530508209688041
False,-35.0,2.75,5192.509650873193,rowcol,0.2557895497222218,0.026884030089921296,0.5150939464671583,0.5077689815673293,0.6249448986937894,0.5174122301450795,0.49243702660135946,0.49951501628206546,1.8530508209688044
True,-50.0,3.75,5192.509650873193,rowcol,0.447046756555109,0.049485657223201834,0.5017653952111546,0.552313107411418,0.43129381951301393,0.3508563254595469,0.513569946518916,0.6768068244634337,1.8576092930448818
True,70.0,3.75,5192.509650873193,rowcol,0.447046756555109,0.04948565722320182,0.5017653952111546,0.552313107411418,0.43129381951301393,0.35085632545954687,0.513569946518916,0.6768068244634337,1.8576092930448818
True,-55.0,-3.5,5192.509650873193,rowcol,0.5661384586203541,0.05489509597624184,0.5083643823512597,0.5351875594101101,0.741059392721739,0.35586470252793545,0.453254477201843,0.648694152083771,1.860280706463889
True,65.0,-3.5,5192.509650873193,rowcol,0.5661384586203541,0.05489509597624184,0.5083643823512597,0.5351875594101101,0.741059392721739,0.35586470252793534,0.4532544772018429,0.648694152083771,1.860280706463889
False,55.0,3.25,5192.509650873193,rowcol,0.5984135024972234,0.061364213249348196,0.47627230642290036,0.6344052482393184,0.7257575060108674,0.6456637033270903,0.41493615480411766,0.6247799738766256,1.8632221675080194
False,-65.0,3.25,5192.509650873193,rowcol,0.5984135024972232,0.061364213249348196,0.47627230642290036,0.6344052482393185,0.7257575060108674,0.6456637033270903,0.41493615480411766,0.6247799738766258,1.8632221675080196
False,-5.0,-3.25,5192.509650873193,rowcol,0.5984135024971868,0.061364213249352824,0.47627230642296553,0.63440524823944,0.7257575060110024,0.6456637033272793,0.41493615480416307,0.6247799738766886,1.8632221675083365
True,-85.0,-2.75,5192.509650873193,rowcol,0.2512633420141765,0.028928688431772796,0.5162280887454905,0.5155231975949071,0.6209023533058964,0.5371195332324105,0.49476774684225133,0.49663443615793024,1.8642074638313786
True,35.0,-2.75,5192.509650873193,rowcol,0.2512633420141765,0.028928688431772796,0.5162280887454905,0.5155231975949071,0.6209023533058963,0.5371195332324105,0.49476774684225133,0.49663443615793024,1.8642074638313786
True,25.0,-2.75,5192.509650873193,rowcol,0.2512633416354236,0.028928691721473332,0.5162028543421414,0.5169569122193536,0.6209024163153238,0.5366791348714569,0.4947366040720385,0.4997685961764953,1.865565475245778
True,-90.0,3.25,5192.509650873193,rowcol,0.7614426395704832,0.07514853125525535,0.49687528631004857,0.57496731368907,0.3518055978240312,0.5847422704125042,0.5189670599634841,0.5666161500681839,1.8655931726192156
True,30.0,3.25,5192.509650873193,rowcol,0.7614426395704832,0.07514853125525535,0.4968752863100485,0.57496731368907,0.3518055978240313,0.5847422704125043,0.5189670599634841,0.5666161500681839,1.8655931726192156
True,-50.0,-3.5,5192.509650873193,rowcol,0.6234276124980683,0.05888025051524677,0.5145644308564649,0.522423214572699,0.7410164962660609,0.3506748600533816,0.4614644807806289,0.6316922081651396,1.8661165071420935
True,70.0,-3.5,5192.509650873193,rowcol,0.6234276124980683,0.05888025051524677,0.5145644308564649,0.522423214572699,0.7410164962660609,0.3506748600533816,0.4614644807806289,0.6316922081651396,1.8661165071420935
True,-40.0,-3.25,5192.509650873193,rowcol,0.6833924262006136,0.06489574438444926,0.5271940466219458,0.4903733674716071,0.700657905967693,0.4020604891721245,0.488989170946201,0.5538477077382579,1.8719555073374445
True,80.0,-3.25,5192.509650873193,rowcol,0.6833924262006136,0.06489574438444926,0.5271940466219458,0.4903733674716071,0.700657905967693,0.4020604891721245,0.488989170946201,0.5538477077382579,1.8719555073374445
False,-80.0,-3.0,5192.509650873193,rowcol,0.27327399983530554,0.032649623535551224,0.5178279108607249,0.5190602408751235,0.6127163618824255,0.5174868387008569,0.4985897059244062,0.5203797728531112,1.8725439734572982
False,40.0,-3.0,5192.509650873193,rowcol,0.27327399983530554,0.032649623535551224,0.517827910860725,0.5190602408751235,0.6127163618824255,0.5174868387008569,0.4985897059244062,0.5203797728531112,1.8725439734572986
False,-20.0,3.0,5192.509650873193,rowcol,0.2732739998353062,0.03264962353555553,0.5178279108608439,0.519060240875166,0.6127163618825122,0.5174868387008411,0.498589705924533,0.5203797728532022,1.8725439734576976
True,-5.0,-3.5,5192.509650873193,rowcol,0.566138462980705,0.05489505100749916,0.5083965201976797,0.5476331825696521,0.7410594138702112,0.35561349120116786,0.4532970859437529,0.6676558141672994,1.8728227431626912
True,-20.0,-3.25,5192.509650873193,rowcol,0.6833924258954435,0.06489574759807969,0.527152699444205,0.49447000630816335,0.7006580087812517,0.4009775172778971,0.4889364401182184,0.5611650599073884,1.8759281046407783
True,-10.0,-3.5,5192.509650873193,rowcol,0.6234276153789131,0.05888022001268148,0.5145641009830221,0.5327169290965146,0.7410165587351245,0.3498869642598102,0.46146402761649036,0.6476841875851775,1.8764092320455807
False,20.0,-3.0,5192.509650873193,rowcol,0.27327399963255705,0.03264962523253543,0.5179584132328681,0.5238125585468512,0.6135502162902898,0.5193614769678568,0.49856305671030077,0.5275267986322364,1.8776877982454554
False,-40.0,3.0,5192.509650873193,rowcol,0.27327399963255766,0.03264962523253974,0.5179584132329873,0.5238125585468978,0.6135502162903774,0.5193614769678432,0.49856305671042744,0.5275267986323326,1.8776877982458597
False,80.0,3.0,5192.509650873193,rowcol,0.2732739996325577,0.03264962523253974,0.5179584132329873,0.5238125585468977,0.6135502162903774,0.5193614769678432,0.49856305671042744,0.5275267986323326,1.8776877982458597
True,-60.0,-3.5,5192.509650873193,rowcol,0.4963762018375941,0.05068314051801645,0.5116109813859079,0.5454311200447284,0.7410655251180506,0.3848063545569644,0.45755111433126555,0.6505037007257942,1.8802640642024522
True,60.0,-3.5,5192.509650873193,rowcol,0.49637620183759407,0.05068314051801645,0.5116109813859079,0.5454311200447284,0.7410655251180508,0.38480635455696444,0.45755111433126555,0.6505037007257941,1.8802640642024522
True,20.0,3.5,5192.509650873193,rowcol,0.7592137097088802,0.07380945627914696,0.5002457167752518,0.5835781695555368,0.39158961854090796,0.5656542606467067,0.5175994478299432,0.5982364096209172,1.884315319881292
True,-80.0,3.5,5192.509650873193,rowcol,0.7592137094046293,0.07380945940871131,0.5001987899183836,0.5872890112466196,0.3915898166524847,0.5648257939310063,0.5175457997411058,0.6055356005532154,1.8878853810017704
True,40.0,3.5,5192.509650873193,rowcol,0.7592137094046293,0.07380945940871132,0.5001987899183836,0.5872890112466196,0.3915898166524846,0.5648257939310063,0.5175457997411058,0.6055356005532154,1.8878853810017704
False,-70.0,-3.25,5192.509650873193,rowcol,0.39750534637958873,0.049250949277274386,0.49180057447020964,0.6145266798020829,0.673728407428005,0.6581958927043104,0.4507960141967031,0.5752406965729581,1.8899284032127117
False,50.0,-3.25,5192.509650873193,rowcol,0.3975053463795886,0.04925094927727438,0.49180057447020964,0.6145266798020829,0.6737284074280049,0.6581958927043104,0.4507960141967031,0.5752406965729581,1.8899284032127117
False,-10.0,3.25,5192.509650873193,rowcol,0.39750534637967455,0.04925094927727545,0.49180057447034115,0.614526679802114,0.6737284074283791,0.658195892704326,0.45079601419677073,0.5752406965730037,1.8899284032131374
True,0.0,-3.5,5192.509650873193,rowcol,0.49637620626303186,0.05068309717652422,0.5116562783832388,0.5585369274145368,0.7410655286254725,0.38478104944971564,0.45761099309151415,0.6706769723760622,1.893505762564253
False,0.0,3.25,5192.509650873193,rowcol,0.5396715335018571,0.05846047099804597,0.4839761535609887,0.6442972391789513,0.7407653013673086,0.6861021902617105,0.42060221710870416,0.6069146410017981,1.8962256998619174
False,-60.0,-3.25,5192.509650873193,rowcol,0.5396715335017905,0.05846047099804969,0.48397615356097684,0.6442972391790434,0.7407653013672438,0.6861021902618736,0.42060221710870876,0.6069146410018228,1.8962256998619738
False,60.0,-3.25,5192.509650873193,rowcol,0.5396715335017905,0.05846047099804969,0.48397615356097684,0.6442972391790434,0.7407653013672438,0.6861021902618736,0.4206022171087087,0.6069146410018227,1.8962256998619738
True,15.0,3.75,5192.509650873193,rowcol,0.7476090945928823,0.07186642917143397,0.5020908099773587,0.5902519549645574,0.4314463516504673,0.5059907630787692,0.5139224819272152,0.6527481704979242,1.8965243848966333
True,-90.0,-2.75,5192.509650873193,rowcol,0.24615667357737775,0.02761710808626996,0.5251160316832407,0.5222776669241372,0.6209342462249807,0.540870988830626,0.5056979080874744,0.5061123696828022,1.8976257619738595
True,30.0,-2.75,5192.509650873193,rowcol,0.24615667357737775,0.027617108086269958,0.5251160316832408,0.5222776669241372,0.6209342462249807,0.540870988830626,0.5056979080874744,0.5061123696828022,1.89762576197386
True,5.0,4.0,5192.509650873193,rowcol,0.6636482634616916,0.06487176182138014,0.5000992223662235,0.5974798905092543,0.47133225785193744,0.36096707864737865,0.5051663425325389,0.7400148062723155,1.897777557607925
False,10.0,-3.25,5192.509650873193,rowcol,0.3975053478296461,0.04925093757383173,0.49216297907780554,0.6242584279875719,0.675252995310977,0.6611603491610867,0.4508478201464328,0.5914446160499344,1.9007473652209885
False,-50.0,3.25,5192.509650873193,rowcol,0.39750534782973185,0.049250937573832795,0.49216297907793727,0.624258427987607,0.6752529953113516,0.6611603491611047,0.45084782014650054,0.5914446160499853,1.9007473652214188
False,70.0,3.25,5192.509650873193,rowcol,0.3975053478297319,0.049250937573832795,0.49216297907793727,0.624258427987607,0.6752529953113516,0.6611603491611046,0.4508478201465005,0.5914446160499853,1.9007473652214188
False,-65.0,-3.25,5192.509650873193,rowcol,0.47204340917450816,0.054826473254907936,0.48589401922336634,0.6441527300220917,0.718655889281007,0.6980588150832568,0.430101073888911,0.5950498429009495,1.9018347876921906
False,55.0,-3.25,5192.509650873193,rowcol,0.4720434091745081,0.054826473254907936,0.48589401922336634,0.6441527300220917,0.718655889281007,0.6980588150832568,0.43010107388891106,0.5950498429009495,1.9018347876921906
False,-5.0,3.25,5192.509650873193,rowcol,0.472043409174594,0.0548264732549062,0.4858940192234506,0.6441527300220566,0.7186558892812585,0.6980588150831674,0.4301010738889469,0.5950498429009681,1.9018347876924084
True,-75.0,3.75,5192.509650873193,rowcol,0.7476090955108319,0.07186641962222519,0.5020552412687358,0.5970258808697608,0.43144653480756795,0.50505015657092,0.5138813697216459,0.6645947375692021,1.9031916046759683
True,45.0,3.75,5192.509650873193,rowcol,0.7476090955108319,0.07186641962222519,0.5020552412687358,0.5970258808697608,0.43144653480756795,0.50505015657092,0.5138813697216459,0.6645947375692021,1.9031916046759683
True,0.0,4.0,5192.509650873193,rowcol,0.5963338887193765,0.060538518482460266,0.5034790010749715,0.595812636134947,0.47133446534137763,0.35130083149615887,0.5091196249715654,0.7414508757405304,1.9062496393598614
True,-65.0,-3.5,5192.509650873193,rowcol,0.4165930594320109,0.04585881184632748,0.5196094356565493,0.5484534523514852,0.7410718350634002,0.4158383698501537,0.4680843428548777,0.6390200491640159,1.907281759321133
True,55.0,-3.5,5192.509650873193,rowcol,0.4165930594320109,0.04585881184632747,0.5196094356565493,0.5484534523514852,0.7410718350634,0.4158383698501537,0.4680843428548777,0.6390200491640159,1.907281759321133
False,60.0,3.25,5192.509650873193,rowcol,0.5396715372815195,0.05846043610649074,0.48446271771226446,0.6562746275746184,0.742420163691749,0.6896016956969141,0.4207326071302189,0.6268768218343765,1.9096627807114117
False,-60.0,3.25,5192.509650873193,rowcol,0.5396715372815194,0.05846043610649074,0.48446271771226457,0.6562746275746184,0.742420163691749,0.6896016956969141,0.4207326071302189,0.6268768218343767,1.9096627807114122
False,0.0,-3.25,5192.509650873193,rowcol,0.5396715372814528,0.058460436106494464,0.48446271771225263,0.6562746275747086,0.7424201636916844,0.6896016956970759,0.4207326071302236,0.6268768218344006,1.9096627807114663
True,-65.0,4.0,5192.509650873193,rowcol,0.6636482678506855,0.06487171692126986,0.5001365588429317,0.6102325125265843,0.4713322958530915,0.3606840271370213,0.5052100351587917,0.7590439362078817,1.9106421890553795
True,55.0,4.0,5192.509650873193,rowcol,0.6636482678506855,0.06487171692126986,0.5001365588429317,0.6102325125265843,0.47133229585309133,0.36068402713702125,0.5052100351587917,0.7590439362078817,1.9106421890553795
True,-25.0,3.25,5192.509650873193,rowcol,0.35143568087923027,0.03501108848773872,0.5410382092236327,0.490672622958498,0.3512058113013849,0.3629388587049391,0.5688550975231219,0.5765907728464671,1.913787250629396
False,5.0,-3.25,5192.509650873193,rowcol,0.4720434119035421,0.05482644975854322,0.48634633786362863,0.6553744993293583,0.7202891797894281,0.7012719643685772,0.43020746323958464,0.6141255160177972,1.9144135129202442
False,-55.0,3.25,5192.509650873193,rowcol,0.472043411903628,0.05482644975854149,0.4863463378637129,0.6553744993293267,0.7202891797896794,0.7012719643684902,0.43020746323962056,0.6141255160178186,1.9144135129204654
False,65.0,3.25,5192.509650873193,rowcol,0.47204341190362803,0.05482644975854149,0.4863463378637129,0.6553744993293268,0.7202891797896794,0.7012719643684902,0.43020746323962056,0.6141255160178187,1.9144135129204654
True,-35.0,3.25,5192.509650873193,rowcol,0.3514356806114107,0.03501109117606941,0.5410097543786972,0.49245206025458377,0.35120594295044244,0.3621681022905257,0.5688230861574302,0.5797823517020578,1.9154813233906756
True,85.0,3.25,5192.509650873193,rowcol,0.35143568061141056,0.0350110911760694,0.5410097543786972,0.49245206025458377,0.3512059429504424,0.3621681022905257,0.5688230861574302,0.5797823517020578,1.9154813233906756
False,-75.0,-3.25,5192.509650873193,rowcol,0.3225515389763942,0.04128830867616093,0.5150822671146955,0.5712746334225552,0.6370410468688732,0.585880579838661,0.48958909901065367,0.5586956697830874,1.916521434766642
False,45.0,-3.25,5192.509650873193,rowcol,0.32255153897639416,0.04128830867616093,0.5150822671146955,0.5712746334225552,0.6370410468688731,0.5858805798386609,0.48958909901065367,0.5586956697830874,1.916521434766642
False,-15.0,3.25,5192.509650873193,rowcol,0.3225515389764539,0.041288308676164835,0.5150822671148388,0.5712746334226226,0.63704104686921,0.5858805798387317,0.4895890990107521,0.5586956697831518,1.916521434767139
False,-90.0,-2.75,5192.509650873193,rowcol,0.2447149692563656,0.024122878104757394,0.5297829962525046,0.5276543088600775,0.6511904046044485,0.5522201664633389,0.5045147246765666,0.5060723905189911,1.9170032976175913
False,30.0,-2.75,5192.509650873193,rowcol,0.2447149692563656,0.024122878104757394,0.5297829962525046,0.5276543088600775,0.6511904046044487,0.5522201664633389,0.5045147246765666,0.5060723905189911,1.9170032976175913
False,-30.0,2.75,5192.509650873193,rowcol,0.24471496925629602,0.024122878104760048,0.5297829962525924,0.5276543088600066,0.6511904046042242,0.5522201664630388,0.5045147246767284,0.5060723905191303,1.9170032976177838
False,90.0,2.75,5192.509650873193,rowcol,0.24471496925629602,0.024122878104760048,0.5297829962525924,0.5276543088600066,0.6511904046042242,0.5522201664630387,0.5045147246767284,0.5060723905191304,1.9170032976177838
True,5.0,-3.5,5192.509650873193,rowcol,0.41659306266603113,0.04585878246765823,0.5196408697648148,0.5606054768126889,0.7410718562115173,0.4156234094208606,0.46812559092717115,0.6582617434508169,1.9195280861071335
True,-60.0,4.0,5192.509650873193,rowcol,0.5963338929292558,0.06053847701308442,0.5035316047874587,0.6095309698244473,0.471334471643798,0.35126915271318737,0.5091811266137681,0.7617148042312478,1.9201257841868236
True,60.0,4.0,5192.509650873193,rowcol,0.5963338929292558,0.06053847701308442,0.5035316047874587,0.6095309698244473,0.4713344716437982,0.3512691527131874,0.5091811266137681,0.7617148042312477,1.9201257841868236
False,15.0,3.5,5192.509650873193,rowcol,0.7099327938673148,0.070691740566132,0.49371245112831175,0.6405200141238268,0.5770944707491632,0.6758826924842168,0.4769455367640521,0.6091933555449294,1.921657367508762
False,-45.0,-3.5,5192.509650873193,rowcol,0.7099327938673462,0.07069174056613438,0.4937124511284851,0.6405200141239097,0.5770944707495944,0.6758826924843148,0.4769455367641692,0.6091933555449983,1.9216573675093649
False,75.0,-3.5,5192.509650873193,rowcol,0.7099327938673462,0.07069174056613438,0.49371245112848516,0.6405200141239097,0.5770944707495945,0.6758826924843147,0.47694553676416923,0.6091933555449983,1.921657367509365
False,15.0,-3.25,5192.509650873193,rowcol,0.3225515394441874,0.04128830502167754,0.5153240403755569,0.5788945677575615,0.63831356307795,0.5885936389575129,0.4895877847141312,0.5706101409087899,1.9248666888842323
False,-45.0,3.25,5192.509650873193,rowcol,0.32255153944424714,0.041288305021681446,0.5153240403757003,0.5788945677576333,0.638313563078287,0.5885936389575857,0.48958778471422965,0.5706101409088609,1.9248666888847343
False,75.0,3.25,5192.509650873193,rowcol,0.32255153944424714,0.041288305021681446,0.5153240403757003,0.5788945677576331,0.638313563078287,0.5885936389575857,0.4895877847142296,0.5706101409088609,1.9248666888847343
True,-5.0,4.0,5192.509650873193,rowcol,0.5219924670554587,0.05562349875519403,0.5131555868846086,0.5854070880164998,0.47133676704955063,0.3477849230197268,0.5204162992329432,0.7274533978263961,1.9248738486703256
True,-45.0,-3.5,5192.509650873193,rowcol,0.6682547499415276,0.06279572042059249,0.5358386165475238,0.5176464331192625,0.740923787265438,0.3847921074994329,0.4892793311287863,0.6072779174030447,1.9251622827618342
True,75.0,-3.5,5192.509650873193,rowcol,0.6682547499415276,0.06279572042059249,0.5358386165475238,0.5176464331192625,0.7409237872654377,0.3847921074994329,0.4892793311287863,0.6072779174030447,1.9251622827618342
True,-80.0,-3.0,5192.509650873193,rowcol,0.2504479655162351,0.031029732759575053,0.5309992059912917,0.5332627748094141,0.6609766992187667,0.5472460207285947,0.5037059841639605,0.5212126818139788,1.926260392783289
True,40.0,-3.0,5192.509650873193,rowcol,0.2504479655162351,0.03102973275957505,0.5309992059912917,0.5332627748094141,0.6609766992187667,0.5472460207285947,0.5037059841639605,0.5212126818139787,1.926260392783289
True,20.0,-3.0,5192.509650873193,rowcol,0.25044796529500796,0.03102973454514941,0.5309613139931164,0.5367432074985662,0.6609767998211251,0.5465120649347993,0.5036587332485222,0.5283879068022557,1.9296271494779156
False,-75.0,3.5,5192.509650873193,rowcol,0.7099327947454882,0.07069173174693845,0.49398408482967965,0.6477404070860031,0.5786067548589343,0.6781966308180205,0.476944088227546,0.6209717598920451,1.929692661575042
False,45.0,3.5,5192.509650873193,rowcol,0.7099327947454882,0.07069173174693845,0.49398408482967965,0.6477404070860031,0.5786067548589343,0.6781966308180204,0.476944088227546,0.6209717598920451,1.929692661575042
False,-15.0,-3.5,5192.509650873193,rowcol,0.7099327947455197,0.07069173174694081,0.4939840848298533,0.6477404070860898,0.5786067548593657,0.6781966308181201,0.4769440882276632,0.6209717598921204,1.9296926615756496
True,10.0,4.0,5192.509650873193,rowcol,0.7203149617049094,0.06913108835064657,0.5093301024666257,0.6028366082536233,0.47137109262708576,0.4209288834192898,0.5159483884939008,0.7211311714161666,1.9308269156535005
True,-15.0,-3.5,5192.509650873193,rowcol,0.6682547508744713,0.06279571049246123,0.5358075099817855,0.5248468416588056,0.7409238868091571,0.3836370338871271,0.4892390269088211,0.6191543319780329,1.9322693716041621
False,10.0,3.5,5192.509650873193,rowcol,0.6637220824591032,0.06627680658765495,0.49834530081019474,0.6394159858658263,0.7010596679786888,0.6468890410257364,0.45169616399002244,0.6330629379734168,1.9344518882964103
False,-50.0,-3.5,5192.509650873193,rowcol,0.6637220824591022,0.06627680658765961,0.4983453008103323,0.6394159858659582,0.7010596679790295,0.6468890410259339,0.4516961639901054,0.6330629379734919,1.934451888296955
False,70.0,-3.5,5192.509650873193,rowcol,0.6637220824591022,0.06627680658765961,0.4983453008103323,0.6394159858659582,0.7010596679790295,0.6468890410259339,0.4516961639901054,0.633062937973492,1.934451888296955
True,-55.0,4.0,5192.509650873193,rowcol,0.521992469829835,0.05562347271936441,0.513191962524099,0.5984180614097573,0.4713368050503412,0.34749113405149495,0.5204586988666786,0.746804172087457,1.9379939489820546
True,65.0,4.0,5192.509650873193,rowcol,0.521992469829835,0.05562347271936441,0.513191962524099,0.5984180614097573,0.4713368050503412,0.34749113405149484,0.5204586988666786,0.7468041720874571,1.9379939489820546
True,-70.0,4.0,5192.509650873193,rowcol,0.7203149646925772,0.06913105722048053,0.5093297223430407,0.6130455291931386,0.47137120486041356,0.42017889328920094,0.5159479261564385,0.7371652447589546,1.9410346962222609
True,50.0,4.0,5192.509650873193,rowcol,0.7203149646925772,0.06913105722048053,0.5093297223430407,0.6130455291931386,0.47137120486041356,0.420178893289201,0.5159479261564385,0.7371652447589546,1.9410346962222609
True,-35.0,-3.25,5192.509650873193,rowcol,0.7013359383424694,0.06712443124701764,0.5498681803343864,0.49311754084808623,0.7005632238870954,0.4041270661157194,0.517694460747832,0.5570590134875565,1.9427220818512456
True,85.0,-3.25,5192.509650873193,rowcol,0.7013359383424694,0.06712443124701764,0.5498681803343864,0.49311754084808623,0.7005632238870954,0.4041270661157194,0.517694460747832,0.5570590134875565,1.9427220818512456
True,-75.0,-3.25,5192.509650873193,rowcol,0.27634119401462215,0.03510957633032668,0.5336710343481176,0.5420540446391272,0.7010341025051979,0.5198060430538519,0.49712973823836265,0.5600806602566923,1.94306714768348
True,45.0,-3.25,5192.509650873193,rowcol,0.27634119401462215,0.03510957633032668,0.5336710343481176,0.5420540446391272,0.7010341025051979,0.519806043053852,0.49712973823836276,0.5600806602566923,1.94306714768348
True,-25.0,-3.25,5192.509650873193,rowcol,0.7013359378681598,0.06712443620274432,0.5498401807870802,0.49488838757055587,0.7005632898853079,0.4034350068176734,0.5176592835967616,0.560362173641781,1.9444089299317966
False,-70.0,3.5,5192.509650873193,rowcol,0.6637220851650525,0.06627677948920707,0.49873045926943393,0.6495393810100227,0.7026375323722781,0.6502487591635252,0.4517518553927815,0.6489422011427778,1.9457307588183246
False,50.0,3.5,5192.509650873193,rowcol,0.6637220851650525,0.06627677948920707,0.49873045926943393,0.6495393810100227,0.702637532372278,0.6502487591635252,0.4517518553927815,0.6489422011427778,1.9457307588183246
False,-10.0,-3.5,5192.509650873193,rowcol,0.6637220851650515,0.06627677948921175,0.4987304592695717,0.6495393810101565,0.702637532372619,0.6502487591637236,0.45175185539286467,0.6489422011428573,1.9457307588188717
False,25.0,3.25,5192.509650873193,rowcol,0.7543329097156697,0.0775664139372571,0.4896874629699488,0.6800748345256028,0.3830396381019203,0.7992310098382179,0.5067142150911014,0.5605906573113617,1.9491372234354494
False,-35.0,-3.25,5192.509650873193,rowcol,0.7543329097157363,0.07756641393725297,0.4896874629701084,0.6800748345254988,0.3830396381018375,0.7992310098379412,0.5067142150912951,0.560590657311461,1.949137223435824
False,85.0,-3.25,5192.509650873193,rowcol,0.7543329097157364,0.07756641393725297,0.4896874629701084,0.6800748345254988,0.38303963810183744,0.7992310098379412,0.5067142150912951,0.560590657311461,1.949137223435824
True,15.0,-3.25,5192.509650873193,rowcol,0.2763411945606407,0.035109572032711714,0.5336420293388787,0.5484461239375935,0.7010342001982262,0.5190126488013006,0.4970929001413264,0.5720281616831113,1.9493722119542296
True,-30.0,3.25,5192.509650873193,rowcol,0.34777259956697637,0.033510916781553934,0.5525854832999123,0.4926938659017415,0.3511726277616331,0.3481576874042555,0.581833847076966,0.5873292241611198,1.9504503158014785
True,90.0,3.25,5192.509650873193,rowcol,0.34777259956697637,0.033510916781553934,0.5525854832999123,0.4926938659017415,0.3511726277616331,0.3481576874042555,0.581833847076966,0.5873292241611198,1.9504503158014785
False,-85.0,3.25,5192.509650873193,rowcol,0.7543329092746837,0.07756641822584441,0.4897533548450001,0.6818539443937738,0.38376773992356333,0.7998194122321952,0.5066890841787225,0.5638540295728802,1.951114008928774
False,35.0,3.25,5192.509650873193,rowcol,0.7543329092746837,0.07756641822584441,0.4897533548450001,0.6818539443937738,0.38376773992356333,0.7998194122321951,0.5066890841787225,0.5638540295728802,1.951114008928774
False,-25.0,-3.25,5192.509650873193,rowcol,0.7543329092747502,0.07756641822584028,0.48975335484515975,0.6818539443936722,0.3837677399234817,0.799819412231919,0.5066890841789162,0.5638540295729829,1.9511140089291514
True,-20.0,3.5,5192.509650873193,rowcol,0.36244815043201684,0.038415562295049686,0.5482106252197648,0.5154456633994134,0.39115646821401495,0.39209465603589644,0.5722121400845529,0.5998580272406466,1.960077539058708
True,-15.0,3.75,5192.509650873193,rowcol,0.3932426916520273,0.04371783473011824,0.5407267458024393,0.5394901040482976,0.4312079470628622,0.38698908901659146,0.5583798762564914,0.6402125835195513,1.9616703414556156
True,-40.0,3.5,5192.509650873193,rowcol,0.36244815028897853,0.03841556364460596,0.5481678057507082,0.5196431330335464,0.391156666544972,0.39089852160621863,0.572163614117711,0.6071374970769898,1.964146550285671
True,80.0,3.5,5192.509650873193,rowcol,0.36244815028897853,0.03841556364460596,0.5481678057507082,0.5196431330335464,0.391156666544972,0.39089852160621863,0.572163614117711,0.6071374970769898,1.964146550285671
True,-70.0,-3.5,5192.509650873193,rowcol,0.3346387367025406,0.04035517564876497,0.537517823666444,0.5551158570709838,0.741115329370997,0.46842061239908317,0.4913994754631188,0.6186917197557853,1.9676693280703157
True,50.0,-3.5,5192.509650873193,rowcol,0.33463873670254046,0.040355175648764965,0.537517823666444,0.5551158570709838,0.741115329370997,0.46842061239908317,0.4913994754631188,0.6186917197557853,1.9676693280703157
True,75.0,3.75,5192.509650873193,rowcol,0.3932426920017288,0.04371783158454711,0.5406937148140861,0.546893555209415,0.43120813032122596,0.38575842615446154,0.5583420331208858,0.6522875004244927,1.9689746996516733
True,-45.0,3.75,5192.509650873193,rowcol,0.3932426920017288,0.04371783158454711,0.5406937148140862,0.546893555209415,0.43120813032122607,0.38575842615446154,0.5583420331208858,0.6522875004244927,1.9689746996516737
True,90.0,-3.25,5192.509650873193,rowcol,0.707247466533385,0.0679090183561309,0.5583940843354042,0.4942028955064349,0.70052593089683,0.3978074242495824,0.5283827742819673,0.5626274246345303,1.9693851485126475
True,-30.0,-3.25,5192.509650873193,rowcol,0.707247466533385,0.0679090183561309,0.5583940843354043,0.49420289550643487,0.70052593089683,0.3978074242495823,0.5283827742819673,0.5626274246345302,1.9693851485126477
True,10.0,-3.5,5192.509650873193,rowcol,0.3346387384274351,0.04035516134535381,0.5375174991850779,0.5648149604835369,0.7411153918317297,0.4678310596848172,0.4913990386608964,0.6350126539929951,1.9773674580387706
True,-10.0,4.0,5192.509650873193,rowcol,0.45016571029444635,0.04995680064425222,0.5357385435708543,0.5725518703385389,0.47129891141395136,0.3604858657856819,0.5466666423285009,0.7030067730822002,1.9797675010511018
True,25.0,3.5,5192.509650873193,rowcol,0.7770418092694032,0.07629130369145382,0.5281693868014768,0.6054842246629628,0.39168391404840375,0.6098227968422532,0.5494063778191157,0.6018113187024247,1.9899923850673935
True,-50.0,4.0,5192.509650873193,rowcol,0.4501657115388407,0.049956789430888805,0.5357381707912785,0.5832922187516665,0.47129902366446796,0.3596098398269719,0.5466661927695213,0.7194465869357225,1.990506731125502
True,70.0,4.0,5192.509650873193,rowcol,0.4501657115388407,0.049956789430888805,0.5357381707912785,0.5832922187516665,0.47129902366446796,0.3596098398269719,0.5466661927695213,0.7194465869357225,1.990506731125502
True,65.0,-3.75,5192.509650873193,rowcol,0.5755110510840487,0.05568347477506323,0.5414422973868596,0.5669173727535619,0.7812337191194946,0.36465747129716514,0.48512586572558636,0.6927154879838762,1.9912442649141406
True,-55.0,-3.75,5192.509650873193,rowcol,0.5755110510840487,0.05568347477506323,0.5414422973868597,0.5669173727535619,0.7812337191194946,0.3646574712971652,0.4851258657255864,0.6927154879838762,1.9912442649141409
True,-85.0,3.5,5192.509650873193,rowcol,0.7770418087956595,0.07629130851662658,0.5281379944464043,0.6070381756934545,0.39168404117265454,0.6093291162198283,0.5493706813291407,0.6051048043817822,1.9914521590326675
True,35.0,3.5,5192.509650873193,rowcol,0.7770418087956595,0.07629130851662658,0.5281379944464043,0.6070381756934545,0.3916840411726543,0.6093291162198282,0.5493706813291407,0.6051048043817822,1.9914521590326675
False,5.0,3.5,5192.509650873193,rowcol,0.610398229108011,0.06286488857744116,0.5114748868031951,0.6625316526700638,0.7762603883026223,0.6772416257747207,0.4466031206513794,0.6499030277440508,1.996956313079649
False,-55.0,-3.5,5192.509650873193,rowcol,0.6103982291079739,0.0628648885774462,0.5114748868032662,0.6625316526701959,0.7762603883027728,0.6772416257749293,0.446603120651428,0.6499030277441156,1.9969563130799948
False,65.0,-3.5,5192.509650873193,rowcol,0.6103982291079739,0.0628648885774462,0.5114748868032662,0.6625316526701959,0.7762603883027728,0.6772416257749293,0.44660312065142793,0.6499030277441156,1.9969563130799948
True,-50.0,-3.75,5192.509650873193,rowcol,0.6359888476941707,0.05986605912648221,0.5485622440855462,0.5530737994940734,0.7811879565464381,0.35942058051449954,0.494505345039,0.6741659717589963,1.998760531750712
True,70.0,-3.75,5192.509650873193,rowcol,0.6359888476941707,0.05986605912648221,0.5485622440855462,0.5530737994940734,0.7811879565464381,0.3594205805144995,0.4945053450389999,0.6741659717589963,1.998760531750712
False,-90.0,3.25,5192.509650873193,rowcol,0.7634811655841169,0.07913661793508045,0.4997795098653237,0.700638111870481,0.38357424294082737,0.8325345339849906,0.5181607155008912,0.5664175835516225,1.9999766414664522
False,30.0,3.25,5192.509650873193,rowcol,0.7634811655841169,0.07913661793508045,0.4997795098653237,0.700638111870481,0.3835742429408274,0.8325345339849904,0.5181607155008912,0.5664175835516225,1.9999766414664522
False,-30.0,-3.25,5192.509650873193,rowcol,0.7634811655841885,0.07913661793507482,0.4997795098654789,0.7006381118703244,0.38357424294056836,0.8325345339846084,0.518160715501103,0.5664175835517382,1.9999766414667612
False,90.0,-3.25,5192.509650873193,rowcol,0.7634811655841885,0.07913661793507482,0.4997795098654789,0.7006381118703244,0.38357424294056836,0.8325345339846083,0.518160715501103,0.5664175835517383,1.9999766414667612
False,20.0,3.5,5192.509650873193,rowcol,0.7484860832684819,0.07574327613851953,0.5075609218498781,0.6802212119399793,0.46311738566256205,0.7679869829522568,0.5152491231405232,0.5964968713559871,2.0029039774896136
False,-40.0,-3.5,5192.509650873193,rowcol,0.7484860832685383,0.07574327613851854,0.5075609218500566,0.6802212119399667,0.4631173856628394,0.7679869829521593,0.5152491231406856,0.5964968713560663,2.0029039774901367
False,80.0,-3.5,5192.509650873193,rowcol,0.7484860832685383,0.07574327613851854,0.5075609218500566,0.6802212119399667,0.4631173856628394,0.7679869829521593,0.5152491231406856,0.5964968713560663,2.0029039774901367
True,-5.0,-3.75,5192.509650873193,rowcol,0.5755110557543237,0.055683426505876,0.5414746275408147,0.5795120786066391,0.7812337406133468,0.3643948043875142,0.48516851925859555,0.711756794901923,2.0039359612290832
False,-80.0,3.5,5192.509650873193,rowcol,0.7484860829598704,0.07574327918818222,0.5077162489498865,0.6844360613642707,0.46440355510366604,0.7694187126127607,0.5152190361018856,0.6037767992724059,2.00758480821393
False,40.0,3.5,5192.509650873193,rowcol,0.7484860829598704,0.07574327918818222,0.5077162489498865,0.6844360613642707,0.46440355510366604,0.7694187126127608,0.5152190361018857,0.6037767992724058,2.00758480821393
False,-20.0,-3.5,5192.509650873193,rowcol,0.7484860829599267,0.07574327918818123,0.5077162489500652,0.6844360613642619,0.464403555103944,0.7694187126126646,0.5152190361020481,0.603776799272491,2.0075848082144576
True,-10.0,-3.75,5192.509650873193,rowcol,0.6359888507931571,0.0598660262042984,0.5485619128803315,0.5634959700736596,0.7811880200357407,0.3585969291205478,0.4945048923749264,0.6902324670565385,2.009181708714654
False,-65.0,3.5,5192.509650873193,rowcol,0.6103982331521944,0.06286484930968357,0.5119376509286939,0.6743655589689199,0.7778889326666769,0.6809949645627555,0.44671347129384503,0.6687394254564876,2.0101785117550017
False,55.0,3.5,5192.509650873193,rowcol,0.6103982331521944,0.06286484930968357,0.5119376509286939,0.6743655589689199,0.7778889326666768,0.6809949645627555,0.446713471293845,0.6687394254564876,2.0101785117550017
False,-5.0,-3.5,5192.509650873193,rowcol,0.6103982331521572,0.06286484930968861,0.5119376509287651,0.6743655589690516,0.7778889326668275,0.6809949645629636,0.44671347129389355,0.668739425456554,2.010178511755347
True,-60.0,-3.75,5192.509650873193,rowcol,0.5017427786676403,0.05124602279779036,0.5445356516909654,0.5779880538607838,0.781240115423586,0.3959678694005661,0.4892002961701418,0.6950974774218645,2.0115950089336803
True,60.0,-3.75,5192.509650873193,rowcol,0.5017427786676402,0.05124602279779035,0.5445356516909655,0.5779880538607838,0.7812401154235861,0.39596786940056616,0.48920029617014177,0.6950974774218645,2.0115950089336803
False,-85.0,-3.0,5192.509650873193,rowcol,0.235829072876959,0.02513365835054898,0.5560186574588656,0.543886065664793,0.6656568662325175,0.552505933077861,0.5336121467185303,0.536529652348565,2.01194203804139
False,35.0,-3.0,5192.509650873193,rowcol,0.235829072876959,0.02513365835054898,0.5560186574588656,0.543886065664793,0.6656568662325175,0.552505933077861,0.5336121467185303,0.536529652348565,2.01194203804139
False,-25.0,3.0,5192.509650873193,rowcol,0.23582907287690602,0.025133658350552264,0.5560186574589694,0.543886065664778,0.6656568662323661,0.5525059330776766,0.5336121467186926,0.5365296523486965,2.0119420380416866
False,25.0,-3.0,5192.509650873193,rowcol,0.23582907247264176,0.02513366214425683,0.5560722271958649,0.5459615308546459,0.6660438650660687,0.553341754794583,0.5335901201795724,0.5396767157818703,2.014178212442241
False,85.0,3.0,5192.509650873193,rowcol,0.23582907247258877,0.025133662144260115,0.5560722271959687,0.5459615308546334,0.666043865065918,0.5533417547943996,0.5335901201797347,0.5396767157820046,2.0141782124425394
False,-35.0,3.0,5192.509650873193,rowcol,0.23582907247258877,0.025133662144260112,0.5560722271959687,0.5459615308546335,0.666043865065918,0.5533417547943998,0.5335901201797347,0.5396767157820046,2.01417821244254
True,-40.0,-3.5,5192.509650873193,rowcol,0.7004981486868934,0.06624618243448592,0.565862537367322,0.5204560966264031,0.7408043546410619,0.4170837349304506,0.5277624569236558,0.5936157342130258,2.018043708728369
True,80.0,-3.5,5192.509650873193,rowcol,0.7004981486868934,0.06624618243448592,0.565862537367322,0.5204560966264031,0.7408043546410619,0.41708373493045064,0.5277624569236558,0.5936157342130258,2.018043708728369
True,-20.0,-3.5,5192.509650873193,rowcol,0.7004981483571403,0.06624618592135012,0.565821052524218,0.5246136209295732,0.7408044593629772,0.4159594653876192,0.5277098420286404,0.6009710489253999,2.0220767785022273
False,-80.0,-3.25,5192.509650873193,rowcol,0.2582249435142644,0.03189854978180086,0.5563123845067736,0.5533083348071657,0.6516752982246042,0.5451997164055873,0.5371084384730775,0.5600367207463454,2.0222454883274863
False,40.0,-3.25,5192.509650873193,rowcol,0.25822494351426434,0.03189854978180086,0.5563123845067736,0.5533083348071657,0.6516752982246042,0.5451997164055872,0.5371084384730775,0.5600367207463454,2.0222454883274863
False,-20.0,3.25,5192.509650873193,rowcol,0.25822494351427094,0.03189854978180591,0.556312384506904,0.5533083348072091,0.6516752982247032,0.5451997164055634,0.5371084384732154,0.5600367207464437,2.022245488327921
True,-85.0,-3.0,5192.509650873193,rowcol,0.23043756034912383,0.02726786130441644,0.5571832242803665,0.5529252173507215,0.6610654725991034,0.5715029967270425,0.536082995420543,0.53680401208407,2.0244748901918213
True,35.0,-3.0,5192.509650873193,rowcol,0.23043756034912385,0.02726786130441644,0.5571832242803665,0.5529252173507214,0.6610654725991033,0.5715029967270424,0.536082995420543,0.53680401208407,2.0244748901918213
True,0.0,-3.75,5192.509650873193,rowcol,0.5017427833584657,0.0512459768705401,0.5445812498405201,0.5912461751170293,0.7812401189882886,0.39594152102387525,0.4892603016221564,0.7153438280654608,2.02498992463859
True,25.0,-3.0,5192.509650873193,rowcol,0.23043755993534684,0.02726786480119813,0.5571577193857414,0.554383569245675,0.6610655371605016,0.5710514733897593,0.5360516399594002,0.539967887702326,2.0258567274028993
False,20.0,-3.25,5192.509650873193,rowcol,0.25822494330482704,0.03189855147723649,0.556443982943952,0.5581975305040607,0.652524660650338,0.5472580594106774,0.5370816389996947,0.5672342132757358,2.027529479335917
False,-40.0,3.25,5192.509650873193,rowcol,0.25822494330483364,0.03189855147724155,0.5564439829440827,0.5581975305041081,0.6525246606504377,0.5472580594106553,0.5370816389998326,0.5672342132758396,2.0275294793363563
False,80.0,3.25,5192.509650873193,rowcol,0.25822494330483364,0.03189855147724155,0.5564439829440827,0.5581975305041081,0.6525246606504377,0.5472580594106553,0.5370816389998326,0.5672342132758396,2.0275294793363563
True,-90.0,3.5,5192.509650873193,rowcol,0.7829456644807791,0.07717305021401775,0.5385803463027313,0.6136676004080621,0.3917209626353301,0.6206267029189402,0.5612239589457978,0.6077533847939846,2.029408639316256
True,30.0,3.5,5192.509650873193,rowcol,0.7829456644807791,0.07717305021401775,0.5385803463027313,0.6136676004080621,0.3917209626353302,0.6206267029189402,0.5612239589457978,0.6077533847939846,2.029408639316256
True,5.0,4.25,5192.509650873193,rowcol,0.6770699202150888,0.06612983037470856,0.533220029294391,0.6306725639268134,0.5113812827049936,0.37288185861065504,0.5371050948828836,0.7844219240297808,2.0303326518099865
False,-70.0,-3.5,5192.509650873193,rowcol,0.39627960140604396,0.050021031882197545,0.527261756610979,0.6533729863821125,0.7211620081874712,0.6936231336647916,0.4836122678045942,0.6174953493563647,2.035158256215049
False,50.0,-3.5,5192.509650873193,rowcol,0.3962796014060439,0.05002103188219754,0.527261756610979,0.6533729863821125,0.7211620081874712,0.6936231336647916,0.4836122678045942,0.6174953493563646,2.035158256215049
False,-10.0,3.5,5192.509650873193,rowcol,0.39627960140614005,0.05002103188219906,0.5272617566111208,0.6533729863821425,0.7211620081878739,0.6936231336648001,0.4836122678046675,0.6174953493564155,2.035158256215505
True,20.0,3.75,5192.509650873193,rowcol,0.7791047272072544,0.07564235427814173,0.5390731594128017,0.62028234672864,0.4315646208800193,0.5979818334553629,0.5564359668529146,0.6384341172990955,2.037501824967045
True,0.0,4.25,5192.509650873193,rowcol,0.6068379030593483,0.06160650737899795,0.5363900559729137,0.6288639367057712,0.5113831453864176,0.3612236991273587,0.5408237042190872,0.7863341394532082,2.0380341046245123
True,55.0,-3.75,5192.509650873193,rowcol,0.41683628338033757,0.046124670304467597,0.5527607921887334,0.5811688544336269,0.7812467011640243,0.42954356094966895,0.4999856121994417,0.6831094446797894,2.039451230999827
True,-65.0,-3.75,5192.509650873193,rowcol,0.4168362833803376,0.046124670304467597,0.5527607921887335,0.5811688544336269,0.7812467011640244,0.429543560949669,0.4999856121994418,0.6831094446797894,2.0394512309998274
True,15.0,4.0,5192.509650873193,rowcol,0.7656860733927596,0.07350415862792242,0.538274488353382,0.6250541327374922,0.4714649232518542,0.5318471112939597,0.5495780091690888,0.6938138624340648,2.039877597797638
True,-80.0,3.75,5192.509650873193,rowcol,0.7791047268807951,0.07564235764062253,0.5390265021520374,0.6240235959550825,0.43156481348096964,0.5971422029447073,0.5563824987344816,0.6457648998816109,2.0411031024111947
True,40.0,3.75,5192.509650873193,rowcol,0.7791047268807951,0.07564235764062253,0.5390265021520375,0.6240235959550825,0.43156481348096953,0.5971422029447073,0.5563824987344816,0.6457648998816109,2.0411031024111947
True,55.0,4.25,5192.509650873193,rowcol,0.677069924857774,0.06612978284058382,0.5332572356504661,0.6435152958362026,0.5113813199191399,0.3725907265596904,0.5371487582712381,0.8035087588374268,2.0432870027876007
True,-65.0,4.25,5192.509650873193,rowcol,0.677069924857774,0.06612978284058381,0.5332572356504662,0.6435152958362026,0.51138131991914,0.3725907265596905,0.5371487582712382,0.8035087588374268,2.0432870027876016
False,0.0,3.5,5192.509650873193,rowcol,0.5483201509643464,0.05983241503236389,0.5198996970504789,0.6853485741761922,0.7944578519849504,0.7237344161782199,0.45223582308793164,0.6513175295011345,2.045047665327629
False,-60.0,-3.5,5192.509650873193,rowcol,0.5483201509642758,0.05983241503236784,0.519899697050467,0.6853485741762944,0.7944578519848854,0.7237344161784048,0.4522358230879362,0.6513175295011594,2.0450476653276954
False,60.0,-3.5,5192.509650873193,rowcol,0.5483201509642758,0.05983241503236784,0.519899697050467,0.6853485741762944,0.7944578519848854,0.723734416178405,0.4522358230879362,0.6513175295011594,2.0450476653276954
False,10.0,-3.5,5192.509650873193,rowcol,0.3962796028626331,0.0500210203427188,0.5276257980815893,0.6632826238698203,0.7226959844117034,0.6967543379069262,0.48366427282584074,0.6337662574725648,2.0461600181145885
False,-50.0,3.5,5192.509650873193,rowcol,0.3962796028627292,0.05002102034272031,0.5276257980817312,0.6632826238698544,0.7226959844121063,0.6967543379069365,0.4836642728259141,0.6337662574726206,2.0461600181150477
False,70.0,3.5,5192.509650873193,rowcol,0.3962796028627292,0.05002102034272031,0.5276257980817312,0.6632826238698544,0.7226959844121063,0.6967543379069366,0.4836642728259141,0.6337662574726207,2.0461600181150477
True,-75.0,4.0,5192.509650873193,rowcol,0.7656860743742712,0.07350414840360542,0.5382390990116371,0.6318792238425566,0.471465102036372,0.5308926055978023,0.5495370015176836,0.7057081807398573,2.046596520877468
True,45.0,4.0,5192.509650873193,rowcol,0.7656860743742713,0.07350414840360542,0.5382390990116371,0.6318792238425566,0.471465102036372,0.5308926055978023,0.5495370015176836,0.7057081807398573,2.046596520877468
False,-65.0,-3.5,5192.509650873193,rowcol,0.4763471327877585,0.05598083853865372,0.5215841028445596,0.6853679038128027,0.7707557782257608,0.7368466971723052,0.46190216475044465,0.6388717004933653,2.0501202123464815
False,55.0,-3.5,5192.509650873193,rowcol,0.4763471327877584,0.05598083853865372,0.5215841028445596,0.6853679038128027,0.7707557782257608,0.7368466971723051,0.46190216475044465,0.6388717004933653,2.0501202123464815
False,-5.0,3.5,5192.509650873193,rowcol,0.47634713278785173,0.05598083853865207,0.5215841028446498,0.6853679038127612,0.7707557782260284,0.736846697172198,0.4619021647504836,0.6388717004933872,2.0501202123467106
True,5.0,-3.75,5192.509650873193,rowcol,0.41683628674040357,0.04612463993898409,0.5527924514504383,0.5934620875541092,0.7812467226575194,0.42932059448050464,0.5000269864909721,0.7024126077881981,2.0518394419054244
True,-60.0,4.25,5192.509650873193,rowcol,0.60683790745492,0.06160646408161551,0.5364425182850736,0.6426808020304116,0.5113831515583207,0.36119096502275944,0.5408852192579896,0.8066505893717595,2.0520083568856324
True,60.0,4.25,5192.509650873193,rowcol,0.60683790745492,0.06160646408161551,0.5364425182850737,0.6426808020304114,0.5113831515583208,0.36119096502275944,0.5408852192579896,0.8066505893717595,2.052008356885633
True,-5.0,4.25,5192.509650873193,rowcol,0.5291256090177244,0.056449252507586915,0.5462421769194441,0.6176462545039992,0.5113851159014969,0.35624410758711395,0.552358905260526,0.7717405688191762,2.0563727852623312
False,-60.0,3.5,5192.509650873193,rowcol,0.5483201549705496,0.059832378318440946,0.5203874992464621,0.6975064720274009,0.7961196841795071,0.7273629585646175,0.45236642220608303,0.6713704222955279,2.0586689697667873
False,60.0,3.5,5192.509650873193,rowcol,0.5483201549705496,0.059832378318440946,0.5203874992464621,0.6975064720274009,0.7961196841795071,0.7273629585646175,0.452366422206083,0.6713704222955279,2.0586689697667873
False,0.0,-3.5,5192.509650873193,rowcol,0.548320154970479,0.05983237831844489,0.5203874992464501,0.6975064720275008,0.7961196841794422,0.7273629585648006,0.4523664222060876,0.671370422295552,2.058668969766851
False,-75.0,-3.5,5192.509650873193,rowcol,0.31482254197608633,0.04146380212826642,0.5513715787443317,0.6066144447870877,0.6785890374108816,0.6153223915480465,0.5248704875101808,0.5991931947579664,2.0607291810200827
False,45.0,-3.5,5192.509650873193,rowcol,0.31482254197608633,0.04146380212826642,0.5513715787443318,0.6066144447870876,0.6785890374108816,0.6153223915480464,0.5248704875101808,0.5991931947579663,2.060729181020083
False,-15.0,3.5,5192.509650873193,rowcol,0.31482254197615733,0.04146380212827106,0.5513715787444872,0.6066144447871576,0.6785890374112484,0.6153223915481163,0.5248704875102872,0.5991931947580365,2.060729181020619
True,-90.0,-3.0,5192.509650873193,rowcol,0.22480060646955896,0.02576883449047483,0.5668648302056262,0.5603183789690982,0.6611002082378781,0.5759168633058979,0.5479442131775598,0.5468558936246827,2.0609128695859766
True,30.0,-3.0,5192.509650873193,rowcol,0.22480060646955896,0.025768834490474825,0.5668648302056263,0.5603183789690982,0.6611002082378782,0.575916863305898,0.5479442131775598,0.5468558936246827,2.060912869585977
False,5.0,-3.5,5192.509650873193,rowcol,0.4763471356160958,0.05598081447201309,0.5220378974261313,0.6967731088971686,0.7723959287735543,0.7402120696349729,0.46200885023389066,0.6580252577172768,2.062886801175562
False,-55.0,3.5,5192.509650873193,rowcol,0.4763471356161891,0.05598081447201145,0.5220378974262214,0.6967731088971303,0.7723959287738219,0.7402120696348674,0.4620088502339298,0.6580252577173015,2.062886801175795
False,65.0,3.5,5192.509650873193,rowcol,0.4763471356161891,0.05598081447201145,0.5220378974262214,0.6967731088971304,0.7723959287738219,0.7402120696348674,0.4620088502339298,0.6580252577173016,2.062886801175795
True,-45.0,-3.75,5192.509650873193,rowcol,0.6834474208195144,0.06398013690406128,0.5719162010906733,0.5478855695196623,0.7810888529865045,0.39734259165031904,0.5248820430745601,0.6479577675317439,2.0636341727916823
True,75.0,-3.75,5192.509650873193,rowcol,0.6834474208195144,0.06398013690406128,0.5719162010906733,0.5478855695196624,0.7810888529865044,0.39734259165031904,0.52488204307456,0.6479577675317439,2.0636341727916827
True,-25.0,3.5,5192.509650873193,rowcol,0.34839052090819606,0.034260155393503806,0.5818142141434394,0.5209795135923881,0.3910653442747736,0.37596361450482924,0.6101919887940251,0.617096435283853,2.066422156022706
True,10.0,4.25,5192.509650873193,rowcol,0.7362305318784524,0.07057335162751262,0.5434324584222785,0.6363952964955073,0.5114231345138787,0.43861415240090207,0.5490660383727531,0.7640728368151181,2.066692671762343
True,-35.0,3.5,5192.509650873193,rowcol,0.34839052064561254,0.03426015806370747,0.5817857182197604,0.5227844909694516,0.39106547160010374,0.3751623218771641,0.6101598505411102,0.6203084296914929,2.068141645628733
True,85.0,3.5,5192.509650873193,rowcol,0.3483905206456125,0.03426015806370747,0.5817857182197604,0.5227844909694516,0.3910654716001037,0.3751623218771641,0.6101598505411102,0.6203084296914929,2.068141645628733
False,15.0,-3.5,5192.509650873193,rowcol,0.31482254243800345,0.0414637986210641,0.5516148165586074,0.6143723232184424,0.6798755991307209,0.6181644713284578,0.5248691671084234,0.6111649519714555,2.069216772894265
False,-45.0,3.5,5192.509650873193,rowcol,0.31482254243807445,0.04146379862106874,0.551614816558763,0.6143723232185166,0.6798755991310882,0.6181644713285296,0.5248691671085297,0.6111649519715321,2.069216772894806
False,75.0,3.5,5192.509650873193,rowcol,0.31482254243807445,0.04146379862106875,0.551614816558763,0.6143723232185166,0.6798755991310882,0.6181644713285297,0.5248691671085297,0.6111649519715321,2.069216772894806
True,-55.0,4.25,5192.509650873193,rowcol,0.5291256118338589,0.05644922611061715,0.5462784847486213,0.6307553594715893,0.5113851531153645,0.3559393673476997,0.5524013493768021,0.7911350118820379,2.0695908137174532
True,65.0,4.25,5192.509650873193,rowcol,0.5291256118338589,0.05644922611061715,0.5462784847486213,0.6307553594715892,0.5113851531153645,0.3559393673476997,0.5524013493768021,0.7911350118820379,2.0695908137174532
False,15.0,3.75,5192.509650873193,rowcol,0.727121277449518,0.07248342416106016,0.5299591484732261,0.6798678711432768,0.6183147135669224,0.7138289205418338,0.5122141799752126,0.6499346945662635,2.069745316562955
False,-45.0,-3.75,5192.509650873193,rowcol,0.7271212774495532,0.07248342416106285,0.5299591484734115,0.6798678711433678,0.6183147135673844,0.7138289205419431,0.5122141799753379,0.649934694566338,2.069745316563602
False,75.0,-3.75,5192.509650873193,rowcol,0.7271212774495532,0.07248342416106285,0.5299591484734115,0.6798678711433678,0.6183147135673845,0.7138289205419429,0.5122141799753379,0.6499346945663381,2.069745316563602
True,-15.0,-3.75,5192.509650873193,rowcol,0.6834474218236406,0.06398012617780181,0.5718849752281274,0.5551766650145901,0.7810889541561401,0.39614409432764264,0.5248417893602702,0.6598903390875042,2.0708315906989725
True,-70.0,4.25,5192.509650873193,rowcol,0.7362305350560182,0.07057331847871837,0.5434320802589429,0.6466742432281647,0.5114232444229049,0.4378494327360833,0.5490655772050236,0.7801609146348344,2.076970484004993
True,50.0,4.25,5192.509650873193,rowcol,0.7362305350560182,0.07057331847871837,0.5434320802589429,0.6466742432281647,0.5114232444229049,0.4378494327360833,0.5490655772050236,0.7801609146348344,2.076970484004993
False,45.0,3.75,5192.509650873193,rowcol,0.7271212783933324,0.07248341469313636,0.5302302844491775,0.6871777381864445,0.6198271313827167,0.7162174328455245,0.5122127349974677,0.6617699125917994,2.077868591533977
False,-75.0,3.75,5192.509650873193,rowcol,0.7271212783933324,0.07248341469313636,0.5302302844491776,0.6871777381864446,0.6198271313827167,0.7162174328455245,0.5122127349974677,0.6617699125917994,2.0778685915339774
False,-15.0,-3.75,5192.509650873193,rowcol,0.7271212783933676,0.07248341469313904,0.5302302844493632,0.6871777381865397,0.6198271313831791,0.7162174328456355,0.5122127349975929,0.6617699125918801,2.077868591534629
True,-80.0,-3.25,5192.509650873193,rowcol,0.23196758016020572,0.029862600406575165,0.5698719824443247,0.5693938806879112,0.7011470284037418,0.5792451953904796,0.542531402481088,0.5609751210030937,2.0790098280208853
True,40.0,-3.25,5192.509650873193,rowcol,0.23196758016020572,0.029862600406575165,0.5698719824443247,0.5693938806879112,0.7011470284037418,0.5792451953904796,0.5425314024810882,0.5609751210030937,2.0790098280208853
False,10.0,3.75,5192.509650873193,rowcol,0.6785876310926937,0.0679327287088007,0.5338222800643712,0.6787160414187872,0.7486244071430579,0.6824365193786581,0.48451368666074546,0.6755712974365392,2.0801828816119006
False,-50.0,-3.75,5192.509650873193,rowcol,0.6785876310926948,0.06793272870880585,0.5338222800645189,0.6787160414189287,0.7486244071434268,0.6824365193788716,0.4845136866608343,0.6755712974366194,2.080182881612486
False,70.0,-3.75,5192.509650873193,rowcol,0.6785876310926947,0.06793272870880585,0.5338222800645189,0.6787160414189287,0.7486244071434269,0.6824365193788716,0.4845136866608342,0.6755712974366194,2.080182881612486
True,20.0,-3.25,5192.509650873193,rowcol,0.23196757992706132,0.029862602217600898,0.5698337330286155,0.572925658824831,0.7011471311455774,0.5784940179396612,0.5424838774115431,0.5682004848867226,2.0824268579106775
True,-75.0,-3.5,5192.509650873193,rowcol,0.2631578478177652,0.034494863869452407,0.5698996278869604,0.5763517788985951,0.7412080535614762,0.5459393835820193,0.532771161135534,0.6007375954915556,2.086050662559476
True,45.0,-3.5,5192.509650873193,rowcol,0.26315784781776513,0.0344948638694524,0.5698996278869604,0.5763517788985951,0.7412080535614762,0.5459393835820193,0.532771161135534,0.6007375954915556,2.086050662559476
False,-90.0,-3.0,5192.509650873193,rowcol,0.2232726559494081,0.021960271592346862,0.5718754948325006,0.571434344888829,0.694039056545655,0.5994038037781797,0.5466739780651163,0.5468059352132196,2.087060829386331
False,30.0,-3.0,5192.509650873193,rowcol,0.2232726559494081,0.021960271592346862,0.5718754948325006,0.571434344888829,0.6940390565456551,0.5994038037781797,0.5466739780651163,0.5468059352132196,2.087060829386331
False,-30.0,3.0,5192.509650873193,rowcol,0.22327265594933082,0.021960271592349395,0.5718754948325983,0.5714343448887472,0.6940390565454103,0.5994038037778451,0.5466739780652938,0.5468059352133706,2.087060829386542
False,90.0,3.0,5192.509650873193,rowcol,0.22327265594933082,0.0219602715923494,0.5718754948325983,0.5714343448887472,0.6940390565454103,0.599403803777845,0.5466739780652938,0.5468059352133707,2.087060829386542
False,-70.0,3.75,5192.509650873193,rowcol,0.6785876339971393,0.06793269969596227,0.5342075346558663,0.6889645520916674,0.7502076712037498,0.6859066188180563,0.4845693151135718,0.6915257740396421,2.0915871560592665
False,50.0,3.75,5192.509650873193,rowcol,0.6785876339971393,0.06793269969596227,0.5342075346558663,0.6889645520916674,0.7502076712037498,0.6859066188180563,0.4845693151135718,0.6915257740396421,2.0915871560592665
False,-10.0,-3.75,5192.509650873193,rowcol,0.6785876339971404,0.06793269969596742,0.5342075346560144,0.688964552091811,0.750207671204119,0.6859066188182702,0.4845693151136607,0.6915257740397267,2.0915871560598545
True,15.0,-3.5,5192.509650873193,rowcol,0.26315784837036854,0.034494859653695926,0.5698703773395241,0.5828277172404126,0.7412081530670187,0.5451258738326157,0.532734143250104,0.6127413877072706,2.092438849258985
True,-35.0,-3.5,5192.509650873193,rowcol,0.7197755133287186,0.0686000887562246,0.590661854635393,0.5234596006878417,0.740702559850742,0.41877562363298493,0.5589898499537498,0.5974634518321917,2.095445164594021
True,85.0,-3.5,5192.509650873193,rowcol,0.7197755133287186,0.0686000887562246,0.590661854635393,0.5234596006878416,0.7407025598507418,0.41877562363298493,0.5589898499537497,0.5974634518321916,2.095445164594021
True,-25.0,-3.5,5192.509650873193,rowcol,0.7197755128172831,0.06860009412237975,0.5906337837822555,0.5252562745801381,0.7407026270741223,0.4180563972407606,0.5589547654927356,0.6007807730302344,2.0971576259269047
True,-15.0,4.0,5192.509650873193,rowcol,0.39375506346556594,0.043832212277258364,0.5768131181231104,0.5699836377596005,0.47120657265834914,0.3996141578444834,0.594043400695637,0.6810317870192323,2.100422992128932
True,-70.0,-3.75,5192.509650873193,rowcol,0.3286945880400143,0.04024913521557145,0.5716592634878213,0.5882218603751544,0.7812931128394229,0.48727562154514825,0.5244955692699453,0.6612934460625574,2.1031996508386186
True,50.0,-3.75,5192.509650873193,rowcol,0.3286945880400142,0.04024913521557145,0.5716592634878213,0.5882218603751544,0.7812931128394229,0.4872756215451483,0.5244955692699453,0.6612934460625574,2.1031996508386186
True,-30.0,3.5,5192.509650873193,rowcol,0.3447556980891131,0.032606543205660095,0.5941576270192176,0.5230816516915874,0.39102924411439866,0.3597320495658935,0.6240999778619312,0.6284037008572979,2.10555453274924
True,90.0,3.5,5192.509650873193,rowcol,0.3447556980891131,0.032606543205660095,0.5941576270192176,0.5230816516915873,0.39102924411439866,0.3597320495658935,0.6240999778619312,0.6284037008572978,2.10555453274924
True,-20.0,3.75,5192.509650873193,rowcol,0.3608014162649643,0.038081621289116914,0.5869205960886663,0.5458683494362105,0.4310939595382635,0.40676245332695676,0.6110575569014048,0.6398572429788255,2.1066301377022096
True,75.0,4.0,5192.509650873193,rowcol,0.39375506378854397,0.04383220937586965,0.5767800892398481,0.5774604325185886,0.47120675154088987,0.39834292266394034,0.5940054579916808,0.6931461687970091,2.107800700238133
True,-45.0,4.0,5192.509650873193,rowcol,0.393755063788544,0.04383220937586965,0.5767800892398482,0.5774604325185886,0.47120675154089003,0.39834292266394034,0.5940054579916808,0.6931461687970091,2.1078007002381334
True,-40.0,3.75,5192.509650873193,rowcol,0.36080141613000927,0.03808162256773816,0.5868777440942733,0.5501157537868832,0.43109415234949233,0.4055271024624439,0.6110088701495493,0.6471716622164468,2.1107489860697033
True,80.0,3.75,5192.509650873193,rowcol,0.36080141613000927,0.03808162256773816,0.5868777440942733,0.5501157537868832,0.43109415234949233,0.4055271024624439,0.6110088701495493,0.647171662216447,2.1107489860697033
True,10.0,-3.75,5192.509650873193,rowcol,0.32869458977965116,0.040249121008822226,0.5716589362797536,0.59803277582357,0.7812931763201801,0.48666840377151865,0.5244951303958023,0.6776667799084015,2.113009584662831
True,-10.0,4.25,5192.509650873193,rowcol,0.45394728597961365,0.050477679788391384,0.5697739758123507,0.603731105004705,0.511344294775753,0.36962531572546264,0.579790320348774,0.7457386645516672,2.113053032441757
False,25.0,3.5,5192.509650873193,rowcol,0.7753521888583118,0.07980087431667246,0.5306232461644295,0.7243628031758811,0.4236247608146933,0.8478722777596679,0.5478797704284777,0.6011598322647189,2.1162325416691696
False,-35.0,-3.5,5192.509650873193,rowcol,0.7753521888583835,0.07980087431666806,0.5306232461645994,0.7243628031757715,0.4236247608145983,0.8478722777593707,0.5478797704286859,0.6011598322648284,2.1162325416695698
False,85.0,-3.5,5192.509650873193,rowcol,0.7753521888583835,0.07980087431666806,0.5306232461645994,0.7243628031757715,0.42362476081459827,0.8478722777593707,0.5478797704286859,0.6011598322648282,2.1162325416695698
False,-85.0,3.5,5192.509650873193,rowcol,0.7753521883835357,0.0798008789296385,0.5306887325784103,0.7261633817411,0.4243338297181046,0.8484726575053487,0.5478547398243522,0.6044376795571216,2.118229579476331
False,35.0,3.5,5192.509650873193,rowcol,0.7753521883835357,0.0798008789296385,0.5306887325784104,0.7261633817411002,0.4243338297181047,0.8484726575053487,0.5478547398243522,0.6044376795571215,2.1182295794763313
False,-25.0,-3.5,5192.509650873193,rowcol,0.7753521883836074,0.07980087892963408,0.5306887325785804,0.7261633817409927,0.4243338297180108,0.8484726575050524,0.5478547398245602,0.6044376795572343,2.118229579476734
True,-55.0,-4.0,5192.509650873193,rowcol,0.5852351813163585,0.056512163774856274,0.5745747407201973,0.5989784142199006,0.8214168216728442,0.37377336040074033,0.5170346519491889,0.7368918141958659,2.1227026363804926
True,65.0,-4.0,5192.509650873193,rowcol,0.5852351813163585,0.05651216377485628,0.5745747407201973,0.5989784142199006,0.8214168216728442,0.37377336040074033,0.5170346519491887,0.7368918141958659,2.1227026363804926
True,-50.0,4.25,5192.509650873193,rowcol,0.4539472871743335,0.05047766904423849,0.5697736030380789,0.6145578449915828,0.5113444047017249,0.36871754106103527,0.5797898695678123,0.7622156252975854,2.1238786541058197
True,70.0,4.25,5192.509650873193,rowcol,0.4539472871743335,0.0504776690442385,0.5697736030380789,0.6145578449915828,0.5113444047017249,0.36871754106103527,0.5797898695678123,0.7622156252975854,2.1238786541058197
True,-30.0,-3.5,5192.509650873193,rowcol,0.7261425563821854,0.06942764457467535,0.5999774376286081,0.5246124559644415,0.7406624592974366,0.4114524477763668,0.570608204430473,0.6035728090568097,2.124544768850266
True,90.0,-3.5,5192.509650873193,rowcol,0.7261425563821854,0.06942764457467535,0.5999774376286081,0.5246124559644415,0.7406624592974366,0.4114524477763668,0.570608204430473,0.6035728090568097,2.124544768850266
True,-50.0,-4.0,5192.509650873193,rowcol,0.6487852087914109,0.06088078426236216,0.5826184111702388,0.584060552336673,0.8213681992405686,0.36852104732513136,0.5275832974126471,0.7167969191340736,2.131915785847389
True,70.0,-4.0,5192.509650873193,rowcol,0.6487852087914109,0.06088078426236216,0.5826184111702388,0.5840605523366731,0.8213681992405686,0.36852104732513136,0.5275832974126471,0.7167969191340737,2.1319157858473896
True,-5.0,-4.0,5192.509650873193,rowcol,0.5852351862934144,0.05651211223286274,0.5746072379927266,0.6116997960461874,0.821416843478059,0.3735000140693685,0.5170773417136588,0.7559995564949641,2.1355215100243674
True,-10.0,-4.0,5192.509650873193,rowcol,0.6487852121084744,0.06088074891356654,0.582618078862911,0.5945919385669367,0.8213682636496247,0.36766416712910654,0.5275828452712221,0.7329258181921183,2.1424461751556696
True,-60.0,-4.0,5192.509650873193,rowcol,0.507624634579403,0.05186123590650077,0.5775103072185372,0.6108716456402311,0.8214234767651798,0.4074485519067875,0.5208851419794399,0.7398479651523732,2.143402567295843
True,60.0,-4.0,5192.509650873193,rowcol,0.5076246345794029,0.05186123590650076,0.5775103072185372,0.6108716456402313,0.82142347676518,0.40744855190678764,0.5208851419794399,0.7398479651523732,2.143402567295843
False,5.0,3.75,5192.509650873193,rowcol,0.6227045989333443,0.06441785282741781,0.5472245282385018,0.7022865853738888,0.8285915014867834,0.7120687729868053,0.47842757454350826,0.6939531300159442,2.143960170089394
False,-55.0,-3.75,5192.509650873193,rowcol,0.6227045989333067,0.06441785282742328,0.5472245282385786,0.7022865853740307,0.828591501486949,0.7120687729870326,0.47842757454355994,0.6939531300160123,2.143960170089766
False,65.0,-3.75,5192.509650873193,rowcol,0.6227045989333067,0.06441785282742328,0.5472245282385786,0.7022865853740308,0.8285915014869492,0.7120687729870327,0.47842757454355994,0.6939531300160123,2.1439601700897666
True,25.0,3.75,5192.509650873193,rowcol,0.7981322146436981,0.07826691363647899,0.5691414936026511,0.6439387974426314,0.4316663533267536,0.6454981665211127,0.5907631218425176,0.6426244552079917,2.1513632782505847
True,-85.0,3.75,5192.509650873193,rowcol,0.7981322141362652,0.07826691881106043,0.5691102802734784,0.6455044305288409,0.4316664769155707,0.6449984654810421,0.5907275530588049,0.6459296350115891,2.152835271349276
True,35.0,3.75,5192.509650873193,rowcol,0.7981322141362652,0.07826691881106043,0.5691102802734785,0.6455044305288409,0.43166647691557053,0.644998465481042,0.5907275530588049,0.6459296350115891,2.1528352713492764
True,0.0,-4.0,5192.509650873193,rowcol,0.5076246395249738,0.05186118749857444,0.5775561682122627,0.6242591394959794,0.8214234803815216,0.4074212388780021,0.520945254612632,0.7601546246578755,2.156927644132768
False,-65.0,3.75,5192.509650873193,rowcol,0.6227046032496684,0.06441781110302533,0.5476879692990799,0.7143287373429469,0.830226272318455,0.7160595061705518,0.4785379439735638,0.7128699259759051,2.1573926452401864
False,55.0,3.75,5192.509650873193,rowcol,0.6227046032496684,0.06441781110302533,0.5476879692990798,0.7143287373429469,0.830226272318455,0.7160595061705518,0.4785379439735638,0.7128699259759051,2.1573926452401864
False,-5.0,-3.75,5192.509650873193,rowcol,0.6227046032496307,0.06441781110303078,0.5476879692991569,0.7143287373430887,0.8302262723186209,0.7160595061707783,0.47853794397361554,0.7128699259759751,2.1573926452405594
False,20.0,3.75,5192.509650873193,rowcol,0.7678431284640015,0.07777254987093281,0.5460282594627035,0.7218027852581526,0.5013614890968091,0.811568447830045,0.5537819936017874,0.636586232294472,2.1598875636462633
False,80.0,-3.75,5192.509650873193,rowcol,0.7678431284640628,0.07777254987093182,0.5460282594628935,0.7218027852581393,0.5013614890970993,0.8115684478299388,0.553781993601961,0.6365862322945584,2.1598875636468198
False,-40.0,-3.75,5192.509650873193,rowcol,0.7678431284640628,0.07777254987093182,0.5460282594628936,0.7218027852581393,0.5013614890970992,0.8115684478299388,0.553781993601961,0.6365862322945584,2.15988756364682
True,5.0,4.5,5192.509650873193,rowcol,0.6906557377151188,0.06740970792094386,0.5663910710822831,0.664117273572745,0.5514616723797459,0.3852790109624514,0.5690701801509589,0.828936206643648,2.1632904868195943
False,-80.0,3.75,5192.509650873193,rowcol,0.7678431281327543,0.07777255314131505,0.5461829587490314,0.7260524187228928,0.5026345615739658,0.8130069004386319,0.5537520005269246,0.643897572266907,2.1646012949699873
False,40.0,3.75,5192.509650873193,rowcol,0.7678431281327543,0.07777255314131505,0.5461829587490314,0.7260524187228926,0.5026345615739658,0.8130069004386319,0.5537520005269246,0.643897572266907,2.1646012949699873
False,-20.0,-3.75,5192.509650873193,rowcol,0.7678431281328153,0.07777255314131407,0.5461829587492217,0.7260524187228833,0.5026345615742567,0.8130069004385267,0.5537520005270983,0.6438975722669992,2.1646012949705487
True,-40.0,-3.75,5192.509650873193,rowcol,0.7177555386823083,0.06760967652564852,0.6046039926028401,0.5509385652815714,0.7809611141658247,0.43257444015752133,0.5665734031304701,0.6335890814856352,2.1647505430900917
True,80.0,-3.75,5192.509650873193,rowcol,0.7177555386823083,0.06760967652564852,0.60460399260284,0.5509385652815715,0.7809611141658247,0.43257444015752133,0.5665734031304701,0.6335890814856352,2.1647505430900917
True,-20.0,-3.75,5192.509650873193,rowcol,0.7177555383279454,0.06760968028762426,0.6045623927224184,0.5551473330207439,0.7809612205984852,0.4314130082329623,0.566520891781874,0.6409752787475124,2.168834511187999
True,0.0,4.5,5192.509650873193,rowcol,0.61763326160117,0.06270462582745633,0.5693533868021614,0.6621675752775761,0.5514632076189147,0.3715669430610361,0.5725541540973544,0.8313257042606211,2.17022773568406
False,-90.0,3.5,5192.509650873193,rowcol,0.7851455867673218,0.0814637066392209,0.5418273817060538,0.7461354630210171,0.42625558476427405,0.8830621596741035,0.5603309821934472,0.6075439461508069,2.1716176081391785
False,30.0,3.5,5192.509650873193,rowcol,0.7851455867673218,0.0814637066392209,0.5418273817060538,0.7461354630210171,0.42625558476427405,0.8830621596741036,0.5603309821934472,0.6075439461508069,2.1716176081391785
False,-30.0,-3.5,5192.509650873193,rowcol,0.7851455867673988,0.0814637066392148,0.5418273817062189,0.7461354630208494,0.4262555847639944,0.8830621596736896,0.5603309821936748,0.6075439461509341,2.171617608139506
False,90.0,-3.5,5192.509650873193,rowcol,0.7851455867673988,0.0814637066392148,0.541827381706219,0.7461354630208495,0.42625558476399444,0.8830621596736894,0.5603309821936748,0.607543946150934,2.1716176081395067
False,-80.0,-3.5,5192.509650873193,rowcol,0.24386967689506828,0.0312847458072479,0.594856035215744,0.5874415678279793,0.6907486948437828,0.5722247838685935,0.5756582150304164,0.5999400188697517,2.1720096734752117
False,40.0,-3.5,5192.509650873193,rowcol,0.24386967689506825,0.031284745807247896,0.594856035215744,0.5874415678279793,0.6907486948437828,0.5722247838685935,0.5756582150304164,0.5999400188697517,2.1720096734752117
False,-20.0,3.5,5192.509650873193,rowcol,0.24386967689508246,0.03128474580725372,0.5948560352158859,0.5874415678280236,0.690748694843894,0.5722247838685615,0.5756582150305652,0.5999400188698575,2.1720096734756815
True,55.0,-4.0,5192.509650873193,rowcol,0.41778249011128427,0.046454763577209485,0.5859572505860839,0.6142080164039986,0.821430333155994,0.44356417671016357,0.5319195526631195,0.7273596312832555,2.1720797681622503
True,-65.0,-4.0,5192.509650873193,rowcol,0.4177824901112843,0.04645476357720949,0.585957250586084,0.6142080164039986,0.8214303331559942,0.4435641767101637,0.5319195526631195,0.7273596312832555,2.172079768162251
False,-85.0,-3.25,5192.509650873193,rowcol,0.21609258830018088,0.023488459128498274,0.5970534328307144,0.5820412764658067,0.7067858906544513,0.5880368874232501,0.5747987114248512,0.5769508001093253,2.1732015749579503
False,35.0,-3.25,5192.509650873193,rowcol,0.21609258830018085,0.02348845912849827,0.5970534328307144,0.5820412764658068,0.7067858906544513,0.5880368874232502,0.5747987114248512,0.5769508001093254,2.1732015749579503
False,-25.0,3.25,5192.509650873193,rowcol,0.21609258830012504,0.023488459128501758,0.5970534328308286,0.5820412764657908,0.7067858906542889,0.5880368874230499,0.5747987114250278,0.5769508001094673,2.1732015749582763
False,25.0,-3.25,5192.509650873193,rowcol,0.2160925878646204,0.023488463135631243,0.5971074783288107,0.5841712691031402,0.7071807471057138,0.588950117456847,0.574776559254855,0.5801218339454666,2.1754937040895723
False,-35.0,3.25,5192.509650873193,rowcol,0.21609258786456456,0.02348846313563473,0.597107478328925,0.5841712691031264,0.707180747105552,0.5889501174566475,0.5747765592550316,0.5801218339456115,2.1754937040899014
False,85.0,3.25,5192.509650873193,rowcol,0.21609258786456456,0.02348846313563473,0.597107478328925,0.5841712691031264,0.7071807471055519,0.5889501174566475,0.5747765592550316,0.5801218339456113,2.1754937040899014
True,55.0,4.5,5192.509650873193,rowcol,0.6906557426087543,0.06740965778248545,0.5664281592853521,0.6770364500450562,0.551461708919123,0.3849806732789725,0.5691138156097014,0.8480722749834496,2.1763209279011124
True,-65.0,4.5,5192.509650873193,rowcol,0.6906557426087543,0.06740965778248545,0.5664281592853522,0.6770364500450562,0.5514617089191233,0.38498067327897256,0.5691138156097015,0.8480722749834497,2.176320927901113
False,20.0,-3.5,5192.509650873193,rowcol,0.24386967668247944,0.031284747464412156,0.5949885747349357,0.5924395264088075,0.691611674654489,0.5744218580207064,0.5756312868677145,0.6071784398463389,2.1774052506136146
False,-40.0,3.5,5192.509650873193,rowcol,0.24386967668249365,0.03128474746441798,0.5949885747350779,0.592439526408856,0.6916116746546009,0.5744218580206765,0.5756312868678636,0.6071784398464501,2.1774052506140897
False,80.0,3.5,5192.509650873193,rowcol,0.24386967668249368,0.03128474746441798,0.5949885747350779,0.592439526408856,0.6916116746546009,0.5744218580206765,0.5756312868678636,0.6071784398464501,2.1774052506140897
False,-70.0,-3.75,5192.509650873193,rowcol,0.3959071157764529,0.05088489471442849,0.5627979208437267,0.6921806159242124,0.7688111788145514,0.7286490700575516,0.516466026880149,0.6599528358173109,2.1805743784553924
False,50.0,-3.75,5192.509650873193,rowcol,0.3959071157764528,0.05088489471442848,0.5627979208437267,0.6921806159242124,0.7688111788145514,0.7286490700575516,0.516466026880149,0.6599528358173109,2.1805743784553924
False,-10.0,3.75,5192.509650873193,rowcol,0.3959071157765595,0.05088489471443045,0.5627979208438789,0.6921806159242412,0.7688111788149826,0.7286490700575511,0.5164660268802279,0.6599528358173666,2.180574378455878
True,15.0,4.25,5192.509650873193,rowcol,0.7837914365458977,0.07515100266359223,0.574508757218277,0.6601421307049361,0.5115235257105846,0.5581931490204315,0.5852596857947325,0.7350138031646448,2.183668402359767
True,-60.0,4.5,5192.509650873193,rowcol,0.6176332661739571,0.06270458078601947,0.5694057192560694,0.6760681302728838,0.5514632136789136,0.37153324823414474,0.572615678215918,0.8516865465910257,2.1842852880410923
True,60.0,4.5,5192.509650873193,rowcol,0.6176332661739571,0.06270458078601947,0.5694057192560694,0.6760681302728838,0.5514632136789137,0.37153324823414485,0.572615678215918,0.8516865465910257,2.1842852880410923
True,5.0,-4.0,5192.509650873193,rowcol,0.41778249357768993,0.04645473240270828,0.5859891070342963,0.6266212611589123,0.8214303549608503,0.44333386338641223,0.5319610354377631,0.7467128354719579,2.184588582261801
True,-85.0,-3.25,5192.509650873193,rowcol,0.2096701362748903,0.025658485792950776,0.5981929392795486,0.5908286812138845,0.7012430560825424,0.6065647985978231,0.5774308616560619,0.5772627942728187,2.1854074990525305
True,35.0,-3.25,5192.509650873193,rowcol,0.20967013627489034,0.025658485792950776,0.5981929392795486,0.5908286812138845,0.7012430560825424,0.606564798597823,0.5774308616560619,0.5772627942728187,2.1854074990525305
True,25.0,-3.25,5192.509650873193,rowcol,0.2096701358259881,0.02565848946118674,0.5981672032942702,0.5923073013841275,0.7012431220167721,0.6061039300785755,0.5773993257360844,0.5804506780641581,2.1868089112669384
True,-5.0,4.5,5192.509650873193,rowcol,0.5367110177043524,0.057313698910701656,0.5793818520650359,0.6501404289367168,0.5514648640195744,0.3650499204302245,0.5843268239722583,0.8161389039540928,2.1882859851318246
True,-75.0,4.25,5192.509650873193,rowcol,0.783791437591113,0.07515099176246036,0.574473527765233,0.6670100958443133,0.5115237007930401,0.5572268847206296,0.585218771803734,0.7469484703163354,2.1904306791400123
True,45.0,4.25,5192.509650873193,rowcol,0.783791437591113,0.07515099176246036,0.574473527765233,0.6670100958443133,0.5115237007930401,0.5572268847206296,0.585218771803734,0.7469484703163354,2.1904306791400123
True,20.0,4.0,5192.509650873193,rowcol,0.7990031209357538,0.07748037840299057,0.5779562242184197,0.6573130921981986,0.47159187304835176,0.6308134701719473,0.595299910380082,0.6787986195098865,2.191181764853458
False,10.0,-3.75,5192.509650873193,rowcol,0.39590711722075445,0.050884883477118566,0.563163344302787,0.7022299512772026,0.7703529552308337,0.7318926911633412,0.5165182018321565,0.6762774618670078,2.1917199841855637
False,-50.0,3.75,5192.509650873193,rowcol,0.395907117220861,0.05088488347712053,0.5631633443029394,0.7022299512772352,0.7703529552312649,0.731892691163343,0.5165182018322355,0.6762774618670686,2.1917199841860535
False,70.0,3.75,5192.509650873193,rowcol,0.3959071172208611,0.05088488347712053,0.5631633443029394,0.7022299512772352,0.7703529552312649,0.7318926911633431,0.5165182018322355,0.6762774618670687,2.1917199841860535
True,-90.0,3.75,5192.509650873193,rowcol,0.8044494904580748,0.07919877431442358,0.5803476835762286,0.6527447933359993,0.431706309566779,0.6570595083269953,0.6035098799800892,0.6490939608818297,2.193787844064685
True,30.0,3.75,5192.509650873193,rowcol,0.8044494904580748,0.07919877431442358,0.5803476835762286,0.6527447933359993,0.43170630956677913,0.6570595083269954,0.6035098799800892,0.6490939608818297,2.193787844064685
False,0.0,3.75,5192.509650873193,rowcol,0.5574599725746211,0.06126872356279978,0.5559056863488427,0.7261694075938767,0.848355024523765,0.7605837176143994,0.4839151033144972,0.6959111226294932,2.193886466640405
False,-60.0,-3.75,5192.509650873193,rowcol,0.5574599725745467,0.061268723562803995,0.5559056863488308,0.7261694075939888,0.8483550245236996,0.7605837176146062,0.4839151033145018,0.6959111226295183,2.193886466640481
False,60.0,-3.75,5192.509650873193,rowcol,0.5574599725745467,0.06126872356280399,0.5559056863488308,0.7261694075939888,0.8483550245236996,0.7605837176146063,0.4839151033145018,0.6959111226295182,2.193886466640481
True,-80.0,4.0,5192.509650873193,rowcol,0.799003120587051,0.07748038199892686,0.5779098047860876,0.6610795084382444,0.47159206105217544,0.6299645022050022,0.5952466011960272,0.6861555021142824,2.194808922796507
True,40.0,4.0,5192.509650873193,rowcol,0.799003120587051,0.07748038199892686,0.5779098047860874,0.6610795084382443,0.4715920610521753,0.6299645022050022,0.5952466011960273,0.6861555021142823,2.194808922796507
False,-65.0,-3.75,5192.509650873193,rowcol,0.48132726755693406,0.05721388611660241,0.5573545186565294,0.7264054828570737,0.8230673664936723,0.7749752794895357,0.4937458975598459,0.6828898100312725,2.198469038826662
False,55.0,-3.75,5192.509650873193,rowcol,0.48132726755693395,0.0572138861166024,0.5573545186565294,0.7264054828570737,0.8230673664936723,0.7749752794895357,0.4937458975598459,0.6828898100312724,2.198469038826662
False,-5.0,3.75,5192.509650873193,rowcol,0.4813272675570346,0.057213886116600825,0.5573545186566256,0.726405482857025,0.8230673664939555,0.7749752794894091,0.49374589755988807,0.6828898100312977,2.198469038826902
True,-55.0,4.5,5192.509650873193,rowcol,0.5367110205480674,0.05731367228087955,0.5794180964701582,0.6633330386555386,0.5514649005587402,0.3647350365899053,0.5843693058232635,0.8355698036639613,2.2015873280660134
True,65.0,4.5,5192.509650873193,rowcol,0.5367110205480674,0.05731367228087955,0.5794180964701582,0.6633330386555386,0.5514649005587402,0.36473503658990525,0.5843693058232635,0.8355698036639613,2.2015873280660134
True,-45.0,-4.0,5192.509650873193,rowcol,0.6988092133183937,0.06518398811491091,0.6080539578821057,0.5784626090941974,0.8212627088469764,0.4103089412617724,0.5605189614954791,0.6888008291944582,2.2026244827405144
True,75.0,-4.0,5192.509650873193,rowcol,0.6988092133183937,0.06518398811491091,0.6080539578821057,0.5784626090941974,0.8212627088469762,0.4103089412617724,0.5605189614954791,0.6888008291944582,2.2026244827405144
True,10.0,4.5,5192.509650873193,rowcol,0.7522218785300092,0.07202994183012575,0.577581350091933,0.670204093749852,0.5515065173480947,0.4567865967248985,0.5822084172021934,0.8071232421152329,2.202948144025651
False,-75.0,-3.75,5192.509650873193,rowcol,0.30804740441206385,0.04175298890489152,0.5877240174963556,0.6419339534200806,0.7203203153092669,0.64434793939802,0.5601828070862066,0.6398967668905177,2.2051060059091476
False,45.0,-3.75,5192.509650873193,rowcol,0.3080474044120638,0.04175298890489152,0.5877240174963556,0.6419339534200804,0.7203203153092669,0.6443479393980198,0.5601828070862066,0.6398967668905176,2.2051060059091476
False,-15.0,3.75,5192.509650873193,rowcol,0.30804740441214706,0.0417529889048969,0.5877240174965227,0.6419339534201524,0.7203203153096635,0.6443479393980875,0.5601828070863211,0.6398967668905933,2.2051060059097205
False,-60.0,3.75,5192.509650873193,rowcol,0.5574599767966065,0.06126868514860639,0.5563944942530686,0.7385411234007617,0.8500225442913306,0.7644372572941955,0.48404587185624587,0.7160381007350394,2.207724606159968
False,60.0,3.75,5192.509650873193,rowcol,0.5574599767966065,0.06126868514860639,0.5563944942530686,0.7385411234007617,0.8500225442913306,0.7644372572941956,0.4840458718562458,0.7160381007350395,2.207724606159968
False,0.0,-3.75,5192.509650873193,rowcol,0.557459976796532,0.06126868514861059,0.5563944942530568,0.7385411234008712,0.8500225442912656,0.7644372572944002,0.4840458718562505,0.7160381007350638,2.2077246061600415
True,-15.0,-4.0,5192.509650873193,rowcol,0.698809214393837,0.06518397658554834,0.6080226299973197,0.5858307560991702,0.8212628114823923,0.40907094270560335,0.5604787543437822,0.7007802387028818,2.2098986460911294
False,5.0,-3.75,5192.509650873193,rowcol,0.4813272704667992,0.057213861636570565,0.5578095347020487,0.7379692842844731,0.8247130875028627,0.7784659284392433,0.4938528317477314,0.7021061513185077,2.2113978883906196
False,65.0,3.75,5192.509650873193,rowcol,0.4813272704668998,0.05721386163656898,0.557809534702145,0.7379692842844281,0.824713087503146,0.7784659284391197,0.4938528317477737,0.7021061513185358,2.211397888390863
False,-55.0,3.75,5192.509650873193,rowcol,0.48132727046689977,0.05721386163656898,0.5578095347021451,0.7379692842844281,0.824713087503146,0.7784659284391197,0.4938528317477737,0.7021061513185358,2.2113978883908634
True,-70.0,4.5,5192.509650873193,rowcol,0.7522218818973645,0.07202990666420754,0.5775809737289598,0.6805423457816243,0.5515066252643007,0.45600912227748647,0.5822079571390781,0.8232575491799918,2.2132852669685037
True,50.0,4.5,5192.509650873193,rowcol,0.7522218818973646,0.07202990666420754,0.5775809737289598,0.6805423457816243,0.5515066252643007,0.4560091222774866,0.5822079571390782,0.8232575491799918,2.2132852669685037
False,15.0,-3.75,5192.509650873193,rowcol,0.3080474048584806,0.041752985611293564,0.5879685127881572,0.6498444834655152,0.7216189745509911,0.6473739974557068,0.5601814814017619,0.6519148888349672,2.213750021829987
False,-45.0,3.75,5192.509650873193,rowcol,0.3080474048585639,0.04175298561129895,0.5879685127883246,0.6498444834655919,0.7216189745513882,0.6473739974557776,0.5601814814018764,0.6519148888350491,2.213750021830566
False,75.0,3.75,5192.509650873193,rowcol,0.3080474048585639,0.04175298561129895,0.5879685127883246,0.6498444834655919,0.7216189745513882,0.6473739974557776,0.5601814814018764,0.6519148888350491,2.213750021830566
False,15.0,4.0,5192.509650873193,rowcol,0.7443872414375395,0.07430025770639312,0.5662768233180142,0.7196841367539875,0.6597761972911809,0.7525464480304113,0.5475161122567922,0.6908382069036912,2.2185146067080304
False,-45.0,-4.0,5192.509650873193,rowcol,0.7443872414375787,0.07430025770639621,0.5662768233182116,0.7196841367540877,0.6597761972916736,0.7525464480305338,0.5475161122569255,0.6908382069037711,2.2185146067087222
False,75.0,-4.0,5192.509650873193,rowcol,0.7443872414375787,0.07430025770639621,0.5662768233182116,0.7196841367540877,0.6597761972916738,0.7525464480305336,0.5475161122569255,0.6908382069037711,2.2185146067087222
True,-25.0,3.75,5192.509650873193,rowcol,0.3466071081889701,0.03357426798885101,0.6226653075908163,0.5516907058578865,0.4309955116097169,0.3895817933829193,0.6515551867121441,0.6577903134459361,2.2196866286303356
True,-35.0,3.75,5192.509650873193,rowcol,0.34660710793672367,0.033574270592940186,0.6226367794190094,0.5535170872329532,0.430995635390899,0.38875327809065846,0.6515229389856936,0.6610192987363364,2.2214274254899813
True,85.0,3.75,5192.509650873193,rowcol,0.34660710793672367,0.033574270592940186,0.6226367794190094,0.5535170872329532,0.43099563539089897,0.38875327809065846,0.6515229389856936,0.6610192987363364,2.2214274254899813
True,-90.0,-3.25,5192.509650873193,rowcol,0.20347866322370697,0.023953063415870883,0.608667010645558,0.5988545229939407,0.701280631255091,0.6116492065388489,0.5902217105771675,0.5878788005638759,2.2248555549306146
True,30.0,-3.25,5192.509650873193,rowcol,0.20347866322370697,0.023953063415870883,0.608667010645558,0.5988545229939407,0.7012806312550911,0.6116492065388489,0.5902217105771675,0.587878800563876,2.2248555549306146
False,10.0,4.0,5192.509650873193,rowcol,0.6936232717617125,0.06962571796635722,0.5693714071546061,0.7182359128336151,0.7963816041408316,0.7182357083873264,0.5173684883120432,0.7182360847707515,2.2263501342974337
False,-50.0,-4.0,5192.509650873193,rowcol,0.6936232717617158,0.06962571796636287,0.5693714071547644,0.7182359128337658,0.7963816041412287,0.7182357083875552,0.5173684883121377,0.7182360847708367,2.226350134298059
False,70.0,-4.0,5192.509650873193,rowcol,0.6936232717617158,0.06962571796636288,0.5693714071547644,0.7182359128337659,0.7963816041412288,0.7182357083875551,0.5173684883121377,0.7182360847708367,2.226350134298059
False,-75.0,4.0,5192.509650873193,rowcol,0.7443872424471346,0.0743002475916258,0.5665474913660217,0.7270572924974249,0.661288180358946,0.7549748038318911,0.5475146704871597,0.7027208992643419,2.22669976659549
False,45.0,4.0,5192.509650873193,rowcol,0.7443872424471347,0.07430024759162582,0.5665474913660217,0.7270572924974249,0.661288180358946,0.7549748038318911,0.5475146704871597,0.7027208992643419,2.22669976659549
False,-15.0,-4.0,5192.509650873193,rowcol,0.7443872424471739,0.07430024759162891,0.5665474913662194,0.7270572924975289,0.6612881803594389,0.7549748038320149,0.5475146704872932,0.7027208992644282,2.2266997665961874
True,-75.0,-3.75,5192.509650873193,rowcol,0.25067448728786257,0.03396826583400613,0.6061708033285047,0.6110154025131637,0.7813922628537143,0.5725249715492321,0.5684412762800043,0.6416004060680225,2.229527812498678
True,45.0,-3.75,5192.509650873193,rowcol,0.25067448728786257,0.03396826583400613,0.6061708033285047,0.6110154025131637,0.7813922628537143,0.5725249715492321,0.5684412762800043,0.6416004060680225,2.229527812498678
True,-80.0,-3.5,5192.509650873193,rowcol,0.21376815810435287,0.02877879158333549,0.608791777084625,0.6059481812191546,0.7413294773933489,0.6117986727801067,0.5813863845521681,0.6009838915195512,2.2323235124730294
True,40.0,-3.5,5192.509650873193,rowcol,0.21376815810435287,0.02877879158333549,0.608791777084625,0.6059481812191546,0.7413294773933489,0.6117986727801067,0.5813863845521681,0.6009838915195512,2.2323235124730294
True,20.0,-3.5,5192.509650873193,rowcol,0.2137681578618286,0.028778793384799682,0.6087532188855811,0.6095227248548291,0.7413295820410841,0.6110327740125889,0.581338624385769,0.6082498872814093,2.235782381511572
True,15.0,-3.75,5192.509650873193,rowcol,0.25067448783645263,0.033968261785593354,0.6061413386507187,0.6175619891734501,0.7813923639840664,0.57169384409728,0.5684041030113963,0.6536496861315665,2.235986005125606
False,-70.0,4.0,5192.509650873193,rowcol,0.6936232748643502,0.06962568705734377,0.5697566971518249,0.7285935280327808,0.7979692409532003,0.7218054678592889,0.5174240578512439,0.7342536369959589,2.2378636194882553
False,50.0,4.0,5192.509650873193,rowcol,0.6936232748643503,0.06962568705734377,0.5697566971518249,0.7285935280327807,0.7979692409532002,0.7218054678592889,0.5174240578512439,0.7342536369959589,2.2378636194882553
False,-10.0,-4.0,5192.509650873193,rowcol,0.6936232748643536,0.06962568705734942,0.5697566971519833,0.7285935280329336,0.7979692409535977,0.7218054678595186,0.5174240578513385,0.7342536369960486,2.2378636194888837
True,-70.0,-4.0,5192.509650873193,rowcol,0.3236012774685178,0.04022026272712068,0.6058406654149044,0.6216460816501419,0.8214796561825642,0.506485501328015,0.557620042323083,0.7040611368559319,2.2391680778948553
True,50.0,-4.0,5192.509650873193,rowcol,0.32360127746851775,0.040220262727120676,0.6058406654149046,0.6216460816501419,0.8214796561825642,0.506485501328015,0.557620042323083,0.7040611368559319,2.2391680778948557
True,-15.0,4.25,5192.509650873193,rowcol,0.3951509317527707,0.04400699445600418,0.6129581465402852,0.600776785086438,0.511245418152158,0.41264817735699183,0.6297304895076361,0.7219909613603407,2.239651224707294
True,-10.0,4.5,5192.509650873193,rowcol,0.4583750828447001,0.0510467833762346,0.6038614702654278,0.6351679568811263,0.5514211015686407,0.37909101943907114,0.6129369817106707,0.7885855269263482,2.2467523676774097
True,-45.0,4.25,5192.509650873193,rowcol,0.39515093204226037,0.044006991856596386,0.6129251226595963,0.6083158445946557,0.511245593329855,0.41134016059480516,0.6296924599197636,0.7341381025943416,2.247091212573445
True,75.0,4.25,5192.509650873193,rowcol,0.39515093204226037,0.044006991856596386,0.6129251226595963,0.6083158445946557,0.5112455933298548,0.41134016059480505,0.6296924599197636,0.7341381025943418,2.247091212573445
True,-35.0,-3.75,5192.509650873193,rowcol,0.7383583790356495,0.07008385245243558,0.6315272811744591,0.5542002774484555,0.7808522136806008,0.43385328206839174,0.600319504063596,0.6380747611347283,2.248782120971833
True,85.0,-3.75,5192.509650873193,rowcol,0.7383583790356495,0.07008385245243558,0.6315272811744591,0.5542002774484555,0.7808522136806008,0.43385328206839174,0.600319504063596,0.6380747611347283,2.248782120971833
True,10.0,-4.0,5192.509650873193,rowcol,0.32360127919961007,0.04022024879922075,0.6058403357698621,0.6315520715341313,0.8214797205828815,0.5058623731061823,0.5576196015948536,0.7204768926793346,2.2490730788437174
True,-25.0,-3.75,5192.509650873193,rowcol,0.7383583784871374,0.07008385823120632,0.6314991514169318,0.5560186530184477,0.7808522820022862,0.43310946405302303,0.6002845015264742,0.6414033861400968,2.250516107269243
True,-20.0,4.0,5192.509650873193,rowcol,0.3602631969465541,0.03781635836813037,0.625695941243545,0.576637255026007,0.4710840695660732,0.42193455289306864,0.6499271889877389,0.6800206313584983,2.2537250787566423
True,-55.0,-4.25,5192.509650873193,rowcol,0.5952936224424078,0.05737941648983568,0.607752794370986,0.6313202224403294,0.861607472492336,0.38318930990119326,0.5489743147581438,0.7811968372670793,2.254578605553287
True,65.0,-4.25,5192.509650873193,rowcol,0.5952936224424078,0.05737941648983568,0.607752794370986,0.6313202224403294,0.861607472492336,0.3831893099011932,0.5489743147581438,0.7811968372670793,2.254578605553287
True,-50.0,4.5,5192.509650873193,rowcol,0.4583750839753848,0.05104677322323866,0.603861097488515,0.646068390940019,0.5514212095015628,0.3781538386320082,0.6129365298107583,0.8050933372120678,2.257651683405564
True,70.0,4.5,5192.509650873193,rowcol,0.4583750839753848,0.05104677322323866,0.603861097488515,0.646068390940019,0.5514212095015628,0.3781538386320082,0.6129365298107583,0.8050933372120678,2.257651683405564
False,-90.0,-3.25,5192.509650873193,rowcol,0.20188253071691148,0.01983826272697087,0.6140194594015955,0.6158027700714958,0.7368987153462405,0.6475057074118566,0.5888647329458853,0.5878187871093221,2.257861148276282
False,30.0,-3.25,5192.509650873193,rowcol,0.20188253071691148,0.01983826272697087,0.6140194594015955,0.6158027700714958,0.7368987153462405,0.6475057074118566,0.5888647329458853,0.5878187871093221,2.257861148276282
False,-30.0,3.25,5192.509650873193,rowcol,0.20188253071682605,0.01983826272697313,0.6140194594017031,0.615802770071403,0.7368987153459755,0.647505707411488,0.5888647329460784,0.587818787109485,2.2578611482765125
False,90.0,3.25,5192.509650873193,rowcol,0.20188253071682608,0.019838262726973133,0.6140194594017031,0.615802770071403,0.7368987153459755,0.647505707411488,0.5888647329460783,0.587818787109485,2.2578611482765125
True,80.0,4.0,5192.509650873193,rowcol,0.3602631968226837,0.03781635954820061,0.6256530652351753,0.5809267979951329,0.4710842577725548,0.4206642447523867,0.6498783624986485,0.6873641743132093,2.2578859937006586
True,-40.0,4.0,5192.509650873193,rowcol,0.3602631968226837,0.03781635954820061,0.6256530652351754,0.5809267979951329,0.4710842577725548,0.42066424475238673,0.6498783624986485,0.6873641743132093,2.257885993700659
True,-30.0,3.75,5192.509650873193,rowcol,0.3430640362464192,0.0317632131317378,0.6358030684603528,0.5538702763485847,0.43095652137226476,0.37190449656680186,0.666391356488847,0.6696602190993004,2.261279481729643
True,90.0,3.75,5192.509650873193,rowcol,0.3430640362464192,0.0317632131317378,0.6358030684603528,0.5538702763485847,0.43095652137226476,0.37190449656680186,0.666391356488847,0.6696602190993004,2.261279481729643
True,-50.0,-4.25,5192.509650873193,rowcol,0.6618030570271707,0.06192300438393373,0.6167232650855057,0.6153326892433876,0.8615559955974501,0.37795063612349494,0.5606917739115842,0.7595585844841685,2.2655024844999048
True,70.0,-4.25,5192.509650873193,rowcol,0.6618030570271707,0.06192300438393373,0.6167232650855057,0.6153326892433878,0.8615559955974501,0.37795063612349494,0.5606917739115842,0.7595585844841686,2.2655024844999048
True,-5.0,-4.25,5192.509650873193,rowcol,0.5952936277228649,0.05737936170670664,0.6077854381264884,0.6441500417971305,0.8616074945796774,0.3829060149173609,0.5490170341868778,0.8003605869768778,2.267506356176596
True,-60.0,-4.25,5192.509650873193,rowcol,0.5140040805392105,0.05252694112779869,0.6105268488920743,0.6440318608869676,0.8616143819716027,0.4192221810297773,0.5525995171113915,0.7847283542242862,2.275612407563191
True,60.0,-4.25,5192.509650873193,rowcol,0.5140040805392105,0.05252694112779869,0.6105268488920744,0.6440318608869676,0.8616143819716028,0.4192221810297774,0.5525995171113915,0.7847283542242862,2.275612407563191
True,-10.0,-4.25,5192.509650873193,rowcol,0.6618030605620907,0.06192296660440899,0.6167229318627674,0.6259576039194826,0.8615560608398982,0.37706290510616775,0.5606913223060038,0.7757402890328458,2.2761263995077847
True,-30.0,-3.75,5192.509650873193,rowcol,0.7451796942389484,0.07095259558767984,0.6416319697717601,0.555419351324749,0.7808093081304305,0.42549726399798304,0.6128666989172522,0.6447237057919474,2.2803152606400294
True,90.0,-3.75,5192.509650873193,rowcol,0.7451796942389484,0.07095259558767984,0.6416319697717601,0.5554193513247488,0.7808093081304305,0.42549726399798304,0.6128666989172522,0.6447237057919473,2.2803152606400294
False,25.0,3.75,5192.509650873193,rowcol,0.7963777321630607,0.08203857550597274,0.5716246303268219,0.7689321113407788,0.46435803717565577,0.8968345321733879,0.5890761202462067,0.6419338606036403,2.2838060023212443
False,-35.0,-3.75,5192.509650873193,rowcol,0.7963777321631377,0.08203857550596802,0.5716246303270024,0.7689321113406623,0.4643580371755489,0.8968345321730675,0.589076120246429,0.6419338606037598,2.2838060023216693
False,85.0,-3.75,5192.509650873193,rowcol,0.7963777321631377,0.08203857550596802,0.5716246303270023,0.7689321113406623,0.46435803717554885,0.8968345321730675,0.589076120246429,0.6419338606037598,2.2838060023216693
False,-85.0,3.75,5192.509650873193,rowcol,0.7963777316545099,0.0820385804426567,0.571689761867982,0.770751923967238,0.4650511745783389,0.8974470590796408,0.5890511772227764,0.6452233187268777,2.2858212095711843
False,35.0,3.75,5192.509650873193,rowcol,0.7963777316545099,0.0820385804426567,0.571689761867982,0.770751923967238,0.46505117457833883,0.8974470590796408,0.5890511772227764,0.6452233187268777,2.2858212095711843
False,-25.0,-3.75,5192.509650873193,rowcol,0.7963777316545869,0.08203858044265198,0.5716897618681627,0.770751923967124,0.46505117457823325,0.8974470590793215,0.5890511772229987,0.6452233187270003,2.285821209571612
True,0.0,-4.25,5192.509650873193,rowcol,0.5140040857286625,0.0525268903462225,0.6105729411753293,0.6575300755455245,0.8616143856347346,0.41919397594691526,0.5526597214183895,0.8050853273956408,2.2892488990715125
False,5.0,4.0,5192.509650873193,rowcol,0.6353139174963164,0.06601601127650583,0.5830436634087086,0.7421691328957969,0.881092957566234,0.7469110896891394,0.510290374448731,0.7381576155555147,2.291300123121923
False,-55.0,-4.0,5192.509650873193,rowcol,0.6353139174962784,0.06601601127651174,0.5830436634087913,0.7421691328959485,0.881092957566415,0.746911089689385,0.510290374448786,0.7381576155555863,2.2913001231223227
False,65.0,-4.0,5192.509650873193,rowcol,0.6353139174962784,0.06601601127651174,0.5830436634087913,0.7421691328959485,0.881092957566415,0.746911089689385,0.5102903744487859,0.7381576155555863,2.2913001231223227
True,5.0,4.75,5192.509650873193,rowcol,0.7043962174316125,0.06871017575008503,0.5996040105722906,0.6977777798597324,0.5915670517366483,0.3981134753924154,0.601057397085655,0.873541271412395,2.296589811576604
True,0.0,4.75,5192.509650873193,rowcol,0.6287049566967567,0.06383131885069825,0.6023604114422276,0.6956873133511828,0.591568273434902,0.38229644427237974,0.6043068206779024,0.8764088909982601,2.302768547677866
False,-65.0,4.0,5192.509650873193,rowcol,0.635313922081055,0.06601596715464556,0.5835076432190677,0.7543753580903418,0.8827328999072145,0.7510728675562088,0.5104007520809243,0.7571415669214943,2.304898287747545
False,55.0,4.0,5192.509650873193,rowcol,0.635313922081055,0.06601596715464556,0.5835076432190677,0.7543753580903418,0.8827328999072145,0.7510728675562088,0.5104007520809243,0.7571415669214943,2.304898287747545
False,-5.0,-4.0,5192.509650873193,rowcol,0.635313922081017,0.06601596715465147,0.5835076432191506,0.7543753580904933,0.882732899907396,0.7510728675564534,0.5104007520809792,0.7571415669215675,2.304898287747945
True,55.0,-4.25,5192.509650873193,rowcol,0.4194269219669617,0.04684773387168955,0.6191915568086965,0.6475213815388521,0.8616215045897628,0.45787124190252754,0.5638806135367046,0.7717429511585647,2.3050960519649415
True,-65.0,-4.25,5192.509650873193,rowcol,0.41942692196696174,0.04684773387168955,0.6191915568086966,0.6475213815388521,0.8616215045897629,0.45787124190252754,0.5638806135367046,0.7717429511585647,2.305096051964942
True,55.0,4.75,5192.509650873193,rowcol,0.7043962225735105,0.06871012303686011,0.599640991147783,0.7107622496221063,0.5915670876911765,0.39780871693810127,0.6011010060228215,0.8927197047760171,2.3096852230654554
True,-65.0,4.75,5192.509650873193,rowcol,0.7043962225735105,0.06871012303686011,0.5996409911477831,0.7107622496221063,0.5915670876911766,0.3978087169381013,0.6011010060228215,0.8927197047760171,2.309685223065456
True,-40.0,-4.0,5192.509650873193,rowcol,0.735153915295605,0.06898545250623997,0.6434052321983064,0.5817579411767555,0.8211266718034014,0.44848416912473504,0.6054147668275851,0.67373120469854,2.3119736377716746
True,80.0,-4.0,5192.509650873193,rowcol,0.735153915295605,0.06898545250623997,0.6434052321983064,0.5817579411767555,0.8211266718034014,0.44848416912473504,0.6054147668275851,0.67373120469854,2.3119736377716746
True,25.0,4.0,5192.509650873193,rowcol,0.8192240141747649,0.08024469394253754,0.6101648299532566,0.6827102665503009,0.47170099701398777,0.681644203201031,0.632144233251247,0.6836055276505065,2.313204756410071
True,-85.0,4.0,5192.509650873193,rowcol,0.8192240136336556,0.08024469946676237,0.6101337742027084,0.6842855389047904,0.47170111765342704,0.6811394617950142,0.6321087768190996,0.6869202024521871,2.3146868615129157
True,35.0,4.0,5192.509650873193,rowcol,0.8192240136336555,0.08024469946676237,0.6101337742027084,0.6842855389047904,0.4717011176534268,0.6811394617950142,0.6321087768190996,0.6869202024521871,2.3146868615129157
True,-20.0,-4.0,5192.509650873193,rowcol,0.735153914916617,0.06898545654498282,0.6433635350058613,0.5860101683623039,0.8211267797783219,0.4472892686433762,0.6053623483747465,0.6811428216003825,2.3161007733798877
True,-60.0,4.75,5192.509650873193,rowcol,0.6287049614385855,0.06383127214615834,0.6024126244629207,0.7096594349346675,0.5915682793979089,0.38226187572901893,0.6043683506607567,0.8968075846668951,2.31689730832343
True,60.0,4.75,5192.509650873193,rowcol,0.6287049614385856,0.06383127214615834,0.6024126244629207,0.7096594349346675,0.5915682793979092,0.382261875729019,0.6043683506607566,0.8968075846668951,2.31689730832343
False,20.0,4.0,5192.509650873193,rowcol,0.7872265102262546,0.07980888535280714,0.584558072794657,0.7636152845746439,0.5398543169322485,0.8554139856227564,0.592343194452477,0.6768429806274022,2.317289502958615
False,-40.0,-4.0,5192.509650873193,rowcol,0.7872265102263205,0.07980888535280616,0.5845580727948586,0.7636152845746302,0.5398543169325514,0.8554139856226417,0.5923431944526618,0.6768429806274959,2.317289502959206
False,80.0,-4.0,5192.509650873193,rowcol,0.7872265102263205,0.07980888535280616,0.5845580727948586,0.7636152845746301,0.5398543169325514,0.8554139856226417,0.5923431944526617,0.6768429806274959,2.317289502959206
True,5.0,-4.25,5192.509650873193,rowcol,0.41942692551963984,0.046847702064614895,0.6192235873065025,0.6600373984474633,0.8616215266767447,0.4576341805402045,0.5639221904618007,0.7911373358192444,2.317708160366971
True,-5.0,4.75,5192.509650873193,rowcol,0.5447297998854438,0.05821511432826392,0.6125659967062655,0.6828532079484985,0.5915696293931452,0.37417788994883067,0.6163161165230163,0.860631199159835,2.320551198067295
False,-80.0,-3.75,5192.509650873193,rowcol,0.23033795291672304,0.030808426415186583,0.6334480607732017,0.6214572036791983,0.7299181703829706,0.5986059690857375,0.6142331905822396,0.6400435930200457,2.3218013859988034
False,40.0,-3.75,5192.509650873193,rowcol,0.23033795291672302,0.030808426415186576,0.6334480607732017,0.6214572036791983,0.7299181703829706,0.5986059690857376,0.6142331905822396,0.6400435930200457,2.3218013859988034
False,-20.0,3.75,5192.509650873193,rowcol,0.23033795291674675,0.03080842641519319,0.633448060773355,0.6214572036792438,0.729918170383094,0.5986059690856975,0.6142331905823997,0.6400435930201587,2.3218013859993087
False,-80.0,4.0,5192.509650873193,rowcol,0.7872265098723353,0.07980888884382827,0.584712210404146,0.7678934603673095,0.5411155642734305,0.8568557069470865,0.5923132845388506,0.6841802546626554,2.3220300915797476
False,40.0,4.0,5192.509650873193,rowcol,0.7872265098723353,0.07980888884382827,0.584712210404146,0.7678934603673095,0.5411155642734305,0.8568557069470863,0.5923132845388506,0.6841802546626553,2.3220300915797476
False,-20.0,-4.0,5192.509650873193,rowcol,0.7872265098724014,0.0798088888438273,0.5847122104043478,0.7678934603672998,0.5411155642737342,0.8568557069469729,0.5923132845390355,0.6841802546627548,2.322030091580343
False,-70.0,-4.0,5192.509650873193,rowcol,0.3963902949064803,0.05183436324909557,0.5983957087194121,0.7308978515438458,0.8166381859962082,0.7632076173241061,0.5493505624520892,0.7025763845116464,2.326084977702082
False,50.0,-4.0,5192.509650873193,rowcol,0.39639029490648026,0.051834363249095565,0.5983957087194121,0.7308978515438458,0.8166381859962082,0.7632076173241061,0.5493505624520892,0.7025763845116465,2.326084977702082
False,-10.0,4.0,5192.509650873193,rowcol,0.3963902949065978,0.05183436324909795,0.5983957087195744,0.7308978515438728,0.8166381859966677,0.763207617324096,0.5493505624521737,0.702576384511707,2.326084977702596
False,20.0,-3.75,5192.509650873193,rowcol,0.2303379527053294,0.030808427995662295,0.6335814166864856,0.6266129300404186,0.7307931959142109,0.601068511267126,0.6142061510010025,0.6473156406161137,2.3273571800998756
False,-40.0,3.75,5192.509650873193,rowcol,0.23033795270535312,0.030808427995668904,0.633581416686639,0.6266129300404687,0.730793195914335,0.6010685112670883,0.6142061510011627,0.6473156406162323,2.327357180100386
False,80.0,3.75,5192.509650873193,rowcol,0.23033795270535312,0.030808427995668904,0.633581416686639,0.6266129300404688,0.730793195914335,0.6010685112670884,0.6142061510011627,0.6473156406162324,2.327357180100386
True,15.0,4.5,5192.509650873193,rowcol,0.8019232615176886,0.0768063749898804,0.610784612927423,0.6954726895987976,0.551613437878402,0.5849627148681215,0.6209630040454094,0.7763266190844076,2.327826528381067
True,65.0,4.75,5192.509650873193,rowcol,0.5447298027431849,0.05821508758783512,0.6126021818871462,0.6961173509049902,0.5915696653475168,0.37385362016365487,0.6163586306779112,0.8800928023541307,2.3339238965664286
True,-55.0,4.75,5192.509650873193,rowcol,0.5447298027431848,0.05821508758783512,0.6126021818871463,0.6961173509049902,0.5915696653475168,0.3738536201636549,0.6163586306779112,0.8800928023541307,2.3339238965664295
False,-85.0,-3.5,5192.509650873193,rowcol,0.19664755083715657,0.021968420028974645,0.6381342542935341,0.6197729847651067,0.7479474593781179,0.6223418857385736,0.6160119152282483,0.6176042943519864,2.334175747645709
False,35.0,-3.5,5192.509650873193,rowcol,0.19664755083715657,0.021968420028974645,0.6381342542935341,0.6197729847651067,0.747947459378118,0.6223418857385736,0.6160119152282482,0.6176042943519863,2.334175747645709
False,-25.0,3.5,5192.509650873193,rowcol,0.19664755083709853,0.02196842002897838,0.6381342542936587,0.619772984765089,0.7479474593779447,0.6223418857383558,0.616011915228439,0.6176042943521384,2.334175747646065
True,-75.0,4.5,5192.509650873193,rowcol,0.801923262626736,0.07680636341048935,0.6107495267946815,0.7023768544958029,0.5516136097867607,0.5839864619864178,0.6209221743908558,0.7882956983511579,2.3346254348798476
True,45.0,4.5,5192.509650873193,rowcol,0.801923262626736,0.07680636341048935,0.6107495267946815,0.7023768544958029,0.5516136097867607,0.5839864619864178,0.6209221743908558,0.7882956983511579,2.3346254348798476
False,25.0,-3.5,5192.509650873193,rowcol,0.1966475503719507,0.021968424193206177,0.6381887104453354,0.6219701067064717,0.7483492921477969,0.6233645395606203,0.6159896552009948,0.6207949786206284,2.336536238042478
False,-35.0,3.5,5192.509650873193,rowcol,0.19664755037189263,0.02196842419320991,0.6381887104454601,0.6219701067064565,0.7483492921476242,0.6233645395604036,0.6159896552011856,0.6207949786207834,2.3365362380428367
False,85.0,3.5,5192.509650873193,rowcol,0.19664755037189263,0.021968424193209914,0.63818871044546,0.6219701067064565,0.7483492921476242,0.6233645395604035,0.6159896552011856,0.6207949786207834,2.3365362380428367
False,10.0,-4.0,5192.509650873193,rowcol,0.39639029631969275,0.051834352441906664,0.5987623123326459,0.7411163778508334,0.8181865171956086,0.7666462071962731,0.5494028840278464,0.7189446034361462,2.337403314848771
False,70.0,4.0,5192.509650873193,rowcol,0.3963902963198102,0.051834352441909044,0.5987623123328083,0.741116377850865,0.8181865171960684,0.7666462071962664,0.5494028840279311,0.718944603436212,2.33740331484929
False,-50.0,4.0,5192.509650873193,rowcol,0.39639029631981015,0.051834352441909044,0.5987623123328084,0.741116377850865,0.8181865171960684,0.7666462071962664,0.5494028840279311,0.7189446034362119,2.3374033148492903
True,10.0,4.75,5192.509650873193,rowcol,0.7682842699570944,0.07350000718964037,0.6117689846666627,0.7042269789514601,0.5916148708819977,0.47539035084872094,0.6153715294760184,0.8502658704192239,2.3395339329514484
True,-45.0,-4.25,5192.509650873193,rowcol,0.7143292165387686,0.0664062170888275,0.6442417611905356,0.6093266843144485,0.8614441250507548,0.42365297404095775,0.5961839523430421,0.7297796998739648,2.3420519678860554
True,75.0,-4.25,5192.509650873193,rowcol,0.7143292165387686,0.0664062170888275,0.6442417611905356,0.6093266843144485,0.8614441250507546,0.4236529740409577,0.5961839523430421,0.7297796998739648,2.3420519678860554
False,0.0,4.0,5192.509650873193,rowcol,0.5670672475820195,0.06276081823809847,0.5919790778237726,0.7669561584499903,0.9024201565082246,0.7970949441860318,0.5156316394795243,0.7406609754498223,2.342893391921308
False,60.0,-4.0,5192.509650873193,rowcol,0.5670672475819416,0.06276081823810292,0.5919790778237606,0.766956158450111,0.9024201565081591,0.7970949441862585,0.5156316394795291,0.7406609754498472,2.342893391921393
False,-60.0,-4.0,5192.509650873193,rowcol,0.5670672475819416,0.06276081823810292,0.5919790778237607,0.766956158450111,0.9024201565081591,0.7970949441862585,0.5156316394795291,0.7406609754498472,2.3428933919213932
False,-90.0,3.75,5192.509650873193,rowcol,0.8068111980111119,0.0837915840634441,0.5839358022196672,0.7918965808734276,0.4689847363658192,0.9338761796037012,0.6025304943811335,0.6488737499760667,2.3437039875324297
False,30.0,3.75,5192.509650873193,rowcol,0.8068111980111119,0.0837915840634441,0.5839358022196672,0.7918965808734276,0.4689847363658192,0.9338761796037012,0.6025304943811335,0.6488737499760667,2.3437039875324297
False,90.0,-3.75,5192.509650873193,rowcol,0.8068111980111942,0.08379158406343754,0.5839358022198424,0.791896580873249,0.468984736365519,0.9338761796032552,0.6025304943813766,0.6488737499762054,2.343703987532776
False,-30.0,-3.75,5192.509650873193,rowcol,0.8068111980111942,0.08379158406343754,0.5839358022198424,0.7918965808732492,0.46898473636551896,0.9338761796032552,0.6025304943813766,0.6488737499762054,2.3437039875327765
True,20.0,4.25,5192.509650873193,rowcol,0.8189083531965425,0.07932317231689245,0.6168843934583875,0.6946181789427176,0.5116591126314743,0.6640744127061236,0.6341862365794838,0.7193018371638458,2.3452713593178802
False,-65.0,-4.0,5192.509650873193,rowcol,0.4869630611054704,0.058516786707270986,0.5931907343317993,0.7672479212287054,0.8755527097517131,0.8124422016615075,0.5256245222860967,0.727068527991849,2.346820124224103
False,55.0,-4.0,5192.509650873193,rowcol,0.4869630611054704,0.058516786707270986,0.5931907343317993,0.7672479212287054,0.8755527097517131,0.8124422016615074,0.5256245222860967,0.727068527991849,2.346820124224103
False,-5.0,4.0,5192.509650873193,rowcol,0.48696306110557835,0.058516786707269446,0.5931907343319014,0.7672479212286506,0.8755527097520124,0.8124422016613633,0.5256245222861422,0.7270685279918775,2.3468201242243545
True,-85.0,-3.5,5192.509650873193,rowcol,0.1889803098678748,0.024110867126527845,0.6392467294895952,0.6291429654269878,0.7414327523550089,0.6421938429087325,0.6188048071538866,0.6179539804582782,2.3468831538957735
True,35.0,-3.5,5192.509650873193,rowcol,0.1889803098678748,0.02411086712652785,0.6392467294895952,0.6291429654269877,0.7414327523550087,0.6421938429087325,0.6188048071538865,0.6179539804582782,2.3468831538957735
True,25.0,-3.5,5192.509650873193,rowcol,0.18898030938379476,0.024110870920733524,0.639220793864122,0.6306384394892914,0.7414328195121851,0.6417250658924077,0.618773116239467,0.6211615405597102,2.3483008210816574
True,-80.0,4.25,5192.509650873193,rowcol,0.8189083528255644,0.07932317614675771,0.6168381852420581,0.6984056036686332,0.5116592967431065,0.663217587215543,0.6341330687181137,0.72668051097104,2.3489201593948077
True,40.0,4.25,5192.509650873193,rowcol,0.8189083528255644,0.07932317614675771,0.6168381852420581,0.6984056036686332,0.5116592967431063,0.663217587215543,0.6341330687181138,0.7266805109710399,2.3489201593948077
True,-15.0,-4.25,5192.509650873193,rowcol,0.7143292176856221,0.06640620475216623,0.6442103451858142,0.6167607667841988,0.8614442290143228,0.4223790381350159,0.596143788096708,0.7417985823749625,2.3493918023416414
False,-75.0,-4.0,5192.509650873193,rowcol,0.3022902687520973,0.04214948516516223,0.6241285529289083,0.677244472953686,0.7622047758016438,0.6730290077491291,0.5955205554449701,0.6807694281711029,2.349630131740411
False,45.0,-4.0,5192.509650873193,rowcol,0.3022902687520973,0.042149485165162225,0.6241285529289083,0.677244472953686,0.762204775801644,0.6730290077491291,0.5955205554449701,0.6807694281711028,2.349630131740411
False,-15.0,4.0,5192.509650873193,rowcol,0.3022902687521939,0.04214948516516828,0.6241285529290875,0.6772444729537623,0.7622047758020706,0.6730290077492003,0.5955205554450925,0.6807694281711839,2.349630131741025
True,-70.0,4.75,5192.509650873193,rowcol,0.7682842735141034,0.07349997000876168,0.6117686099657555,0.7146158013264222,0.5916149770709499,0.47460181618348135,0.6153710704598071,0.866440082610728,2.3499216312236886
True,50.0,4.75,5192.509650873193,rowcol,0.7682842735141036,0.07349997000876168,0.6117686099657555,0.7146158013264222,0.5916149770709499,0.47460181618348146,0.6153710704598071,0.8664400826107278,2.3499216312236886
False,-60.0,4.0,5192.509650873193,rowcol,0.567067252009173,0.06276077823711398,0.592468713471503,0.7794848309949991,0.9040923748447226,0.8010799779471299,0.5157625471738078,0.7608491986366746,2.3568909714095083
False,60.0,4.0,5192.509650873193,rowcol,0.567067252009173,0.06276077823711398,0.592468713471503,0.7794848309949991,0.9040923748447226,0.8010799779471299,0.5157625471738078,0.7608491986366744,2.3568909714095083
False,0.0,-4.0,5192.509650873193,rowcol,0.5670672520090948,0.06276077823711845,0.592468713471491,0.7794848309951177,0.9040923748446574,0.801079977947355,0.5157625471738125,0.7608491986366989,2.356890971409591
False,15.0,-4.0,5192.509650873193,rowcol,0.3022902691727998,0.04214948214794185,0.6243741387493417,0.6853249194635299,0.7635139469749512,0.6762978786558392,0.5955192251425964,0.6928255221967915,2.358447335711555
False,-45.0,4.0,5192.509650873193,rowcol,0.3022902691728963,0.042149482147947906,0.624374138749521,0.6853249194636114,0.7635139469753781,0.6762978786559128,0.5955192251427189,0.692825522196879,2.3584473357121745
False,75.0,4.0,5192.509650873193,rowcol,0.30229026917289636,0.042149482147947906,0.624374138749521,0.6853249194636114,0.7635139469753782,0.6762978786559127,0.5955192251427189,0.692825522196879,2.3584473357121745
True,-90.0,4.0,5192.509650873193,rowcol,0.8259540549347081,0.08122561338972561,0.6221647558097982,0.6921350562721325,0.47174384374973877,0.6939543227963966,0.6458191223117383,0.6906013622142965,2.3586293237015274
True,30.0,4.0,5192.509650873193,rowcol,0.8259540549347081,0.08122561338972563,0.6221647558097982,0.6921350562721325,0.4717438437497389,0.6939543227963966,0.6458191223117383,0.6906013622142965,2.3586293237015274
False,5.0,-4.0,5192.509650873193,rowcol,0.4869630640794199,0.05851676195875036,0.5936467740328619,0.7789987901644722,0.8772030097185911,0.8161376657484759,0.5257316678872151,0.7463360993549234,2.359939112263058
False,-55.0,4.0,5192.509650873193,rowcol,0.48696306407952783,0.058516761958748796,0.5936467740329642,0.7789987901644209,0.8772030097188903,0.8161376657483347,0.5257316678872606,0.7463360993549547,2.3599391122633135
False,65.0,4.0,5192.509650873193,rowcol,0.4869630640795279,0.058516761958748796,0.5936467740329642,0.7789987901644209,0.8772030097188903,0.8161376657483347,0.5257316678872606,0.7463360993549547,2.3599391122633135
False,15.0,4.25,5192.509650873193,rowcol,0.7617254171246771,0.076139193576163,0.6026526438414999,0.7598661268069756,0.701436144396092,0.7918611163364456,0.5828452848556711,0.7318767021780277,2.3678240583314754
False,-45.0,-4.25,5192.509650873193,rowcol,0.7617254171247204,0.07613919357616646,0.6026526438417094,0.759866126807084,0.7014361443966153,0.7918611163365796,0.5828452848558124,0.7318767021781131,2.367824058332212
False,75.0,-4.25,5192.509650873193,rowcol,0.7617254171247203,0.07613919357616646,0.6026526438417094,0.759866126807084,0.7014361443966154,0.7918611163365795,0.5828452848558124,0.7318767021781132,2.367824058332212
False,10.0,4.25,5192.509650873193,rowcol,0.7088181804356706,0.07135140381537122,0.6049799638135799,0.7579504629487548,0.8442986008500055,0.7542711077690741,0.5502538913750692,0.7610309915343276,2.3728903543894946
False,-50.0,-4.25,5192.509650873193,rowcol,0.7088181804356762,0.07135140381537738,0.6049799638137484,0.757950462948915,0.8442986008504307,0.7542711077693184,0.5502538913751692,0.7610309915344176,2.3728903543901603
False,70.0,-4.25,5192.509650873193,rowcol,0.7088181804356762,0.07135140381537738,0.6049799638137484,0.757950462948915,0.8442986008504307,0.7542711077693184,0.5502538913751692,0.7610309915344177,2.3728903543901603
True,-75.0,-4.0,5192.509650873193,rowcol,0.23900082141342374,0.03353393357910763,0.6424773488060697,0.6459860172758247,0.8215852251745015,0.5995026437805795,0.604135001439536,0.6826321214846243,2.3734180636940336
True,45.0,-4.0,5192.509650873193,rowcol,0.23900082141342371,0.03353393357910763,0.6424773488060697,0.6459860172758247,0.8215852251745015,0.5995026437805795,0.604135001439536,0.6826321214846242,2.3734180636940336
True,-25.0,4.0,5192.509650873193,rowcol,0.3461049478992708,0.0329574875756139,0.6635776219353463,0.582742281769572,0.4709783482250402,0.40373335020752404,0.6929399803787542,0.6986395189233707,2.373475147575611
True,-35.0,4.0,5192.509650873193,rowcol,0.3461049476624416,0.03295749006268967,0.6635490681293128,0.58458674055351,0.47097846904958335,0.4028805837051774,0.6929076372665266,0.7018828046132951,2.3752339449414483
True,85.0,4.0,5192.509650873193,rowcol,0.34610494766244154,0.03295749006268968,0.6635490681293128,0.58458674055351,0.4709784690495833,0.4028805837051774,0.6929076372665266,0.701882804613295,2.3752339449414483
True,-70.0,-4.25,5192.509650873193,rowcol,0.3193995113009068,0.04026872417093011,0.6400556270949569,0.6553398326021043,0.8616737337781675,0.5260113736699734,0.5907681209537352,0.7469662856990904,2.375506713886975
True,50.0,-4.25,5192.509650873193,rowcol,0.31939951130090677,0.04026872417093011,0.6400556270949569,0.6553398326021043,0.8616737337781675,0.5260113736699734,0.5907681209537352,0.7469662856990904,2.375506713886975
False,-75.0,4.25,5192.509650873193,rowcol,0.7617254182001708,0.07613918281651413,0.6029228742909379,0.7672888562951091,0.7029473172445727,0.7943159707732579,0.5828438459917341,0.74379947683284,2.376057479167923
False,45.0,4.25,5192.509650873193,rowcol,0.7617254182001708,0.07613918281651413,0.6029228742909379,0.7672888562951091,0.7029473172445727,0.7943159707732578,0.5828438459917342,0.7437994768328399,2.376057479167923
False,-15.0,-4.25,5192.509650873193,rowcol,0.7617254182002141,0.07613918281651759,0.6029228742911478,0.7672888562952214,0.7029473172450962,0.794315970773393,0.5828438459918756,0.7437994768329318,2.3760574791686646
True,-15.0,4.5,5192.509650873193,rowcol,0.3974209872649715,0.04424146536097516,0.6491520331476172,0.6318257409455781,0.5513157208039766,0.42605361680986403,0.6654373514649476,0.763067567233098,2.3792818403884297
True,15.0,-4.0,5192.509650873193,rowcol,0.2390008219455318,0.03353392978670171,0.6424476957959285,0.6525926281584588,0.8215853277696274,0.5986560187508339,0.6040976925781273,0.6947185974694723,2.379935715546244
True,-10.0,4.75,5192.509650873193,rowcol,0.4634305785107289,0.05166251774093176,0.6379926820440442,0.6668259916373879,0.5915229448350744,0.38885915241108987,0.6461030891197441,0.8315295878143212,2.3808040377695203
False,-70.0,4.25,5192.509650873193,rowcol,0.7088181837361233,0.07135137102804855,0.6053652472696738,0.7684323228210558,0.8458898158871659,0.7579943892677319,0.5503094059996201,0.7771019896165724,2.384528064630077
False,50.0,4.25,5192.509650873193,rowcol,0.7088181837361233,0.07135137102804855,0.6053652472696738,0.7684323228210558,0.8458898158871658,0.7579943892677319,0.5503094059996202,0.7771019896165724,2.384528064630077
False,-10.0,-4.25,5192.509650873193,rowcol,0.708818183736129,0.07135137102805471,0.6053652472698425,0.7684323228212181,0.8458898158875913,0.7579943892679771,0.5503094059997203,0.777101989616667,2.3845280646307456
True,10.0,-4.25,5192.509650873193,rowcol,0.31939951299890507,0.04026871070291111,0.6400552952533862,0.6653272832865377,0.8616737990117009,0.5253738823838893,0.5907676785493043,0.7634167509372389,2.385493169046696
True,-80.0,-3.75,5192.509650873193,rowcol,0.19592800961848142,0.027788057524654002,0.6477501147633051,0.6428534886514361,0.7815221767479354,0.6448225074397737,0.6202653745585183,0.6411928837162532,2.3861038329413518
True,40.0,-3.75,5192.509650873193,rowcol,0.1959280096184814,0.027788057524654002,0.6477501147633051,0.6428534886514361,0.7815221767479353,0.6448225074397737,0.6202653745585183,0.6411928837162532,2.3861038329413518
True,-45.0,4.5,5192.509650873193,rowcol,0.397420987514508,0.04424146311938859,0.6491190161832562,0.639418022666436,0.551315892805168,0.4247122489336721,0.6653992454288283,0.7752421623586904,2.3867750712162046
True,75.0,4.5,5192.509650873193,rowcol,0.39742098751450794,0.04424146311938859,0.6491190161832562,0.639418022666436,0.5513158928051678,0.4247122489336721,0.6653992454288283,0.7752421623586904,2.3867750712162046
True,-55.0,-4.5,5192.509650873193,rowcol,0.6056697188488999,0.05828351147295992,0.6409693756925838,0.6639017662365132,0.9018046623697515,0.39288374642470986,0.5809397614554057,0.8256098385280899,2.3868098933142647
True,65.0,-4.5,5192.509650873193,rowcol,0.6056697188488998,0.05828351147295992,0.6409693756925838,0.6639017662365132,0.9018046623697515,0.39288374642470986,0.5809397614554057,0.8256098385280897,2.3868098933142647
True,-90.0,-3.5,5192.509650873193,rowcol,0.18220282407623498,0.022177779579355062,0.6505122820540693,0.6377963021740926,0.7414731643553285,0.6479544596783917,0.6325241456969334,0.6291264404132569,2.3893331483363003
True,30.0,-3.5,5192.509650873193,rowcol,0.18220282407623498,0.02217777957935506,0.6505122820540693,0.6377963021740926,0.7414731643553286,0.6479544596783918,0.6325241456969334,0.6291264404132569,2.3893331483363003
True,20.0,-3.75,5192.509650873193,rowcol,0.19592800936996166,0.027788059276916445,0.6477112872074895,0.6464639939854464,0.7815222831041867,0.6440439453142448,0.6202174106160951,0.6484922382819173,2.389597855607915
True,-50.0,4.75,5192.509650873193,rowcol,0.46343057956373945,0.05166250829506259,0.6379923092529438,0.6777896983944379,0.5915230510405286,0.3878947520377924,0.6461026361856951,0.8480632393753934,2.3917666261532693
True,70.0,4.75,5192.509650873193,rowcol,0.46343057956373945,0.05166250829506259,0.6379923092529437,0.6777896983944379,0.5915230510405286,0.3878947520377924,0.646102636185695,0.8480632393753934,2.3917666261532693
True,-50.0,-4.5,5192.509650873193,rowcol,0.6750295784803363,0.06299135475549514,0.650869152461346,0.6468488205553521,0.9017503356982224,0.3876853321587085,0.5938256689821455,0.8024300701171623,2.3994562779393904
True,70.0,-4.5,5192.509650873193,rowcol,0.6750295784803362,0.06299135475549515,0.650869152461346,0.6468488205553521,0.9017503356982224,0.3876853321587085,0.5938256689821454,0.8024300701171625,2.3994562779393904
True,-5.0,-4.5,5192.509650873193,rowcol,0.6056697244291978,0.05828345348367314,0.6410021488305612,0.6768250563061927,0.9018046847139104,0.39259118777023266,0.5809825054342447,0.8448212558791522,2.399831502797876
True,-20.0,4.25,5192.509650873193,rowcol,0.36083845282568316,0.03762122628387151,0.6645252169260069,0.607699793335828,0.5111144476253106,0.43755849866896096,0.6888169369852307,0.7203207312630124,2.401275444113849
True,-35.0,-4.0,5192.509650873193,rowcol,0.7570739840493177,0.07157521821045466,0.6724513787502381,0.5852767644517208,0.8210106716629438,0.449316845671581,0.6416768022240846,0.6788558153786697,2.402630900702435
True,85.0,-4.0,5192.509650873193,rowcol,0.7570739840493177,0.07157521821045466,0.6724513787502381,0.5852767644517208,0.8210106716629437,0.449316845671581,0.6416768022240846,0.6788558153786697,2.402630900702435
True,-25.0,-4.0,5192.509650873193,rowcol,0.7570739834637874,0.07157522440379559,0.6724231996994534,0.5871135168841839,0.8210107409747697,0.44855074903637465,0.641641872551549,0.682193568700314,2.404383115982544
True,-40.0,4.25,5192.509650873193,rowcol,0.36083845271581144,0.037621227337689654,0.6644823231934073,0.6120251562656731,0.5111146319331398,0.4362570138558905,0.6887679879667237,0.7276887958576489,2.405472125845895
True,80.0,4.25,5192.509650873193,rowcol,0.36083845271581144,0.03762122733768966,0.6644823231934073,0.6120251562656731,0.5111146319331398,0.4362570138558905,0.6887679879667237,0.7276887958576489,2.405472125845895
True,-60.0,-4.5,5192.509650873193,rowcol,0.5208628336542983,0.053241244501534356,0.6435788302809645,0.6774280785269792,0.9018118224247174,0.4312647649030691,0.5843386135652513,0.8297175653610022,2.4081645693698728
True,60.0,-4.5,5192.509650873193,rowcol,0.5208628336542983,0.053241244501534356,0.6435788302809645,0.6774280785269792,0.9018118224247176,0.4312647649030691,0.5843386135652514,0.8297175653610022,2.4081645693698728
True,-10.0,-4.5,5192.509650873193,rowcol,0.675029582232762,0.06299131454364,0.6508688184768298,0.6575543732473774,0.9017504016993007,0.38676897681145134,0.593825217919438,0.8186568766873497,2.4101608286778666
True,-30.0,4.0,5192.509650873193,rowcol,0.34271723886009947,0.030985911144084492,0.6775082912476239,0.5849964543100914,0.47093648740655736,0.38461824780405696,0.708703463030716,0.7110670931301962,2.4175213280529633
True,90.0,4.0,5192.509650873193,rowcol,0.3427172388600995,0.030985911144084492,0.6775082912476239,0.5849964543100914,0.47093648740655736,0.38461824780405696,0.7087034630307159,0.7110670931301962,2.4175213280529633
True,0.0,-4.5,5192.509650873193,rowcol,0.5208628390766575,0.05324119145418612,0.643625127573687,0.6910217222334213,0.9018118261304423,0.43123573462155335,0.5843988970454161,0.8501169245158683,2.421897104954482
False,30.0,-3.5,5192.509650873193,rowcol,0.18056314164311002,0.017771400251556962,0.6562049740134646,0.6606410470037511,0.7797675660434817,0.696335605645965,0.6310806712751866,0.6290563182485482,2.429255969044145
False,-90.0,-3.5,5192.509650873193,rowcol,0.18056314164311002,0.017771400251556962,0.6562049740134647,0.6606410470037513,0.7797675660434816,0.696335605645965,0.6310806712751866,0.6290563182485482,2.4292559690441453
False,-30.0,3.5,5192.509650873193,rowcol,0.1805631416430158,0.017771400251558742,0.656204974013582,0.6606410470036478,0.7797675660431963,0.6963356056455628,0.6310806712753952,0.6290563182487227,2.4292559690443936
False,90.0,3.5,5192.509650873193,rowcol,0.1805631416430158,0.017771400251558742,0.656204974013582,0.6606410470036478,0.7797675660431963,0.6963356056455627,0.6310806712753952,0.6290563182487227,2.4292559690443936
True,5.0,5.0,5192.509650873193,rowcol,0.7182824835254669,0.07003008677882364,0.6328522512550858,0.7316242983354665,0.6316926611023563,0.41134431986281805,0.6330633909113407,0.9182238885079467,2.430181052100724
True,0.0,5.0,5192.509650873193,rowcol,0.6400386479005635,0.06498510021238049,0.6354043207091843,0.7293933585627769,0.6316935805574821,0.39338059839549416,0.6360783768344489,0.9215702533387046,2.43560632069033
True,90.0,-4.0,5192.509650873193,rowcol,0.7643482664782353,0.07248347220172004,0.683344664375284,0.5865609793924492,0.8209649633270922,0.4399035819971275,0.6551518596424745,0.686043134127151,2.436594972518301
True,-30.0,-4.0,5192.509650873193,rowcol,0.7643482664782352,0.07248347220172002,0.683344664375284,0.5865609793924493,0.8209649633270922,0.43990358199712737,0.6551518596424746,0.686043134127151,2.4365949725183014
True,-65.0,-4.5,5192.509650873193,rowcol,0.421761411966074,0.04730201412614999,0.6524579273082977,0.6810687144252349,0.9018192074401326,0.47243873322973323,0.5958644307709953,0.8162376870360631,2.438442496350128
True,55.0,-4.5,5192.509650873193,rowcol,0.4217614119660739,0.04730201412614999,0.6524579273082977,0.6810687144252348,0.9018192074401323,0.4724387332297331,0.5958644307709952,0.8162376870360631,2.438442496350128
False,5.0,4.25,5192.509650873193,rowcol,0.6482085056473215,0.0676530884535952,0.6189202268757511,0.7822995090097801,0.9337360232195246,0.7820725591336148,0.5421847599203399,0.7824903205164369,2.4390601896370336
False,-55.0,-4.25,5192.509650873193,rowcol,0.6482085056472834,0.06765308845360156,0.6189202268758398,0.7822995090099413,0.9337360232197214,0.7820725591338785,0.542184759920398,0.7824903205165119,2.439060189637461
False,65.0,-4.25,5192.509650873193,rowcol,0.6482085056472833,0.06765308845360157,0.6189202268758398,0.7822995090099413,0.9337360232197214,0.7820725591338785,0.542184759920398,0.7824903205165119,2.439060189637461
True,55.0,5.0,5192.509650873193,rowcol,0.7182824889129995,0.07003003152011808,0.6328891334771729,0.7446648899806892,0.6316926965451655,0.4110338415983534,0.6331069747552759,0.9374390586207665,2.443332290412208
True,-65.0,5.0,5192.509650873193,rowcol,0.7182824889129995,0.0700300315201181,0.632889133477173,0.7446648899806892,0.6316926965451656,0.4110338415983534,0.633106974755276,0.9374390586207665,2.4433322904122083
True,-60.0,5.0,5192.509650873193,rowcol,0.6400386528035753,0.0649850519225679,0.6354564236801592,0.7434270668746252,0.6316935864356248,0.39334523575535013,0.636139910268917,0.9420014777852396,2.449796337915103
True,60.0,5.0,5192.509650873193,rowcol,0.6400386528035754,0.0649850519225679,0.6354564236801592,0.7434270668746252,0.631693586435625,0.3933452357553502,0.6361399102689169,0.9420014777852396,2.449796337915103
True,5.0,-4.5,5192.509650873193,rowcol,0.42176141558483365,0.04730198186000234,0.6524901125091708,0.6936733644899528,0.9018192297839309,0.47219546711699945,0.5959060901122747,0.8356662898463829,2.451143702017465
False,25.0,4.0,5192.509650873193,rowcol,0.8174090562463338,0.08427935124992568,0.612678445245581,0.8137383816783209,0.5052036327068667,0.9460714198236365,0.6302972263734598,0.6828760483774723,2.451773717415064
False,-35.0,-4.0,5192.509650873193,rowcol,0.817409056246416,0.08427935124992071,0.6126784452457719,0.8137383816781993,0.5052036327067484,0.9460714198232963,0.6302972263736962,0.6828760483776017,2.4517737174155148
False,85.0,-4.0,5192.509650873193,rowcol,0.817409056246416,0.08427935124992071,0.6126784452457719,0.8137383816781993,0.5052036327067484,0.9460714198232963,0.6302972263736962,0.6828760483776017,2.4517737174155148
False,55.0,4.25,5192.509650873193,rowcol,0.6482085104967216,0.06765304198973629,0.6193846400894615,0.7946080289613444,0.9353803074459668,0.7862968142762766,0.542295138409316,0.8015309614470311,2.452761949229729
False,-65.0,4.25,5192.509650873193,rowcol,0.6482085104967216,0.06765304198973629,0.6193846400894616,0.7946080289613444,0.9353803074459668,0.7862968142762766,0.542295138409316,0.801530961447031,2.4527619492297292
False,-5.0,-4.25,5192.509650873193,rowcol,0.6482085104966834,0.06765304198974266,0.6193846400895504,0.7946080289615054,0.935380307446164,0.7862968142765393,0.542295138409374,0.801530961447108,2.4527619492301564
True,-5.0,5.0,5192.509650873193,rowcol,0.5531631090305641,0.059151808670100135,0.645787755614011,0.7157546189200813,0.6316946471850409,0.3836050194560511,0.6483236190654506,0.9052035996509677,2.453117885762114
False,-85.0,4.0,5192.509650873193,rowcol,0.8174090557040229,0.08427935650969247,0.6127432638543682,0.8155751845557117,0.5058832533365948,0.9466953961390696,0.6302723604478172,0.6861749298445403,2.453804976118816
False,35.0,4.0,5192.509650873193,rowcol,0.8174090557040229,0.08427935650969247,0.6127432638543682,0.8155751845557117,0.5058832533365948,0.9466953961390696,0.6302723604478173,0.6861749298445403,2.453804976118816
False,-25.0,-4.0,5192.509650873193,rowcol,0.8174090557041052,0.0842793565096875,0.6127432638545591,0.8155751845555927,0.5058832533364775,0.9466953961387308,0.6302723604480538,0.6861749298446731,2.45380497611927
True,-40.0,-4.25,5192.509650873193,rowcol,0.7526835018184909,0.07037279005344878,0.6822560560686638,0.6128633997382245,0.8612997966901969,0.4647698925030183,0.6442810467585278,0.7140136384730161,2.459631567944216
True,80.0,-4.25,5192.509650873193,rowcol,0.7526835018184909,0.07037279005344878,0.6822560560686638,0.6128633997382245,0.8612997966901969,0.4647698925030183,0.6442810467585278,0.7140136384730162,2.459631567944216
True,-20.0,-4.25,5192.509650873193,rowcol,0.7526835014148723,0.07037279437041645,0.6822142756660556,0.6171527521260445,0.861299906062573,0.4635448148327096,0.6442287120171432,0.7214463999517451,2.4637955791242114
True,-55.0,5.0,5192.509650873193,rowcol,0.5531631118894303,0.05915178193516525,0.6458238855188165,0.7290804219557037,0.6316946826277386,0.3832720709986227,0.6483661611016354,0.9246912668059222,2.4665520785121533
True,65.0,5.0,5192.509650873193,rowcol,0.5531631118894303,0.05915178193516525,0.6458238855188165,0.7290804219557037,0.6316946826277386,0.38327207099862265,0.6483661611016354,0.9246912668059222,2.4665520785121533
False,50.0,-4.25,5192.509650873193,rowcol,0.39772602028454646,0.052861268887012154,0.6340447409354113,0.76961652390654,0.8646135185872695,0.7975247255228454,0.5822606600194477,0.74533750622599,2.471750746712774
False,-70.0,-4.25,5192.509650873193,rowcol,0.39772602028454646,0.05286126888701216,0.6340447409354113,0.7696165239065401,0.8646135185872695,0.7975247255228454,0.5822606600194477,0.7453375062259902,2.4717507467127744
False,-10.0,4.25,5192.509650873193,rowcol,0.3977260202846749,0.052861268887014916,0.6340447409355839,0.7696165239065675,0.8646135185877574,0.7975247255228307,0.5822606600195379,0.7453375062260557,2.4717507467133193
False,-80.0,-4.0,5192.509650873193,rowcol,0.2177833354226847,0.030467834019027484,0.6720801279236117,0.6555882948861039,0.7691690466969067,0.624918157395407,0.6528288981972886,0.6803120260277892,2.471828678656939
False,40.0,-4.0,5192.509650873193,rowcol,0.21778333542268463,0.030467834019027477,0.6720801279236117,0.6555882948861039,0.7691690466969067,0.6249181573954071,0.6528288981972886,0.6803120260277892,2.471828678656939
False,-20.0,4.0,5192.509650873193,rowcol,0.21778333542272,0.03046783401903488,0.6720801279237765,0.6555882948861516,0.7691690466970426,0.624918157395361,0.65282889819746,0.6803120260279095,2.471828678657481
True,15.0,4.75,5192.509650873193,rowcol,0.8200797931110597,0.07846973587840995,0.647095061499726,0.7310106405454134,0.5917282960403402,0.6121002436769178,0.6566844340258943,0.8177352026634845,2.4722958250445917
False,20.0,4.25,5192.509650873193,rowcol,0.8066343299584134,0.08185285923357928,0.6231387729885697,0.8056289020089497,0.5785462256258962,0.8994970325233299,0.6309275312005829,0.7172389318564806,2.4750452209746587
False,-40.0,-4.25,5192.509650873193,rowcol,0.8066343299584844,0.08185285923357825,0.6231387729887827,0.8056289020089356,0.578546225626212,0.8994970325232069,0.6309275312007789,0.7172389318565814,2.475045220975284
False,80.0,-4.25,5192.509650873193,rowcol,0.8066343299584843,0.08185285923357825,0.6231387729887827,0.8056289020089356,0.578546225626212,0.8994970325232069,0.630927531200779,0.7172389318565814,2.475045220975284
True,25.0,4.25,5192.509650873193,rowcol,0.8403171028834003,0.0822244879959493,0.6512297145164202,0.72174756384741,0.5117755938817273,0.7181898452880404,0.6735452208273696,0.7247260477775235,2.4754367073966708
True,10.0,5.0,5192.509650873193,rowcol,0.7844133418312683,0.07498275515355646,0.6459892110128924,0.7384343608024506,0.6317434390873373,0.49437672566983426,0.6485521946459376,0.8934873626807316,2.4764019938411277
True,-85.0,4.25,5192.509650873193,rowcol,0.8403171023086264,0.08222449387001877,0.6511987984536851,0.7233308603362681,0.5117757120240425,0.7176808550447369,0.6735098639743368,0.728048513313613,2.4769272556973236
True,35.0,4.25,5192.509650873193,rowcol,0.8403171023086264,0.08222449387001877,0.6511987984536851,0.7233308603362681,0.5117757120240423,0.7176808550447367,0.6735098639743368,0.728048513313613,2.4769272556973236
False,20.0,-4.0,5192.509650873193,rowcol,0.21778333521777474,0.03046783548371838,0.6722141985041379,0.6608344535854037,0.7700547985599443,0.6275084816526451,0.6528017612338789,0.6876120236198533,2.4774770490978177
False,-40.0,4.0,5192.509650873193,rowcol,0.21778333521781004,0.030467835483725777,0.6722141985043029,0.6608344535854555,0.7700547985600811,0.6275084816526009,0.6528017612340503,0.6876120236199791,2.477477049098364
False,80.0,4.0,5192.509650873193,rowcol,0.21778333521781007,0.030467835483725784,0.6722141985043029,0.6608344535854556,0.7700547985600811,0.6275084816526009,0.6528017612340503,0.6876120236199791,2.477477049098364
True,-75.0,4.75,5192.509650873193,rowcol,0.8200797942840552,0.07846972361954367,0.6470601044999961,0.7379455852862098,0.591728465197582,0.6111154709727871,0.6566436806773049,0.829733878153856,2.479125898786198
True,45.0,4.75,5192.509650873193,rowcol,0.8200797942840552,0.07846972361954367,0.6470601044999961,0.7379455852862098,0.591728465197582,0.6111154709727871,0.6566436806773049,0.829733878153856,2.479125898786198
False,-80.0,4.25,5192.509650873193,rowcol,0.8066343295817904,0.08185286294508143,0.623292405818739,0.8099304296231149,0.579796788731901,0.900939013930771,0.63089769536958,0.7245978437980263,2.479807647079332
False,40.0,4.25,5192.509650873193,rowcol,0.8066343295817904,0.08185286294508143,0.623292405818739,0.8099304296231149,0.579796788731901,0.900939013930771,0.63089769536958,0.7245978437980262,2.479807647079332
False,-20.0,-4.25,5192.509650873193,rowcol,0.8066343295818613,0.0818528629450804,0.6232924058189523,0.8099304296231049,0.5797967887322175,0.9009390139306492,0.630897695369776,0.7245978437981329,2.4798076470799617
True,75.0,-4.5,5192.509650873193,rowcol,0.7299973397016613,0.06764582768148632,0.6804716265703923,0.64043629783188,0.9016320908137276,0.4373401199782241,0.6318722621292422,0.7708727214347416,2.481851177543057
True,-45.0,-4.5,5192.509650873193,rowcol,0.7299973397016613,0.06764582768148632,0.6804716265703924,0.64043629783188,0.9016320908137279,0.4373401199782241,0.6318722621292422,0.7708727214347415,2.4818511775430574
False,10.0,-4.25,5192.509650873193,rowcol,0.3977260216481481,0.05286125862732836,0.6344123625152226,0.779977647493767,0.8661674143883532,0.8011217427382545,0.5823131093069449,0.7617414792781126,2.483214735039435
False,-50.0,4.25,5192.509650873193,rowcol,0.39772602164827653,0.05286125862733112,0.6344123625153953,0.7799776474937983,0.866167414388841,0.8011217427382418,0.5823131093070353,0.7617414792781834,2.4832147350399842
False,70.0,4.25,5192.509650873193,rowcol,0.3977260216482766,0.05286125862733112,0.6344123625153953,0.7799776474937983,0.866167414388841,0.8011217427382418,0.5823131093070353,0.7617414792781834,2.4832147350399842
True,-70.0,5.0,5192.509650873193,rowcol,0.7844133455777729,0.07498271596042559,0.6459888378538597,0.7488665796822994,0.631743543765014,0.4935785841387733,0.6485517366254263,0.9096962823611939,2.4868330932438787
True,50.0,5.0,5192.509650873193,rowcol,0.784413345577773,0.07498271596042559,0.6459888378538597,0.7488665796822993,0.631743543765014,0.4935785841387733,0.6485517366254263,0.9096962823611938,2.4868330932438787
True,-15.0,-4.5,5192.509650873193,rowcol,0.729997340919982,0.06764581453402253,0.68044013377988,0.6479271836666866,0.9016321959863045,0.43603347410502635,0.6318321374427666,0.7829251823719362,2.4892475850063267
False,0.0,4.25,5192.509650873193,rowcol,0.577118631414386,0.06430028478141964,0.6281082584964942,0.8078938698545687,0.9566247708968098,0.8336941645178487,0.5473789555083424,0.7855403834940525,2.4922186453440514
False,-60.0,-4.25,5192.509650873193,rowcol,0.5771186314143045,0.06430028478142441,0.6281082584964824,0.8078938698546967,0.956624770896744,0.8336941645180922,0.5473789555083469,0.7855403834940776,2.492218645344144
False,60.0,-4.25,5192.509650873193,rowcol,0.5771186314143045,0.06430028478142441,0.6281082584964824,0.8078938698546967,0.956624770896744,0.8336941645180923,0.5473789555083469,0.7855403834940776,2.492218645344144
False,-75.0,-4.25,5192.509650873193,rowcol,0.2976102192262583,0.04264470358482464,0.6605765719159644,0.7127354119457562,0.8042184855603635,0.701826029184644,0.630879459537783,0.7217824539365562,2.4944651276936494
False,45.0,-4.25,5192.509650873193,rowcol,0.29761021922625824,0.04264470358482464,0.6605765719159645,0.7127354119457561,0.8042184855603635,0.7018260291846439,0.630879459537783,0.721782453936556,2.49446512769365
False,-15.0,4.25,5192.509650873193,rowcol,0.297610219226369,0.0426447035848314,0.6605765719161555,0.7127354119458372,0.80421848556082,0.7018260291847184,0.6308794595379136,0.7217824539366428,2.494465127694304
False,-85.0,-3.75,5192.509650873193,rowcol,0.17758972157742658,0.020588417255476804,0.6792527673744382,0.657041119743037,0.7891364798616415,0.6553653771210611,0.6572467468676233,0.6584471002403646,2.4947994218663516
False,35.0,-3.75,5192.509650873193,rowcol,0.17758972157742656,0.0205884172554768,0.6792527673744382,0.657041119743037,0.7891364798616415,0.6553653771210611,0.6572467468676233,0.6584471002403646,2.4947994218663516
False,-25.0,3.75,5192.509650873193,rowcol,0.17758972157736724,0.020588417255480797,0.6792527673745732,0.6570411197430178,0.7891364798614572,0.655365377120825,0.6572467468678285,0.6584471002405269,2.4947994218667375
False,-65.0,-4.25,5192.509650873193,rowcol,0.4932320387781754,0.059880879891696735,0.629081504918804,0.8080867264514209,0.9281823328250837,0.8496721567968384,0.5575320538005646,0.7713802596296746,2.495331241207833
False,55.0,-4.25,5192.509650873193,rowcol,0.4932320387781754,0.05988087989169673,0.629081504918804,0.8080867264514209,0.9281823328250837,0.8496721567968384,0.5575320538005646,0.7713802596296746,2.495331241207833
False,-5.0,4.25,5192.509650873193,rowcol,0.49323203877829047,0.05988087989169517,0.629081504918912,0.8080867264513617,0.9281823328253985,0.8496721567966803,0.5575320538006132,0.7713802596297065,2.495331241208098
False,25.0,-3.75,5192.509650873193,rowcol,0.17758972108510981,0.02058842150205783,0.6793075814751641,0.6593144556659895,0.7895445472774083,0.6565215911353054,0.6572243932559275,0.6616540994644482,2.497237200091482
False,-35.0,3.75,5192.509650873193,rowcol,0.1775897210850505,0.020588421502061822,0.6793075814752992,0.6593144556659726,0.7895445472772246,0.65652159113507,0.6572243932561327,0.6616540994646136,2.4972372000918703
False,85.0,3.75,5192.509650873193,rowcol,0.1775897210850505,0.020588421502061825,0.6793075814752992,0.6593144556659726,0.7895445472772246,0.65652159113507,0.6572243932561327,0.6616540994646135,2.4972372000918703
True,20.0,4.5,5192.509650873193,rowcol,0.8388199371537886,0.08117041115809581,0.6558496356166031,0.7321556731261516,0.5517576283442212,0.6977032660984636,0.6730910661362877,0.7599215903155684,2.499704579975961
True,-80.0,4.5,5192.509650873193,rowcol,0.8388199367605055,0.08117041522230631,0.6558036161357499,0.7359607738087023,0.5517578091187282,0.6968397896206044,0.673038024718748,0.7673186311757282,2.503371622215952
True,40.0,4.5,5192.509650873193,rowcol,0.8388199367605055,0.08117041522230631,0.6558036161357499,0.7359607738087023,0.551757809118728,0.6968397896206044,0.673038024718748,0.7673186311757281,2.503371622215952
False,15.0,-4.25,5192.509650873193,rowcol,0.29761021961062717,0.04264470090237841,0.6608231118635156,0.7209111254558094,0.8055368636338693,0.7051922083217819,0.6308781251620532,0.7338699777793879,2.503380461046356
False,-45.0,4.25,5192.509650873193,rowcol,0.29761021961073786,0.042644700902385174,0.6608231118637069,0.7209111254558948,0.8055368636343262,0.7051922083218578,0.6308781251621838,0.7338699777794809,2.5033804610470156
False,75.0,4.25,5192.509650873193,rowcol,0.2976102196107379,0.042644700902385174,0.6608231118637069,0.7209111254558948,0.8055368636343263,0.7051922083218578,0.6308781251621838,0.7338699777794809,2.5033804610470156
False,-60.0,4.25,5192.509650873193,rowcol,0.5771186360363119,0.06430024329792633,0.6285985833537456,0.8205361710159537,0.958300913536384,0.8377444023058801,0.5475099788660986,0.8057797887877044,2.506331921077191
False,60.0,4.25,5192.509650873193,rowcol,0.5771186360363119,0.06430024329792633,0.6285985833537456,0.8205361710159537,0.958300913536384,0.8377444023058801,0.5475099788660985,0.8057797887877042,2.506331921077191
False,0.0,-4.25,5192.509650873193,rowcol,0.5771186360362304,0.06430024329793109,0.6285985833537335,0.8205361710160795,0.9583009135363186,0.8377444023061221,0.5475099788661031,0.8057797887877288,2.50633192107728
False,5.0,-4.25,5192.509650873193,rowcol,0.49323204179924607,0.059880855007473664,0.6295384120881098,0.8199600724424088,0.9298364380193501,0.8534588118824461,0.5576393810314166,0.7906900886168944,2.508575308706738
False,-55.0,4.25,5192.509650873193,rowcol,0.49323204179936114,0.059880855007472096,0.6295384120882178,0.8199600724423528,0.9298364380196652,0.85345881188229,0.5576393810314654,0.7906900886169291,2.508575308707006
False,65.0,4.25,5192.509650873193,rowcol,0.4932320417993612,0.05988085500747211,0.6295384120882178,0.8199600724423528,0.9298364380196652,0.85345881188229,0.5576393810314654,0.7906900886169291,2.508575308707006
True,-85.0,-3.75,5192.509650873193,rowcol,0.16839668534842603,0.022637674821742726,0.6803366160197309,0.6677973623684959,0.7816326929862237,0.678300749066072,0.6601999288630311,0.6588345105770164,2.5088072104276886
True,35.0,-3.75,5192.509650873193,rowcol,0.16839668534842603,0.022637674821742726,0.6803366160197309,0.6677973623684959,0.7816326929862235,0.678300749066072,0.6601999288630312,0.6588345105770164,2.5088072104276886
True,25.0,-3.75,5192.509650873193,rowcol,0.16839668482923298,0.02263767868390544,0.6803105062435014,0.6693069909355478,0.7816327612396883,0.6778252309219359,0.6601681034129188,0.662058403138142,2.510238509666052
True,-70.0,-4.5,5192.509650873193,rowcol,0.31612484136302715,0.04039424121268857,0.6742990399281841,0.6892635875448124,0.9018743382835922,0.5458193271369709,0.6239360428667624,0.7899864963567267,2.5121607073293646
True,50.0,-4.5,5192.509650873193,rowcol,0.3161248413630271,0.040394241212688566,0.6742990399281841,0.6892635875448124,0.9018743382835922,0.5458193271369709,0.6239360428667625,0.7899864963567267,2.5121607073293646
True,-10.0,5.0,5192.509650873193,rowcol,0.46909347898469744,0.052323236670097,0.6721609515026143,0.6986751435210261,0.6316450560506809,0.39890749831094824,0.6792857942240521,0.8745565288797232,2.515157998028869
False,-90.0,4.0,5192.509650873193,rowcol,0.8284779059513007,0.08612018624912181,0.6260925547582314,0.8378782493117636,0.5117497220827579,0.9849322683445506,0.6447535096828048,0.6903704582809037,2.516155913586458
False,30.0,4.0,5192.509650873193,rowcol,0.8284779059513007,0.08612018624912182,0.6260925547582316,0.8378782493117637,0.5117497220827582,0.9849322683445508,0.6447535096828049,0.6903704582809037,2.5161559135864584
False,-30.0,-4.0,5192.509650873193,rowcol,0.8284779059513883,0.08612018624911477,0.6260925547584165,0.8378782493115742,0.5117497220824373,0.9849322683440729,0.6447535096830638,0.6903704582810538,2.516155913586824
False,90.0,-4.0,5192.509650873193,rowcol,0.8284779059513884,0.08612018624911477,0.6260925547584165,0.8378782493115742,0.5117497220824373,0.9849322683440729,0.6447535096830638,0.6903704582810537,2.516155913586824
False,15.0,4.5,5192.509650873193,rowcol,0.7791309836966696,0.0779988225679905,0.6390766812804952,0.8003480393727518,0.7432611838869811,0.8316656639676829,0.618197027541194,0.7730286827926743,2.5175780832142376
False,-45.0,-4.5,5192.509650873193,rowcol,0.7791309836967169,0.07799882256799434,0.6390766812807167,0.8003480393728685,0.7432611838875348,0.831665663967828,0.6181970275413433,0.7730286827927652,2.5175780832150183
False,75.0,-4.5,5192.509650873193,rowcol,0.7791309836967169,0.07799882256799434,0.6390766812807167,0.8003480393728684,0.7432611838875348,0.8316656639678279,0.6181970275413433,0.7730286827927653,2.5175780832150183
True,-75.0,-4.25,5192.509650873193,rowcol,0.2282611115495881,0.03319548893941667,0.6788135890128821,0.6812163461502161,0.8617857158229976,0.6268217777831919,0.639848385396282,0.7238040171792488,2.5176571131888625
True,45.0,-4.25,5192.509650873193,rowcol,0.22826111154958809,0.03319548893941667,0.6788135890128821,0.6812163461502161,0.8617857158229976,0.6268217777831919,0.639848385396282,0.7238040171792486,2.5176571131888625
True,-15.0,4.75,5192.509650873193,rowcol,0.4005503673266535,0.04453468223559459,0.6853870376857553,0.6630945721249463,0.5914110866297054,0.4397965137559788,0.7011609657115184,0.8042436114521755,2.519255685182212
True,65.0,-4.75,5192.509650873193,rowcol,0.6163474277386862,0.05922276144549533,0.6742187903074771,0.6966894118263541,0.9420075542046819,0.40283656474028123,0.6129269580001268,0.8701142836339071,2.5193457827487853
True,-55.0,-4.75,5192.509650873193,rowcol,0.6163474277386863,0.05922276144549533,0.6742187903074772,0.6966894118263541,0.9420075542046819,0.4028365647402813,0.6129269580001269,0.8701142836339071,2.519345782748786
False,10.0,4.5,5192.509650873193,rowcol,0.7241623315473754,0.07310621233416659,0.6406380403044425,0.797865800564142,0.8923496550794163,0.7905881391033878,0.5831647189147676,0.8039352385278304,2.519779921477469
False,-50.0,-4.5,5192.509650873193,rowcol,0.7241623315473837,0.07310621233417325,0.6406380403046213,0.7978658005643122,0.8923496550798695,0.7905881391036487,0.5831647189148734,0.8039352385279255,2.519779921478176
False,70.0,-4.5,5192.509650873193,rowcol,0.7241623315473837,0.07310621233417325,0.6406380403046213,0.7978658005643122,0.8923496550798695,0.7905881391036487,0.5831647189148733,0.8039352385279255,2.519779921478176
True,10.0,-4.5,5192.509650873193,rowcol,0.3161248430024987,0.04039422838220088,0.6742987060917293,0.6993213320344379,0.9018744042755956,0.5451688385528143,0.6239355989331768,0.8064656302481367,2.5222174503096255
True,-90.0,4.25,5192.509650873193,rowcol,0.8474593016916747,0.08325348600644797,0.664022166830509,0.7317878356950898,0.5118213181921797,0.731241217595611,0.6881473843767493,0.732247219896043,2.523854336186617
True,30.0,4.25,5192.509650873193,rowcol,0.8474593016916747,0.08325348600644797,0.664022166830509,0.7317878356950898,0.5118213181921797,0.731241217595611,0.6881473843767494,0.732247219896043,2.523854336186617
True,15.0,-4.25,5192.509650873193,rowcol,0.22826111205073396,0.03319548549340246,0.6787837691089331,0.6878743573853862,0.8617858197453572,0.625961460910649,0.6398109572041611,0.7359212326598532,2.5242256647121852
False,-75.0,4.5,5192.509650873193,rowcol,0.7791309848381603,0.07799881116562546,0.6393465035936285,0.8078251115210702,0.7447713023571839,0.8341695165567069,0.6181955913211494,0.7849856149213953,2.525864622301956
False,45.0,4.5,5192.509650873193,rowcol,0.7791309848381603,0.07799881116562546,0.6393465035936285,0.8078251115210702,0.7447713023571839,0.8341695165567068,0.6181955913211495,0.7849856149213953,2.525864622301956
False,-15.0,-4.5,5192.509650873193,rowcol,0.7791309848382078,0.07799881116562929,0.63934650359385,0.8078251115211909,0.7447713023577378,0.8341695165568538,0.618195591321299,0.7849856149214925,2.5258646223027412
True,-50.0,5.0,5192.509650873193,rowcol,0.46909347994718925,0.05232322804106832,0.6721605786838473,0.7096935065745575,0.6316451607446615,0.39791791118911557,0.6792853403264424,0.8911119954964433,2.5261752426260995
True,70.0,5.0,5192.509650873193,rowcol,0.4690934799471893,0.05232322804106833,0.6721605786838473,0.7096935065745575,0.6316451607446615,0.39791791118911557,0.6792853403264423,0.8911119954964433,2.5261752426260995
True,-45.0,4.75,5192.509650873193,rowcol,0.4005503675301513,0.04453468040531016,0.6853540288740109,0.6707326396574063,0.5914112558776766,0.4384248898783715,0.7011227919104183,0.8164414131897311,2.526794726279439
True,75.0,4.75,5192.509650873193,rowcol,0.4005503675301512,0.04453468040531016,0.6853540288740109,0.6707326396574063,0.5914112558776764,0.4384248898783715,0.7011227919104183,0.8164414131897312,2.526794726279439
True,-25.0,4.25,5192.509650873193,rowcol,0.3468896043388931,0.032413759370299895,0.7045404920570276,0.6140826081880713,0.5110014910936603,0.41836416246441865,0.7343427186374503,0.7396183159269155,2.5277040843591543
True,-35.0,4.25,5192.509650873193,rowcol,0.3468896041224157,0.032413761687023965,0.7045119176525634,0.6159424470797258,0.5110016094149461,0.4174897941955465,0.7343102916924998,0.7428737593132273,2.529478200037416
True,85.0,4.25,5192.509650873193,rowcol,0.3468896041224157,0.032413761687023965,0.7045119176525634,0.6159424470797258,0.511001609414946,0.41748979419554655,0.7343102916925,0.7428737593132273,2.529478200037416
False,-70.0,4.5,5192.509650873193,rowcol,0.7241623350452077,0.07310617768596168,0.6410232882202096,0.808476872436623,0.8939438255704572,0.7944937864591521,0.5832201824481539,0.8200519450826588,2.531546737097252
False,50.0,4.5,5192.509650873193,rowcol,0.7241623350452078,0.07310617768596168,0.6410232882202096,0.808476872436623,0.893943825570457,0.7944937864591521,0.5832201824481539,0.8200519450826588,2.531546737097252
False,-10.0,-4.5,5192.509650873193,rowcol,0.7241623350452161,0.07310617768596835,0.6410232882203885,0.8084768724367953,0.8939438255709105,0.7944937864594142,0.5832201824482596,0.8200519450827585,2.531546737097961
True,-5.0,-4.75,5192.509650873193,rowcol,0.6163474336151341,0.059222700287667816,0.6742516785103303,0.7096937945148282,0.9420075767836033,0.4025353821400821,0.6129697224933339,0.8893666201394951,2.532448830045819
True,-50.0,-4.75,5192.509650873193,rowcol,0.6884527461961428,0.06408452854160807,0.6850499374633979,0.6785749504681642,0.9419503818511483,0.39770273144167945,0.6269809527718704,0.845394668645373,2.533724762858358
True,70.0,-4.75,5192.509650873193,rowcol,0.6884527461961428,0.06408452854160807,0.6850499374633979,0.6785749504681642,0.9419503818511483,0.39770273144167945,0.6269809527718704,0.8453946686453733,2.533724762858358
True,-80.0,-4.0,5192.509650873193,rowcol,0.1785548566871757,0.026900683839487023,0.6867404359472964,0.6800526597333484,0.8217236223506073,0.6782479978880924,0.6591641243869608,0.6815666623094017,2.5402739675752377
True,40.0,-4.0,5192.509650873193,rowcol,0.1785548566871757,0.026900683839487023,0.6867404359472964,0.6800526597333484,0.8217236223506071,0.6782479978880924,0.6591641243869609,0.6815666623094017,2.5402739675752377
True,-60.0,-4.75,5192.509650873193,rowcol,0.5281822220087974,0.05400221759554438,0.676661058172284,0.7110270449602307,0.9420149615133753,0.44355439755406134,0.6160986107026962,0.874798809198551,2.5410102194770827
True,60.0,-4.75,5192.509650873193,rowcol,0.5281822220087973,0.054002217595544376,0.676661058172284,0.7110270449602307,0.9420149615133756,0.44355439755406145,0.6160986107026961,0.874798809198551,2.5410102194770827
True,20.0,-4.0,5192.509650873193,rowcol,0.17855485643724708,0.026900685498402434,0.6867013714232756,0.6836936746492144,0.8217237302470882,0.6774584758693541,0.6591159821588682,0.6888937249152715,2.5437977889190413
True,-10.0,-4.75,5192.509650873193,rowcol,0.6884527501656151,0.06408448589800701,0.6850496028449025,0.6893504689381027,0.9419504485457085,0.3967598276549202,0.6269805022549881,0.861660322939821,2.54449927747281
True,-20.0,4.5,5192.509650873193,rowcol,0.3625218832970602,0.037497319912680786,0.7033994919239049,0.6390131451900279,0.5511763201259271,0.4535876011683397,0.7277235759015559,0.7607358160588173,2.549211620961743
True,80.0,4.5,5192.509650873193,rowcol,0.3625218832039572,0.03749732081279537,0.7033565851744012,0.6433691664852624,0.5511765010910913,0.45225828550472547,0.7276745185952584,0.7681247208874507,2.553438922008466
True,-40.0,4.5,5192.509650873193,rowcol,0.3625218832039572,0.037497320812795366,0.7033565851744012,0.6433691664852627,0.5511765010910913,0.45225828550472547,0.7276745185952584,0.7681247208874508,2.553438922008467
True,-90.0,-3.75,5192.509650873193,rowcol,0.1609913687476057,0.020453528086730267,0.6923928317718442,0.6770737300180065,0.78167593949722,0.6847415010882892,0.674846828927697,0.6705573428245728,2.5542522253335394
True,30.0,-3.75,5192.509650873193,rowcol,0.16099136874760567,0.020453528086730267,0.6923928317718442,0.6770737300180065,0.7816759394972203,0.6847415010882892,0.674846828927697,0.6705573428245729,2.5542522253335394
True,0.0,-4.75,5192.509650873193,rowcol,0.5281822276530826,0.05400216239016683,0.6767075383696336,0.7247034802585695,0.9420149652580353,0.44352460351384043,0.6161589631518485,0.8952341907403186,2.55482609536747
True,-35.0,-4.25,5192.509650873193,rowcol,0.77591272311007,0.07307372057901675,0.7134240508055483,0.6166382926819135,0.8611767021309118,0.46512782681476583,0.6830567231287685,0.7197777629964205,2.5569104450985582
True,85.0,-4.25,5192.509650873193,rowcol,0.7759127231100701,0.07307372057901675,0.7134240508055483,0.6166382926819135,0.8611767021309118,0.46512782681476583,0.6830567231287685,0.7197777629964206,2.5569104450985582
True,-25.0,-4.25,5192.509650873193,rowcol,0.7759127224875871,0.07307372718867543,0.7133958300313946,0.618490720703879,0.8611767723399153,0.46434152420423525,0.6830218586419844,0.7231229643117897,2.558678210798063
True,55.0,-4.75,5192.509650873193,rowcol,0.42477458292886944,0.047815856924747914,0.6857516957085782,0.7148170745523005,0.9420226055875902,0.48724329276411954,0.6278675267218943,0.8608265623490412,2.572072161678035
True,-65.0,-4.75,5192.509650873193,rowcol,0.4247745829288696,0.04781585692474791,0.6857516957085782,0.7148170745523006,0.9420226055875903,0.48724329276411954,0.6278675267218943,0.8608265623490411,2.5720721616780353
True,-30.0,4.25,5192.509650873193,rowcol,0.3437193766774431,0.030279722633361005,0.7192628965003912,0.6164090524442054,0.5109567744196252,0.3978214089470906,0.7510327941530349,0.7525995063223603,2.574197741945379
True,90.0,4.25,5192.509650873193,rowcol,0.3437193766774431,0.030279722633361005,0.7192628965003912,0.6164090524442054,0.5109567744196252,0.3978214089470906,0.7510327941530349,0.7525995063223603,2.574197741945379
True,5.0,-4.75,5192.509650873193,rowcol,0.42477458659362916,0.04781582436865895,0.6857840192796432,0.7274986685190095,0.9420226281661511,0.4869943144704388,0.6279092587603768,0.8802838464006438,2.584850726357939
False,5.0,4.5,5192.509650873193,rowcol,0.661371678120396,0.06932318231661373,0.6548447798451952,0.8227235691489212,0.9864980283260173,0.8176928935425692,0.5741054667812662,0.8269306231824198,2.587257908684507
False,-55.0,-4.5,5192.509650873193,rowcol,0.661371678120358,0.06932318231662055,0.6548447798452899,0.8227235691490918,0.9864980283262297,0.817692893542851,0.5741054667813275,0.826930623182498,2.587257908684961
False,65.0,-4.5,5192.509650873193,rowcol,0.6613716781203579,0.06932318231662055,0.6548447798452899,0.822723569149092,0.9864980283262297,0.8176928935428512,0.5741054667813275,0.826930623182498,2.5872579086849616
True,-30.0,-4.25,5192.509650873193,rowcol,0.7836386281162686,0.07401990675861103,0.7251054838810232,0.6179867386218871,0.861128192927815,0.4546370377934098,0.6974588365037445,0.7275023787256203,2.593303190264957
True,90.0,-4.25,5192.509650873193,rowcol,0.7836386281162686,0.07401990675861103,0.7251054838810232,0.6179867386218871,0.861128192927815,0.4546370377934098,0.6974588365037445,0.7275023787256203,2.593303190264957
False,-90.0,-3.75,5192.509650873193,rowcol,0.15934288383482362,0.015781830032414436,0.6984245097206068,0.7057006889781993,0.8226441716405039,0.745421126642141,0.6733170561798307,0.6704770733840466,2.6009742181400197
False,30.0,-3.75,5192.509650873193,rowcol,0.1593428838348236,0.015781830032414436,0.6984245097206069,0.7057006889781993,0.8226441716405039,0.745421126642141,0.6733170561798307,0.6704770733840466,2.6009742181400197
False,-30.0,3.75,5192.509650873193,rowcol,0.15934288383471962,0.015781830032415352,0.6984245097207342,0.7057006889781136,0.8226441716401982,0.7454211266417647,0.673317056180055,0.6704770733842327,2.6009742181403164
False,90.0,3.75,5192.509650873193,rowcol,0.15934288383471962,0.015781830032415352,0.6984245097207342,0.7057006889781136,0.8226441716401982,0.7454211266417646,0.673317056180055,0.6704770733842327,2.6009742181403164
False,-65.0,4.5,5192.509650873193,rowcol,0.6613716832307108,0.06932313356208955,0.6553095449983873,0.8351215814953931,0.9881459933558048,0.8219750158401032,0.5742158410173511,0.8460195746875437,2.601050216490555
False,55.0,4.5,5192.509650873193,rowcol,0.6613716832307108,0.06932313356208955,0.6553095449983872,0.8351215814953931,0.9881459933558048,0.8219750158401032,0.574215841017351,0.8460195746875436,2.601050216490555
False,-5.0,-4.5,5192.509650873193,rowcol,0.6613716832306729,0.06932313356209638,0.655309544998482,0.8351215814955634,0.9881459933560172,0.821975015840384,0.5742158410174123,0.8460195746876238,2.60105021649101
True,-40.0,-4.5,5192.509650873193,rowcol,0.7703353409489897,0.07177101871334343,0.7211484504163681,0.6442135023142159,0.9014794771563335,0.4813934517033678,0.68316799038958,0.7544139072157925,2.6076588535633203
True,80.0,-4.5,5192.509650873193,rowcol,0.7703353409489897,0.07177101871334343,0.7211484504163682,0.6442135023142159,0.9014794771563335,0.4813934517033678,0.68316799038958,0.7544139072157925,2.6076588535633207
True,-20.0,-4.5,5192.509650873193,rowcol,0.7703353405207428,0.0717710233098176,0.721106598178261,0.6485347850796054,0.9014795878008084,0.48014112531307707,0.6831157314084979,0.7618644247648394,2.6118545796143886
True,15.0,5.0,5192.509650873193,rowcol,0.8382594259060949,0.08014058791004174,0.683434589266438,0.7667271461022778,0.6318633490049183,0.639558897353264,0.6924211726348198,0.8592257080480923,2.6170309139015915
False,-70.0,-4.5,5192.509650873193,rowcol,0.39990574923154176,0.05395738622428574,0.669736834576207,0.8084624785174489,0.9127137874275065,0.8318984700020139,0.6151922172304642,0.7882138109957687,2.61767298224607
False,50.0,-4.5,5192.509650873193,rowcol,0.3999057492315417,0.053957386224285725,0.669736834576207,0.8084624785174488,0.9127137874275064,0.8318984700020138,0.6151922172304642,0.7882138109957687,2.61767298224607
False,-10.0,4.5,5192.509650873193,rowcol,0.3999057492316813,0.05395738622428883,0.6697368345763898,0.8084624785174782,0.9127137874280224,0.8318984700019971,0.6151922172305601,0.7882138109958391,2.6176729822466474
False,25.0,4.25,5192.509650873193,rowcol,0.8384457260982385,0.0865232811457454,0.6537748138211478,0.8587527777465772,0.546136346901639,0.9955577800058912,0.6715385299698152,0.7239578662484152,2.6200772192100206
False,-35.0,-4.25,5192.509650873193,rowcol,0.838445726098326,0.08652328114574012,0.653774813821349,0.858752777746449,0.5461363469015091,0.9955577800055285,0.671538529970066,0.7239578662485547,2.620077219210496
False,85.0,-4.25,5192.509650873193,rowcol,0.838445726098326,0.08652328114574012,0.653774813821349,0.858752777746449,0.5461363469015091,0.9955577800055285,0.6715385299700661,0.7239578662485547,2.620077219210496
True,75.0,-4.75,5192.509650873193,rowcol,0.7458042475948411,0.06890188176355859,0.7167371755479904,0.6717573372944736,0.9418257677217663,0.4513391647816682,0.6675801510282007,0.8120625648379468,2.621968863938445
True,-45.0,-4.75,5192.509650873193,rowcol,0.7458042475948411,0.0689018817635586,0.7167371755479907,0.6717573372944736,0.9418257677217666,0.4513391647816683,0.6675801510282007,0.8120625648379468,2.6219688639384455
False,-85.0,4.25,5192.509650873193,rowcol,0.8384457255221817,0.08652328672796966,0.6538393545882514,0.8606048842406192,0.5468043636735241,0.9961929179084559,0.6715137324126601,0.7272644762554398,2.6221229480053734
False,35.0,4.25,5192.509650873193,rowcol,0.8384457255221817,0.08652328672796966,0.6538393545882514,0.8606048842406192,0.5468043636735241,0.9961929179084559,0.6715137324126601,0.7272644762554398,2.6221229480053734
False,-25.0,-4.25,5192.509650873193,rowcol,0.8384457255222691,0.08652328672796437,0.6538393545884527,0.8606048842404934,0.5468043636733954,0.9961929179080941,0.6715137324129109,0.7272644762555827,2.6221229480058517
False,40.0,-4.25,5192.509650873193,rowcol,0.2063842174459912,0.030259175864229448,0.7107457074017822,0.6899720596562815,0.8084894682385197,0.6515276053825393,0.6914418661449055,0.7207176851011181,2.622209181861628
False,-80.0,-4.25,5192.509650873193,rowcol,0.20638421744599125,0.03025917586422945,0.7107457074017822,0.6899720596562816,0.8084894682385196,0.6515276053825393,0.6914418661449055,0.7207176851011181,2.6222091818616287
False,-20.0,4.25,5192.509650873193,rowcol,0.2063842174460404,0.030259175864237618,0.7107457074019584,0.6899720596563321,0.8084894682386682,0.6515276053824889,0.6914418661450882,0.7207176851012457,2.6222091818622073
True,-75.0,5.0,5192.509650873193,rowcol,0.8382594271431435,0.08014057497068275,0.6833997491731224,0.7736884329587754,0.631863515755043,0.6385668283680966,0.6923804886339457,0.8712500323442219,2.6238876804781426
True,45.0,5.0,5192.509650873193,rowcol,0.8382594271431435,0.08014057497068275,0.6833997491731225,0.7736884329587754,0.631863515755043,0.6385668283680966,0.6923804886339459,0.8712500323442218,2.623887680478143
False,20.0,-4.25,5192.509650873193,rowcol,0.2063842172538935,0.0302591771744413,0.7108804086240029,0.6952695374105657,0.8093848289228419,0.6541683710026444,0.691414643357186,0.7280411575833156,2.6279107632825744
False,-40.0,4.25,5192.509650873193,rowcol,0.2063842172539427,0.030259177174449467,0.7108804086241793,0.6952695374106206,0.8093848289229911,0.6541683710025957,0.6914146433573688,0.7280411575834486,2.6279107632831584
False,80.0,4.25,5192.509650873193,rowcol,0.2063842172539427,0.030259177174449474,0.7108804086241792,0.6952695374106205,0.8093848289229912,0.6541683710025957,0.6914146433573687,0.7280411575834486,2.6279107632831584
False,10.0,-4.5,5192.509650873193,rowcol,0.3999057505275414,0.05395737661896912,0.6701053420865464,0.8189094235616616,0.9142724507035381,0.8355512865433471,0.6152447786871049,0.8046473890828402,2.629225449821301
False,-50.0,4.5,5192.509650873193,rowcol,0.39990575052768096,0.05395737661897222,0.6701053420867294,0.818909423561695,0.9142724507040542,0.8355512865433321,0.615244778687201,0.8046473890829158,2.6292254498218837
False,70.0,4.5,5192.509650873193,rowcol,0.399905750527681,0.05395737661897222,0.6701053420867294,0.818909423561695,0.9142724507040542,0.835551286543332,0.615244778687201,0.8046473890829158,2.6292254498218837
True,-15.0,-4.75,5192.509650873193,rowcol,0.7458042488846567,0.06890186780240112,0.7167056153196535,0.6792974683169071,0.9418258739995291,0.45000272467926633,0.6675400628639189,0.8241438321630182,2.6294143142758677
False,20.0,4.5,5192.509650873193,rowcol,0.8260648652029329,0.08390275115052581,0.661761459990501,0.8478202504404724,0.6173997876385506,0.943797112918213,0.6695310039689444,0.7577518234784979,2.6331046304119754
False,-40.0,-4.5,5192.509650873193,rowcol,0.8260648652030088,0.0839027511505248,0.6617614599907257,0.8478202504404583,0.6173997876388793,0.9437971129180823,0.6695310039691516,0.7577518234786058,2.6331046304126353
False,80.0,-4.5,5192.509650873193,rowcol,0.8260648652030088,0.0839027511505248,0.6617614599907257,0.8478202504404583,0.6173997876388793,0.9437971129180823,0.6695310039691516,0.7577518234786058,2.6331046304126353
False,-80.0,4.5,5192.509650873193,rowcol,0.8260648648035773,0.08390275508238303,0.6619146371660578,0.852141717826634,0.6186406787976904,0.9452385901616516,0.6695012345260526,0.7651289608103301,2.637885629324807
False,40.0,4.5,5192.509650873193,rowcol,0.8260648648035773,0.08390275508238303,0.6619146371660578,0.8521417178266338,0.6186406787976904,0.9452385901616518,0.6695012345260526,0.7651289608103299,2.637885629324807
False,-20.0,-4.5,5192.509650873193,rowcol,0.8260648648036532,0.08390275508238201,0.6619146371662826,0.8521417178266237,0.6186406787980198,0.9452385901615222,0.66950123452626,0.7651289608104438,2.6378856293254715
True,25.0,4.5,5192.509650873193,rowcol,0.8614113860666469,0.08420615375952954,0.6923287541421422,0.7610097820996303,0.5518814404574874,0.7550770724462442,0.7149626317010325,0.7659635572989576,2.637996044526057
True,-85.0,4.5,5192.509650873193,rowcol,0.8614113854582195,0.08420615998361618,0.6922979627060896,0.7625998125584106,0.5518815564587851,0.7545644772469268,0.7149273636949541,0.7692924755837856,2.639493700676679
True,35.0,4.5,5192.509650873193,rowcol,0.8614113854582194,0.08420615998361618,0.6922979627060896,0.7625998125584106,0.5518815564587848,0.7545644772469267,0.7149273636949541,0.7692924755837856,2.639493700676679
False,-75.0,-4.5,5192.509650873193,rowcol,0.29405868696923154,0.043230598709073954,0.6970612534716003,0.7484596725758255,0.8463421964157009,0.7309014349339454,0.6662561511029981,0.7629132071944599,2.6396434329906264
False,45.0,-4.5,5192.509650873193,rowcol,0.2940586869692315,0.04323059870907394,0.6970612534716003,0.7484596725758255,0.8463421964157009,0.7309014349339453,0.6662561511029981,0.7629132071944599,2.6396434329906264
False,-15.0,4.5,5192.509650873193,rowcol,0.2940586869693571,0.04323059870908137,0.6970612534718033,0.7484596725759125,0.8463421964161871,0.7309014349340257,0.6662561511031365,0.7629132071945519,2.6396434329913223
False,0.0,4.5,5192.509650873193,rowcol,0.5875913336316293,0.0658792629637642,0.6642841256166081,0.8491163969364274,1.0109464317647368,0.8707026858135866,0.579151989653032,0.8305283446316233,2.6419687737862514
False,60.0,-4.5,5192.509650873193,rowcol,0.5875913336315445,0.0658792629637693,0.6642841256165961,0.8491163969365619,1.010946431764671,0.8707026858138458,0.5791519896530367,0.8305283446316484,2.64196877378635
False,-60.0,-4.5,5192.509650873193,rowcol,0.5875913336315446,0.0658792629637693,0.6642841256165962,0.8491163969365619,1.010946431764671,0.8707026858138458,0.5791519896530367,0.8305283446316484,2.641968773786351
False,-65.0,-4.5,5192.509650873193,rowcol,0.5001103898960916,0.06129799171126107,0.6650179975521529,0.849048665564364,0.9809330130197313,0.8869595567323482,0.589463797969767,0.8158033306470857,2.644102658220823
False,55.0,-4.5,5192.509650873193,rowcol,0.5001103898960915,0.06129799171126107,0.6650179975521529,0.849048665564364,0.9809330130197313,0.8869595567323482,0.589463797969767,0.8158033306470857,2.644102658220823
False,-5.0,4.5,5192.509650873193,rowcol,0.5001103898962138,0.061297991711259464,0.6650179975522669,0.8490486655643015,0.9809330130200622,0.8869595567321784,0.5894637979698187,0.8158033306471207,2.6441026582211022
False,15.0,-4.5,5192.509650873193,rowcol,0.2940586873064807,0.043230596415072084,0.6973086347753856,0.7567060829878061,0.8476686963522314,0.7343264750547607,0.6662548131054059,0.775026994704504,2.648631987313963
False,-45.0,4.5,5192.509650873193,rowcol,0.2940586873066063,0.0432305964150795,0.6973086347755888,0.7567060829878973,0.8476686963527179,0.7343264750548426,0.6662548131055446,0.7750269947046027,2.6486319873146638
False,75.0,4.5,5192.509650873193,rowcol,0.29405868730660634,0.0432305964150795,0.6973086347755888,0.7567060829878973,0.8476686963527181,0.7343264750548426,0.6662548131055446,0.7750269947046027,2.6486319873146638
True,-70.0,-4.75,5192.509650873193,rowcol,0.3138062926422597,0.04059609912567787,0.7085667789889892,0.7233849885030439,0.942080634147418,0.5658797407521678,0.6571208033227064,0.833103944172341,2.6490853254700117
True,50.0,-4.75,5192.509650873193,rowcol,0.3138062926422597,0.04059609912567786,0.7085667789889892,0.7233849885030439,0.942080634147418,0.5658797407521678,0.6571208033227064,0.8331039441723409,2.6490853254700117
True,-55.0,-5.0,5192.509650873193,rowcol,0.6273113477128988,0.06019763846525552,0.7074964091425154,0.7296481562125614,0.9822154478398445,0.4130011664215763,0.6449326681712211,0.9146968251197741,2.652137383640108
True,65.0,-5.0,5192.509650873193,rowcol,0.6273113477128986,0.06019763846525551,0.7074964091425154,0.7296481562125613,0.9822154478398445,0.41300116642157625,0.6449326681712211,0.914696825119774,2.652137383640108
True,20.0,4.75,5192.509650873193,rowcol,0.8587374309763796,0.08302179822761815,0.6948457138462735,0.7698915811297652,0.5918810635734925,0.7316493011619816,0.7120113659454035,0.800640142192424,2.6544287226685856
False,-85.0,-4.0,5192.509650873193,rowcol,0.15905834337550134,0.019363965888718946,0.7204025181134115,0.6940131109982302,0.8303488669245773,0.6874970547362308,0.698499376055818,0.6994460550933002,2.6552206653384647
False,35.0,-4.0,5192.509650873193,rowcol,0.15905834337550134,0.019363965888718946,0.7204025181134115,0.6940131109982302,0.8303488669245773,0.6874970547362308,0.698499376055818,0.6994460550933002,2.6552206653384647
False,-25.0,4.0,5192.509650873193,rowcol,0.15905834337544203,0.019363965888723234,0.7204025181135567,0.6940131109982082,0.8303488669243823,0.6874970547359739,0.6984993760560374,0.6994460550934725,2.655220665338878
False,-60.0,4.5,5192.509650873193,rowcol,0.5875913384382103,0.06587922009281783,0.6647750302849846,0.8618557357743422,1.0126258843721114,0.8748073639211937,0.5792831101743748,0.8508109405516044,2.656180826629296
False,60.0,4.5,5192.509650873193,rowcol,0.5875913384382104,0.06587922009281783,0.6647750302849846,0.8618557357743422,1.0126258843721114,0.8748073639211937,0.5792831101743748,0.8508109405516043,2.656180826629296
False,0.0,-4.5,5192.509650873193,rowcol,0.5875913384381256,0.06587922009282292,0.6647750302849725,0.8618557357744744,1.0126258843720457,0.8748073639214513,0.5792831101743795,0.8508109405516288,2.656180826629392
False,5.0,-4.5,5192.509650873193,rowcol,0.5001103929479243,0.061297966812344826,0.6654756471343641,0.8610188520971325,0.9825903115367967,0.8908035209393814,0.5895712827115467,0.8351483561794868,2.6574457935002247
False,-55.0,4.5,5192.509650873193,rowcol,0.5001103929480465,0.06129796681234323,0.6654756471344782,0.861018852097073,0.9825903115371273,0.8908035209392134,0.5895712827115983,0.8351483561795247,2.6574457935005076
False,65.0,4.5,5192.509650873193,rowcol,0.5001103929480465,0.06129796681234323,0.6654756471344782,0.8610188520970731,0.9825903115371274,0.8908035209392137,0.5895712827115983,0.8351483561795247,2.6574457935005076
False,25.0,-4.0,5192.509650873193,rowcol,0.15905834286016984,0.01936397012172388,0.7204576469199703,0.6963683655111084,0.8307625390622353,0.6888041542068504,0.6984769404903751,0.7026667544382772,2.6577413062710193
False,-35.0,4.0,5192.509650873193,rowcol,0.15905834286011053,0.01936397012172817,0.7204576469201157,0.6963683655110887,0.8307625390620408,0.6888041542065946,0.6984769404905945,0.7026667544384526,2.657741306271436
False,85.0,4.0,5192.509650873193,rowcol,0.15905834286011053,0.01936397012172817,0.7204576469201157,0.6963683655110887,0.8307625390620408,0.6888041542065944,0.6984769404905945,0.7026667544384526,2.657741306271436
True,-80.0,4.75,5192.509650873193,rowcol,0.8587374305607643,0.0830218025265401,0.6947998639607845,0.7737116623943433,0.5918812414555681,0.7307801634266232,0.7119584382966525,0.8080527973186448,2.658111254276697
True,40.0,4.75,5192.509650873193,rowcol,0.8587374305607643,0.0830218025265401,0.6947998639607845,0.7737116623943433,0.5918812414555681,0.7307801634266232,0.7119584382966525,0.8080527973186448,2.658111254276697
True,10.0,-4.75,5192.509650873193,rowcol,0.31380629419735057,0.04059608710488223,0.7085664433283457,0.7335037925723223,0.942080700832757,0.5652174619014614,0.6571203579828488,0.8496069587548886,2.6592031225573596
True,-15.0,5.0,5192.509650873193,rowcol,0.40451912909730253,0.04488549381111722,0.7216569664833922,0.6945535828711897,0.6315267418964426,0.4538462136247106,0.7368988958832826,0.8455045662099208,2.659524482321366
True,-75.0,-4.5,5192.509650873193,rowcol,0.2185930598297199,0.03295588623730981,0.7151749978200768,0.7166680886905945,0.9019927282202495,0.6544396126898032,0.6755783104633264,0.7650934629660021,2.662193082150825
True,45.0,-4.5,5192.509650873193,rowcol,0.21859305982971985,0.0329558862373098,0.7151749978200769,0.7166680886905945,0.9019927282202495,0.6544396126898032,0.6755783104633265,0.765093462966002,2.662193082150825
True,-5.0,-5.0,5192.509650873193,rowcol,0.6273113538817181,0.06019757418079881,0.7075294003109767,0.742723444966396,0.9822154706341947,0.41269193300960816,0.6449754499560917,0.9339845614812572,2.665311645899326
False,10.0,4.75,5192.509650873193,rowcol,0.7396464369395763,0.07488679046985623,0.6763378042760325,0.8380326354421208,0.9405142199792373,0.8273257847409924,0.6160968965502824,0.8469322089046158,2.6670460482702185
False,-50.0,-4.75,5192.509650873193,rowcol,0.7396464369395873,0.0748867904698634,0.6763378042762215,0.8380326354423011,0.9405142199797185,0.8273257847412704,0.6160968965503939,0.8469322089047159,2.6670460482709655
False,70.0,-4.75,5192.509650873193,rowcol,0.7396464369395873,0.0748867904698634,0.6763378042762215,0.8380326354423011,0.9405142199797185,0.8273257847412704,0.6160968965503939,0.8469322089047159,2.6670460482709655
True,75.0,5.0,5192.509650873193,rowcol,0.40451912924911804,0.044885492442917764,0.7216239665896926,0.7022312762604077,0.6315269087354458,0.45244712036861756,0.7368606616157627,0.8577221381652814,2.6671031760294857
True,-45.0,5.0,5192.509650873193,rowcol,0.4045191292491181,0.044885492442917764,0.7216239665896927,0.7022312762604076,0.631526908735446,0.4524471203686176,0.7368606616157628,0.8577221381652814,2.667103176029486
False,15.0,4.75,5192.509650873193,rowcol,0.7965995237270226,0.07987765866789305,0.6755411363560082,0.8410779854759242,0.7852249352481594,0.871874873266247,0.6535676778480024,0.814276942941087,2.6677013945439487
False,-45.0,-4.75,5192.509650873193,rowcol,0.7965995237270742,0.07987765866789728,0.6755411363562417,0.8410779854760487,0.7852249352487435,0.8718748732664032,0.6535676778481598,0.8142769429411834,2.667701394544774
False,75.0,-4.75,5192.509650873193,rowcol,0.7965995237270742,0.07987765866789727,0.6755411363562417,0.8410779854760487,0.7852249352487436,0.8718748732664032,0.6535676778481598,0.8142769429411834,2.667701394544774
True,70.0,-5.0,5192.509650873193,rowcol,0.7020612808405823,0.06520354635138553,0.7192606448821525,0.7104874560144326,0.9821554334029395,0.40799919734715495,0.6601544026377528,0.8884388714486513,2.66826939066089
True,-50.0,-5.0,5192.509650873193,rowcol,0.7020612808405823,0.06520354635138553,0.7192606448821526,0.7104874560144326,0.9821554334029395,0.40799919734715495,0.6601544026377528,0.8884388714486512,2.6682693906608907
True,15.0,-4.5,5192.509650873193,rowcol,0.21859306028339878,0.032955883228103035,0.7151450290241694,0.7233704376988663,0.9019928333507757,0.6535671477783372,0.6755407764606459,0.7772363251989942,2.6688055247713747
True,-85.0,-4.0,5192.509650873193,rowcol,0.1479635914719143,0.02125439052084785,0.7214564313983285,0.7067360676130141,0.8218413746852251,0.7148131069301563,0.7016124786054196,0.6998712058234304,2.6711053618079994
True,35.0,-4.0,5192.509650873193,rowcol,0.1479635914719143,0.02125439052084785,0.7214564313983285,0.7067360676130141,0.8218413746852249,0.7148131069301563,0.7016124786054196,0.6998712058234304,2.6711053618079994
True,25.0,-4.0,5192.509650873193,rowcol,0.1479635909179417,0.02125439437735762,0.721430168407117,0.7082576928873231,0.8218414439269917,0.7143318028031348,0.701580535298559,0.7031088100365996,2.6725481981086743
True,-60.0,-5.0,5192.509650873193,rowcol,0.5359433732235662,0.054809781302855035,0.7097693032254548,0.7447802180739557,0.9822230994893544,0.45599565788280916,0.6478764347705817,0.919958556046629,2.67408812775032
True,60.0,-5.0,5192.509650873193,rowcol,0.5359433732235661,0.05480978130285503,0.709769303225455,0.7447802180739557,0.9822230994893546,0.45599565788280927,0.6478764347705817,0.919958556046629,2.674088127750321
False,-75.0,4.75,5192.509650873193,rowcol,0.7965995249345929,0.07987764662510145,0.6758105784282944,0.8486210689430236,0.7867338453777538,0.8744625689264863,0.6535662440442217,0.8262632292151391,2.676052804227907
False,45.0,4.75,5192.509650873193,rowcol,0.7965995249345929,0.07987764662510145,0.6758105784282944,0.8486210689430235,0.7867338453777538,0.8744625689264863,0.6535662440442217,0.8262632292151391,2.676052804227907
False,-15.0,-4.75,5192.509650873193,rowcol,0.7965995249346446,0.07987764662510569,0.6758105784285281,0.8486210689431521,0.786733845378338,0.8744625689266448,0.6535662440443792,0.8262632292152418,2.6760528042287364
False,-70.0,4.75,5192.509650873193,rowcol,0.7396464406343066,0.07488675397750814,0.6767229967022593,0.848735339812601,0.9421108520069108,0.8313460970137025,0.6161523125760844,0.8630883353082947,2.678904329919379
False,50.0,4.75,5192.509650873193,rowcol,0.7396464406343066,0.07488675397750814,0.6767229967022593,0.8487353398126009,0.9421108520069106,0.8313460970137027,0.6161523125760844,0.8630883353082947,2.678904329919379
False,-10.0,-4.75,5192.509650873193,rowcol,0.7396464406343176,0.07488675397751532,0.6767229967024486,0.8487353398127833,0.9421108520073921,0.8313460970139809,0.616152312576196,0.8630883353083993,2.678904329920129
True,-10.0,-5.0,5192.509650873193,rowcol,0.7020612850265532,0.06520350128007656,0.7192603097370318,0.7213239710505351,0.9821555007338693,0.4070317070439704,0.6601539526669538,0.9047382423511081,2.6791049002616303
True,-25.0,4.5,5192.509650873193,rowcol,0.34895239698450403,0.03194681359140633,0.7455455848711955,0.6456696392747174,0.5510561579704851,0.4334256993185124,0.7757605283572352,0.7807062981829762,2.682306393888304
True,-35.0,4.5,5192.509650873193,rowcol,0.3489523967930501,0.03194681568264119,0.7455169937586362,0.64754265381487,0.5510562741455106,0.4325320818374966,0.7757280271682125,0.783972171632963,2.684093635090779
True,85.0,4.5,5192.509650873193,rowcol,0.34895239679305007,0.03194681568264119,0.7455169937586362,0.64754265381487,0.5510562741455105,0.4325320818374966,0.7757280271682125,0.783972171632963,2.684093635090779
True,0.0,-5.0,5192.509650873193,rowcol,0.5359433790788808,0.05480972404813317,0.7098159475678365,0.758529304530277,0.9822231032697429,0.4559651522571086,0.6479368477649948,0.940424796118334,2.6879771472337866
False,-90.0,4.25,5192.509650873193,rowcol,0.8501456267370796,0.08844945595405136,0.6682884927901466,0.8840460546768758,0.5545422516506042,1.0361946443760965,0.6869956945812966,0.7320056866455616,2.6889115330473157
False,30.0,4.25,5192.509650873193,rowcol,0.8501456267370796,0.08844945595405136,0.6682884927901467,0.884046054676876,0.5545422516506043,1.0361946443760968,0.6869956945812966,0.7320056866455616,2.688911533047316
False,-30.0,-4.25,5192.509650873193,rowcol,0.8501456267371725,0.08844945595404384,0.6682884927903416,0.8840460546766755,0.554542251650263,1.0361946443755872,0.6869956945815712,0.7320056866457233,2.6889115330477003
False,90.0,-4.25,5192.509650873193,rowcol,0.8501456267371725,0.08844945595404385,0.6682884927903415,0.8840460546766755,0.5545422516502632,1.0361946443755872,0.6869956945815712,0.7320056866457232,2.6889115330477003
True,-90.0,4.5,5192.509650873193,rowcol,0.8689651800735277,0.08528231843690086,0.7059127409556721,0.7716626635251204,0.5519300323776332,0.7688631516932204,0.7304913598919252,0.7740091851606082,2.6894008863921366
True,30.0,4.5,5192.509650873193,rowcol,0.8689651800735277,0.08528231843690086,0.7059127409556721,0.7716626635251205,0.5519300323776333,0.7688631516932204,0.7304913598919252,0.7740091851606082,2.689400886392137
True,-80.0,-4.25,5192.509650873193,rowcol,0.1617991999358524,0.026127204119705132,0.7257575858463203,0.7174999893658808,0.861932590399512,0.7120185795541901,0.6980793308431867,0.7220775865484428,2.6947727469048415
True,40.0,-4.25,5192.509650873193,rowcol,0.1617991999358524,0.02612720411970513,0.7257575858463203,0.7174999893658808,0.8619325903995118,0.7120185795541901,0.6980793308431867,0.7220775865484427,2.6947727469048415
True,-20.0,4.75,5192.509650873193,rowcol,0.36529816803399845,0.03744534631729088,0.7423116965354911,0.6705421736174835,0.5912632852525423,0.46998040752111647,0.766644534136389,0.8012484863732298,2.697477263223957
True,20.0,-4.25,5192.509650873193,rowcol,0.16179919969082068,0.026127205637124694,0.7257183112747192,0.7211671011781163,0.8619326996915916,0.7112195160506989,0.6980310313449429,0.7294279050907554,2.698322035002274
True,-40.0,4.75,5192.509650873193,rowcol,0.36529816796024,0.03744534703684146,0.7422687803304352,0.6749246047334753,0.5912634633204771,0.4686262165316202,0.7665953804578148,0.8086552527463651,2.7017309457247807
True,80.0,4.75,5192.509650873193,rowcol,0.36529816796024,0.03744534703684146,0.7422687803304352,0.6749246047334753,0.5912634633204771,0.4686262165316202,0.7665953804578148,0.8086552527463651,2.7017309457247807
True,55.0,-5.0,5192.509650873193,rowcol,0.42845211623589385,0.04838895601220875,0.7190690563516334,0.7487043570636774,0.9822309996949693,0.5021499849000858,0.6598870964672742,0.9054956702193485,2.7059115261185775
True,-65.0,-5.0,5192.509650873193,rowcol,0.4284521162358939,0.04838895601220876,0.7190690563516335,0.7487043570636776,0.9822309996949695,0.5021499849000859,0.6598870964672742,0.9054956702193485,2.7059115261185784
True,-35.0,-4.5,5192.509650873193,rowcol,0.7948658412408254,0.07457892937507753,0.7544373833007668,0.6482434932243555,0.9013492927471567,0.4812519847034588,0.724455390245538,0.7608178697225896,2.711555643126656
True,85.0,-4.5,5192.509650873193,rowcol,0.7948658412408254,0.07457892937507751,0.7544373833007668,0.6482434932243555,0.9013492927471566,0.4812519847034588,0.724455390245538,0.7608178697225895,2.711555643126656
True,-25.0,-4.5,5192.509650873193,rowcol,0.7948658405814607,0.07457893640261729,0.7544091268514052,0.6501093847734508,0.90134936377286,0.4804473309010632,0.7244205843891831,0.7641692042793802,2.713336765327666
True,5.0,-5.0,5192.509650873193,rowcol,0.42845211992689997,0.04838892333078599,0.719101504384512,0.7614537417618195,0.9822310224889588,0.5018956818311756,0.6599288930692139,0.9249771839737736,2.7187582549153557
True,-90.0,-4.0,5192.509650873193,rowcol,0.13987359120621407,0.0187943597756707,0.7343026235862982,0.7166316195584386,0.8218874537081167,0.721936684444131,0.7171861756259921,0.7121395229301001,2.719539490317333
True,30.0,-4.0,5192.509650873193,rowcol,0.13987359120621407,0.018794359775670698,0.7343026235862982,0.7166316195584386,0.8218874537081167,0.721936684444131,0.7171861756259921,0.7121395229301002,2.719539490317333
True,-30.0,4.5,5192.509650873193,rowcol,0.34605873091225864,0.02964972931452708,0.7610587563271132,0.6480664226464831,0.5510085968265168,0.4114668700940117,0.7933765928912964,0.7942377647759031,2.7312426916278225
True,90.0,4.5,5192.509650873193,rowcol,0.34605873091225864,0.029649729314527085,0.7610587563271132,0.648066422646483,0.5510085968265168,0.4114668700940118,0.7933765928912964,0.7942377647759031,2.7312426916278225
False,5.0,4.75,5192.509650873193,rowcol,0.6747877171698383,0.07102104003920835,0.6908098354864096,0.8634676493257785,1.0393608595539543,0.8538642789977138,0.6060483359846829,0.8714620628389107,2.7358971557850076
False,65.0,-4.75,5192.509650873193,rowcol,0.6747877171698006,0.07102104003921562,0.6908098354865103,0.863467649325959,1.0393608595541821,0.8538642789980136,0.6060483359847473,0.8714620628389925,2.73589715578549
False,-55.0,-4.75,5192.509650873193,rowcol,0.6747877171698007,0.07102104003921562,0.6908098354865104,0.863467649325959,1.0393608595541821,0.8538642789980136,0.6060483359847473,0.8714620628389925,2.7358971557854903
False,-65.0,4.75,5192.509650873193,rowcol,0.6747877225373539,0.071020989041154,0.6912748887792722,0.8759397715143323,1.0410119722946785,0.8581909798543287,0.6061587024232409,0.8905925376675946,2.749764437852149
False,55.0,4.75,5192.509650873193,rowcol,0.6747877225373539,0.071020989041154,0.6912748887792722,0.8759397715143323,1.0410119722946785,0.8581909798543287,0.6061587024232409,0.8905925376675946,2.749764437852149
False,-5.0,-4.75,5192.509650873193,rowcol,0.674787722537316,0.07102098904116129,0.6912748887793728,0.8759397715145123,1.0410119722949065,0.8581909798546276,0.6061587024233053,0.890592537667678,2.749764437852631
True,-30.0,-4.5,5192.509650873193,rowcol,0.8030420024687656,0.07556156022103236,0.7669065666074835,0.6496553975193824,0.9012979843517529,0.4696668454434035,0.7397838866278602,0.769078828414485,2.750375097341833
True,90.0,-4.5,5192.509650873193,rowcol,0.8030420024687656,0.07556156022103236,0.7669065666074835,0.6496553975193824,0.9012979843517529,0.4696668454434036,0.7397838866278602,0.769078828414485,2.750375097341833
True,-40.0,-4.75,5192.509650873193,rowcol,0.7881012181123739,0.07317951420461626,0.7600760338984778,0.6757742016368916,0.9416648740466944,0.49832103813942125,0.722072259219892,0.7949140447934706,2.756002303332325
True,80.0,-4.75,5192.509650873193,rowcol,0.7881012181123739,0.07317951420461626,0.7600760338984778,0.6757742016368916,0.9416648740466944,0.49832103813942125,0.722072259219892,0.7949140447934707,2.756002303332325
True,-20.0,-4.75,5192.509650873193,rowcol,0.788101217659508,0.07317951908172197,0.7600341191132326,0.6801231222569286,0.9416649858540311,0.49704406687875996,0.7220200690848475,0.802379601295116,2.7602254795966266
True,-45.0,-5.0,5192.509650873193,rowcol,0.7617413004937468,0.07017578919576048,0.7530332526504722,0.703273735707208,0.9820244545138084,0.46566225069639244,0.7033046368586656,0.8533352096480453,2.7623734936586244
True,75.0,-5.0,5192.509650873193,rowcol,0.7617413004937468,0.07017578919576048,0.7530332526504722,0.7032737357072081,0.9820244545138079,0.46566225069639244,0.7033046368586655,0.8533352096480455,2.7623734936586244
False,-70.0,-4.75,5192.509650873193,rowcol,0.4029157840879633,0.05511451865904439,0.7054654537641953,0.8475086249833499,0.9609202310995392,0.8665157008505254,0.6481419630531434,0.8311874740666775,2.7639049862759357
False,50.0,-4.75,5192.509650873193,rowcol,0.40291578408796325,0.05511451865904438,0.7054654537641953,0.8475086249833498,0.9609202310995392,0.8665157008505254,0.6481419630531434,0.8311874740666775,2.7639049862759357
False,-10.0,4.75,5192.509650873193,rowcol,0.402915784088114,0.05511451865904776,0.7054654537643885,0.8475086249833826,0.9609202311000831,0.86651570085051,0.6481419630532449,0.8311874740667526,2.7639049862765486
True,-15.0,-5.0,5192.509650873193,rowcol,0.761741301855059,0.07017577441904227,0.7530016327747583,0.7108566783025547,0.9820245618057397,0.4642987529029761,0.7032645824687193,0.8654413795943373,2.7698615766268295
False,-90.0,-4.0,5192.509650873193,rowcol,0.13826740662560186,0.013899330733015778,0.7406722487708056,0.7496011811816182,0.8655273796484346,0.7919393633965598,0.715570267104516,0.7120490781500436,2.7716179274940353
False,30.0,-4.0,5192.509650873193,rowcol,0.13826740662560186,0.013899330733015776,0.7406722487708057,0.7496011811816183,0.8655273796484346,0.7919393633965598,0.715570267104516,0.7120490781500437,2.7716179274940353
False,90.0,4.0,5192.509650873193,rowcol,0.13826740662548687,0.013899330733015879,0.7406722487709427,0.7496011811815664,0.8655273796481087,0.791939363396241,0.7155702671047558,0.7120490781502413,2.7716179274943946
False,-30.0,4.0,5192.509650873193,rowcol,0.13826740662548687,0.013899330733015879,0.7406722487709428,0.7496011811815664,0.8655273796481087,0.791939363396241,0.7155702671047559,0.7120490781502413,2.771617927494395
False,-80.0,-4.5,5192.509650873193,rowcol,0.19634195838577234,0.030176669108464057,0.7494396122557534,0.7247040141963651,0.8478697594696674,0.6787067171799209,0.7300693557616484,0.7612387191574318,2.773022850963625
False,40.0,-4.5,5192.509650873193,rowcol,0.19634195838577229,0.03017666910846405,0.7494396122557534,0.7247040141963651,0.8478697594696674,0.6787067171799209,0.7300693557616484,0.7612387191574318,2.773022850963625
False,-20.0,4.5,5192.509650873193,rowcol,0.19634195838583776,0.03017666910847295,0.7494396122559412,0.7247040141964193,0.8478697594698283,0.6787067171798679,0.7300693557618422,0.7612387191575666,2.773022850964243
False,10.0,-4.75,5192.509650873193,rowcol,0.40291578529912786,0.055114509804800704,0.7058347384567302,0.8580314593528205,0.9624830128487598,0.87021951849496,0.6481946237598576,0.8476457758551211,2.7755356747230113
False,-50.0,4.75,5192.509650873193,rowcol,0.4029157852992786,0.05511450980480409,0.7058347384569236,0.8580314593528573,0.9624830128493037,0.8702195184949463,0.6481946237599592,0.8476457758552013,2.775535674723628
False,70.0,4.75,5192.509650873193,rowcol,0.4029157852992786,0.055114509804804084,0.7058347384569236,0.8580314593528573,0.9624830128493037,0.8702195184949463,0.6481946237599592,0.8476457758552013,2.775535674723628
False,20.0,-4.5,5192.509650873193,rowcol,0.19634195821386868,0.030176670226940205,0.7495748739486009,0.7300448539725259,0.8487737747540806,0.6813903991577495,0.7300420567772368,0.7685820938014641,2.778769475818329
False,-40.0,4.5,5192.509650873193,rowcol,0.19634195821393413,0.030176670226949094,0.7495748739487887,0.7300448539725845,0.8487737747542424,0.6813903991576981,0.7300420567774305,0.7685820938016045,2.778769475818951
False,80.0,4.5,5192.509650873193,rowcol,0.19634195821393416,0.030176670226949098,0.7495748739487887,0.7300448539725845,0.8487737747542423,0.6813903991576981,0.7300420567774304,0.7685820938016044,2.778769475818951
False,-75.0,-4.75,5192.509650873193,rowcol,0.2916768982362439,0.04389873828112326,0.7335771273442124,0.784479905541135,0.8885602641380487,0.7604367763831427,0.7016479396429328,0.8041436233880054,2.7852112875737722
False,45.0,-4.75,5192.509650873193,rowcol,0.29167689823624376,0.04389873828112326,0.7335771273442124,0.784479905541135,0.8885602641380485,0.7604367763831427,0.7016479396429329,0.8041436233880055,2.7852112875737722
False,-15.0,4.75,5192.509650873193,rowcol,0.2916768982363849,0.04389873828113128,0.7335771273444274,0.7844799055412288,0.8885602641385646,0.7604367763832316,0.7016479396430795,0.8041436233881031,2.785211287574511
True,-70.0,-5.0,5192.509650873193,rowcol,0.312465149647924,0.04087455526292353,0.742855477796455,0.7576317670611818,0.9822919225090934,0.5860377506000513,0.6903199739605833,0.8763042759679419,2.786198200450547
True,50.0,-5.0,5192.509650873193,rowcol,0.3124651496479239,0.04087455526292353,0.742855477796455,0.7576317670611818,0.9822919225090934,0.5860377506000513,0.6903199739605833,0.8763042759679419,2.786198200450547
False,25.0,4.5,5192.509650873193,rowcol,0.8594873491924245,0.08876927950197554,0.6949061862951558,0.9039258104243953,0.5871379594355873,1.0452233523435004,0.7127965252610002,0.7651568240272536,2.7886443693098624
False,-35.0,-4.5,5192.509650873193,rowcol,0.8594873491925173,0.08876927950196994,0.6949061862953676,0.9039258104242605,0.5871379594354463,1.045223352343115,0.7127965252612654,0.7651568240274031,2.7886443693103633
False,85.0,-4.5,5192.509650873193,rowcol,0.8594873491925173,0.08876927950196994,0.6949061862953676,0.9039258104242603,0.5871379594354462,1.045223352343115,0.7127965252612654,0.765156824027403,2.7886443693103633
False,-85.0,4.5,5192.509650873193,rowcol,0.8594873485826351,0.08876928540611717,0.6949704788356852,0.905791372812209,0.5877959113116248,1.045868484725396,0.7127717887307929,0.7684698323660752,2.7907028093192645
False,35.0,4.5,5192.509650873193,rowcol,0.859487348582635,0.08876928540611717,0.6949704788356853,0.905791372812209,0.5877959113116248,1.0458684847253963,0.7127717887307929,0.7684698323660754,2.790702809319265
False,-25.0,-4.5,5192.509650873193,rowcol,0.8594873485827278,0.08876928540611158,0.6949704788358971,0.9057913728120766,0.5877959113114847,1.0458684847250121,0.7127717887310582,0.7684698323662281,2.790702809319768
False,20.0,4.75,5192.509650873193,rowcol,0.8455165499083093,0.08595875257662823,0.7004191880942308,0.8901704787594656,0.6563862972982111,0.9882977008672895,0.7081504832735522,0.7983638533072979,2.791428043042158
False,-40.0,-4.75,5192.509650873193,rowcol,0.8455165499083901,0.08595875257662719,0.7004191880944668,0.8901704787594514,0.6563862972985526,0.9882977008671509,0.7081504832737706,0.7983638533074128,2.7914280430428517
False,80.0,-4.75,5192.509650873193,rowcol,0.8455165499083901,0.08595875257662719,0.7004191880944669,0.8901704787594514,0.6563862972985526,0.9882977008671509,0.7081504832737706,0.7983638533074128,2.791428043042852
False,0.0,4.75,5192.509650873193,rowcol,0.5984632362813908,0.0674919082417504,0.7004994461420029,0.89064380937524,1.0653672351286985,0.9081984579391063,0.6109467294202725,0.8756081269403374,2.7921421478012487
False,-60.0,-4.75,5192.509650873193,rowcol,0.598463236281303,0.06749190824175583,0.7004994461419908,0.8906438093753813,1.0653672351286327,0.9081984579393809,0.6109467294202772,0.8756081269403625,2.7921421478013535
False,60.0,-4.75,5192.509650873193,rowcol,0.5984632362813029,0.06749190824175583,0.7004994461419908,0.8906438093753813,1.0653672351286327,0.9081984579393809,0.6109467294202772,0.8756081269403625,2.7921421478013535
False,-65.0,-4.75,5192.509650873193,rowcol,0.5075733413955521,0.06275993673991113,0.7009931804298839,0.8902648926286898,1.0337862190722173,0.9246097478082055,0.621416022270176,0.8603204940264038,2.7932444339183418
False,55.0,-4.75,5192.509650873193,rowcol,0.507573341395552,0.06275993673991113,0.7009931804298839,0.8902648926286898,1.0337862190722173,0.9246097478082055,0.621416022270176,0.8603204940264038,2.7932444339183418
False,-5.0,4.75,5192.509650873193,rowcol,0.5075733413956813,0.06275993673990946,0.7009931804300039,0.8902648926286254,1.0337862190725637,0.9246097478080273,0.621416022270231,0.860320494026442,2.793244433918637
False,15.0,-4.75,5192.509650873193,rowcol,0.2916768985157007,0.043898736424324215,0.7338252557775437,0.792786188809555,0.8898939754445298,0.7639110446034768,0.7016465984018128,0.8162795470374011,2.794261956142186
False,-45.0,4.75,5192.509650873193,rowcol,0.29167689851584183,0.04389873642433223,0.7338252557777589,0.7927861888096529,0.8898939754450462,0.7639110446035673,0.7016465984019595,0.816279547037505,2.79426195614293
False,75.0,4.75,5192.509650873193,rowcol,0.29167689851584183,0.04389873642433223,0.7338252557777589,0.7927861888096529,0.8898939754450464,0.7639110446035672,0.7016465984019595,0.8162795470375052,2.79426195614293
False,-80.0,4.75,5192.509650873193,rowcol,0.8455165494861954,0.08595875672866883,0.7005719522117548,0.8945089197780752,0.6576184103393705,0.9897378058899592,0.7081207736459827,0.8057564738629754,2.7962247764133394
False,40.0,4.75,5192.509650873193,rowcol,0.8455165494861955,0.08595875672866884,0.7005719522117548,0.8945089197780752,0.6576184103393705,0.9897378058899594,0.7081207736459827,0.8057564738629754,2.7962247764133394
False,-20.0,-4.75,5192.509650873193,rowcol,0.8455165494862762,0.08595875672866779,0.700571952211991,0.8945089197780648,0.6576184103397128,0.9897378058898217,0.7081207736462013,0.8057564738630965,2.7962247764140375
True,10.0,-5.0,5192.509650873193,rowcol,0.31246515109288076,0.04087454421696279,0.7428551404573464,0.7678045380610306,0.9822919898306673,0.5853645963257205,0.6903195273181468,0.8928273351500786,2.7963699594330698
True,25.0,4.75,5192.509650873193,rowcol,0.882506778071051,0.08618956213059725,0.7334562072411037,0.8004638253213885,0.5920121857439257,0.7922581739148938,0.7563937680343722,0.807300128689981,2.8008324470446997
True,-85.0,4.75,5192.509650873193,rowcol,0.8825067774289802,0.08618956870484865,0.7334255276449535,0.8020595492556462,0.5920122998895032,0.791742501252744,0.7563585797748321,0.810634436902329,2.802336132190507
True,35.0,4.75,5192.509650873193,rowcol,0.8825067774289802,0.08618956870484865,0.7334255276449535,0.8020595492556463,0.5920122998895029,0.7917425012527439,0.7563585797748321,0.810634436902329,2.802336132190507
False,-60.0,4.75,5192.509650873193,rowcol,0.598463241262835,0.06749186407034763,0.7009908431147845,0.9034668746123509,1.067049504334062,0.9123506879899589,0.6110779323402528,0.8959274907584397,2.8064394039567047
False,60.0,4.75,5192.509650873193,rowcol,0.5984632412628351,0.06749186407034763,0.7009908431147845,0.9034668746123509,1.067049504334062,0.9123506879899587,0.6110779323402526,0.8959274907584397,2.8064394039567047
False,0.0,-4.75,5192.509650873193,rowcol,0.5984632412627472,0.06749186407035306,0.7009908431147726,0.9034668746124898,1.0670495043339963,0.9123506879902319,0.6110779323402573,0.8959274907584642,2.8064394039568077
False,5.0,-4.75,5192.509650873193,rowcol,0.5075733444624916,0.06275991193591754,0.7014514710392089,0.9023175460560579,1.035446221120031,0.9285002678917491,0.6215236447494042,0.8796950920502176,2.8066719591736846
False,-55.0,4.75,5192.509650873193,rowcol,0.5075733444626207,0.06275991193591586,0.701451471039329,0.9023175460559972,1.0354462211203774,0.9285002678915729,0.6215236447494592,0.8796950920502589,2.8066719591739844
False,65.0,4.75,5192.509650873193,rowcol,0.5075733444626207,0.06275991193591586,0.701451471039329,0.9023175460559971,1.0354462211203774,0.9285002678915729,0.6215236447494592,0.8796950920502589,2.8066719591739844
True,-75.0,-4.75,5192.509650873193,rowcol,0.21014462856777774,0.03281729051226982,0.7515579221617361,0.7523099439535671,0.9422054274530547,0.6823198784754843,0.7113222840507031,0.8064824044255847,2.806983710438775
True,45.0,-4.75,5192.509650873193,rowcol,0.2101446285677777,0.03281729051226982,0.7515579221617361,0.7523099439535671,0.9422054274530547,0.6823198784754843,0.7113222840507031,0.8064824044255847,2.806983710438775
True,20.0,5.0,5192.509650873193,rowcol,0.8786604327695384,0.08487706207530077,0.7338677124855962,0.8077980970073787,0.632024672367602,0.7658703432762234,0.7509447306131883,0.8414431499119652,2.8094012344641675
True,-80.0,5.0,5192.509650873193,rowcol,0.8786604323315662,0.08487706660925648,0.7338220157792432,0.8116309598921739,0.6320248477189065,0.7649963611482528,0.7508919058528567,0.8488691828193633,2.8130970072299037
True,40.0,5.0,5192.509650873193,rowcol,0.8786604323315663,0.08487706660925648,0.7338220157792432,0.8116309598921739,0.6320248477189064,0.7649963611482528,0.7508919058528567,0.8488691828193632,2.8130970072299037
True,15.0,-4.75,5192.509650873193,rowcol,0.21014462895565877,0.03281728802848352,0.751527819731412,0.7590507980969645,0.9422055336879929,0.6814365906786554,0.7112846555956762,0.8186468489267318,2.8136342572912008
False,10.0,5.0,5192.509650873193,rowcol,0.755261888785588,0.07668963160825276,0.7120729857530792,0.8784610539302639,0.9887757079265633,0.8645295967861221,0.6490471744251374,0.8900084641594586,2.814680011189502
False,-50.0,-5.0,5192.509650873193,rowcol,0.755261888785602,0.07668963160826046,0.7120729857532785,0.8784610539304544,0.9887757079270727,0.8645295967864174,0.6490471744252544,0.8900084641595636,2.8146800111902897
False,70.0,-5.0,5192.509650873193,rowcol,0.7552618887856021,0.07668963160826046,0.7120729857532785,0.8784610539304544,0.9887757079270727,0.8645295967864174,0.6490471744252544,0.8900084641595636,2.8146800111902897
False,-85.0,-4.25,5192.509650873193,rowcol,0.1412607568027479,0.018310151602652612,0.7615784430101069,0.7310258842991517,0.8715813059340487,0.719506065304104,0.7397668253916598,0.7405752256954863,2.8157612133294725
False,35.0,-4.25,5192.509650873193,rowcol,0.14126075680274788,0.01831015160265261,0.7615784430101069,0.7310258842991517,0.8715813059340487,0.719506065304104,0.7397668253916598,0.7405752256954863,2.8157612133294725
False,-25.0,4.25,5192.509650873193,rowcol,0.1412607568026905,0.01831015160265719,0.7615784430102627,0.7310258842991268,0.8715813059338428,0.7195060653038254,0.7397668253918936,0.7405752256956686,2.815761213329915
False,15.0,5.0,5192.509650873193,rowcol,0.8141269836037259,0.0817742521244591,0.7120397995808769,0.8820282104583034,0.8273062909542352,0.9124492262368956,0.6889543236522112,0.8556075580234787,2.818147609200934
False,-45.0,-5.0,5192.509650873193,rowcol,0.8141269836037821,0.08177425212446385,0.7120397995811224,0.882028210458436,0.8273062909548493,0.9124492262370634,0.6889543236523769,0.8556075580235805,2.8181476092018034
False,75.0,-5.0,5192.509650873193,rowcol,0.814126983603782,0.08177425212446383,0.7120397995811224,0.8820282104584359,0.8273062909548496,0.9124492262370631,0.6889543236523767,0.8556075580235805,2.8181476092018034
False,25.0,-4.25,5192.509650873193,rowcol,0.14126075627115128,0.018310155703860097,0.7616338506180985,0.7334029179203452,0.8720000433366056,0.7208355954218453,0.7397443174727055,0.7438075469129921,2.818304469774641
False,-35.0,4.25,5192.509650873193,rowcol,0.14126075627109388,0.01831015570386468,0.7616338506182543,0.7334029179203226,0.8720000433364004,0.7208355954215679,0.7397443174729392,0.7438075469131776,2.818304469775086
False,85.0,4.25,5192.509650873193,rowcol,0.14126075627109388,0.018310155703864683,0.7616338506182543,0.7334029179203226,0.8720000433364002,0.7208355954215679,0.7397443174729392,0.7438075469131776,2.818304469775086
False,-75.0,5.0,5192.509650873193,rowcol,0.8141269848774435,0.08177423944359921,0.7123088874342447,0.8896336074672858,0.828813901165694,0.9151213395184408,0.6889528920658747,0.8676192636723385,2.8265602697700203
False,45.0,5.0,5192.509650873193,rowcol,0.8141269848774435,0.08177423944359923,0.7123088874342447,0.8896336074672858,0.828813901165694,0.9151213395184405,0.6889528920658747,0.8676192636723385,2.8265602697700203
False,-15.0,-5.0,5192.509650873193,rowcol,0.8141269848774995,0.08177423944360396,0.7123088874344903,0.8896336074674227,0.8288139011663085,0.9151213395186102,0.6889528920660402,0.8676192636724467,2.8265602697708934
False,-70.0,5.0,5192.509650873193,rowcol,0.7552618926766994,0.07668959328744145,0.712458109138342,0.8892183901917539,0.9903744055671849,0.8685954167111318,0.6491025462634172,0.9061988457287998,2.82659271760678
False,50.0,5.0,5192.509650873193,rowcol,0.7552618926766994,0.07668959328744146,0.712458109138342,0.8892183901917539,0.9903744055671848,0.8685954167111318,0.6491025462634171,0.9061988457287997,2.82659271760678
False,-10.0,-5.0,5192.509650873193,rowcol,0.7552618926767134,0.07668959328744915,0.7124581091385415,0.8892183901919462,0.9903744055676943,0.868595416711427,0.6491025462635343,0.9061988457289093,2.8265927176075705
True,-85.0,-4.25,5192.509650873193,rowcol,0.12775327711080528,0.019979697165530517,0.7626013343088517,0.7459145575618054,0.8620575743322119,0.7516718345372084,0.7430395423858852,0.741038122639239,2.8337185604883603
True,35.0,-4.25,5192.509650873193,rowcol,0.12775327711080528,0.019979697165530517,0.7626013343088517,0.7459145575618054,0.8620575743322114,0.7516718345372083,0.7430395423858852,0.7410381226392388,2.8337185604883603
True,25.0,-4.25,5192.509650873193,rowcol,0.12775327652300245,0.01997970092403254,0.7625749355021936,0.7474464366214595,0.862057644469474,0.7511855314497331,0.7430074949949756,0.7442873559494894,2.8351712431280403
True,-25.0,4.75,5192.509650873193,rowcol,0.35227087340407276,0.03156005851835237,0.7865862971424641,0.677468868043577,0.5911359408025634,0.4488746052689462,0.817191117934522,0.821887090606415,2.837227759470969
True,-35.0,4.75,5192.509650873193,rowcol,0.3522708732419491,0.03156006032796339,0.7865576923662664,0.6793532427361394,0.5911360551173398,0.44796382154180897,0.8171585505448554,0.8251619854719654,2.8390263198349386
True,85.0,4.75,5192.509650873193,rowcol,0.3522708732419491,0.03156006032796339,0.7865576923662664,0.6793532427361394,0.5911360551173397,0.44796382154180897,0.8171585505448554,0.8251619854719654,2.8390263198349386
True,-20.0,5.0,5192.509650873193,rowcol,0.3691426501189979,0.03746560486187342,0.7812561632744608,0.7022578297480428,0.6313705634819686,0.48670016880789446,0.8055777362070498,0.8418446537986876,2.8460263195714255
True,40.0,-4.5,5192.509650873193,rowcol,0.14587397887550752,0.025477993508821985,0.7647974583646727,0.7551585608733014,0.902148075063212,0.746087393724354,0.737008387124018,0.7627038033211204,2.8495509359673195
True,-80.0,-4.5,5192.509650873193,rowcol,0.14587397887550754,0.025477993508821985,0.7647974583646728,0.7551585608733015,0.9021480750632122,0.746087393724354,0.737008387124018,0.7627038033211205,2.8495509359673203
True,-40.0,5.0,5192.509650873193,rowcol,0.36914265006692654,0.037465605374923695,0.7812132403330212,0.7066631481647464,0.6313707390149396,0.4853237107103471,0.8055284962228154,0.8492668464530713,2.8503028691638104
True,80.0,5.0,5192.509650873193,rowcol,0.36914265006692654,0.037465605374923695,0.7812132403330212,0.7066631481647466,0.6313707390149396,0.4853237107103471,0.8055284962228154,0.8492668464530713,2.8503028691638104
True,20.0,-4.5,5192.509650873193,rowcol,0.1458739786441305,0.025477994833568558,0.7647579963560046,0.758848164469362,0.9021481856256867,0.7452799768868237,0.7369599478811856,0.7700738254247065,2.8531221535373756
True,-90.0,4.75,5192.509650873193,rowcol,0.8904716443169427,0.08731204377277269,0.7478309052022806,0.8117268170653024,0.5920636374317901,0.8067732551904322,0.7728484660656848,0.8158694285820224,2.855219532672144
True,30.0,4.75,5192.509650873193,rowcol,0.8904716443169427,0.08731204377277269,0.7478309052022806,0.8117268170653024,0.5920636374317904,0.8067732551904323,0.7728484660656848,0.8158694285820224,2.855219532672144
False,-90.0,4.5,5192.509650873193,rowcol,0.871814284849884,0.09077934179544345,0.710516634942516,0.9303722873984565,0.5973564056624351,1.0876341398895564,0.7292537178746527,0.7737570744435031,2.8619221922260047
False,30.0,4.5,5192.509650873193,rowcol,0.871814284849884,0.09077934179544345,0.7105166349425159,0.9303722873984567,0.5973564056624351,1.0876341398895564,0.7292537178746527,0.7737570744435031,2.8619221922260047
False,-30.0,-4.5,5192.509650873193,rowcol,0.8718142848499824,0.09077934179543547,0.710516634942721,0.9303722873982455,0.5973564056620736,1.087634139889015,0.7292537178749428,0.7737570744436759,2.861922192226409
False,90.0,-4.5,5192.509650873193,rowcol,0.8718142848499824,0.09077934179543547,0.710516634942721,0.9303722873982455,0.5973564056620736,1.087634139889015,0.7292537178749428,0.773757074443676,2.861922192226409
True,-35.0,-4.75,5192.509650873193,rowcol,0.8139253481656097,0.0760904466033152,0.7954850871919776,0.6800583934672263,0.9415276037974761,0.49765887946969567,0.7658697636320009,0.8019579954266322,2.8665136550431596
True,85.0,-4.75,5192.509650873193,rowcol,0.8139253481656097,0.07609044660331518,0.7954850871919779,0.6800583934672263,0.9415276037974759,0.49765887946969567,0.7658697636320009,0.8019579954266322,2.8665136550431596
True,-25.0,-4.75,5192.509650873193,rowcol,0.8139253474694378,0.07609045405013498,0.795456799961885,0.6819359232576389,0.9415276755697498,0.4968375332742312,0.7658350107715775,0.8053144224076733,2.868306323143294
False,5.0,5.0,5192.509650873193,rowcol,0.6884418397105255,0.07274284278253267,0.7268093811851261,0.904494840811491,1.0923098784240017,0.8905336608753014,0.638010038772807,0.9160713487134453,2.8849229843668693
False,-55.0,-5.0,5192.509650873193,rowcol,0.6884418397104882,0.07274284278254041,0.7268093811852326,0.9044948408116806,1.0923098784242449,0.8905336608756191,0.6380100387728748,0.9160713487135301,2.8849229843673787
False,65.0,-5.0,5192.509650873193,rowcol,0.6884418397104881,0.07274284278254041,0.7268093811852326,0.9044948408116806,1.092309878424245,0.8905336608756191,0.6380100387728748,0.9160713487135301,2.8849229843673787
True,-90.0,-4.25,5192.509650873193,rowcol,0.11889941639235262,0.017219098455450946,0.7762369210835407,0.7564259711817866,0.8621064841311389,0.7594800464250129,0.7595393991594114,0.7538479477563975,2.8851367344324084
True,30.0,-4.25,5192.509650873193,rowcol,0.11889941639235262,0.017219098455450943,0.7762369210835407,0.7564259711817866,0.8621064841311389,0.7594800464250129,0.7595393991594115,0.7538479477563974,2.8851367344324084
True,-30.0,4.75,5192.509650873193,rowcol,0.349708466902232,0.029100880166129942,0.8028894280094827,0.6799343764182831,0.5910855441685952,0.42551208190697143,0.8357326601702185,0.8359660526428778,2.8886026604467316
True,90.0,4.75,5192.509650873193,rowcol,0.349708466902232,0.029100880166129942,0.8028894280094827,0.6799343764182831,0.5910855441685952,0.4255120819069715,0.8357326601702185,0.8359660526428778,2.8886026604467316
False,-65.0,5.0,5192.509650873193,rowcol,0.6884418453315819,0.07274278958455903,0.7272746720814339,0.9170306804004605,1.0939637043270178,0.8948990698700411,0.6381203949779923,0.935237790266381,2.8988546966447624
False,55.0,5.0,5192.509650873193,rowcol,0.6884418453315818,0.07274278958455903,0.7272746720814339,0.9170306804004605,1.0939637043270178,0.8948990698700411,0.6381203949779923,0.9352377902663808,2.8988546966447624
False,-5.0,-5.0,5192.509650873193,rowcol,0.6884418453315445,0.07274278958456677,0.7272746720815404,0.9170306804006502,1.0939637043272614,0.8948990698703575,0.63812039497806,0.9352377902664679,2.8988546966452713
True,-40.0,-5.0,5192.509650873193,rowcol,0.8059735922072018,0.07459992835562038,0.7990336634642504,0.7075327634175602,0.9818552854756835,0.5155691128572607,0.7609911960977002,0.83549952815871,2.9046337538103115
True,80.0,-5.0,5192.509650873193,rowcol,0.8059735922072018,0.07459992835562038,0.7990336634642505,0.7075327634175603,0.9818552854756835,0.5155691128572607,0.7609911960977002,0.83549952815871,2.904633753810312
True,-30.0,-4.75,5192.509650873193,rowcol,0.8225503919077396,0.07710811955862498,0.8087416693754604,0.6815330966185571,0.941473497680566,0.48496545256283796,0.7821240758883402,0.8107544521462017,2.9077581047449383
True,90.0,-4.75,5192.509650873193,rowcol,0.8225503919077395,0.07710811955862498,0.8087416693754604,0.6815330966185571,0.941473497680566,0.484965452562838,0.7821240758883402,0.8107544521462017,2.9077581047449383
True,-20.0,-5.0,5192.509650873193,rowcol,0.8059735917297309,0.07459993351418881,0.7989916938007374,0.711905650683067,0.9818553983501178,0.5142699177042949,0.7609390687682095,0.8429779217512651,2.9088807320852794
False,50.0,-5.0,5192.509650873193,rowcol,0.40673769140284494,0.05632496922104716,0.7412253166936122,0.8868156897711652,1.0092176350283637,0.9015360845525666,0.6811072577756208,0.8742441385504326,2.910491639852002
False,-70.0,-5.0,5192.509650873193,rowcol,0.406737691402845,0.056324969221047176,0.7412253166936124,0.8868156897711652,1.0092176350283637,0.901536084552567,0.6811072577756208,0.8742441385504328,2.9104916398520024
False,-10.0,5.0,5192.509650873193,rowcol,0.40673769140300686,0.0563249692210508,0.7412253166938155,0.8868156897712022,1.0092176350289357,0.9015360845525535,0.6811072577757279,0.8742441385505132,2.9104916398526486
False,10.0,-5.0,5192.509650873193,rowcol,0.4067376925128937,0.0563249612050871,0.7415952880582546,0.8974030429931792,1.0107840013915543,0.9052816788719873,0.681160006884607,0.8907232471168601,2.9221889071679428
False,-50.0,5.0,5192.509650873193,rowcol,0.4067376925130556,0.05632496120509073,0.7415952880584582,0.8974030429932198,1.0107840013921263,0.9052816788719759,0.6811600068847141,0.8907232471169453,2.9221889071685947
False,70.0,5.0,5192.509650873193,rowcol,0.4067376925130556,0.05632496120509073,0.7415952880584582,0.8974030429932198,1.0107840013921263,0.9052816788719756,0.6811600068847141,0.8907232471169453,2.9221889071685947
False,-80.0,-4.75,5192.509650873193,rowcol,0.18787426493197001,0.030214057137572775,0.7881576706686307,0.7597997491227846,0.8873019490051117,0.7065388641210538,0.7687091779173206,0.8018576373264982,2.9242727611286767
False,40.0,-4.75,5192.509650873193,rowcol,0.18787426493196996,0.030214057137572768,0.7881576706686307,0.7597997491227846,0.8873019490051115,0.7065388641210538,0.7687091779173206,0.8018576373264982,2.9242727611286767
False,-20.0,4.75,5192.509650873193,rowcol,0.18787426493205395,0.030214057137582347,0.7881576706688298,0.7597997491228425,0.8873019490052853,0.7065388641209984,0.7687091779175256,0.8018576373266401,2.924272761129332
False,20.0,-4.75,5192.509650873193,rowcol,0.18787426478855582,0.03021405802933718,0.7882934336523775,0.7651766429583859,0.8882137980490366,0.7092577501378227,0.7686818108388113,0.8092180289375389,2.9300569439155186
False,-40.0,4.75,5192.509650873193,rowcol,0.18787426478863978,0.03021405802934675,0.7882934336525768,0.7651766429584479,0.8882137980492111,0.7092577501377689,0.7686818108390163,0.8092180289376866,2.930056943916178
False,80.0,4.75,5192.509650873193,rowcol,0.1878742647886398,0.030214058029346753,0.7882934336525769,0.7651766429584479,0.8882137980492111,0.7092577501377689,0.7686818108390164,0.8092180289376866,2.9300569439161785
False,-75.0,-5.0,5192.509650873193,rowcol,0.2904936270141644,0.04464123539462334,0.7701197565170059,0.8208013009258656,0.9308598504774938,0.7904808678226155,0.7370526503815455,0.8454591218871776,2.9311605704768837
False,45.0,-5.0,5192.509650873193,rowcol,0.29049362701416437,0.04464123539462334,0.770119756517006,0.8208013009258655,0.930859850477494,0.7904808678226154,0.7370526503815455,0.8454591218871776,2.9311605704768837
False,-15.0,5.0,5192.509650873193,rowcol,0.29049362701432135,0.044641235394631926,0.7701197565172329,0.820801300925966,0.9308598504780398,0.7904808678227131,0.7370526503817002,0.8454591218872806,2.9311605704776644
False,15.0,-5.0,5192.509650873193,rowcol,0.29049362722557104,0.04464123401893767,0.7703685525947799,0.8291586430079457,0.9322000026518049,0.7939971373455231,0.7370513062169642,0.8576138486863345,2.9402643007922853
False,-45.0,5.0,5192.509650873193,rowcol,0.2904936272257281,0.04464123401894625,0.770368552595007,0.8291586430080505,0.9322000026523513,0.7939971373456223,0.7370513062171189,0.8576138486864441,2.9402643007930713
False,75.0,5.0,5192.509650873193,rowcol,0.2904936272257281,0.04464123401894625,0.770368552595007,0.8291586430080505,0.9322000026523513,0.7939971373456223,0.7370513062171189,0.8576138486864443,2.9402643007930713
False,-90.0,-4.25,5192.509650873193,rowcol,0.11741469856259108,0.012159807877819204,0.7829436256092824,0.7924219482701118,0.9084162550364007,0.8360839281294461,0.7578374896514457,0.7537473070004902,2.9412528250979593
False,30.0,-4.25,5192.509650873193,rowcol,0.11741469856259108,0.012159807877819204,0.7829436256092825,0.7924219482701119,0.9084162550364008,0.8360839281294461,0.7578374896514457,0.7537473070004901,2.9412528250979593
False,-30.0,4.25,5192.509650873193,rowcol,0.11741469856246325,0.01215980787781798,0.7829436256094298,0.7924219482700795,0.9084162550360544,0.8360839281291549,0.7578374896517013,0.7537473070006993,2.9412528250983687
False,90.0,4.25,5192.509650873193,rowcol,0.11741469856246325,0.01215980787781798,0.7829436256094298,0.7924219482700795,0.9084162550360544,0.8360839281291549,0.7578374896517013,0.7537473070006993,2.9412528250983687
False,0.0,5.0,5192.509650873193,rowcol,0.6097129850920113,0.06913557454504046,0.7367484020264938,0.9324373127138285,1.1198727274369693,0.9461277379054546,0.6427599537496015,0.9207662441044676,2.94268251879331
False,60.0,-5.0,5192.509650873193,rowcol,0.6097129850919205,0.06913557454504624,0.7367484020264817,0.9324373127139763,1.1198727274369031,0.9461277379057443,0.6427599537496061,0.9207662441044927,2.9426825187934216
False,-60.0,-5.0,5192.509650873193,rowcol,0.6097129850919206,0.06913557454504624,0.736748402026482,0.9324373127139763,1.1198727274369031,0.9461277379057443,0.642759953749606,0.9207662441044927,2.942682518793422
False,-65.0,-5.0,5192.509650873193,rowcol,0.5155955086281787,0.0642614585235338,0.7370013878234507,0.9317428828047638,1.0867269919826232,0.9626675013986913,0.653385722117121,0.9049178633374501,2.942747046275116
False,55.0,-5.0,5192.509650873193,rowcol,0.5155955086281786,0.06426145852353378,0.7370013878234507,0.9317428828047637,1.0867269919826232,0.9626675013986911,0.6533857221171211,0.9049178633374501,2.942747046275116
False,-5.0,5.0,5192.509650873193,rowcol,0.5155955086283147,0.064261458523532,0.7370013878235766,0.9317428828046977,1.0867269919829852,0.9626675013985044,0.6533857221171792,0.904917863337492,2.9427470462754277
False,20.0,5.0,5192.509650873193,rowcol,0.8649879572605568,0.08802049777202844,0.7391064590214089,0.9326697457240741,0.695483397141984,1.032996209053459,0.7467834858120331,0.8390606260686344,2.949989122788301
False,-40.0,-5.0,5192.509650873193,rowcol,0.8649879572606426,0.08802049777202745,0.7391064590216566,0.9326697457240603,0.6954833971423384,1.0329962090533142,0.7467834858122627,0.8390606260687564,2.94998912278903
False,80.0,-5.0,5192.509650873193,rowcol,0.8649879572606426,0.08802049777202745,0.7391064590216566,0.9326697457240603,0.6954833971423385,1.0329962090533142,0.7467834858122628,0.8390606260687564,2.94998912278903
True,-75.0,-5.0,5192.509650873193,rowcol,0.20306809787941277,0.03278232874278018,0.7879593816942014,0.7880656956710756,0.9824231151982886,0.7103092214063486,0.7470782897060446,0.8479562724628598,2.95194384075368
True,45.0,-5.0,5192.509650873193,rowcol,0.20306809787941274,0.03278232874278017,0.7879593816942014,0.7880656956710756,0.9824231151982886,0.7103092214063487,0.7470782897060446,0.8479562724628597,2.95194384075368
False,-80.0,5.0,5192.509650873193,rowcol,0.8649879568156617,0.08802050214406507,0.7392588471872741,0.9370217256968522,0.6967075201875357,1.0344323898017034,0.7467538303442958,0.8464665030235692,2.954798267258674
False,40.0,5.0,5192.509650873193,rowcol,0.8649879568156618,0.08802050214406508,0.7392588471872741,0.9370217256968522,0.6967075201875356,1.0344323898017036,0.7467538303442959,0.8464665030235692,2.954798267258674
False,-20.0,-5.0,5192.509650873193,rowcol,0.8649879568157475,0.08802050214406408,0.739258847187522,0.9370217256968426,0.6967075201878907,1.0344323898015597,0.7467538303445254,0.846466503023697,2.9547982672594086
False,5.0,-5.0,5192.509650873193,rowcol,0.5155955116953492,0.06426143391438652,0.7374602363361205,0.9438674958258472,1.0883893012088248,0.9665994271900749,0.6534934659431856,0.924317505341546,2.9562482048342087
False,-55.0,5.0,5192.509650873193,rowcol,0.5155955116954853,0.06426143391438473,0.7374602363362465,0.9438674958257844,1.0883893012091868,0.9665994271898906,0.6534934659432438,0.9243175053415906,2.956248204834524
False,65.0,5.0,5192.509650873193,rowcol,0.5155955116954853,0.06426143391438473,0.7374602363362465,0.9438674958257844,1.088389301209187,0.9665994271898903,0.6534934659432438,0.9243175053415906,2.956248204834524
False,-60.0,5.0,5192.509650873193,rowcol,0.6097129902388873,0.06913552915425293,0.7372402204949613,0.9453331080031491,1.1215574126553522,0.9503218493183769,0.6428912271432703,0.9411171576493452,2.957053769488033
False,60.0,5.0,5192.509650873193,rowcol,0.6097129902388873,0.06913552915425293,0.7372402204949613,0.9453331080031491,1.1215574126553522,0.9503218493183769,0.6428912271432703,0.9411171576493452,2.957053769488033
False,0.0,-5.0,5192.509650873193,rowcol,0.6097129902387965,0.0691355291542587,0.7372402204949493,0.9453331080032947,1.1215574126552865,0.9503218493186648,0.6428912271432748,0.9411171576493699,2.9570537694881427
False,25.0,4.75,5192.509650873193,rowcol,0.8805335704343005,0.0910185033070046,0.7360666946423718,0.949262645232144,0.6281949796914722,1.0950965304264748,0.7540684724509321,0.8064549691118391,2.9574627291592597
False,-35.0,-4.75,5192.509650873193,rowcol,0.8805335704343985,0.0910185033069988,0.736066694642594,0.9492626452320041,0.62819497969132,1.0950965304260702,0.7540684724512116,0.8064549691119985,2.9574627291597864
False,85.0,-4.75,5192.509650873193,rowcol,0.8805335704343985,0.0910185033069988,0.736066694642594,0.9492626452320041,0.6281949796913199,1.0950965304260702,0.7540684724512116,0.8064549691119985,2.9574627291597864
True,15.0,-5.0,5192.509650873193,rowcol,0.20306809818183494,0.032782326869444406,0.7879291586700788,0.7948406265411603,0.982423222446682,0.7094160910484919,0.7470405764300404,0.8601390206391578,2.9586281025513967
False,-85.0,4.75,5192.509650873193,rowcol,0.8805335697907908,0.0910185095324624,0.7361307641533981,0.9511403045588146,0.62884412191988,1.095751087573173,0.7540437907174894,0.8097733194222283,2.9595325970190087
False,35.0,4.75,5192.509650873193,rowcol,0.8805335697907908,0.09101850953246242,0.7361307641533981,0.9511403045588146,0.6288441219198798,1.095751087573173,0.7540437907174894,0.8097733194222283,2.9595325970190087
False,-25.0,-4.75,5192.509650873193,rowcol,0.8805335697908888,0.0910185095324566,0.7361307641536203,0.9511403045586775,0.6288441219197287,1.0957510875727696,0.754043790717769,0.809773319422391,2.9595325970195385
True,25.0,5.0,5192.509650873193,rowcol,0.9036032012374721,0.0881745955140576,0.7746075480232685,0.8400826670692246,0.6321630879263682,0.8296936424233792,0.7978364915673504,0.8487212877886293,2.96390531113903
True,-85.0,5.0,5192.509650873193,rowcol,0.9036032005617676,0.0881746024385999,0.7745769693260651,0.841683237821063,0.6321632004482536,0.829175327418041,0.7978013752734956,0.8520601326458958,2.9654141457992584
True,35.0,5.0,5192.509650873193,rowcol,0.9036032005617677,0.0881746024385999,0.7745769693260651,0.841683237821063,0.6321632004482534,0.829175327418041,0.7978013752734956,0.8520601326458958,2.9654141457992584
False,-85.0,-4.5,5192.509650873193,rowcol,0.12451202213170613,0.017439667636684416,0.8027765145085505,0.7682987588059813,0.9128310796641073,0.7519119372154399,0.7810467457631048,0.7818140613982114,2.976628302331633
False,35.0,-4.5,5192.509650873193,rowcol,0.1245120221317061,0.017439667636684412,0.8027765145085506,0.7682987588059813,0.9128310796641073,0.75191193721544,0.7810467457631048,0.7818140613982115,2.9766283023316333
False,-25.0,4.5,5192.509650873193,rowcol,0.12451202213165351,0.017439667636689242,0.8027765145087167,0.7682987588059537,0.9128310796638907,0.7519119372151403,0.7810467457633528,0.7818140613984039,2.976628302332104
False,25.0,-4.5,5192.509650873193,rowcol,0.12451202159514513,0.017439671467507706,0.8028321707899546,0.7706932615799784,0.9132544168769277,0.7532581271137513,0.7810241735053494,0.7850563320512819,2.9791897739498423
False,-35.0,4.5,5192.509650873193,rowcol,0.12451202159509249,0.017439671467512536,0.8028321707901208,0.7706932615799532,0.9132544168767117,0.7532581271134526,0.7810241735055975,0.7850563320514774,2.9791897739503157
False,85.0,4.5,5192.509650873193,rowcol,0.12451202159509252,0.017439671467512543,0.8028321707901208,0.7706932615799532,0.9132544168767115,0.7532581271134525,0.7810241735055975,0.7850563320514774,2.9791897739503157
True,-25.0,5.0,5192.509650873193,rowcol,0.356810000226039,0.03125647103607488,0.8276573301445703,0.7094517615316563,0.6312360554609997,0.46467224547135016,0.8586326374170581,0.8631474093706706,2.9924237519653674
True,-35.0,5.0,5192.509650873193,rowcol,0.35681000009711,0.031256472507871086,0.8276287141148424,0.7113459902424918,0.6312361681481347,0.46374613640700896,0.8586000106384637,0.866430165331034,2.994232132587019
True,85.0,5.0,5192.509650873193,rowcol,0.35681000009711,0.031256472507871086,0.8276287141148424,0.7113459902424918,0.6312361681481344,0.46374613640700896,0.8586000106384637,0.866430165331034,2.994232132587019
True,-85.0,-4.5,5192.509650873193,rowcol,0.10789100921849229,0.01883565418496975,0.8037674720639472,0.7852969444349516,0.9022802866637425,0.7888283800521899,0.7844788208188335,0.7823147037599969,2.996599360626793
True,35.0,-4.5,5192.509650873193,rowcol,0.10789100921849229,0.01883565418496975,0.8037674720639472,0.7852969444349516,0.9022802866637422,0.7888283800521898,0.7844788208188335,0.7823147037599969,2.996599360626793
True,25.0,-4.5,5192.509650873193,rowcol,0.10789100859927207,0.018835657731875288,0.8037409520548581,0.7868376556617821,0.9022803576161598,0.7883377310294742,0.7844466808461219,0.7855738905993653,2.998060511826356
True,-80.0,-4.75,5192.509650873193,rowcol,0.13108221346104926,0.024962749556099662,0.8038567428888287,0.7929982799294024,0.9423692420550144,0.7804153836075398,0.775949208712048,0.8034278231342337,3.0045685085958884
True,40.0,-4.75,5192.509650873193,rowcol,0.13108221346104923,0.02496274955609966,0.8038567428888287,0.7929982799294024,0.9423692420550144,0.7804153836075398,0.775949208712048,0.8034278231342337,3.0045685085958884
True,20.0,-4.75,5192.509650873193,rowcol,0.13108221325550015,0.02496275063546076,0.8038171126118611,0.796707403910597,0.9423693537787815,0.7796006146343973,0.7759006444893021,0.8108146815796431,3.0081587417461804
True,-90.0,5.0,5192.509650873193,rowcol,0.9119786529742042,0.08934260115780525,0.7897722664405367,0.8519535869190026,0.6322173931028326,0.844932740570227,0.8152166561684968,0.8578135627225685,3.0212703862406123
True,30.0,5.0,5192.509650873193,rowcol,0.9119786529742042,0.08934260115780525,0.7897722664405367,0.8519535869190026,0.6322173931028328,0.844932740570227,0.8152166561684968,0.8578135627225683,3.0212703862406123
True,-35.0,-5.0,5192.509650873193,rowcol,0.8330839419465219,0.07761006550322908,0.8365621029769148,0.7120709163708958,0.9817109329245173,0.5143700362829977,0.80729742609597,0.8431835000298452,3.0217572253016405
True,85.0,-5.0,5192.509650873193,rowcol,0.8330839419465219,0.07761006550322908,0.8365621029769148,0.7120709163708957,0.981710932924517,0.5143700362829977,0.80729742609597,0.8431835000298452,3.0217572253016405
True,-25.0,-5.0,5192.509650873193,rowcol,0.8330839412136201,0.0776100733703621,0.8365337889726214,0.7139585224544732,0.981711005381881,0.513533552886647,0.8072627213571556,0.846544186691716,3.023559889372337
False,-90.0,4.75,5192.509650873193,rowcol,0.8934838120939018,0.0931097975205738,0.7527715615820123,0.9768344075520711,0.6401878455675682,1.1392267627145658,0.7715249770620459,0.815606783062016,3.0351490922981084
False,30.0,4.75,5192.509650873193,rowcol,0.8934838120939018,0.09310979752057379,0.7527715615820123,0.9768344075520711,0.6401878455675682,1.1392267627145658,0.7715249770620459,0.8156067830620162,3.0351490922981084
False,-30.0,-4.75,5192.509650873193,rowcol,0.8934838120940054,0.09310979752056535,0.7527715615822271,0.9768344075518494,0.6401878455671862,1.139226762713993,0.7715249770623516,0.8156067830622002,3.0351490922985307
False,90.0,-4.75,5192.509650873193,rowcol,0.8934838120940054,0.09310979752056535,0.7527715615822271,0.9768344075518494,0.6401878455671862,1.139226762713993,0.7715249770623516,0.8156067830622002,3.0351490922985307
True,-30.0,5.0,5192.509650873193,rowcol,0.35462812867995874,0.028637840994206597,0.8447497400791545,0.7119846375840507,0.6311828305414996,0.43991875773621736,0.8780992206325435,0.8777715303209237,3.0462338578215142
True,90.0,5.0,5192.509650873193,rowcol,0.35462812867995874,0.028637840994206597,0.8447497400791545,0.7119846375840506,0.6311828305414996,0.43991875773621736,0.8780992206325435,0.8777715303209235,3.0462338578215142
True,-90.0,-4.5,5192.509650873193,rowcol,0.09816093884934293,0.015752935850759903,0.818191956347431,0.7964213401602014,0.9023320257218447,0.7973224046941795,0.8019043007821932,0.7956627644097819,3.0509972092024946
True,30.0,-4.5,5192.509650873193,rowcol,0.09816093884934293,0.015752935850759903,0.818191956347431,0.7964213401602015,0.9023320257218448,0.7973224046941795,0.8019043007821932,0.7956627644097819,3.0509972092024946
True,-30.0,-5.0,5192.509650873193,rowcol,0.8421564985034198,0.07866142707253213,0.8506057726055691,0.7136077614802785,0.9816540303845153,0.5005579582753072,0.8244770719232033,0.852514705521205,3.065425079296986
True,90.0,-5.0,5192.509650873193,rowcol,0.8421564985034198,0.07866142707253213,0.8506057726055691,0.7136077614802784,0.9816540303845153,0.5005579582753074,0.8244770719232034,0.852514705521205,3.065425079296986
False,-80.0,-5.0,5192.509650873193,rowcol,0.1812020132716447,0.030369221426578906,0.8268964897962153,0.7952136951945221,0.9267794124320843,0.7349560046911523,0.8073595619265512,0.8425602830662471,3.0759031645831683
False,40.0,-5.0,5192.509650873193,rowcol,0.18120201327164465,0.030369221426578896,0.8268964897962153,0.7952136951945221,0.9267794124320843,0.7349560046911523,0.8073595619265515,0.8425602830662469,3.0759031645831683
False,-20.0,5.0,5192.509650873193,rowcol,0.1812020132717492,0.030369221426589134,0.8268964897964259,0.7952136951945836,0.9267794124322706,0.7349560046910946,0.8073595619267673,0.842560283066396,3.0759031645838615
False,20.0,-5.0,5192.509650873193,rowcol,0.18120201316556558,0.03036922205951377,0.8270327037177017,0.8006213287001132,0.9276983843327904,0.7377052527578771,0.8073321336361092,0.8499353372293641,3.0817194398532184
False,-40.0,5.0,5192.509650873193,rowcol,0.18120201316567008,0.030369222059523998,0.8270327037179126,0.800621328700179,0.9276983843329774,0.7377052527578212,0.8073321336363255,0.8499353372295189,3.0817194398539165
False,80.0,5.0,5192.509650873193,rowcol,0.1812020131656701,0.030369222059523998,0.8270327037179126,0.8006213287001791,0.9276983843329774,0.7377052527578212,0.8073321336363255,0.8499353372295189,3.081719439853917
False,-90.0,-4.5,5192.509650873193,rowcol,0.09692864251356197,0.010670188192993655,0.8252350078174633,0.8336591274662378,0.9513100312799779,0.876818641812699,0.800116503275744,0.7955519123741258,3.109364150918628
False,30.0,-4.5,5192.509650873193,rowcol,0.09692864251356197,0.010670188192993655,0.8252350078174633,0.8336591274662378,0.951310031279978,0.876818641812699,0.800116503275744,0.7955519123741258,3.109364150918628
False,-30.0,4.5,5192.509650873193,rowcol,0.0969286425134186,0.01067018819299034,0.8252350078176205,0.8336591274662358,0.9513100312796113,0.8768186418124578,0.8001165032760152,0.7955519123743462,3.109364150919097
False,90.0,4.5,5192.509650873193,rowcol,0.09692864251341858,0.01067018819299034,0.8252350078176205,0.8336591274662358,0.9513100312796113,0.8768186418124576,0.8001165032760152,0.7955519123743462,3.109364150919097
False,25.0,5.0,5192.509650873193,rowcol,0.9015840678119106,0.09326969896730827,0.7772517100774259,0.9947207893087655,0.669297211039474,1.145111975031451,0.7953521995914763,0.8478378073971874,3.1264759195410434
False,-35.0,-5.0,5192.509650873193,rowcol,0.9015840678120138,0.09326969896730214,0.7772517100776585,0.9947207893086194,0.6692972110393107,1.1451119750310237,0.7953521995917702,0.8478378073973568,3.126475919541595
False,85.0,-5.0,5192.509650873193,rowcol,0.9015840678120138,0.09326969896730214,0.7772517100776585,0.9947207893086194,0.6692972110393105,1.1451119750310237,0.7953521995917702,0.8478378073973568,3.126475919541595
False,-85.0,5.0,5192.509650873193,rowcol,0.9015840671346927,0.0932697055135792,0.7773155781587509,0.9966092513399405,0.6699385800862432,1.145775122399786,0.7953275673243709,0.8511606518144208,3.128555985816193
False,35.0,5.0,5192.509650873193,rowcol,0.9015840671346929,0.09326970551357922,0.7773155781587509,0.9966092513399405,0.6699385800862432,1.145775122399786,0.795327567324371,0.8511606518144208,3.128555985816193
False,-25.0,-5.0,5192.509650873193,rowcol,0.901584067134796,0.09326970551357308,0.7773155781589834,0.9966092513397968,0.6699385800860809,1.1457751223993597,0.7953275673246648,0.8511606518145935,3.1285559858167473
False,-85.0,-4.75,5192.509650873193,rowcol,0.10929539480638265,0.01676645382985828,0.8439934894716538,0.8059120270687226,0.954095939748222,0.7849271147993301,0.8223372590984868,0.8231460800147917,3.1378924954836838
False,35.0,-4.75,5192.509650873193,rowcol,0.1092953948063826,0.016766453829858276,0.8439934894716538,0.8059120270687227,0.954095939748222,0.7849271147993302,0.8223372590984868,0.8231460800147917,3.137892495483684
False,-25.0,4.75,5192.509650873193,rowcol,0.10929539480633899,0.016766453829863283,0.8439934894718303,0.8059120270686921,0.9540959397479946,0.7849271147990095,0.8223372590987491,0.8231460800149942,3.137892495484183
False,25.0,-4.75,5192.509650873193,rowcol,0.10929539428384064,0.01676645723614957,0.844049368905242,0.8083207613364412,0.9545234724236269,0.786286162520198,0.8223146292608812,0.8263969389706687,3.1404688680521673
False,-35.0,4.75,5192.509650873193,rowcol,0.10929539428379699,0.016766457236154574,0.8440493689054185,0.8083207613364132,0.9545234724234001,0.7862861625198783,0.8223146292611436,0.8263969389708741,3.1404688680526687
False,85.0,4.75,5192.509650873193,rowcol,0.109295394283797,0.01676645723615458,0.8440493689054185,0.8083207613364132,0.9545234724234001,0.7862861625198783,0.8223146292611435,0.8263969389708741,3.1404688680526687
True,-85.0,-4.75,5192.509650873193,rowcol,0.08861114249444757,0.017847403891353156,0.8449517409777273,0.8248540237726002,0.9425086778698147,0.8262425653867222,0.825928475370407,0.8236844628156798,3.1597092467057823
True,35.0,-4.75,5192.509650873193,rowcol,0.08861114249444756,0.017847403891353152,0.8449517409777273,0.8248540237726002,0.9425086778698144,0.8262425653867222,0.825928475370407,0.8236844628156799,3.1597092467057823
True,-80.0,-5.0,5192.509650873193,rowcol,0.11785146591583033,0.02459146095956497,0.842932740919344,0.8309437910751484,0.9825953935807265,0.8148568272932153,0.8149001089578977,0.8442354927108652,3.1597420138331804
True,40.0,-5.0,5192.509650873193,rowcol,0.11785146591583029,0.024591460959564968,0.842932740919344,0.8309437910751484,0.9825953935807263,0.8148568272932153,0.8149001089578978,0.8442354927108651,3.1597420138331804
True,25.0,-4.75,5192.509650873193,rowcol,0.08861114184993006,0.017847407091338252,0.8449251121546487,0.8264023970086899,0.9425087495673792,0.8257481159602011,0.8258962525191529,0.8269522397614675,3.161177733472636
True,20.0,-5.0,5192.509650873193,rowcol,0.11785146575272887,0.0245914617412078,0.8428929587623126,0.8346701888149887,0.9825955063701417,0.8140354335712446,0.8148514323078216,0.8516368489606692,3.1633490651019267
False,-90.0,5.0,5192.509650873193,rowcol,0.9151541467298229,0.09544078138349762,0.7950490021284726,1.023413907783873,0.6830333194985619,1.1909526123776504,0.8138074096265034,0.8575404178565846,3.208560914169291
False,30.0,5.0,5192.509650873193,rowcol,0.9151541467298229,0.09544078138349762,0.7950490021284726,1.0234139077838733,0.6830333194985619,1.1909526123776504,0.8138074096265034,0.8575404178565846,3.2085609141692912
False,90.0,-5.0,5192.509650873193,rowcol,0.9151541467299317,0.0954407813834887,0.7950490021286974,1.0234139077836408,0.6830333194981595,1.1909526123770457,0.8138074096268247,0.8575404178567801,3.208560914169733
False,-30.0,-5.0,5192.509650873193,rowcol,0.9151541467299318,0.0954407813834887,0.7950490021286974,1.023413907783641,0.6830333194981595,1.1909526123770457,0.8138074096268247,0.8575404178567801,3.2085609141697335
True,-90.0,-4.75,5192.509650873193,rowcol,0.07784675721537967,0.014429167275913033,0.8601646948932891,0.8365888964740911,0.94256324485406,0.8354231291237345,0.844279122519118,0.8375680384984628,3.2170829811539585
True,30.0,-4.75,5192.509650873193,rowcol,0.07784675721537967,0.014429167275913033,0.8601646948932891,0.8365888964740912,0.9425632448540601,0.8354231291237346,0.844279122519118,0.8375680384984628,3.2170829811539585
False,-90.0,-4.75,5192.509650873193,rowcol,0.07710205339615034,0.009538400128977295,0.8675434697091802,0.8722214598484573,0.9942080740568066,0.9118465941365609,0.8424055326521923,0.8374469637590426,3.274851868975998
False,30.0,-4.75,5192.509650873193,rowcol,0.07710205339615032,0.009538400128977295,0.8675434697091802,0.8722214598484574,0.9942080740568067,0.9118465941365609,0.8424055326521924,0.8374469637590426,3.274851868975998
False,-30.0,4.75,5192.509650873193,rowcol,0.0771020533959874,0.009538400128972028,0.8675434697093471,0.8722214598484853,0.9942080740564196,0.9118465941363662,0.8424055326524792,0.8374469637592747,3.274851868976527
False,90.0,4.75,5192.509650873193,rowcol,0.07710205339598739,0.009538400128972028,0.8675434697093471,0.8722214598484853,0.9942080740564196,0.9118465941363662,0.8424055326524792,0.8374469637592745,3.274851868976527
False,-85.0,-5.0,5192.509650873193,rowcol,0.09633960984016296,0.01631298430971722,0.8852267274149732,0.84382626673403,0.9953740098996015,0.8184916248799962,0.86363684604901,0.8645579172300575,3.29950644897895
False,35.0,-5.0,5192.509650873193,rowcol,0.09633960984016295,0.016312984309717213,0.8852267274149732,0.84382626673403,0.9953740098996015,0.8184916248799962,0.8636368460490101,0.8645579172300575,3.29950644897895
False,-25.0,5.0,5192.509650873193,rowcol,0.09633960984013429,0.01631298430972231,0.8852267274151601,0.843826266733997,0.9953740098993632,0.8184916248796543,0.8636368460492866,0.8645579172302699,3.299506448979477
False,25.0,-5.0,5192.509650873193,rowcol,0.09633960936265262,0.01631298712975014,0.8852828081971493,0.8462471047287349,0.9958053845839381,0.8198615754564501,0.8636141643832609,0.8678162452867302,3.302095529320183
False,-35.0,5.0,5192.509650873193,rowcol,0.09633960936262394,0.016312987129755225,0.8852828081973364,0.8462471047287047,0.9958053845837006,0.8198615754561094,0.8636141643835374,0.8678162452869456,3.302095529320714
False,85.0,5.0,5192.509650873193,rowcol,0.09633960936262397,0.016312987129755232,0.8852828081973364,0.8462471047287046,0.9958053845837005,0.8198615754561094,0.8636141643835373,0.8678162452869456,3.302095529320714
True,-85.0,-5.0,5192.509650873193,rowcol,0.0703938486269199,0.017044247140168115,0.8861516130941218,0.8645124974081112,0.9827420505591682,0.8637728627096947,0.8673870185172009,0.8651340329100905,3.3229673366904766
True,35.0,-5.0,5192.509650873193,rowcol,0.07039384862691989,0.01704424714016811,0.8861516130941217,0.8645124974081112,0.9827420505591681,0.8637728627096946,0.8673870185172009,0.8651340329100905,3.3229673366904766
True,25.0,-5.0,5192.509650873193,rowcol,0.07039384797340885,0.01704424983921095,0.8861248860486107,0.8660676478161412,0.9827421229405079,0.8632750048902792,0.8673547210471365,0.8684092790795902,3.3244423059619734
True,-90.0,-5.0,5192.509650873193,rowcol,0.058401321029061676,0.013293194069266585,0.9021526657838687,0.876856313342818,0.9827994442919336,0.8736415006309837,0.8866624420834913,0.8795508408695724,3.383314310694424
True,30.0,-5.0,5192.509650873193,rowcol,0.05840132102906167,0.013293194069266583,0.9021526657838687,0.876856313342818,0.9827994442919337,0.8736415006309834,0.8866624420834913,0.8795508408695724,3.383314310694424
False,-90.0,-5.0,5192.509650873193,rowcol,0.05860807225704413,0.008830153527777423,0.9098666286906401,0.9089303002442674,1.03710985393634,0.9428194049681401,0.8847031415156534,0.8794195348591157,3.4385301863161875
False,30.0,-5.0,5192.509650873193,rowcol,0.058608072257044126,0.008830153527777425,0.9098666286906401,0.9089303002442674,1.03710985393634,0.9428194049681399,0.8847031415156534,0.8794195348591157,3.4385301863161875
False,-30.0,5.0,5192.509650873193,rowcol,0.058608072256856304,0.00883015352777095,0.9098666286908172,0.9089303002443073,1.0371098539359327,0.9428194049679544,0.8847031415159559,0.8794195348593591,3.4385301863167594
False,90.0,5.0,5192.509650873193,rowcol,0.058608072256856304,0.00883015352777095,0.9098666286908172,0.9089303002443073,1.0371098539359327,0.9428194049679544,0.8847031415159559,0.8794195348593591,3.4385301863167594
